tree
version=v4
num_class=1
num_tree_per_iteration=1
label_index=0
max_feature_idx=105
objective=binary sigmoid:1
feature_names=f0 f1 f2 f3 f4 f5 f6 f7 f8 f9 f10 f11 f12 f13 f14 f15 f16 f17 f18 f19 f20 f21 f22 f23 f24 f25 f26 f27 f28 f29 f30 f31 f32 f33 f34 f35 f36 f37 f38 f39 f40 f41 f42 f43 f44 f45 f46 f47 f48 f49 f50 f51 f52 f53 f54 f55 f56 f57 f58 f59 f60 f61 f62 f63 f64 f65 f66 f67 f68 f69 f70 f71 f72 f73 f74 f75 f76 f77 f78 f79 f80 f81 f82 f83 f84 f85 f86 f87 f88 f89 f90 f91 f92 f93 f94 f95 f96 f97 f98 f99 f100 f101 f102 f103 f104 f105
feature_infos=[-0.019770435988903046:0.017498468980193138] [-0.022791709750890732:0.027959560975432396] [-0.026179630309343338:0.034524004906415939] [-0.033870883285999298:0.026986267417669296] [-0.040809061378240585:0.040974706411361694] [-0.04481787234544754:0.048986237496137619] [-0.066508814692497253:0.035749126225709915] [-0.064746856689453125:0.040044825524091721] [-0.039115514606237411:0.057504191994667053] [0.00031386298360303044:3.2084376811981201] [-0.56213229894638062:1.5621322393417358] [0.00023310798860620707:0.42030718922615051] [0.0023052021861076355:0.31019604206085205] [0.0016603663098067045:0.25311490893363953] [8.8268032073974609:100] [0:100] [0:99.572288513183594] [0:100] [0:1] [0:1] [-14:16] [0:23] [0:4] [0:3] [0:100] [0.006479332223534584:16.475753784179688] [-3.9438199996948242:4.6093354225158691] [-2.3808462619781494:2.7379097938537598] [0:1] [0.004999999888241291:1] [0.004999999888241291:1] [0.0026386838871985674:141779.109375] [0:8.2258386611938477] [0:0.60000002384185791] [0:1] [-72.440689086914062:263.45785522460938] [-104.17722320556641:71.230201721191406] [-58.84515380859375:277.67706298828125] [-72.425445556640625:263.1895751953125] [-46.525177001953125:151.55303955078125] [-0.90096884965896606:1] [0.9377555251121521:1.0277969837188721] [0.92496746778488159:1.0355143547058105] [0.9357181191444397:1.0284605026245117] [0.94600635766983032:1.0309566259384155] [0.93353533744812012:1.0266619920730591] [0.0025717266835272312:1.0752960443496704] [-0.91157501935958862:0.87325990200042725] [-1:1] [-1:1] [-1015:420] [-715:720] [-175:1260] [-0.43388372659683228:0.97492790222167969] [0:767060] [-767060:34560] [0:1] [-1:1] [0:1] [0:1] [-0.61547040939331055:0.62867230176925659] [-0.34911000728607178:0.43690782785415649] [5.8751688003540039:72.376716613769531] [-0.89689469337463379:1] [-400:400] [0:3] [0:1] [0:1] [0:1] [0:1] [-1:1] [0:1] [-1:1] [0.30000001192092896:228.20147705078125] [0.64999997615814209:1403.904541015625] [0.30000001192092896:228.20147705078125] [0.64999997615814209:1403.904541015625] [0.80000001192092896:4.5] [0.80000001192092896:4.5] [1.3016277551651001:11.666666984558105] [1.3016277551651001:11.666666984558105] [0:1] [0:0.015884792432188988] [0:1] [-0.052631579339504242:0] [0.78627145290374756:1] [1:10] [0:2] [0:1] [0:1] [0:5449.025390625] [-13.285503387451172:23.544645309448242] [-30.851865768432617:23.980142593383789] [0:0.69421148300170898] [0:5449.02490234375] [0:999] [0:1] [-6.1270933151245117:6.1196308135986328] [-13.403838157653809:13.403364181518555] [0:406800.53125] [0:406800.53125] [0:1] [0:0.94999998807907104] [0:0.10000000149011612] [0:8.5433473587036133] [-4.8685559056460548e-11:1]
tree_sizes=3552 3563 3572 3575 3583 3583 3574 3584 3600 3606 3596 3584 3582 3562 3601 3556 3595 3577 3590 3607 3615 3581 3579 3582 3593 3608 3587 3606 3601 3597 3610 3617 3613 3599 3580 3608 3623 3628 3593 3614 3588 3602 3618 3623 3575 3611 3623 3592 3614 3608 3609 3598 3600 3646 3602 3610 3624 3642 3617 3602 3618 3598 3599 3621 3567 3591 3600 3625 3619 3608 3645 3564 3612 3603 3572 3634 3642 3618 3623 3607 3621 3630 3588 3596 3632 3564 3657 3606 3562 3615 3614 3634 3576 3582 3554 3592 3626 3646 3555 3617 3629 3578 3623 3609 3581 3603 3600 3630 3609 3600 3609 3596 3615 3583 3641 3578 3586 3551 3629 3584 3590 3648 3591 3642 3601 3601 3599 3644 3592 3587 3614 3573 3592 3600 3590 3614 3515 3614 3594 3556 3633 3544 3619 3599 3546 3624 3640 3541 3601 3610 3563 3583 3652 3566 3625 3574 3598 3557 3561 3599 3602 3565 3578 3572 3629 3587 3564 3574 3546 3592 3585 3631 3539 3559 3623 3582 3533 3606 3592 3624 3644 3594 3582 3595 3553 3625 3540 3577 3592 3554 3561 3561 3582 3610 3605 3585 3598 3616 3584 3584

Tree=0
num_leaves=31
num_cat=0
split_feature=79 79 78 86 87 78 79 79 78 86 79 87 54 79 78 49 55 55 55 84 79 22 79 94 86 49 78 54 49 54
split_gain=474828 121452 70823.9 141648 43520.4 27756.5 23282 21394 13615.5 16887.9 6749.34 6312.12 5665.53 5310.45 5170.18 4891.92 4410.63 4489.83 4355.77 4153.45 3826.77 3468.07 3202.85 3164.55 3015.76 2896.08 2373.57 2308.55 2216.51 2152.86
threshold=5.1673452854156503 2.5133059024810795 1.5000000000000002 6.0000000000000009 1.0000000180025095e-35 3.0000000000000004 7.0364646911621103 2.9062187671661381 1.5000000000000002 6.0000000000000009 3.0752218961715703 1.0000000180025095e-35 413952.50000000006 1.5493947863578799 3.7121527194976811 0.098011311143636717 -443837.49999999994 -475762.49999999994 -394667.49999999994 -1.0000000180025095e-35 3.4019228219985966 1.5000000000000002 3.0183726549148564 2691.0258789062505 6.0000000000000009 -0.14132478833198545 1.0304679572582247 413952.50000000006 1.0000000180025095e-35 654727.50000000012
decision_type=2 2 2 2 2 2 2 2 2 2 2 2 2 2 2 2 2 2 2 2 2 2 2 2 2 2 2 2 2 2
left_child=1 8 3 10 7 22 19 -4 9 29 -3 -11 15 -10 -7 18 17 -14 -5 -2 -9 -20 -6 -13 -8 -12 -26 28 -16 -1
right_child=6 2 4 12 5 14 24 20 13 11 25 23 16 -15 27 -17 -18 -19 21 -21 -22 -23 -24 -25 26 -27 -28 -29 -30 -31
leaf_value=-0.9692773146210133 -0.93452398549878313 -0.99600833347726159 -0.99744209973701314 -1.0304204084498758 -0.99463637310341302 -0.98370222634235382 -0.94832185464223162 -1.0196688083390428 -0.96300822421503229 -0.9648279688506205 -1.009131158863029 -0.92318209559451836 -0.93094209119986471 -0.9740737088031507 -0.96178422708171163 -0.96119023606735376 -0.89146093055269571 -0.98141107421829943 -0.95910804836380747 -0.92031105833604099 -1.0343543911979367 -0.93187871103354059 -1.010446144410198 -0.9427416216728397 -0.92493979960091954 -1.0273417805977356 -0.93935488295115332 -0.95393552375721635 -0.98260547392715647 -0.99675733694013791
leaf_weight=71020.4679505229 60961.368862330914 50691.590331554413 94635.520172357559 1317.1889587640762 49048.343452095985 75426.89949452877 86959.213125228882 90358.341261148453 218413.14618265629 27829.060548126698 40610.180165112019 26635.062979459763 50503.406471252441 215426.60539960861 26715.549989283085 50771.490267276764 6390.9465036988258 4831.2083607912064 15512.055207312107 330086.54880446196 87137.097005486488 47679.589717268944 92369.981716096401 92901.533943474293 32574.683699429035 47213.378637731075 234147.54328751564 28215.833008646965 24533.512782275677 7926.6019896864891
leaf_count=253273 190239 198148 371660 5730 190862 282936 286752 380610 761352 97656 165573 79245 155284 781502 92706 175797 16414 17980 53296 969944 383447 147174 378162 299701 97651 203518 745197 95073 91683 31060
internal_value=-0.963727 -0.979543 -0.991661 -0.972664 -1.00221 -0.988947 -0.930935 -1.01664 -0.963316 -0.953374 -1.01054 -0.943376 -0.943029 -0.968503 -0.974325 -0.949577 -0.930801 -0.935348 -0.940437 -0.922526 -1.02688 -0.938562 -1.00496 -0.938383 -0.940231 -1.01892 -0.937594 -0.965424 -0.97175 -0.972036
internal_weight=2.28884e+06 1.54411e+06 883962 315521 568441 296310 744729 272131 660152 226313 138515 147366 177006 433840 154892 115280 61725.6 55334.6 64508.8 391048 177495 63191.6 141418 119537 353681 87823.6 266722 79464.9 51249.1 78947.1
internal_count=7999625 5709842 3406053 1138914 2267139 1131422 2289783 1135717 2303789 760935 567239 476602 571675 1542854 562398 381997 189678 173264 206200 1160183 764057 200470 569024 378946 1129600 369091 842848 279462 184389 284333
is_linear=0
shrinkage=1


Tree=1
num_leaves=31
num_cat=0
split_feature=79 79 77 86 87 77 79 79 77 86 79 87 94 79 77 79 84 79 77 54 55 55 50 84 55 22 54 25 99 79
split_gain=390322 102657 60704.3 119248 38055.2 23820.7 19008 18458.1 11241.8 13844.3 5952.25 5123.03 4658.67 4426.55 4344.91 3466.55 3269.31 2806.76 2645.2 2611.29 2675.35 2715.2 2468.64 2426.33 2210.87 2481.09 2986.25 2178.14 2009.6 1916.4
threshold=5.1673452854156503 2.5133059024810795 1.5000000000000002 6.0000000000000009 1.0000000180025095e-35 3.0000000000000004 2.9062187671661381 7.0364646911621103 1.5000000000000002 6.0000000000000009 3.0752218961715703 1.0000000180025095e-35 2691.0258789062505 1.5493947863578799 3.7121527194976811 3.4019228219985966 -1.0000000180025095e-35 3.0230740308761601 0.81333059072494518 413952.50000000006 -443837.49999999994 -475762.49999999994 82.500000000000014 -1.0000000180025095e-35 -525482.49999999988 1.5000000000000002 515377.50000000006 2.8900784254074101 117286.57421875001 1.4139525890350344
decision_type=2 2 2 2 2 2 2 2 2 2 2 2 2 2 2 2 2 2 2 2 2 2 2 2 2 2 2 2 2 2
left_child=1 8 3 10 6 17 -4 16 9 29 -3 -11 24 -10 -7 -8 -2 -6 -14 -13 21 -21 -12 -9 27 -26 -27 28 -5 -1
right_child=7 2 4 12 5 14 15 23 13 11 22 19 18 -15 -16 -17 -18 -19 -20 20 -22 -23 -24 -25 25 26 -28 -29 -30 -31
leaf_value=0.061798811327212988 0.081914631430115098 0.026646419504753972 0.025319904523803068 0.086165932161115844 0.027837445850818234 0.037958866185643855 0.0045234960573721219 0.069736579113920713 0.056693744253317857 0.055060610355421438 0.0097655696050123458 0.07321194667556187 0.063155953884177649 0.046720116945265108 0.054524233918887423 -0.0094628555090111588 0.094264111264910522 0.013158979332638522 0.076789312004157839 0.088309306574444801 0.12527261231442674 0.041591598339592029 -0.010221775385432362 0.079214684312434322 0.100438375677952 0.074467237492600175 -0.061416289100361468 -0.033516589651269961 0.11149792536608416 0.044085178303894502
leaf_weight=20446.273642167449 63501.17646253109 51367.890888512135 95834.757089853287 26882.651337563992 50292.968488901854 76865.326717853546 90561.574670672417 89290.993008524179 224668.09555307031 28602.715007707477 68068.553844124079 80777.035363912582 69208.135396376252 220496.1786441505 81651.016022771597 86728.963214352727 345961.87543481588 92419.351893126965 73346.967747852206 35692.662590667605 4426.1447237730026 3410.3570972979069 19982.839251592755 278206.10736499727 1219.8622384667397 801.24377542734146 814.1635873913765 339.70801198482513 11074.980239987373 60432.465819239616
leaf_count=68333 190239 198148 371660 78839 193079 282936 380610 284428 761352 97656 280923 252611 226001 781502 279462 383447 969944 375945 226684 103402 10886 12047 88168 845172 3353 2469 3929 1518 28882 216000
internal_value=0.0560427 0.0417471 0.0306491 0.0479867 0.0208956 0.0331508 0.00737936 0.0850476 0.0564167 0.0652953 0.0131205 0.0741446 0.0744499 0.0517538 0.0464919 -0.00231849 0.0923491 0.018332 0.0701711 0.0785353 0.0884117 0.0842361 0.00522942 0.076912 0.0892771 0.0466451 0.00598336 0.0924318 0.09356 0.048564
internal_weight=2.35337e+06 1.57641e+06 897461 323107 574354 301229 273125 776960 678952 233788 139419 152909 183688 445164 158516 177291 409463 142712 142555 124306 43529.2 39103 88051.4 367497 41132.6 2835.27 1615.41 38297.3 37957.6 80878.7
internal_count=7999625 5709842 3406053 1138914 2267139 1131422 1135717 2289783 2303789 760935 567239 476602 571675 1542854 562398 764057 1160183 569024 452685 378946 126335 115449 369091 1129600 118990 9751 6398 109239 107721 284333
is_linear=0
shrinkage=0.05


Tree=2
num_leaves=31
num_cat=0
split_feature=79 79 77 86 87 77 79 79 77 86 79 87 94 79 77 79 37 84 77 50 25 79 94 86 90 77 22 94 84 49
split_gain=326039 87475.6 52411.2 101433 33381.1 20564.1 16909.7 15060 9428.42 11543.3 5332.91 4240.97 3993.91 3734.21 3688.4 3139.84 2730.1 2655.51 2634.69 2595.05 2497.79 2463.7 2161.79 1997.46 1843.07 1838.11 1746.9 1797.63 1622.33 1573.72
threshold=5.1673452854156503 2.5133059024810795 1.5000000000000002 6.0000000000000009 1.0000000180025095e-35 3.0000000000000004 2.9062187671661381 7.0364646911621103 1.5000000000000002 6.0000000000000009 2.8426986932754521 1.0000000180025095e-35 4451.1149902343759 1.5493947863578799 3.7121527194976811 3.4019228219985966 3.9785697460174565 -1.0000000180025095e-35 0.81333059072494518 82.500000000000014 0.63570550084114086 3.0230740308761601 2691.0258789062505 6.0000000000000009 2923.1750488281255 1.0304679572582247 1.5000000000000002 2628.539916992188 -1.0000000180025095e-35 0.11969653144478799
decision_type=2 2 2 2 2 2 2 2 2 2 2 2 2 2 2 2 2 2 2 2 2 2 2 2 2 2 2 2 2 2
left_child=1 8 3 10 6 21 -4 17 9 26 -3 -11 18 -10 -7 -8 -14 -2 -5 -12 -18 -6 -13 -9 -16 -25 -1 -28 -23 -24
right_child=7 2 4 12 5 14 15 23 13 11 19 22 16 -15 24 -17 20 -19 -20 -21 -22 28 29 25 -26 -27 27 -29 -30 -31
leaf_value=0.055932264370659859 0.075122492333959748 0.027329515754458373 0.023770455542338805 0.065036335448969362 0.026104300773392215 0.035436681274097229 0.0042879815331984877 0.06428670148596799 0.052509268314741543 0.05103102023852716 0.010436173231628763 0.084156663159387912 0.027090053304533991 0.043451976655919738 0.061115642388257889 -0.009031482179191563 0.015826367253712222 0.086059525426972427 0.077973503138044076 -0.0089236495853509644 0.066650649685442515 0.0057129279334449598 0.074171727852114774 0.083437777643164249 0.045328694597514367 0.071233451483285318 0.01447833240102174 0.043304382641940836 0.018923704116120623 0.061493510013598887
leaf_weight=25771.740329802036 65719.604725420475 41877.151824057102 96947.928267359734 76110.419277384877 50933.414557114244 78184.00500652194 90753.880058825016 92762.201439827681 230290.96994563937 29299.422103613615 75967.127759665251 28917.68964484334 8028.0912242233753 225102.09815770388 27626.86387693882 86338.089270859957 2731.9861820787191 359619.88238660991 81638.114891603589 22416.107704684138 21061.644348010421 45756.969295144081 55950.908427551389 35214.270103245974 55994.835092395544 251657.07499945164 6054.8251669704914 50803.379294008017 47227.951735258102 43615.920540943742
leaf_count=85127 190239 158340 371660 233452 193079 282936 380610 286752 761352 97656 310202 79245 28680 781502 87844 383447 10201 969944 234990 98697 64352 188935 164457 97651 191618 745197 23514 175692 187010 135244
internal_value=0.0519387 0.0389172 0.0287091 0.0446216 0.0196563 0.0310152 0.00698401 0.0779082 0.0522617 0.0602726 0.012386 0.0682014 0.068472 0.0480323 0.0432451 -0.00220568 0.0523089 0.0843698 0.0717321 0.00602504 0.0608161 0.0172651 0.0721164 0.0706685 0.0505451 0.0727319 0.0451316 0.0402351 0.012423 0.0686187
internal_weight=2.41037e+06 1.6054e+06 909595 329831 579764 305724 274040 804973 695807 240414 140260 157784 189570 455393 161806 177092 31821.7 425339 157749 98383.2 23793.6 143918 128485 379634 83621.7 286871 82629.9 56858.2 92984.9 99566.8
internal_count=7999625 5709842 3406053 1138914 2267139 1131422 1135717 2289783 2303789 760935 567239 476602 571675 1542854 562398 764057 103233 1160183 468442 408899 74553 569024 378946 1129600 279462 842848 284333 199206 375945 299701
is_linear=0
shrinkage=0.05


Tree=3
num_leaves=31
num_cat=0
split_feature=80 80 78 86 87 78 80 80 78 86 80 54 49 87 55 55 55 80 78 80 22 84 80 49 53 55 54 54 55 55
split_gain=275996 75060.8 45533.6 87029.9 29362 17844.7 15064.3 12576.8 8013.08 9762.31 4764.74 3648.77 3700.73 3569.1 3489.96 3475.47 3284.65 3182.49 3158.48 2818.14 2666.34 2212.43 2197.61 2185.16 1948.51 1912.47 1894.13 1866.83 2184.19 2093.9
threshold=5.1673452854156503 2.5133059024810795 1.5000000000000002 6.0000000000000009 1.0000000180025095e-35 3.0000000000000004 3.0089657306671147 7.0364646911621103 1.5000000000000002 6.0000000000000009 3.1154890060424809 413952.50000000006 0.098011311143636717 1.0000000180025095e-35 -443837.49999999994 -394667.49999999994 -475762.49999999994 1.5493947863578799 3.7121527194976811 3.4019228219985966 1.5000000000000002 -1.0000000180025095e-35 3.0616385936737065 -0.14132478833198545 0.87837970256805431 -627042.49999999988 483617.50000000006 413952.50000000006 -443837.49999999994 -475762.49999999994
decision_type=2 2 2 2 2 2 2 2 2 2 2 2 2 2 2 2 2 2 2 2 2 2 2 2 2 2 2 2 2 2
left_child=1 8 3 10 6 22 -4 21 9 -1 -3 12 15 -11 16 -5 26 -10 -7 -8 -17 -2 -6 25 -18 -12 -13 -15 29 -29
right_child=7 2 4 11 5 18 19 -9 17 13 23 14 -14 27 -16 20 24 -19 -20 -21 -22 -23 -24 -25 -26 -27 -28 28 -30 -31
leaf_value=0.042044676669976445 0.069270819312497151 0.022543443396872295 0.022271762353544913 -0.012220875382022673 0.023227648616763047 0.033138327028753904 0.0040267987759954179 0.065254527199193724 0.048783649981577443 0.047435860964799313 -0.015142596624084369 0.12502640564397491 0.048531418214516162 0.062179106496913363 0.10559137503031779 0.050096003965227592 0.012361468857870865 0.040505576052188991 0.046993628172557651 -0.0086182440307058187 0.072917009372656397 0.079107836443051943 0.010825564660671116 -0.0036325603816933453 0.081237925054140347 0.017263843297053136 0.070636246421203017 0.07438325611505206 0.10665214440982709 0.034327802467488754
leaf_weight=84217.0017298311 67654.86921197176 58946.454968675971 98525.647444725037 1399.1794438511133 63677.405020937324 79393.872643917799 90392.207308292389 390282.43747797608 235347.71201333404 29927.130083858967 5292.0328965783119 1650.2950849831104 55312.742382869124 85615.221412673593 7165.096382021904 16932.762797966599 3833.4688432812691 229289.68998217583 85395.460893332958 85963.909965544939 52589.626768708229 371338.59109309316 81365.302878648043 44253.479999914765 1401.8775544762611 32551.872262746096 54463.271889448166 38175.363763719797 4781.3518343269825 3570.8493832796812
leaf_count=284333 190239 224099 373891 5730 240916 282936 378379 1129600 761352 97656 23153 3498 175797 252611 16414 53296 14073 781502 279462 383447 147174 969944 328108 191096 3907 128891 151786 103402 10886 12047
internal_value=0.0482987 0.03636 0.0269347 0.0416091 0.0185074 0.029061 0.00661188 0.0717857 0.0485638 0.0558553 0.0116981 0.0632715 0.0582279 0.0630315 0.0725632 0.0657894 0.0687041 0.0446987 0.0403186 -0.00213695 0.0673596 0.077592 0.0162705 0.0039108 0.0308176 0.0127318 0.0722381 0.0665631 0.0746284 0.0709581
internal_weight=2.46071e+06 1.63143e+06 920506 335792 584714 309832 274882 829276 710924 246287 141044 194748 126234 162070 68514 70921.6 61348.9 464637 164789 176356 69522.4 438993 145043 82097.4 5235.35 37843.9 56113.6 132143 46527.6 41746.2
internal_count=7999625 5709842 3406053 1138914 2267139 1131422 1135717 2289783 2303789 760935 567239 571675 381997 476602 189678 206200 173264 1542854 562398 761826 200470 1160183 569024 343140 17980 152044 155284 378946 126335 115449
is_linear=0
shrinkage=0.05


Tree=4
num_leaves=31
num_cat=0
split_feature=79 79 77 86 87 77 79 79 77 86 79 54 77 54 55 49 55 79 79 55 77 49 55 84 84 42 84 54 55 35
split_gain=236237 64794.7 39778.7 75242.1 25890 15553.8 13433.8 10709 6887.68 8357.46 4284.96 3342.04 3085.35 3044.25 3484.26 3108.52 2805.84 2736.11 2573.43 2462.91 2261.05 2232.13 2085.9 1989.99 1881.86 1714.8 1658.45 1631.17 1567.39 3106.98
threshold=5.1673452854156503 2.5133059024810795 1.5000000000000002 6.0000000000000009 1.0000000180025095e-35 3.0000000000000004 2.9062187671661381 7.0364646911621103 1.5000000000000002 6.0000000000000009 2.8426986932754521 11712.500000000002 0.81333059072494518 413952.50000000006 -443837.49999999994 1.0000000180025095e-35 -394667.49999999994 1.5493947863578799 3.4019228219985966 -475762.49999999994 0.81333059072494518 -0.16288578510284421 -627042.49999999988 -1.0000000180025095e-35 -1.0000000180025095e-35 1.0035936236381533 -1.0000000180025095e-35 720242.50000000012 20457.500000000004 -7.2128603458404532
decision_type=2 2 2 2 2 2 2 2 2 2 2 2 2 2 2 2 2 2 2 2 2 2 2 2 2 2 2 2 2 2
left_child=1 8 3 10 6 23 -4 24 9 27 -3 28 -11 15 19 16 -7 -10 -8 -15 -13 22 -12 -6 -2 -16 -9 -1 -5 -30
right_child=7 2 4 11 5 13 18 26 17 12 21 20 -14 14 25 -17 -18 -19 -20 -21 -22 -23 -24 -25 -26 -27 -28 -29 29 -31
leaf_value=0.040606256773657812 0.064165368416498766 0.02426974118581661 0.021012770070645524 0.049987329417815002 0.0093784622784309803 -0.033687612210409938 0.0038507810396164683 0.054799684874995196 0.04544240755088718 0.052672966109265876 -0.014027256681032685 0.05559303904309524 0.066491908174714717 0.046144310552449441 0.096382919056994462 0.023846145893062304 0.042464645408797276 0.03783476837529224 -0.008222478294964565 0.0088934228460086067 0.067327957683704795 -0.0015004962855340231 0.017794054492573649 0.021052658839564503 0.07312551334955085 0.029501787830394657 0.062324216107708823 0.0041021085292374309 -0.052348430345724756 0.038041770401386288
leaf_weight=82481.429904475808 69340.202099204063 42806.196146339178 98940.427665948868 27632.095433503389 71459.445054739714 1235.872642531991 91111.127954006195 96705.690517038107 239896.83045396209 96073.23120225966 5934.2919340133667 79196.767052978277 69753.884521588683 48251.440851658583 4781.752831697464 51867.066583782434 55278.328914940357 233099.45968922973 85605.860933199525 4887.5973059535027 85351.027100145817 54114.468073323369 38918.493620783091 74633.980369597673 381357.15621247888 1200.279323771596 302922.82989799976 3178.710567176342 1130.1319091916084 5959.7916247993708
leaf_count=272038 190239 158340 371660 83377 284643 5285 380610 284428 761352 285505 25983 231462 191097 155539 12362 184640 182302 781502 383447 18131 232972 231109 151807 284381 969944 4139 845172 12295 4955 18909
internal_value=0.0450436 0.0340369 0.0253057 0.0388961 0.0174399 0.0272661 0.00626132 0.066463 0.0452485 0.0519349 0.0110527 0.0587055 0.0584862 0.0376655 0.0467927 0.0326862 0.0407987 0.0416934 -0.00199777 0.0427184 0.0616804 0.00533575 0.0135836 0.0153425 0.0717471 0.0829714 0.0605035 0.0392518 0.0446059 0.0236275
internal_weight=2.50511e+06 1.65478e+06 930296 341043 589253 313596 275657 850326 724484 251487 141773 199270 165827 167502 59121.1 108381 56514.2 472996 176717 53139 164548 98967.3 44852.8 146093 450697 5982.03 399629 85660.1 34722 7089.92
internal_count=7999625 5709842 3406053 1138914 2267139 1131422 1135717 2289783 2303789 760935 567239 571675 476602 562398 190171 372227 187587 1542854 764057 173670 464434 408899 177790 569024 1160183 16501 1129600 284333 107241 23864
is_linear=0
shrinkage=0.05


Tree=5
num_leaves=31
num_cat=0
split_feature=79 79 77 86 87 77 79 79 77 86 79 94 87 84 81 77 54 55 79 55 79 55 55 53 54 25 55 22 84 51
split_gain=205624 57064.5 35216 65036.1 22796.1 14106.1 11819.6 9171.26 6024.09 7357.15 3672.38 3185.94 2913.36 2594.44 2631.39 3149.4 2519.78 2887.92 2393.11 2093.57 1985.37 1946.33 1965.23 2534.06 1799.53 1693.43 1670.97 1794.56 1643.93 1633.55
threshold=5.1673452854156503 2.5133059024810795 1.5000000000000002 6.0000000000000009 1.0000000180025095e-35 3.0000000000000004 3.0089657306671147 7.0364646911621103 1.5000000000000002 6.0000000000000009 3.108476042747498 2691.0258789062505 1.0000000180025095e-35 -1.0000000180025095e-35 1.0000000180025095e-35 3.7121527194976811 413952.50000000006 -443837.49999999994 3.2948360443115239 -475762.49999999994 3.0183726549148564 19872.500000000004 30795.000000000004 0.87837970256805431 720242.50000000012 2.8900784254074101 -525482.49999999988 1.5000000000000002 -1.0000000180025095e-35 237.50000000000003
decision_type=2 2 2 2 2 2 2 2 2 2 2 2 2 2 2 2 2 2 2 2 2 2 2 2 2 2 2 2 2 2
left_child=1 8 3 10 6 20 -4 28 9 -1 -3 25 -11 -10 15 -15 -7 19 -8 -18 -6 -13 23 -23 -16 26 -5 -28 -2 -12
right_child=7 2 4 11 5 16 18 -9 13 12 29 21 -14 14 24 -17 17 -19 -20 -21 -22 22 -24 -25 -26 -27 27 -29 -30 -31
leaf_value=0.036585888914341995 0.05961441582259909 0.019987133766802931 0.019451731815310964 0.069493255932263812 0.021917489292722196 0.030692501596384744 0.0036699551711943538 0.056323752378727977 0.028919961452954925 0.040664703768872018 0.0085318610611905734 0.052418729698506354 0.057602314794512791 0.040109138237548483 0.035209012750624998 0.052573554270999259 0.042855635862254431 0.076048209666245134 -0.0079893385008733154 0.0086261545461535569 0.009746970273056094 -0.0035236517372924572 0.076698616942093942 0.061792645543835338 0.0029870610971497961 -0.041894602770789713 0.074767649335615513 -0.0017733114055855006 0.067894432882396091 -0.0063761745796425727
leaf_weight=86830.111033126712 70941.634362235665 58777.80356195569 100206.61181646585 42452.478597030044 51782.590355217457 109662.30811323225 89578.332873106003 407755.05640222132 57117.544243067503 31120.577890858054 56477.5057554245 148834.96089433134 138168.74136899412 239200.66646809876 115284.76377101243 64324.19637183845 49196.927459299564 6097.2757562696934 86515.036136716604 4914.2690909057856 94970.155727818608 4865.8734331130981 1674.2864917069674 2136.0280399620533 4502.8421761095524 359.82913094758987 1354.6050162017345 1759.6670206338167 389848.05393785238 27235.351454019547
leaf_count=284026 190651 219350 373570 107938 191001 371757 373543 1129311 190720 97740 229092 425303 379168 764401 375696 195362 155925 16321 389015 18151 377556 17956 4358 5907 16530 1513 3336 6358 969932 119036
internal_value=0.042043 0.0318079 0.0236346 0.0363125 0.0162379 0.0253963 0.00574286 0.0617862 0.0422261 0.0484196 0.0104078 0.0544564 0.0544889 0.0389242 0.040274 0.0427508 0.0352055 0.0434248 -0.00205826 0.0397473 0.0140416 0.0510766 0.0280501 0.0164073 0.0339979 0.0660462 0.0668996 0.0315312 0.0666198 0.00368157
internal_weight=2.54395e+06 1.6754e+06 938852 345928 592924 316624 276300 868545 736549 256119 142491 203438 169289 480430 423312 303525 169871 60208.5 176093 54111.2 146753 157511 8676.19 7001.9 119788 45926.6 45566.8 3114.27 460790 83712.9
internal_count=8000523 5710629 3406986 1140147 2266839 1130711 1136128 2289894 2303643 760934 567478 572669 476908 1542709 1351989 959763 562154 190397 762558 174076 568557 453524 28221 23863 392226 119145 117632 9694 1160583 348128
is_linear=0
shrinkage=0.05


Tree=6
num_leaves=31
num_cat=0
split_feature=80 80 77 86 87 77 80 80 77 86 80 54 87 77 80 94 99 54 77 77 37 54 80 54 90 84 41 54 84 90
split_gain=179098 49740.1 31033.7 56883.9 20187.4 12387.2 10560 8051.37 5267.21 6412.2 3351.76 2824.41 2532.63 2464.45 2417.66 2382.2 2412.32 2482.28 2015.74 1967.04 1822.44 2659.41 1757.41 1630.94 1746.39 1617.22 1551.17 1522.68 1515.43 1476.8
threshold=5.1673452854156503 2.5133059024810795 1.5000000000000002 6.0000000000000009 1.0000000180025095e-35 3.0000000000000004 3.0089657306671147 6.4956810474395761 1.5000000000000002 6.0000000000000009 3.2604656219482426 11712.500000000002 1.0000000180025095e-35 3.7121527194976811 1.4276564717292788 2923.5878906250005 148286.19531250003 413952.50000000006 0.81333059072494518 1.0304679572582247 4.3521208763122567 5037.5000000000009 3.0183726549148564 4107.5000000000009 4034.9128417968755 -1.0000000180025095e-35 0.99818056821823131 216592.50000000003 -1.0000000180025095e-35 2915.3464355468755
decision_type=2 2 2 2 2 2 2 2 2 2 2 2 2 2 2 2 2 2 2 2 2 2 2 2 2 2 2 2 2 2
left_child=1 8 3 10 6 22 29 28 9 -1 -3 20 -11 -7 -10 -8 17 -17 -13 -9 21 -5 -6 24 -22 -21 -25 -18 -2 -4
right_child=7 2 4 11 5 13 15 19 14 12 -12 18 -14 -15 -16 16 27 -19 -20 25 23 -23 -24 26 -26 -27 -28 -29 -30 -31
leaf_value=0.034276014512838911 0.055581402310746278 0.01662553988480794 0.0090452906131521724 -0.0069192481270134061 0.020626628237695455 0.026782874091052972 -0.010804259710374948 0.059732408391768001 0.03997466360528483 0.038066177890747385 0.0012114899201980129 0.047868791849410036 0.053740686924053906 0.038758895899471596 0.03292984894406259 0.070612408234572266 0.003746172877922953 0.0059015040964812146 0.058733739260174306 0.044118996362170711 0.13103164607945073 0.045644578732001485 0.0092186847165196886 -0.014398659286185634 0.052399066596537792 0.052765159658476252 0.038478799646249978 -0.0091050363827615468 0.063537863774614262 0.022263267810191716
leaf_weight=88015.819645151496 71073.866937637329 80131.256805613637 30104.386021703482 4795.1725686490536 52259.465745300055 82803.331992164254 53119.135528668761 81656.142400443554 243069.08123636246 31570.700532689691 62993.493663176894 82249.55465066433 140625.72808498144 89308.339715212584 244209.65465985239 2512.293624162674 85045.947811201215 3612.3901990950108 88877.727285295725 66931.889612019062 745.81954263150692 4828.4390908479691 95381.094959154725 1593.7027940303087 13163.519952297211 282850.53575870395 10659.049537837505 31617.623974695802 381671.34644576907 70924.547355845571
leaf_count=284026 187672 303785 114886 17588 191001 282545 236356 213240 747907 97740 263693 231957 379168 279609 794802 8554 362421 15295 233245 192370 1321 14027 377556 5815 36904 765453 31812 139932 931159 258684
internal_value=0.0393897 0.0298699 0.0222573 0.0340766 0.0153237 0.0238826 0.00544144 0.0576309 0.0395115 0.0452554 0.00984145 0.0508403 0.0508672 0.0329974 0.0364441 -0.00195788 0.00186915 0.0324534 0.053512 0.0527427 0.0380629 0.019455 0.0132568 0.0449066 0.0566248 0.0511108 0.0316001 0.000263206 0.062289 0.0183248
internal_weight=2.5784e+06 1.69422e+06 946726 350038 596689 319752 276936 884184 747491 260212 143125 206913 172196 172112 487279 175907 122788 6124.68 171127 431439 35785.7 9623.61 147641 26162.1 13909.3 349782 12252.8 116664 452745 101029
internal_count=8000523 5710629 3406986 1140147 2266839 1130711 1136128 2289894 2303643 760934 567478 572669 476908 562154 1542709 762558 526202 23849 465202 1171063 107467 31615 568557 75852 38225 957823 37627 502353 1118831 373570
is_linear=0
shrinkage=0.05


Tree=7
num_leaves=31
num_cat=0
split_feature=79 79 78 86 87 78 79 79 78 86 49 100 54 49 78 84 81 78 79 54 49 55 55 54 55 55 25 22 84 26
split_gain=157061 43537.1 27441.6 49983.8 17911 10910.8 9443.44 7134.96 4635.1 5629.08 3086.32 2665.17 2535.02 2483.48 2261.68 2219.53 2249.36 2673.77 2182.27 2168.88 2764.64 2447.87 2399.28 2151.8 1807.56 1800.47 1734.65 1708.16 1692.03 1687.29
threshold=5.1673452854156503 2.5133059024810795 1.5000000000000002 6.0000000000000009 1.0000000180025095e-35 3.0000000000000004 2.9062187671661381 7.0364646911621103 1.5000000000000002 6.0000000000000009 -0.05451125651597976 121034.81640625001 627847.50000000012 0.098011311143636717 0.81333059072494518 -1.0000000180025095e-35 1.0000000180025095e-35 3.7121527194976811 3.2948360443115239 413952.50000000006 0.098011311143636717 -443837.49999999994 -394667.49999999994 234567.50000000003 -475762.49999999994 -624657.49999999988 1.8524616956710818 1.5000000000000002 -1.0000000180025095e-35 1.7845480442047121
decision_type=2 2 2 2 2 2 2 2 2 2 2 2 2 2 2 2 2 2 2 2 2 2 2 2 2 2 2 2 2 2
left_child=1 8 3 10 6 28 -4 -2 9 -1 12 -5 -3 25 -11 -10 17 -17 -8 20 22 24 -7 26 -21 -13 -15 -14 -6 -25
right_child=7 2 4 11 5 19 18 -9 15 14 -12 13 27 23 -16 16 -18 -19 -20 21 -22 -23 -24 29 -26 -27 -28 -29 -30 -31
leaf_value=0.032157615662052823 0.058102377098909641 0.019949709802564795 0.017326799063604643 0.058000780464743676 0.0070556500464733982 -0.032068418549864558 0.0036010787711427761 0.049168769795849304 0.025028074885878351 0.042743192804088628 0.00186631356639464 -0.013146252322006939 0.025383461120749878 0.024009890033416866 0.054264977188329191 0.035255975919956002 0.029672870442440998 0.04656679996709126 -0.0075276520005774783 0.037965937063554632 0.018038224423361445 0.067965687306165895 0.03528733273439047 0.051749850681901244 0.0064270227906245113 0.050808352391622895 0.046182866529167872 -0.023163747897587083 0.017734324509485363 0.0078063209607032091
leaf_weight=89094.394642114639 476424.21456718445 64286.022298201919 101238.04161737859 47483.556637391448 72478.806364506483 1350.5294571071863 90208.29605281353 421150.46019998193 58465.50729945302 101057.96855175495 70742.939317122102 1113.6489941477776 2571.5886149853468 30359.794353440404 73681.12491427362 245792.80947957933 122834.74603269994 66375.320742696524 86089.734552979469 50543.848397493362 49797.03625176847 6323.5875031352043 61145.73910009861 26476.226561978459 4992.5345583409071 89704.27889110148 12436.777044773102 6126.8706035166979 75991.907461166382 2381.5894730091095
leaf_count=284026 1160583 240299 371357 119142 284470 5651 375756 1129311 190720 285667 290414 3865 9732 94454 191241 764401 392226 195362 389015 155925 171868 16321 194238 70940 18151 241127 35374 27033 284087 7767
internal_value=0.0369713 0.0280858 0.0209793 0.0320267 0.0144688 0.0224802 0.00515585 0.0539107 0.0370366 0.0423866 0.00930852 0.0475786 0.016522 0.0445322 0.0476018 0.0341761 0.0354055 0.0376611 -0.00183328 0.0309701 0.026828 0.0384886 0.0338312 0.0375712 0.035131 0.0500239 0.0304545 -0.00880954 0.0125214 0.0481238
internal_weight=2.60872e+06 1.71115e+06 953843 353683 600160 322624 277536 897575 757302 263833 143727 209956 72984.5 162472 174739 493468 435003 312168 176298 174153 112293 61860 62496.3 71654.4 55536.4 90817.9 42796.6 8698.46 148471 28857.8
internal_count=8000523 5710629 3406986 1140147 2266839 1130711 1136128 2289894 2303643 760934 567478 572669 277064 453527 476908 1542709 1351989 959763 764771 562154 371757 190397 199889 208535 174076 244992 129828 36765 568557 78707
is_linear=0
shrinkage=0.05


Tree=8
num_leaves=31
num_cat=0
split_feature=79 79 77 87 87 77 79 95 79 77 49 53 77 79 95 54 54 77 82 0 79 37 50 105 35 84 84 105 55 100
split_gain=138519 38233.7 24336 23457.5 15913.3 9638.56 8450.27 7707.78 6388.82 4101.32 3023 2185.46 2141.61 2113.36 1934.66 1913.6 2180.97 1673.15 1578.04 2133.65 1551.61 1512.62 1964.75 1454.49 1414.3 1405.71 1365.77 1309.23 1321.66 1305.02
threshold=5.1673452854156503 2.5133059024810795 1.5000000000000002 1.0000000180025095e-35 1.0000000180025095e-35 3.0000000000000004 3.0089657306671147 42.156244277954109 6.4956810474395761 1.5000000000000002 0.054511256515979774 0.6078576147556306 3.7121527194976811 1.5001720786094668 38.47180366516114 645637.50000000012 639262.50000000012 1.0304679572582247 4.9976281388808283e-06 -5.1624751904455471e-06 3.0183726549148564 13.251111030578615 -272.49999999999994 0.95226702094078075 -17.749154090881344 -1.0000000180025095e-35 -1.0000000180025095e-35 0.95226702094078075 -627042.49999999988 121034.81640625001
decision_type=2 2 2 2 2 2 2 2 2 2 2 2 2 2 2 2 2 2 2 2 2 2 2 8 2 2 2 8 2 2
left_child=1 9 3 29 6 20 -4 10 26 14 27 15 -7 -11 23 16 -8 -10 19 -12 -6 22 -13 -1 -17 -19 -2 -5 -29 -3
right_child=8 2 4 7 5 12 11 -9 17 13 18 21 -14 -15 -16 24 -18 25 -20 -21 -22 -23 -24 -25 -26 -27 -28 28 -30 -31
leaf_value=0.044548197094365583 0.048371781226838551 0.059231743283043883 0.016293965230452647 0.033322614840863275 0.018704353674566732 0.023368698638110013 -0.0053201719832668953 0.037635465757569556 0.052610966359965899 0.035300590514102753 0.034094208623765679 0.01972270839585517 0.034409263739286912 0.028791835305581576 0.045281056620231436 0.073238948664086811 0.093679289991133896 0.038341114886904837 0.00060348749668763361 0.0097791530041250185 0.0080495471164446913 -0.0033026485792049471 -0.00087604332635574729 0.033785647451157676 -0.031266215965536449 0.046293990723875578 0.055815818534311348 0.0025237032730369533 0.021912112014234229 0.046298489578142143
leaf_weight=41903.774458691478 73187.526191711426 25305.240580782294 102508.11720584333 21805.539936512709 52967.98489934206 84572.452739849687 79446.868528917432 57145.093280687928 84064.620514184237 253051.81506484747 11355.420291423798 24642.32696557045 91423.988378405571 246031.35086676478 99776.250077858567 333.96403712034225 559.23969322443008 68749.619372740388 30471.79406863451 43908.882681548595 96287.873484149575 39051.021849915385 21830.459650874138 125365.4877153039 9707.162602186203 290728.0410438776 392285.76369896531 10023.191978812218 71474.421149268746 85412.093998506665
leaf_count=113658 187672 60445 373570 67996 191001 282545 348525 164084 213240 760115 33086 100150 279609 782594 267639 1138 1756 192370 125560 166559 377556 170443 94451 379637 46095 765453 931159 39365 255028 228024
internal_value=0.034756 0.0264379 0.0197914 0.0301407 0.0136692 0.0211776 0.00488711 0.0215442 0.0505534 0.0347683 0.0166797 -0.00177287 0.0291041 0.0320921 0.0397698 -0.0072094 -0.00462694 0.0462588 0.00973895 0.0147759 0.0118309 0.00395117 0.0100466 0.0364821 -0.027783 0.0447731 0.0546455 0.0224399 0.0195277 0.049255
internal_weight=2.63538e+06 1.72636e+06 960233 356902 603331 325252 278079 246184 909016 766129 189039 175571 175996 499083 267046 90047.2 80006.1 443542 85736.1 55264.3 149256 85523.8 46472.8 167269 10041.1 359478 465473 103303 81497.6 110717
internal_count=8000523 5710629 3406986 1140147 2266839 1130711 1136128 851678 2289894 2303643 687594 762558 562154 1542709 760934 397514 350281 1171063 325205 199645 568557 365044 194601 493295 47233 957823 1118831 362389 294393 288469
is_linear=0
shrinkage=0.05


Tree=9
num_leaves=31
num_cat=0
split_feature=79 79 77 85 87 77 79 77 93 79 82 84 77 105 81 77 94 104 54 77 84 81 77 82 49 77 54 54 54 94
split_gain=122822 33927.6 18596.2 16615.6 14366.2 7373.5 6939.91 6909.57 6449.12 5748.06 3890.25 2609.9 4623.16 2600.22 2451.41 2692.19 2102.41 2139.51 2097.53 1673.22 1617.6 1624.14 2050.82 1595.13 1455.84 1450.34 1447.01 1375.78 3175.05 1282.66
threshold=5.1673452854156503 3.0089657306671147 1.5000000000000002 0.90000000596046459 1.0000000180025095e-35 1.5000000000000002 1.8899687528610232 3.0000000000000004 0.018508972600102428 7.0364646911621103 1.0000000180025095e-35 -1.0000000180025095e-35 0.81333059072494518 0.95226702094078075 1.0000000180025095e-35 3.0000000000000004 2923.5878906250005 7.8705780506134042 413952.50000000006 3.7121527194976811 -1.0000000180025095e-35 1.0000000180025095e-35 3.7121527194976811 1.0000000180025095e-35 -0.22706275433301923 1.0304679572582247 720242.50000000012 216592.50000000003 134432.50000000003 2691.0258789062505
decision_type=2 2 2 2 2 2 2 2 2 2 2 2 2 8 2 2 2 2 2 2 2 2 2 2 2 2 2 2 2 2
left_child=1 5 3 8 16 10 20 -6 23 -2 11 -1 -13 25 15 -8 -4 18 -18 -9 -7 22 -22 -3 -15 -10 -23 28 -19 -14
right_child=9 2 4 -5 7 6 14 19 13 -11 -12 12 29 24 -16 -17 17 27 -20 -21 21 26 -24 -25 -26 -27 -28 -29 -30 -31
leaf_value=0.026815121024915952 0.051227300769068798 0.034443602770441506 -0.010042704025793783 0.046066042419831442 0.0076850932711783936 0.022263810156022832 0.019217569939481479 0.019437538165460184 0.031785724740253825 0.043301740392649488 0.025045908386312744 0.034501806285053754 0.057647578293945859 0.01391437152747668 0.011308429438399742 0.031604577607329341 0.064731505772998271 -0.00085467283552706811 0.005842529082331873 0.031316089804213076 0.031637337673431437 0.028063474236099728 0.041687742078956015 0.0024772019880293689 0.00068736299070134416 0.006628421839246619 -0.0009119988721592886 -0.0085648692303787032 0.024264466806430143 0.044823013742231486
leaf_weight=44344.157006308436 487404.96464692056 49735.48276977241 52680.22263173759 75330.484120056033 97209.353178948164 48995.820330560207 137587.16990216076 56627.636343926191 19197.169701263309 431280.26371988654 69888.500665470958 162530.3736435771 25162.679649755359 37311.474487006664 55572.946188122034 64403.568355768919 2599.2063018232584 69744.97278881073 3614.4462265819311 62246.11291949451 226585.18569354713 115877.96444958448 65433.513787701726 4235.3914093077183 47019.177308112383 8167.531013160944 4474.7335436940193 31432.77629943192 15347.30201241374 86908.361535817385
leaf_count=143381 1160583 142913 236356 194164 379645 155946 480691 189510 56719 1129311 229410 466755 59086 139344 202619 200103 8569 301093 15302 189139 686845 359088 187627 17221 193134 32642 15777 139910 61328 226312
internal_value=0.0327164 0.0249085 0.0156693 0.0265966 0.00894271 0.0301838 0.0271837 0.0175725 0.0177434 0.0475067 0.0357308 0.038072 0.0398897 0.0108856 0.0206086 0.0231673 -0.00168759 0.0018985 0.0304834 0.0256578 0.0308542 0.0318748 0.0338895 0.0319352 0.00653971 0.0242777 0.0269861 0.000373927 0.00367601 0.047703
internal_weight=2.65895e+06 1.74026e+06 632499 240997 391502 1.10776e+06 718931 216083 165666 918685 388834 318946 274601 111695 257564 201991 175419 122739 6213.65 118874 461367 412371 292019 53970.9 84330.7 27364.7 120353 116525 85092.3 112071
internal_count=8000523 5710629 2296989 776137 1520852 3413640 2288696 758294 581973 2289894 1124944 895534 752153 421839 883413 680794 762558 526202 23871 378649 1405283 1249337 874472 160134 332478 89361 374865 502331 362421 285398
is_linear=0
shrinkage=0.05


Tree=10
num_leaves=31
num_cat=0
split_feature=79 79 77 85 87 77 79 93 79 77 105 79 90 79 79 77 77 95 82 84 77 37 25 84 54 84 104 50 49 105
split_gain=108304 29597.5 18659.2 18271.6 12391.1 7390.7 6661.04 6220.59 5168.41 3370.22 2480.62 2071.61 1936.96 1804.47 1753.01 1714.77 1631.31 1577.55 1552.97 1470.25 1458.17 1333.36 1554.33 1302.38 1284.41 1263.57 1194.04 1138.68 1128.28 1081.13
threshold=5.1673452854156503 2.5133059024810795 1.5000000000000002 0.90000000596046459 1.0000000180025095e-35 3.0000000000000004 2.7575436830520634 0.018508972600102428 6.4956810474395761 1.5000000000000002 0.95226702094078075 3.4019228219985966 4451.0634765625009 3.0752218961715703 1.5001720786094668 1.0304679572582247 3.7121527194976811 38.47180366516114 1.0000000180025095e-35 -1.0000000180025095e-35 1.0304679572582247 4.6091454029083261 0.50308910012245189 -1.0000000180025095e-35 3272.5000000000005 -1.0000000180025095e-35 7.7351839542388925 137.50000000000003 0.054511256515979774 0.95226702094078075
decision_type=2 2 2 2 2 2 2 2 2 2 8 2 2 2 2 2 2 2 2 2 2 2 2 2 2 2 2 2 2 8
left_child=1 9 3 7 6 19 -4 18 25 17 15 -8 16 -12 -11 -9 -7 29 -3 -6 -10 24 -23 -22 -14 -2 -5 -15 -28 -1
right_child=8 2 4 26 5 12 11 10 20 14 13 -13 21 27 -16 -17 -18 -19 -20 -21 23 22 -24 -25 -26 -27 28 -29 -30 -31
leaf_value=0.039229281561596191 0.042351077811994216 0.032728186463703852 0.01480400235337264 0.052825162268322401 0.0057110922309278403 0.022639432390643838 0.003921514451060047 0.031411622619276762 0.046728712639504823 0.031279542815958468 0.017953956580901518 -0.0068996398309955874 -0.041038684769659779 0.0085786278096021597 0.025408206882657783 0.0086966956825617336 0.033084845088947559 0.040205007104417788 0.0081045729119061261 0.01558587731137335 0.033356572816963651 -0.032009172934629626 0.023910948189531062 0.040932620925341383 0.0073420153408849777 0.049443270569551036 0.045807525172361141 -0.006754513343728394 0.03437207329895528 0.030040094376302007
leaf_weight=42706.339070290327 74603.190199583769 73556.985100761056 102033.86451286077 25884.610190808773 73442.307087123394 71527.579477578402 92886.174850359559 27849.585291028023 85738.975673690438 257988.64136682451 48614.778116360307 84428.028443291783 1771.6238124072552 65847.606567844748 250761.98698405921 11843.28489394486 78334.297435477376 101770.82611945271 7015.2412841469049 77448.830544635653 70173.671843156219 1322.9452250599861 20253.982874155045 296956.8454323709 6066.125004068017 399257.39417974651 47287.126897022128 14835.064660415053 39713.016099959612 128028.80745716393
leaf_count=113746 187488 209291 366729 60492 284335 232982 385979 80667 213000 760130 170425 383703 7137 254595 782819 45702 231542 267544 27082 284493 192599 5229 64549 766274 20706 930844 119236 63730 108293 380150
internal_value=0.030851 0.0235432 0.0177187 0.0267026 0.0123764 0.0189339 0.00462594 0.0191521 0.0446762 0.0307893 0.0137011 -0.00123095 0.025797 0.0103445 0.0283856 0.0246346 0.0280996 0.0352767 0.0305845 0.0107797 0.0408562 0.014065 0.0204808 0.0394846 -0.00359703 0.0483268 0.0433946 0.00575922 0.0405881 0.0323389
internal_weight=2.67995e+06 1.75322e+06 971963 362447 609516 330168 279348 249563 926730 781257 168990 177314 179277 129297 508751 39692.9 149862 272506 80572.2 150891 452869 29414.7 21576.9 367131 7837.75 473861 112885 80682.7 87000.1 170735
internal_count=8001491 5711286 3406897 1139513 2267384 1130973 1136411 851492 2290205 2304389 615119 769682 562145 488750 1542949 126369 464524 761440 236373 568828 1171873 97621 69778 958873 27843 1118332 288021 318325 227529 493896
is_linear=0
shrinkage=0.05


Tree=11
num_leaves=31
num_cat=0
split_feature=79 79 77 86 87 86 77 77 79 79 87 77 53 79 90 49 55 54 54 81 77 99 37 48 99 55 90 49 37 25
split_gain=96785.6 26424.1 14535.4 29141.1 11137.4 5849.57 11280.2 5471.94 4787.99 4699.86 2746.4 2030.29 2004.82 1990.52 1710.98 1628.66 1603.74 1586.21 1945.33 1523.36 1882.1 1698.15 1483.47 1987.83 1474.25 1443.68 1532.18 1370.37 1337.86 1333.87
threshold=5.1673452854156503 3.0089657306671147 1.5000000000000002 6.0000000000000009 1.0000000180025095e-35 6.0000000000000009 1.5000000000000002 3.0000000000000004 1.9253757596015932 7.0364646911621103 1.0000000180025095e-35 0.81333059072494518 0.6078576147556306 2.0044966936111455 4451.0634765625009 -0.3317298144102096 -627042.49999999988 645637.50000000012 639262.50000000012 1.0000000180025095e-35 3.7121527194976811 121408.12500000001 13.251111030578615 0.20576497167348864 263984.89062500006 12812.500000000002 5186.0429687500009 0.16288578510284427 4.4815142154693612 2.5903633832931523
decision_type=2 2 2 2 2 2 2 2 2 2 2 2 2 2 2 2 2 2 2 2 2 2 2 2 2 2 2 2 2 2
left_child=1 5 3 15 12 13 11 -6 19 -2 -10 -7 17 -1 29 16 -3 18 -4 20 -8 -21 23 24 -14 26 27 -9 -16 -5
right_child=9 2 4 14 7 6 8 25 10 -11 -12 -13 22 -15 28 -17 -18 -19 -20 21 -22 -23 -24 -25 -26 -27 -28 -29 -30 -31
leaf_value=0.023544986519414841 0.045470606668521742 -0.017833365590982666 -0.0048040274665411865 0.038538651225512227 0.0069008963604573429 0.033542871154881498 0.027948366586087972 0.028767186840903514 0.01374587510196907 0.038362006428840578 0.025314829911274313 0.042571269314928648 0.012029709532893458 0.014082720835632629 0.0056490192700155003 -0.0032589669790585233 0.013665033159057245 -0.025407389264755383 0.086478606652184375 0.011779451726730056 0.037385732658903659 0.026369596171736578 -0.0029882266825717561 -0.0017378728075813936 0.038504341807612634 0.0043513631061136695 0.10973479953627137 0.017491716041995137 0.032416491325938684 0.05916498050087278
leaf_weight=137834.95843808353 494318.0391356945 4572.4811471104622 79212.040228769183 115728.08277842402 98113.612158641219 137351.08987270296 244652.59520439804 63909.280191406608 115187.1874050945 439183.46140769124 92503.648710519075 113985.62942974269 19666.564513012767 93152.045634567738 6338.4157158732414 56458.563023418188 34712.466955155134 9839.9870109260082 586.98651498556137 24956.140064552426 67400.936704620719 99361.688968285918 38862.862042471766 19916.066157385707 7177.7745897322893 9752.6061430126429 522.8521224707365 46609.670841172338 17722.763728067279 8411.9040329456329
leaf_count=424662 1159869 20107 348692 300400 379945 373887 730155 194022 408700 1130336 293910 285203 81134 326870 20144 237628 128921 47067 1773 80711 189554 300852 170138 86542 27048 33321 1080 150113 48737 19970
internal_value=0.0291064 0.0222182 0.0140889 0.0236813 0.00815223 0.0268236 0.0286537 0.0156725 0.0251478 0.0421263 0.0188987 0.0376376 -0.00124079 0.0197292 0.0375714 0.0021807 0.00999836 -0.00646728 -0.00413143 0.0281221 0.0299869 0.0234409 0.00423077 0.0102306 0.01911 0.0227969 0.0244168 0.0240122 0.0253659 0.0399368
internal_weight=2.698e+06 1.7645e+06 638115 243945 394170 1.12639e+06 895399 218908 644062 933502 207691 251337 175262 230987 148201 95743.5 39284.9 89639 79799 436371 312054 124318 85623.3 46760.4 26844.3 120794 111042 110519 24061.2 124140
internal_count=8001491 5711286 2296782 775907 1520875 3414504 2662972 758481 2003882 2290205 702610 659090 762394 751532 389251 386656 149028 397532 350465 1301272 919709 381563 364862 194724 108182 378536 345215 344135 68881 320370
is_linear=0
shrinkage=0.05


Tree=12
num_leaves=31
num_cat=0
split_feature=79 79 77 86 85 79 77 79 77 86 81 77 77 79 54 100 90 104 50 22 53 22 49 54 77 85 94 77 38 25
split_gain=86729.9 23427.2 13013.3 25982 9960.04 5360.75 4955.95 4308.4 4155.66 9022.21 2128.23 3852.07 2041.76 1841.3 1603.51 1603.3 1533.01 1935.96 1518.5 1519.76 1391.86 1432.47 1354.14 1374.88 1319.73 1371.33 1305.55 1284.68 1280.12 1268.32
threshold=5.1673452854156503 3.0089657306671147 1.5000000000000002 6.0000000000000009 0.90000000596046459 1.8045570254325869 3.7121527194976811 6.4956810474395761 1.5000000000000002 6.0000000000000009 1.0000000180025095e-35 3.0000000000000004 1.8130434155464175 3.4019228219985966 654727.50000000012 121034.81640625001 2923.1750488281255 7.8705780506134042 -147.49999999999997 1.5000000000000002 1.0000000180025095e-35 1.5000000000000002 0.11969653144478799 234567.50000000003 1.5000000000000002 0.90000000596046459 4451.1149902343759 1.0304679572582247 -7.5117728710174552 2.5903633832931523
decision_type=2 2 2 2 2 2 2 2 2 2 2 2 2 2 2 2 2 2 2 2 2 2 2 2 2 2 2 2 2 2
left_child=1 5 3 18 6 24 12 -2 9 14 11 -10 -4 -6 -7 -5 -12 -18 -3 -20 -16 -22 -17 -24 25 -1 29 -9 -28 -11
right_child=7 2 4 15 13 8 -8 27 10 26 16 -13 -14 -15 20 22 17 -19 19 -21 21 -23 23 -25 -26 -27 28 -29 -30 -31
leaf_value=0.036575358795339984 0.043089716963394774 0.0069664989211062154 0.0013917208898948286 0.044764995820312077 0.0037559339673224612 0.019166978871566848 0.026560310979481989 0.0417855804292602 0.017990628544556967 0.036834669313447185 0.0051157064179406121 0.028810251699159489 0.013805236528303094 -0.0065021292317936179 -0.031228795230793069 0.037352305114712506 0.050900585266858658 0.015966211213161788 0.011029634799664104 -0.012188022367298892 0.037520193433695698 -0.0067693889942975795 0.019421859840884851 0.036300117746493853 0.027836386839103184 0.024909446620827974 -0.0028064555227765324 0.035036272669444382 0.030186572705324904 0.056824894759809411
leaf_weight=107470.66032017767 479551.40542821586 59685.394765257835 47688.070856824517 35182.855338037014 91122.76011274755 102094.85283993185 63728.138720437884 87016.745038837194 230320.1078299433 111603.98009419441 33971.139621198177 127985.03512062132 108477.98006948829 84135.462442830205 2834.3019428998232 64241.418433085084 4182.7871814668179 76261.268393784761 9596.4822669327259 26533.361906409264 2901.4632602632046 4920.0246516466141 29331.283954232931 20505.486397981644 263322.2544644922 32921.110697776079 3404.1098783314228 372552.20818978548 21542.333990097046 8546.4338157176971
leaf_count=284262 1118332 233410 189923 84503 378884 332741 188900 213000 759757 285215 119019 380860 379278 383890 11332 165813 12079 253827 38605 114641 8875 18150 85490 53445 763916 95731 10736 958873 58078 19926
internal_value=0.0274868 0.020984 0.0133371 0.0223887 0.00772311 0.0253001 0.0148099 0.0397741 0.0227448 0.0278509 0.0199596 0.0218554 0.0100146 -0.00116859 0.0172406 0.0354323 0.0140223 0.0177833 0.00206917 -0.00602089 -0.0012156 0.00966235 0.0325536 0.0263672 0.0299242 0.03384 0.0360957 0.0363143 0.0256843 0.0382571
internal_weight=2.71363e+06 1.77451e+06 640229 245076 395152 1.13428e+06 219894 939120 730568 257848 472720 358305 156166 175258 112751 149261 114415 80444.1 95815.2 36129.8 10655.8 7821.49 114078 49836.8 403714 140392 145097 459569 24946.4 120150
internal_count=8001491 5711286 2296782 775907 1520875 3414504 758101 2290205 2270595 745053 1525542 1140617 569201 762774 371098 389251 384925 265906 386656 153246 38357 27025 304748 138935 1143909 379993 373955 1171873 68814 305141
is_linear=0
shrinkage=0.05


Tree=13
num_leaves=31
num_cat=0
split_feature=80 80 77 86 87 77 80 80 86 87 54 55 55 80 77 90 90 54 42 53 94 53 53 25 100 54 22 54 49 54
split_gain=77926.5 21095 13433.9 26799.6 8801.79 5394.48 4908.91 3945.54 2758.73 4261 3024 4012.15 3244.47 2367.98 2269.58 2249.07 2391.94 2175.22 2146.21 2360.3 1975.22 1934.94 1840.97 1791.44 1960.15 1782.49 2555.18 1766.4 2112.22 3320.71
threshold=5.1673452854156503 2.5133059024810795 1.5000000000000002 6.0000000000000009 1.0000000180025095e-35 3.7121527194976811 3.2948360443115239 6.4956810474395761 6.0000000000000009 1.0000000180025095e-35 413952.50000000006 -443837.49999999994 -475762.49999999994 3.4019228219985966 1.8130434155464175 2923.1750488281255 3030.6313476562505 483617.50000000006 1.0035936236381533 1.0000000180025095e-35 4451.1149902343759 0.6078576147556306 0.87837970256805431 2.5903633832931523 121034.81640625001 102502.50000000001 2.5000000000000004 398627.50000000006 0.098011311143636717 8797.5000000000018
decision_type=2 2 2 2 2 2 2 2 2 2 2 2 2 2 2 2 2 2 2 2 2 2 2 2 2 2 2 2 2 2
left_child=1 8 3 13 6 14 21 -2 -1 15 27 12 17 -3 -6 -10 -17 -12 -13 -20 23 -4 -14 24 -5 -25 -27 28 29 -11
right_child=7 2 4 20 5 -7 -8 -9 9 10 11 18 22 -15 -16 16 -18 -19 19 -21 -22 -23 -24 25 -26 26 -28 -29 -30 -31
leaf_value=0.019895415576833012 0.040765384234540993 0.010795931626153199 0.0033848715347341313 0.042698194446270571 0.0046225375024687891 0.025944512622303434 -0.0061439077547141971 0.034297413793058833 0.016088864172558125 0.016960112697883251 0.080685048037115931 0.075348031660339418 -0.0057379177286184836 -0.0023612612127014657 0.015136484444192556 0.049272509651449289 0.024466374005242951 0.035871986105722654 0.10584743988596156 -0.0067831779669060357 0.022914512550051117 0.013330082166360366 0.043694828623204611 0.071589472978943122 0.030880747029528661 0.0035531977163100054 0.06794452210590754 -0.0080281180341855649 0.022845546846727526 0.036790868170443324
leaf_weight=155536.59828351438 481496.20806525648 93962.904680103064 100073.851423949 49286.675010934472 74221.957089230418 95390.957905754447 85013.002954155207 462194.00103063881 86469.204833000898 26860.513738527894 2786.6563939452171 9651.6808878779411 7296.5721460580826 53762.78860501945 166423.55189323425 10227.417182773352 195305.53368993104 95728.700619220734 628.27454516291618 1782.7954026460648 36604.206412702799 95661.382814154029 2537.6671624034643 6662.1771472543478 121944.5447306484 3228.2059260457754 2946.7214919924736 3412.4430943876505 101452.29899729788 98670.847215756774
leaf_count=475415 1118332 346210 389717 117167 284685 279442 388917 1171873 266490 78473 5804 20470 23673 221767 566846 26881 577433 253376 1087 5662 103133 357777 6610 14023 321320 9643 6250 11073 289205 262737
internal_value=0.0259783 0.0198304 0.0149353 0.0224901 0.0104229 0.0158824 0.0038882 0.0375976 0.0258711 0.0273169 0.031031 0.0374528 0.0344068 0.00600753 0.0118937 0.0228547 0.025701 0.0371404 0.0648072 0.0225957 0.033524 0.00824545 0.00702055 0.0356336 0.0342825 0.0536511 0.0342881 0.0276746 0.0282114 0.0325478
internal_weight=2.72722e+06 1.78353e+06 985183 368398 616785 336036 280748 943690 798347 642811 350808 120412 108350 147726 240646 292002 205533 98515.4 12062.8 2411.07 220673 195735 9834.24 184068 171231 12837.1 6174.93 230396 226984 125531
internal_count=8001491 5711286 3406897 1139513 2267384 1130973 1136411 2290205 2304389 1828974 958170 316682 289463 567977 851531 870804 604314 259180 27219 6749 571536 747494 30283 468403 438487 29916 15893 641488 630415 341210
is_linear=0
shrinkage=0.05


Tree=14
num_leaves=31
num_cat=0
split_feature=79 79 78 85 87 78 78 79 79 93 49 55 53 49 54 54 54 24 22 25 54 49 55 55 54 54 22 54 13 35
split_gain=70175.1 18994.6 10595.9 9985.46 8037.2 4521.38 4067.38 3842.89 3637.05 3431.64 2201.88 1944.88 1722.58 1459.27 1458.84 1697.95 1423.59 1380.55 2145.14 1599.66 1294.15 1796.92 1560.91 1451.72 1293.41 1517.13 1449.41 1787.56 1380.32 1271.81
threshold=5.1673452854156503 3.0089657306671147 1.5000000000000002 0.90000000596046459 1.0000000180025095e-35 1.5000000000000002 3.0000000000000004 1.8368262052536013 7.0364646911621103 0.016260575503110889 0.16288578510284427 14487.500000000002 0.6078576147556306 -0.3317298144102096 645637.50000000012 639262.50000000012 93772.500000000015 62.13533020019532 1.5000000000000002 0.4328837394714356 413952.50000000006 -0.010907442308962435 -443837.49999999994 -394667.49999999994 111530.00000000001 161192.50000000003 1.5000000000000002 12952.500000000002 0.024958319962024692 -19.046086311340328
decision_type=2 2 2 2 2 2 2 2 2 2 2 2 2 2 2 2 2 2 2 2 2 2 2 2 2 2 2 2 2 2
left_child=1 5 3 9 12 10 -6 -7 -2 -3 11 -1 14 -11 15 -4 -15 18 19 -14 21 23 -22 -8 26 -26 -12 -28 -29 -16
right_child=8 2 4 -5 6 7 20 -9 -10 13 24 -13 17 16 29 -17 -18 -19 -20 -21 22 -23 -24 -25 25 -27 27 28 -30 -31
leaf_value=0.031277068820416302 0.038503842265563526 0.025906118471386436 -0.0044616868012804425 0.034856830728144723 0.0056000004045977884 0.023878147856491092 -0.041375399516440016 0.016695547779912907 0.032297286236245171 0.015629760368486664 0.027095673972636028 0.013477224275836669 -0.011526880414926735 -0.0048920292237031602 0.081113583832299954 0.079312263890600199 0.0096099606415371557 -0.0032897661585941243 -0.0012327676842633975 0.025095652394030134 0.022934702474990652 0.0075565531408404545 0.054053713518923456 0.023954312865933303 0.045231791892233246 0.024033208001468357 0.020487356819779427 -0.018080400167858682 0.010505843191144774 -0.027463116989488914
leaf_weight=217244.17040333152 500431.67126098275 40454.962598323822 78921.882869526744 77656.520035907626 99115.024298518896 373849.45749562979 867.51661550998688 371100.67228387296 446922.95712152123 52500.705858469009 22091.118095993996 16515.995615288615 3475.8819932639599 25319.389048680663 276.6830423027277 608.51494683325291 51022.790267586708 37753.47910541296 23701.431403532624 20944.437672764063 38853.983689799905 37961.260684669018 4496.1242665797472 40819.308168455958 9244.094848126173 97209.821095854044 22558.232289880514 6961.2307533621788 10731.422868922353 9423.6068525016308
leaf_count=592699 1159869 110907 348692 193504 379945 1085453 3539 1204005 1130336 181384 62361 49293 15607 99727 891 1773 190385 164551 101979 82725 116003 125382 10957 122655 23882 274604 65740 23721 32746 46176
internal_value=0.0245697 0.0187501 0.0118789 0.0200118 0.00682258 0.0226074 0.0131375 0.0203001 0.0355759 0.0132022 0.026877 0.0300195 -0.00118761 0.00921315 -0.00605264 -0.00381965 0.00480021 0.00386747 0.00948267 0.0198825 0.0192113 0.0154271 0.0261635 0.0225937 0.0225249 0.0258745 0.0168047 0.0111561 -0.000741609 -0.0243576
internal_weight=2.73903e+06 1.79168e+06 644174 246954 397219 1.14751e+06 222113 744950 947355 169298 402556 233760 175106 128843 89230.7 79530.4 76342.2 85875.2 48121.8 24420.3 122998 79648.1 43350.1 41686.8 168796 106454 62342 40250.9 17692.7 9700.29
internal_count=8001491 5711286 2296782 775907 1520875 3414504 758481 2289458 2290205 582403 1125046 641992 762394 471496 397532 350465 290112 364862 200311 98332 378536 251576 126960 126194 483054 298486 184568 122207 56467 47067
is_linear=0
shrinkage=0.05


Tree=15
num_leaves=31
num_cat=0
split_feature=86 78 74 81 90 78 54 90 54 55 54 54 54 55 54 54 90 74 73 22 55 74 37 54 37 54 55 87 38 50
split_gain=10764.6 18365.1 5402.43 4023.73 4286.93 3641.57 3343.5 3143.92 2747.11 2746.92 2652.71 3101.03 2725.23 2503.16 2333.33 2717.34 2433.02 2000.59 2748.7 2307.36 2249.98 2246.38 1993.9 3050.25 1970.59 1869.73 1848.17 1775.86 2158.9 1761.69
threshold=6.0000000000000009 1.5000000000000002 36.589326858520515 1.0000000180025095e-35 2923.1750488281255 3.7121527194976811 9327.5000000000018 3030.6313476562505 413952.50000000006 -726402.49999999988 216592.50000000003 134432.50000000003 243640.00000000003 14487.500000000002 11712.500000000002 12612.500000000002 4824.6857910156259 10.099571704864504 2.3274233341217045 1.5000000000000002 -276252.49999999994 16.011502265930179 4.2327294349670419 5037.5000000000009 15.431857585906984 413952.50000000006 -443837.49999999994 1.0000000180025095e-35 -7.200303077697753 -602.49999999999989
decision_type=2 2 2 2 2 2 2 2 2 2 2 2 2 2 2 2 2 2 2 2 2 2 2 2 2 2 2 2 2 2
left_child=9 14 3 5 -5 -3 -4 8 -6 -1 11 -9 -12 17 22 16 -16 19 -19 29 -21 -20 23 27 -24 -7 -27 -2 -29 -11
right_child=1 2 6 4 7 25 -8 10 -10 13 12 -13 -14 -15 15 -17 -18 18 21 20 -22 -23 24 -25 -26 26 -28 28 -30 -31
leaf_value=3.4683121454088865e-05 0.018075943600209875 0.019866777583634605 0.019291488668988038 0.0060326694419130383 0.077441673780354381 0.022486015149127167 0.027509044879004397 0.015294896703794199 0.025896735169485 0.013687467884811589 -0.023037976734293707 0.037786904184645788 0.012954934721948612 0.0066340824263263799 0.071309682399309626 0.03354509487500975 -0.034427690181644634 0.033949360605027477 0.01242951811467085 0.006966250290459202 0.019818760330724421 0.022433130653495233 0.037150748850603273 0.031164589328125842 0.020677778149991985 0.03298122092348512 0.063230892112007706 -0.05170028777402811 0.002229080565725931 0.029475397881059896
leaf_weight=22045.322029799223 6263.157662704587 574041.68472190201 164035.1433839798 100122.25962156057 4192.2620023339987 47188.552217289805 504630.1378070116 41068.317853540182 6744.7843524366617 31326.744903922081 6229.8940545171499 24449.690645322204 33717.472912952304 44665.752151325345 7201.4187905043364 463209.78915305436 587.8410906791687 38680.46978482604 76732.699950799346 93238.579581320286 53645.673169314861 208970.45465885103 41799.748989120126 13706.048320516944 32106.439460352063 54028.209942981601 5571.1501591801643 2922.5531242638826 5080.3042347580194 40541.677688091993
leaf_count=74883 17376 1782757 488375 339912 9752 135222 1398389 128714 20806 102473 23640 72500 110926 144979 14624 1148241 2004 94755 262673 314582 170065 611083 103427 34978 86241 144263 12310 10813 15043 123614
internal_value=0.0232225 0.0248933 0.022091 0.0195559 0.0136187 0.0214441 0.0254932 0.0201436 0.0456601 0.0173626 0.017497 0.0236889 0.00734119 0.0180124 0.0325536 0.0340377 0.0633258 0.0189481 0.0214402 0.0152526 0.0116604 0.0197465 0.0256916 0.0143205 0.029995 0.0299225 0.03581 -0.00186313 -0.0174687 0.0225939
internal_weight=2.74874e+06 2.1389e+06 1.56602e+06 897354 216525 680830 668665 116402 10937 609847 105465 65518 39947.4 587802 572877 470999 7789.26 543136 324384 218753 146884 285703 101878 27972.1 73906.2 106788 59599.4 14266 8002.86 71868.4
internal_count=7999420 6100313 4667566 2780802 706250 2074552 1886764 366338 30558 1899107 335780 201214 134566 1824224 1432747 1164869 16628 1679245 968511 710734 484647 873756 267878 78210 189668 291795 156573 43232 25856 226087
is_linear=0
shrinkage=0.05


Tree=16
num_leaves=31
num_cat=0
split_feature=80 80 78 86 85 80 80 78 81 86 78 78 94 99 54 78 50 22 54 54 54 37 54 50 55 54 54 54 55 84
split_gain=63167.5 17611.1 9146.11 18367.6 7185.61 4043.86 3500.95 3465.35 3136.05 5010.54 4497.81 2060.8 1667.02 1888.47 1630.81 1539.4 1316.48 1274.42 1262.86 1223.04 2916.79 1219.43 1700.87 1406.01 1351.3 1173.27 1133.62 1164.84 1112.4 1098.56
threshold=5.1673452854156503 3.0089657306671147 1.5000000000000002 6.0000000000000009 0.90000000596046459 1.8045570254325869 7.0364646911621103 3.7121527194976811 1.0000000180025095e-35 6.0000000000000009 1.5000000000000002 3.7121527194976811 2923.5878906250005 148286.19531250003 413952.50000000006 1.8130434155464175 -147.49999999999997 1.5000000000000002 7767.5000000000009 216592.50000000003 134432.50000000003 3.9785697460174565 4107.5000000000009 -432.49999999999994 5362.5000000000009 720242.50000000012 645637.50000000012 735632.50000000012 -243987.49999999997 -1.0000000180025095e-35
decision_type=2 2 2 2 2 2 2 2 2 2 2 2 2 2 2 2 2 2 2 2 2 2 2 2 2 2 2 2 2 2
left_child=1 5 3 16 7 -1 29 15 9 -7 -11 -12 -6 14 -14 -4 26 -18 21 20 -15 23 -23 -5 -24 -10 -3 -28 -21 -2
right_child=6 2 4 18 12 8 -8 -9 25 10 11 -13 13 19 -16 -17 17 -19 -20 28 -22 22 24 -25 -26 -27 27 -29 -30 -31
leaf_value=0.024149132738165477 0.029810191746494238 0.0073145945275302415 -0.00027837474562226647 0.016322746112512554 -0.0097859570693131521 0.012113278480391579 0.029186372488049797 0.020856204345679266 0.011475922407737673 0.029316620688243113 0.016536489884796477 0.026396250112154015 0.056585524685047288 -0.0018677752887214308 0.0055272669649340696 0.010419939400609521 0.0083724108802560541 -0.012748505343257303 0.029973380163871268 -0.0054876662761423976 0.021929415484360053 0.034095806262991371 0.049274052391610479 -0.039772654219534881 -0.021470995948124877 -0.014583950051888676 -0.028120191616751569 0.0187176858376564 -0.033943056657102899 0.036265210966673775
leaf_weight=412321.59582297504 78089.059021040797 53938.075755387545 48239.29767626524 2794.698443621397 52557.389156624675 172259.5230204463 449221.10650020838 65304.216268703341 112970.84010232985 147181.07087646425 241652.33299744129 67891.379774734378 2725.8057988584042 70482.069397270679 3668.2445868104696 110980.58038926125 9750.7513770014048 26687.270515292883 133328.8895585984 27549.676014736295 15753.519447490573 10189.073169201612 876.98362611234188 1859.3743852227926 2918.4498674720526 4489.7876299321651 4655.6444688588381 1855.7769165188074 3923.0037984400988 424268.30579043925
leaf_count=1143460 190557 205053 189982 8135 236543 560696 1128546 189091 369921 372104 759755 190559 8582 301020 15341 379624 38513 114725 336825 120831 61467 25859 2067 6770 9554 16725 20751 7217 18855 970292
internal_value=0.0219657 0.0164796 0.00989246 0.0174228 0.00522131 0.0201748 0.0323938 0.0111569 0.0179795 0.01938 0.0221207 0.0186991 -0.00232251 0.000838277 0.0272998 0.00717863 0.000410383 -0.00709637 0.0282691 -0.000599322 0.00247964 0.0160765 0.0234541 -0.00609089 -0.00511445 0.0104797 0.00493546 -0.0147696 -0.0090357 0.0352619
internal_weight=2.76038e+06 1.80881e+06 650039 248855 401184 1.15877e+06 951578 224524 746445 628984 456725 309544 176660 124102 6394.05 159220 96887.5 36438 151967 117708 86235.6 18638.6 13984.5 4654.07 3795.43 117461 60449.5 6511.42 31472.7 502357
internal_count=7999420 5710025 2296805 775469 1521336 3413220 2289395 758697 2269760 1883114 1322418 950314 762639 526096 23923 569606 386259 153238 389210 502173 362487 52385 37480 14905 11621 386646 233021 27968 139686 1160849
is_linear=0
shrinkage=0.05


Tree=17
num_leaves=31
num_cat=0
split_feature=80 80 81 86 78 78 80 80 80 80 86 87 54 54 90 99 42 53 49 42 54 46 54 36 90 54 38 25 99 54
split_gain=57100.6 15932.8 9808.46 12371 14619.1 4658.85 3225.92 2378.31 2126.34 2063.17 1828.19 2836.41 2353.97 2763.22 1952.15 1824.84 1821.03 1843.1 1755.88 1674.59 1634.44 1623.06 2162.79 2723.27 2229.36 1694.33 2213.88 1852.41 1605.54 1569.23
threshold=5.1673452854156503 2.138217687606812 1.0000000180025095e-35 6.0000000000000009 1.5000000000000002 3.0000000000000004 7.0364646911621103 3.4019228219985966 3.2111924886703496 3.0752218961715703 6.0000000000000009 1.0000000180025095e-35 413952.50000000006 438932.50000000006 2917.7500000000005 121028.29687500001 1.0035936236381533 1.0000000180025095e-35 0.054511256515979774 0.9880407750606538 234567.50000000003 0.090169116854667677 337842.50000000006 -5.883368492126464 3343.991577148438 10637.500000000002 -5.7114410400390616 2.9369496107101445 148286.19531250003 630327.50000000012
decision_type=2 2 2 2 2 2 2 2 2 2 2 2 2 2 2 2 2 2 2 2 2 2 2 2 2 2 2 2 2 2
left_child=1 10 3 7 15 8 -2 -3 -6 -4 -1 14 21 16 -12 -5 -14 -18 -17 -15 -20 22 24 -24 -13 26 -23 -27 -16 -7
right_child=6 2 9 4 5 29 -8 -9 -10 -11 11 12 13 19 28 18 17 -19 20 -21 -22 25 23 -25 -26 27 -28 -29 -30 -31
leaf_value=0.016002683109965145 0.033471863375477404 0.0071506964072220822 0.0042276249589548809 0.035315630382647616 0.00996332619462479 0.015362606059134721 0.027645381998854836 -0.0035842340896698605 -0.0003728488082749009 -0.0079920797350337795 0.012126439667959763 0.033229077589747004 0.064547626458849358 -0.04080594181414969 0.038967988497891792 0.029343867969639122 0.092182118749993616 -0.0098632247331257913 0.013355829669531423 0.028913150444490578 0.027866761626217641 -0.006321982791648759 -0.035550548375045697 0.027485639978188425 0.014781722902284543 0.026820190201632441 0.022869723863030315 0.047857728426255332 0.019990586030862997 0.02852371129254716
leaf_weight=154487.63750526309 502750.19472053647 150555.50216250122 86952.92299875617 52971.040612444282 150615.2560108304 163509.74684420228 450513.37707993388 78493.841992929578 74301.871182411909 57307.274443954229 86370.631516993046 21695.686119884253 8999.6008338034153 867.43362383544445 11815.734145730734 94405.377005234361 586.58127564191818 1791.0771200954914 47497.270107582211 106212.79235343635 32816.044888034463 7878.2960862368345 4137.1471491754055 2923.0456307828426 66832.219761833549 78453.506775915623 36970.836866095662 12076.644749641418 196675.42071527243 26292.919239163399
leaf_count=462511 1160849 546454 323439 124755 543075 496783 1128546 318282 311705 256355 261716 56107 18830 3056 30730 237450 1001 5606 133925 278237 83412 24579 14470 7858 189020 208913 100990 28856 568268 73642
internal_value=0.02081 0.0156046 0.0114496 0.0134487 0.0170059 0.0114171 0.0307183 0.00347188 0.00654874 -0.000626632 0.020888 0.0220594 0.025107 0.0308378 0.0184477 0.0271855 0.0542663 0.015338 0.0247204 0.0283479 0.0192853 0.0221677 0.0171791 -0.00945154 0.019303 0.0256899 0.0177417 0.0296271 0.0210663 0.017186
internal_weight=2.76776e+06 1.81449e+06 1.01572e+06 871459 642410 414720 953264 229049 224917 144260 798774 644287 349425 118457 294862 227690 11377.3 2377.66 174719 107080 80313.3 230967 95588.1 7060.19 88527.9 135379 44849.1 90530.2 208491 189803
internal_count=7999420 5710025 3449277 2869483 2004747 1425205 2289395 864736 854780 579794 2260748 1798237 937523 306730 860714 579542 25437 6607 454787 281293 217337 630793 267455 22328 245127 363338 125569 237769 598998 570425
is_linear=0
shrinkage=0.05


Tree=18
num_leaves=31
num_cat=0
split_feature=79 79 78 86 87 78 86 79 78 79 22 54 90 78 35 90 13 22 81 78 54 22 55 99 78 55 50 50 100 7
split_gain=51671.9 14314.3 7585.67 15192.5 5947.62 3410.23 4861.82 2974.59 2910.43 2684.31 1759.26 2475.52 1758.07 1624.83 1592.5 1483.99 1559.58 1889.94 1451.25 1985.06 1348.71 1318.2 1667.14 1304.99 1242.42 1239.18 1218.39 1217.48 1381.3 1367.91
threshold=5.1673452854156503 2.9062187671661381 1.5000000000000002 6.0000000000000009 1.0000000180025095e-35 1.5000000000000002 6.0000000000000009 7.0364646911621103 3.7121527194976811 1.8317569494247439 1.5000000000000002 648177.50000000012 4790.2700195312509 0.81333059072494518 -11.862716674804686 2915.3464355468755 0.011699264403432609 2.5000000000000004 1.0000000180025095e-35 3.0000000000000004 413952.50000000006 1.0000000180025095e-35 21447.500000000004 178069.73437500003 1.8130434155464175 -443837.49999999994 92.500000000000014 72.500000000000014 119683.89062500001 0.0098980646580457705
decision_type=2 2 2 2 2 2 2 2 2 2 2 2 2 2 2 2 2 2 2 2 2 2 2 2 2 2 2 2 2 2
left_child=1 5 3 26 15 6 10 -2 24 -7 12 27 21 -8 -14 -4 17 23 19 -11 -21 22 -1 -17 -6 -22 -3 29 -29 -12
right_child=7 2 4 -5 8 9 13 -9 -10 18 11 -13 14 -15 -16 16 -18 -19 -20 20 25 -23 -24 -25 -26 -27 -28 28 -30 -31
leaf_value=0.0012103210313872152 0.031791495274563798 0.0032429658494730787 -0.0094410736187680762 0.025316845311563127 -0.00033597766917458993 0.019261958698093818 0.022368567418388708 0.026200296326487817 0.018813707723797334 0.012156988553324489 0.018052220764589923 -0.013834575432000588 0.10077992679917352 0.030377951149128304 -0.030823294119631469 0.066160503934143938 -0.0005647692834104427 -0.0096925263591434094 0.0075415797554780105 0.015566990691199762 0.024545578656317291 0.029228912406210086 0.11239557232376524 -0.001686329011213613 0.0092480021788058572 0.052826669152532882 -0.010264532266560463 -0.043895242513274313 0.0064670531633817148 -0.017627426567749991
leaf_weight=7305.9527635872364 502853.46325628459 78731.614497303963 50926.335552483797 157088.1383997947 48439.949792191386 362311.0149499774 139005.11596602201 451565.05321416259 66217.263440430164 210691.38451591134 66961.155157804489 9186.8738105595112 254.52114821970463 116347.62601183355 2289.8562954068184 2668.5672405213118 120062.72472421825 2309.0741178244352 85629.15758562088 55189.020242005587 39092.922311395407 35277.94308039546 352.46400734782219 964.65457640588284 111997.49217088521 4299.8329988121986 21186.20982298255 1457.2007634788752 20526.757113695145 2797.6844276189804
leaf_count=23896 1160849 304310 230539 400074 190595 1030612 365662 1128546 190206 679611 204640 33054 509 283337 8426 8689 511014 10121 288111 165232 109674 101927 654 4121 380519 10024 92762 5640 66229 9837
internal_value=0.0197238 0.0147815 0.00890734 0.0156216 0.00463163 0.0181296 0.0218531 0.0291462 0.00999445 0.0161539 0.014589 0.0109095 0.0227539 0.026018 -0.0176223 -0.00223829 0.000672807 0.0256745 0.0133023 0.0148972 0.0207535 0.025147 0.00634207 0.0481496 0.00635435 0.0273492 0.000378761 0.0133875 0.00312673 0.016621
internal_weight=2.77399e+06 1.81957e+06 660592 257006 403586 1.15898e+06 401763 954419 226655 757213 146410 100930 45480.7 255353 2544.38 176931 126005 5942.3 394902 309273 98581.8 42936.4 7658.42 3633.22 160437 43392.8 99917.8 91742.8 21984 69758.8
internal_count=7999420 5710025 2322950 797146 1525804 3387075 1103811 2289395 761320 2283264 454812 319400 135412 648999 8935 764484 533945 22931 1252652 964541 284930 126477 24550 12810 571114 119698 397072 286346 71869 214477
is_linear=0
shrinkage=0.05


Tree=19
num_leaves=31
num_cat=0
split_feature=79 79 81 86 78 78 79 22 79 79 99 78 24 49 55 86 55 55 22 25 87 55 55 104 90 87 55 84 78 86
split_gain=46805.3 12973.6 8051.92 10138.2 11855.2 3838.33 2747.37 2019.93 1984.97 1804.91 1662.93 1654.26 1641.4 1580.68 1637.05 1500.39 1474.2 1398.39 1494.22 1423.53 1369.19 1317.19 2207.12 1649.08 1375.8 1275.91 1203.29 1156.85 1122.68 1114.56
threshold=5.1673452854156503 2.138217687606812 1.0000000180025095e-35 6.0000000000000009 1.5000000000000002 3.7121527194976811 6.4956810474395761 1.5000000000000002 3.4019228219985966 3.2111924886703496 121028.29687500001 1.5000000000000002 59.930778503417976 0.076279435306787505 -624657.49999999988 6.0000000000000009 -234859.99999999997 -525482.49999999988 1.5000000000000002 2.8900784254074101 1.0000000180025095e-35 -276252.49999999994 -134584.99999999997 8.1912503242492694 3622.3549804687505 1.0000000180025095e-35 -322842.49999999994 -1.0000000180025095e-35 1.0304679572582247 6.0000000000000009
decision_type=2 2 2 2 2 2 2 2 2 2 2 2 2 2 2 2 2 2 2 2 2 2 2 2 2 2 2 2 2 2
left_child=1 11 3 8 10 9 -2 12 -3 -6 17 15 -4 14 -12 -1 -15 19 -19 -5 -17 26 24 -24 -23 -11 -9 -13 -8 -30
right_child=6 2 7 4 5 -7 28 21 -10 25 13 27 -14 16 -16 20 -18 18 -20 -21 -22 22 23 -25 -26 -27 -28 -29 29 -31
leaf_value=0.016716085247775736 0.030309178279863392 0.0063873021258562526 0.016991745996054974 0.035155685653005669 0.010207972207262475 0.018786710534994068 0.030003212635994286 -0.0086037257291643951 -0.0034165440538258041 -0.003916613626710275 -0.032122806931348689 0.010731028418735885 -0.0021517450695552366 0.025044330300740325 0.027110906178022351 0.01558608625356674 0.011184918596685668 0.039946322336636655 -0.024573175055990867 -0.059429610353327271 0.026610345562163393 0.0084043973526570556 -0.037959946750568713 -0.0024332426420931993 0.043992154844540783 0.0071823813473688054 -0.038510515632753428 0.017972604954568469 0.018224661018822769 0.025084114188049924
leaf_weight=92930.423697054386 484970.64128097892 151311.42981052399 24103.123859778047 49027.444250971079 212324.5438824445 100196.7076369226 88958.405760526657 40718.302753090858 78369.777144283056 47110.583841219544 1180.059219121933 62569.690423071384 20910.349680826068 32464.033985987306 95062.477411210537 34773.916202783585 46925.204914554954 1543.3486145734787 2141.04014351964 400.14488790929317 148357.54803191125 11389.924302130938 3588.6537336111069 36281.962876707315 3565.5827676951885 57491.12059879303 3665.4608283042908 465684.46352659166 73351.813959255815 307815.67849704623
leaf_count=272731 1119075 546454 90037 112975 731695 285103 213093 171135 318282 211937 3874 189602 84247 82100 237091 97606 131722 3448 6834 1498 367860 44264 16079 145513 11890 196470 16629 1332949 192574 764653
internal_value=0.0187015 0.0140062 0.0102613 0.0120645 0.015273 0.0102565 0.0276687 -0.000685582 0.0030421 0.00755954 0.0244207 0.0187543 0.00809896 0.0220759 0.0263842 0.0218912 0.0168526 0.0321736 0.00245546 0.0343887 0.0245171 -0.00467139 0.000512195 -0.00563191 0.0168917 0.00218357 -0.0110745 0.0171149 0.0249448 0.0237641
internal_weight=2.77918e+06 1.82409e+06 1.01977e+06 875548 645867 417123 955097 144223 229681 316926 228744 804316 45013.5 175632 96242.5 276062 79389.2 53112 3684.39 49427.6 183131 99209.9 54826.1 39870.6 14955.5 104602 44383.8 528254 470126 381167
internal_count=7999420 5710025 3449277 2869483 2004747 1425205 2289395 579794 864736 1140102 579542 2260748 174284 454787 240965 738197 213822 124755 10282 114473 465466 405510 217746 161592 56154 408407 187764 1522551 1170320 957227
is_linear=0
shrinkage=0.05


Tree=20
num_leaves=31
num_cat=0
split_feature=79 79 77 85 87 79 84 77 81 84 79 82 53 99 36 55 94 77 53 37 48 99 55 13 0 77 77 77 77 38
split_gain=42231.6 11588.2 6462.59 6231.1 4939.02 2788.41 2630.64 2305.93 2049.66 1907.31 1794.79 1710.04 1453.9 1306.33 1676.26 1202.02 1698.4 1189.12 1184.89 1163.59 1764.39 1197.02 1141.3 1339.08 1073.38 1044.42 1043.43 2463.07 1529.77 1034.44
threshold=5.1673452854156503 2.9062187671661381 1.5000000000000002 0.90000000596046459 1.0000000180025095e-35 1.8045570254325869 -1.0000000180025095e-35 3.7121527194976811 1.0000000180025095e-35 -1.0000000180025095e-35 6.4956810474395761 3.7982739513608981e-06 0.6078576147556306 366594.10937500006 -13.95372438430786 13272.500000000002 5186.2885742187509 1.0304679572582247 0.6078576147556306 13.02442502975464 0.20576497167348864 263984.89062500006 -525482.49999999988 0.037942197173833854 -5.1624751904455471e-06 1.8130434155464175 1.5000000000000002 0.81333059072494518 3.7121527194976811 -8.8127379417419416
decision_type=2 2 2 2 2 2 2 2 2 2 2 2 2 2 2 2 2 2 2 2 2 2 2 2 2 2 2 2 2 2
left_child=1 5 3 11 12 -1 -2 15 9 -7 -8 24 13 -4 -15 16 25 -12 22 20 21 -14 -10 -24 -3 -6 27 -11 -28 -22
right_child=6 2 4 -5 7 8 10 -9 18 26 17 -13 19 14 -16 -17 -18 -19 -20 -21 29 -23 23 -25 -26 -27 28 -29 -30 -31
leaf_value=0.019589203726700529 0.020999150131157236 0.019050574418267494 -0.00755211140792467 0.025821182559651636 0.00018608193220149739 0.0098553573094450654 0.029864206959208096 0.016780665424872623 -0.0095206458825086576 0.015369618228545474 0.032093552348195324 0.0010267720488381818 0.009638463468662116 0.15708541990111149 0.01635284951233127 -0.0089878037500591718 0.082681045056341856 0.023847903044375451 0.013572935970540594 -0.0038346335318447905 -0.053780243722633951 0.033239866569139943 0.010800964888903314 -0.012190149898530431 0.0090686219326217531 0.0093699658989772009 0.01329890033386847 0.026806148625714812 0.021742051627041958 -0.00097327882415365976
leaf_weight=418215.71996732056 188566.35560199618 38250.918853729963 87931.043914631009 79918.620840057731 44228.838128432631 116607.86961020529 407346.86715552211 66701.342969581485 13051.909621864557 122243.02974402905 50957.278491675854 48676.297118619084 19756.05580611527 238.32815635204315 1829.7332297861576 12780.56894017756 736.51502670347691 308605.68743886054 57996.417315080762 39907.176923647523 974.52802391350269 7379.2790414690971 40083.094319805503 7520.6072769910097 91033.762102454901 103174.98433344066 245353.4724676609 76577.885364487767 68669.557677805424 18801.576546728611
leaf_count=1144073 474513 100747 391520 196268 173558 375445 931450 190223 46633 348203 118262 193374 80022 528 7458 48118 1829 765380 184363 173206 4769 26843 128864 25990 306887 346877 758430 186573 189455 80259
internal_value=0.0177713 0.0133199 0.00803797 0.0142232 0.00409408 0.0163193 0.0262905 0.00896396 0.0144913 0.0156276 0.0275915 0.00901469 -0.00217503 -0.0066281 0.0326417 0.00572384 0.00699315 0.0250166 0.00846313 0.00244115 0.00777998 0.0160579 0.00357711 0.00716846 0.0120221 0.00661438 0.0169401 0.0197747 0.0151453 -0.00357834
internal_weight=2.78412e+06 1.82864e+06 662320 257880 404440 1.16632e+06 955476 227622 748104 629452 766910 177961 176818 89999.1 2068.06 160921 148140 359563 118652 86818.6 46911.4 27135.3 60655.6 47603.7 129285 147404 512844 198821 314023 19776.1
internal_count=8000120 5710515 2322486 797276 1525210 3388029 2289605 760605 2243956 1858106 1815092 601008 764605 399506 7986 570382 522264 883642 385850 365099 191893 106865 201487 154854 407634 520435 1482661 534776 947885 85028
is_linear=0
shrinkage=0.05


Tree=21
num_leaves=31
num_cat=0
split_feature=79 79 78 86 87 79 78 84 54 55 55 49 55 40 79 54 49 54 42 94 25 42 54 78 99 99 86 48 40 100
split_gain=38332.9 10448.5 6723.14 13361.4 4528.81 2801 2698.04 2396.4 1703.93 3246.21 2460.41 1819.19 2755.87 1968.25 1664.46 1592.39 1570.65 1720.14 1485.39 1442.58 1452.93 1425.37 1397.59 1393.69 1352.28 2083.3 1341.11 1283.44 1266.2 1415.6
threshold=5.1673452854156503 2.138217687606812 1.5000000000000002 6.0000000000000009 1.0000000180025095e-35 3.2948360443115239 3.0000000000000004 -1.0000000180025095e-35 413952.50000000006 -443837.49999999994 -455107.49999999994 1.0000000180025095e-35 -394667.49999999994 1.0000000180025095e-35 6.4956810474395761 720242.50000000012 0.16288578510284427 627847.50000000012 1.0029842257499697 4451.1149902343759 2.5903633832931523 1.0035936236381533 413952.50000000006 1.5000000000000002 332245.12500000006 275501.25000000006 6.0000000000000009 0.7298206388950349 1.0000000180025095e-35 112823.84375000001
decision_type=2 2 2 2 2 2 2 2 2 2 2 2 2 2 2 2 2 2 2 2 2 2 2 2 2 2 2 2 2 2
left_child=1 23 3 16 5 15 -6 -2 11 10 18 12 -5 -14 -9 -4 17 24 -10 20 22 -11 -8 26 25 -3 -1 -12 -19 -30
right_child=7 2 4 8 6 -7 19 14 9 21 27 -13 13 -15 -16 -17 -18 28 -20 -21 -22 -23 -24 -25 -26 -27 -28 -29 29 -31
leaf_value=0.014870898157361465 0.019931820274442395 0.0077634733062169267 0.0055511604158151803 -0.042090753258811175 0.0050856933397394628 -0.0061443502444558998 0.010214506664940953 0.02841349504518198 0.02994587447738091 0.067327309050157144 -0.054886826895777611 0.013016758152038333 0.030032905275399993 0.011180234243263481 0.02374467523938768 -0.017472591775774267 -0.0028205741242363037 -0.022877700667479333 0.013074392983871141 0.0043849533834665741 0.033508194575885254 0.015597884242489363 0.019963232776426303 0.015374582194879813 -0.014560301459717859 0.029658954393402076 0.022229441965517294 0.02920598350683673 0.035848323410608056 -0.033631528588759861
leaf_weight=93438.637442454696 188726.34311327338 60335.930501207709 195294.46772301197 1538.1637993901968 157369.08081150055 84998.972841799259 81971.568832412362 406752.48631589115 56190.087651520967 6789.957369863987 1454.873806104064 69982.736426219344 57485.272337943316 18239.602262988687 359873.84660670161 7809.2205670326948 64910.22148385644 7420.4105361700058 16995.201332628727 32935.389009609818 10889.782600238919 1657.6996454894543 66672.853336110711 531959.68517436087 5248.6386883705854 13249.214958280325 183641.24716052413 658.32303923368454 2327.5962049663067 1068.9693160057068
leaf_count=272596 474513 215306 724934 5352 569918 388984 249379 931450 132701 12670 5190 190578 138423 49149 883642 32336 255803 31737 43949 103250 29777 4199 188090 1523458 20191 43426 465237 1634 7741 4507
internal_value=0.0168592 0.0126259 0.0092692 0.0144819 0.00611877 0.00147645 0.00994183 0.0249793 0.0220957 0.0277903 0.0244923 0.0188568 0.0241462 0.0254922 0.0262219 0.0046658 0.00310287 0.00739168 0.0260283 0.0139123 0.0158791 0.05718 0.0145873 0.0168724 0.00995722 0.0117062 0.019748 -0.0286857 -0.0113046 0.0139766
internal_weight=2.78789e+06 1.83253e+06 1.02349e+06 385553 637941 288103 349839 955353 230992 83746.1 75298.5 147246 77263 75724.9 766626 203104 154561 89650.8 73185.3 192470 159534 8447.66 148644 809040 78833.8 73585.1 277080 2113.2 10817 3396.57
internal_count=8000120 5710515 3449224 1162556 2286668 1146254 1140414 2289605 583845 200343 183474 383502 192924 187572 1815092 757270 578711 322908 176650 570496 467246 16869 437469 2261291 278923 258732 737833 6824 43985 12248
is_linear=0
shrinkage=0.05


Tree=22
num_leaves=31
num_cat=0
split_feature=79 79 78 86 87 78 86 84 78 79 79 22 54 90 35 54 100 78 22 55 94 26 22 55 46 13 78 55 90 50
split_gain=34799.2 9605.09 5264.04 10254.9 4001.63 2386.16 3330.05 2184.8 1957.59 1703.79 1544.39 1514.07 2080.95 1588.16 1466.24 1343.37 1499.27 1325.59 1264.36 2085.49 1180.06 1131.69 1120.35 1468.34 1149.54 1090.92 1085.66 1062.23 1500.78 1054.18
threshold=5.1673452854156503 2.9062187671661381 1.5000000000000002 6.0000000000000009 1.0000000180025095e-35 1.5000000000000002 6.0000000000000009 -1.0000000180025095e-35 3.7121527194976811 1.8229625821113589 6.4956810474395761 1.5000000000000002 648177.50000000012 4790.2700195312509 -11.862716674804686 720242.50000000012 106002.25000000001 0.81333059072494518 1.5000000000000002 27492.500000000004 4451.1149902343759 -0.9351992905139922 1.0000000180025095e-35 21447.500000000004 0.0722489468753338 0.054083453491330154 1.0304679572582247 13272.500000000002 5186.0429687500009 127.50000000000001
decision_type=2 2 2 2 2 2 2 2 2 2 2 2 2 2 2 2 2 2 2 2 2 2 2 2 2 2 2 2 2 2
left_child=1 5 3 29 15 6 11 -2 27 -7 -9 13 -13 22 -15 16 21 -8 19 -18 -5 -4 23 -1 -24 -14 -12 28 -6 -3
right_child=7 2 4 20 8 9 17 10 -10 -11 26 12 25 14 -16 -17 18 -19 -20 -21 -22 -23 24 -25 -26 -27 -28 -29 -30 -31
leaf_value=-0.00054008796362014339 0.018923525554160461 0.0027042351246895171 -0.023820417928515584 0.022546159244290181 0.0058213769123654294 0.015763980586621231 0.017959259036862154 0.027042738743947442 0.015157459045972037 0.01100504989299957 0.029307912215899443 0.010683114987941722 -0.016338653097999253 0.092079767312731445 -0.031853672678621589 -0.023896272132031434 0.0037326644485907996 0.025172391023831953 -0.0043523114114009847 0.084016832030587019 0.010704047855459045 0.12563845618071987 0.013578397355477032 0.10168851458226058 0.032164676689526446 0.12328451390507389 0.021429453317974058 -0.0088453126595450897 0.075947674158599501 -0.010417458998613826
leaf_weight=7362.1476693302393 188839.98550222814 81513.011160373688 184.3692881166935 133150.72500859201 148084.09090863168 330413.94843947887 140012.44227190316 406020.20517377555 67059.693580910563 436666.56771850586 50946.36496822536 92756.813555240631 9102.0358267426491 265.41624242067337 2290.2538144141436 6763.1799744963646 51731.939926162362 116894.86566092074 116641.43654748797 820.75022439658642 24989.800361901522 401.28761602938175 13163.078595116735 367.84769754111767 22621.730025529861 141.08746325969696 309132.38210912049 12765.886550888419 765.92177455127239 18844.09578025341
leaf_count=23863 474513 313996 877 331531 520409 924639 365336 931450 190223 1360277 118262 285995 32807 510 8455 32831 216196 283393 511130 2496 68822 1075 39428 661 62407 258 765380 48118 1855 82927
internal_value=0.0159996 0.0119726 0.00716647 0.0127416 0.00360994 0.0146942 0.0177992 0.023741 0.00797569 0.0130549 0.0249284 0.0118268 0.00842863 0.01935 -0.0189498 -0.00204498 -0.00117436 0.0212414 -0.00145106 0.00498819 0.0206749 0.0786187 0.0215999 0.00433655 0.0253286 -0.0141938 0.0225442 0.00499563 0.00618276 0.00024024
internal_weight=2.79071e+06 1.83577e+06 663716 258498 405219 1.17206e+06 404978 954939 228676 767081 766099 148070 102000 46070.5 2555.67 176543 169780 256907 169194 52552.7 158141 585.657 43514.8 7730 35784.8 9243.12 360079 161616 148850 100357
internal_count=8000120 5710515 2322486 797276 1525210 3388029 1103113 2289605 760605 2284916 1815092 454384 319060 135324 8965 764605 731774 648729 729822 218692 400353 1952 126359 24524 101835 33065 883642 570382 522264 396923
is_linear=0
shrinkage=0.05


Tree=23
num_leaves=31
num_cat=0
split_feature=79 79 77 86 87 86 77 79 77 79 49 54 55 55 55 54 38 55 54 54 54 54 77 22 55 38 25 100 87 39
split_gain=31610.4 8612.84 4750.1 9243.16 3603.39 2210.89 3742.25 2048.14 1842.33 1531.04 1340.29 1376.23 2343.93 1284.66 1642.73 1806.47 1439.34 1349.69 1246.92 2094.85 1230.03 1328.84 1220.63 1192.02 1806.48 1141.56 1136.55 1123.83 1093.71 1081.28
threshold=5.1673452854156503 2.9062187671661381 1.5000000000000002 6.0000000000000009 1.0000000180025095e-35 6.0000000000000009 1.5000000000000002 6.4956810474395761 1.8130434155464175 1.9253757596015932 -0.45201864838600153 627847.50000000012 -737772.49999999988 19872.500000000004 30795.000000000004 10637.500000000002 -6.1137990951538077 20457.500000000004 9732.5000000000018 105057.50000000001 720242.50000000012 715527.50000000012 0.81333059072494518 1.5000000000000002 27492.500000000004 18.711346626281742 2.3387008905410771 121034.81640625001 1.0000000180025095e-35 -9.1990761756896955
decision_type=2 2 2 2 2 2 2 2 2 2 2 2 2 2 2 2 2 2 2 2 2 2 2 2 2 2 2 2 2 2
left_child=1 5 3 -3 20 -1 13 -2 -6 -8 18 -12 -13 22 15 16 -15 -17 25 -20 21 23 -7 24 -4 -10 -25 -5 -11 -23
right_child=7 2 4 27 8 6 9 -9 10 28 11 12 -14 14 -16 17 -18 -19 19 -21 -22 29 -24 26 -26 -27 -28 -29 -30 -31
leaf_value=0.0096403149229833066 0.024862993392136865 0.00022792948814682329 0.0035187640826361936 0.027063572530147226 -0.0010890004602588973 0.017709889653276141 0.014710905100331385 0.020229561820698853 -0.0039926052670264658 0.0064315033180602074 0.0044266747347592485 -0.020154004399561221 0.028770373180371074 -0.058279488523390557 0.04268457743503954 -0.053892010659087546 -0.0051769123024815256 0.04971950590313344 0.034254515787666848 0.012503033503307863 -0.022987845236118659 0.14069617341277793 0.024792062331312075 -0.0027108011865110502 0.076932244549167139 0.10893032201969044 -0.019151375279949132 0.017238359391241485 0.013560987240838984 0.026725438623829163
leaf_weight=239399.50927452743 482144.15430638194 100354.0501934737 51679.659735620022 38452.385643064976 48511.80479067564 133591.0913181901 460528.64364330471 472107.02100893855 9146.5668893307447 120241.63370411098 99089.43975174427 2983.5219542086124 13623.144560024142 1656.254550665617 2227.0612573325634 373.18393748998642 5550.0425941944122 1966.0470922589302 15267.47088778019 40261.100530549884 6681.0938958823681 248.56956517696381 111760.99953143299 103945.71702408791 850.78159984946251 228.41925531625748 11694.18820592761 119809.50384274125 97351.129219219089 1258.8312247395515
leaf_count=739314 1118600 396923 215568 90451 190151 346585 1301437 1171005 30708 406493 322302 10421 38914 6135 5072 1314 16101 4286 43210 124475 32831 558 269236 454976 2496 424 52922 309902 292056 5254
internal_value=0.0151869 0.0113549 0.00680368 0.0120986 0.00342644 0.0139279 0.0150254 0.0225707 0.00756187 0.0130778 0.00988564 0.00665931 0.0199797 0.0201618 0.00402662 -0.00499565 -0.0173888 0.033172 0.0156366 0.0184842 -0.00194597 -0.00111728 0.020936 -0.00153636 0.0047093 -0.00122941 -0.00437356 0.0196257 0.00962131 0.0456033
internal_weight=2.79298e+06 1.83873e+06 664086 258616 405470 1.17465e+06 935246 954251 229111 678121 180600 115696 16606.7 257125 11772.6 9545.53 7206.3 2339.23 64903.6 55528.6 176359 169678 245352 168170 52530.4 9374.99 115640 158262 217593 1507.4
internal_count=8000120 5710515 2322486 797276 1525210 3388029 2648715 2289605 760605 1999986 570454 371637 49335 648729 32908 27836 22236 5600 198817 167685 764605 731774 615821 725962 218064 31132 507898 400353 698549 5812
is_linear=0
shrinkage=0.05


Tree=24
num_leaves=31
num_cat=0
split_feature=79 79 81 49 54 22 54 45 90 54 48 90 25 54 54 25 94 25 54 48 84 37 25 94 53 22 24 53 25 79
split_gain=28717.8 7784.01 5215.96 2815.01 2831.98 2273.4 3006.5 2408.64 2256.88 2912.01 2641.32 2344.59 2156.82 2135.43 3062.21 3634.22 2814.47 2765.19 2659.55 2227.76 1994.63 1796.96 1774.41 1672.2 1539.39 1490.11 1476.08 1450.99 2041.31 1317.76
threshold=5.1673452854156503 2.138217687606812 1.0000000180025095e-35 0.16288578510284427 111530.00000000001 1.5000000000000002 12612.500000000002 1.0009968876838686 3656.255004882813 234567.50000000003 0.4904943853616715 2413.8850097656255 2.4716013669967656 9327.5000000000018 102502.50000000001 2.9369496107101445 3639.8083496093755 2.7912334203720097 175102.50000000003 -0.90159028768539418 -1.0000000180025095e-35 -4.5347783565521231 4.8566527366638192 4494.1716308593759 0.87837970256805431 1.5000000000000002 59.930778503417976 0.6078576147556306 1.5129033923149111 6.4956810474395761
decision_type=2 2 2 2 2 2 2 2 2 2 2 2 2 2 2 2 2 2 2 2 2 2 2 2 2 2 2 2 2 2
left_child=1 -1 3 13 5 7 22 -5 9 10 -6 -11 -8 17 15 19 18 21 -16 -15 -2 24 -7 -17 -3 26 -4 -10 -29 -22
right_child=20 2 25 4 8 6 12 -9 27 11 -12 -13 -14 14 16 23 -18 -19 -20 -21 29 -23 -24 -25 -26 -27 -28 28 -30 -31
leaf_value=0.014422794572152203 0.016861636847067322 -0.054373400788831253 0.014944403333973228 0.016883173912058482 -0.019048275473263571 0.0014897741715413646 -0.020102805827344829 -0.0072772404132960128 0.039357867548625594 -0.017846559242424124 0.01386633006539871 0.011032586108452772 0.012459479954920416 0.00042465979561628924 0.044862283752897136 0.062442506515237729 -0.0043070193561546869 -0.020043745883601517 0.011392786187664873 0.020467232167019782 0.024558843061679728 0.0097809971946422221 0.04472412543282047 0.024033671026967601 0.015132189516564976 -0.0043513296299098328 -0.0031450500198546092 -0.0044343212356469158 0.049441367001780881 0.020399579797447415
leaf_weight=814148.02685132623 188942.53965745866 2077.0601650774479 24403.798812329769 31770.34560392797 17481.304330706596 45310.970391020179 32522.802957832813 15274.626488119364 9729.1993123143911 7294.7807779014111 9356.6297846287489 191556.07951077819 6027.0081724375486 16616.6567273736 6061.4683644026518 6870.5840277671814 28755.559705331922 10342.984710469842 283706.16160820425 83723.29246327281 404266.69465094805 60836.285064578056 2503.4139842092991 4826.7300285845995 1291.1087640076876 99327.802555516362 20963.355618909001 6085.6986095011234 2471.3318269848824 360177.17126479745
leaf_count=2261291 474513 8679 89902 101765 64705 156156 121989 54302 28037 26774 30678 618909 19455 55875 16432 16688 97920 37759 905991 255786 931450 197070 7016 14646 4088 406501 84096 21253 6752 883642
internal_value=0.0144183 0.0107712 0.00787698 0.0093197 0.00605261 0.000195189 -0.00462208 0.00903864 0.00925549 0.00788653 -0.00757283 0.00997305 -0.0150116 0.0117606 0.0131134 0.0202233 0.0106125 0.00394741 0.0120931 0.0171482 0.0214621 0.00781258 0.00375438 0.0465975 -0.027732 -0.000922148 0.00658559 0.0261497 0.0111287 0.0225992
internal_weight=2.79472e+06 1.84134e+06 1.02719e+06 882492 377384 133409 86364.2 47045 243975 225689 26837.9 198851 38549.8 505108 430560 112037 318523 74547.4 289768 100340 953386 64204.5 47814.4 11697.3 3368.17 144695 45367.2 18286.2 8557.03 764444
internal_count=8000120 5710515 3449224 2868725 1257791 460683 304616 156067 797108 741066 95383 645683 141444 1610934 1363338 342995 1020343 247596 922423 311661 2289605 209837 163172 31334 12767 580499 173998 56042 28005 1815092
is_linear=0
shrinkage=0.05


Tree=25
num_leaves=31
num_cat=0
split_feature=79 79 55 49 79 79 54 55 39 25 94 90 55 54 25 7 94 54 49 55 25 37 37 48 55 55 94 37 25 87
split_gain=26087.4 7480.35 2599.98 2480.38 1944.55 1837.66 1622.81 2866.7 1936.63 1917.09 1617.96 1573.35 1486.21 1917.92 2421.71 1858.79 1551.58 1834.05 1430.44 1770.48 1429.31 1403.52 1627.55 1358.21 1292.88 6849.6 1673.95 1233.65 1556.96 1229.88
threshold=5.1673452854156503 2.9062187671661381 14487.500000000002 0.16288578510284427 1.8045570254325869 7.0364646911621103 627847.50000000012 -737772.49999999988 -5.8464796543121329 1.3968285918235781 5186.2885742187509 4505.4243164062509 -102597.49999999999 8797.5000000000018 2.9369496107101445 0.0098980646580457705 3639.8083496093755 181927.50000000003 0.054511256515979774 15637.500000000002 2.7912334203720097 17.446100234985355 5.1018955707550058 -0.89194178581237782 -443837.49999999994 -397054.99999999994 2756.641479492188 3.8359495401382451 1.1470879912376406 1.0000000180025095e-35
decision_type=2 2 2 2 2 2 2 2 2 2 2 2 2 2 2 2 2 2 2 2 2 2 2 2 2 2 2 2 2 2
left_child=1 4 3 12 -1 -2 10 9 -9 -8 24 21 15 20 23 16 17 -3 19 -6 -14 22 -4 -15 26 -26 -5 -13 -29 -18
right_child=5 2 11 6 18 -7 7 8 -10 -11 -12 27 13 14 -16 -17 29 -19 -20 -21 -22 -23 -24 -25 25 -27 -28 28 -30 -31
leaf_value=0.015299327747278636 0.022479057707029144 0.03628029937158362 -0.0013590079558457435 -0.00029228989037864608 0.013962910731808421 0.018081385875662329 -0.032743620962576825 0.039388283184818434 0.011645077685666205 0.020948453787801462 0.052296603453036355 -0.028678338169309887 0.0082095763867771811 -7.9135214849004019e-05 0.043523765124616975 -0.023081680769662549 0.0094843396126775212 0.0084526807546342463 0.0087206379610002913 0.00071233239078841821 -0.022828001786385353 -0.023901258662389235 0.030334519042560557 0.018571445353583155 0.035699079870750383 0.00011363049503744488 -0.020806247953270469 -0.02717062658872706 0.0044012402318886644 -0.015082691241589031
leaf_weight=422590.87770821154 497802.64831607044 6093.9498907327652 10432.321354061365 35711.707967221737 379342.08149862289 454502.02887117863 5179.5890682637691 8307.7710510790348 25904.444480985403 2447.202058210969 1554.1953223496675 8812.4694389104843 29569.933034613729 11698.555741980672 8641.4340973645449 4918.9844492524862 8649.4374690502882 207810.65758791566 349824.93610583246 27004.816571071744 4240.2592341452837 3477.8178493976593 6620.5513803213835 58940.291044011712 14788.270361870527 157890.43806113303 13781.774733111262 5771.3277952969074 12069.655585482717 12391.803832232952
leaf_count=1143916 1160565 18142 37964 127148 1105633 1129401 21454 24872 87639 8280 4269 35800 101883 41739 24568 18985 31679 712148 1053434 84003 16525 13920 20907 190829 44467 575400 54012 23396 42810 44425
internal_value=0.0136597 0.0101898 0.00595271 0.00681576 0.0125827 0.0203802 0.00316544 0.0122036 0.0183831 -0.0155143 0.00147514 -0.00536054 0.00956226 0.0142875 0.0185397 0.00733434 0.00797127 0.00924565 0.0110645 0.0130823 0.00431633 0.00504218 0.0109463 0.0154827 0.00111937 0.0031614 -0.00600494 -0.0133737 -0.00581252 -0.0049837
internal_weight=2.79677e+06 1.84447e+06 665705 618521 1.17876e+06 952305 265565 41839 34212.2 7626.79 223726 47184.1 352955 113090 79280.3 239865 234946 213905 756172 406347 33810.2 20530.7 17052.9 70638.8 222172 172679 49493.5 26653.5 17841 21041.2
internal_count=8000213 5710247 2323261 2148464 3386986 2289966 947541 142245 112511 29734 805296 174797 1200923 375544 257136 825379 806394 730290 2243070 1189636 118408 72791 58871 232568 801027 619867 181160 102006 66206 76104
is_linear=0
shrinkage=0.05


Tree=26
num_leaves=31
num_cat=0
split_feature=79 79 81 86 78 78 86 78 84 22 54 90 25 79 79 7 78 54 54 94 50 22 90 46 78 13 49 90 26 54
split_gain=23746.5 6736.51 4206.04 5725.27 6204.38 2071.79 2398.19 2070.17 1776.2 1279.83 1839.12 1405.42 1401.81 1231.53 1155.01 1089.25 1087.35 1085.33 1771.97 1528.85 1027.22 1027.13 1339.17 994.68 994.182 959.4 893.055 890.819 884.08 1147.24
threshold=5.1673452854156503 2.8426986932754521 1.0000000180025095e-35 6.0000000000000009 1.5000000000000002 1.5000000000000002 6.0000000000000009 3.0000000000000004 -1.0000000180025095e-35 1.5000000000000002 648177.50000000012 4790.2700195312509 2.7912334203720097 1.5493947863578799 6.4956810474395761 0.0094986227340996283 0.81333059072494518 654727.50000000012 668377.50000000012 2595.279907226563 127.50000000000001 1.0000000180025095e-35 2617.420043945313 0.071151539683341994 1.0304679572582247 0.052871149033308036 0.35222910344600683 4451.0634765625009 -0.70800563693046559 1822.5000000000002
decision_type=2 2 2 2 2 2 2 2 2 2 2 2 2 2 2 2 2 2 2 2 2 2 2 2 2 2 2 2 2 2
left_child=1 5 3 -3 17 6 9 -6 -2 11 15 21 -13 -7 -10 20 -8 28 -19 -20 -11 22 -1 -23 -16 26 -12 -9 -5 -30
right_child=8 2 -4 4 7 13 16 27 14 10 25 12 -14 -15 24 -17 -18 18 19 -21 -22 23 -24 -25 -26 -27 -28 -29 29 -31
leaf_value=-0.068530123102114746 0.015046394077885772 -0.0010702173730902762 -0.0044452415093365564 0.008776636258798912 0.0013858767417723843 0.013121467190387351 0.01482612797166531 0.012029000371519964 0.022303228966465721 0.012630077821310651 -0.029182587310685307 -0.041434928205766192 0.042762175945425245 0.0089576512434170856 0.024898028343986609 -0.015580590038419776 0.021413492668717074 0.059335930190937837 0.024748746160740413 -0.04926297747187719 -0.00096559427721646057 0.010711916592631786 0.0084060205138356305 0.028437785288830661 0.017340031314601177 0.10871185933756773 0.0046683056457879684 0.0009357321629534179 -0.0065818443929679315 0.019437125035717578
leaf_weight=615.21256184577942 188943.79215037823 153623.99325887859 88966.142831981182 30551.897060319781 142482.78540611267 276270.71201209724 137300.45416174829 106431.08368852735 402317.2628672421 70358.836428686976 5623.8120854943991 1879.7927516996861 669.66332620382309 497231.88076429069 50647.289040744305 4387.4105048179626 115247.88921836019 3800.3773295134306 17022.626363441348 726.6280979514122 17310.438221037388 11948.496084541082 6885.6603343933821 23455.438265249133 309194.49982316792 152.36188308894634 2980.2629904597998 21806.121084392071 4413.034653455019 105511.71165421605
leaf_count=2524 474571 601055 387464 81564 570525 761250 357022 311557 931789 209691 20977 7171 1746 1521019 118031 14891 279552 7199 40095 2396 55449 35239 21011 63814 765575 273 9731 68839 12878 265315
internal_value=0.0129671 0.00966273 0.00568493 0.00722193 0.0101656 0.0119542 0.0148815 0.00553393 0.0193864 0.00978659 0.00664588 0.016752 -0.0193089 0.0104449 0.0204622 0.00872877 0.0178323 0.0179044 0.0283531 0.0217159 0.00994555 0.0188953 0.00208685 0.0224561 0.0184039 -0.0152495 -0.0174576 0.0101427 0.0163013 0.0183925
internal_weight=2.79876e+06 1.84765e+06 675336 586370 432746 1.17232e+06 398816 270720 951103 146267 100813 45454.3 2549.46 773503 762159 92056.7 252548 162026 21549.6 17749.3 87669.3 42904.8 7500.87 35403.9 359842 8756.44 8604.08 128237 140477 109925
internal_count=8000213 5710247 2348887 1961423 1360368 3361360 1079091 950921 2289966 442517 311012 131505 8917 2282269 1815395 280031 636574 409447 49690 42491 265140 122588 23535 99053 883606 30981 30708 380396 359757 278193
is_linear=0
shrinkage=0.05


Tree=27
num_leaves=31
num_cat=0
split_feature=79 79 81 86 78 78 84 94 22 55 104 94 50 42 55 79 55 55 104 55 55 55 78 55 94 99 55 79 30 79
split_gain=21587.3 6074.44 4355.48 6399.18 6703.67 2280.33 1621.34 1464.05 1391.24 1357.28 1856.48 1848.35 1886.55 1346.54 1309.99 1309.09 1189.79 1853.85 1443.39 1277.06 1925.56 1689.75 1153.35 1132.27 1958.31 1821.62 1119.14 1109.22 1070.12 1069.52
threshold=5.1673452854156503 2.0439162254333501 1.0000000180025095e-35 6.0000000000000009 1.5000000000000002 3.7121527194976811 -1.0000000180025095e-35 2691.0258789062505 1.5000000000000002 27492.500000000004 8.3818206787109393 4636.3850097656259 -487.49999999999994 0.9880407750606538 -525482.49999999988 3.4019228219985966 -276252.49999999994 -134584.99999999997 8.1912503242492694 -214424.99999999997 -262039.99999999997 -211842.49999999997 1.5000000000000002 -615622.49999999988 2705.881713867188 122173.17578125001 -302657.49999999994 3.2111924886703496 0.51249998807907116 6.4956810474395761
decision_type=2 2 2 2 2 2 2 2 2 2 2 2 2 2 2 2 2 2 2 2 2 2 2 2 2 2 2 2 2 2
left_child=1 22 3 15 7 27 -2 13 9 10 11 28 -13 -5 -15 -3 26 19 -19 20 -18 -21 -1 24 -9 -25 -10 -6 -4 -8
right_child=6 2 8 4 5 -7 29 23 16 -11 -12 12 -14 14 -16 -17 17 18 -20 21 -22 -23 -24 25 -26 -27 -28 -29 -30 -31
leaf_value=0.015149117915656447 0.014297887934596958 0.0035498794287748335 -0.0023438488965401485 -0.068780196659047041 0.0067056575046789803 0.013237712479685984 0.02124875655041952 0.091772149219100985 -0.0091552932597589454 0.075684232828883438 -0.035281079130229383 0.1028930083806648 -0.0041312309492625016 0.026899229754421796 -0.0026082059370839423 -0.0043073951816949476 0.034956107404025188 -0.035749894706275841 -0.0024591151201769725 0.091682259408566863 -0.023187479986351778 0.019836048130599887 0.011115345685751059 -0.043032962540389595 -0.019780164233323946 0.016080514175793922 -0.049481591547565734 0.00045278093127776363 0.01391278216413025 0.01749348937342092
leaf_weight=264259.27806341648 188894.63471588492 160774.65084755421 21771.127801716328 386.05512619018555 216465.40726284683 101941.19119095802 401197.19798862934 432.94204731285572 42596.771938353777 684.16969886422157 2716.9235836267471 991.38529387116432 703.48769418895245 52877.98218229413 4048.8961642533541 79086.515096589923 2216.153432533145 3575.7140657752752 36313.611039295793 909.8009442538023 3979.1226753145456 8082.8643559664488 538076.78470401466 1312.0541985929012 4212.6989515423775 174819.44006830454 1792.0396191030741 105490.37603321671 18918.685212671757 359645.94862222672
leaf_count=697142 474571 567596 85919 1416 731845 285356 931789 671 180021 1801 11669 2477 2751 122271 11172 318764 7851 16185 145491 2441 17347 28860 1520459 4288 12593 447540 8541 407839 69941 883606
internal_value=0.012317 0.00917038 0.00666201 0.00795617 0.0104914 0.0067205 0.0184443 0.0172051 -0.00137321 0.00583911 0.00477783 0.00734656 0.0584915 0.0241688 0.0248004 0.000959168 -0.00469322 0.000215989 -0.00544428 0.0150817 -0.00238546 0.0271148 0.0124439 0.0149972 -0.00936566 0.0156399 -0.0107845 0.0046569 0.00521469 0.0194737
internal_weight=2.79917e+06 1.84944e+06 1.0471e+06 901848 661987 423897 949738 238090 145252 45785.8 45101.6 42384.7 1694.87 57312.9 56926.9 239861 99466.1 55077.3 39889.3 15187.9 6195.28 8992.67 802336 180777 4645.64 176131 44388.8 321956 40689.8 760843
internal_count=8000213 5710247 3492646 2911351 2024991 1425040 2289966 599951 581295 174558 172757 161088 5228 134859 133443 886360 406737 218175 161676 56499 25198 31301 2217601 465092 13264 451828 188562 1139684 155860 1815395
is_linear=0
shrinkage=0.05


Tree=28
num_leaves=31
num_cat=0
split_feature=79 79 81 86 77 77 77 86 79 79 55 55 84 81 77 99 24 39 77 22 25 90 22 55 90 35 55 90 94 49
split_gain=19626.8 5568.64 3501.83 4650.91 5089.59 1745.09 1691.17 2043.02 1491.18 1148.58 1098.12 1487.77 1054.93 1294.93 1557.42 1381.4 1432.94 1893.72 1027.39 1025.41 1583.22 1309.43 994.472 1280.35 1016.19 984.445 882.293 1197.17 1160.41 881.476
threshold=5.1673452854156503 2.8426986932754521 1.0000000180025095e-35 6.0000000000000009 1.5000000000000002 3.0000000000000004 1.5000000000000002 6.0000000000000009 7.0364646911621103 1.4139525890350344 19872.500000000004 30795.000000000004 -1.0000000180025095e-35 1.0000000180025095e-35 3.7121527194976811 121408.12500000001 72.268428802490249 6.3388719558715829 0.81333059072494518 1.5000000000000002 2.3387008905410771 4735.4599609375009 1.5000000000000002 -649952.49999999988 4767.5700683593759 -11.862716674804686 12812.500000000002 4515.8300781250009 5186.2885742187509 -0.50938662886619557
decision_type=2 2 2 2 2 2 2 2 2 2 2 2 2 2 2 2 2 2 2 2 2 2 2 2 2 2 2 2 2 2
left_child=1 6 3 29 -5 -6 7 9 -2 -1 18 -12 -8 14 -14 16 17 -15 -9 21 -21 -17 24 -24 -11 -26 28 -28 -7 -3
right_child=8 2 -4 4 5 26 12 10 -10 22 11 -13 13 15 -16 19 -18 -19 -20 20 -22 -23 23 -25 25 -27 27 -29 -30 -31
leaf_value=0.018438548733510061 0.019450402589535992 0.0042988635875402048 -0.0041729427013920623 0.016147167362668535 0.0011424206749156777 0.010027498714909558 0.0043843966690264484 0.013888064533110173 0.015481130361584845 0.015395204987177889 -0.0073858781280924379 0.037869449839223079 0.0099749837969420694 0.014089195200604322 0.016804262100101386 0.01738945838439699 -0.014941871995889568 -0.016545448719358598 0.020445138454394246 0.0082056747359418591 -0.011048784313840035 -0.013617882335240698 -0.015560741948925171 0.0056600101405075553 0.07953024391720484 -0.03205741285616133 0.013177678040604563 -0.020942072954280581 0.077283341886044701 -0.0037054355562856699
leaf_weight=25252.870657399297 494172.18358172476 52026.911520853639 88701.828764513135 162024.7439930588 142763.76982362568 117698.34231814742 91646.054300501943 130866.42323830724 454116.56310640275 35949.348877996206 9526.7864457666874 2242.7586047053337 388981.90794365108 17542.550095543265 106303.18121172488 42673.349003180861 13596.82712687552 7079.6168198883533 109945.93558692932 92427.59890833497 12069.42364834249 3699.1226202249527 7844.0251252800226 75648.738989889622 219.83809021115303 1883.0063776522875 4864.0415992438793 5450.7930423617363 643.90817624330521 101490.20726647973
leaf_count=68564 1160565 192671 387464 409447 570525 345510 283671 338429 1129401 104268 27714 5079 1137025 53081 284676 122890 46333 24212 265352 279153 39113 12115 28040 234131 425 7089 14588 19047 1251 408384
internal_value=0.0117003 0.00870369 0.00508656 0.00648587 0.00913464 0.00494845 0.0107829 0.0134267 0.0175496 0.00873565 0.016153 0.00123986 0.0094223 0.0100969 0.0114408 0.00657682 -0.00191404 0.00528029 0.0168819 0.00872779 0.00598165 0.0149157 0.00671955 0.00366613 0.0134188 -0.020357 0.0091717 -0.00485243 0.0103941 -0.000992738
internal_weight=2.79935e+06 1.85106e+06 675665 586963 433446 271421 1.1754e+06 399380 948289 146798 252582 11769.5 776020 684374 495285 189088 38219 24622.2 240812 150869 104497 46372.5 121545 83492.8 38052.2 2102.84 128657 10314.8 118342 153517
internal_count=8000213 5710247 2348887 1961423 1360368 950921 3361360 1079091 2289966 442517 636574 32793 2282269 1998598 1421701 576897 123626 77293 603781 453271 318266 135005 373953 262171 111782 7514 380396 33635 346761 601055
is_linear=0
shrinkage=0.05


Tree=29
num_leaves=31
num_cat=0
split_feature=80 80 81 86 77 77 80 94 80 42 55 49 55 55 80 49 55 77 80 85 37 53 37 90 55 22 55 94 94 73
split_gain=17840.4 5073.13 3572.98 5195.93 5550.77 1905.46 1373.74 1336.68 1262.76 1218.71 1188.35 1178.01 1481.27 1330.62 1145.99 992.885 1216.02 1284.36 946.83 880.52 1673.64 1350.95 1273.1 883.993 811.31 878.875 962.823 810.824 798.133 784.536
threshold=5.1673452854156503 2.0439162254333501 1.0000000180025095e-35 6.0000000000000009 1.5000000000000002 3.7121527194976811 7.0364646911621103 2691.0258789062505 3.0803061723709111 0.9880407750606538 -525482.49999999988 0.1413247883319855 -624657.49999999988 -234859.99999999997 4.1291615962982187 0.076279435306787505 15637.500000000002 1.5000000000000002 4.0193607807159433 0.90000000596046459 -4.5347783565521231 0.87837970256805431 17.992808341979984 4723.5949707031259 14487.500000000002 1.5000000000000002 -276252.49999999994 2389.1762695312505 4034.924926757813 0.68562060594558727
decision_type=2 2 2 2 2 2 2 2 2 2 2 2 2 2 2 2 2 2 2 2 2 2 2 2 2 2 2 2 2 2
left_child=1 15 3 14 7 18 29 9 -4 -5 -11 12 -9 -13 24 16 17 27 -6 20 21 -18 28 -24 25 -3 -27 -1 -22 -2
right_child=6 2 8 4 5 -7 -8 11 -10 10 -12 13 -14 -15 -16 -17 19 -19 -20 -21 22 -23 23 -25 -26 26 -28 -29 -30 -31
leaf_value=-0.035525854683759586 -0.01817240695086875 0.0090086622853897749 0.0023333723997963139 -0.066326516058266213 0.0058946404969467403 0.011946263346112729 0.014714508030488167 -0.034906709203630551 -0.0072805218755139737 0.024807420403899431 -0.0033012523836037748 0.016482326819182363 0.017670498985620026 0.003309698115816672 -0.0055980126959508233 0.0093258535950493503 -0.060721924108033065 0.011554583617855406 -4.1860579411317579e-06 0.013838734318605673 0.041661596874783491 0.032232418605246158 -0.043949152664910326 0.0078759158661300711 -0.0087776237729363295 -0.0034555357202598644 0.0055433313710359028 0.017749133152122114 0.0046975884189456758 0.018635537217282058
leaf_weight=716.96092854440212 1451.0648867487907 52832.332206562161 90049.820242136717 385.17254528403282 225501.99030940235 102283.35853661597 453892.81965084374 1356.7069534063339 55025.691028162837 52720.255207464099 4048.3330344557762 33012.596578612924 100777.73159386218 45726.680826336145 53720.445340037346 365694.1001958698 1962.5276969671249 269966.11390116811 97410.892162457108 11602.614858821034 1696.5165598988533 487.2754692286253 2176.1761368364096 1322.0705666989088 14239.686041533947 56709.796510398388 62462.257106810808 138055.35401892662 10458.768835574389 491440.87930256128
leaf_count=2369 4092 182635 331164 1416 763963 285356 1129401 4379 250131 122271 11172 82895 250575 127243 218235 1020065 7278 754564 375721 32122 3988 1193 7557 3695 54347 209219 221924 355095 29675 1156473
internal_value=0.011116 0.00826221 0.00597042 0.00714034 0.0094215 0.00599902 0.0166994 0.0155351 -0.00131307 0.0222009 0.0228028 0.0134287 0.0169717 0.00883272 0.00083555 0.0112497 0.0128543 0.0135642 0.00411517 0.00308651 -0.00380481 -0.0422253 0.00221005 -0.0243651 0.0026913 0.00364085 0.00126105 0.0174736 0.00986008 0.0185271
internal_weight=2.79919e+06 1.8524e+06 1.04826e+06 903188 663224 425196 946785 238027 145076 57153.8 56768.6 180874 102134 78739.3 239965 804138 438444 408738 322913 29706 18103.3 2449.8 15653.5 3498.25 186244 172004 119172 138772 12155.3 492892
internal_count=8000213 5710247 3492646 2911351 2024991 1425040 2289966 599951 581295 134859 133443 465092 254954 210138 886360 2217601 1197536 1112028 1139684 85508 53386 8471 44915 11252 668125 613778 431143 357464 33663 1160565
is_linear=0
shrinkage=0.05


Tree=30
num_leaves=31
num_cat=0
split_feature=79 79 81 55 49 54 25 90 54 99 37 37 37 25 35 55 94 54 25 54 79 48 25 54 54 37 85 87 54 49
split_gain=16391.9 4580.67 3322.25 2221.38 2281.46 1853.18 2000.99 1871.61 1767.55 1671.62 1644.32 1806.54 1637.83 1717.26 1575.26 1568.66 2409.13 2255.39 2451.68 2064.64 1308.72 1283.12 1274.17 1216.06 1719.09 1776.36 2082.96 1232.88 1623.16 1258.9
threshold=5.1673452854156503 2.5423870086669926 1.0000000180025095e-35 14487.500000000002 0.16288578510284427 257452.50000000003 1.841772258281708 2413.8850097656255 627847.50000000012 292971.42187500006 17.446100234985355 5.1018955707550058 3.8359495401382451 1.1470879912376406 -16.06341457366943 -102597.49999999999 3639.8083496093755 8797.5000000000018 2.9369496107101445 175102.50000000003 6.4956810474395761 0.24825246632099154 2.7912334203720097 2462.5000000000005 787.50000000000011 3.9785697460174565 0.90000000596046459 1.0000000180025095e-35 720242.50000000012 -0.45201864838600153
decision_type=2 2 2 2 2 2 2 2 2 2 2 2 2 2 2 2 2 2 2 2 2 2 2 2 2 2 2 2 2 2
left_child=1 23 3 4 15 6 21 14 -9 10 11 -5 -11 -14 -7 16 19 22 -19 -3 -2 -6 -17 24 -1 26 -26 28 -25 -29
right_child=20 2 -4 9 5 7 -8 8 -10 12 -12 -13 13 -15 -16 17 -18 18 -20 -21 -22 -23 -24 27 25 -27 -28 29 -30 -31
leaf_value=0.015106500352317507 0.017800273817340791 0.038206749210159846 -0.002456530481072233 0.00023714657147289313 -0.0093574421961067598 0.038289386574925616 0.010001753057415495 0.0055100140508175322 0.017043620602206374 -0.028384226808821963 -0.02205303072448225 0.030332384322755791 -0.023819307660190421 0.0071947582532573178 -0.028008146084028903 0.0071395763499291168 -0.006889622192359582 0.015758043853616777 0.043621844050831055 0.0083522530728116808 0.01407943313252915 0.0014841993296461501 -0.022102308604149874 0.0090963905838714436 -0.040959170921196497 0.0036778172343257687 0.0046426286902301883 0.015551762359745386 -0.0096108643389824569 0.010499477116943099
leaf_weight=19792.072608709335 474358.64990499616 5914.2776817977428 117581.34792989492 12732.208219826221 50401.556873470545 1055.0244249850512 36663.476262420416 129865.7849714458 44637.265646308661 9489.289915561676 4259.5442245453596 8195.9719217419624 6703.3918843269348 13351.406087949872 5912.4125295579433 33940.302688151598 26134.813098922372 83978.866186499596 8713.4194071888924 276409.06058363616 471060.53767319024 59515.008678346872 4183.5146193951368 309749.24608272314 5704.0313247144222 26206.778632178903 4462.5231838822365 192249.20896723866 12045.156605914235 343859.96485467255
leaf_count=54766 1118760 15872 488884 43357 179041 3010 119505 426018 137527 37227 16040 23979 25701 44202 22766 109664 89662 256842 22765 879952 1171020 203657 15601 889061 20008 76291 13205 513390 37920 944727
internal_value=0.0105886 0.00785607 0.0054046 0.00652901 0.00722317 0.00406823 -0.000113155 0.00744569 0.00846038 -0.00320285 0.00626056 0.0120243 -0.0112709 -0.00317223 -0.0179645 0.00957926 0.00763338 0.0141674 0.0183778 0.00897781 0.0159464 -0.00348716 0.00393009 0.0103761 0.0032483 -0.00320428 -0.0209437 0.0108427 0.00839611 0.0123113
internal_weight=2.79913e+06 1.85371e+06 939638 822057 767325 328051 146580 181470 174503 54731.8 25187.7 20928.2 29544.1 20054.8 6967.44 439274 308458 130816 92692.3 282323 945419 109917 38123.8 914069 56165.4 36373.3 10166.6 857904 321794 536109
internal_count=8000420 5710640 3161272 2672388 2481882 1091524 502203 589321 563545 190506 83376 67336 107130 69903 25776 1390358 985486 404872 279607 895824 2289780 382698 125265 2549368 164270 109504 33213 2385098 926981 1458117
is_linear=0
shrinkage=0.05


Tree=31
num_leaves=31
num_cat=0
split_feature=79 79 77 86 87 84 86 77 54 55 46 30 55 94 24 55 22 54 55 81 54 99 77 55 50 104 22 46 55 25
split_gain=14915.5 4146.45 2563.75 5989.55 2095.2 1490.79 1455.15 2212.38 1222.51 2832.45 1550.19 1398.88 1338.14 1268.54 1242.82 1218.47 2130.29 1203.12 3453.6 1083.45 1317.87 1247.15 1221.67 1067.11 1036.29 1425.71 1094.21 1288.45 1109.51 1006.86
threshold=5.1673452854156503 2.8426986932754521 1.5000000000000002 6.0000000000000009 1.0000000180025095e-35 -1.0000000180025095e-35 6.0000000000000009 1.5000000000000002 413952.50000000006 -443837.49999999994 0.090169116854667677 0.69249999523162853 12812.500000000002 5186.2885742187509 77.307056427001967 -525482.49999999988 2.5000000000000004 413952.50000000006 -405882.49999999994 1.0000000180025095e-35 720242.50000000012 106002.25000000001 3.7121527194976811 30795.000000000004 -202.49999999999997 7.6468608379364023 1.5000000000000002 0.051825247704982765 19872.500000000004 0.43953450024127966
decision_type=2 2 2 2 2 2 2 2 2 2 2 2 2 2 2 2 2 2 2 2 2 2 2 2 2 2 2 2 2 2
left_child=1 6 3 24 17 -2 -1 -8 10 15 -6 -11 13 -12 -13 -10 -17 18 -4 22 21 -21 -9 -14 -3 -26 27 -27 -28 -23
right_child=5 2 4 -5 8 -7 7 19 9 11 12 14 23 -15 -16 16 -18 -19 -20 20 -22 29 -24 -25 25 26 28 -29 -30 -31
leaf_value=0.0057695033675994548 0.011197032312061674 0.0030153674355821772 0.069260250161577844 0.014139487173581738 -0.003675290036964274 0.016168265228923725 0.014136470925729519 0.0085947622239537381 0.010511046810227216 0.051639582314490742 0.0084691402385243791 0.028960164394383498 -0.01256654800164622 0.065652343795867263 -0.049983269161488611 0.010933790191063714 -0.024008236288163985 -0.0082512917398174825 -0.0004629809594115619 0.074958748152543733 -0.015707910993468171 -0.0036040010227483322 0.014636931910094037 0.031819211822400932 -0.051610782036952588 0.037471444426517259 -0.0082110059233287905 -0.0016445678493516068 -0.056560496939023264 0.0074572183634760633
leaf_weight=239876.3394344002 188453.33673928678 60666.484755277634 1802.0354724228382 162755.43650682271 62876.096116796136 755352.96650469303 252366.92403680086 391164.79080612957 54598.761141091585 5659.2800786942244 74071.631470009685 1736.6914443969727 12334.015346378088 981.77836965024471 698.14242336153984 9813.165463924408 7850.6301568597555 56712.377750694752 118688.50900538266 657.38025142252445 7087.8009864240885 23652.484611809254 106424.95455877483 1520.1084861755371 1726.0592977255583 2797.1545526832342 29338.660523355007 8500.0235967040062 1235.66111959517 157972.2565074861
leaf_count=727425 474577 229382 5083 411956 216029 1815203 636668 1138057 172519 14346 239462 4935 45073 2180 2717 31469 28838 256936 503699 1446 24749 75065 284190 4599 8424 9644 121839 33481 6023 474406
internal_value=0.0100582 0.00745525 0.00433436 0.00814581 0.00184809 0.0151757 0.00924531 0.0101329 0.00497343 0.00996023 0.00233326 0.0380072 0.00658261 0.00921809 0.00631135 0.00681814 -0.0045963 -0.00224617 0.000580312 0.00866211 0.00544323 0.00626578 0.0098871 -0.00769413 -0.00121027 -0.00709034 -0.00525378 0.00804248 -0.010167 0.00601671
internal_weight=2.79937e+06 1.85557e+06 676363 267019 409343 943806 1.1792e+06 939327 232140 80356.7 151784 8094.11 88907.5 75053.4 2434.83 72262.6 17663.8 177203 120491 686960 189370 182282 497590 13854.1 104264 43597.6 41871.5 11297.2 30574.3 181625
internal_count=8000420 5710640 2348634 820749 1527885 2289780 3362006 2634581 762167 254824 507343 21998 291314 241642 7652 232826 60307 765718 508782 1997913 575666 550917 1422247 49672 408793 179411 170987 43125 127862 549471
is_linear=0
shrinkage=0.05


Tree=32
num_leaves=31
num_cat=0
split_feature=79 79 78 85 87 94 99 54 54 55 46 42 90 55 90 55 54 55 25 54 54 54 84 49 30 42 39 36 50 39
split_gain=13555.9 3854.84 2794.28 3888.03 2024.71 1819.09 2512.28 1812.26 1614.99 3797.26 2051.75 1967.58 2226.7 1871.06 1832.87 1768.93 2350.15 1518.54 1445.57 1416.54 3496.89 1627.05 1358.14 1277.93 1259.86 1428.21 2177.42 1608.94 1181.45 2340.12
threshold=5.1673452854156503 2.0439162254333501 1.5000000000000002 0.90000000596046459 1.0000000180025095e-35 2923.5878906250005 148286.19531250003 413952.50000000006 413952.50000000006 -443837.49999999994 0.090169116854667677 1.0035936236381533 2908.140014648438 12812.500000000002 5186.0429687500009 -475762.49999999994 483617.50000000006 30795.000000000004 0.70041006803512584 216592.50000000003 134432.50000000003 243640.00000000003 -1.0000000180025095e-35 -0.032717135734856122 0.65749999880790722 0.99752268195152294 -8.4806275367736799 -3.682357549667358 -487.49999999999994 -1.1452162861824033
decision_type=2 2 2 2 2 2 2 2 2 2 2 2 2 2 2 2 2 2 2 2 2 2 2 2 2 2 2 2 2 2
left_child=1 -1 3 -3 5 24 7 -7 10 15 28 23 -13 14 -12 16 -10 -15 -17 20 -8 -21 -2 -11 25 26 -4 -27 -6 -30
right_child=22 2 4 -5 8 6 19 -9 9 11 13 12 -14 17 -16 18 -18 -19 -20 21 -22 -23 -24 -25 -26 27 -28 -29 29 -31
leaf_value=0.0096792889294538605 0.010643942955962205 0.0052044739142973013 0.052388717294145008 0.016022575620933337 -0.0098346553230851206 0.050242805768557955 8.5122844029303848e-05 0.0084299279685069849 0.054729388077413468 0.026278918153824368 0.0088583887715434732 0.10812704503716149 -0.022222564522856741 -0.011189967670562628 0.064398255200819876 0.013218856538559998 0.0080035079811377752 0.031249257692169099 -0.025916436421408364 -0.029871217042590489 0.020330887446622554 -0.002593050664216117 0.015390974625218354 0.062444411122524392 0.0013995485806527334 -0.022451797054361206 -0.0064594291266514507 -0.0027936205183697435 0.010899910023331542 -0.0085519209544514876
leaf_weight=806097.2022087872 188336.676861763 285152.43313342333 2059.8256122618914 117189.82205209136 34701.655109554529 4508.2636457085609 116602.8551132679 6095.0862708091736 2766.2264276742935 4381.9173240959644 114041.36206114292 384.47276909649372 2182.291628241539 19072.513815000653 1504.1342387497425 3610.1559567600489 97858.583161562681 2368.6618951410055 6807.5816197246313 6212.3821630328894 26101.846389740705 45483.989696741104 753864.21211069822 5526.9349388480186 33581.325934380293 26399.687936559319 6623.8858368098736 17184.841791763902 32642.547793313861 29374.270627275109
leaf_count=2217137 474577 915060 6900 288702 120549 12861 454126 23083 6959 12174 359230 672 7559 67539 3317 11467 305454 6895 24933 27688 92190 181569 1815203 12667 134830 115497 27527 70734 103105 100216
internal_value=0.00955747 0.00707845 0.00508255 0.0083555 0.0030506 -4.65914e-05 0.00251226 0.0262112 0.00557237 0.0101967 0.00312823 0.0363507 -0.00266119 0.00706474 0.00958198 0.00725801 0.00928861 -0.00650013 -0.0123541 0.00121948 0.00378839 -0.00587169 0.0144421 0.046456 -0.00615701 -0.011012 0.00750353 -0.0147012 -0.0024472 0.00168648
internal_weight=2.79872e+06 1.85652e+06 1.05042e+06 402342 648077 290854 205004 10603.3 357223 123518 233705 12475.6 2566.76 136987 115545 111043 100625 21441.2 10417.7 194401 142705 51696.4 942201 9908.85 85849.6 52268.2 8683.71 43584.5 96718.5 62016.8
internal_count=8000420 5710640 3493503 1203762 2289741 1147005 791517 35944 1142736 381885 760851 33072 8231 436981 362547 348813 312413 74434 36400 755573 546316 209257 2289780 24841 355488 220658 34427 186231 323870 203321
is_linear=0
shrinkage=0.05


Tree=33
num_leaves=31
num_cat=0
split_feature=79 86 77 79 87 79 54 54 37 25 94 55 55 37 90 77 84 54 55 81 53 24 25 104 94 22 77 104 25 94
split_gain=12325.2 3632.76 5940.76 3349.14 2286.73 1922.25 1667.96 1924.76 1775.15 1607.46 1682.66 1513.28 1758.16 1530.76 1497.53 1433.15 1237.27 1225.43 1685.1 1150.03 1507.04 1555.55 1360.32 1900.38 1191.79 1158.51 1145.94 1061.81 1198.54 1127
threshold=5.1673452854156503 6.0000000000000009 1.5000000000000002 3.0662127733230595 1.0000000180025095e-35 3.4019228219985966 1822.5000000000002 617.50000000000011 22.499373435974125 1.901450574398041 5130.7700195312509 482.50000000000006 8447.5000000000018 2.6226198673248295 5175.2700195312509 0.81333059072494518 -1.0000000180025095e-35 413952.50000000006 -443837.49999999994 1.0000000180025095e-35 0.6078576147556306 56.508188247680671 2.3387008905410771 7.7372786998748788 4825.0178222656259 1.5000000000000002 3.7121527194976811 8.4083805084228533 6.0779948234558114 4365.8073730468759
decision_type=2 2 2 2 2 2 2 2 2 2 2 2 2 2 2 2 2 2 2 2 2 2 2 2 2 2 2 2 2 2
left_child=1 5 6 19 -5 27 7 8 9 10 -3 -9 14 -14 -13 -8 -2 -6 -19 26 22 25 23 -21 -23 -22 -4 29 -29 -1
right_child=16 2 3 4 17 -7 15 11 -10 -11 -12 12 13 -15 -16 -17 -18 18 -20 20 21 24 -24 -25 -26 -27 -28 28 -30 -31
leaf_value=0.0036431813200661954 0.01011845645475393 0.04814285454511015 0.0074671083649253374 -0.0036354379699914865 0.0013957242150641894 -0.0045087511756632167 0.010738747611673521 0.095222376436885109 -0.053837163248656186 -0.029915061346614875 -0.067449530328337823 -0.064125469655501657 -0.039608992453287833 0.013847566437269041 0.032428359599843914 0.016743233802437443 0.014651409345441183 0.0082839468705873387 0.036881676935561936 -0.011529208733224397 0.02166252896865524 0.0045027943927593728 -0.015415545777722115 0.0057495081179860874 -0.025642196128849611 0.0071497355339709802 0.012818827337779063 -0.01081668422531344 0.03476580868731783 0.012227785936697072
leaf_weight=250865.01085191965 188214.98978689313 4377.3016703426838 435259.12261910737 132663.17240932584 74024.529334664345 79089.481867626309 211041.19766670465 288.83173222839832 756.40130752325058 1000.505260720849 338.32818332314491 2796.7977260649204 2042.7985161542892 3883.4428511559963 468.18169768154621 187844.13645014167 752360.65945082903 52274.99153020978 5713.539228990674 19892.029452383518 27962.665142074227 48472.045830622315 12171.807893931866 79539.287349492311 3515.5934752523899 27061.25545014441 129881.19879466295 17816.333380028605 1568.0939502865076 45106.334653377533
leaf_count=804865 474577 9171 1288529 587341 240632 318329 546423 443 2600 3160 1217 9966 7091 9978 1068 457507 1815203 159571 14405 68052 81043 152878 42409 251755 12705 84955 349819 61210 4253 139265
internal_value=0.00908084 0.00671965 0.00786762 0.0058636 0.00100063 0.00246102 0.0129324 -0.00292095 0.018096 0.0276233 0.0398359 -0.0172712 -0.0208168 -0.00458185 -0.0502729 0.0135664 0.0137444 0.00565957 0.0111023 0.00750583 0.0044263 0.00866578 0.000361153 0.00229263 0.00246373 0.0145254 0.00869708 0.00420903 -0.00712745 0.00495154
internal_weight=2.79829e+06 1.85771e+06 1.46327e+06 1.04843e+06 264676 394445 414838 15952.6 6472.54 5716.14 4715.63 9480.05 9191.22 5926.24 3264.98 398885 940576 132013 57988.5 783755 218615 107012 111603 99431.3 51987.6 55023.9 565140 315356 19384.4 295971
internal_count=8000420 5710640 4382718 3334094 1001949 1327922 1048624 44694 16148 13548 10388 28546 28103 17069 11034 1003930 2289780 414608 173976 2332145 693797 331581 362216 319807 165583 165998 1638348 1009593 65463 944130
is_linear=0
shrinkage=0.05


Tree=34
num_leaves=31
num_cat=0
split_feature=79 79 86 77 87 53 24 22 94 25 36 49 36 25 39 79 100 25 25 25 44 25 55 94 90 90 22 41 36 25
split_gain=11198.2 3304.27 2595.92 5852.42 2527.04 1683.67 1731.41 1746.2 1726.78 2202.43 1789.06 1339.59 1389.95 1369.53 2584.6 1218.18 1148.85 1241.88 1238.68 2477.39 1093.95 984.919 962.435 1863.23 1656.61 1328.78 1208.92 946.026 918.34 916.587
threshold=5.1673452854156503 2.0439162254333501 6.0000000000000009 1.5000000000000002 1.0000000180025095e-35 0.6078576147556306 62.13533020019532 1.5000000000000002 5130.7700195312509 2.3387008905410771 -13.95372438430786 -0.45201864838600153 -36.237421035766594 0.56113409996032726 0.12794980406761172 6.4956810474395761 121034.81640625001 2.8900784254074101 1.9714748263359072 1.7452219724655154 1.0049520134925845 4.1132009029388437 -615622.49999999988 2705.881713867188 2705.8745117187505 2923.1750488281255 3.5000000000000004 1.0020294785499575 -21.36314487457275 2.99071216583252
decision_type=2 2 2 2 2 2 2 2 2 2 2 2 2 2 2 2 2 2 2 2 2 2 2 2 2 2 2 2 2 2
left_child=1 -1 27 16 5 8 7 -7 9 -5 -10 12 -6 14 -13 -2 17 18 19 -4 -8 -14 23 -18 26 -26 -24 -3 -29 -15
right_child=15 2 3 4 11 6 20 -9 10 -11 -12 13 21 29 -16 -17 22 -19 -20 -21 -22 -23 24 -25 25 -27 -28 28 -30 -31
leaf_value=0.0087873788203703933 0.014881229644120695 0.0018612208677612565 0.019796220123539925 -0.0026396215077154513 0.082091659010079296 0.015770078444436935 -0.0061071487781187159 0.0010434285201993934 0.12992638571461487 -0.02318798557219846 0.017951069849654899 0.02214482743725249 0.011212687808371882 -1.2945714943292963e-05 -0.0012202139518069385 0.011279118808560432 0.085981145165952899 -0.065464876515175144 0.068840537328344317 -0.050692168086542977 0.0096794964111111912 -0.033721245582563807 -0.087893890980349165 -0.021914237214700608 0.023904994218970257 0.0099945341102371469 0.0095190293082614182 0.01998089422439521 -0.006657157513786623 0.014383435486372255
leaf_weight=807110.53834956884 469546.17464405298 177327.47484007478 54323.034438759089 129958.95560738444 684.6955638974905 41270.197305142879 48149.374981120229 39295.790145084262 402.7099491506815 14493.882950946689 3070.8096692413092 25300.629108160734 98787.69716501236 119719.00193504989 22238.275098010898 469395.13953137398 440.53030283749104 434.65464766323566 1232.5362819135189 1274.8264809846878 14211.98451551795 1233.7739273309708 726.72034038603306 4266.5083243697882 19284.064675673842 156464.8376685679 565.91110152006149 3417.1852232813835 60517.539150416851 12180.105284407735
leaf_count=2217137 1118760 647312 128346 525188 1381 147854 193158 153257 777 61921 11295 72389 292498 378621 70108 1171020 678 1617 2137 4160 53555 4433 2780 12758 45376 404987 1454 11650 227588 36225
internal_value=0.00862985 0.00638117 0.00453381 0.0058898 0.00314007 -0.000124378 0.00374573 0.00858737 -0.00386374 -0.00470155 0.0309683 0.00652932 0.0111446 0.00393903 0.011215 0.0130805 0.0124588 0.0186346 0.019279 0.018179 -0.00250924 0.010658 0.0105128 -0.0117992 0.0111061 0.011521 -0.0452685 -1.87579e-05 -0.00523304 0.00131654
internal_weight=2.79733e+06 1.85838e+06 1.05127e+06 810012 570998 290854 142927 80566 147926 144453 3473.52 280144 100706 179438 47538.9 938941 239014 57265.1 56830.4 55597.9 62361.4 100021 181749 4707.04 177042 175749 1292.63 241262 63934.7 131899
internal_count=8000420 5710640 3493503 2606953 2002660 1147005 547824 301111 599181 587109 12072 855655 298312 557343 142497 2289780 604293 136260 134643 132506 246713 296931 468033 13436 454597 450363 4234 886550 239238 414846
is_linear=0
shrinkage=0.05


Tree=35
num_leaves=31
num_cat=0
split_feature=79 79 49 55 104 46 78 44 22 54 54 54 54 85 85 25 55 53 85 37 25 42 81 86 78 90 84 86 7 54
split_gain=10060.2 3283.72 2006 2911.92 1936.99 2058.33 1854.26 1760.62 1602.85 2879.88 2032.17 3262.53 2773.59 2234.82 2155.36 1692.31 1585.95 1625.74 1754.95 2538.96 1566.42 2090.42 1385.55 2002.21 1893.29 1234.02 1180.64 1162.45 1919.96 1158.53
threshold=5.1673452854156503 4.0193607807159433 0.16288578510284427 15637.500000000002 7.6000258922576913 0.080209955573081984 1.5000000000000002 1.0020782351493838 1.5000000000000002 740402.50000000012 105057.50000000001 154487.50000000003 17322.500000000004 0.90000000596046459 0.90000000596046459 3.8588291406631474 24522.500000000004 0.87837970256805431 0.90000000596046459 -4.5347783565521231 1.7452219724655154 1.0082244873046877 1.0000000180025095e-35 6.0000000000000009 1.5000000000000002 4463.4624023437509 -1.0000000180025095e-35 6.0000000000000009 0.010342400986701252 8797.5000000000018
decision_type=2 2 2 2 2 2 2 2 2 2 2 2 2 2 2 2 2 2 2 2 2 2 2 2 2 2 2 2 2 2
left_child=1 2 3 4 5 -1 27 8 9 -4 12 14 -10 -14 -12 -13 17 18 19 -5 -18 -22 23 -3 -25 -19 -2 28 -6 -29
right_child=26 22 7 16 6 -7 -8 -9 10 -11 11 15 13 -15 -16 -17 20 25 -20 -21 21 -23 -24 24 -26 -27 -28 29 -30 -31
leaf_value=0.013682324439339193 0.0088794808688043032 -0.0045837206169951055 0.011491417263681613 -0.062100564709359485 0.0098148692490764959 -0.050967534666453845 0.0077586382098835133 0.00077906765432986236 0.0057054911113009485 -0.036002318504632307 0.044227117263007716 0.0051215756054307669 -0.020254754666497371 0.0026856208642626915 0.0037077841505890907 0.053074221264573174 0.022736319152981323 0.02685305306041684 0.0010637887226742357 -0.014136510779529592 -0.020642291827729767 0.049771699878104522 -0.0072717631331577874 0.011555529439100142 0.0015526786703575141 -0.0099454029698534171 0.013312095995779176 0.0028104419512242512 -0.030050747914649109 0.01648200367159294
leaf_weight=2244.1327332556248 187918.05197657645 70490.143644496799 160497.98020642996 3365.5620487779379 108413.26834154129 2725.4109475016594 526745.28889459372 183868.22269648314 60091.618934169412 3255.6112745255232 9460.7975127995014 193155.25613869727 25844.08238337934 18016.738060235977 5025.7097220718861 1856.6305816173553 10420.048961937428 5241.1114905923605 13140.007713392377 15299.442278131843 5765.8517621308565 1288.7674857079983 40043.724328875542 74313.264070123434 130163.82818832994 4028.562448695302 749228.50837571919 17111.590609148145 3105.736280605197 164226.8863838017
leaf_count=6498 474884 283619 467102 13376 334547 10371 1595047 566000 182183 11776 23197 584083 86188 56737 15404 4398 28654 14013 41369 49496 19629 3173 187289 188711 466417 12909 1814937 45547 11249 401625
internal_value=0.00819915 0.00606994 0.00701901 0.00857821 0.00934327 -0.0217752 0.00953199 0.00493608 0.00653777 0.0105469 0.00444325 0.00727915 -0.001272 -0.0108316 0.0301716 0.00557841 -0.00219633 -0.00756384 -0.0129341 -0.0227882 0.0104196 -0.00777283 0.00141751 0.00268298 0.00518809 0.0108607 0.0124233 0.0127216 0.00870433 0.015192
internal_weight=2.79635e+06 1.85921e+06 1.54419e+06 883122 824572 4969.54 819603 661073 477204 163754 313451 209498 103952 43860.8 14486.5 195012 58549.4 41074.7 31805 18665 17474.7 7054.62 315011 274967 204477 9269.67 937147 292857 111519 181338
internal_count=8000428 5710607 4584571 2587503 2404884 16869 2388015 1997068 1431068 478878 952190 627082 325108 142925 38601 588481 182619 131163 104241 62872 51456 22802 1126036 938747 655128 26922 2289821 792968 345796 447172
is_linear=0
shrinkage=0.05


Tree=36
num_leaves=31
num_cat=0
split_feature=79 79 30 100 54 54 37 54 55 55 22 55 85 39 54 55 39 81 55 55 77 81 39 13 13 54 79 37 35 77
split_gain=9143.09 2954.82 1688.86 2626.31 2352.7 3257.02 2730.99 1855.38 1903.65 2987.33 2633.22 2215.19 1845.58 1829.5 1793.83 1782.28 1639.77 1635.45 1623.72 1510.77 1305 1253.56 1239.53 1204.53 1280.4 1160.41 1109 1063.81 968.145 937.644
threshold=5.1673452854156503 4.0193607807159433 0.3275000005960465 98825.367187500015 2462.5000000000005 787.50000000000011 4.3521208763122567 609877.50000000012 -457642.49999999994 -397054.99999999994 1.5000000000000002 -478192.49999999994 0.90000000596046459 -4.6069171428680411 659462.50000000012 29647.500000000004 15.295461654663088 1.0000000180025095e-35 -428554.99999999994 7467.5000000000009 1.5000000000000002 1.0000000180025095e-35 0.5625739097595216 0.024427930824458603 0.045053651556372649 787.50000000000011 6.4956810474395761 -0.45996725559234614 -14.06832695007324 0.81333059072494518
decision_type=2 2 2 2 2 2 2 2 2 2 2 2 2 2 2 2 2 2 2 2 2 2 2 2 2 2 2 2 2 2
left_child=1 2 7 -4 5 19 12 8 11 10 18 17 -7 -9 16 -8 27 22 -10 -5 29 -3 -1 25 -25 -11 -2 -15 -21 -6
right_child=26 21 3 4 20 6 15 13 9 23 -12 -13 -14 14 -16 -17 -18 -19 -20 28 -22 -23 -24 24 -26 -27 -28 -29 -30 -31
leaf_value=0.0096080315831662474 0.013547916938238612 0.0025498266947049913 -0.025955343820957086 0.03454202660660545 0.008414744548670831 -0.051147269840242759 -0.0079854354898365367 0.022461660533606272 0.011014453819292608 0.028504941049819217 0.0070483368322472846 -0.03024992912850917 -0.0090426255850929189 -0.022023405215718231 -5.6635066536825422e-05 0.03098820044992457 -0.012052685944475257 -0.021144070177238388 0.050069280204577585 0.051440533862148613 0.0072341012622651572 -0.0069344281322426234 -0.0057670570326509739 0.0088244012261768593 -0.0054651451658467498 0.00028193326439465222 0.01010473930561614 0.032041753552383916 0.0017478915973367795 0.013640163725124464
leaf_weight=26291.884343057871 466896.07214216888 274856.67654033005 5718.0795566737652 5922.0054419636726 168903.8782235384 5976.1178387701511 19417.686565235257 25384.638835892081 3918.7522243261337 3707.4822014719248 16821.380436226726 7481.5301284044981 4611.4650610238314 984.11186817288399 36294.423488453031 3454.392452955246 3200.0287672281265 8984.7343807220459 8300.1727030426264 1047.6985559910536 624557.57751242816 39896.039870887995 26141.446379780769 115237.25858673453 18143.699838861823 203297.21322867274 468626.36344660819 11936.675329238176 15003.111507460475 174619.60627627373
leaf_count=75855 1118345 938747 20113 15296 470676 23056 61652 70978 11326 10056 49567 26307 15396 3310 112719 9016 10418 32846 19584 2548 1893921 187289 81006 339447 56997 624441 1171476 31576 45815 470649
internal_value=0.00779117 0.00576332 0.00666269 0.0078332 0.008022 -0.00199588 -0.0118174 0.00432849 0.00306547 0.00448849 0.0198816 -0.00456437 -0.0328115 0.0114442 0.00610797 -0.00209789 0.0199864 -0.00143501 0.0375463 0.0129597 0.00859563 0.00134763 0.00194248 0.00317514 0.00688054 0.000787571 0.0118232 0.0279221 0.00499484 0.011071
internal_weight=2.79563e+06 1.86011e+06 1.54536e+06 1.02923e+06 1.02351e+06 55432.5 33459.7 516125 438326 369426 29040.3 68899.6 10587.6 77799.9 52415.2 22872.1 16120.8 61418.1 12218.9 21972.8 968081 314753 52433.3 340386 133381 207005 935522 12920.8 16050.8 343523
internal_count=8000428 5710607 4584571 3028138 3008025 172779 109120 1556433 1327432 1111418 80477 216014 38452 229001 158023 70668 45304 189707 30910 63659 2835246 1126036 156861 1030941 396444 634497 2289821 34886 48363 941325
is_linear=0
shrinkage=0.05


Tree=37
num_leaves=31
num_cat=0
split_feature=79 86 77 79 87 79 54 54 100 42 53 54 26 54 37 90 104 40 49 90 37 42 49 54 77 42 84 54 13 100
split_gain=8313.2 2910.34 4493.14 2688.33 2079.38 1451.61 1446.78 1719.85 1419.84 1650.32 2092.82 1385.62 1583.59 1565.62 1524.27 1374.5 2047.69 1339.8 1776.29 1299.28 1935.57 1289.53 1264.04 1430.34 1206.96 1157.29 1071.17 1024.72 1024.37 1539.99
threshold=5.1673452854156503 6.0000000000000009 1.5000000000000002 2.5580863952636723 1.0000000180025095e-35 3.4019228219985966 413952.50000000006 438932.50000000006 121034.81640625001 1.0007612705230715 1.0000000180025095e-35 1822.5000000000002 -0.70800563693046559 617.50000000000011 22.499373435974125 2582.4602050781255 7.6000258922576913 -0.56174489110708226 0.010907442308962378 4435.4599609375009 3.9785697460174565 1.0035936236381533 -0.010907442308962435 396292.50000000006 0.81333059072494518 0.98953980207443248 -1.0000000180025095e-35 2277.5000000000005 0.012500078883022072 145538.33593750003
decision_type=2 2 2 2 2 2 2 2 2 2 2 2 2 2 2 2 2 2 2 2 2 2 2 2 2 2 2 2 2 2
left_child=1 5 11 -4 8 -1 22 21 9 10 -5 13 15 14 19 16 -13 -15 -19 -3 -21 -8 23 -6 -14 -9 -2 -17 29 -10
right_child=26 2 3 4 6 -7 7 25 28 -11 -12 12 24 17 -16 27 -18 18 -20 20 -22 -23 -24 -25 -26 -27 -28 -29 -30 -31
leaf_value=0.0031776971223046826 0.0078747813203626661 0.056668650530477642 0.0069880465418756185 -0.022081129296082053 0.0079225505497947483 -0.0044011490399809543 0.041708831330564591 -0.04837944760453193 -0.0071543832836732189 -0.017738070547553254 0.0080782412023204606 -0.055054062502514101 0.010224115408099735 0.00043589529988136041 -0.051418126765904328 -0.050746936082603403 0.030800279990147873 -0.0088499509301589192 -0.074032726104763358 -0.062672349748745457 0.025793812931220819 -0.0065352344168974862 -0.0028772046432863651 -0.041790220950602329 0.016472552617996582 0.0086219455630811084 0.012101412206875835 0.0040165209042561959 -0.00054436555799382833 0.022752046836478825
leaf_weight=316654.19881556928 187601.28112372756 2013.2083509862423 592337.90739023685 7952.8877871632576 66167.712201982737 78927.219923883677 6682.1945695579052 899.28343279659748 6772.6676335483789 25542.644420385361 20778.485649898648 755.36283576488495 164063.24509073794 5268.5957951545715 748.89423148334026 862.69991531968117 8498.7949943989515 2395.7438869029284 1853.7156125158072 788.47278662025928 2850.4807061851025 1746.7026241570711 66355.815319120884 1478.2527639567852 146139.15412306786 81483.280485913157 746274.67773155868 77690.472360804677 161784.82673162222 11808.108653128147
leaf_count=1009018 474884 3893 1683772 35552 201368 318453 15782 3391 28251 111765 82066 2547 421736 14671 2569 3112 18881 6936 7044 2858 6699 5421 218312 5691 353370 242073 1814937 204352 659723 41301
internal_value=0.00740278 0.00547131 0.00649844 0.00476175 0.00189154 0.00166553 0.00532795 0.0102004 -0.00140095 -0.00849127 -0.000270222 0.0109113 0.0114899 -0.00355318 0.0155656 0.00556177 0.0237868 -0.0164117 -0.0372961 0.0244491 0.00661202 0.0317111 0.00202589 0.00683551 0.0131679 0.00799908 0.0112524 0.00341439 0.000732615 0.0118511
internal_weight=2.79518e+06 1.8613e+06 1.46572e+06 1.05179e+06 459453 395581 224813 90811.5 234640 54274 28731.4 413929 398010 15919.1 6401.06 87807.3 9254.16 9518.06 4249.46 5652.16 3638.95 8428.9 134002 67646 310202 82382.6 933876 78553.2 180366 18580.8
internal_count=8000428 5710607 4383136 3334468 1650696 1327471 692038 266667 958658 229383 117618 1048668 1003998 44670 16019 228892 21428 28651 13980 13450 9557 21203 425371 207059 775106 245464 2289821 207464 729275 69552
is_linear=0
shrinkage=0.05


Tree=38
num_leaves=31
num_cat=0
split_feature=79 49 44 77 22 54 54 54 54 85 25 85 13 12 86 54 22 90 54 36 99 99 25 35 39 31 54 54 99 85
split_gain=7547.84 2627.93 2172.94 2121.83 2039.12 3400.96 2779.19 4575.24 3361.97 2420.36 2244.13 2230.57 1917.26 1892.84 1863.72 2123.59 1988.11 2164.33 1781.07 1749.89 1589.06 2383.23 1744.42 1699.06 1574.84 1558.03 1540.56 5781.02 3142.04 2552.1
threshold=5.1673452854156503 0.16288578510284427 1.0020782351493838 1.5000000000000002 1.5000000000000002 740402.50000000012 105057.50000000001 154487.50000000003 17322.500000000004 0.90000000596046459 3.8588291406631474 0.90000000596046459 0.02959464862942696 0.010862716007977726 6.0000000000000009 627847.50000000012 1.5000000000000002 2641.8959960937505 627847.50000000012 -22.302142143249508 332245.12500000006 275501.25000000006 1.6072055101394656 -11.199279785156248 -6.5791265964508048 477.59814453125006 396292.50000000006 445370.00000000006 260069.68750000003 0.90000000596046459
decision_type=2 2 2 2 2 2 2 2 2 2 2 2 2 2 2 2 2 2 2 2 2 2 2 2 2 2 2 2 2 2
left_child=1 3 4 14 5 26 8 9 -6 25 18 13 -13 -10 15 20 17 -17 -9 -12 21 22 -1 -22 -11 -8 28 -28 -3 -29
right_child=-2 2 -4 -5 6 -7 7 10 11 24 19 12 -14 -15 -16 16 -18 -19 -20 -21 23 -23 -24 -25 -26 -27 27 29 -30 -31
leaf_value=0.0091091227306411334 0.010708469764640795 -0.00016357109071259561 -0.0011944940659023209 0.0051390681883980421 0.0033953719820586955 -0.037550501989969003 0.055017202878192034 0.00066219168373399002 0.078542147182395716 0.08206514296816099 0.075459985945542374 -0.012913916899420771 0.017691962609252904 -0.023421250111555842 0.012525961940161041 0.028639329827236118 -0.022696126403368558 -0.050383790093123493 0.01081037180358663 -0.032228158041468002 0.059810575848561767 0.023828419200777815 -0.0071299222966099383 -0.020184273245345743 -0.0036034964539389002 0.014092143483786131 0.044231514315900028 0.016378797085043244 0.016598803722906615 -0.004937916264842853
leaf_weight=79490.009485051036 932286.38676859438 74193.50431881845 220788.59632979333 680416.64525718987 71466.991695731878 3886.2960704863071 8291.3122717738152 175540.09230810404 461.10500258207321 592.8441618680954 1805.4745170027018 13040.575289815664 8419.9737865179777 30396.647234752774 237597.63150641322 4522.3126817941666 11779.461617618799 1070.7950020283461 57364.577309295535 476.12026970088482 724.79096493124962 22217.658200308681 20880.591649055481 7768.9013591557741 5549.7764582484961 3233.7459944039583 14033.89684535563 38583.584330156446 44857.923165395856 22072.476431265473
leaf_count=251684 2289821 233369 705325 2148690 225297 14705 19386 555034 989 1303 3810 45421 25983 105550 591867 13365 46401 4334 174184 1688 1756 65417 70488 28378 18124 9340 34540 108868 131153 74158
internal_value=0.00703613 0.00519694 0.00302113 0.00681901 0.00464192 0.00875506 0.00248367 0.00548882 -0.00365485 0.0300272 0.00364531 -0.0132854 -0.000905306 -0.021895 0.00977987 0.00538473 -0.0110413 0.0135032 0.00316175 0.0529813 0.00756181 0.00901094 0.00573075 -0.0133513 0.00467586 0.0435369 0.00968412 0.0153132 0.00615244 0.0086217
internal_weight=2.79381e+06 1.86152e+06 795056 1.06647e+06 574267 197628 376639 252854 123785 17667.7 235186 52318.3 21460.5 30857.8 386052 148455 17372.6 5593.11 232905 2281.59 131082 122588 100371 8493.69 6142.62 11525.1 193741 74690 119051 60656.1
internal_count=8000428 5710607 2488227 3222380 1782902 596793 1186109 782869 403240 48153 734716 177943 71404 106539 1073690 481823 64100 17699 729218 5498 417723 387589 322172 30134 19427 28726 582088 217566 364522 183026
is_linear=0
shrinkage=0.05


Tree=39
num_leaves=31
num_cat=0
split_feature=79 79 81 54 37 31 90 65 54 13 54 54 100 40 104 46 26 35 25 54 54 99 38 53 54 35 53 25 29 54
split_gain=6857.19 2597.32 2032.95 1811.92 4036.28 2311.99 1925.58 1753.44 1736.67 2401.56 1723.06 3119.19 2044.49 1912.27 1655.15 1646.16 1574.3 1497.03 1487.79 1334.92 1283.06 1238.81 1456.43 1383.58 1720.92 1571.99 1460.19 1547.31 1225.3 1195.45
threshold=5.1673452854156503 1.8045570254325869 1.0000000180025095e-35 2462.5000000000005 4.3521208763122567 375.78596496582037 5186.0429687500009 0.45623010396957403 1002.5000000000001 0.058874033391475684 382882.50000000006 333232.50000000006 145538.33593750003 0.81174489855766307 7.9447560310363778 0.20846632122993472 -0.57913905382156361 -0.47462421655654902 1.5989452600479128 302.50000000000006 324675.00000000006 121408.12500000001 0.27369563281536108 1.0000000180025095e-35 528075.00000000012 -6.1613962650299063 0.87837970256805431 0.43953450024127966 0.448749989271164 749357.50000000012
decision_type=2 2 2 2 2 2 2 2 2 2 2 2 2 2 2 2 2 2 2 2 2 2 2 2 2 2 2 2 2 2
left_child=1 -1 3 4 8 7 16 15 9 19 11 20 18 -14 -13 -5 -6 28 -12 -3 -7 22 23 24 25 -4 27 -25 -9 -19
right_child=-2 2 21 5 6 10 -8 17 -10 -11 12 14 13 -15 -16 -17 -18 29 -20 -21 -22 -23 -24 26 -26 -27 -28 -29 -30 -31
leaf_value=0.0083610092714553642 0.010190070622310303 0.016380071821581181 -0.059484492642856962 0.0092897958462203941 0.021867880445208938 0.0015347133735015316 0.047713796462906653 -0.013514145447404003 -0.03744911802946644 0.069808922430871057 0.0057652400523780355 -0.042491288330564772 0.014687820187509488 0.059600774159450677 -0.0100202671443413 0.024351481315534367 -0.00241671279181909 0.0015535366540810017 -0.0074696062739437801 -0.034928506161878002 0.027153924866820018 0.0012945153095811795 -0.016803269545719268 -0.011045959352645506 -0.031412688823074915 0.099929248144729921 -0.012530326635805559 0.034547917158066675 0.0096981078194693024 -0.041334068009640679
leaf_weight=426388.35866108537 930768.60197994113 1957.2187801748514 221.65236604213715 254310.63311091065 7989.7487775981426 307354.49322623014 2372.2175032198429 5968.0762287080288 10208.32834726572 933.22479511797428 236726.40087522566 5068.2730645239353 24002.228615775704 2628.9704773128033 17386.417568162084 19534.721287250519 40487.724600747228 135699.86816576123 23325.785270705819 3594.3721166849136 4965.1318433433771 168247.01213501394 22916.958808496594 2588.5294568836689 4535.2581386864185 506.2029699832201 4700.1185901463032 6613.1101469248533 119550.33867922425 1643.5085658878088
leaf_count=1143898 2289821 5897 1026 768598 23047 969214 5732 20140 39723 2132 727901 18991 70480 6042 57484 54201 130724 423941 76403 13511 13978 606891 93741 10229 19800 1282 18479 21662 359254 6206
internal_value=0.00668569 0.00493432 0.00391686 0.00469616 -0.00326428 0.00516042 0.00373891 0.00756431 -0.0245962 -0.00435997 0.00308433 0.00064796 0.00592937 0.0191238 -0.0173511 0.0103643 0.00158598 0.00464726 0.00457808 -0.016839 0.0019421 -0.000624565 -0.00829719 0.00187429 -0.019957 0.0513614 0.0101407 0.0217215 0.00859429 0.00103999
internal_weight=2.79319e+06 1.86242e+06 1.43604e+06 1.22571e+06 67542.8 1.15816e+06 50849.7 536707 16693.1 6484.82 621458 334774 286683 26631.2 22454.7 273845 48477.5 262862 260052 5551.59 312320 210329 42081.8 19164.9 5263.11 727.855 13901.8 9201.64 125518 137343
internal_count=8000428 5710607 4566709 3793599 220766 3572833 159503 1632340 61263 21540 1940493 1059667 880826 76522 76475 822799 153771 809541 804304 19408 983192 773110 166219 72478 22108 2308 50370 31891 379394 430147
is_linear=0
shrinkage=0.05


Tree=40
num_leaves=31
num_cat=0
split_feature=80 86 77 80 87 55 55 54 53 55 50 90 54 104 55 54 99 14 80 54 55 55 30 25 25 38 90 26 46 54
split_gain=6301.49 2676.27 3793.31 2285.59 1839.63 1379.46 2103.66 2456.46 2151.94 1887.92 1663.01 1359.3 1744.07 1400.33 1801.87 1348.74 1581.59 1365.89 1314.2 1307.98 2112.26 1262.59 1262.11 1203.73 2439.36 1829.34 1187.79 1124.47 1046.86 1082.68
threshold=5.1673452854156503 6.0000000000000009 1.5000000000000002 2.5502864122390752 1.0000000180025095e-35 19872.500000000004 30795.000000000004 10637.500000000002 0.87837970256805431 20457.500000000004 92.500000000000014 5186.0429687500009 11147.500000000002 8.4577584266662615 2137.5000000000005 720242.50000000012 106002.25000000001 32.301067352294929 4.1471726894378671 413952.50000000006 -443837.49999999994 -475762.49999999994 0.73750001192092907 2.4716013669967656 2.2024819850921635 -15.364768028259276 5058.8049316406259 -0.9351992905139922 0.090169116854667677 344252.50000000006
decision_type=2 2 2 2 2 2 2 2 2 2 2 2 2 2 2 2 2 2 2 2 2 2 2 2 2 2 2 2 2 2
left_child=1 18 5 -4 15 11 7 8 26 -9 -10 13 -13 23 -15 16 27 -17 -1 28 21 -21 -22 24 -3 -25 -7 -5 29 -6
right_child=-2 2 3 4 19 6 -8 9 10 -11 -12 12 -14 14 -16 17 -18 -19 -20 20 22 -23 -24 25 -26 -27 -28 -29 -30 -31
leaf_value=0.0021327368855590416 0.0097257194431037003 0.010260402050239717 0.0061936463934487238 -0.022656969961328877 -0.0010255328420296238 -0.053373935623228522 0.03131321065617821 -0.059226448123686284 0.025470596681869202 0.039537659901875605 -0.077659976348443238 0.068194008775520981 -0.068749151341586073 0.024282971926007802 -0.041934139994918525 0.051795849887700356 -0.00099888211531028431 -0.023741767068099093 -0.0065493743088481972 0.008684978385221101 0.042111799402995406 -0.012749040874092555 -0.00093615825554331478 -0.0069151248224406832 -0.015647235982916726 0.024214763331505358 -0.013788997535194511 0.0979900561449977 0.0057995273854321398 -0.024667692071247263
leaf_weight=346490.45158821344 929839.86750346422 344067.44608403742 577322.61756330729 269.3423674851656 61723.489121466875 4761.5588666498661 3467.105831310153 574.4299374371767 2761.917770087719 3041.1592384874821 454.31338678300381 1813.5651963949203 265.81248749792576 1615.6323868632317 2817.7574193179607 636.48151332139969 232262.8183286339 9782.2768559008837 49857.007353365421 76596.590491250157 7113.6653587371111 7546.5816661119461 2237.9992454648018 5611.3891275078058 9331.1670660227537 29664.73531806469 3149.5651006549597 678.11072632670403 72159.360318049788 5253.7988065630198
leaf_count=1124196 2290861 867740 1633648 1174 198074 17140 7933 2034 6591 6717 1750 3282 970 3834 9214 2259 937436 45282 202950 224562 16448 25370 6633 15674 26904 69853 9419 1551 223470 18551
internal_value=0.00636382 0.00468616 0.00567111 0.00407846 0.00151442 0.0097301 -0.00372463 -0.0119664 -0.0236002 0.023833 0.0108816 0.0103501 0.0506612 0.0101367 -0.0178019 -0.00152213 -0.000735742 -0.0191222 0.00104058 0.00469453 0.00926816 0.00676243 0.0318102 0.0104555 0.00957628 0.0192627 -0.0376188 0.0636995 0.00162114 -0.00288047
internal_weight=2.79317e+06 1.86333e+06 1.46698e+06 1.05358e+06 476261 413398 18210.1 14742.9 11127.4 3615.59 3216.23 395188 2079.38 393108 4433.39 243629 233210 10418.8 396347 232631 93494.8 84143.2 9351.66 388675 353399 35276.1 7911.12 947.453 139137 66977.3
internal_count=8001520 5710659 4383513 3334458 1700810 1049055 51584 43651 34900 8751 8341 997471 4252 993219 13048 987702 940161 47541 1327146 713108 273013 249932 23081 980171 894644 85527 26559 2725 440095 216625
is_linear=0
shrinkage=0.05


Tree=41
num_leaves=31
num_cat=0
split_feature=80 86 77 80 87 100 42 49 54 40 54 36 54 25 54 54 54 25 48 90 40 80 25 53 94 42 25 80 54 77
split_gain=5717.19 2415.53 3433.93 2108.22 1528.93 1256.77 1633.97 1402.09 1641.44 1915.67 2254.08 1314.2 2774.26 2340.03 1219.2 2105.84 3172.36 1951.09 1440.24 1272.9 1211.6 1195.29 1137.57 1115.29 2029.25 1790.95 1063.32 1012.59 972.104 941.589
threshold=5.1673452854156503 6.0000000000000009 1.5000000000000002 3.0803061723709111 1.0000000180025095e-35 121034.81640625001 0.9880407750606538 0.076279435306787505 616457.50000000012 1.0000000180025095e-35 10177.500000000002 1.888865113258362 708920.00000000012 1.4120338559150698 234567.50000000003 243640.00000000003 252537.50000000003 1.8524616956710818 0.11969653144478799 4347.4724121093759 0.81174489855766307 3.4019228219985966 0.57508158683776867 1.0000000180025095e-35 2495.912963867188 1.004120469093323 0.53246352076530468 6.4956810474395761 740402.50000000012 1.0304679572582247
decision_type=2 2 2 2 2 2 2 2 2 2 2 2 2 2 2 2 2 2 2 2 2 2 2 2 2 2 2 2 2 2
left_child=1 21 5 -4 -5 6 -3 8 9 22 -11 23 13 -13 17 -16 -17 18 -9 -19 26 -1 -7 25 -25 -8 -10 -2 -14 -29
right_child=27 2 3 4 -6 7 11 14 20 10 -12 12 28 -15 15 16 -18 19 -20 -21 -22 -23 -24 24 -26 -27 -28 29 -30 -31
leaf_value=0.0023571800242964043 0.010914082957464844 -0.060557809451129513 0.0051098262377907502 -0.0041093925139215007 0.0037601412721389605 -0.00064647319049341396 0.030499744557241033 -0.014087330606009894 0.018146446508825808 -0.020952795304089753 0.0079613994148459346 -0.0044168129586464946 0.057942400114898186 -0.085611704993961535 0.060748076007188817 -0.07821146070536536 0.0096900396976837815 0.022868175373206203 0.001558284355811252 0.00059608029721857367 0.087528192652103362 -0.0045191658113709204 0.015970799543552197 -0.0051496441116987163 0.01880885514047257 -0.034382465211698181 -0.04765701532163235 0.01228958533032324 0.0042974279769353732 0.0065327240993653356
leaf_weight=317479.85281139612 461842.30424228311 718.92531253397465 807055.23772858083 123302.96841984987 123577.42443309724 11280.788689643145 20824.169931083918 23333.382489353418 820.58742246031761 8358.7696347087622 34795.548092573881 9506.3983198255301 2336.8799753934145 977.76625536382198 1960.9277602732182 1045.0200688838959 54799.53541585803 13291.261246278882 39792.615023687482 12400.720648556948 229.75599004328251 78902.283459842205 118272.81643158197 11174.887140527368 42250.636980175972 1119.9530224502087 2430.0819830149412 87407.762522399426 1322.6333323568106 379126.11888250709
leaf_count=1008902 1118895 2551 2399181 549857 385420 29781 46196 67989 1995 25263 88479 25326 4352 3660 3718 3855 138981 31820 107692 34065 353 318244 288309 29939 99911 3426 8012 213194 3382 958772
internal_value=0.00604877 0.00445164 0.00538742 0.00387299 -0.000170232 0.00925165 0.0144684 0.0077934 0.0107995 0.0114846 0.0023604 0.0150717 0.00108587 -0.0119971 0.00418112 0.00983267 0.00804368 0.000502796 -0.00422489 0.0121188 -0.0231921 0.000988381 0.0145238 0.0176961 0.0137974 0.0271867 -0.0310438 0.00925438 0.0385617 0.00761134
internal_weight=2.79174e+06 1.86336e+06 1.46698e+06 1.05394e+06 246880 413044 90232.3 322812 176188 172708 43154.3 89513.3 14143.7 10484.2 146623 57805.5 55844.6 88818 63126 25692 3480.43 396382 129554 75369.6 53425.5 21944.1 3250.67 928376 3659.51 466534
internal_count=8001520 5710659 4383513 3334458 935277 1049055 218743 830312 442192 431832 113742 216192 36720 28986 388120 146554 142836 241566 175681 65885 10360 1327146 318090 179472 129850 49622 10007 2290861 7734 1171966
is_linear=0
shrinkage=0.05


Tree=42
num_leaves=31
num_cat=0
split_feature=79 79 55 49 99 37 94 54 55 25 39 54 55 55 37 54 55 7 36 25 87 25 94 13 25 54 25 25 54 54
split_gain=5187.98 2190.88 2083.69 2456.32 1973.69 1864.71 1812.65 1859.59 2794.05 2376.82 2234.66 2152.92 5209.13 4424.36 1678 1664.39 3929.63 2335.48 1576.97 1641.21 1869.84 1523.05 1515.47 2376.15 1838.04 1262.93 2229.14 2053.79 1252.52 1833.64
threshold=5.1673452854156503 1.5001720786094668 14487.500000000002 0.16288578510284427 291685.12500000006 17.446100234985355 5186.2885742187509 627847.50000000012 -737772.49999999988 1.3968285918235781 -5.8464796543121329 463262.50000000006 -397054.99999999994 -478192.49999999994 4.7386126518249521 264162.50000000006 -262039.99999999997 0.0108487606048584 4.9343795776367196 1.9561130404472353 1.0000000180025095e-35 7.2315151691436776 3128.621459960938 0.055416826158761985 1.0361903309822085 8797.5000000000018 2.7912334203720097 2.9369496107101445 2277.5000000000005 302.50000000000006
decision_type=2 2 2 2 2 2 2 2 2 2 2 2 2 2 2 2 2 2 2 2 2 2 2 2 2 2 2 2 2 2
left_child=1 -1 3 15 5 14 7 11 9 -9 -10 12 -5 -13 28 16 -3 22 19 -6 21 -21 23 -17 -24 26 -18 -27 29 -4
right_child=-2 2 4 6 18 -7 -8 8 10 -11 -12 13 -14 -15 -16 17 25 -19 -20 20 -22 -23 24 -25 -26 27 -28 -29 -30 -31
leaf_value=0.0074682810644129266 0.0088065326410339366 0.056273212921281818 0.045153213013805815 0.018052400580484709 -0.0065163105900458082 -0.018992873584590429 0.037878812528689271 -0.023525557824965078 0.027820006974238354 0.017008782467409275 0.0071666031642321068 -0.0033081572014037556 -0.00041813479929287187 -0.040223913302556071 0.022763629170471034 0.0051738238329912048 0.0049637152221698091 -0.030135702573344244 0.018301981408413114 -0.013310470053679777 -0.041116149828553383 0.068796936121142141 -0.013050744431503145 0.054718005378115768 0.0027190319386482982 0.0077959150120323886 -0.021217880360799041 0.023507751022522415 0.0070327475457570487 -0.036355496433072162
leaf_weight=407763.81415145099 926853.1035143882 4179.4307469278574 836.28065212070942 42840.327845424414 42585.55388776958 6896.1632288396358 3382.4415746331215 11346.41961824894 17232.176510944963 5307.3090064525604 54575.534085407853 85721.630439072847 350234.04500308633 8964.4290105998516 14175.755935832858 295559.295347929 65326.429127678275 5117.3066826313734 4818.1316517144442 5506.088152885437 8495.3684904277325 628.33151137828827 25942.336155593395 2439.0890454798937 64207.339068859816 276856.00535579026 9284.4238814562559 22488.256036102772 16787.934627100825 3922.7377924770117
leaf_count=1093994 2290861 10299 2119 124384 143910 24927 8630 42183 48044 16395 169886 281183 1147365 34556 40791 925718 204098 18605 14744 20156 32936 1469 87305 5967 201646 846142 32947 61972 52976 15312
internal_value=0.00574953 0.00422899 0.00332157 0.00384808 -0.00347528 0.0048087 0.0013885 0.00117423 0.00784394 -0.0106073 0.0121233 -3.54071e-05 0.00159496 -0.00680361 0.00940407 0.00569612 0.00806465 0.00341869 -0.0091667 -0.0114802 -0.0259278 -0.00488978 0.00386115 0.00557954 -0.00181907 0.0075257 0.00170542 0.00897636 0.000613924 -0.0220248
internal_weight=2.79027e+06 1.86342e+06 1.45566e+06 1.351e+06 104652 42618.9 579604 576222 88461.4 16653.7 71807.7 487760 393074 94686.1 35722.7 771400 378135 393265 62033.5 57215.3 14629.8 6134.42 388148 297998 90149.7 373955 74610.9 299344 21547 4759.02
internal_count=8001520 5710659 4616665 4267325 349340 136125 1872626 1863996 276508 58578 217930 1587488 1271749 315739 111198 2394699 1155458 1239241 213215 198471 54561 21625 1220636 931685 288951 1145159 237045 908114 70407 17431
is_linear=0
shrinkage=0.05


Tree=43
num_leaves=31
num_cat=0
split_feature=79 86 77 79 87 26 90 104 77 55 104 48 94 55 77 42 26 100 13 77 55 104 55 73 79 62 90 42 39 55
split_gain=4709.96 2157.91 3104.08 1891.16 1552.86 1169.59 1209.59 1818.72 1132.27 1098.95 1089.43 1142.4 1103.87 2418.59 2590.84 1352.27 1321.66 1103.69 1117.55 1061.1 1874.03 981.532 1610.44 1199.66 929.589 927.071 900.982 1258.34 1768.01 995.92
threshold=5.1673452854156503 6.0000000000000009 1.5000000000000002 2.6746063232421879 1.0000000180025095e-35 -0.70800563693046559 2582.4602050781255 7.6000258922576913 0.81333059072494518 -685702.49999999988 8.4083805084228533 -0.66746801137924183 4365.8073730468759 14487.500000000002 1.5000000000000002 1.007300913333893 -2.1869320869445796 366594.10937500006 0.066953685134649291 1.5000000000000002 3152.5000000000005 8.1222720146179217 -163752.49999999997 3.7007117271423344 6.4956810474395761 20.261839866638187 2695.9172363281255 1.0002283453941347 5.9486708641052255 -618137.49999999988
decision_type=2 2 2 2 2 2 2 2 2 2 2 2 2 2 2 2 2 2 2 2 2 2 2 2 2 2 2 2 2 2
left_child=1 9 5 -4 26 6 7 -3 -7 -1 12 -12 15 14 16 21 -14 19 -19 20 -13 22 -11 -23 -2 -8 27 28 -5 -28
right_child=24 2 3 4 -6 8 25 -9 -10 10 11 17 13 -15 -16 -17 -18 18 -20 -21 -22 23 -24 -25 -26 -27 29 -29 -30 -31
leaf_value=-0.0086477320156864677 0.0099738222597266796 -0.053697899803421247 0.0050218225694988756 0.010136420224959404 0.0038017724443612285 0.0072005477370242852 -0.010982223158597383 0.027392997159127991 0.01314659485372029 0.0026759882104179285 0.0067732299265296034 0.013541859758908327 0.10608240403153074 -0.0091263099086049803 -0.0027956556425644524 -0.011480347572670038 0.022287801870809091 -0.0078955481654265827 0.055649708023587922 -0.0063247617428325341 -0.053492759090121939 -0.015356007303557524 0.023291108081143264 0.00030706122021460173 0.0068043327304343404 0.0038844051325266278 0.026417536911007997 -0.017531458323432805 -0.025208295183094795 -0.0014778574982953349
leaf_weight=28880.470041081309 459822.2966414243 752.11371961236 683883.95152179897 12910.534307152033 186781.49129366875 170383.83338525891 12351.470113798976 8449.2783645987511 151051.97265174985 186902.31835387647 7819.0301698446274 1322.9685704112053 478.11190031468868 14193.203756302595 13849.911491572857 20317.005992084742 26773.733717650175 4861.4705277383327 805.67761637270451 4023.3690046668053 4910.5478262901306 15642.688739806414 9978.508685708046 55936.230919227004 465637.34838357568 69412.845408678055 3272.476293861866 21477.145580589771 4872.6712906360626 141811.6185489893
leaf_count=104305 1118895 2539 1968468 54126 576613 441128 34868 18943 369636 619750 25781 4231 881 50090 45988 71309 80084 17204 2055 13766 20502 56392 30181 184627 1171966 181941 13023 100852 22828 598548
internal_value=0.00546327 0.00401564 0.00490015 0.00346236 0.000588678 0.0085783 0.00357281 0.020759 0.00999481 0.000743734 0.00148118 -0.00887738 0.00219602 0.00866803 0.0148129 0.000956717 0.0237619 -0.0165624 0.00114579 -0.0263462 -0.039265 0.00189801 0.00372096 -0.00311601 0.00837913 0.00163846 -0.00266687 -0.00938642 0.000450669 -0.000848445
internal_weight=2.78957e+06 1.86411e+06 1.46741e+06 1.05501e+06 371126 412402 90965.7 9201.39 321436 396695 367815 23743.1 344072 55295 41101.8 288777 27251.8 15924 5667.15 10256.9 6233.52 268460 196881 71578.9 925460 81764.3 184344 39260.4 17783.2 145084
internal_count=8001520 5710659 4383513 3334458 1365990 1049055 238291 21482 810764 1327146 1222841 83539 1139302 177043 126953 962259 80965 57758 19259 38499 24733 890950 649931 241019 2290861 216809 789377 177806 76954 611571
is_linear=0
shrinkage=0.05


Tree=44
num_leaves=31
num_cat=0
split_feature=86 77 55 55 94 55 100 25 55 55 90 36 25 36 22 104 55 25 94 37 25 25 22 55 25 55 94 50 55 85
split_gain=2192.87 2999.58 1771.61 1546.16 1354.49 1854.33 1842.32 4279.06 2714.83 1735.6 3514.66 2717.9 1924.81 1833.51 1676.32 1855.31 1752.95 1466.25 2392.76 2146.91 1799.86 1560.92 1782.93 1716.63 1644.42 1483.96 1737.15 1720.31 1303.5 1251.42
threshold=6.0000000000000009 1.5000000000000002 -726402.49999999988 14487.500000000002 2691.0258789062505 -525482.49999999988 117609.55468750001 1.4921538829803469 -667777.49999999988 -574327.49999999988 2605.779907226563 -8.7128930091857892 1.9714748263359072 -12.467228412628172 1.5000000000000002 7.7250411510467538 -514072.49999999994 1.4565114974975588 2718.592895507813 0.22533639520406726 1.4314552545547488 1.6072055101394656 3.5000000000000004 -322842.49999999994 7.2315151691436776 -282614.99999999994 3370.0214843750005 -127.49999999999999 -585942.49999999988 0.90000000596046459
decision_type=2 2 2 2 2 2 2 2 2 2 2 2 2 2 2 2 2 2 2 2 2 2 2 2 2 2 2 2 2 2
left_child=2 4 -1 -4 5 6 9 8 -8 10 12 -12 -2 -11 -7 29 -17 19 -19 25 -21 -20 23 -23 -24 27 -27 -6 -10 -16
right_child=1 -3 3 -5 17 14 7 -9 28 13 11 -13 -14 -15 15 16 -18 18 21 20 -22 22 24 -25 -26 26 -28 -29 -30 -31
leaf_value=-0.011252943927652692 0.012071723186412923 0.0048315601525163775 0.0038160745420420909 -0.0058036835333951427 0.041953141793882237 0.018473721626086462 -0.047472394112503258 -0.059844104564051481 0.041757342126818309 0.0023422990597623469 0.0053161874184905963 -0.038124188026981809 0.054889856508633296 0.039278139766096121 -0.086708067219439355 0.035203380264485183 -0.047701282979094255 -0.051156301196962052 0.022738699192321445 0.0071887441510997052 -0.027697533453674258 -0.0062954713186601802 0.022480865640030365 0.0099572705600305834 -0.065011040222529154 -0.046390772868928405 -0.0073189827599075916 -0.032093268305660942 0.017687063939016683 -0.018976937743431271
leaf_weight=22318.358939230442 54090.715395092964 1594197.7852971554 555760.31091894209 45163.419395148754 2346.9404843747616 3565.9694332182407 1061.9735027253628 1365.7414474487305 17598.400920301676 5010.7216738760471 8413.9553241282701 6292.8172871470451 2757.7108512222767 10199.925605818629 1440.3419380486012 1678.7919389307499 1026.6770216673613 1505.8686636835337 28594.788920462132 263270.05625571311 3748.8195086419582 20174.794046953321 28405.406157746911 83420.88033734262 546.43312327563763 4092.4101357460022 9329.2128129601479 1176.9705519378185 8270.9754176139832 1296.2018683850765
leaf_count=74891 131822 4668872 1678890 145192 4850 8405 3402 4690 36037 12840 21281 19418 5209 21258 5428 3646 3320 4947 67031 669048 11247 54531 66436 210854 1896 13233 25982 3580 19534 3750
internal_value=0.00519275 0.00594512 0.00257931 0.00309307 0.00905582 0.0136775 0.0153878 0.0264666 0.0308458 0.0117743 0.00851358 -0.0132723 0.0141498 0.0271119 -0.00816794 -0.0256264 0.0037347 0.00777187 0.0115573 0.00560359 0.00669884 0.0121437 0.00985786 0.00679204 0.0208272 -0.0116537 -0.0192354 0.0172185 0.0340628 -0.0546468
internal_weight=2.78812e+06 2.16488e+06 623242 600924 570684 124071 115063 28297.1 26931.3 86765.8 71555.2 14706.8 56848.4 15210.6 9007.98 5442.01 2705.47 446613 162648 283964 267019 161142 132548 103596 28951.8 16945.5 13421.6 3523.91 25869.4 2736.54
internal_count=8001520 6102547 1898973 1824082 1433675 300040 275491 63663 58973 211828 177730 40699 137031 34098 24549 16144 6966 1133635 405695 727940 680295 400748 333717 265385 68332 47645 39215 8430 55571 9178
is_linear=0
shrinkage=0.05


Tree=45
num_leaves=31
num_cat=0
split_feature=79 79 30 100 54 54 55 85 54 55 55 55 22 39 54 39 81 55 55 37 54 54 25 55 52 54 37 84 25 13
split_gain=4305.15 1971.94 1229.8 2235.69 1652.01 2482.36 1934.9 1455.58 1358.56 1828.66 2281.09 1943.04 1613.12 1568.32 1441.58 1741.76 1414.18 1353.16 1306.89 1250.89 1211.24 2085.07 1525.09 1252.77 1237.55 1135.96 1134.71 890.234 881.869 879.602
threshold=5.1673452854156503 4.0193607807159433 0.3575000017881394 98825.367187500015 2462.5000000000005 787.50000000000011 32357.500000000004 0.90000000596046459 609877.50000000012 -457642.49999999994 -397054.99999999994 -478192.49999999994 1.5000000000000002 -4.8777971267700186 657112.50000000012 14.635075092315676 1.0000000180025095e-35 -428554.99999999994 7467.5000000000009 3.5672919750213627 4107.5000000000009 9732.5000000000018 2.7693603038787846 7132.5000000000009 187.50000000000003 483617.50000000006 -0.45996725559234614 -1.0000000180025095e-35 1.7326247096061709 0.024302656762301925
decision_type=2 2 2 2 2 2 2 2 2 2 2 2 2 2 2 2 2 2 2 2 2 2 2 2 2 2 2 2 2 2
left_child=1 2 8 -4 5 18 19 -8 9 11 12 16 17 -10 15 26 25 -11 -5 -7 24 23 -23 -22 -6 -1 -15 -2 -18 -12
right_child=27 -3 3 4 20 6 7 -9 13 10 29 -13 -14 14 -16 -17 28 -19 -20 -21 21 22 -24 -25 -26 -27 -28 -29 -30 -31
leaf_value=0.046840257864376164 0.0046148633501493811 -7.948628639386166e-05 -0.02692156610196457 0.030376161637085022 0.031689765192824314 -0.030259409379202941 0.05599335030226428 -0.028645319492081756 0.018275289556213672 0.005711225824157627 -0.00042306555562777884 -0.02940794650735223 0.006191617421848386 -0.022767717353452815 -0.0011001434652396476 -0.014299826194439747 -0.02609227390303246 0.040340576796073967 0.0025694027123879205 -0.0082830194724700587 0.0058083202823923062 0.005716496513290337 0.014638955341605512 -0.0093089709221186277 0.009781683281760805 -0.0011376894600698443 0.031441712471656377 0.0084842288663377844 0.022502480427344384 0.0045592669820629919
leaf_weight=1260.9908955842257 186274.51966708899 315028.94954387844 5347.782707080245 5828.3477678000927 8507.942905113101 9536.5807605683804 1717.8745170235634 720.24292929470539 26619.834628999233 4166.3772207945585 221109.31290817261 7845.3231112062931 18739.772828578949 1063.8231752067804 42456.443097308278 3417.665199354291 8574.9395809024572 8739.6964176297188 15360.417188823223 20172.357982262969 22164.013152390718 788615.75329384208 50989.430392578244 35901.393662944436 26600.516905575991 55094.694432213902 10347.088940277696 736155.13574811816 1046.78244112432 147796.50916226208
leaf_count=2896 474663 1126115 18992 14917 22254 35155 3736 2432 74332 12018 674156 27710 54409 3575 131198 11141 32076 20633 46317 63806 64685 2304033 141123 113250 76616 165460 26767 1814725 3273 437790
internal_value=0.00490886 0.00352677 0.00425985 0.00531678 0.00549164 -0.00306664 -0.011824 0.0309867 0.0023828 0.00134545 0.00267819 -0.00588567 0.0155608 0.00824753 0.00358739 0.017008 -0.00308818 0.0291631 0.0102195 -0.0153384 0.00598101 0.00562467 0.00625838 -0.0035385 0.0150916 -6.32545e-05 0.0263859 0.00770286 -0.0208032 0.00157302
internal_weight=2.7872e+06 1.86477e+06 1.54974e+06 991463 986115 53335.8 32147.1 2438.12 558279 474374 400552 73822.7 31645.8 83904.9 57285 14828.6 65977.4 12906.1 21188.8 29708.9 932779 897671 839605 58065.4 35108.5 56355.7 11410.9 922430 9621.72 368906
internal_count=8000253 5710865 4584750 2907316 2888324 166363 105129 6168 1677434 1430421 1199006 231415 87060 247013 172681 41483 203705 32651 61234 98961 2721961 2623091 2445156 177935 98870 168356 30342 2289388 35349 1111946
is_linear=0
shrinkage=0.05


Tree=46
num_leaves=31
num_cat=0
split_feature=79 49 43 94 46 22 90 94 38 13 39 90 85 94 94 77 36 25 37 49 77 46 77 48 81 90 77 87 36 42
split_gain=3905.68 1898.18 1765.85 1624.73 2343.13 1541.86 2755.84 1780.39 3085.46 2207.49 1739.12 2204.74 3242.7 1751.02 1654.91 1647.8 1446.52 1405.87 2504.99 1747.92 1358.03 1635.25 1258.66 1238.39 1213.4 1348.73 1193.61 1760.9 1148.33 1353.86
threshold=5.1673452854156503 0.20576497167348864 1.0029397606849673 2389.1762695312505 0.080209955573081984 1.5000000000000002 2460.950073242188 4057.241821289063 10.055381298065187 0.026087081991136078 1.4020093083381655 2637.499877929688 0.90000000596046459 4204.5224609375009 5175.7563476562509 1.5000000000000002 21.454422950744632 4.379467487335206 -8.6533989906311017 -0.58244305849075306 1.5000000000000002 0.28978522121906286 1.0304679572582247 0.35222910344600683 1.0000000180025095e-35 3421.6884765625005 3.7121527194976811 1.0000000180025095e-35 2.0690138339996342 1.0013563036918642
decision_type=2 2 2 2 2 2 2 2 2 2 2 2 2 2 2 2 2 2 2 2 2 2 2 2 2 2 2 2 2 2
left_child=1 3 5 4 -1 6 -3 23 9 15 11 12 -8 -13 -11 -9 -10 20 -19 -20 21 22 -5 -7 25 -25 -22 -28 29 -4
right_child=-2 2 28 17 -6 7 10 8 16 14 -12 13 -14 -15 -16 -17 -18 18 19 -21 26 -23 -24 24 -26 -27 27 -29 -30 -31
leaf_value=0.012649362704148633 0.0073285889784336688 -0.030767014227257257 0.0059495049315132333 0.0041633919306133631 -0.049432343910675892 -1.0507412924237518e-06 0.045024088982309661 -0.029230948481296756 0.025816755519546715 -0.0029342340476441668 0.0010503902487125787 0.004196615603953179 -0.0049656676980458486 0.017701255992182457 0.03259143571234166 -0.0087864295472027659 -0.051847281746594975 0.038509566101330689 -0.039710954469210052 -0.0021496618531289184 0.0024594232799865492 0.039229140760982217 0.0098908511535707299 0.0058238823179410865 -0.005334965743644407 0.020016401206248258 0.0016116265693948252 0.011537879883101263 0.001529747307657574 -0.011324408142746212
leaf_weight=2803.2625717073679 921098.85371267796 5005.1815078109503 14032.102975293994 188826.79778589308 3317.7289335131645 172230.06964159012 9852.8288561403751 14695.238215699792 10028.190129458904 59099.786375567317 82347.689133793116 84628.321545466781 4835.632950514555 33506.595872938633 3469.6571039110422 29931.005744606256 636.71234382688999 2211.6456921547651 5673.8865613341331 6819.9487958699465 507043.40843507648 3993.9322173297405 194978.21254687011 90178.875687465072 18624.306452706456 20555.456392019987 79578.33167976141 101882.87551237643 55363.448998883367 59172.881495058537
leaf_count=8345 2289388 18611 43143 535875 13205 542262 23415 50758 28555 190171 254650 258172 15916 96350 9140 101562 2454 5522 21130 21487 1620635 9200 535351 270339 66999 57982 270653 269320 173274 196389
internal_value=0.00466468 0.00334923 0.00144308 0.00468388 -0.0210022 0.00251785 0.00590617 0.000739246 -0.0044716 -0.00702342 0.0067594 0.0102988 0.0285673 0.0080271 -0.000963663 -0.0155193 0.0211752 0.00482802 -0.0105266 -0.0192098 0.00503782 0.00740434 0.00707305 0.00277566 0.00647264 0.00845862 0.00370487 0.00718486 -0.00390385 -0.0080132
internal_weight=2.78642e+06 1.86532e+06 768194 1.09713e+06 6120.99 639626 220176 419449 117861 107196 215171 132823 14688.5 118135 62569.4 44626.2 10664.9 1.09101e+06 14705.5 12493.8 1.0763e+06 387799 383805 301589 129359 110734 688505 181461 128568 73205
internal_count=8000253 5710865 2400142 3310723 21550 1987336 667114 1320222 382640 351631 648503 393853 39331 354522 199311 152320 31009 3289173 48139 42617 3241034 1080426 1071226 937582 395320 328321 2160608 539973 412806 239532
is_linear=0
shrinkage=0.05


Tree=47
num_leaves=31
num_cat=0
split_feature=79 79 86 77 87 53 90 38 104 25 90 38 94 104 25 37 94 25 38 50 25 42 25 30 22 42 38 37 77 79
split_gain=3541.6 1878.44 1517.59 2777.84 1325.11 1519.67 1584.64 1953.72 1599.34 1454.61 1913.37 1222.68 1206.9 1144.4 1952.42 1299.54 851.723 1580.06 1351.63 1254.88 1224.42 1191.18 1257.56 1180.03 1171.43 1101.5 958.292 914.381 846.55 1052.86
threshold=5.1673452854156503 2.0439162254333501 6.0000000000000009 1.5000000000000002 1.0000000180025095e-35 0.6078576147556306 4916.6972656250009 -11.843472957611082 8.2716002464294451 2.3387008905410771 2695.9172363281255 -32.757291793823235 5130.7700195312509 8.3351850509643572 2.5903633832931523 6.1189799308776864 4451.1149902343759 2.5903633832931523 -7.5117728710174552 72.500000000000014 0.63570550084114086 0.99035871028900158 2.1897813081741337 0.21249999850988391 1.5000000000000002 1.0168069601058962 -15.364768028259276 -8.0158219337463361 1.0304679572582247 6.4956810474395761
decision_type=2 2 2 2 2 2 2 2 2 2 2 2 2 2 2 2 2 2 2 2 2 2 2 2 2 2 2 2 2 2
left_child=1 -1 -3 16 5 9 8 -8 -7 10 -5 -6 -11 14 -13 -15 17 21 19 27 24 -4 -23 26 -20 -22 -19 -18 -2 -30
right_child=28 2 3 4 11 6 7 -9 -10 12 -12 13 -14 15 -16 -17 18 23 20 -21 25 22 -24 -25 -26 -27 -28 -29 29 -31
leaf_value=0.0049932134180227161 0.010310554269762733 -0.0016696918726464953 -0.020309303817179145 -0.014632255463655592 -0.053685915796042219 0.00083633310945973108 0.094820397824210242 -0.026308555438538758 0.014568382101161135 -0.022783369054362471 -0.00011514538249445619 0.0036309738468534416 0.040760752956078027 -0.017499370383342466 0.021204142835061099 0.0020085885296794747 -3.0411348189811884e-06 -0.041647722702508765 0.023361433134389761 0.054013454315214385 0.0092648105730714636 0.008735340109446094 -0.018810655633017898 0.035109586866565297 -0.040711307252390638 -0.051801777765043605 0.016575973080410575 -0.04687080056427486 0.0081197623100801603 0.004403465875686143
leaf_weight=809458.68968592584 157382.43804314733 243585.66927783191 3766.671723857522 28995.285823315382 933.92143027484417 110979.5762424767 348.71986146271229 6924.2489265054464 26210.979105964303 14559.112890481949 104491.66238977015 226004.63142286241 786.71892859041691 12708.956491738558 16993.459212884307 26000.250184252858 1564.7759620547295 945.9311864823103 979.74366354942322 475.3693156093359 28290.905449450016 177921.55936959386 4241.1154266297817 9266.1064889132977 2616.5803501754999 757.22917342185974 2784.6468188613653 3107.4284301102161 385552.36656421423 376918.02666966617
leaf_count=2217528 384048 886637 10998 126803 3573 425298 695 28707 93140 62131 408035 680759 2357 43294 47093 80526 4439 3082 2407 1009 73117 448063 12297 20119 8743 2556 6784 10675 947120 958220
internal_value=0.00443276 0.0031809 0.00179202 0.00282964 0.000955497 -0.00139885 0.00225422 -0.0204878 0.00346004 -0.0049447 -0.00326859 0.00339861 -0.0195229 0.00358807 0.00486001 -0.0043964 0.00738939 0.00869663 0.00050827 -0.0233014 0.00426347 0.00751834 0.00809389 0.0255508 -0.023253 0.00767102 0.00180414 -0.0311787 0.00697184 0.00628267
internal_weight=2.78555e+06 1.8657e+06 1.05624e+06 812656 575938 293296 144464 7272.97 137191 148833 133487 282641 15345.8 281707 242998 38709.2 236718 198926 37792 5147.57 32644.5 185929 182163 12996.7 3596.32 29048.1 3730.58 4672.2 919853 762470
internal_count=8000253 5710865 3493337 2606700 2002411 1147166 547840 29402 518438 599326 534838 855245 64488 851672 727852 123820 604289 501343 102946 16123 86823 471358 460360 29985 11150 75673 9866 15114 2289388 1905340
is_linear=0
shrinkage=0.05


Tree=48
num_leaves=31
num_cat=0
split_feature=79 79 55 94 30 100 36 54 55 55 42 55 99 37 39 37 55 36 25 87 77 6 55 85 77 54 38 54 54 13
split_gain=3209.89 1716.2 1577.87 2091.25 1758.9 2286.45 2012.65 1733.11 2156.17 3144.5 2134.21 1740.75 1642.64 1711.33 1559.88 1528.89 1460.65 1298.44 1229.05 2238.41 1453.04 1136.92 1093.29 1312.91 1329.3 1052.65 1005.86 990.354 1620.64 1435.96
threshold=5.531872272491456 1.5001720786094668 14487.500000000002 5186.2885742187509 0.42750000953674322 99384.253906250015 -25.701073646545407 609877.50000000012 -457642.49999999994 -397054.99999999994 1.0036485791206362 -478192.49999999994 291685.12500000006 17.446100234985355 -5.6439044475555411 4.7386126518249521 9502.5000000000018 4.7065186500549325 1.9561130404472353 1.0000000180025095e-35 1.5000000000000002 -0.0044891987927258006 1622.5000000000002 0.90000000596046459 1.5000000000000002 1972.5000000000002 -7.3424601554870597 2277.5000000000005 302.50000000000006 0.020232214592397216
decision_type=2 2 2 2 2 2 2 2 2 2 2 2 2 2 2 2 2 2 2 2 2 2 2 2 2 2 2 2 2 2
left_child=1 -1 3 4 7 21 -7 8 11 -10 14 -3 13 15 -9 27 -8 18 25 20 -20 -6 -5 -24 -25 -14 -26 28 -4 -29
right_child=-2 2 12 22 5 6 16 10 9 -11 -12 -13 17 -15 -16 -17 -18 -19 19 -21 -22 -23 23 24 26 -27 -28 29 -30 -31
leaf_value=0.0059016510678445147 0.0066549003973628493 -0.0055524600951414845 0.041425669231306868 -0.0314512348357468 0.019805831903793793 0.021140133296708306 0.0034312742467124272 0.019491596071043196 0.014438771002961794 -0.00067496271657789628 -0.013559734236953625 -0.028831870114838811 0.0086023281546378991 -0.018871578822364208 0.0048334886813778573 0.021011147914952708 0.012715151157234384 0.015524694860741234 -0.059567839697959118 -0.039599226850031234 0.0080580433547553561 -0.032856645429325156 0.055549368976440111 0.072663899073620183 0.068466019366434511 -0.010557666785461479 -0.045045776111610474 0.038714638863146647 -0.034170752888998228 -0.00085078767029250996
leaf_weight=407974.22023051977 907446.73862652481 74733.645121693611 867.43611983954906 614.12956950068474 1235.1510416567326 17496.370961740613 708423.62198401988 25976.960223868489 38068.967861831188 358464.78398159146 11638.167380481958 8996.4113559275866 9097.8787916153669 6890.8745258152485 60239.90474934876 14293.02359059453 45061.567380055785 5070.9186112135649 919.52588549256325 8748.4732502698898 5792.0774587094784 5999.1758773475885 3758.1596265733242 496.4951419532299 239.459567502141 33788.987101197243 1035.7357540875673 2739.651636749506 3860.9013543576002 14046.007580116391
leaf_count=1094575 2261654 245823 2182 2034 3866 50045 2211681 75400 110454 1158041 39951 33708 28486 24964 189876 40842 133309 15424 3410 34039 19443 22978 8185 831 511 116219 4166 7645 15218 45293
internal_value=0.00421343 0.00303281 0.00223584 0.00269323 0.00256137 0.00411328 0.00437582 0.000472308 -0.000763424 0.000776042 0.00653717 -0.0080541 -0.0036367 0.00394465 0.00925018 0.00833606 0.00398651 -0.00874112 -0.0108504 -0.0229366 -0.00121382 -0.0238631 0.0317959 0.0388252 0.00333543 -0.00649291 -0.0236894 -8.51133e-05 -0.0202953 0.00560846
internal_weight=2.78402e+06 1.87657e+06 1.46859e+06 1.36248e+06 1.35633e+06 778216 770982 578119 480264 396534 97855 83730.1 106116 42697.9 86216.9 35807 753485 63417.9 58346.9 15460.1 6711.6 7234.33 6143.98 5529.85 1771.69 42886.9 1275.2 21514 4728.34 16785.7
internal_count=8000253 5738599 4644024 4290859 4275132 2421879 2395035 1853253 1548026 1268495 305227 279531 353165 136144 265276 111180 2344990 217021 201597 56892 22853 26844 15727 13693 5508 144705 4677 70338 17400 52938
is_linear=0
shrinkage=0.05


Tree=49
num_leaves=31
num_cat=0
split_feature=79 79 86 81 55 25 85 100 85 55 55 85 25 50 85 53 55 25 22 55 35 24 22 25 25 22 90 94 94 36
split_gain=2911.73 1691.08 1019.72 1449.98 1239.16 1885.15 1752.29 1687.54 1876.68 1459.48 1806.51 1596.26 2027.37 1310.77 1282.15 1188.63 1312.18 1908.45 2332.99 1275.58 1202.45 1185.25 1176.92 1498.48 1182.51 1119.09 1092.58 1072.81 1276.09 917.81
threshold=5.1673452854156503 4.0193607807159433 6.0000000000000009 1.0000000180025095e-35 -629492.49999999988 1.997377395629883 0.90000000596046459 117609.55468750001 0.90000000596046459 -615622.49999999988 -609122.49999999988 0.90000000596046459 0.46944281458854681 -642.49999999999989 0.90000000596046459 0.6078576147556306 -525482.49999999988 1.0510362386703493 2.5000000000000004 21912.500000000004 -17.749154090881344 56.942331314086921 1.5000000000000002 0.43953450024127966 1.7922819256782534 2.5000000000000004 2711.730102539063 4825.0178222656259 4485.0400390625009 0.28186251223087316
decision_type=2 2 2 2 2 2 2 2 2 2 2 2 2 2 2 2 2 2 2 2 2 2 2 2 2 2 2 2 2 2
left_child=1 2 -1 4 5 7 -7 25 -9 11 14 12 -6 -12 -11 16 20 18 -18 -19 -5 22 23 -17 -24 -4 -22 28 -23 -29
right_child=-2 -3 3 15 9 6 -8 8 -10 10 13 -13 -14 -15 -16 21 17 19 -20 -21 26 27 24 -25 -26 -27 -28 29 -30 -31
leaf_value=0.0010700300175888792 0.0063101673761310527 -0.00046895527584870115 0.01005286838544505 0.037297049379133855 0.011527877146854937 0.062093082697402047 -0.0096506257809967563 0.028084776615971266 0.00095111143869461973 0.052872181444710654 0.0010459379517022344 0.0091728345776253307 -0.040808226344218566 0.0056192284756407841 -0.005014923674318654 -0.010831784394630862 0.062855071874756294 -0.0079870816736038897 0.0054354503183951077 0.026076722744073161 -0.01886609562543852 -0.001694025871844283 -0.0030896804916693541 0.020436613114317621 0.02134000074994985 -0.00070898936235125516 0.013212632541054793 -0.049402688358056085 0.023476694092031555 0.0012421498631624203
leaf_weight=327403.37420524657 917397.44624425471 315191.30734500289 55498.029462948442 1150.1899462938309 2662.142056286335 3084.1472855806351 1174.8399392664433 19305.352030143142 9513.0392841249704 3253.2025959640741 209467.43533173203 5702.3297392874956 6063.9655105173588 621731.42848977447 1354.3642796725035 4471.4443366378546 1848.7311297804117 51934.078019693494 40562.81836245954 2900.817179903388 21867.85138836503 48120.211818397045 23492.232464894652 26744.283305883408 6275.8976998031139 42771.927395626903 3020.1421528607607 2034.0686599910259 5622.7877395153046 1595.8720190674067
leaf_count=1044341 2289388 1126115 151308 3287 6995 6059 3698 46157 28303 6778 605767 16617 20128 1741282 4112 14986 4278 173713 128180 8406 80714 156550 76579 75999 18368 123373 9435 8021 16124 5192
internal_value=0.0040038 0.00286978 0.00354844 0.0042118 0.00506592 0.00958586 0.0423038 0.00848905 0.0191284 0.00436765 0.00463984 -0.0113985 -0.0248416 0.00446674 0.0358582 0.0007422 -0.00269374 -2.44451e-05 0.00793993 -0.00618454 -0.0126623 0.00432123 0.00917434 0.0159573 0.00206111 0.00536877 -0.0149728 -0.000837313 0.000939721 -0.0271415
internal_weight=2.78322e+06 1.86582e+06 1.55063e+06 1.22322e+06 981582 131347 4258.99 127088 28818.4 850235 835806 14428.4 8726.11 831199 4607.57 241641 123285 97246.4 42411.5 54834.9 26038.2 118357 60983.9 31215.7 29768.1 98270 24888 57372.9 53743 3629.94
internal_count=8000253 5710865 4584750 3540409 2760577 358898 9757 349141 74460 2401679 2357939 43740 27123 2347049 10890 779832 408013 314577 132458 182119 93436 371819 185932 90985 94947 274681 90149 185887 172674 13213
is_linear=0
shrinkage=0.05


Tree=50
num_leaves=31
num_cat=0
split_feature=79 79 55 49 55 8 54 25 94 54 25 87 25 90 13 29 23 41 22 54 54 25 54 55 36 25 77 79 13 79
split_gain=2685.75 1566.33 1205.64 1202.28 1044.21 1474.93 1323.16 1590.32 1246.95 1576.97 1239.1 1078.09 1038.68 934.029 1159.62 1145.16 1065.34 892.128 989.306 1817.04 2899.59 1790.77 1771.11 1463.15 868.799 913.255 808.961 906.428 784.068 768.447
threshold=5.1673452854156503 2.8426986932754521 14487.500000000002 0.16288578510284427 -102597.49999999999 -0.0093342065811157209 8797.5000000000018 2.9369496107101445 3639.8083496093755 181927.50000000003 0.58227747678756725 1.0000000180025095e-35 2.7912334203720097 4505.4243164062509 0.019944441504776481 0.88749998807907116 1.0000000180025095e-35 1.0020294785499575 1.5000000000000002 105057.50000000001 154487.50000000003 1.7597634792327883 737922.50000000012 -397054.99999999994 4.7065186500549325 1.9561130404472353 1.0304679572582247 6.4956810474395761 0.020922223106026653 5.531872272491456
decision_type=2 2 2 2 2 2 2 2 2 2 2 2 2 2 2 2 2 2 2 2 2 2 2 2 2 2 2 2 2 2
left_child=1 -1 3 4 5 -3 12 10 9 -7 -8 -10 -6 14 -4 16 -16 18 22 21 -21 -20 23 -5 25 28 29 -28 -15 -2
right_child=26 2 13 17 6 8 7 -9 11 -11 -12 -13 -14 24 15 -17 -18 -19 19 20 -22 -23 -24 -25 -26 -27 27 -29 -30 -31
leaf_value=0.0038310402896762721 -0.037107340456636474 -0.025308491885933405 0.0291335672664257 0.014595971134198631 0.0022202599612022706 0.027888383285975257 -0.03541291562987172 0.03068367739030961 0.0039696478552330161 0.0024069735342386158 0.0092368972725940194 -0.018866517372208163 -0.024458016081282695 -0.039302268839931327 0.0094971274095043481 0.025062266906592315 -0.019071792935385946 -0.0062528277380855968 -0.019787615234756681 0.032621395659744319 -0.00090377057773015964 0.0038800408542777258 -0.044164466048887914 5.1712474421784371e-05 0.016710821350887917 -0.032782746756136578 0.0070753579885548092 0.0036207859988247912 -0.0065627631751171674 0.0095734087808662591
leaf_weight=1186670.2256498188 885.62302219867706 5043.5973085016012 3120.41038864851 30942.31334207952 29994.178178697824 6249.0397061705589 1588.0116954594851 8875.1988780647516 8749.5349994748831 212954.59606975317 70188.192817762494 12623.868637382984 4152.6605263650417 2063.2559332996607 4889.2073690593243 2849.3811774104834 9806.8668213486671 64469.64358304441 23484.991989314556 6929.4614222496748 92959.69121196866 12114.054954633117 1769.7244140505791 39197.290968865156 2229.5099512636662 6015.7571497708559 383585.86805410683 376044.68537968397 16041.71423523128 155954.85659052432
leaf_count=3362382 2687 19370 9855 97672 101726 18102 6217 24584 31799 722459 226193 44579 16518 8716 17036 8864 37038 235506 93018 20733 327910 42532 7860 136487 7451 25934 947282 957808 60001 381655
internal_value=0.00382368 0.002735 0.000820329 0.00139474 0.00328835 0.00144841 0.00722496 0.0107178 0.00200948 0.00313354 0.00824849 -0.0095182 -0.00102461 -0.00690424 0.00105334 -0.00394175 -0.00956692 -0.00111564 0.000481262 -0.00203451 0.00142217 -0.0117337 0.00522139 0.00646815 -0.0131452 -0.0159056 0.00604026 0.00536523 -0.010296 0.00930955
internal_weight=2.78244e+06 1.86597e+06 679302 632286 360419 245621 114798 80651.4 240577 219204 71776.2 21373.4 34146.8 47016.1 20665.9 17545.5 14696.1 271867 207398 135488 99889.2 35599 71909.3 70139.6 26350.2 24120.7 916471 759631 18105 156840
internal_count=7999974 5710542 2348160 2173265 1211547 836309 375238 256994 816939 740561 232410 76378 118244 174895 72793 62938 54074 961718 726212 484193 348643 135550 242019 234159 102102 94651 2289432 1905090 68717 384342
is_linear=0
shrinkage=0.05


Tree=51
num_leaves=31
num_cat=0
split_feature=79 86 77 79 26 54 55 55 25 38 39 42 30 54 90 104 54 55 55 79 87 42 49 84 25 54 55 25 31 25
split_gain=2434.7 1578.32 2114.91 1386.38 1093.84 1529.44 1372.03 1364.29 1119.21 1473.05 1661.96 1108.39 1821.35 1126.23 1029.56 1623.11 1056.99 1146.52 2101.19 920.936 895.156 865.346 839.129 821.195 791.186 780.99 1936.17 927.316 783.754 777.058
threshold=5.1673452854156503 6.0000000000000009 1.5000000000000002 3.0706348419189458 -0.66901758313179005 1822.5000000000002 -1.0000000180025095e-35 24522.500000000004 1.1167083382606509 9.6678590774536151 -5.345017433166503 1.0168069601058962 0.76249998807907116 2762.5000000000005 2582.4602050781255 7.6000258922576913 302.50000000000006 19872.500000000004 18222.500000000004 3.4019228219985966 1.0000000180025095e-35 0.99645218253135692 0.1413247883319855 -1.0000000180025095e-35 2.2024819850921635 654727.50000000012 -665312.49999999988 1.997377395629883 1176.805358886719 0.95877075195312511
decision_type=2 2 2 2 2 2 2 2 2 2 2 2 2 2 2 2 2 2 2 2 2 2 2 2 2 2 2 2 2 2
left_child=1 19 4 -4 14 6 -6 22 9 10 -7 13 -13 -10 15 -3 24 18 -18 -1 -5 -9 -8 -2 -16 28 27 -27 -22 -11
right_child=23 2 3 20 5 8 7 21 11 29 -12 12 -14 -15 16 -17 17 -19 -20 -21 25 -23 -24 -25 -26 26 -28 -29 -30 -31
leaf_value=0.001002741014069149 0.0027733895995447656 -0.051502739715802298 0.0032061661621727335 -0.0039381119918678441 0.053749531765821146 0.01631056747184768 -0.012058298387881359 -0.066410937792084027 0.038619647452327377 -0.0025034769580582483 0.0042741233107268439 -0.067694686239857721 0.024649755092227929 0.011770937049765708 0.072912181457529368 0.023562813654669789 -0.00030392041688949114 -0.025678826283404801 0.064056275800356846 -0.0050240418102362981 0.0021028012499138896 0.034858092119805208 -0.044506017358193851 0.0065004629834176835 -0.045244403775456472 0.0029869992938281534 0.053748316310484802 0.062725218076702421 -0.009529229364384122 -0.03175310809170654
leaf_weight=318891.65331441164 185319.1554928869 784.2233452796936 798327.09975998104 129705.99202850461 796.46326208114624 37164.831942245364 6333.1754691004753 238.07243488729 4032.4319763332605 6462.5812940746546 125608.26122266054 1118.8722911626101 1019.7270449250937 123931.25116695464 795.522450953722 8688.4110066145658 79004.81894621253 4330.8344046622515 1287.8371460437775 79110.840237557888 93530.927953392267 1794.3128481656313 2907.3805814683437 729976.39784798026 171.56110033392906 16550.182719364762 2345.308444827795 675.18979173898697 17133.148823529482 3500.1455890089273
leaf_count=1009197 474459 2650 2355416 574285 1546 89663 18279 908 8864 17150 323513 4002 2351 307554 1328 19784 209454 13941 2390 318470 292031 3919 9992 1814973 591 49585 5354 1517 56149 10659
internal_value=0.00363356 0.00259758 0.00335464 0.0021735 0.00640351 0.00782252 -0.00963119 -0.014114 0.00851817 0.00588008 0.00702243 0.0120206 -0.0236697 0.0126173 0.00170279 0.017343 -2.82859e-05 -0.000622631 0.000729094 -0.000195198 -0.00099799 0.0229662 -0.0222717 0.00574585 0.0519209 0.00193016 0.0111371 0.00533238 0.000301801 -0.0127822
internal_weight=2.78154e+06 1.86624e+06 1.46824e+06 1.05827e+06 409971 314908 12069.4 11272.9 302838 172736 162773 130102 2138.6 127964 95063.2 9472.63 85590.6 84623.5 80292.7 398002 259941 2032.39 9240.56 915296 967.084 130235 19570.7 17225.4 110664 9962.73
internal_count=7999974 5710542 4382875 3334337 1048538 798400 34644 33098 763756 440985 413176 322771 6353 316418 250138 22434 227704 225785 211844 1327667 978921 4827 28271 2289432 1919 404636 56456 51102 348180 27809
is_linear=0
shrinkage=0.05


Tree=52
num_leaves=31
num_cat=0
split_feature=79 49 41 22 54 54 54 54 85 85 12 31 25 36 39 25 38 13 54 22 25 104 12 54 25 37 90 13 37 85
split_gain=2204.64 1448.18 1579.94 1441.92 2696.43 2129.47 3471.33 3035.97 2215.87 2126.4 1848.72 1705.66 1660.7 1959.31 1471.22 1656.99 2242.97 1452 1397.62 1350.33 1369.52 1332.17 1726.86 1415.08 2873.17 1702.38 1835.66 1785.07 1599.29 2705.94
threshold=5.1673452854156503 0.16288578510284427 1.002357602119446 1.5000000000000002 740402.50000000012 105057.50000000001 154487.50000000003 17322.500000000004 0.90000000596046459 0.90000000596046459 0.010991326533257963 426.32597351074224 3.8588291406631474 -22.302142143249508 1.4020093083381655 1.3422549962997439 1.8691753149032595 0.029236733913421634 2122.5000000000005 3.5000000000000004 1.8331184387207033 7.6000258922576913 0.021611373871564869 9327.5000000000018 4.379467487335206 14.530046939849855 5186.0429687500009 0.08139673620462419 -2.9258147478103633 0.90000000596046459
decision_type=2 2 2 2 2 2 2 2 2 2 2 2 2 2 2 2 2 2 2 2 2 2 2 2 2 2 2 2 2 2
left_child=1 21 3 4 14 7 9 19 10 11 -9 -7 -8 -14 15 16 -3 -10 -17 -5 -21 22 -1 24 25 28 27 -27 29 -23
right_child=-2 2 -4 5 -6 6 12 8 17 -11 -12 -13 13 -15 -16 18 -18 -19 -20 20 -22 23 -24 -25 -26 26 -28 -29 -30 -31
leaf_value=0.0083664905774471724 0.0054652894366677626 0.019231795446134924 -0.0033738884798986454 -0.0028138353333632682 -0.034442886522588458 0.048917940491736506 0.00085797153662012346 0.070688599257624343 -0.012063463958099912 0.00066873845487608905 -0.023316171076268401 0.011147703760524978 0.068570564970000067 -0.035699141574770964 0.00075087415093023848 -0.045074060640610016 0.0010862916939893645 0.013275444036919576 0.0036984510649226603 0.0032830437115543894 0.028953483636266653 -0.031380844277307973 -0.045640811484793743 0.0045681208213559322 -0.030070540796501989 -0.010491894020760598 0.034295267253397189 0.074159372811672578 0.0069263686195497332 0.013828545174666177
leaf_weight=2821.9305745363235 914200.5944391489 56868.129582762718 172941.03490096331 54140.711894512177 4172.7282250672579 8126.862363666296 252459.05396017432 530.43339407444 13977.826798632741 6931.8921932429075 33117.698958724737 4729.418960660696 1806.4820055961609 599.34438359737396 78942.197524622083 1513.8796620815992 24311.616577044129 9492.0704826414585 48337.29025362432 16350.195876851678 7615.3627573847771 7545.434418156743 3110.8350400179625 903920.79264481366 7833.2080055475235 43799.251804098487 2553.8438973873854 630.75200562179089 90828.990299239755 5894.5166321843863
leaf_count=8557 2289432 160107 553413 173798 16056 18717 789259 1151 48466 21909 114883 13547 3771 2142 243230 5833 74345 29235 146608 51607 20598 27299 12472 2705302 29138 142059 6540 1381 270890 18229
internal_value=0.00345373 0.00246816 0.000854934 0.00202692 0.00535206 0.000289629 0.00281844 -0.00484656 -0.0136073 0.0229913 -0.0218321 0.0350258 0.00125208 0.0425886 0.00614308 0.00939165 0.0137977 -0.00181516 0.00221635 0.00156011 0.0114412 0.00367092 -0.0199542 0.0038028 -0.00054569 0.000983524 -0.00691858 -0.00928838 0.00454431 -0.0115529
internal_weight=2.7801e+06 1.8659e+06 796964 624023 214146 409877 274653 135224 57118 19788.2 33648.1 12856.3 254865 2405.83 209973 131031 81179.7 23469.9 49851.2 78106.3 23965.6 1.06894e+06 5932.77 1.06301e+06 159086 151253 46983.8 44430 104269 13440
internal_count=7999974 5710542 2488675 1935262 646179 1289083 849345 439738 193735 54173 116034 32264 795172 5913 630123 386893 234452 77701 152441 246003 72205 3221867 21029 3200838 495536 466398 149980 143440 316418 45528
is_linear=0
shrinkage=0.05


Tree=53
num_leaves=31
num_cat=0
split_feature=79 30 94 36 55 22 55 28 87 54 49 54 55 55 22 53 42 45 6 26 87 49 25 22 25 49 90 94 49 54
split_gain=1998.01 1369.17 2140.82 1843.92 1843.45 1693.68 1645.02 1762.41 1464.44 1438.72 1964.05 1428.14 2088.49 4052.24 1958.11 1692.06 1545.53 1325.22 1321.96 1311.41 1601.31 1250.64 1548.72 2084.05 1850.77 1241.97 1235.7 1232.41 1293.21 1404.81
threshold=5.531872272491456 0.3575000017881394 2389.1762695312505 -27.430988311767575 14487.500000000002 3.5000000000000004 24522.500000000004 1.0000000180025095e-35 1.0000000180025095e-35 10637.500000000002 -0.076279435306787477 609877.50000000012 -443837.49999999994 -397054.99999999994 1.5000000000000002 1.0000000180025095e-35 1.0045831799507143 1.0072158575057986 0.0050931535661220559 0.36214552819728857 1.0000000180025095e-35 -0.37256073951721186 0.82863298058509838 1.5000000000000002 2.3387008905410771 0.7298206388950349 5076.1696777343759 5186.2885742187509 0.24825246632099154 264162.50000000006
decision_type=2 2 2 2 2 2 2 2 2 2 2 2 2 2 2 2 2 2 2 2 2 2 2 2 2 2 2 2 2 2
left_child=1 11 -3 5 27 19 9 -8 -7 17 -11 12 15 14 25 -1 -13 -6 -10 -4 -21 22 23 -15 -24 -14 -9 28 29 -5
right_child=-2 2 3 4 6 8 7 26 18 10 -12 16 13 21 -16 -17 -18 -19 -20 20 -22 -23 24 -25 -26 -27 -28 -29 -30 -31
leaf_value=-0.016865292430473019 0.0052155912910422887 -0.025704100904345689 -0.00020179022893612367 0.0068919539951603553 -0.015069749240562008 0.0058008599391311212 -0.014349838500571633 0.026324564972608672 0.056303821105039842 -0.011849756357282609 0.025371491562032535 0.0077592751200472798 0.016682129535825579 -0.047800265538958317 0.0070829666369284956 -0.0026713078826699115 -0.015694033076660736 0.0086288121207502549 -0.07664661672426018 -0.022207088909701855 0.062105725963433514 -0.0015453979091635997 0.011446251583913422 -0.00070252734742731456 -0.01399181776291324 0.047220933966271472 -0.00275071463558535 0.027416548378640899 0.0006647824727911947 0.0027333804020732038
leaf_weight=30356.5197224617 902109.70691712201 6300.2903130501509 11208.422523349524 381155.44665549695 43208.695377662778 2627.1341132521629 6447.8140870630741 10832.005621165037 5113.5278935581446 7305.9424423873425 6881.2284095883369 94103.802054136992 6209.5198122411966 2771.8949680775404 15821.180631682277 68096.849330976605 7589.9741979241371 6830.7924374789 193.19787375628948 785.28003400564194 1985.4129606634378 356925.74966013432 61669.156582981348 15359.344368040562 8087.0162248462439 7182.3096814751625 5513.8011938333511 5499.1449507474899 266559.64855670929 434697.53443093598
leaf_count=102861 2261617 23695 34343 1116870 147017 8189 21772 29394 11311 23719 19476 283514 16820 10125 46093 216407 25775 20665 758 2733 4156 1128446 178615 47254 26438 16405 17580 13937 827315 1316674
internal_value=0.0032817 0.0023524 0.00336318 0.00351622 0.00324819 0.0178867 -0.00375445 0.00778495 0.0363369 -0.00784984 0.00620389 0.000548537 -0.000421381 0.000954937 0.0189938 -0.00704797 0.00600864 -0.0118345 0.0514491 0.00741301 0.0382083 -0.00022979 0.00511302 -0.00790532 0.00849692 0.0330634 0.016517 0.00380832 0.00368835 0.00467622
internal_weight=2.77943e+06 1.87732e+06 1.20315e+06 1.19685e+06 1.17493e+06 21913 87020.3 22793.6 7933.86 64226.7 14187.2 674173 572480 474026 29213 98453.4 101694 50039.5 5306.73 13979.1 2770.69 444813 87887.4 18131.2 69756.2 13391.8 16345.8 1.08791e+06 1.08241e+06 815853
internal_count=7999974 5738357 3639604 3615909 3554419 61490 279623 68746 20258 210877 43195 2098753 1789464 1470196 79318 319268 309289 167682 12069 41232 6889 1390878 262432 57379 205053 33225 46974 3274796 3260859 2433544
is_linear=0
shrinkage=0.05


Tree=54
num_leaves=31
num_cat=0
split_feature=79 86 77 87 54 55 55 54 42 53 75 25 54 54 37 53 90 25 55 48 24 25 22 90 36 62 55 25 37 25
split_gain=1810.2 1416.89 1924.77 1418.55 1858.68 3315.03 2450.37 3194.7 2206.15 3987.17 1890.61 1856.94 1838.93 2191.76 2017.29 1831.46 2073.71 2140.71 2611 2011.46 2003.37 2130.94 1799.31 1760.21 1467.94 1439.39 1378.58 1364.59 1135.78 1278.32
threshold=5.1673452854156503 6.0000000000000009 1.8130434155464175 1.0000000180025095e-35 413952.50000000006 -443837.49999999994 -475762.49999999994 483617.50000000006 1.0035936236381533 1.0000000180025095e-35 8.8539819717407244 0.70041006803512584 8102.5000000000009 326977.50000000006 2.4394966363906865 0.6078576147556306 5130.6899414062509 2.3387008905410771 -525482.49999999988 0.79989895224571239 62.13533020019532 1.7922819256782534 1.5000000000000002 4067.7578125000005 25.075835227966312 23.765181541442875 29647.500000000004 1.4626069664955141 51.44743728637696 0.60973319411277782
decision_type=2 2 2 2 2 2 2 2 2 2 2 2 2 2 2 2 2 2 2 2 2 2 2 2 2 2 2 2 2 2
left_child=1 -1 -3 15 10 6 7 -6 -7 -10 28 -8 14 -14 -12 16 17 18 -4 -18 21 22 -17 -23 -19 27 -27 -22 29 -5
right_child=-2 2 3 4 5 8 11 -9 9 -11 12 -13 13 -15 -16 20 19 24 -20 -21 25 23 -24 -25 -26 26 -28 -29 -30 -31
leaf_value=-0.00041902369072916666 0.0049437839401643121 0.0052673959020980527 -0.013498932856588581 0.0013460766861547525 0.051474824475717197 0.037469069477193466 0.010031341347787034 0.0059647863778081638 0.078872783576652145 -0.040620419213325938 -0.021022659327401536 -0.027886258406358846 0.0080292201677510267 -0.0071236130753538828 0.0006237875791695372 0.010530168135000744 0.0063578004106521801 -0.022569848076099505 0.0003488714473689617 0.073762235333131837 -0.0042061938487995788 0.0030376563516809982 -0.0034631015474568313 0.03042757984553969 0.044807551225427816 0.0029415265277425769 0.094513821847653542 -0.024369795679966569 0.044263668917641073 -0.012031273055144549
leaf_weight=398240.54741692543 912216.9206686914 554538.55818043649 44583.715220987797 30130.857476621866 3968.4442051649094 13667.356411576271 4977.044291883707 135199.73018921912 968.11813083291054 2495.2985315620899 13873.419336080551 9188.9099348336458 157016.15306228399 28139.923143565655 47993.288165643811 46132.20939643681 3519.9234539866447 19932.450538977981 143916.18418452144 1613.7432636618614 36577.79111994803 9446.7247889488935 45756.960512340069 15475.76172503829 841.6026414334774 42084.239015981555 414.06073170900345 10888.270379453897 1113.8501663058996 43840.62938837707
leaf_count=1327667 2289432 1526971 168220 90056 8774 30821 14243 379980 1697 8493 46579 30957 441401 84563 142096 144792 11419 74877 487080 3675 126546 30665 156517 43938 2495 140787 825 40308 2775 141325
internal_value=0.0031183 0.00222614 0.00294358 0.0015333 0.003355 0.00757701 0.00524628 0.00726292 0.028437 -0.00720429 0.00112061 -0.0145642 0.00323255 0.00572625 -0.00423054 -0.000597167 -0.00383506 -0.00460529 -0.00292642 0.0275573 0.00276021 0.00707929 0.00356209 0.0200463 -0.019838 -0.00284774 0.00383604 -0.00883206 -0.00582734 -0.00658226
internal_weight=2.77875e+06 1.86654e+06 1.4683e+06 913757 492573 170465 153334 139168 17130.8 3463.42 322108 14166 247023 185156 61866.7 421184 214408 209274 188500 5133.67 206776 116812 91889.2 24922.5 20774.1 89964.4 42498.3 47466.1 75085.3 73971.5
internal_count=7999974 5710542 4382875 2855904 1423760 474965 433954 388754 41011 10190 948795 45200 714639 525964 188675 1432144 747766 732672 655300 15094 684378 375912 301309 74603 77372 308466 141612 166854 234156 231381
is_linear=0
shrinkage=0.05


Tree=55
num_leaves=31
num_cat=0
split_feature=79 79 49 54 22 54 28 54 54 54 62 37 38 54 54 22 99 99 99 30 6 54 37 41 25 100 37 25 25 25
split_gain=1697.42 1435.89 1209.25 1830.26 1901.64 1937.8 1685.18 1572.89 2480.78 1925.07 1341.45 1332.2 1119.59 1067.9 1033.8 1029.96 1905.93 1329.2 1029.72 1321.83 1174.98 1019.31 1938.05 1942.59 1688.13 1473.97 1944.02 1719.31 1624.22 1324.23
threshold=5.531872272491456 1.5001720786094668 0.60003554821014415 257452.50000000003 1.5000000000000002 740402.50000000012 0.27500000596046453 326977.50000000006 322292.50000000006 335587.50000000006 39.969173431396491 37.198982238769538 23.854911804199222 445370.00000000006 595757.50000000012 2.5000000000000004 307782.78125000006 174213.91406250003 99379.316406250015 0.55750000476837169 -0.0041142175905406466 706607.50000000012 5.5639443397521982 1.0044428706169131 0.38175284862518316 116266.12109375001 3.4120737314224248 0.47447086870670324 1.5129033923149111 0.60973319411277782
decision_type=2 2 2 2 2 2 2 2 2 2 2 2 2 2 2 2 2 2 2 2 2 2 2 2 2 2 2 2 2 2
left_child=1 -1 18 6 5 10 -4 8 11 -9 13 -6 15 -5 -11 17 -17 -8 19 -3 -21 25 29 24 -24 26 28 -28 -20 -23
right_child=-2 2 3 4 7 -7 12 9 -10 14 -12 -13 -14 -15 -16 16 -18 -19 21 20 -22 22 23 -25 -26 -27 27 -29 -30 -31
leaf_value=0.004728993478592099 0.0047451470497812207 0.0010182562226163474 0.0019390977507064923 0.020723819495823206 0.0072665529674851006 -0.030984984642333176 -0.055168303433952876 -0.055290679814694779 0.052440208636425172 -0.0069511195980502573 -0.013657003557817691 -0.060031950890161494 0.010604076823382156 0.007305310392343398 0.0030888877367039659 0.0017091975553392915 -0.021274741290059289 -0.01201393338338852 0.015758629682932283 0.011650498000138928 -0.048712788095604656 0.055325738543635296 0.030194185030848888 0.032394516614194034 -0.0054604550946347023 0.0025463505871293562 0.0033504841927305866 -0.016647608451938953 -0.024292657397981313 0.017269749756703572
leaf_weight=407957.84814843535 900621.56401473284 6758.7909900695086 66202.577153742313 25276.338394835591 14381.918295994401 2897.1771136969328 1833.7643436193466 1770.8988779038191 3172.8439185172319 61088.117116034031 5175.2344561517239 773.97633348405361 7646.1260092109442 35874.211793959141 44181.77657353878 38224.41544264555 11804.409825205803 65164.239242136478 14928.75177654624 1061.3804729729891 3345.6673043370247 2837.0956394970417 3756.9942890554667 4930.2275005280972 28470.714317709208 953705.04887537658 15817.610999256372 33526.551660194993 3047.1609098315239 11763.267914116383
leaf_count=1094875 2262304 22162 212633 71963 45278 11268 7374 7147 8182 203042 17573 3172 23918 109142 140432 123875 42443 222404 43645 3399 13913 6795 10397 13819 94456 2976427 49110 114721 10856 34466
internal_value=0.0029607 0.00210465 0.00137605 -0.00102923 0.00238303 0.00903482 -0.00450796 -0.00128977 0.0122439 -0.0036073 0.0107834 0.00382571 -0.00793143 0.0128521 -0.00273729 -0.0091426 -0.00371413 -0.013196 0.0022314 -0.0128734 -0.0341746 0.00238863 0.00923392 0.00316871 -0.001303 0.00204161 -0.00510871 -0.010237 0.00896814 0.0246683
internal_weight=2.778e+06 1.87738e+06 1.46942e+06 385468 194592 69223 190876 125370 18328.7 107041 66325.8 15155.9 124673 61150.6 105270 117027 50028.8 66998 1.08395e+06 11165.8 4407.05 1.07278e+06 51758.3 37157.9 32227.7 1.02103e+06 67320.1 49344.2 17975.9 14600.4
internal_count=8001191 5738887 4644012 1249846 617199 209946 632647 407253 56632 350621 198678 48450 420014 181105 343474 396096 166318 229778 3394166 39474 17312 3354692 159933 118672 104853 3194759 218332 163831 54501 41261
is_linear=0
shrinkage=0.05


Tree=56
num_leaves=31
num_cat=0
split_feature=79 79 86 77 87 99 38 90 48 25 53 77 79 77 79 49 36 43 94 55 49 40 35 90 100 49 12 49 25 87
split_gain=1537.1 1342.69 956.51 1680.02 886.905 896.082 1809.26 2461.9 1301.05 1246.32 974.225 823.021 823.834 723.919 749.979 648.106 872.747 852.22 768.068 1208.88 613.063 577.854 573.39 552.959 1051.93 1053.25 742.891 649.28 759.513 993.664
threshold=5.531872272491456 2.8426986932754521 6.0000000000000009 1.5000000000000002 1.0000000180025095e-35 288271.65625000006 -11.175111293792723 4753.4299316406259 -0.74455857276916493 2.99071216583252 0.6078576147556306 1.0304679572582247 6.4956810474395761 0.81333059072494518 5.1673452854156503 -0.45201864838600153 -23.812932014465328 1.0086613297462466 2413.9550781250005 -629492.49999999988 -0.54643493890762318 -0.56174489110708226 -13.51768922805786 5186.0429687500009 350028.71875000006 0.56457334756851207 0.028421714901924137 -0.74455857276916493 2.9369496107101445 1.0000000180025095e-35
decision_type=2 2 2 2 2 2 2 2 2 2 2 2 2 2 2 2 2 2 2 2 2 2 2 2 2 2 2 2 2 2
left_child=1 23 13 -4 5 9 8 -8 -7 10 -5 -2 -13 14 -3 16 21 -18 22 -20 -15 -6 -17 24 -1 27 -27 -26 -29 -30
right_child=11 2 3 4 15 6 7 -9 -10 -11 -12 12 -14 20 -16 18 17 -19 19 -21 -22 -23 -24 -25 25 26 -28 28 29 -31
leaf_value=0.0032007157060173238 0.0078299283315084022 -0.0073676402224977207 0.0055220301870864529 -0.0079425390022169404 0.0465339361208282 0.062974142065710878 0.013185590199034335 -0.01456341483231801 0.0062307768263755369 -0.026894426434407478 0.00037169528979641615 0.0054957878031769184 0.0021701575387175938 0.0048534209576288796 -0.07879760853252249 0.025789992667633155 0.003356515221724591 0.036669754882565193 0.01350091132990853 -0.0017840778455544004 -0.0034101762522531862 0.0053160589224963773 -0.043136108759709482 0.014747466715202823 -0.011104745389088934 -0.034647939672905227 -0.0077204494931732122 0.0015468445226597431 0.068147145704936907 -0.00038171683837510961
leaf_weight=1136902.5632002354 154795.12350717187 53987.18298009038 160972.60820952058 71490.056673049927 2103.5338202565908 2085.2640204131603 16833.785855636001 15218.073072865605 1959.4270159602165 6118.4927617162466 69469.248135283589 370254.72577860951 374678.33446714282 33334.081981033087 369.02160705626011 366.9615582972765 63615.652693346143 1978.6061138361692 14773.89568862319 103918.02243416011 68697.338834986091 1427.8124125599861 1679.5608727484941 9963.9397403299809 9302.4485629796982 4266.3007746487856 6410.7189738601446 18194.498107433319 1036.0298338234425 1079.4004404246807
leaf_count=3215622 381899 212350 414072 320624 4997 5943 65518 64070 7344 26560 287955 922096 958309 119854 1318 990 189832 4918 41037 329003 269548 4223 6396 26713 28301 14527 19541 52494 2037 3100
internal_value=0.00281325 0.00199897 0.00024563 0.00125278 -0.000589473 -0.00307158 0.00398741 1.02928e-05 0.0354947 -0.00480408 -0.00384501 0.00451248 0.00382311 -0.0031934 -0.00785411 0.00180516 0.00566591 0.00436201 -0.000405197 0.000118541 -0.000710355 0.0298761 -0.030768 0.00301864 0.00291934 -0.00502026 -0.0184828 -0.000165587 0.00484487 0.0331942
internal_weight=2.77728e+06 1.87755e+06 690399 534011 373038 183174 36096.5 32051.9 4044.69 147078 140959 899728 744933 156388 54356.2 189864 69125.6 65594.3 120738 118692 102031 3531.35 2046.52 1.18716e+06 1.17719e+06 40289.4 10677 29612.4 20309.9 2115.43
internal_count=8001191 5738887 2376552 1773482 1359410 778014 142875 129588 13287 635139 608579 2262304 1880405 603070 213668 581396 203970 194750 377426 370040 389402 9220 7386 3362335 3335622 120000 34068 85932 57631 5137
is_linear=0
shrinkage=0.05


Tree=57
num_leaves=31
num_cat=0
split_feature=79 79 30 100 36 22 85 48 55 55 87 28 87 48 12 30 36 50 39 55 13 55 94 55 44 55 63 55 84 90
split_gain=1394.42 1291.89 771.913 1397.46 1196.43 1148.52 1423.27 1338.88 1052.74 1048.6 1467.12 1021.57 1874.56 946.362 916.223 903.848 899.833 1168.86 1053.81 1173.44 1396.42 872.717 1837.45 1003.58 853.505 796.527 1021.06 849.839 746.467 721.059
threshold=5.1673452854156503 4.0193607807159433 0.3275000005960465 98825.367187500015 -27.430988311767575 3.5000000000000004 0.90000000596046459 0.66746801137924205 14487.500000000002 30795.000000000004 1.0000000180025095e-35 0.57500001788139354 1.0000000180025095e-35 -0.91959547996520985 0.027865183539688591 0.79750001430511486 -7.1540541648864737 -52.499999999999993 5.0079908370971689 -577002.49999999988 0.02406445145606995 9502.5000000000018 4768.4714355468759 7132.5000000000009 1.0006136298179629 -13507.499999999998 0.25487723946571356 9062.5000000000018 -1.0000000180025095e-35 2452.096313476563
decision_type=2 2 2 2 2 2 2 2 2 2 2 2 2 2 2 2 2 2 2 2 2 2 2 2 2 2 2 2 2 2
left_child=1 2 13 -4 5 11 7 -7 21 10 -10 24 -13 -1 -8 -11 18 25 19 29 -21 23 -23 -6 -5 26 -18 -27 -2 -15
right_child=28 -3 3 4 8 6 14 -9 9 15 -12 12 -14 16 -16 -17 17 -19 -20 20 -22 22 -24 -25 -26 27 -28 -29 -30 -31
leaf_value=-0.0048196895007547912 0.0014439543182429694 -0.0010291190538304926 -0.021900134688887386 0.0019877539601321471 0.0036276300179266564 0.060034895010789902 -0.026416741117825833 -0.007288467051813523 0.0042518350333508644 0.0011822040481922547 -0.010909078868915604 -0.02622880519330455 0.051784424014955435 0.0019423834957901015 0.037356629077318064 0.034650252955745579 0.0073076855041823074 -0.0061115260181823202 -0.0017350544441230493 0.00012903033710224274 0.0093454144999650171 0.014944871708466629 -0.0067467030635302979 -0.0041865876953935581 -0.057445614516415305 -0.014737176535846037 -0.0062471778409156449 0.0025625038833851617 0.0050022759809311979 0.019529376440992216
leaf_weight=63302.429434493184 185015.64057803154 314804.72710204124 5482.8979346454144 8732.1555828303099 836447.14870011806 3875.8070660382509 1381.081597417593 911.87481224536896 27053.599656775594 5305.2844350785017 38900.698438853025 1089.5226177126169 2620.0641478002071 8058.5520814359188 949.54702128469944 3254.4335035681725 67984.620995983481 69435.489057451487 70164.9142370224 102977.3220949024 68397.507365509868 41130.355781674385 12800.206330895424 43209.643743872643 647.94995519518852 12714.587768957019 17460.228266611695 16070.502299964428 724792.86929053068 21064.269775509834
leaf_count=194708 475478 1126259 19993 25680 2438657 7907 4739 2752 82535 15625 124953 3701 5658 24940 2395 8037 197735 216672 214095 311034 197230 112441 39775 130745 2387 40676 54208 48368 1814579 57229
internal_value=0.00267372 0.00189129 0.00248388 0.00327307 0.00340732 0.0154531 0.031616 0.0472124 0.00316584 -0.00255331 -0.00469022 0.00666139 0.0288693 0.00090772 -0.000427109 0.01391 0.00170575 -0.000995486 0.00353876 0.00538438 0.00380745 0.00362232 0.00979634 0.00324378 -0.00212288 0.00211432 0.00453772 -0.00507897 0.00427868 0.0146633
internal_weight=2.77604e+06 1.86623e+06 1.55142e+06 1.03379e+06 1.02831e+06 20208 7118.31 4787.68 1.0081e+06 74514 65954.3 13089.7 3709.59 517630 2330.63 8559.72 454328 183665 270663 200498 171375 933587 53930.6 879657 9380.11 114230 85444.8 28785.1 909809 29122.8
internal_count=8001191 5711134 4584875 3027980 3007987 55219 17793 10659 2952768 231150 207488 37426 9359 1556895 7134 23662 1362187 557659 804528 590433 508264 2721618 152216 2569402 28067 340987 251943 89044 2290057 82169
is_linear=0
shrinkage=0.05


Tree=58
num_leaves=31
num_cat=0
split_feature=86 77 55 55 87 55 53 90 55 55 55 53 94 99 22 49 24 25 53 35 55 37 14 22 12 55 25 38 22 55
split_gain=1402.93 2122.53 1481.78 1051.95 1042.77 3340.71 3215.05 2630.18 4628.4 2934.14 3347.89 3314.98 3170.21 2358.72 2250.83 2178.02 2117.05 2021.9 2443.46 3905.83 3061.63 1940.34 1782.59 1710.05 1592.18 3064.49 2699.56 2377.62 2114.63 1983.94
threshold=6.0000000000000009 1.8130434155464175 -726402.49999999988 14487.500000000002 1.0000000180025095e-35 -719972.49999999988 1.0000000180025095e-35 2923.1750488281255 -443837.49999999994 -475762.49999999994 -484609.99999999994 0.6078576147556306 2756.641479492188 106002.25000000001 2.5000000000000004 -0.09801131114363669 24.473707199096683 0.43953450024127966 0.87837970256805431 1.7379113435745241 -717607.49999999988 51.44743728637696 32.301067352294929 1.5000000000000002 0.020425996743142608 -423777.49999999994 0.60973319411277782 13.195748329162599 2.5000000000000004 -408332.49999999994
decision_type=2 2 2 2 2 2 2 2 2 2 2 2 2 2 2 2 2 2 2 2 2 2 2 2 2 2 2 2 2 2
left_child=2 -2 -1 -4 5 6 -3 8 9 10 12 -11 -6 -7 -12 -10 -13 18 20 -20 -15 23 -8 -19 26 -26 29 28 -27 -9
right_child=1 4 3 -5 7 13 22 24 15 11 14 16 -14 17 -16 -17 -18 21 19 -21 -22 -23 -24 -25 25 27 -28 -29 -30 -31
leaf_value=-0.012224850827953054 0.0052148761772164735 -0.046126263081963749 0.0015148414786811031 -0.0064412012432766806 0.0074548029455999438 0.053171419986758228 0.050274422549886469 0.029204915781370758 0.0126228345559877 -0.043018678886925656 0.057954101323503905 0.050668001502971551 -0.024777381800451002 0.12652081057415754 -0.0072804731139050061 0.05300059630342157 -0.011325636203063441 0.0065607559391152471 -0.0071821311847749623 0.037624851826770361 -0.012527002061553437 -0.031383988128723485 -0.010626106348968775 0.00048370063589003382 -0.059035602693952131 -0.0016418444280600808 -0.0072455977617776716 0.020256796251307049 0.0069436234057584202 0.0023047164231602912
leaf_weight=22232.763224318624 786328.40015222132 7035.4861830770969 555544.85027971864 44904.287335395813 187872.87216690183 2175.6488729268312 1296.185108050704 7751.6858353763819 5797.7519780546427 6335.8883075863123 5205.8527424782515 1997.2071601301432 7950.5259003639221 397.56230792403221 1771.94703951478 7880.4392710328102 4429.6781885027885 169242.48330906034 14334.633907318115 7360.0021710991859 58873.112710788846 4282.0048698782921 16299.958906382322 366327.74280779064 1953.6632092893124 145308.83030252159 113249.78500065207 20411.503551021218 141619.05124509335 59149.946843206882
leaf_count=75088 2103505 28161 1680370 145220 504023 4975 3278 18444 14725 21856 10408 4397 24788 685 5108 15585 13347 500884 46139 19635 194462 15360 55776 1135603 7063 413786 333115 52484 386525 166396
internal_value=0.00254067 0.00314528 0.000450479 0.000919835 0.0019542 0.000499078 -0.0175607 0.00326544 0.00768517 0.00589542 0.00735885 -0.0173569 0.00614602 0.00121315 0.041389 0.0358883 0.0079435 0.00103097 -0.00633706 0.00801964 -0.0115921 0.00213603 -0.0061371 0.00240409 0.00119533 0.00337178 -0.00254128 0.00376869 0.00259568 0.00542202
internal_weight=2.77532e+06 2.15264e+06 622682 600449 1.36631e+06 647625 24631.6 718687 229242 215564 202801 12762.8 195823 622993 6977.8 13678.2 6426.89 620818 80965.3 21694.6 59270.7 539852 17596.1 535570 489444 309293 180151 307339 286928 66901.6
internal_count=8001191 6100513 1900678 1825590 3997008 2004958 87215 1992050 614237 583927 544327 39600 528811 1917743 15516 30310 17744 1912768 260921 65774 195147 1651847 59054 1636487 1377813 859858 517955 852795 800311 184840
is_linear=0
shrinkage=0.05


Tree=59
num_leaves=31
num_cat=0
split_feature=54 37 85 54 26 13 49 90 86 55 31 65 85 54 42 94 49 54 36 13 39 55 54 55 100 9 48 13 79 22
split_gain=1291.92 2822.21 4692.56 3220.03 2210.29 2058.57 2046.11 2002.34 1963.09 1612.64 1611.63 1536.69 1827.82 1721.64 1650.69 1590.56 2015.38 1578.67 1558.16 1539.67 1507.05 1467.62 1268.96 1293.57 1253.31 1403.55 1242.04 1275.17 1195.98 1218.12
threshold=2462.5000000000005 4.098264455795289 0.90000000596046459 1357.5000000000002 -0.59202763438224781 0.066953685134649291 0.52803644537925731 4435.4599609375009 6.0000000000000009 29647.500000000004 396.53800964355474 0.53078109025955211 0.90000000596046459 755772.50000000012 1.0125659108161928 5059.0163574218759 -0.74455857276916493 2592.5000000000005 -17.883403778076168 0.025233915075659755 -5.6439044475555411 -749252.49999999988 758242.50000000012 -737772.49999999988 340597.21875000006 0.85594210028648388 0.96298784017562877 0.013684390578418972 5.531872272491456 1.5000000000000002
decision_type=2 2 2 2 2 2 2 2 2 2 2 2 2 2 2 2 2 2 2 2 2 2 2 2 2 2 2 2 2 2
left_child=1 2 3 5 -3 7 -7 -1 -9 -6 11 12 14 15 17 24 -17 18 -2 -20 26 -13 23 -19 -14 -26 -12 -28 29 -22
right_child=10 4 -4 -5 9 6 -8 8 -10 -11 20 21 13 -15 -16 16 -18 22 19 -21 28 -23 -24 -25 25 -27 27 -29 -30 -31
leaf_value=0.01933821876520558 -0.055160055481113301 0.017669600987744092 0.0057634443487571563 -0.05162708610970837 -0.003603619176718708 -0.013181296558188957 0.078614121489932187 -0.0057662590880079544 -0.056666803765336664 0.015677585301608472 0.003411797790475856 -0.021501213811539965 0.0025595102720913838 -0.042802299943581118 -0.028919820098975885 -0.029685810752105496 0.033898530633129392 -0.013120149137768137 -0.03407322699727458 0.064805207927959227 0.0024495259317041502 0.0022952191882770301 0.040450819290838699 0.0077032652191640801 -0.022998780459978579 0.082462576712850566 0.02086497797709334 0.0016109965475577853 0.0029965312413885374 -0.0020004079013576557
leaf_weight=2203.053302064538 382.56442557275295 18607.845966234803 17223.533366754651 9203.9509484022856 84828.210077062249 1336.6207294911146 1110.6889155358076 3333.5730758011341 4387.6399666368961 12432.984028622508 268584.5745524466 6554.8749424219131 253539.45209555328 2095.7997475713491 3074.9650443643332 1493.3786731958389 7506.52330955863 7595.6074009239674 455.43089784681797 2875.0007651001215 225398.60287936032 554703.92672473192 2910.083241969347 408785.16697062552 7079.9818105250597 329.21300877630711 21875.623107463121 14170.244266554713 346676.26043882966 484055.05512610078
leaf_count=5967 1395 49901 51254 35637 254231 4314 2086 10858 16254 33382 772529 21935 746557 7913 10085 5048 18857 23644 1521 5808 683257 1591606 6846 1123562 23229 623 57774 41043 878246 1515829
internal_value=0.00241406 -0.00202643 -0.013698 -0.0292337 0.00188188 -0.0125708 0.0284923 -0.0226992 -0.0346951 -0.0011387 0.00267619 0.00396519 0.00553122 0.00232937 0.00757553 0.00267994 0.0233451 0.0078409 0.0402963 0.0512761 0.00148321 0.00201726 0.00755339 0.00732336 0.00196711 -0.0183016 0.00458145 0.0132963 0.00058955 -0.000586623
internal_weight=2.77481e+06 154668 38799.1 21575.5 115869 12371.6 2447.31 9924.27 7721.21 97261.2 2.62014e+06 1.25938e+06 698123 272044 426079 269949 8999.9 423004 3713 3330.43 1.36076e+06 561259 419291 416381 260949 7409.19 304630 36045.9 1.05613e+06 709454
internal_count=8001191 463884 126370 75116 337514 39479 6400 33079 27112 287613 7537307 3588629 1975088 802227 1172861 794314 23905 1162776 8724 7329 3948678 1613541 1154052 1147206 770409 23852 871346 98817 3077332 2199086
is_linear=0
shrinkage=0.05


Tree=60
num_leaves=31
num_cat=0
split_feature=86 78 55 55 37 78 81 104 54 55 90 55 36 55 39 24 36 54 55 36 39 54 55 46 38 55 99 90 38 22
split_gain=1310.64 1918.6 1339.96 1008.41 946.253 877.427 1997.1 1555.19 1436.66 2176.82 1115.27 1502.77 1105.34 1085.66 1054.7 1095.26 976.912 1581.39 1262.08 978.734 971.729 961.237 1539.52 1394.24 956.497 943.608 1066.13 987.308 827.552 959.65
threshold=6.0000000000000009 1.8130434155464175 -685702.49999999988 14487.500000000002 -4.5347783565521231 3.7121527194976811 1.0000000180025095e-35 7.7327940464019784 630327.50000000012 -615622.49999999988 2646.1650390625005 -667777.49999999988 7.607668638229371 -609122.49999999988 6.6020512580871591 72.268428802490249 -5.4027388095855704 456617.50000000006 -214424.99999999997 -1.2046165466308592 1.0000000180025095e-35 717857.50000000012 -726402.49999999988 0.049438701942563064 -11.175111293792723 15637.500000000002 240585.64062500003 2923.1750488281255 -14.071486473083494 1.0000000180025095e-35
decision_type=2 2 2 2 2 2 2 2 2 2 2 2 2 2 2 2 2 2 2 2 2 2 2 2 2 2 2 2 2 2
left_child=2 -2 28 -4 -5 -3 8 14 9 -7 21 -12 -13 -11 15 -8 25 18 -18 -19 -17 23 -23 -10 -15 27 -27 -9 -1 -30
right_child=1 5 3 4 -6 6 7 16 10 13 11 12 -14 24 -16 20 17 19 -20 -21 -22 22 -24 -25 -26 26 -28 -29 29 -31
leaf_value=0.021691426258990645 0.0048443734015966014 0.00083097892573062715 0.001531801554275441 -0.02499436099082113 -0.0034577146642570649 -0.033234495739276559 0.0034595569505916518 -0.0088204419243780082 0.022349688969826125 0.051367842255805665 -0.049112254546310172 0.043995836695216527 -0.037321218706307037 -0.0070899930785204698 -0.020656383078090448 -0.031546034328261606 -0.016809237635711637 -0.011547178863920003 -0.00097833132619100263 0.02182631310033728 0.0016223014490466478 0.012606572474080089 0.056270425135406033 -0.0098553572182628248 0.0062865535888809547 -0.079106277254424373 -0.0056848803085167215 0.008459630402696804 -0.043043307161271305 -0.0078377153645069128
leaf_weight=2238.0092458724976 785664.6729798466 899672.6489681229 531543.9497308135 5868.6143106222153 38922.370066702366 3657.3346094191074 18969.937620520592 9181.3138667494059 5396.2320880442858 1290.488983258605 519.88339592516422 6646.7115365415812 445.12492048740387 14328.367853492498 12883.485203132033 5274.1766753792763 18170.114895448089 2875.1802224516869 40990.143817529082 9301.0879509449005 3797.4437917172909 10326.981709226966 2508.7298837155104 8905.4066913276911 198329.35111734271 521.43641345202923 9234.7560043185949 82835.983396872878 2029.2906492054462 41598.423486799002
leaf_count=6438 2103202 2664764 1604360 20971 124185 11390 59610 30151 12766 2570 1713 13884 1397 40778 45763 19558 60574 9534 126529 26822 12385 26159 4863 24854 524364 2161 29058 245372 7601 135850
internal_value=0.00229121 0.00287564 0.000270082 0.000924666 -0.0062801 0.00174336 0.00350334 -4.93397e-05 0.00651657 0.00500891 0.0159572 0.03287 0.0388867 0.00566284 -0.00881491 -0.00337372 0.00202294 -0.00246339 -0.00584082 0.0139451 -0.0176623 0.0112122 0.0211447 0.00229647 0.00538522 0.00516761 -0.00961723 0.00673533 -0.00795495 -0.00947632
internal_weight=2.77393e+06 2.15173e+06 622201 576335 44791 1.36606e+06 466390 214035 252355 217606 34749.1 7611.72 7091.84 213948 40925 28041.6 173110 71336.5 59160.3 12176.3 9071.62 27137.4 12835.7 14301.6 212658 101773 9756.19 92017.3 45865.7 43627.7
internal_count=7999626 6100221 1899405 1749516 145156 3997019 1332255 667517 664738 579102 85636 16994 15281 567712 137316 91553 530201 223459 187103 36356 31943 68642 31022 37620 565142 306742 31219 275523 149889 143451
is_linear=0
shrinkage=0.05


Tree=61
num_leaves=31
num_cat=0
split_feature=55 94 85 55 49 100 94 46 85 54 55 44 85 55 77 100 85 25 13 48 54 24 25 9 94 97 86 50 37 55
split_gain=1231.07 1784.32 2521.96 2571.74 1873.44 1616.71 1564.55 2138.36 1925.68 1490.68 2185.99 2177.17 2035.28 3601.28 1598.99 1387.45 3070.69 2950.63 2498.82 3188.44 1916.43 1694.77 1626.5 2002.81 1672.8 1602.21 1572.25 2274.85 1555.91 1525.99
threshold=14487.500000000002 5186.2885742187509 0.90000000596046459 1622.5000000000002 0.16288578510284427 350028.71875000006 2389.1762695312505 0.080209955573081984 0.90000000596046459 1822.5000000000002 6277.5000000000009 0.99713879823684703 0.90000000596046459 1347.5000000000002 1.5000000000000002 291670.76562500006 0.90000000596046459 2.99071216583252 0.030313616618514064 0.77296444773674022 9732.5000000000018 85.927585601806655 0.9372537136077882 0.3596757054328919 4089.8964843750005 4.7722849845886239 6.0000000000000009 -837.49999999999989 -8.0158219337463361 21912.500000000004
decision_type=2 2 2 2 2 2 2 2 2 2 2 2 2 2 2 2 2 2 2 2 2 2 2 2 2 2 2 2 2 2
left_child=1 4 3 -3 6 9 7 8 -1 10 12 -12 14 -14 -6 22 17 25 19 -18 28 -21 -2 -24 -25 29 -19 -28 -20 -17
right_child=15 2 -4 -5 5 -7 -8 -9 -10 -11 11 -13 13 -15 -16 16 18 26 20 21 -22 -23 23 24 -26 -27 27 -29 -30 -31
leaf_value=0.032843271242044718 0.014980822773912127 -0.06844911139785341 -0.011810432996832277 0.048921866529766607 0.047294761487809346 -0.011885057703681643 0.0036865922064292325 -0.040199197433215289 -0.042729166141286364 0.00090074905972182704 0.045217611379304246 -0.014585726392151253 -0.036109945460567866 0.10069207107622878 -0.023733309958823386 -0.0029836646369692682 -0.021317862873612814 -0.012907532676431006 0.048822320853257627 0.0078420571944958425 0.046165161952503642 0.071271949843674506 -0.0054289714525648548 -0.0057347823143276107 0.032460285869605587 0.025381141956603584 0.0042869233936907586 -0.065675560725350121 0.0049980560607278037 -0.020222985995836471
leaf_weight=2737.0515021532774 22314.96791639924 502.14242020249367 3452.7307347506285 6461.0520123243332 1622.3178608864546 24455.633854240179 1454853.7354005128 4746.4376808777452 1216.8813836574554 1057031.4892668724 2027.3923380821943 6093.5887604802847 613.96790231764317 2213.4402531981468 1546.9687750637531 35201.943569436669 15067.500543266535 4804.9572855830193 2221.7339831739664 5915.9318727850914 3998.0071333497763 1280.2911525964737 47748.056022077799 4728.824059844017 7276.5709692686796 3548.5882804989815 1488.7679574936628 5286.6643598526716 22815.068251445889 20204.330950319767
leaf_count=6672 60941 1820 10567 13573 3882 76565 4125872 17950 4525 3092260 4713 19260 2107 3983 4984 105383 49378 16483 5021 17056 9593 2582 144771 14180 18010 9363 4206 20668 67293 65965
internal_value=0.002177 0.00247375 0.0231254 0.0404485 0.00238968 0.000826099 0.00356016 -0.0175783 0.00957855 0.00111633 0.0172556 0.000347212 0.0401489 0.0709817 0.0126269 -0.00156251 -0.00494762 -0.011717 0.00436023 -0.00824161 0.0140234 0.019136 0.00346275 -0.000838778 0.0174159 -0.00718424 -0.03479 -0.0503036 0.00888896 -0.00927046
internal_weight=2.77348e+06 2.56957e+06 10415.9 6963.19 2.55916e+06 1.0956e+06 1.46355e+06 8700.37 3953.93 1.07115e+06 14117.7 8120.98 5996.69 2827.41 3169.29 203902 121834 70535.3 51298.5 22263.7 29034.8 7196.22 82068.4 59753.5 12005.4 58954.9 11580.4 6775.43 25036.8 55406.3
internal_count=7999626 7388733 25960 15393 7362773 3207754 4155019 29147 11197 3131189 38929 23973 14956 6090 8866 610893 372991 222068 150923 69016 81907 19638 237902 176961 32190 180711 41357 24874 72314 171348
is_linear=0
shrinkage=0.05


Tree=62
num_leaves=31
num_cat=0
split_feature=86 77 55 25 49 25 25 22 90 90 77 38 37 25 25 12 25 45 46 36 12 25 38 39 49 39 51 77 81 94
split_gain=1179.38 1733.33 1243.47 930.012 913.73 1104.64 948.003 887.427 1524.24 3555.23 2625.69 1189.12 1581.55 1290.41 1332.65 1196.63 1109.06 1066.95 1106.8 898.135 951.552 851.003 1552.17 1051.99 1022.56 1180.32 912.752 791.02 1824.75 1393.62
threshold=6.0000000000000009 1.8130434155464175 -726402.49999999988 2.0182205438613896 -0.74455857276916493 0.97905462980270397 1.33108127117157 1.5000000000000002 3030.6313476562505 2997.019897460938 1.5000000000000002 5.3245863914489755 -4.5347783565521231 1.7581230998039248 1.901450574398041 0.013967813458293678 2.7693603038787846 1.0021473765373232 0.074550662189722075 -9.009490489959715 0.020425996743142608 0.97905462980270397 2.0067634582519536 -13.776599407196043 -0.79989895224571217 -1.4745617508888242 412.50000000000006 3.7121527194976811 1.0000000180025095e-35 2685.4450683593755
decision_type=2 2 2 2 2 2 2 2 2 2 2 2 2 2 2 2 2 2 2 2 2 2 2 2 2 2 2 2 2 2
left_child=2 -2 3 4 5 -1 -7 8 9 21 -11 12 15 -14 -15 -10 -17 18 -9 20 -13 22 23 -4 -23 -26 -24 -3 -29 -30
right_child=1 27 7 -5 -6 6 -8 17 11 10 -12 19 13 14 -16 16 -18 -19 -20 -21 -22 24 26 -25 25 -27 -28 28 29 -31
leaf_value=-0.020209967297740175 0.0044948948422149229 0.00068057074276203387 0.048113427168182087 0.023868574720526791 -0.020811972157854481 0.047269988307711341 -0.013272873856443696 -0.0028265646199313022 0.029753694647221995 0.070675188707026687 -0.0094451687056869172 -0.010167393921002521 0.0027056257446285855 0.04401705580524555 0.010506406035038799 -0.028953233993233737 0.0042804457745978797 -0.0055121125137794361 0.003086494179381929 -0.010435535592952815 0.03866356612806518 0.041385952636707884 -0.018623152042814697 0.0067236546477631373 0.023669488658594345 -0.0014219937163505324 0.011066850065462947 0.0060998305673768648 -0.008479731058137676 0.0017833105436923986
leaf_weight=2603.9953537881374 785112.91837438941 899741.26466163248 1667.2899790108204 1713.9281363785267 15001.963670641184 1763.5067903846502 1019.8077032417059 135255.48197622597 1465.8878369778395 3832.2535539716482 1394.1752484291792 1953.3842478245497 57885.087643265724 3933.787017300725 12066.892130464315 7761.9119217842817 3709.4572575688362 90169.209735780954 190734.72629180551 31001.793868258595 2037.1239287853241 2938.6023638546467 10691.111865088344 19261.587141528726 8413.838862746954 10578.450090676546 3414.615908741951 252199.18776904047 40887.305595889688 173152.00682094693
leaf_count=8968 2103202 2664764 3921 4915 53077 4505 3510 421991 4003 7923 4287 6209 172870 9688 34558 27092 11221 282988 571104 98456 5005 7132 34772 56213 22855 32221 9921 664738 137325 530192
internal_value=0.00206819 0.00262276 0.000151132 -0.0114954 -0.0144693 0.00319252 0.0250885 0.000580081 0.00347151 0.00984033 0.049304 0.000219853 0.00335607 0.00617994 0.0187476 -0.0127702 -0.0182067 -0.000698372 0.000633111 -0.00756146 0.0147626 0.00621875 0.00138335 0.0100233 0.0139427 0.00969427 -0.0114354 0.00154672 0.00321818 -0.000177215
internal_weight=2.77336e+06 2.15109e+06 622270 22103.2 20389.3 5387.31 2783.31 600167 184007 62191.9 5226.43 121815 86823 73885.8 16000.7 12937.3 11471.4 416159 325990 34992.3 3990.51 56965.5 35034.6 20928.9 21930.9 18992.3 14105.7 1.36598e+06 466239 214039
internal_count=7999626 6100221 1899405 74975 70060 16983 8015 1824430 548347 179245 12210 369102 259432 217116 44246 42316 38313 1276083 993095 109670 11214 167035 104827 60134 62208 55076 44693 3997019 1332255 667517
is_linear=0
shrinkage=0.05


Tree=63
num_leaves=31
num_cat=0
split_feature=79 79 55 94 100 49 55 8 87 54 55 94 53 100 13 46 52 46 54 49 9 36 55 85 78 54 35 104 51 104
split_gain=1197.02 1127.99 1022.7 1528.18 1494.89 1283.82 1432.62 2421.62 1636.14 1313.47 1971.75 1354.73 1281.24 1181.76 1420.87 1445.98 1315.24 1086.59 1107.46 1011.15 1000.8 975.254 924.474 1048.77 1215.7 944.917 938.293 908.579 1767.71 1112.29
threshold=5.531872272491456 1.4698514342308047 14487.500000000002 5186.2885742187509 355251.60937500006 0.16288578510284427 -102597.49999999999 -0.0093342065811157209 1.0000000180025095e-35 4802.5000000000009 -111657.49999999999 4333.7524414062509 0.6078576147556306 291670.76562500006 0.019134606234729293 0.23703773319721225 847.50000000000011 0.15525822341442111 7767.5000000000009 -0.74455857276916493 0.34590199589729315 4.7065186500549325 1622.5000000000002 0.90000000596046459 1.5000000000000002 2762.5000000000005 -8.8305778503417951 8.3667564392089862 402.50000000000006 8.3381381034851092
decision_type=2 2 2 2 2 2 2 2 2 2 2 2 2 2 2 2 2 2 2 2 2 2 2 2 2 2 2 2 2 2
left_child=1 -1 3 4 5 6 7 -3 -8 11 -11 -7 17 14 -4 16 20 18 -6 -19 -16 27 -5 26 -25 -26 -24 28 -15 -30
right_child=-2 2 13 22 12 9 8 -9 -10 10 -12 -13 -14 21 15 -17 -18 19 -20 -21 -22 -23 23 24 25 -27 -28 -29 29 -31
leaf_value=0.0036132746973437514 0.0034695137119331552 -0.022082928896434983 0.027493667389598075 -0.032192232122211027 0.0005088405063654707 -0.0053455762677534343 0.00020701915293518943 0.0014655201417467854 0.0088166610093267164 0.00050505651123627622 -0.0063597125549746452 0.017517639863777325 -0.026850397972893736 -0.028005975076270215 -0.014047857224765502 0.051085035201639199 0.010718935809869668 -0.024918188754416912 -0.037589471638130346 0.034341480931216382 0.012961598147447663 0.012610657056895761 -0.08684554048311495 0.067362043597607987 -0.066399701595700064 0.019781179410693961 0.052010774123977803 -0.0058623315461537213 0.024856293061488139 -0.02359042458173979
leaf_weight=397304.27565136552 895277.06708189845 11150.416144013405 4947.7156655341387 615.2449911236763 5885.4678350389004 9842.4508243054152 87368.404834851623 520301.57978064567 149786.39790014923 408997.57580925524 140545.39047864079 18955.900506034493 8821.6620086282492 14428.63776537776 20330.586071744561 1286.0529873669147 11998.080054655671 950.83766882121563 2820.9160421788692 2953.2791685014963 4124.647966042161 5047.9416677951813 124.98693440854549 490.84690445661545 663.94337083399296 608.88835582137108 3620.6668264567852 38642.979990452528 3113.4813140183687 1911.1106446385384
leaf_count=1067751 2262197 38867 14067 2051 19027 32472 282900 1618072 427980 1303096 467987 56742 31765 54765 69917 3019 37131 3163 10517 7512 12239 15334 481 839 2921 1757 7662 131028 9122 7245
internal_value=0.00196505 0.00124771 0.000612814 0.000977485 0.000865935 0.0010744 0.00241342 0.000971399 0.00564488 -0.00070512 -0.0012506 0.00970356 -0.012235 -0.00412335 0.00230262 -0.00100049 -0.00283952 -0.0020091 -0.0118375 0.019905 -0.00949186 -0.00846751 0.0258955 0.032388 0.000591656 -0.025186 0.0473541 -0.0102993 -0.019112 0.00642749
internal_weight=2.77292e+06 1.87764e+06 1.48034e+06 1.3745e+06 1.36838e+06 1.34695e+06 768607 531452 237155 578341 549543 28798.4 21432.2 105831 42687.1 37739.4 36453.3 12610.5 8706.38 3904.12 24455.2 63144.2 6124.58 5509.33 1763.68 1272.83 3745.65 58096.2 19453.2 5024.59
internal_count=7999626 5737429 4669678 4315811 4300100 4228116 2367819 1656939 710880 1860297 1771083 89214 71984 353867 136373 122306 119287 40219 29544 10675 82156 217494 15711 13660 5517 4678 8143 202160 71132 16367
is_linear=0
shrinkage=0.05


Tree=64
num_leaves=31
num_cat=0
split_feature=54 54 37 85 55 55 54 55 85 86 54 6 87 38 13 55 39 54 31 39 54 37 55 49 54 45 7 13 55 42
split_gain=1169.05 2598.73 2236.15 2902.49 2210.54 2107.72 1604.52 2630.9 1801.7 3835.67 1584.57 1896.28 1575.1 2592.51 1977.47 1843.07 1647.02 1546.29 1379.2 1475.97 1369.5 1636.56 1365.35 1326.34 1277.04 1509.08 1272.93 1301 1263.65 1411.8
threshold=2462.5000000000005 787.50000000000011 4.9898209571838388 0.90000000596046459 7467.5000000000009 1057.5000000000002 1357.5000000000002 6277.5000000000009 0.90000000596046459 6.0000000000000009 1357.5000000000002 -0.0090249925851821882 1.0000000180025095e-35 7.6027548313140878 0.052871149033308036 9942.5000000000018 1.4623497128486636 1517.5000000000002 396.53800964355474 -5.6439044475555411 457.50000000000006 -9.8645091056823713 23032.500000000004 0.20576497167348864 152.50000000000003 1.0030310750007632 -0.0094992266967892629 0.017002637498080734 4947.5000000000009 1.011419475078583
decision_type=2 2 2 2 2 2 2 2 2 2 2 2 2 2 2 2 2 2 2 2 2 2 2 2 2 2 2 2 2 2
left_child=1 4 3 10 24 -4 7 8 9 -7 11 -3 14 15 16 -14 20 -5 -2 -20 21 -6 23 -19 25 -1 -17 -28 -8 -30
right_child=18 2 5 17 12 6 28 -9 -10 -11 -12 -13 13 -15 -16 26 -18 22 19 -21 -22 -23 -24 -25 -26 -27 27 -29 29 -31
leaf_value=-0.049792289075711864 0.0033091461837761803 0.04967766030224452 -0.041491062047419661 -0.021352764071835263 0.093636213360651088 0.06593328945545833 -0.044657197628500178 -0.0209541974903735 0.070545362627140826 -0.098461172780722001 -0.045441661719242778 -0.025317037259281534 -0.020043300592114066 -0.040300733650056403 -0.039808467977867044 0.066857788369288379 -0.005584619637188884 -0.020998552260126861 0.0040768739700100471 0.00012602857163814893 0.047260466592203676 0.0032453157667931814 0.052179805056849042 0.027017847009521312 0.031935864906669442 0.045020113242226927 0.074991838039251149 0.0034174071391239523 0.0040002537925090858 0.051097040447993729
leaf_weight=1106.8877579271793 1258778.25149367 1003.290066614747 3278.933514893055 5516.836249127984 552.76104187965393 780.88211865723133 1281.844128549099 15756.094028815627 1440.0340095162392 648.61493888497353 9881.2622624486685 5244.8439762443304 6915.7883868962526 4760.7387947142124 1647.6224758923054 974.51774732768536 5172.3166588842869 3033.1966439783573 304733.52208095789 1054111.3337347955 5197.0188741534948 5233.5805356353521 1749.3980824798346 2733.1428429484367 10370.511560305953 674.63113757967949 671.83538348972797 11265.531128525734 45944.884705767035 1647.3438391834497
leaf_count=3865 3588847 2308 11378 18651 960 1735 4498 51354 3027 2652 38093 18342 21933 16488 5865 1935 15771 10186 871655 3075062 12386 15252 4032 7254 25639 1526 1208 32265 131745 3714
internal_value=0.00186725 -0.00235934 -0.00715015 -0.0188017 0.00641877 -0.00234925 -0.0004472 -0.0129344 0.0310913 -0.00867166 -0.0329803 -0.013268 0.00102917 -0.00717164 0.0123555 0.000784227 0.0176778 -0.00125244 0.00211669 0.00101205 0.0286326 0.0118958 0.0135022 0.00176024 0.0252181 -0.0138805 0.0119408 0.00745198 0.00431166 0.00563159
internal_weight=2.77211e+06 154484 99940.6 29162 54543.7 70778.6 67499.7 18625.6 2869.53 1429.5 16129.4 6248.13 42391.7 24588.4 17803.3 19827.7 16155.7 13032.6 2.61762e+06 1.35884e+06 10983.4 5786.34 7515.74 5766.34 12152 1781.52 12911.9 11937.4 48874.1 47592.2
internal_count=7999626 464062 308969 98866 155093 210103 198725 58768 7414 4387 58743 20650 124063 73829 50234 57341 44369 40123 7535564 3946717 28598 16212 21472 17440 31030 5391 35408 33473 139957 135459
is_linear=0
shrinkage=0.05


Tree=65
num_leaves=31
num_cat=0
split_feature=79 79 55 94 90 55 54 54 54 12 49 53 30 25 90 13 38 12 13 37 25 25 48 85 25 55 12 53 28 25
split_gain=1110.34 1086.58 923.455 1195.95 1209.08 1046.4 1598.17 1306.28 1287.03 1840.3 974.687 969.874 1059.33 983.696 944.478 1387.46 1159.96 1042.79 980.449 1174.98 1069.37 953.482 940.956 893.269 879.329 875.559 812.5 752.613 736.055 688.591
threshold=5.1673452854156503 2.0439162254333501 14487.500000000002 5186.2885742187509 5037.5949707031259 9502.5000000000018 617.50000000000011 24197.500000000004 787.50000000000011 0.040926329791545875 0.16288578510284427 0.6078576147556306 0.8374999761581422 0.95877075195312511 4505.4243164062509 0.019480524584650997 11.79667377471924 0.077178217470645918 0.021210928447544578 3.8359495401382451 0.84224268794059765 0.77972495555877697 0.79989895224571239 0.90000000596046459 0.72646448016166698 1622.5000000000002 0.034811986610293395 1.0000000180025095e-35 0.67499998211860668 7.2315151691436776
decision_type=2 2 2 2 2 2 2 2 2 2 2 2 2 2 2 2 2 2 2 2 2 2 2 2 2 2 2 2 2 2
left_child=1 -1 3 4 5 8 -7 -8 9 -3 -10 12 22 -13 15 27 17 21 -16 24 28 -17 -6 -15 -20 -5 -22 -4 -21 -26
right_child=-2 2 14 25 11 6 7 -9 10 -11 -12 13 -14 23 18 16 -18 -19 19 20 26 -23 -24 -25 29 -27 -28 -29 -30 -31
leaf_value=0.002473247723971941 0.0032278910664788069 0.032192821876794057 0.05398910075515985 -0.048614494302159195 -0.023354133861658674 -0.031794165271213891 0.007542176427462419 0.048571161864691709 0.0014220703347018011 -0.048773195933639824 -0.0018900886397948816 0.0032118968074940865 0.031712244409325095 -0.061032259376547396 -0.034381363449707818 0.01760747796766287 -0.039023349627245775 0.069123698368019723 0.035349000231168423 0.0031621208801094845 0.010325872464589828 -0.0064217253578757018 0.017508502196776531 -0.015681590857226944 -0.0281631441094587 0.033855879755889065 -0.0093794660729307269 0.010753319202155918 -0.041504082462910347 0.01727546402200679
leaf_weight=809187.63281719387 905142.77473717928 5724.5769067406654 1659.5655999481678 350.09985350072384 4998.3017866462469 2499.1781974136829 50259.822387635708 2016.9619877785444 511345.22696247697 798.91518433392048 392694.89631946385 1704.5369359105825 1745.588274165988 2518.7507934123278 3854.0082177072763 5174.9765034914017 2066.3291857242584 531.69620759785175 651.04670122265816 1430.7010311484337 13051.6952367872 20394.605781853199 1960.6398457586765 1910.224407851696 10098.942431300879 3869.468626588583 8728.6220524460077 2558.1299969553947 2593.1007239222527 908.00672592222691
leaf_count=2217676 2289558 16158 4310 1316 18577 9591 159344 4990 1646278 3249 1327504 5710 4832 10491 15737 16127 8635 1171 1853 5113 42780 70473 5947 7457 42354 9774 31153 8133 10913 2818
internal_value=0.00179069 0.00109403 3.92561e-05 0.000443436 0.000329071 0.0005468 0.00725852 0.00912617 0.000143036 0.0222704 -1.66527e-05 -0.0138348 -0.00310271 -0.0290617 -0.00535906 0.00103393 -0.00297091 -0.000115207 -0.0103702 -0.00789899 -0.0019466 -0.00155781 -0.0118398 -0.0414815 -0.0210724 0.0270022 0.00242852 0.0277755 -0.0256245 -0.0244131
internal_weight=2.77243e+06 1.86729e+06 1.0581e+06 984397 980178 965340 54776 52276.8 910564 6523.49 904040 14838 8704.53 6133.51 73701.4 32385.3 28167.6 26101.3 41316.1 37462.1 25804.1 25569.6 6958.94 4428.98 11658 4219.57 21780.3 4217.7 4023.8 11006.9
internal_count=8000022 5710464 3492788 3231218 3220128 3167114 173925 164334 2993189 19407 2973782 53014 29356 23658 261570 108849 96406 87771 152721 136984 89959 86600 24524 17948 47025 11090 73933 12443 16026 45172
is_linear=0
shrinkage=0.05


Tree=66
num_leaves=31
num_cat=0
split_feature=86 77 55 75 22 90 100 77 38 7 13 45 46 22 46 55 28 38 54 54 55 75 55 49 36 36 36 54 26 46
split_gain=1119.64 1643.25 1054.56 761.631 759.11 1286.66 3268.13 2232.75 1073.33 1323.43 979.036 967.075 932.953 921.206 1566.99 1231.69 844.917 795.037 1202.19 2306.09 808.728 798.405 795.5 773.543 773.057 756.383 737.468 962.582 722.845 780.672
threshold=6.0000000000000009 1.8130434155464175 -726402.49999999988 1.9369494318962099 1.5000000000000002 3030.6313476562505 145538.33593750003 1.5000000000000002 4.931988239288331 0.007307150401175023 0.015819820575416092 1.0018889904022219 0.07414534687995912 1.0000000180025095e-35 0.065350305289030089 17362.500000000004 0.075000001117587103 0.20708105713129046 506492.50000000006 497535.00000000006 -670244.99999999988 4.0207901000976571 -719972.49999999988 -0.79989895224571217 5.1795637607574472 -0.16691162437200543 -9.1051015853881818 10637.500000000002 0.95407795906066906 0.28978522121906286
decision_type=2 2 2 2 2 2 2 2 2 2 2 2 2 2 2 2 2 2 2 2 2 2 2 2 2 2 2 2 2 2
left_child=2 -2 3 -1 5 6 17 10 9 13 -8 12 -6 14 -7 -15 25 20 19 -19 21 -4 -20 -22 -12 -14 27 -10 29 -28
right_child=1 -3 4 -5 11 8 7 -9 26 -11 24 -13 16 15 -16 -17 -18 18 22 -21 23 -23 -24 -25 -26 -27 28 -29 -30 -31
leaf_value=-0.022737222947057614 0.004066962428695955 0.0011947947631995876 0.031437119615939972 -0.0036246174191244701 -0.00287302761689575 0.011809330162238662 0.087085639994161967 -0.0075493991877493508 0.036917052180824882 0.030543875795997755 0.053613392990027244 -0.0052512100497296953 -0.0032032168730460838 0.0060212425809824605 -0.026015368010021297 -0.01605536145010018 0.0050171079616952571 0.0026834017027701999 0.048747755773436235 0.060787290461947932 0.032106728720345208 -0.051331027617568914 -0.0078291562718371243 0.0022511259086250286 -0.03615870871799115 0.025801935854655886 -0.019239101813380011 -0.010135185975309506 -0.002695124258686515 0.059429578562147756
leaf_weight=8405.4267092049122 783830.41216510534 1365643.6169043928 6114.6263549774885 13722.515946999192 129048.75661054254 4449.4415566325188 2319.7161363661289 1368.9314285963774 2061.5094279497862 4151.1002996712923 1113.8229593038559 99580.48172429204 59830.415095418692 62242.993740975857 7115.726745441556 7030.6424611359835 125220.59435904026 8754.8645272701979 638.43997998535633 2120.5810608714819 2547.5672172158957 305.01787051558495 21891.611885353923 14593.715016767383 304.70279440283775 2334.3751761615276 15161.364841386676 2297.1448694616556 17123.812977179885 321.07951518893242
leaf_count=30314 2101973 3998260 15819 44718 402624 13033 4197 4179 5082 10812 2467 312413 183811 181373 24223 24516 370793 25985 1500 4771 6443 1113 68195 43405 1012 6273 49803 7256 52928 731
internal_value=0.0017015 0.00224217 -0.000166379 -0.0108856 0.000228925 0.00290281 0.00876286 0.0470754 -7.98958e-05 0.00301355 0.0670769 -0.000953888 0.000398457 0.00159944 -0.011463 0.0037804 0.0026515 0.00532719 0.000366284 0.014018 0.0123604 0.0274964 -0.00622361 0.00669022 0.0343147 -0.00211355 -0.00719239 0.0121213 -0.00977459 -0.0176036
internal_weight=2.77165e+06 2.14947e+06 622171 22127.9 600043 184028 62073.6 5107.17 121955 84989.9 3738.24 416015 316434 80838.8 11565.2 69273.6 187385 56966.4 33405.5 10875.4 23560.9 6419.64 22530.1 17141.3 1418.53 62164.8 36964.9 4358.65 32606.3 15482.4
internal_count=8000022 6100233 1899789 75032 1824757 548843 179086 11855 369757 253957 7676 1275914 963501 243145 37256 205889 560877 167231 100451 30756 66780 16932 69695 49848 3479 190084 115800 12338 103462 50534
is_linear=0
shrinkage=0.05


Tree=67
num_leaves=31
num_cat=0
split_feature=54 37 87 38 26 94 13 86 30 100 36 87 54 26 53 48 48 25 54 54 54 39 54 39 81 25 39 53 87 36
split_gain=1055.97 2215.86 3683.98 2505.36 1926.89 1326.92 1313.72 1271.47 1248.72 1948.52 1757.95 1575.55 2666.88 2403.89 2506.42 1699.84 1536.57 1499.63 1318.36 1749.75 3079.66 1679.73 2086.07 2232.12 1640.05 2056.85 1727.98 1718.44 2286.91 1488.64
threshold=2462.5000000000005 4.098264455795289 1.0000000180025095e-35 -5.7114410400390616 -0.59202763438224781 4825.0178222656259 0.028517666272819046 6.0000000000000009 0.3275000005960465 98825.367187500015 -27.430988311767575 1.0000000180025095e-35 4322.5000000000009 -0.60352030396461476 -1.0000000180025095e-35 0.74455857276916515 0.9015902876853944 3.9514061212539677 609877.50000000012 445370.00000000006 382882.50000000006 -4.6069171428680411 657112.50000000012 15.295461654663088 1.0000000180025095e-35 1.5341055393218996 0.5625739097595216 0.6078576147556306 1.0000000180025095e-35 -9.009490489959715
decision_type=2 2 2 2 2 2 2 2 2 2 2 2 2 2 2 2 2 2 2 2 2 2 2 2 2 2 2 2 2 2
left_child=1 2 -1 7 -3 6 -5 -4 18 -10 11 12 -11 14 15 -13 17 -14 19 20 29 -20 23 -23 26 -26 27 -21 -29 -2
right_child=8 4 3 5 -6 -7 -8 -9 9 10 -12 13 16 -15 -16 -17 -18 -19 21 24 -22 22 -24 -25 25 -27 -28 28 -30 -31
leaf_value=0.0044650896397368444 0.0019142628452413516 0.015767818317473332 -0.021393279693194905 -0.011188720693213701 -0.0017801681672199932 -0.038688881459291419 0.03768018887379522 -0.052648705548328317 -0.019180455000469696 0.071492212988315401 0.0025294917264454958 0.048330456918560138 -0.023701625478175531 0.040409394161528882 -0.01275388567023894 -0.02522034208476159 0.034198967554522119 0.033453804594517737 0.012629359929573321 -0.0064804745605256744 0.011790934086297195 0.021557789592958763 -0.0034701204360530792 -0.014079966633558675 -0.025271488424125549 0.014588294458057561 -0.0094951186562589919 -0.013203667679380469 0.0184578973010146 -0.0033392961691145239
leaf_weight=17078.161635398865 290222.83842806518 18641.783277779818 5528.3843775838614 3477.2329398840666 97244.466328158975 2052.2603448480368 2273.5454446524382 7917.5110488086939 10182.08759328723 1176.4948853552341 1698307.5725636035 4002.8207058906555 8165.9957042187452 9835.4212794303894 6819.50729611516 976.52519206702709 1843.4395188242197 1334.3222227096558 45652.505833402276 26712.206372693181 55985.318360611796 19171.33785367012 69898.72534699738 5699.1184686869383 18096.030183196068 3940.4859733879566 56087.278566554189 7519.6118059456348 23600.86253786087 251853.91490912437
leaf_count=51006 842224 49941 20403 11163 288069 7373 5495 30673 35175 2347 4850897 8558 26864 22097 20489 3116 4659 3357 124916 80003 150772 50065 210049 17863 64086 11736 170799 23403 61649 750775
internal_value=0.0016166 -0.00240408 -0.0128257 -0.0267225 0.00104272 -0.00418373 0.00813371 -0.0398007 0.00185352 0.00262719 0.00275537 0.0139864 -0.000129765 0.0221557 0.00693695 0.0339029 -0.00756398 -0.0156709 0.000311696 -0.000537451 0.000626485 0.00475041 0.000954786 0.0133909 -0.00565752 -0.0181433 -0.0032421 0.00282218 0.0108072 -0.000526582
internal_weight=2.7713e+06 154213 38327.1 21248.9 115886 7803.04 5750.78 13445.9 2.61708e+06 1.74264e+06 1.73246e+06 34154.5 12520.3 21634.3 11798.9 4979.35 11343.8 9500.32 874440 734019 598062 140422 94769.2 24870.5 135956 22036.5 113920 57832.7 31120.5 542077
internal_count=8000022 464123 126113 75107 338010 24031 16658 51076 7535899 4977559 4942384 91487 37227 54260 32163 11674 34880 30221 2558340 2155447 1743771 402893 277977 67928 411676 75822 335854 165055 85052 1592999
is_linear=0
shrinkage=0.05


Tree=68
num_leaves=31
num_cat=0
split_feature=79 79 79 45 30 12 22 90 54 90 49 54 37 94 85 49 94 65 42 12 30 85 46 54 38 97 37 12 49 45
split_gain=1026.39 1026 690.796 661.627 853.331 1086.25 1019.3 952.424 1002.83 992.387 790.053 1328.62 834.536 783.464 761.95 739.044 713.726 712.987 831.02 1320.37 886.911 748.087 1051.04 1013.22 929.968 733.53 725.274 711.137 1090.34 654.92
threshold=5.1673452854156503 4.0193607807159433 6.4956810474395761 1.0020603537559511 0.95749998092651378 0.026218614540994171 2.5000000000000004 2656.089965820313 679787.50000000012 2470.3864746093755 0.1413247883319855 125482.50000000001 37.198982238769538 3970.7500000000005 0.90000000596046459 -0.68355163931846608 3348.759887695313 0.50971689820289623 0.99546229839324962 0.0456000603735447 0.79750001430511486 0.90000000596046459 0.3142362534999848 749357.50000000012 -20.674788475036618 -5.2750597000122061 51.44743728637696 0.017811909317970279 -0.032717135734856122 0.99039149284362804
decision_type=2 2 2 2 2 2 2 2 2 2 2 2 2 2 2 2 2 2 2 2 2 2 2 2 2 2 2 2 2 2
left_child=1 3 -2 17 6 14 10 8 15 -10 11 13 -13 -5 27 -8 -16 18 19 -1 -21 22 24 26 -20 -19 -23 28 -6 -22
right_child=2 -3 -4 4 5 -7 7 -9 9 -11 -12 12 -14 -15 16 -17 -18 25 21 20 29 23 -24 -25 -26 -27 -28 -29 -30 -31
leaf_value=-0.0033230737592537399 0.0043207609845745711 -0.0017345445820410499 0.0015558129149240247 0.047796227268288596 -0.016624575039257111 0.00040395674482042568 -0.054548044360644359 -0.0029688494405240699 -0.023653205196108355 0.0077816675982460073 -0.0023306090626446954 0.00023324993613018158 -0.034666838679313104 0.0099423968434830118 0.014499493635593885 -0.019476115229157025 -0.027097344405852538 0.011376673463419218 0.028582522207486485 0.014990775773428756 -0.012408491156233136 0.0020645784308269146 0.056553161181665562 -0.027715887162216631 0.0045210470601789333 -0.00017057001560349862 -0.022496830071089005 0.033967348025343215 0.084200640623145709 0.011094679348336335
leaf_weight=107674.23103685677 445601.02408662438 315163.23940829933 458191.20215235651 1416.7989737838507 1639.8577680587769 26325.295901596546 2091.111210718751 124675.21670557559 4292.6647296696901 6045.1125731617212 81167.634162336588 46647.813369035721 1777.1846926510334 38211.90715380013 3387.2322735115886 5336.7574845254421 1481.3714687377214 14256.935740724206 4055.3926238417625 19280.069596275687 6880.1972203701735 245851.30954281986 980.98023277521133 2948.1372499614954 401737.32639938593 388425.45691434294 3041.8073916137218 6929.3920912593603 319.51873753964901 5205.5986058861017
leaf_count=326336 1117708 1124627 1171850 3136 5066 77055 7867 378322 14833 17679 249058 136831 6026 107022 9803 17568 4943 40091 10605 53278 21715 745521 2152 10940 1145488 1151951 10540 16816 589 14606
internal_value=0.00153588 0.000866394 0.00291904 0.00139454 -0.000512476 0.00635459 -0.00139568 -0.00451233 -0.015343 -0.00527191 0.00122772 0.00450782 -0.00104816 0.011297 0.0177402 -0.0293563 0.00183882 0.00195337 0.0028192 -0.000693243 0.00833422 0.00356072 0.00488665 0.00141906 0.00476159 0.000238274 0.0017643 0.026448 -0.000145727 -0.0022847
internal_weight=2.77104e+06 1.86725e+06 903792 1.55208e+06 351745 40082.7 311662 142441 17765.6 10337.8 169221 88053.7 48425 39628.7 13757.4 7427.87 4868.6 1.20034e+06 797655 139040 31365.9 658615 406774 251841 405793 402682 248893 8888.77 1959.38 12085.8
internal_count=8000022 5710464 2289558 4585837 1052614 114272 938342 436269 57947 32512 502073 253015 142857 110158 37217 25435 14746 3533223 2341181 415935 89599 1925246 1158245 767001 1156093 1192042 756061 22471 5655 36321
is_linear=0
shrinkage=0.05


Tree=69
num_leaves=31
num_cat=0
split_feature=54 54 55 37 87 55 54 55 54 54 6 87 38 46 37 26 55 25 25 87 77 42 55 87 26 49 55 54 54 37
split_gain=955.159 2089.08 1969.4 1820.53 2266.69 1838.35 1505.66 2558.47 1420.89 1396.84 1695.42 1395.68 2235.22 1955.22 1937.59 1763.18 1678.82 1427.34 1404.47 1340.63 1866.97 1310.53 1281.12 1547.67 1501.38 1278.88 1217.25 1212.37 1639.01 2295.17
threshold=2462.5000000000005 787.50000000000011 7467.5000000000009 4.9898209571838388 1.0000000180025095e-35 1347.5000000000002 1357.5000000000002 6017.5000000000009 1517.5000000000002 1357.5000000000002 -0.0090249925851821882 1.0000000180025095e-35 7.6027548313140878 0.097718957811594023 -10.82169723510742 2.3122813701629643 9942.5000000000018 0.68307533860206615 5.3437049388885507 1.0000000180025095e-35 1.5000000000000002 1.011419475078583 29647.500000000004 1.0000000180025095e-35 -0.42530404031276697 0.45201864838600164 23032.500000000004 4107.5000000000009 8797.5000000000018 14.530046939849855
decision_type=2 2 2 2 2 2 2 2 2 2 2 2 2 2 2 2 2 2 2 2 2 2 2 2 2 2 2 2 2 2
left_child=1 2 -1 4 8 -5 7 19 -3 10 -6 13 16 -4 -15 -16 17 25 -14 -7 -21 22 24 -24 -8 -13 -10 -2 29 -29
right_child=27 3 11 5 9 6 21 -9 26 -11 -12 12 18 14 15 -17 -18 -19 -20 20 -22 -23 23 -25 -26 -27 -28 28 -30 -31
leaf_value=0.023229169167802998 0.0070414332168615623 -0.021034585961920559 0.037806023026878369 -0.033351060779763728 0.048407656228317317 0.082103487854613647 0.018062410563180153 -0.019273420209762086 0.0014039476696166373 -0.041673709456776314 -0.022743973531416217 0.047861543327462175 -0.045610519830087286 0.084928903117724441 -0.0072019611799185833 0.099450265545607999 0.010742609279805873 -0.033463672190307985 0.061913993063130612 0.057058758094959729 -0.086678451345988422 0.047998648959429874 -0.0098942141498872677 0.038590787188923933 -0.0058243366779492482 -0.041816547509291951 0.049254415861315036 0.00055403983366790921 0.0017851039580769922 -0.012980220148260078
leaf_weight=12177.792433410883 101528.85646539927 5460.1497491151094 4935.8525915592909 4479.9434366375208 996.24205228686333 993.53601278364658 8332.4362646639347 15913.357314407825 5706.1652564704418 9738.3174047619104 5217.1239422410727 1207.4951587021351 4406.2705424576998 648.53168956935406 11795.574473187327 399.68254467844963 12829.194468170404 5069.1474748104811 325.27922794222832 555.48502494394779 379.29800446331501 1656.4868365824223 2502.1351854801178 4806.0177874714136 31234.131427899003 591.49231179058552 1731.7538140565157 100184.83107934892 2368958.0321925581 45572.671874210238
leaf_count=31019 286333 18536 12108 15158 2282 1902 21873 51879 17310 38026 18397 2693 15764 1146 36342 718 35318 17161 716 1250 1559 3726 7631 11157 94365 2094 3993 291451 6816265 141850
internal_value=0.00145943 -0.00236611 0.00551638 -0.00666595 -0.017254 -0.00235449 -0.000261779 -0.0126817 -0.00166715 -0.0298558 -0.0113289 0.000405433 -0.00735096 0.0110627 0.000782693 -0.00369831 6.21105e-05 -0.0198862 -0.038206 0.0416953 -0.00128908 0.00430426 0.00275906 0.0219909 -0.000793503 0.0183665 0.0125507 0.00168475 0.00146847 -0.00367762
internal_weight=2.77033e+06 154089 54386.3 99702.6 28849.8 70852.8 66372.9 17841.7 12898.1 15951.7 6213.37 42208.5 24428.9 17779.6 12843.8 12195.3 19697.3 6868.13 4731.55 1928.32 934.783 48531.2 46874.7 7308.15 39566.6 1798.99 7437.92 2.61624e+06 2.51472e+06 145758
internal_count=8000022 464123 155079 309044 98544 210500 195342 56590 39839 58705 20679 124060 73746 50314 38206 37060 57266 21948 16480 4711 2809 138752 135026 18788 116238 4787 21303 7535899 7249566 433301
is_linear=0
shrinkage=0.05


Tree=70
num_leaves=31
num_cat=0
split_feature=99 48 30 55 36 55 87 49 13 104 44 13 55 36 25 87 28 11 37 30 36 48 37 45 25 42 25 55 87 36
split_gain=934.992 1938.43 997.817 1446.18 1404.62 1360.89 2514.39 2206.95 2330.61 2103.68 2097.97 1590.3 1932.79 1602.18 1461.03 1314.28 1793.91 1306.36 1273.25 1218.72 1194.62 3226.15 1343.85 1796.78 1195.65 1192.45 1175.88 1754.24 1567.74 2988.24
threshold=99379.316406250015 -0.91959547996520985 0.42249999940395361 14487.500000000002 -24.716587066650387 30795.000000000004 1.0000000180025095e-35 -0.22706275433301923 0.036600388586521156 8.1912503242492694 0.99729976058006298 0.031095059588551525 23032.500000000004 -19.954288482666012 1.7581230998039248 1.0000000180025095e-35 1.0000000180025095e-35 0.081395134329795851 2.7817922830581669 0.79250001907348644 -18.087564468383786 -0.11969653144478797 6.5448970794677743 1.0005660653114321 2.2665302753448491 1.0011469721794131 0.65831434726715099 1347.5000000000002 1.0000000180025095e-35 1.5424481034278872
decision_type=2 2 2 2 2 2 2 2 2 2 2 2 2 2 2 2 2 2 2 2 2 2 2 2 2 2 2 2 2 2
left_child=1 -1 -2 4 -4 6 11 9 10 -8 -9 -5 13 -13 -11 -7 18 -14 -17 25 21 22 23 -6 -23 -18 28 -28 -22 -30
right_child=2 -3 3 5 20 15 7 8 -10 14 -12 12 17 -15 -16 16 19 -19 -20 -21 26 24 -24 -25 -26 -27 27 -29 29 -31
leaf_value=-0.039693202415092853 0.00035822224085753915 -0.0023721483256152753 0.01184160800753753 -0.0071260920875951903 0.0065998570553782001 -0.0091100843319005913 0.038932520275036464 0.032906854230216519 -0.020031457240825824 -0.034503954847173064 -0.0031200728076068223 -0.067053779214709938 0.039344426833477081 0.0062454542846282065 -0.012688126704127729 -0.059677871307886612 -0.014549257398061366 -0.030822319717301008 0.024122462292117022 0.058499238703811407 0.0010714629785911188 -0.0084448167527247826 -0.018525277883881214 0.046105144438308612 -0.029868771306338721 0.0457657361387101 0.00091810051464712042 0.0059458681824230714 0.010454698070961291 -0.0093452324588632878
leaf_weight=4028.1268989145756 1150108.7577664554 25496.336885228753 41003.947551622987 18424.956651315093 37287.414939776063 4614.1600748002529 1420.4243295490742 6292.3990299701691 10459.207116693258 14927.129737451673 11289.601500749588 778.17777813971043 7115.7993994504213 17249.506685033441 15800.658046767116 949.70848686993122 1667.1842074543238 730.71348112821579 865.41408151388168 3191.2840620428324 122883.08516670763 41831.222927033901 4726.2890295535326 3118.1185021847486 7713.062973216176 1609.7548363953829 797363.96622595191 221737.81792549789 173644.53240077198 21403.757110133767
leaf_count=14872 3359991 78554 110762 56740 103822 14057 3261 15742 34675 51570 34086 3045 17467 50303 50871 3521 5088 2500 2187 6473 364658 125641 14758 7062 24869 3523 2288166 618673 469480 63488
internal_value=0.00138475 -0.00746533 0.00148011 0.00229156 0.00271727 -0.00304938 -0.00494087 -0.0115949 -0.00134314 -0.0205365 0.00977441 0.00409996 0.0120942 0.00307762 -0.0232869 0.0122733 0.024185 0.0328064 -0.0197295 0.0365102 0.00245594 -0.00297161 0.0066987 0.00964969 -0.0117807 0.0150831 0.00284028 0.00201206 0.00549502 0.00828188
internal_weight=2.76973e+06 29524.5 2.74021e+06 1.5901e+06 1.47271e+06 117386 104489 60189.4 28041.2 32148.2 17582 44299.2 25874.2 18027.7 30727.8 12897.5 8283.35 7846.51 1815.12 6468.22 1.43171e+06 94676.1 45131.8 40405.5 49544.3 3276.94 1.33703e+06 1.0191e+06 317931 195048
internal_count=7999905 93426 7906479 4546488 4191379 355109 320260 190205 84503 105702 49828 130055 73315 53348 102441 34849 20792 19967 5708 15084 4080617 276152 125642 110884 150510 8611 3804465 2906839 897626 532968
is_linear=0
shrinkage=0.05


Tree=71
num_leaves=31
num_cat=0
split_feature=86 77 54 55 25 55 54 55 94 94 94 30 54 54 53 36 48 55 28 25 54 53 85 79 79 40 77 25 40 100
split_gain=969.404 1423.71 1233.02 3509.28 2027 1968.53 1383.98 1328.66 2549.19 1215.36 1211.6 1687.32 1188.13 2699.23 1858.61 1696.3 1125.4 998.368 991.17 811.671 768.88 887.083 767.206 1024.71 1293.2 760.438 945.807 893.504 862.64 917.216
threshold=6.0000000000000009 1.5000000000000002 654727.50000000012 -665312.49999999988 1.9561130404472353 -644952.49999999988 665922.50000000012 -667777.49999999988 2595.279907226563 2567.278686523438 2617.442016601563 0.33250001072883612 630327.50000000012 616457.50000000012 0.87837970256805431 6.7346117496490487 -0.69930991530418385 -685702.49999999988 1.0000000180025095e-35 0.53246352076530468 677277.50000000012 0.6078576147556306 0.90000000596046459 1.9143822789192202 5.6977257728576669 0.81174489855766307 1.5000000000000002 2.0328732728958134 1.0000000180025095e-35 99384.253906250015
decision_type=2 2 2 2 2 2 2 2 2 2 2 2 2 2 2 2 2 2 2 2 2 2 2 2 2 2 2 2 2 2
left_child=17 2 5 4 6 10 -4 8 -8 16 11 -2 13 18 15 -14 -7 25 -11 -15 -19 -22 -5 -24 -25 27 -27 28 -1 -30
right_child=1 -3 3 22 -6 9 7 -9 -10 12 -12 -13 14 19 -16 -17 -18 20 -20 -21 21 -23 23 24 -26 26 -28 -29 29 -31
leaf_value=-0.011816803956864115 0.049037125142920551 0.0010544203374221594 -0.088714428957909958 0.054498943229067988 0.04738566066890073 -0.065423706286258085 0.0059481186667036381 0.043993108229657921 -0.04180771840517826 -0.0015281005660746489 -0.052177056337687169 -0.047457930958014503 0.048823152865564774 -0.0068636953426498386 -0.035025204341767001 -0.021993478627017247 0.054295015106450517 -2.4638846705410906e-05 0.0045084305189139308 -0.03992700404806749 -0.013233701098776085 0.033891233010256684 -0.066968328891923487 0.056413752665041894 -0.024270638068122248 -0.062592857145025535 0.0028038675320790712 0.032291745621009948 -0.029847686938563892 0.0099263361132453948
leaf_weight=30445.412329256535 912.3739823102951 1587348.2271624953 397.81495289504528 4844.4073780328035 2844.3439533561468 218.64588747918606 48365.711140468717 2074.726736664772 2964.745998352766 82237.923879295588 2580.3686872273684 897.85638138651848 4591.88070102036 3140.5948404222727 1108.3431666940451 1035.7106490731239 1854.0536514222622 571530.69879892468 392744.35861866176 4541.0061780363321 1413.3407988101244 3397.5591555088758 293.29917168617249 1639.8432650268078 711.39363779127598 1341.1946601867676 939.76467289030552 1467.4839353859425 1694.2178297936916 9997.5750663280487
leaf_count=102332 1770 4667978 1476 9026 5612 748 121132 4153 9260 217577 8384 2862 8940 8441 3348 2995 3474 1736422 1002488 14240 4609 8792 1030 3019 2048 5525 2934 4008 6147 29135
internal_value=0.00131557 0.00181912 0.00398668 0.0105103 0.0062573 0.00314287 0.00408207 0.00477506 0.00318898 0.00344067 -0.0301842 0.00117399 0.0032788 0.00298772 0.0241316 0.0357875 0.0416382 -0.000422192 0.00346326 -0.0264125 0.000142923 0.020046 0.0426748 0.0210003 0.0319997 -0.00752022 -0.0356575 -0.00604746 -0.00738352 0.00416033
internal_weight=2.76957e+06 2.14735e+06 559999 64136.3 56647.3 495863 53803 53405.2 51330.5 491473 4390.6 1810.23 489400 482664 6735.93 5627.59 2072.7 622227 474982 7681.6 576342 4810.9 7488.94 2644.54 2351.24 45885.6 2280.96 43604.7 42137.2 11691.8
internal_count=7999905 6100001 1432023 156756 141633 1275267 136021 134545 130392 1262251 13016 4632 1258029 1242746 15283 11935 4222 1899904 1220065 22681 1749823 13401 15123 6097 5067 150081 8459 141622 137614 35282
is_linear=0
shrinkage=0.05


Tree=72
num_leaves=31
num_cat=0
split_feature=79 79 49 13 36 26 22 85 77 54 54 54 54 39 39 31 54 25 55 49 6 54 55 85 8 36 90 90 54 13
split_gain=925.273 1049.02 845.522 1440.73 1336.8 1926.21 2482.02 2315.46 1443.16 1237.84 1690.13 1217.46 1068.08 1033.9 960.539 876.683 971.859 1252.03 1166.35 1663.51 969.135 964.669 1421.84 1979.96 875.336 1096.19 1081.43 1041.81 1071.67 956.212
threshold=5.531872272491456 1.4698514342308047 0.91959547996521007 0.0085635026916861551 -27.430988311767575 0.37456443905830389 3.5000000000000004 0.90000000596046459 1.5000000000000002 20447.500000000004 225737.50000000003 315732.50000000006 275797.50000000006 8.7851152420043963 10.902635097503664 380.14733886718756 787.50000000000011 1.997377395629883 14487.500000000002 0.1413247883319855 -0.0090249925851821882 1822.5000000000002 6277.5000000000009 0.90000000596046459 -0.0022460679756477471 -5.2026844024658194 4790.2700195312509 2460.950073242188 657112.50000000012 0.08139673620462419
decision_type=2 2 2 2 2 2 2 2 2 2 2 2 2 2 2 2 2 2 2 2 2 2 2 2 2 2 2 2 2 2
left_child=1 -1 4 -4 5 6 13 11 -9 -8 -11 12 -7 -3 -13 21 17 -17 20 -20 -18 22 23 -6 27 26 -26 -5 29 -29
right_child=-2 2 3 24 15 7 9 8 -10 10 -12 14 -14 -15 -16 16 18 -19 19 -21 -22 -23 -24 -25 25 -27 -28 28 -30 -31
leaf_value=0.0029035367798169913 0.0025768135116243391 -0.0023663092222388086 0.01991467214640999 -0.053336394338067264 -0.011730609021919499 0.025298950203413745 0.04852870139305962 0.038429904299780229 -0.021396646526695418 -0.033633041759268005 0.022148400931756258 0.059892924515002978 -0.068467018606052824 -0.034049730970049312 -0.021702580527042773 0.017027017453561531 -0.020813776798763488 -0.038726471160564532 -0.023048840631153589 0.001578026392847895 -0.00081846751011949766 0.0019153002437846331 -0.010003504151148807 0.065657398469286324 0.002122397154001913 -0.0098416239187174848 -0.024108495353473175 -0.012705938317021949 0.020144341160263868 0.040211930754207204
leaf_weight=396820.05286052823 891261.49040138721 26855.965455338359 6396.7417334765196 1377.4080972373486 1768.8715253323317 4547.3769786059856 3117.8184799700975 1400.1924456208944 3591.2702596783638 1656.9639878571033 7503.3403024226427 4829.1368082910776 324.45825445652008 2847.0086531043053 389.20011024177074 11917.505064234138 6121.5941625237465 1098.8929084837437 14678.962468475103 12867.136206373572 592403.85752867162 584195.33523283899 31167.642786473036 1549.8570324629545 81787.999800100923 33146.746200233698 4126.5462503284216 35601.1770619452 2898.704992428422 873.6471783965826
leaf_count=1066531 2261898 85879 18079 5690 5750 12687 7509 2992 14026 6056 21211 10502 1300 10710 1324 34513 20591 4143 53199 42873 1877383 1805395 107559 3733 259906 110578 15049 122433 8306 2100
internal_value=0.00125014 0.00062048 8.7683e-06 -0.00335135 0.00043353 0.00791846 0.00241206 0.0232445 -0.00460892 0.0213207 0.0120552 0.0370228 0.0190405 -0.00540435 0.0538033 9.39421e-05 -0.00120486 0.0123171 -0.00148602 -0.0115455 -0.00102302 0.00143559 -0.00669034 0.0244172 -0.00428276 -0.00211778 0.000862182 -0.0106078 -0.00911161 -0.0114372
internal_weight=2.76912e+06 1.87786e+06 1.48104e+06 166209 1.31483e+06 57062.7 41981.1 15081.6 4991.46 12278.1 9160.3 10090.2 4871.84 29703 5218.34 1.25777e+06 639088 13016.4 626072 27546.1 598525 618682 34486.4 3318.73 159812 119061 85914.5 40750.9 39373.5 36474.8
internal_count=7999905 5738007 4671476 542141 4129335 174196 131365 42831 17018 34776 27267 25813 13987 96589 11826 3955139 2032702 38656 1994046 96072 1897974 1922437 117042 9483 524062 385533 274955 138529 132839 124533
is_linear=0
shrinkage=0.05


Tree=73
num_leaves=31
num_cat=0
split_feature=86 81 54 53 54 55 85 25 54 85 77 99 55 104 54 48 25 25 94 25 37 22 24 49 53 55 28 50 54 55
split_gain=875.852 1313.48 2370.26 1983.55 1848.15 4504.72 6437.18 3185.7 2777.82 2558.05 2039.39 1791.99 1720.6 1710.46 1534.91 3040.59 1433.45 2386.21 1531.29 1386.64 1530.94 1436.45 2641.27 2043.99 1371.5 2189.19 2161.95 1888.67 1518.32 1331.21
threshold=6.0000000000000009 1.0000000180025095e-35 720242.50000000012 1.0000000180025095e-35 654727.50000000012 -665312.49999999988 0.90000000596046459 1.9714748263359072 665922.50000000012 0.90000000596046459 1.5000000000000002 106002.25000000001 -656517.49999999988 7.6774091720581064 657112.50000000012 -0.43245348334312433 1.1650824546813967 1.1092091798782351 2406.275268554688 0.43953450024127966 51.44743728637696 1.5000000000000002 62.13533020019532 -0.75894212722778309 0.87837970256805431 -717607.49999999988 0.62500000000000011 272.50000000000006 607402.50000000012 -547437.49999999988
decision_type=2 2 2 2 2 2 2 2 2 2 2 2 2 2 2 2 2 2 2 2 2 2 2 2 2 2 2 2 2 2
left_child=-1 4 11 -4 13 7 12 8 -6 -9 -8 -3 14 -2 15 -7 17 -10 -18 24 21 22 -21 -23 25 -13 29 -27 -28 -26
right_child=1 2 3 -5 5 6 10 9 16 -11 -12 19 -14 -15 -16 -17 18 -19 -20 20 -22 23 -24 -25 26 27 28 -29 -30 -31
leaf_value=-0.0004641367668447004 0.049676016379779683 0.052324206515839446 -0.045232452422317299 -0.0080325645031332389 -0.070297206423224415 0.090654035595962856 0.020048587747412739 0.054867063217468419 0.0039820207684300758 -0.010151705923512425 -0.038128810327280466 0.12131686873199406 0.07188712569795809 0.0016718480667458518 0.04158585601646498 -0.093789924570882685 -0.024140792692417177 0.030605550852767158 0.00025672057701374028 0.012176745819861994 -0.034120224710232315 -0.0080933292315803571 -0.002511891029195485 0.0017846587340775246 -0.056016666744711896 -0.024253541762647157 0.007481515455126396 -0.0032475659487039284 0.051970550776901929 -0.0036527022968524539
leaf_weight=622052.63233101368 1856.9722028374672 1631.4030779451132 5027.1390215009451 12475.554121866822 1289.0422115623951 355.13217894732952 2586.2483370006084 5296.5766038149595 113254.09244841337 2116.8520239591599 3604.814631998539 305.34930671751499 4707.3427896648645 1484858.0284714103 8982.1355169862509 598.80229489505291 8348.7735774219036 9091.0139907896519 27991.622806623578 68782.278736233711 3092.2401184290648 71676.588322401047 55137.194696933031 194416.69707211852 1565.251357242465 19654.794179424644 5920.9454869925976 23489.249124482274 2836.0480521172285 5394.44757206738
leaf_count=1899904 3879 3620 20385 42228 4796 539 6018 10447 310531 6565 13049 504 8235 4138314 19105 2329 27227 21489 77934 192741 11248 226976 169600 592784 6120 67791 17823 73994 6960 16770
internal_value=0.00118785 0.00166663 -0.000664855 -0.0187194 0.00232282 0.00699067 0.0289151 0.00426159 0.00277655 0.0363019 -0.0138257 3.13656e-05 0.0469855 0.00173184 0.0351815 -0.0250966 0.00337062 0.00596059 -0.00534869 -0.000157366 0.000916705 0.0011946 0.00564112 -0.000876141 -0.00729357 -0.011872 0.00536331 -0.0128176 0.0218946 -0.0154365
internal_weight=2.7684e+06 2.14634e+06 471405 17502.7 1.67494e+06 188222 20834.5 167388 159975 7413.43 6191.06 453902 14643.4 1.48672e+06 9936.07 953.934 158686 122345 36340.4 452271 393105 390013 123919 266093 59166.1 43449.4 15716.7 43144 8756.99 6959.7
internal_count=7999905 6100001 1449544 62613 4650457 508264 49275 458989 441977 17012 19067 1386931 30208 4142193 21973 2868 437181 332020 105161 1383311 1193349 1182101 362341 819760 189962 142289 47673 141785 24783 22890
is_linear=0
shrinkage=0.05


Tree=74
num_leaves=31
num_cat=0
split_feature=79 79 81 86 54 55 25 54 55 39 87 54 55 53 87 77 25 55 90 35 90 54 99 55 26 54 37 25 54 54
split_gain=853.415 962.961 743.802 1014.67 1031.09 3075.91 1826.95 1280.02 1264.75 1754.9 1225.62 1210.66 1707.35 1284.71 1151.03 2931.72 1021.54 837.126 762.728 1369.73 1148.07 1055.85 1004.98 1507.37 1728.13 940.637 1566.9 933.888 827.028 786.029
threshold=5.1673452854156503 2.0044966936111455 1.0000000180025095e-35 6.0000000000000009 654727.50000000012 -665312.49999999988 1.997377395629883 665922.50000000012 -644952.49999999988 -2.5444800853729244 1.0000000180025095e-35 630327.50000000012 -615622.49999999988 0.87837970256805431 1.0000000180025095e-35 1.5000000000000002 1.0616638064384463 -656517.49999999988 4871.3200683593759 -11.862716674804686 5130.6899414062509 11997.500000000002 282599.17187500006 13932.500000000002 1.2943913340568545 1162.5000000000002 17.324875831604007 2.99071216583252 617.50000000000011 20447.500000000004
decision_type=2 2 2 2 2 2 2 2 2 2 2 2 2 2 2 2 2 2 2 2 2 2 2 2 2 2 2 2 2 2
left_child=1 -1 3 -3 8 6 7 -6 9 10 -5 12 -10 -13 15 -7 -11 -16 22 -20 -21 28 27 25 -25 26 -24 -4 -22 -27
right_child=-2 2 18 4 5 14 -8 -9 11 16 -12 13 -14 -15 17 -17 -18 -19 19 20 21 -23 23 24 -26 29 -28 -29 -30 -31
leaf_value=0.0018367155155700238 0.0023920651069849431 -0.0026525941957266509 -0.0037921952935494477 -0.016251583054406837 -0.07629204312765564 0.054366103897973743 0.040703002740661118 0.0017638706431185832 -0.019080236653988617 0.0084079286548723962 -0.094413104094087777 0.028439158395611605 0.00069603637341416854 -0.022817198568194738 0.033101498100949804 -0.045467125837881678 -0.062510922618409279 0.072269601800301175 0.053610628887369463 -0.039683869293785874 0.075529911326268656 0.10010312668598186 -0.0039794077354220166 -0.025991832708588698 0.053304839704053558 0.0046604208137721254 0.1413990359814524 -0.02754251191850704 -0.018049897908267765 0.030056917529949441
leaf_weight=795241.61781711876 901396.52914100885 250506.95324739814 113864.11882390827 892.74251945316792 528.40073573589325 1580.8333685398102 3050.9860135167837 66586.588055789471 11125.945568814874 3221.2437383085489 1145.5174392163754 6938.4724408388138 569505.80983047187 1483.0271516740322 4192.3953076899052 1373.2554987370968 601.75743116438389 2024.5862753689289 606.71663993597031 4684.2632890045643 261.1287853717804 242.27183566987514 360.54726664721966 4800.7731345295906 800.82391050457954 9368.4116223603487 380.1619026362896 4294.2643016427755 2376.562840461731 4514.8307008296251
leaf_count=2180441 2289671 904023 455066 3186 2175 2972 7317 199036 36771 9216 4600 17603 1734865 4870 9631 6181 2332 3626 1572 21107 667 606 1418 19959 2435 34980 625 18284 9787 14883
internal_value=0.00112869 0.000518572 -0.00045989 6.45834e-05 0.00107412 0.0064283 0.0028687 0.00114813 0.000360071 -0.0227493 -0.0602062 0.000590063 0.000317047 0.0194107 0.0336582 0.00795566 -0.00276714 0.0458671 -0.00376932 -0.0186129 -0.0244128 0.000429047 -0.00289271 0.0074058 -0.0146469 0.0158537 0.070718 -0.00465563 -0.00875858 0.0129213
internal_weight=2.76795e+06 1.86656e+06 1.07131e+06 924759 674252 79337 70166 67115 594915 5861.26 2038.26 589053 580632 8421.5 9171.07 2954.09 3823 6216.98 146555 8170.94 7564.23 2879.96 138384 20225.5 5601.6 14624 740.709 118158 2637.69 13883.2
internal_count=7999905 5710234 3529793 2948404 2044381 230938 208528 201211 1813443 19334 7786 1794109 1771636 22473 22410 9153 11548 13257 581389 33739 32167 11060 547650 74300 22394 51906 2043 473350 10454 49863
is_linear=0
shrinkage=0.05


Tree=75
num_leaves=31
num_cat=0
split_feature=39 49 7 13 49 42 25 87 86 53 39 36 36 77 42 49 62 39 26 77 39 54 36 37 53 26 87 53 55 94
split_gain=834.41 1487.41 1277.91 1267.97 1219.94 1780.87 1570.82 6385.76 3499.17 3177.96 2407.72 2071.53 2033.41 2006.41 1898.7 1795.28 1715.34 1509.83 1401.23 1213.74 1197.35 1134.84 1090.52 1556.43 1148.01 1467.02 1252.69 1085.84 1070.5 2918.1
threshold=1.4020093083381655 -0.11969653144478797 0.0026303243357688193 0.0079851318150758761 0.89194178581237804 1.0027324557304385 0.42696723341941839 1.0000000180025095e-35 6.0000000000000009 0.87837970256805431 -9.1990761756896955 1.2247815728187563 -12.123273372650145 1.5000000000000002 1.0019727349281313 -0.95032352209091175 44.230567932128913 -8.2842774391174299 0.9693816900253297 1.5000000000000002 -13.152566432952879 246122.50000000003 -27.430988311767575 -14.475243568420408 1.0000000180025095e-35 -2.6847571134567256 1.0000000180025095e-35 0.6078576147556306 -443837.49999999994 3083.6645507812505
decision_type=2 2 2 2 2 2 2 2 2 2 2 2 2 2 2 2 2 2 2 2 2 2 2 2 2 2 2 2 2 2
left_child=3 -2 28 -1 6 18 7 9 19 13 14 12 -10 -5 -11 -12 -15 -13 21 20 -9 -6 23 -8 26 -26 -25 -23 -3 -30
right_child=1 2 -4 4 5 -7 22 8 11 10 15 17 -14 16 -16 -17 -18 -19 -20 -21 -22 27 -24 24 25 -27 -28 -29 29 -31
leaf_value=0.031248288135846243 0.0019097955527369809 -0.0034162726554883387 -0.0055477062087872864 0.0074397820141417492 -0.0045511703829985983 -0.0095233840931320882 -0.010253504891716059 0.025809746277118007 0.0090761717498079979 0.016262090272328861 0.068276368335208032 -0.09490929414933319 0.034374426287423362 -0.027727600550202819 0.080034872904527418 -0.016709254873189739 0.048138835203268199 0.0056341942090356381 0.016377698701069945 0.016317498501202145 -0.013936364839315757 -0.0025438973972965709 0.0014119592946466751 0.0035545238657991372 -0.078089218546285477 0.0086265631175389875 0.036635214355687513 0.011629549653069166 0.016679001641889485 -0.00019961357570204343
leaf_weight=3629.3179999738932 515889.29577916861 167568.79602764547 162159.93721581995 6227.6192881762981 76281.053195416927 56410.251614570618 9446.7259891778231 2257.3024731576443 10657.615115880966 3124.3961388766766 702.15986938774586 570.41116723418236 31200.113664746284 20038.596927836537 1863.0396715402603 5344.1713724881411 772.89946590363979 1076.9010343849659 13364.524345435202 8598.095528781414 11771.445237353444 25688.904112495482 1302140.808185637 4421.3846747279167 493.29268035292625 36719.656067952514 8114.8750126957893 28507.421969950199 28935.882167875767 222553.85070717335
leaf_count=8808 1474961 500816 489801 15569 229367 173567 29117 6233 27681 8626 1504 2269 70812 70015 3716 17224 1886 2840 36364 24171 38656 76313 3745700 12987 1939 102403 18994 78255 75144 654046
internal_value=0.00102682 -4.43229e-05 -0.00177881 0.00173076 0.00166643 -0.00199405 0.0021666 0.0080832 0.0174746 -0.00822944 0.0143831 0.025769 0.0279336 -0.0174572 0.0400965 -0.0068294 -0.0249076 -0.0292142 0.00095873 0.0015263 -0.00753926 -0.000620677 0.0017137 0.00835091 0.0118839 0.00747486 0.0249697 0.00491136 -0.000320362 0.00174244
internal_weight=2.76653e+06 1.09711e+06 581218 1.66942e+06 1.66579e+06 200252 1.46554e+06 104205 66131.9 38072.9 11033.8 43505 41857.7 27039.1 4987.44 6046.33 20811.5 1647.31 143842 22626.8 14028.7 130477 1.36134e+06 59195.9 49749.2 37212.9 12536.3 54196.3 419059 251490
internal_count=7999784 3194768 1719807 4805016 4796208 593866 4202342 291202 172662 118540 31070 103602 98493 87470 12342 18728 71901 5109 420299 69060 44889 383935 3911140 165440 136323 104342 31981 154568 1230006 729190
is_linear=0
shrinkage=0.05


Tree=76
num_leaves=31
num_cat=0
split_feature=90 99 49 49 31 53 13 37 21 46 12 85 90 48 35 37 39 21 87 22 8 37 104 51 65 31 85 53 62 46
split_gain=841.36 1561.48 1574.49 979.02 1096.14 1405.7 982.756 948.074 935.159 881.991 872.571 871.165 821.79 1659.97 1025.96 1405.2 976.39 1783.72 1885.03 2658.39 3187.64 2821.86 1930.72 1543.08 1507.77 1620.5 1337.58 1296.13 1203.49 1223.12
threshold=5186.0429687500009 350028.71875000006 0.56457334756851207 -0.74455857276916493 367.43959045410162 0.87837970256805431 0.041325617581605918 2.6226198673248295 15.500000000000002 0.088776014745235457 0.027865183539688591 0.90000000596046459 2397.036499023438 -0.94331136345863331 -15.345678329467772 -6.9457626342773429 -2.7156761884689327 6.5000000000000009 1.0000000180025095e-35 1.5000000000000002 -0.003193922457285225 6.5448970794677743 7.7276813983917245 257.50000000000006 0.47632667422294622 724.33505249023449 0.90000000596046459 0.87837970256805431 49.042064666748054 0.12951318919658664
decision_type=2 2 2 2 2 2 2 2 2 2 2 2 2 2 2 2 2 2 2 2 2 2 2 2 2 2 2 2 2 2
left_child=1 12 3 7 5 9 -6 -3 -7 11 -4 -5 13 -1 -15 -16 17 18 22 20 -20 -21 -14 24 25 26 -18 -24 29 -25
right_child=-2 2 10 4 6 8 -8 -9 -10 -11 -12 -13 16 14 15 -17 23 -19 19 21 -22 -23 27 28 -26 -27 -28 -29 -30 -31
leaf_value=-0.04016291401689602 0.010570032280967733 -0.041151167144076982 -0.028223838261999912 -0.066980498697787591 -0.0024743756149847914 0.00082649043665473281 -0.035643789214382056 -0.0067841565747004499 -0.037099961777605432 0.015298114926018786 -0.0088734386619166283 0.01499787848000398 -0.015320677143521762 0.032818067142560206 -0.044523644479976712 -0.0019265908577602046 0.0064052034179579486 0.0010832911396741955 -0.011652875984249318 -0.010138360671197067 0.025614033980662622 0.009390611970551091 -0.00014245531340790742 -0.0010202340015640285 -0.00079950974024340813 -0.00045185461346485488 0.0012691815914695473 0.013671316904822204 0.0096432611398861653 -0.00730939870160488
leaf_weight=3378.4262430593371 22661.70440889895 2239.4981746971607 9481.7838492691517 664.12401655316353 10622.649393871427 4900.971483528614 2826.7122216373682 19252.683861359954 2430.5778202712536 23924.983066231012 15113.844968065619 631.27117095887661 15835.479047700763 1863.9807625561953 2121.7671528309584 22018.36708009243 325821.4702192992 586032.36224383116 6779.3409856855869 23183.556697294116 37331.495778113604 91499.312807202339 61002.836292639375 429159.16671353579 444600.7684559375 253018.7470696494 207502.58612686396 23529.880768090487 22551.643762513995 94293.626326069236
leaf_count=12661 62343 7918 32308 2554 31623 14414 9858 58126 8484 64915 47338 1744 51227 4711 8303 67631 895920 1685572 20498 69932 92744 251660 181927 1263848 1287438 737955 612256 65910 63001 284965
internal_value=0.000975591 0.000896337 -0.00550421 -0.00155734 0.00255873 0.0075199 -0.00944824 -0.0103672 -0.0117497 0.013122 -0.0163342 -0.0270462 0.00111864 -0.00719665 -0.00291214 -0.0056725 0.00121182 0.0026108 0.00606487 0.00945504 0.0198863 0.00544266 0.000701134 0.000546396 0.00152771 0.00284353 0.00440693 0.0037027 -0.00166592 -0.00215317
internal_weight=2.76628e+06 2.74361e+06 92089.1 67493.5 46001.3 32551.9 13449.4 21492.2 7331.55 25220.4 24595.6 1295.4 2.65152e+06 29382.5 26004.1 24140.1 2.62214e+06 845194 259162 158794 44110.8 114683 100368 1.77695e+06 1.23094e+06 786343 533324 84532.7 546004 523453
internal_count=7999784 7937441 279282 199636 133592 92111 41481 66044 22898 69213 79646 4298 7658159 93306 80645 75934 7564853 2419470 733898 434834 113242 321592 299064 5145383 3533569 2246131 1508176 247837 1611814 1548813
is_linear=0
shrinkage=0.05


Tree=77
num_leaves=31
num_cat=0
split_feature=86 77 55 25 53 55 12 73 46 50 37 46 54 77 81 54 54 55 25 100 55 55 53 99 13 90 12 25 42 99
split_gain=852.974 1346.8 858.113 718.101 719.012 921.174 992.816 850.315 790.591 1344.19 836.82 768.624 989.235 712.78 1362.98 2033.44 1939 2884.26 2278.85 1987.25 2027.23 1913.21 1687.71 1605.14 1527.78 1475.23 1351.56 1306.06 1619.34 1233.71
threshold=6.0000000000000009 1.8130434155464175 -685702.49999999988 1.3422549962997439 0.6078576147556306 29647.500000000004 0.037444084882736213 10.334864139556887 0.13238430768251422 -167.49999999999997 8.3665695190429705 0.24652600288391116 2277.5000000000005 3.0000000000000004 1.0000000180025095e-35 720242.50000000012 630327.50000000012 -615622.49999999988 1.997377395629883 117609.55468750001 -667777.49999999988 -609122.49999999988 1.0000000180025095e-35 106002.25000000001 0.011060021352022888 2557.6564941406255 0.020742140710353855 0.56730392575263988 1.0028865933418276 121408.12500000001
decision_type=2 2 2 2 2 2 2 2 2 2 2 2 2 2 2 2 2 2 2 2 2 2 2 2 2 2 2 2 2 2
left_child=2 -2 -1 -4 11 7 -7 8 10 -10 -6 -5 -13 -3 16 23 17 27 19 24 -21 26 -17 -16 -18 -23 -19 28 -15 -25
right_child=1 13 3 4 5 6 -8 -9 9 -11 -12 12 -14 14 15 22 18 21 -20 20 -22 25 -24 29 -26 -27 -28 -29 -30 -31
leaf_value=-0.0073036844113178517 0.003054997298456626 -0.0011891545275459685 0.0011525814680329563 -0.0064389809418460182 -0.0094862460968984999 -0.055437976764697805 0.069554084352417903 -0.0080430526050850517 0.016904666285623461 -0.011977275982795146 0.0045189283393311025 -0.019073743158555648 0.017669232450072257 0.0091468540453533888 0.051363969414206338 -0.04455854618580804 0.028095146909036934 0.055642812924062604 0.05779022365023824 -0.040813320726654702 0.030560207399408287 0.077098721819620589 -0.00814838415875614 -0.006478038440779408 0.0011637794398014329 0.0019602983349112208 -0.089353439479791325 -0.047930075244122974 -0.088775085027128664 0.00088923985742715868
leaf_weight=45647.556544139981 781000.22048331052 445787.28017763793 366330.0071464479 104532.96328191459 15624.972923472524 1231.9606679230928 181.46691583096981 19292.605462655425 19762.198004603386 5058.9835739284754 33599.723532006145 2456.946324378252 7190.436572521925 2792.1696071922779 1505.923008620739 4450.1940949335694 5980.3733061999083 2351.0603874027729 2497.8705082386732 1072.6784711480141 13568.395402953029 653.28072547912598 11171.846269078553 68142.994147598743 44037.472457543015 413300.04553546011 171.59325782954693 4111.2268986552954 496.3770876377821 342100.62696474791
leaf_count=149670 2102178 1333242 1106482 327429 49843 4787 370 60398 54746 16227 99915 8789 19206 7234 3350 18736 13816 4576 4755 3465 30798 1092 38806 225070 118636 1129678 657 13822 1948 1050063
internal_value=0.000926851 0.00139922 -0.000705152 -0.000181533 -0.00252071 0.000699101 -0.0393492 0.00130602 0.00374206 0.0110176 7.3182e-05 -0.00519268 0.00831019 0.000451289 0.00124756 -0.000817102 0.00304454 0.00179388 0.0109382 0.00912724 0.0253283 0.0023437 -0.0185229 -0.000145276 0.00438442 0.00207908 0.0457466 -0.0291463 -0.00565457 -0.000334493
internal_weight=2.7661e+06 2.14519e+06 620910 575262 208932 94751.9 1413.43 93338.5 74045.9 24821.2 49224.7 114180 9647.38 1.36419e+06 918404 427372 491033 423876 67156.8 64658.9 14641.1 416476 15622 411750 50017.8 413953 2522.65 7399.77 3288.55 410244
internal_count=7999784 6101922 1897862 1748192 641710 286286 5157 281129 220731 70973 149758 355424 27995 3999744 2666502 1336025 1330477 1159007 171470 166715 34263 1136003 57542 1278483 132452 1130770 5233 23004 9182 1275133
is_linear=0
shrinkage=0.05


Tree=78
num_leaves=31
num_cat=0
split_feature=79 79 79 73 77 65 39 26 50 35 6 39 90 90 45 6 94 54 49 49 49 42 25 25 90 46 85 49 30 55
split_gain=815.289 900.387 646.064 657.035 602.914 570.227 1207.48 788.423 784.751 806.675 714.902 674.853 666.174 651.346 1164.56 801.753 787.002 662.988 752.685 664.177 609.523 575.025 1613.76 1541.51 1126.65 802.358 730.257 1256.53 1080.2 626.648
threshold=5.1673452854156503 3.4019228219985966 6.4956810474395761 1.0784353613853457 1.0304679572582247 0.50971689820289623 -2.7156761884689327 1.7845480442047121 -1.0000000180025095e-35 5.6348018646240243 0.0048225973732769498 -10.600213527679442 2778.5351562500005 3375.038696289063 1.0068875551223757 0.0039729047566652307 4077.827514648438 1517.5000000000002 -0.86046862602233876 0.11969653144478799 -0.61734244227409352 0.99535712599754345 2.9369496107101445 2.99071216583252 3012.5065917968755 0.3142362534999848 0.90000000596046459 -0.65106672048568714 0.037499999627470977 7132.5000000000009
decision_type=2 2 2 2 2 2 2 2 2 2 2 2 2 2 2 2 2 2 2 2 2 2 2 2 2 2 2 2 2 2
left_child=1 5 3 -2 -4 7 8 21 11 10 -10 -7 -11 14 15 -9 -15 18 -18 -19 -17 22 26 -24 -25 29 28 -28 -1 -23
right_child=2 -3 4 -5 -6 6 -8 13 9 12 -12 -13 -14 16 -16 20 17 19 -20 -21 -22 25 23 24 -26 -27 27 -29 -30 -31
leaf_value=-0.034942135087172616 -0.03156313633206409 -0.0020363657576787679 0.0045987962253866786 0.0035810311700718474 -7.2258957899925719e-05 -0.010574284882514103 -0.002009780536184455 -0.010308803809768691 0.0062676690718183985 -2.5497499777941969e-05 -0.023355694253405251 0.0019180896482278989 0.02867866084763537 0.012700460150176479 -0.036428602709640968 -0.017642260978899055 -0.054272319420250292 0.002112493326499577 0.0290706194933061 -0.019352664403160001 0.021283785200121856 0.0029264406452333843 0.043748110567333104 -0.02704915685800471 0.0080405305571754643 0.033042388609686051 -0.016457082647377556 0.0054478173268985297 -0.0061048965855682348 -0.00097738979404528195
leaf_weight=3441.4386863708496 1332.9009267091751 341449.4493355602 84853.765295743942 442305.75943858922 371642.12191681564 12262.62727072835 386329.12008070201 20017.738743424416 49557.393232017756 2815.5005599483848 2122.9118139222264 91255.484953038394 7161.9323005527258 9745.4444373995066 3513.6762497425079 1342.594257324934 308.39788243174553 6817.6716224253178 2177.9504263699055 7642.3125705420971 3997.519780293107 658997.54829713702 2827.184842094779 2492.3703520894051 27708.654224649072 2129.6745671182871 8236.4330492690206 31897.664489202201 57370.545937404037 121793.68759407103
leaf_count=11857 3959 1210793 212995 1114604 958157 37968 1154862 63031 142729 8436 7070 265934 18587 27477 12272 4260 1162 19768 5736 25203 10888 1921422 6494 8394 78489 5290 26732 95534 173092 366589
internal_value=0.000880692 0.000284338 0.00211655 0.00347536 0.000795997 0.000804304 -0.000479991 0.00153266 0.00309799 0.00756351 0.00505028 0.000438122 0.020579 -0.00425061 -0.00945568 -0.00571673 0.00137947 -0.00513104 0.0187134 -0.00923236 0.0114947 0.00188314 -0.00114376 0.00844963 0.00514375 0.00240111 -0.00428268 0.000952009 -0.00773747 0.00231748
internal_weight=2.76555e+06 1.86541e+06 900135 443639 456496 1.52396e+06 551505 972459 165176 61657.7 51680.3 103518 9977.43 55563.3 28871.5 25357.9 26691.8 16946.3 2486.35 14460 5340.11 916895 133974 33028.2 30201 782921 100946 40134.1 60812 780791
internal_count=7999784 5710069 2289715 1118563 1171152 4499276 1635586 2863690 480724 176822 149799 303902 27023 169797 90451 78179 79346 51869 6898 44971 15148 2693893 400592 93377 86883 2293301 307215 122266 184949 2288011
is_linear=0
shrinkage=0.05


Tree=79
num_leaves=31
num_cat=0
split_feature=86 77 55 73 22 90 90 77 38 8 37 13 55 55 55 55 54 55 77 77 73 73 49 55 13 99 50 90 25 38
split_gain=772.436 1211.95 787.401 722.337 712.763 1086.51 2901.94 2135.34 985.597 1436.85 1107.82 1097.46 851.885 1670.08 2269.59 1527.8 1012.96 1599.13 1462.23 984.054 982.396 877.787 847.991 844.063 837.109 823.241 959.958 805.806 799.625 1316.02
threshold=6.0000000000000009 1.8130434155464175 -726402.49999999988 2.0432653427124028 1.5000000000000002 3030.6313476562505 2997.019897460938 1.5000000000000002 4.6620125770568857 -0.0081897499039769155 -3.8819077014923091 0.018962889909744266 -276252.49999999994 -322842.49999999994 -325192.49999999994 -252862.49999999997 225737.50000000003 -134584.99999999997 1.5000000000000002 1.5000000000000002 3.3214403390884404 1.4591769576072695 0.39271505177021032 -3899.9999999999995 0.015819820575416092 175910.02343750003 -617.49999999999989 3283.5393066406255 0.97905462980270397 2.0067634582519536
decision_type=2 2 2 2 2 2 2 2 2 2 2 2 2 2 2 2 2 2 2 2 2 2 2 2 2 2 2 2 2 2
left_child=2 -2 3 -1 5 6 28 24 9 -7 11 -11 13 14 21 -14 17 18 -17 25 -16 -6 -12 -19 -8 27 -27 -15 29 -4
right_child=1 -3 4 -5 12 8 7 -9 -10 10 22 -13 15 19 20 16 -18 23 -20 -21 -22 -23 -24 -25 -26 26 -28 -29 -30 -31
leaf_value=-0.020768851887132248 0.0028576386086615196 0.00038711383579414967 0.0075485804551855707 -0.0023437042375731485 -0.010955160060676553 0.036999634765215554 0.080697130064517383 -0.01009546393928867 -0.0071942349905099734 0.018905413482250426 0.0083430571125260849 -0.018155001697872663 0.017806588872204803 0.01171409637315993 0.073895141719916721 0.01587124864502245 -0.016624351154575188 -0.0073319111570048189 -0.0043568105901829945 -0.0034773345094839358 0.015473968682602181 -0.0015732818925879477 -0.0032335519192136517 0.00036664679886482904 0.032776348177168124 0.013869939126546044 -0.029430998080067824 -0.05654779001235305 0.011809398739886188 -0.012260932728889735
leaf_weight=9129.214672088623 780557.00528419763 1363696.1466957703 20946.545194193721 12746.644924923778 30852.569022983313 2913.0869763791561 2375.844606205821 1383.2336523383856 38101.338379085064 2422.4770014584064 41390.607298791409 11366.851452365518 12042.190836712718 498.42470794916153 1280.0938632935286 27033.477064430714 9305.8869089782238 50129.371515780687 13342.647391945124 6189.0262793749571 1643.9822568148375 129906.38165310025 25602.020565971732 122862.1730440557 1482.1988865584135 1734.1075445562601 4879.6400792598724 3238.2297295331955 21884.463323950768 13978.028711855412
leaf_count=33153 2102178 3999744 60094 41603 102189 7213 4316 4258 119581 7015 118125 38400 33785 1437 2769 76391 30187 156784 41078 19088 4674 396748 79424 375421 3617 5106 16677 12154 62102 44473
internal_value=0.00083682 0.00128644 -0.000716531 -0.0100337 -0.000376116 0.00221548 0.00760067 0.0431957 -0.000528047 0.00250666 0.0012623 -0.0116431 -0.00152439 -0.00410983 -0.00257973 0.000460782 -0.000477333 0.00022696 0.00918664 -0.0192511 0.0410677 -0.00337392 0.00391886 -0.00186424 0.0623013 -0.0286814 -0.0180765 -0.0474404 0.00431583 -0.000379856
internal_weight=2.76491e+06 2.14425e+06 620661 21875.9 598785 183847 62050.3 5241.28 121796 83695 80782 13789.3 414938 180222 163683 234716 222674 213368 40376.1 16539.4 2924.08 160759 66992.6 172992 3858.04 10350.4 6613.75 3736.65 56809 34924.6
internal_count=7999784 6101922 1897862 74756 1823106 548618 178860 12191 369758 250177 242964 45415 1274488 560842 506380 713646 679861 649674 117469 54462 7443 498937 197549 532205 7933 35374 21783 13591 166669 104567
is_linear=0
shrinkage=0.05


Tree=80
num_leaves=31
num_cat=0
split_feature=79 79 49 54 55 100 13 29 54 54 53 25 46 40 54 100 62 55 62 36 25 54 28 36 42 53 25 54 54 25
split_gain=789.853 853.523 660.45 1026.11 1158.52 1783.14 1268.9 1154.73 1144.86 2506.35 1583.77 1070.63 946.379 978.918 897.362 1109.75 889.669 874.867 846.651 797.472 784.293 771.708 748.866 736.557 917.144 788.008 713.186 1279.42 1852.48 1662.84
threshold=5.531872272491456 2.8426986932754521 0.60003554821014415 257452.50000000003 -443837.49999999994 126118.25000000001 0.017545816488564018 0.59750002622604381 163537.50000000003 120622.50000000001 0.6078576147556306 1.6348134875297549 0.057999290525913245 -0.56174489110708226 193490.00000000003 181240.18750000003 57.615560531616218 -737772.49999999988 18.978816032409672 1.0608428716659548 1.3968285918235781 627847.50000000012 0.22500000149011615 -28.840798377990719 0.99724486470222484 -1.0000000180025095e-35 0.53246352076530468 307125.00000000006 382882.50000000006 1.0206212401390078
decision_type=2 2 2 2 2 2 2 2 2 2 2 2 2 2 2 2 2 2 2 2 2 2 2 2 2 2 2 2 2 2
left_child=1 -1 23 8 5 17 12 19 9 16 -11 -12 13 -6 -10 -16 22 20 -7 -8 -5 -19 -4 24 25 -3 -25 -28 -29 -30
right_child=-2 2 3 4 6 18 7 -9 14 10 11 -13 -14 -15 15 -17 -18 21 -20 -21 -22 -23 -24 26 -26 -27 27 28 29 -31
leaf_value=0.0010480775803247383 0.0020441948955802979 0.02121991077470143 -0.0011628699632166761 -0.03544205407406139 -0.011450666705698309 -0.047526068578689275 -0.017989925176489768 0.012973419280914375 -0.039232761469169354 0.037642150530710315 -0.024298929247072519 0.041470369678447229 0.038869985729751713 0.020003916212761368 -0.015982144479667615 0.05696443397812926 0.034979411503400802 -0.0050996993531272653 -0.014391096304661259 0.016843579786560803 0.0087026971537454752 0.0079465569918565487 -0.012924672182275335 0.0045509658320006903 0.026660300443091201 -0.0094709244307415036 0.0009062556579660045 -0.016033979615131141 -0.0072463197588627931 0.0036604512668373165
leaf_weight=1186240.5765708387 888556.04290942848 3183.0572308897972 19880.956515997648 3168.1825224906206 3537.2891915291548 2859.421908184886 9277.7837807238102 8045.3336313515902 4323.1398508250713 5221.0778106749058 2357.6570300608873 837.82420942187309 3934.0899414569139 8218.901045486331 10963.911037117243 546.41666512191296 1161.3905971497297 22890.481905952096 5919.6840209364891 1995.6844588071108 1473.4239038303494 22451.485000759363 42391.250118657947 59761.944230854511 5616.2264656275511 6094.0150256678462 263826.46218532324 29548.734805673361 76499.131964318454 64333.591436900198
leaf_count=3363505 2261386 9581 70572 14180 12564 12322 34874 26716 17665 15236 9078 2298 11520 24347 41331 1443 3512 81280 22425 6610 5093 73106 161039 198431 16825 22168 887680 107571 268855 217325
internal_value=0.000816119 0.000234618 -0.00116322 -0.0037531 -0.000117186 -0.00440689 0.00708286 -0.00149561 -0.00764136 -0.00495911 0.0206763 -0.00704571 0.0176449 0.010539 -0.0198117 -0.0125142 -0.00836084 -0.000756345 -0.0251882 -0.0118221 -0.0214289 0.00136019 -0.00916977 -0.00023968 0.0107153 0.00106002 -0.000570006 -0.00127485 -0.00465218 -0.00226399
internal_weight=2.76512e+06 1.87656e+06 690319 181455 93771.8 58762.7 35009.1 19318.8 87683.6 71850.2 8416.56 3195.48 15690.3 11756.2 15833.5 11510.3 63433.6 49983.6 8779.11 11273.5 4641.61 45342 62272.2 508863 14893.3 9277.07 493970 434208 170381 140833
internal_count=8000538 5739152 2375647 647211 325037 208406 116631 68200 322174 261735 26612 11376 48431 36911 60439 42774 235123 173659 34747 41484 19273 154386 231611 1728436 48574 31749 1679862 1481431 593751 486180
is_linear=0
shrinkage=0.05


Tree=81
num_leaves=31
num_cat=0
split_feature=30 100 55 55 55 55 40 55 81 42 25 48 39 55 39 25 39 94 13 40 13 25 87 55 55 86 12 28 48 12
split_gain=740.917 1402.89 1305.58 1527.27 2040.3 2010.46 1979.77 1853.07 1684.98 1550.29 1491.31 1455.22 1378.64 1761.38 1851.35 1247.14 2811.24 1362.05 1234.01 1507.78 1620.57 1460.92 1283.48 2813.56 2833.86 2498.45 1888.09 1225.66 1219.09 1205.79
threshold=0.3275000005960465 98825.367187500015 -609122.49999999988 -457642.49999999994 -397054.99999999994 -478192.49999999994 1.0000000180025095e-35 -428554.99999999994 1.0000000180025095e-35 0.99627926945686351 1.7326247096061709 0.96298784017562877 -4.6983125209808341 -656517.49999999988 15.295461654663088 1.1863372325897219 2.0232237577438359 2609.8364257812505 0.024427930824458603 0.81174489855766307 0.045805551111698158 6.0779948234558114 1.0000000180025095e-35 -344847.49999999994 -282614.99999999994 6.0000000000000009 0.0071441370528191337 0.37500000000000006 0.87137606739997875 0.019421566277742389
decision_type=2 2 2 2 2 2 2 2 2 2 2 2 2 2 2 2 2 2 2 2 2 2 2 2 2 2 2 2 2 2
left_child=2 -2 12 5 6 8 -5 11 9 -4 -10 27 -1 -14 -15 17 -17 -11 22 20 21 -20 26 25 -25 -24 -6 -8 -9 -28
right_child=1 -3 3 4 18 -7 7 28 10 15 -12 -13 13 14 -16 16 -18 -19 19 -21 -22 -23 23 24 -26 -27 29 -29 -30 -31
leaf_value=0.011190909380640379 -0.017312750219827467 0.0014596694687396446 -0.019029947263600078 0.0010685312569442074 0.04257882690774626 -0.024272074283300103 -0.057952196062071318 0.034636300093927812 -0.023601448689268566 -0.027521249780562564 0.021505017630516383 -0.095315492871740709 -0.0034440543934232668 0.019438453733986338 -0.013098974805287343 0.027829637103502499 -0.0091708678742141864 -0.00033601319647553064 0.0044570386209332761 -0.010234194944397999 -0.0080784360760151538 0.063793040503343321 -0.0024774428767928049 0.010447233196358046 -0.0063713763999416863 -0.054903153049957978 0.0019757888430938964 0.012485907225535428 -0.024727807164979989 -0.010127076999815948
leaf_weight=45754.98734164983 10005.798127405345 1826154.1926236823 10909.759326279163 30475.566766828299 2645.9226607829332 13772.310219407082 689.06078153848648 13767.701623424888 15419.166780695319 5019.8322582989931 2078.6606586277485 380.87655273079872 69906.799601227045 19235.683549568057 5656.6461551636457 11697.077997982502 9147.2746990025043 55975.19844430685 185572.11829815805 23515.015601098537 28161.965015664697 1042.2120332270861 4005.1739967763424 29013.591903552413 183108.0216280669 5253.4385386109352 124609.95407451689 5878.3421313166618 921.99665223062038 24649.444745898247
leaf_count=125726 34999 5240145 34655 87154 6378 46496 2451 31674 55035 16425 6030 1551 210646 50451 17754 29109 27791 161943 530766 72087 86155 2160 12377 79719 547609 18387 369320 15842 2865 76838
internal_value=0.000775347 0.00135736 -0.000375904 -0.001168 -0.000216275 -0.00626108 0.00928058 0.0208458 -0.00401086 -0.00132586 -0.0182418 -0.000428875 0.00406319 0.000622845 0.0120441 0.00103436 0.0115925 -0.00257383 -0.00102554 0.0017855 0.00310155 0.00478879 -0.00282002 -0.00524864 -0.0040709 -0.0322276 0.00071933 0.00508699 0.0309086 -2.296e-05
internal_weight=2.76442e+06 1.83616e+06 928264 787710 663690 124019 52113.5 21638 110247 92749.1 17497.8 6948.28 140554 94799.1 24892.3 81839.4 20844.4 60995 611577 238291 214776 186614 373286 221380 212122 9258.61 151905 6567.4 14689.7 149259
internal_count=8000538 5275144 2725394 2320817 1943333 377484 141537 54383 330988 269923 61065 19844 404577 278851 68205 235268 56900 178368 1801796 691168 619081 532926 1110628 658092 627328 30764 452536 18293 34539 446158
is_linear=0
shrinkage=0.05


Tree=82
num_leaves=31
num_cat=0
split_feature=54 54 55 37 85 55 30 85 38 46 37 26 55 8 25 25 86 54 48 62 21 46 54 55 85 86 54 54 7 90
split_gain=761.107 1974.15 1759.28 1591.94 2081.96 1824.21 1494.25 1305.65 1996.98 1758.22 1778.99 1635.46 1529.47 1332.41 1303.09 1263.39 1462.11 1256.94 1376.11 1262.86 1241.58 1230.07 1202.82 2027.73 1229.38 3539.01 1196.75 1565.6 2637.91 1469.76
threshold=2462.5000000000005 787.50000000000011 7467.5000000000009 4.9898209571838388 0.90000000596046459 1057.5000000000002 0.50749999284744274 0.90000000596046459 7.6027548313140878 0.097718957811594023 -10.82169723510742 2.3122813701629643 9942.5000000000018 0.0091420183889567869 5.3437049388885507 0.68307533860206615 6.0000000000000009 1517.5000000000002 -0.24825246632099149 28.38668251037598 5.5000000000000009 0.25772292912006384 1357.5000000000002 6277.5000000000009 0.90000000596046459 6.0000000000000009 4107.5000000000009 5037.5000000000009 -0.0013568648137152193 5211.0100097656259
decision_type=2 2 2 2 2 2 2 2 2 2 2 2 2 2 2 2 2 2 2 2 2 2 2 2 2 2 2 2 2 2
left_child=1 2 -1 4 6 -5 21 8 12 -9 -11 -12 15 20 -10 -4 -17 -6 -19 -20 -14 -3 23 24 25 -7 -2 28 29 -28
right_child=26 3 7 5 17 22 -8 9 14 10 11 -13 13 -15 -16 16 -18 18 19 -21 -22 -23 -24 -25 -26 -27 27 -29 -30 -31
leaf_value=0.021753801430974277 0.0062617688657697059 -0.023339586138074103 0.016769481337578118 -0.039372769621443565 -0.020039088901256601 0.063189080869328659 -0.043634926332039498 0.035707029513011482 -0.043748871614506246 0.080803815968243861 -0.0071134009592697363 0.093214371686359654 -0.024596771095744131 0.066062432766692256 0.058795063220822778 -0.001391853301739045 -0.055968332254887579 0.042627737315223742 -0.036384937562211429 0.0156024394369155 0.014039862852399021 0.025931392990735266 0.0030567266967090508 -0.019026243945163029 0.059918811643941076 -0.092048768157186378 -0.039583592580363175 0.00088254692849935748 -0.0016982788341877424 0.012635582814291569
leaf_weight=12144.036047562957 101453.28937579691 5974.8881344944239 1768.4730005115271 3256.5515257120132 5492.1711762100458 832.20719121396542 8265.3129513412714 4962.241966560483 4399.4819662123919 656.13582780957222 11771.535935029387 419.71161642670631 2694.1710012108088 972.91122284531593 332.37898236513138 2160.988889798522 2839.6640990078449 2402.0734607428312 1837.3794451355934 3203.1016787141562 9098.0381548702717 1606.513699606061 48796.54414345324 15635.218064174056 1410.8912603706121 655.33385360240936 8440.5292564183474 2468693.6395279542 30436.822350546718 1602.7842836678028
leaf_count=30854 286543 21611 4730 11402 18659 1830 33016 12137 15808 1161 36354 745 8814 1882 733 6800 10202 5666 6600 9063 24481 4319 140184 51314 2967 2694 29311 7126800 89296 4562
internal_value=0.000736636 -0.00268393 0.00499003 -0.00687125 -0.016782 -0.00282992 -0.028931 0.000151097 -0.00739427 0.010432 0.000667219 -0.00365162 -0.000333887 0.00985387 -0.0365339 -0.0195452 -0.0323896 -0.00189654 0.0114918 -0.00335071 0.00521077 -0.0128963 -0.00106183 -0.0119053 0.0264996 -0.00521324 0.000937877 0.000722612 -0.00903071 -0.0312492
internal_weight=2.76422e+06 153588 54219.8 99368.2 28781.4 70586.7 15846.7 42075.7 24266.1 17809.6 12847.4 12191.2 19534.2 12765.1 4731.86 6769.13 5000.65 12934.7 7442.55 5040.48 11792.2 7581.4 67330.2 18533.7 2898.43 1487.54 2.61063e+06 2.50917e+06 40480.1 10043.3
internal_count=8000538 464026 154701 309325 98934 210391 58946 123847 73450 50397 38260 37099 56909 35177 16541 21732 17002 39988 21329 15663 33295 25930 198989 58805 7491 4524 7536512 7249969 123169 33873
is_linear=0
shrinkage=0.05


Tree=83
num_leaves=31
num_cat=0
split_feature=79 79 79 77 85 73 86 77 62 25 42 13 99 99 49 49 25 85 38 12 55 25 29 55 55 55 85 55 22 29
split_gain=723.331 808.19 609.433 609.116 1052.54 590.061 655.894 547.241 545.204 556.568 518.846 647.68 481.039 763.781 943.665 845.738 746.704 1098.5 933.746 707.642 722.301 566.726 539.82 677.581 493.456 461.036 930.625 1243.95 868.331 706.094
threshold=5.1673452854156503 3.0803061723709111 6.4956810474395761 1.5000000000000002 0.90000000596046459 1.0784353613853457 6.0000000000000009 1.0304679572582247 25.212055206298832 2.7693603038787846 0.99502488970756542 0.036600388586521156 373454.60937500006 350028.71875000006 0.56457334756851207 -0.74455857276916493 2.9369496107101445 0.90000000596046459 11.79667377471924 0.028421714901924137 20457.500000000004 1.592602610588074 0.52249997854232799 29647.500000000004 2137.5000000000005 20992.500000000004 0.90000000596046459 1622.5000000000002 2.5000000000000004 0.047500001266598708
decision_type=2 2 2 2 2 2 2 2 2 2 2 2 2 2 2 2 2 2 2 2 2 2 2 2 2 2 2 2 2 2
left_child=1 12 5 4 8 6 -2 -4 10 -10 11 -3 13 -1 15 22 18 -18 -17 -16 21 -21 23 -15 -24 26 27 -14 -28 -27
right_child=2 3 7 -5 -6 -7 -8 -9 9 -11 -12 -13 25 14 19 16 17 -19 -20 20 -22 -23 24 -25 -26 29 28 -29 -30 -31
leaf_value=0.00093399551223025145 -0.069984066095456529 -0.022908881348236765 0.004206896223893585 -0.0030573669825788253 0.0054437629622443888 0.0032880016785381406 -1.8982450512476478e-06 -0.00024628541931044867 -0.0067814262134512351 0.011017263085222058 0.0015142897122941642 0.006032000313646548 -0.072376476488118513 -0.0075575904356520928 -0.032037331685148572 0.0026818728120806649 -0.0028952105318868103 0.061050201522481556 -0.055958296046803552 0.017339206094354496 -0.026943305998505869 -0.018353306863436652 0.0068655054609403944 0.047552300469731024 -0.029482573525115546 0.060293678824301394 -0.036838361596422307 0.0375728067615873 0.021489962518337669 -0.0075377918020961311
leaf_weight=1278738.10934259 578.42870889604092 4970.4788211733103 84744.505172744393 289991.31075248122 71197.324290469289 441453.97563636303 793.40630823373795 371034.7446950376 58936.417863056064 4744.788257740438 92810.034457840025 3162.3244859427214 271.6612876355648 4449.7321658879519 4904.4786739498377 21398.569890365005 1357.2276501953602 1328.0688779503107 700.0954308360815 3036.4665180593729 3021.5728169679642 1753.5023754835129 1148.1010754853487 636.6611624956131 4987.350927144289 420.1676103323698 1201.3249256163836 4568.5063309371471 1358.5674479007721 4306.0265419483185
leaf_count=3695699 2008 18546 213135 1095207 180661 1114635 2034 957252 202705 15317 307921 10300 1022 13879 17598 63462 4043 2710 2706 8661 10592 5854 3256 1471 17166 950 4215 10335 3581 13617
internal_value=0.000699809 0.000138412 0.0018652 -0.00152274 0.000364387 0.00318622 -0.0295427 0.000581705 -0.00183235 -0.00545504 0.000453053 -0.0116557 0.00079045 0.000699883 -0.00544434 -0.00130874 0.00384755 0.0287394 0.000821452 -0.017153 -0.00780434 0.00427081 -0.0126964 -0.000650541 -0.0226801 0.0107035 0.018494 0.031387 -0.00588452 -0.00149491
internal_weight=2.764e+06 1.8654e+06 898605 525813 235821 442826 1371.84 455779 164624 63681.2 100943 8132.8 1.33959e+06 1.32746e+06 48721.8 36005.8 24784 2685.3 22098.7 12716 7811.54 4789.97 11221.8 5086.39 6135.45 12126.3 7400.06 4840.17 2559.89 4726.19
internal_count=8000538 5711474 2289064 1830657 735450 1118677 4042 1170387 554789 218022 336767 28846 3880817 3847097 151398 108693 72921 6753 66168 42705 25107 14515 35772 15350 20422 33720 19153 11357 7796 14567
is_linear=0
shrinkage=0.05


Tree=84
num_leaves=31
num_cat=0
split_feature=49 55 42 37 87 37 54 55 87 94 54 50 38 81 49 87 54 86 30 86 54 90 8 25 22 42 54 25 54 87
split_gain=700.217 1614.06 1547.81 1465.36 2011.22 1478.92 1809.53 1825.53 1533.57 2993 2097.21 2056.47 1566.54 1457.45 1251.88 1697.06 1904.39 1169.25 1129.52 1068.69 1032.56 2711.16 1372.77 1391.68 3584.76 1302.06 1277.92 1530.91 1126.56 2827.17
threshold=0.20576497167348864 15637.500000000002 1.0078312754631045 21.874410629272464 1.0000000180025095e-35 4.3521208763122567 4107.5000000000009 29647.500000000004 1.0000000180025095e-35 4451.1149902343759 11712.500000000002 -282.49999999999994 -7.200303077697753 1.0000000180025095e-35 -0.79989895224571217 1.0000000180025095e-35 3907.5000000000005 6.0000000000000009 0.017499999608844522 6.0000000000000009 307125.00000000006 3269.1750488281255 -0.01076848618686199 2.5903633832931523 2.5000000000000004 0.99109917879104625 304587.50000000006 0.9010223150253297 8797.5000000000018 1.0000000180025095e-35
decision_type=2 2 2 2 2 2 2 2 2 2 2 2 2 2 2 2 2 2 2 2 2 2 2 2 2 2 2 2 2 2
left_child=1 18 3 5 -5 8 13 -8 11 10 -10 -3 -11 17 -4 16 -16 -7 -1 -6 26 22 -22 25 -25 -24 28 -28 -20 -30
right_child=-2 2 14 4 19 6 7 -9 9 12 -12 -13 -14 -15 15 -17 -18 -19 20 -21 21 -23 23 24 -26 -27 27 -29 29 -31
leaf_value=-0.01172970394346959 -0.00028152323294790759 0.01255064081514745 0.031766719399808921 -0.00031927820112325595 -0.018750936358723141 -0.0049634064312695583 -0.005823302351392807 -0.069894524861987647 -0.011773938952491006 -0.054031636631021202 0.040669864323549312 -0.021841908272078454 -0.019711659787965172 -0.018570095882025999 -0.015223977070827911 -0.018742748561234517 0.051588915116289692 0.023521451738149915 -0.0010327409108123176 -0.062492748754064756 -0.022750869007630767 -0.0087442305593572797 -0.01420156949365306 -0.016380657090902678 0.035885088178511507 0.001746510138869396 -0.0071987749181975803 0.038889180708364703 -0.00033620824045076157 0.0064300998530176781
leaf_weight=15374.159669563174 1144541.2378608435 11620.141908198595 4713.7263821065426 4692.4004657417536 2382.080417111516 4763.0579460561275 14540.864462271333 1202.8338520973921 8434.9617629796267 6056.4117394089699 2461.8526624292135 6942.3267594128847 7376.6360336095095 3472.5000991523266 1845.3507569730282 5279.7843034416437 2524.5997770726681 14778.889154195786 147721.33355411887 3378.8064614832401 5762.2938887029886 71512.699071794748 13082.92615288496 5106.4760027229786 9171.8237206935883 586292.27609704435 2747.6666895151138 5230.9622788578272 252275.39427888393 397821.69413354993
leaf_count=46979 3366572 32805 11526 14189 8246 14902 44075 4731 26920 25197 5683 23040 24223 11322 5863 16901 5698 36706 428751 12462 18747 213553 40745 15932 22013 1681913 8272 12384 739069 1081119
internal_value=0.000665009 0.00133434 -0.00461604 -0.00699682 -0.0246221 -0.00474001 0.00233886 -0.0107229 -0.0111366 -0.0193944 7.65644e-05 -0.000312319 -0.0351884 0.0112744 0.0106495 0.000331347 0.0233769 0.0165785 0.00175331 -0.0444131 0.00189181 0.000473553 0.00153778 0.0017659 0.0171926 0.00139837 0.00310789 0.0230179 0.00290875 0.00380438
internal_weight=2.76311e+06 1.61857e+06 106467 92103.8 10453.3 81650.5 38758.1 15743.7 42892.3 24329.9 10896.8 18562.5 13433 23014.4 14363.5 9649.73 4369.95 19541.9 1.5121e+06 5760.89 1.49673e+06 690928 619416 613654 14278.3 599375 805797 7978.63 797818 650097
internal_count=8000538 4633966 324489 284501 34897 249604 111736 48806 137868 82023 32603 55845 49420 62930 39988 28462 11561 51608 4309477 20708 4262498 1992903 1779350 1760603 37945 1722658 2269595 20656 2248939 1820188
is_linear=0
shrinkage=0.05


Tree=85
num_leaves=31
num_cat=0
split_feature=90 100 49 49 31 54 22 29 54 35 13 13 12 85 62 8 22 36 54 85 85 86 48 30 54 65 77 77 49 54
split_gain=689.84 1285.98 1315.37 836.908 958.733 993.508 993.891 858.26 863.106 974.183 851.307 828.281 806.796 802.25 1114.47 1080.51 943.682 730.248 776.176 2910.75 1900.79 1895.22 1010.35 1295.53 1003.05 958.619 931.853 916.298 1454.38 837.36
threshold=5186.0429687500009 350028.71875000006 0.5464349389076234 -0.74455857276916493 367.43959045410162 1822.5000000000002 2.5000000000000004 0.52249997854232799 2912.5000000000005 0.20993684232234958 0.02250665053725243 0.041325617581605918 0.028421714901924137 0.90000000596046459 24.205813407897953 0.010036508087068798 1.0000000180025095e-35 -10.180565834045408 2912.5000000000005 0.90000000596046459 0.90000000596046459 6.0000000000000009 0.78661888837814342 0.417499989271164 10637.500000000002 0.082438778132200255 1.5000000000000002 1.5000000000000002 -0.79989895224571217 1517.5000000000002
decision_type=2 2 2 2 2 2 2 2 2 2 2 2 2 2 2 2 2 2 2 2 2 2 2 2 2 2 2 2 2 2
left_child=1 -1 3 7 5 6 -5 8 9 -3 -7 -6 -4 15 -15 -14 -16 -2 19 21 24 26 23 -22 -20 -26 -19 -21 -29 -23
right_child=17 2 12 4 11 10 -8 -9 -10 -11 -12 -13 13 14 16 -17 -18 18 20 27 22 29 -24 -25 25 -27 -28 28 -30 -31
leaf_value=0.00074893393696222343 0.030027901695985428 0.043772764758778039 -0.02600675060105051 -0.019675962612121563 -0.0026714383446802929 -0.025919702499450803 0.011413602935782516 -0.018963201221707401 -0.016384670165365302 -0.00047993281611133278 0.01538608976687411 -0.033468056598286611 -0.022674471869334422 0.027873263709779068 -0.082786598457734409 0.045260837695199015 -0.0038334034651999211 -0.043607709629712443 -0.037875747726159592 0.025021276945607775 -0.057004294195770411 -0.088157359785959621 0.052418367799072996 0.019151604288637623 -0.032442577272319049 0.026006518251063 0.036600945383785159 0.033109208917533425 -0.076900163571921518 0.064405706994750275
leaf_weight=2647919.481035307 3582.7481170147657 1828.3018000423908 10045.858901754022 5786.6731736809015 10334.887965142727 1326.7472219914198 4623.845565751195 11599.694262266159 4095.7098867446184 3883.9111685007811 20617.367756977677 2767.280799716711 7957.7818888276815 3005.8069682121277 432.92910760641098 630.79441665112972 2963.2606112360954 807.77184875309467 3653.706732198596 562.11639109253883 681.1757550239563 91.573706120252609 1634.6618828624487 3077.7317976504564 1204.3515017330647 1677.1862878650427 654.67631575465202 400.94771695137024 1191.181222781539 3329.7889950573444
leaf_count=7658295 8709 4258 34452 18803 30749 4368 12980 37280 12966 11445 55432 9687 26448 8005 1810 1443 9189 2774 12833 1267 2586 349 3730 8277 4036 4221 1501 1044 4925 5942
internal_value=0.000618812 0.000547126 -0.00526742 -0.00160691 0.00223182 0.00685273 -0.00586724 -0.00975801 0.00112916 0.0136883 0.0128874 -0.00917837 -0.0150428 -0.00769384 0.00570246 -0.0176796 -0.0139208 0.00932816 0.00541644 0.0185834 -0.00235261 0.0399372 0.019615 0.00533808 -0.0204836 0.00157294 -0.00769779 -0.0298207 -0.0491898 0.0602963
internal_weight=2.76237e+06 2.73982e+06 91900.9 66864.4 45456.8 32354.6 10410.5 21407.6 9807.92 5712.21 21944.1 13102.2 25036.4 14990.6 6402 8588.58 3396.19 22549.6 18966.9 7038.06 11928.8 4883.81 5393.57 3758.91 6535.24 2881.54 1462.45 2154.25 1592.13 3421.36
internal_count=7999804 7937610 279315 197968 132019 91583 31783 65949 28669 15703 59800 40436 81347 46895 19004 27891 10999 62194 53485 17802 35683 10566 14593 10863 21090 8257 4275 7236 5969 6291
is_linear=0
shrinkage=0.05


Tree=86
num_leaves=31
num_cat=0
split_feature=30 39 37 48 6 46 42 65 25 42 25 87 54 97 25 99 28 46 13 25 100 36 90 54 46 22 90 26 39 87
split_gain=667.631 1164.26 1862.44 1320.3 1296.47 1212.3 1789.07 1316.37 1230.66 1153.57 1084.3 1605.75 1207.58 1053.18 1023.72 1461.87 1432.87 1416.58 949.281 1454.76 1321.87 959.05 941.647 935.712 1089.55 1007.11 987.194 1734.9 1312.76 2252.79
threshold=0.14249999821186068 -2.9650326967239375 -2.6382781267166133 0.96298784017562877 0.0036517698317766194 0.06071011349558831 1.0024354457855227 0.52509704232215892 0.66790914535522472 1.0142232179641726 0.84974151849746715 1.0000000180025095e-35 237137.50000000003 -4.4690701961517325 0.36613479256629949 177835.60156250003 0.075000001117587103 0.051825247704982765 0.013684390578418972 1.0538271069526675 273963.42187500006 -25.200055122375485 3646.4465332031255 609877.50000000012 0.077811643481254592 1.0000000180025095e-35 2460.950073242188 0.34033760428428655 18.310605049133304 1.0000000180025095e-35
decision_type=2 2 2 2 2 2 2 2 2 2 2 2 2 2 2 2 2 2 2 2 2 2 2 2 2 2 2 2 2 2
left_child=9 2 4 13 -2 6 8 -7 14 23 11 -10 22 -4 15 16 -3 -16 -5 20 21 -20 -12 24 -1 -26 27 -25 29 -28
right_child=1 5 3 18 -6 7 -8 -9 10 -11 12 -13 -14 -15 17 -17 -18 -19 19 -21 -22 -23 -24 26 25 -27 28 -29 -30 -31
leaf_value=-0.0034112840885109396 -0.0098530663042805181 -0.023745690969277117 0.0092653084164492847 0.017348309673958992 0.032908305995807824 0.0020707234778301609 -0.010352123661678392 -0.0010730414682571395 -0.00020826937006677775 -0.022228271923199559 -0.047409088195324196 -0.031954706925066287 0.0052100611223559806 0.0018595169729393431 0.014465186240016274 0.019250346763014736 -0.0019807700749463618 -4.8514294615323514e-05 0.032891744334527594 0.020651326906101969 0.022420928390016536 -0.007523021161053297 0.00942357350257725 0.00997247801817569 -0.0092826598751459093 0.0041792657379737374 -0.003285590731511509 -0.022868432130810464 -0.0076596457755284258 0.01925451251078393
leaf_weight=288729.34587305784 37336.77757807076 8635.447618752718 53262.58060323447 26581.915380775928 1859.8816504925489 827411.87645267695 62023.381680011749 557223.22405342013 6960.4079765379429 6369.9981309771538 2165.6153672486544 9312.1841074675322 15271.818983227015 486454.24257311225 28468.464453712106 7021.456067726016 60788.111757799983 41056.935477390885 1562.6006876826286 11269.819445863366 5284.2616949081421 23982.457904398441 1097.6687946170568 7924.1662145331502 16123.108075082302 100407.77327868342 17533.212040662766 8163.134933963418 11803.151327207685 30139.81928101182
leaf_count=862820 114638 27987 147042 70573 4559 2372954 190374 1622117 20828 21013 7632 30469 43230 1393406 76986 18821 179327 118772 3833 29492 13674 71435 3074 22753 49398 288416 53287 27710 36104 77080
internal_value=0.000587899 0.000947622 0.00274071 0.00342131 -0.00782312 0.000234107 -0.00302474 0.000805564 -0.000510707 -0.00109187 -0.00895872 -0.0183767 -0.000689549 0.00259039 0.0015038 -0.00248938 -0.00468844 0.00589444 0.00995075 0.00527942 -0.000340186 -0.00504945 -0.0282938 -0.000811798 -0.00176425 0.00231658 0.00429624 -0.00669197 0.00726852 0.0109647
internal_weight=2.76222e+06 2.27503e+06 647595 608398 39196.7 1.62744e+06 242801 1.38464e+06 180778 487194 34807.7 16272.6 18535.1 539717 145970 76445 69423.6 69525.4 68681.1 42099.1 30829.3 25545.1 3263.28 480824 405260 116531 75563.5 16087.3 59476.2 47673
internal_count=7999804 6561223 1848652 1729455 119197 4712571 717500 3995071 527126 1438581 105233 51297 53936 1540448 421893 226135 207314 195758 189007 118434 88942 75268 10706 1417568 1200634 337814 216934 50463 166471 130367
is_linear=0
shrinkage=0.05


Tree=87
num_leaves=31
num_cat=0
split_feature=22 36 37 50 25 90 90 55 48 41 50 44 25 35 50 46 55 39 85 46 50 42 54 30 46 50 55 85 36 85
split_gain=649.062 1875.74 3018.84 1732.78 2310.49 1613.38 3240.71 2030.35 1967.52 2489.07 1740.9 1598.34 1341.1 1980.45 3233.55 1713.84 1564.76 1545.81 2254.32 3184.8 2765.16 1470.34 1426.49 1842.58 1560.52 1765.68 1482.3 1425.15 1367.45 1324.36
threshold=1.5000000000000002 -0.75906735658645619 -2.3466914892196651 -272.49999999999994 0.84224268794059765 3128.3024902343755 2711.730102539063 -711117.49999999988 -0.3317298144102096 1.004550635814667 182.50000000000003 1.0016838908195498 0.92481735348701488 3.3272349834442143 -417.49999999999994 0.055555563420057304 -518937.49999999994 -5.6439044475555411 0.90000000596046459 0.072584085166454329 -1.0000000180025095e-35 1.0051579475402834 21412.500000000004 0.8725000023841859 0.16394206881523135 -632.49999999999989 7132.5000000000009 0.90000000596046459 -15.52341842651367 0.90000000596046459
decision_type=2 2 2 2 2 2 2 2 2 2 2 2 2 2 2 2 2 2 2 2 2 2 2 2 2 2 2 2 2 2
left_child=1 2 3 -1 -5 6 7 -3 9 -8 11 -10 13 17 -15 16 -14 18 20 -20 -4 28 23 26 25 -24 -17 -25 -19 -18
right_child=-2 5 12 4 -6 -7 8 -9 10 -11 -12 -13 15 14 -16 22 29 21 19 -21 -22 -23 24 27 -26 -27 -28 -29 -30 -31
leaf_value=-0.0015035054059645879 5.2695533560459313e-05 0.014130602413396498 -0.00050921433217962324 0.017775382259434768 -0.028244500756015756 -0.0047701601003611888 0.014161727578532235 -0.013961310474431983 0.0061951068297633992 0.057513339445362181 0.028355348122650337 -0.024865417381486173 0.014964406004864705 -0.035202066309153242 -0.00076155977888405684 0.014919868923731532 -0.026636855761032131 -0.0063985140472798243 -0.011697133199692688 0.042689277703036807 0.031507442287176425 -0.032895241953765891 0.0061941205266391386 -0.029720267698127051 -0.005425472479545437 0.019216430529489053 -0.000337566406633091 0.005456459862497879 0.0053871086552254085 0.0027015600869755322
leaf_weight=92565.465751826763 1924079.7992123812 8253.9392952919006 10115.18315641582 3419.4758339673281 13461.797745369375 165987.6029522717 28538.216645032167 29125.734485164285 9261.8877610862255 3744.9955346882343 4184.9063598364592 7490.6138006597757 6702.4358140751719 8150.4171915352345 41578.861455440521 31820.515147075057 8861.8944251388311 30982.784521073103 14475.497813895345 3305.6271206587553 20230.990192495286 2912.9973767697811 41163.397480964661 6569.2202486544847 10854.610622361302 70815.230923324823 31852.861721917987 5124.6991969197989 119675.34167009592 6795.3115411549807
leaf_count=272735 5597665 22425 28287 9304 45065 493490 76382 89676 25811 7831 10678 24102 18196 27554 120306 85013 28641 92561 45092 7909 48242 9823 115502 21232 31300 183178 92390 14409 335246 19759
internal_value=0.000558534 0.00171992 0.00329136 -0.00419035 -0.0189219 -0.00184097 0.0035255 -0.00775789 0.0114505 0.0191925 -0.00048689 -0.00769347 0.00502626 0.00252995 -0.00640691 0.00787189 -0.00525012 0.0047334 0.0125524 -0.00158423 0.0208356 0.00228292 0.00935227 0.00393686 0.0126749 0.0144296 0.00728731 -0.014305 0.00296334 -0.0139041
internal_weight=2.7621e+06 838023 581435 109447 16881.3 256588 90600.3 37379.7 53220.6 32283.2 20937.4 16752.5 471988 251428 49729.3 220560 22359.6 201698 48127.3 17781.1 30346.2 153571 198201 75367.3 122833 111979 63673.4 11693.9 150658 15657.2
internal_count=7999804 2402139 1651744 327104 54369 750395 256905 112101 144804 84213 60591 49913 1324640 715020 147860 609620 66596 567160 129530 53001 76529 437630 543024 213044 329980 298680 177403 35641 427807 48400
is_linear=0
shrinkage=0.05


Tree=88
num_leaves=31
num_cat=0
split_feature=90 100 49 49 31 53 48 13 62 55 12 85 46 43 62 90 86 42 38 55 85 55 35 86 9 77 73 85 48 86
split_gain=635.812 1169.81 1176.85 760.355 859.898 1092.05 847.213 740.628 740.628 796.212 727.278 725.842 1382.22 1012.83 878.998 759.777 1526.66 1132.91 735.681 665.08 2314.54 1997.41 1313.64 1261.96 1154.13 1405.25 927.119 889.611 1458.03 1388.74
threshold=5186.0429687500009 350028.71875000006 0.5464349389076234 -0.74455857276916493 367.43959045410162 0.87837970256805431 -0.83743050694465626 0.041325617581605918 31.536746025085453 29647.500000000004 0.028421714901924137 0.90000000596046459 0.1875342130661011 0.98822188377380382 24.205813407897953 5058.8049316406259 6.0000000000000009 1.0074744224548342 8.3714823722839373 7132.5000000000009 0.90000000596046459 1622.5000000000002 -8.8305778503417951 6.0000000000000009 0.36965300142765051 1.5000000000000002 6.0383810997009286 0.90000000596046459 0.66746801137924205 6.0000000000000009
decision_type=2 2 2 2 2 2 2 2 2 2 2 2 2 2 2 2 2 2 2 2 2 2 2 2 2 2 2 2 2 2
left_child=1 -1 3 8 5 -5 -7 -6 9 -3 -4 13 14 -12 -13 17 -17 -15 -16 20 21 -2 -23 26 25 -22 -24 28 -21 -30
right_child=19 2 10 4 7 6 -8 -9 -10 -11 11 12 -14 15 18 16 -18 -19 -20 27 24 22 23 -25 -26 -27 -28 -29 29 -31
leaf_value=0.00065437107483199818 -0.061613199957475412 -0.0087842083392697026 -0.024765061078214003 0.011400044374632786 -0.0026263289159168808 -0.033833711563586943 0.001822100218583233 -0.031776156461892802 -0.028106526913389687 0.024127204530716723 0.080882817013870068 0.041834144209930452 -0.033092559450844647 0.013471200875855453 0.0079111634182800657 -0.00022385490442698968 -0.053832275498318732 -0.076426316024435906 -0.082056412137762894 0.003237726914598461 0.028265529809816482 -0.084395899327704568 -0.058222264962133598 0.062271586207074063 0.011620527391330723 -0.07797586733023229 0.030170967726639804 0.016280202629360651 -0.00050701244323700725 -0.086927113926380264
leaf_weight=2647643.6863267645 493.41050098836422 15066.500038042665 10022.703226223588 24980.788794502616 10334.507062226534 2545.8583892434835 4815.9068440645933 2760.5164505839348 4239.6290016025305 2091.9448120892048 256.05271346867085 2261.3451777696609 1709.855825856328 2486.1024013757706 2176.1856406480074 2319.4731281846762 3106.6760907620192 406.9422347843647 252.70219722390175 5077.9363954216242 434.36610908806324 195.81221111118793 366.21393586695194 4176.4682002663612 1761.5344744622707 1092.711036875844 1542.7851361632347 5452.9801055192947 840.84512807428837 1039.0085633397102
leaf_count=7658295 1781 46131 34452 68633 30749 8877 14073 9687 14396 5422 441 5618 5866 6878 6447 7614 11332 1626 1073 14976 959 733 1343 7502 4749 4598 3667 14978 2747 4161
internal_value=0.000530658 0.000461942 -0.00508585 -0.00162407 0.00203562 0.00641243 -0.0105107 -0.00877364 -0.0093952 -0.00477021 -0.0143407 -0.00736241 0.00537844 -0.0168716 0.0194084 -0.0198903 -0.0309219 0.000802245 -0.00147695 0.00890615 0.0184575 0.0351629 0.0427743 0.0468802 -0.015955 -0.0477543 0.0131898 0.00116014 -0.0106897 -0.0482955
internal_weight=2.76195e+06 2.73948e+06 91833.7 66835.7 45437.6 32342.6 7361.77 13095 21398.1 17158.4 24998 14975.3 6400.09 8575.25 4690.23 8319.19 5426.15 2893.04 2428.89 22474.1 10063.3 6774.69 6281.28 6085.47 3288.61 1527.08 1909 12410.8 6957.79 1879.85
internal_count=7999804 7937610 279315 197968 132019 91583 22950 40436 65949 51553 81347 46895 19004 27891 13138 27450 18946 8504 7520 62194 25332 15026 13245 12512 10306 5557 5010 36862 21884 6908
is_linear=0
shrinkage=0.05


Tree=89
num_leaves=31
num_cat=0
split_feature=80 80 81 86 54 55 85 78 25 54 55 39 85 104 54 25 55 85 22 90 90 50 25 24 37 25 25 24 90 99
split_gain=600.825 843.925 723.437 808.744 1057.74 3204.88 2272.45 2313.16 1847.21 1539.66 1226.05 1694.69 2257 1182.82 1174.71 1104.42 993.78 825.699 727.368 1298.58 1559.34 1807.73 1167.31 1237.54 1161.27 1004.39 2193.98 1197.61 940.323 896.285
threshold=5.1673452854156503 1.4458661079406741 1.0000000180025095e-35 6.0000000000000009 654727.50000000012 -665312.49999999988 0.90000000596046459 1.5000000000000002 1.9714748263359072 665922.50000000012 -644952.49999999988 -2.5444800853729244 0.90000000596046459 7.6774091720581064 630327.50000000012 0.95267397165298473 -656517.49999999988 0.90000000596046459 1.5000000000000002 4735.4599609375009 4635.9445800781259 -457.49999999999994 3.1509521007537846 59.930778503417976 -8.0158219337463361 2.3387008905410771 2.2274621725082402 27.250121116638187 4620.3125000000009 270648.28125000006
decision_type=2 2 2 2 2 2 2 2 2 2 2 2 2 2 2 2 2 2 2 2 2 2 2 2 2 2 2 2 2 2
left_child=1 -1 3 -3 10 8 16 -8 9 -6 11 12 -5 -12 -15 -13 -7 -10 19 20 22 -22 23 -4 -21 26 -20 28 -27 -28
right_child=-2 2 18 4 5 6 7 -9 17 -11 13 15 -14 14 -16 -17 -18 -19 25 24 21 -23 -24 -25 -26 27 29 -29 -30 -31
leaf_value=0.0020778255238737033 0.0015669916927530223 -0.0021970881913676724 0.0094461323397287238 -0.089807805162548299 -0.071152923176936361 0.031632461748227723 0.038008249713495139 -0.040848149631030978 0.048919265575644341 0.0013360994901092458 0.052802221790233007 0.0088820164181294316 -0.00083997449434132336 -5.7858815554860787e-05 0.0159819948062444 -0.048468795879014537 0.067943733642340548 0.00053463715452851837 -0.0048595777125560631 0.052215338451010944 0.076408446111324774 -0.0092297204200819383 -0.034090011323369813 -0.0051500033091819095 -0.034963089616301672 -0.013536884153487378 0.0019515774140956281 -0.030229342948254908 0.031453266741860275 0.060330096951902917
leaf_weight=384960.98920035362 897553.54292476177 336742.50223618001 30890.488384753466 1594.336686372757 737.37943486869335 5836.0223834812641 1772.0292046815157 1954.8247778266668 2970.6631692498922 92303.219455890357 1067.9204619675875 4256.5828226357698 1288.9573305696249 799697.69083626568 11579.106581375003 1044.601261973381 2785.3683385401964 1254.1039999723434 128532.40408749878 424.67096357047558 1496.7142005860806 1046.5166186243296 2252.5424393936992 27403.396161109209 3727.1143905520439 3909.5072528868914 1024.8292240202427 8206.0130688399076 1651.04983279109 1834.4484580159187
leaf_count=1036502 2290240 1154934 101108 6310 2934 13269 3751 8166 6117 268877 2245 11770 4144 2372248 30488 3794 4992 4006 479627 947 3329 3632 8853 100048 15219 14873 3716 33919 5006 4740
internal_value=0.000504149 -7.56146e-06 -0.000550256 -9.75065e-05 0.000662608 0.00527577 0.0292697 -0.00335235 0.00222932 0.000760786 4.63293e-05 -0.0192078 -0.0500511 0.000240347 0.000171086 -0.00242506 0.0433709 0.0345612 -0.0032507 0.00104828 0.00283099 0.0411774 0.00121952 0.00258457 -0.0260343 -0.00524214 -0.00389575 -0.0180908 -0.000174181 0.0394157
internal_weight=2.7618e+06 1.86425e+06 1.47929e+06 1.26689e+06 930143 109614 12348.2 3726.85 97265.4 93040.6 820529 8184.48 2883.29 812345 811277 5301.18 8621.39 4224.77 212400 67241.4 63089.7 2543.23 60546.4 58293.9 4151.79 145158 131392 13766.6 5560.56 2859.28
internal_count=7999804 5709564 4673062 3898045 2743111 312112 30178 11917 281934 271811 2430999 26018 10454 2404981 2402736 15564 18261 10123 775017 233136 216970 6961 210009 201156 16166 541881 488083 53798 19879 8456
is_linear=0
shrinkage=0.05


Tree=90
num_leaves=31
num_cat=0
split_feature=45 36 36 49 85 24 36 54 54 54 55 39 42 54 85 29 38 43 49 13 13 62 28 30 85 55 13 50 55 55
split_gain=614.838 1000.92 1621.88 1789.68 1662.42 1827.93 1647.16 1773.69 1227.06 1855.17 1441.77 1454.26 1289.15 1246.45 2543.56 1090.52 1058.62 1047.64 1014.99 1012.62 1282.51 957.551 954.689 1207.08 1752.89 1200.73 1170.35 816.965 803.831 923.583
threshold=1.0019297003746035 -1.5967540144920347 -21.36314487457275 0.95032352209091198 0.90000000596046459 60.808053970336921 -28.115893363952633 7452.5000000000009 485925.00000000006 488510.00000000006 -388207.49999999994 5.2265200614929208 1.0064396858215334 326977.50000000006 0.90000000596046459 0.10749999806284906 3.3193084001541142 1.0050640702247622 0.75894212722778331 0.08139673620462419 0.070572763681411757 10.924385070800783 0.87500000000000011 0.95749998092651378 0.90000000596046459 1057.5000000000002 0.030313616618514064 -802.49999999999989 19872.500000000004 9707.5000000000018
decision_type=2 2 2 2 2 2 2 2 2 2 2 2 2 2 2 2 2 2 2 2 2 2 2 2 2 2 2 2 2 2
left_child=28 2 3 4 5 17 -7 -8 10 27 15 13 16 18 -15 -4 -11 -2 -12 20 21 -3 26 25 -25 -24 -23 -10 29 -1
right_child=1 19 8 -5 -6 6 7 -9 9 12 11 -13 -14 14 -16 -17 -18 -19 -20 -21 -22 22 23 24 -26 -27 -28 -29 -30 -31
leaf_value=0.00082675275588450835 0.027275885685740978 -0.020472467921489115 -0.028596316844305227 -0.024843171490705796 -0.0040809617952439134 0.030243158958332874 0.036247486115832672 -0.02417782297660187 0.02380724071685078 0.0035228746220974921 0.00039874453008480627 -0.018478878496314934 -0.043542713192149057 -0.032083626165907667 0.0063132694323690093 0.018482821339914923 -0.013871960655233771 0.070507160121264081 -0.010435857599356451 0.030258930126402572 -0.031019989156473839 0.00072816342919818447 -0.00069148094380888333 0.018305751747437767 -0.0034801173451903438 0.007338807306194621 -0.015864544619675149 -0.078264200141773183 -0.0036163957104754885 0.0049750851632142622
leaf_weight=1863542.991779767 3603.9263982176781 5164.0056860595942 1377.2462339103222 3716.421929448843 10022.428973376751 5306.9540861994028 1665.5541055798531 4475.7156185954809 226.89468064904213 13568.210431404412 139545.30352891982 15708.768392950296 2682.6175120696425 9867.498973891139 7660.890102788806 11439.391831144691 24608.477869778872 2295.0224718749523 25577.095578223467 2905.7494785636663 3171.9695734083652 27834.746777698398 219785.18088108301 25190.722955495119 14573.887255892158 59057.881943687797 17188.983243465424 1418.5298553109169 93535.848085433245 144583.93672274053
leaf_count=5370472 9258 16640 4581 12290 30657 12700 3970 14270 609 39102 404083 49875 9685 32597 22225 30276 77236 4346 79887 7079 10761 80418 643879 64914 44010 167342 53796 5663 287307 410443
internal_value=0.000496402 -0.000835338 -0.00307001 0.00770921 0.0121303 0.0214964 0.0098435 -0.00778602 -0.00439094 -0.012142 -0.00283076 -0.00388097 -0.0100447 -0.00262536 -0.0153023 0.0134216 -0.00768968 0.0441052 -0.00127953 0.000862188 0.000632451 0.000904787 0.00120844 0.00217154 0.0103211 0.00100931 -0.00560664 -0.0641802 0.000914393 0.00112544
internal_weight=2.7613e+06 659640 284767 31086 27369.6 17347.2 11448.2 6141.27 253681 42504.7 211176 198360 40859.3 182651 17528.4 12816.6 38176.7 5898.95 165122 374873 371967 368795 363631 318608 39764.6 278843 45023.7 1645.42 2.10166e+06 2.00813e+06
internal_count=8000371 1932149 843310 87491 75201 44544 30940 18240 755819 132295 623524 588667 126023 538792 54822 34857 116338 13604 483970 1088839 1081760 1070999 1054359 920145 108924 811221 134214 6272 6068222 5780915
is_linear=0
shrinkage=0.05


Tree=91
num_leaves=31
num_cat=0
split_feature=79 79 22 36 37 55 90 55 90 36 90 46 49 52 25 26 36 25 42 30 25 28 37 62 55 44 49 36 22 37
split_gain=588.85 747.065 589.617 1941.17 2453.97 1489.16 3036.64 2003.43 1612.35 2616.95 1455.79 2549.35 1692.93 1435.56 2126.25 1154.55 1334.9 1152.01 1064.73 1045.38 1212.18 1266.17 1456.46 1036.09 1000.07 974.228 950.776 1299.43 1779.45 1561.83
threshold=5.1673452854156503 1.4698514342308047 1.5000000000000002 -0.75906735658645619 -2.3466914892196651 -364517.49999999994 2711.730102539063 -711117.49999999988 4041.345092773438 15.620411396026613 2746.911499023438 0.035626558586955077 0.1413247883319855 567.50000000000011 0.84224268794059765 1.0809211134910586 -21.36314487457275 3.2737792730331425 1.0066970586776736 0.90249997377395641 0.54106488823890697 0.72499999403953563 3.7033088207244877 46.71466255187989 -161387.49999999997 0.99162608385086071 0.94331136345863353 -27.430988311767575 3.5000000000000004 19.527900695800785
decision_type=2 2 2 2 2 2 2 2 2 2 2 2 2 2 2 2 2 2 2 2 2 2 2 2 2 2 2 2 2 2
left_child=1 -1 3 4 13 6 7 -5 9 -7 11 -8 -12 23 -15 18 -17 -16 25 26 -21 22 -22 -3 -11 -6 27 28 -4 -29
right_child=-2 2 19 5 15 8 10 -9 -10 24 12 -13 -14 14 17 16 -18 -19 -20 20 21 -23 -24 -25 -26 -27 -28 29 -30 -31
leaf_value=0.0018911309086983284 0.0015239449986690261 -0.0016424680230522572 -0.00096401876093789177 0.016095055461577839 -0.019036332116423926 -0.024327790146788569 -0.072185545282514016 -0.021646560944478352 -0.0020494711712854287 -0.0050758883066927057 -0.0060536052906693099 0.04248223011931529 0.018527239192747999 0.022412227363631347 -0.044454530731549223 0.02537019900280384 -0.0071755032196738865 0.032439416814765289 -0.029687430086299416 0.025017279249423253 0.0048848302044635517 0.0077864391966265233 -0.0076244284292648727 -0.044135024984948007 0.029439930455488452 0.0072499343167729191 -0.0068725905727673705 -0.0032406211245754042 0.020651315332305756 0.0018980859576179785
leaf_weight=396350.73172020912 897318.14063899219 47397.996274426579 24537.179051756859 4544.7634004503489 3581.8301367759705 26438.059001773596 527.68161076307297 15524.397824302316 45242.466812223196 6397.9936034232378 13744.681193336844 5835.7909785807133 14282.083694860339 1836.7595448195934 6126.2913218662143 3536.7262168079615 28792.790938742459 528.3771008849144 2013.8438409417868 5792.5655901283026 43412.932570025325 54158.200985811651 50144.679874941707 1478.3288041502237 3121.7443863749504 217755.32059402764 86359.405604690313 534423.45764053613 15557.432531654835 204424.14112585783
leaf_count=1067050 2290115 152333 78781 13221 11879 92041 2137 53421 145877 21313 43448 14924 40392 5366 24242 9531 93117 1366 7032 15993 132668 162922 160328 5688 8742 650540 291017 1714953 43598 646336
internal_value=0.000471599 -3.50277e-05 -0.000555253 0.000954916 0.00311983 -0.00404079 0.00235584 -0.0130992 -0.00833092 -0.0162339 0.0113752 0.0329629 0.00647252 -0.0062258 -0.0252007 0.00521677 -0.0036143 -0.0383445 0.00649508 -0.00122037 0.00258218 0.00170221 -0.00181979 -0.00292869 0.00624403 0.00682445 -0.00189497 -0.0013431 0.0074233 -0.00181884
internal_weight=2.76119e+06 1.86387e+06 1.46752e+06 448708 313048 135660 54459.4 20069.2 81200.3 35957.8 34390.2 6363.47 28026.8 57367.8 8491.43 255681 32329.5 6654.67 223351 1.01881e+06 153508 147716 93557.6 48876.3 9519.74 221337 865302 778942 40094.6 738848
internal_count=8000371 5710256 4643206 1396610 961094 435516 167543 66642 267973 122096 100901 17061 83840 188995 30974 772099 102648 25608 669451 3246596 471911 455918 292996 158021 30055 662419 2774685 2483668 122379 2361289
is_linear=0
shrinkage=0.05


Tree=92
num_leaves=31
num_cat=0
split_feature=39 25 87 49 25 30 87 86 55 42 54 90 35 53 50 54 94 25 53 77 54 41 24 39 77 37 24 42 36 25
split_gain=584.624 1783.38 2808.42 1742.65 1970.52 2257.45 1652.04 2604.92 3387.99 3544.26 3006.88 2169.97 4270.08 3436.46 1960.98 2245.41 2035.66 1908.67 1811.08 1747.23 1680.42 1593.81 1583.43 1517.87 1374.4 1341.36 1336.55 1827.81 1481.57 1435.27
threshold=-5.5501620769500724 0.65831434726715099 1.0000000180025095e-35 -0.87137606739997853 1.2392559647560122 0.31250000000000006 1.0000000180025095e-35 6.0000000000000009 -154717.49999999997 0.99752268195152294 564057.50000000012 2718.5854492187505 3.7275630235672002 0.87837970256805431 -167.49999999999997 196127.50000000003 3333.5415039062505 0.53246352076530468 0.87837970256805431 1.5000000000000002 607402.50000000012 1.001991927623749 85.333213806152358 -8.948671340942381 1.5000000000000002 0.22533639520406726 69.20117568969728 1.0029358267784121 21.454422950744632 2.2274621725082402
decision_type=2 2 2 2 2 2 2 2 2 2 2 2 2 2 2 2 2 2 2 2 2 2 2 2 2 2 2 2 2 2
left_child=1 6 26 4 5 -4 14 -8 9 10 25 13 -13 -11 15 16 -1 18 -16 -17 -20 23 -6 -7 -5 -9 -3 29 -29 -28
right_child=-2 2 3 24 22 21 7 8 -10 11 -12 12 -14 -15 17 19 -18 -19 20 -21 -22 -23 -24 -25 -26 -27 27 28 -30 -31
leaf_value=0.063790557239104026 0.0001201313997285577 0.010532300569756764 0.048953958100049932 -0.0016453579390702522 -0.038659159088160297 -0.024065072545959978 -0.0005873120355349902 0.092529301324770705 -0.025170537728191722 0.041676480465997603 -0.081107284542916352 0.021674396417227314 -0.019825907810552656 -0.01254259475766608 -0.0063335956219758129 0.0073885162858769813 -0.015200771063567146 0.022432839796691913 0.0053793448710703932 -0.046762593204538114 0.046835945883377368 0.026782825961450697 0.014252096333570094 0.0085443007755729734 -0.011995091256871065 -0.0069127546629530918 -0.01647810942496919 0.0026278530483043907 0.036246646268997096 0.063842525835931099
leaf_weight=1307.5156307369471 2294700.8531078845 61167.464161075652 3522.902825191617 58406.663620486856 3949.694478020072 5437.4441412389278 42201.966737017035 367.11283594369888 4940.1865740269423 19358.100874990225 1467.4118961542845 35360.375105455518 7514.7526370584965 3441.4358150810003 37687.695820644498 1970.8210724443197 2164.337412238121 10854.543204054236 10840.712829187512 6094.8255593776703 3155.2866829931736 6473.5320264548063 2201.3078122884035 10377.547633141279 71159.146327987313 4303.3526425808668 16490.411770112813 29378.201757289469 3687.7368177622557 574.60434344410896
leaf_count=2727 6662263 173425 7579 168793 13431 17048 128698 569 15280 41265 5534 85819 22469 9824 116122 4897 6765 28908 31426 22526 7563 15833 5760 27982 215027 12153 52856 87214 9410 1205
internal_value=0.000447983 0.00206289 -0.000539267 -0.0047502 0.00570584 0.0117665 0.00574074 0.0093909 0.0148773 0.0176327 -0.0186993 0.0210286 0.0144002 0.0334921 -0.000120847 -0.0190602 0.0145561 0.0033734 -0.000629702 -0.033531 0.0147284 0.00588649 -0.0197233 -0.00266781 -0.00732965 0.000920758 0.00557203 -0.000480246 0.00637838 -0.0137697
internal_weight=2.76056e+06 465857 272827 161528 31962.4 25811.4 193030 118955 76752.7 71812.5 6137.88 65674.7 42875.1 22799.5 74075.7 11537.5 3471.85 62538.2 51683.7 8065.65 13996 22288.5 6151 15815 129566 4670.47 111298 50131 33065.9 17065
internal_count=8000371 1338108 795563 471453 87633 68442 542545 321611 192913 177633 18256 159377 108288 51089 220934 36915 9492 184019 155111 27423 38989 60863 19191 45030 383820 12722 324110 150685 96624 54061
is_linear=0
shrinkage=0.05


Tree=93
num_leaves=31
num_cat=0
split_feature=90 35 50 37 38 42 85 36 86 87 42 43 85 55 55 50 26 12 85 39 63 7 85 35 7 38 42 13 43 37
split_gain=583.953 1020.79 1171.26 1549.65 1210.02 1156.89 856.198 1116.46 737.843 1034.87 2750.19 1723.86 735.471 717.11 1907.92 1619.04 1124.64 1086.01 1018.65 1934.4 1057.31 955.657 1925.36 1753.17 1331.61 955.269 808.233 1129.3 1085.97 807.847
threshold=2397.036499023438 -16.06341457366943 -472.49999999999994 20.747643470764164 -8.586760997772215 0.99465620517730724 0.90000000596046459 -44.855234146118157 6.0000000000000009 1.0000000180025095e-35 0.99913987517356884 0.99994370341300975 0.90000000596046459 -708569.99999999988 -726402.49999999988 -302.49999999999994 -1.0801014900207517 0.0345044992864132 0.90000000596046459 4.5119898319244394 -0.29954242706298823 0.0075020277872681626 0.90000000596046459 3.8114618062973027 -0.0058584332000464192 7.8457372188568124 0.99109917879104625 0.025666149333119396 0.99875912070274364 1.9337163567543032
decision_type=2 2 2 2 2 2 2 2 2 2 2 2 2 2 2 2 2 2 2 2 2 2 2 2 2 2 2 2 2 2
left_child=1 12 3 6 -4 -6 -3 -8 -7 11 -11 -10 -1 14 15 16 -2 18 19 -18 -20 23 -23 24 -16 26 -17 28 -28 -26
right_child=13 2 4 -5 5 8 7 -9 9 10 -12 -13 -14 -15 21 25 17 -19 20 -21 -22 22 -24 -25 29 -27 27 -29 -30 -31
leaf_value=0.051540295723614606 0.025562091211261569 -0.043862043041357934 -0.041913247741177592 0.045362853516717122 0.039731369998297676 -0.024536396749823206 0.081720617523543759 -0.019819546067776833 0.027993711540558831 -0.042243986969374425 0.03458183352753446 -0.031950705435200746 -0.019131751076426132 0.00032643246911421013 -0.025294234558538378 -0.045239035841215108 0.026657767591041905 -0.022914768620897946 0.045639800598539899 -0.0056853737607215175 -0.01109663530789085 0.059338389114741853 -0.020237069084405424 -0.0077924331319259733 0.033239878500442646 -0.042333695224471092 0.0099781252570688775 0.027110214875904926 -0.01296436423797118 0.013895658935201165
leaf_weight=1228.4160805642605 6319.4629133194685 4738.0722453892231 1704.2330245599151 742.58466982841492 1836.6848050504923 2986.7404905557632 294.65994022786617 3207.4078829362988 1764.2085322886705 1517.3325943052769 5003.7356946766376 3740.4454228281975 524.74360364675522 2609881.764441438 1853.1294312626123 1293.1734160631895 10769.106522664428 3716.4654696285725 893.67302480340004 8098.8106070309877 9988.6466398909688 2651.9447823315859 1064.7127898186445 10356.89773337543 7012.1100703924894 1970.9000359028578 6691.1135968267918 2530.1979985684156 22497.910215102136 23448.842338234186
leaf_count=2670 16414 17544 6715 1831 4769 10979 562 11453 4954 5095 11370 13590 1788 7557429 5948 4682 27002 12117 2212 23986 32546 5327 3577 31194 16846 7079 18791 6579 71691 63631
internal_value=0.000425687 -0.00659663 -0.00895239 -0.0237715 -0.00177646 0.00228519 -0.0300071 -0.0112538 -0.00229813 0.00322619 0.0167014 -0.0127364 0.0303855 0.000501003 0.0042614 -0.000680694 0.00621839 0.00256495 0.00574876 0.0127751 -0.00643313 0.0122272 0.0365417 0.0101085 0.0158461 -0.00852705 -0.00650736 -0.00492676 -0.00770484 0.0183498
internal_weight=2.76033e+06 29289.3 27536.1 8982.72 18553.4 16849.1 8240.14 3502.07 15012.5 12025.7 6521.07 5504.65 1753.16 2.73104e+06 121157 74769.5 39786.2 33466.7 29750.2 18867.9 10882.3 46387.6 3716.66 42671 32314.1 34983.3 33012.4 31719.2 29189 30461
internal_count=8000371 93320 88862 31390 57472 50757 29559 12015 45988 35009 16465 18544 4458 7907051 349622 223099 114277 97863 85746 50988 34758 126523 8904 117619 86425 108822 101743 97061 90482 80477
is_linear=0
shrinkage=0.05


Tree=94
num_leaves=31
num_cat=0
split_feature=90 100 49 85 8 65 49 25 85 75 25 62 46 25 25 24 77 48 28 30 55 85 55 35 86 54 77 12 85 48
split_gain=584.509 1014.21 1020.73 656.549 1086.53 748.558 654.549 1008.63 1979.67 1679.6 1143.55 977.826 805.447 725.833 1039.55 723.547 743.169 703.355 809.253 656.266 649.479 2017.42 1901.8 1197.2 1165.74 1094.12 1508.56 893.803 846.954 1287.09
threshold=5186.0429687500009 350028.71875000006 0.5464349389076234 0.90000000596046459 0.010036508087068798 0.037849148735404022 -0.72982063889503468 2.9369496107101445 0.90000000596046459 41.750923156738288 2.2934081554412846 31.725156784057621 0.22058890014886859 1.7581230998039248 1.3198008537292483 31.249051094055179 1.5000000000000002 0.098011311143636717 0.57500001788139354 0.73750001192092907 7132.5000000000009 0.90000000596046459 1622.5000000000002 -8.8305778503417951 6.0000000000000009 2762.5000000000005 1.5000000000000002 0.11541410908102991 0.90000000596046459 0.83743050694465648
decision_type=2 2 2 2 2 2 2 2 2 2 2 2 2 2 2 2 2 2 2 2 2 2 2 2 2 2 2 2 2 2
left_child=1 -1 6 4 -4 -5 13 10 9 -9 -8 -10 -12 14 15 19 -17 18 -16 -3 21 22 -2 -24 -25 26 -23 -27 29 -22
right_child=20 2 3 5 -6 -7 7 8 11 -11 12 -13 -14 -15 17 16 -18 -19 -20 -21 28 25 23 24 -26 27 -28 -29 -30 -31
leaf_value=0.0005174739910701957 -0.061049082371932475 0.027758306085046175 -0.023270402664126961 0.01496783362880681 0.04340192340062609 -0.013385697866932731 0.0020078669083476979 0.016246605995735977 0.074930969920898371 -0.083206225810878054 -0.042266061918959458 -0.0037647102010940989 0.010677037643251409 -0.025525345738128404 0.0044169670321674813 -0.047933870040127821 -0.012327512206256804 -0.0064818027577361942 0.048383189172651345 -0.030463110643489562 -0.00020562580631096461 0.030557286330006695 -0.078245118649004713 0.012582252242129572 0.059922238272473352 0.035847670983894686 -0.075008011270367062 -0.046999524662791718 0.015535169541563421 -0.05447773505401287
leaf_weight=2646127.761177972 491.1741937994957 1525.6165026277304 13878.390256971121 3496.8245606273413 638.26505813002586 6958.016542583704 36486.816428825259 1668.5075549930334 1756.2784980386496 568.29482567310333 2589.8951028287411 508.80925694108009 993.32679882645607 4943.2899519354105 2453.356068983674 2134.0129908025265 4678.1848456114531 3749.2342351078987 1824.9463501572609 707.69877673685551 5642.4940753430128 481.57527194917202 202.57123871147633 1896.5635515600443 4142.6950962990522 1238.8028762042522 1133.4032059311867 440.50004267692566 5478.2850144356489 1353.7793119251728
leaf_count=7658816 1787 3974 47118 10059 1443 22844 105688 4488 3146 2259 9550 1494 3105 16721 7092 7436 14817 11261 4144 2363 16928 1049 749 4990 7553 2967 4830 1489 15082 5129
internal_value=0.000404425 0.000338456 -0.00483515 -0.0134558 -0.0203358 -0.00390131 -0.00160205 0.00188192 0.0243189 -0.00904461 -0.000639309 0.0572574 -0.0275891 -0.00865532 -0.00376931 -0.0153916 -0.0234878 0.00932644 0.0231792 0.00930134 0.00842988 0.0179039 0.03359 0.0410466 0.045061 -0.0141549 -0.0435267 0.0140979 0.000813259 -0.0107143
internal_weight=2.76019e+06 2.73769e+06 91559.8 24971.5 14516.7 10454.8 66588.3 44571.9 4501.89 2236.8 40070 2265.09 3583.22 22016.3 17073 9045.51 6812.2 8027.54 4278.3 2233.32 22501.8 10027.3 6733 6241.83 6039.26 3294.28 1614.98 1679.3 12474.6 6996.27
internal_count=8000371 7937818 279002 81464 48561 32903 197538 129730 11387 6747 118343 4640 12655 67808 51087 28590 22253 22497 11236 6337 62553 25414 15079 13292 12543 10335 5879 4456 37139 22057
is_linear=0
shrinkage=0.05


Tree=95
num_leaves=31
num_cat=0
split_feature=65 39 31 85 55 42 24 21 94 25 25 99 25 25 43 36 36 55 86 94 53 99 35 37 104 55 25 30 85 42
split_gain=574.793 1303.98 1048.05 1061.35 1361.99 1303.08 1180.13 1899.86 1600.66 3486.02 2775.27 1572.63 2370.24 1519.3 1261.15 1258.21 976.488 952.773 956.445 911.45 1247.36 1050.84 1341.76 1311.35 1076.92 1768.74 1422.97 903.743 968.126 1449.15
threshold=0.50971689820289623 -2.7156761884689327 396.53800964355474 0.90000000596046459 -755672.49999999988 1.0125659108161928 69.20117568969728 18.500000000000004 4485.0400390625009 2.9369496107101445 1.8331184387207033 124719.82421875001 3.0570873022079472 6.0779948234558114 0.99882924556732189 6.4633896350860605 3.6859803199768071 12812.500000000002 6.0000000000000009 5130.7700195312509 0.87837970256805431 340597.21875000006 -14.663270950317381 32.981880187988288 8.3137083053588885 29647.500000000004 2.3387008905410771 0.072500001639127745 0.90000000596046459 0.99821114540100109
decision_type=2 2 2 2 2 2 2 2 2 2 2 2 2 2 2 2 2 2 2 2 2 2 2 2 2 2 2 2 2 2
left_child=2 27 3 5 -5 6 7 8 9 -1 -10 16 -13 14 -8 -16 -9 18 -7 21 -21 24 -23 -24 26 -26 -6 28 -2 -30
right_child=1 -3 -4 4 19 17 13 11 10 -11 -12 12 -14 -15 15 -17 -18 -19 -20 20 -22 22 23 -25 25 -27 -28 -29 29 -31
leaf_value=0.0047686520366602174 -0.018676430608145521 -0.001722113127822058 -6.7276758209587072e-05 -0.041000425353101153 0.00031108331861287651 -0.0065065930018338262 -0.020641404876297894 0.016793236073658992 0.0038538038187002745 0.033872458694775225 -0.01932380630956931 -0.018111615131254331 0.011492772336526309 0.077113117891658312 0.01109960160051259 -0.0032550961771171901 -0.035389746183616975 0.025926052419836445 -0.066152376822059863 0.028430696033084693 -0.01043658114364495 0.051330112676617017 -0.020297682000588183 0.035743012316704938 0.0086840627067629669 -0.057795050234896617 -0.014020858764382239 0.0029194168167275881 0.032999076161906185 -0.012062396109405089
leaf_weight=202865.65391859412 10280.785206779838 697594.8155035153 1028269.7565093562 2006.6882272660732 193753.98346732557 1195.6849002838135 3739.5813485532999 8646.1702285408974 44808.91613727808 10837.762720346451 18144.280423052609 29079.719199687243 8808.2850816994905 797.97790411114693 97678.989218518138 18091.653536647558 999.19959814846516 683.42013569176197 1535.1862639039755 6286.7148640006781 3072.3017790615559 775.78891515731812 13829.529056429863 1128.1421344429255 47508.679932534695 1021.0604352205992 19018.123323887587 280907.11291757971 2855.1221240162849 4752.8243650123477
leaf_count=559358 32490 2043009 2999084 7734 573280 3829 11801 22500 125393 24957 58675 91558 23742 1434 263182 52086 3279 1790 5641 16004 9791 1604 45233 2903 134552 3797 59775 800558 7223 15078
internal_value=0.000421748 -0.000538314 0.00096386 0.00240386 3.8102e-05 0.0039271 0.0041635 0.00259401 0.0041806 0.0062448 -0.00282654 -0.00664011 -0.0112289 0.00839264 0.0079331 0.00885632 0.0113838 -0.0268394 -0.0400508 0.000325808 0.0156714 -0.000192645 -0.0127418 -0.0160685 0.000562992 0.00728408 -0.000969979 0.00222547 -0.00867091 0.0048498
internal_weight=2.76097e+06 996391 1.76458e+06 736313 288401 447912 444498 324190 276657 213703 62953.2 47533.4 37888 120308 119510 115771 9645.37 3414.29 2730.87 286394 9359.02 277035 15733.5 14957.7 261302 48529.7 212772 298796 17888.7 7607.95
internal_count=8001340 2898358 5102982 2103898 854673 1249225 1237965 909462 768383 584315 184068 141079 115300 328503 327069 315268 25779 11260 9470 846939 25795 821144 49740 48136 771404 138349 633055 855349 54791 22301
is_linear=0
shrinkage=0.05


Tree=96
num_leaves=31
num_cat=0
split_feature=30 90 6 48 55 55 49 31 53 25 13 30 55 25 12 55 37 8 81 11 90 13 54 42 37 94 90 62 97 25
split_gain=554.12 1360.65 1227.39 1081.94 932.278 1207.97 1397.75 1557.15 1477.95 2013.6 1405.45 1062.4 1001.75 2369.6 2319.44 1942.67 1638.46 1586.5 2665.31 1480.69 1365.66 1392.82 1104.38 1068.2 1739.81 990.417 977.634 1420.44 974.398 984.416
threshold=0.47249999642372137 2397.036499023438 -0.0041142175905406466 -0.91959547996520985 14487.500000000002 30795.000000000004 -0.29026740789413447 585.58822631835949 0.87837970256805431 1.2109597921371462 0.035220516845583923 0.78249999880790722 8627.5000000000018 2.6104377508163457 0.095082912594079985 7132.5000000000009 21.680429458618168 0.0054669003002345571 1.0000000180025095e-35 0.067885927855968489 4994.8999023437509 0.0290683638304472 302.50000000000006 1.0100498795509341 24.233572959899906 4723.8999023437509 4047.2194824218755 22.758896827697757 -0.97018033266067494 1.4921538829803469
decision_type=2 2 2 2 2 2 2 2 2 2 2 2 2 2 2 2 2 2 2 2 2 2 2 2 2 2 2 2 2 2
left_child=3 2 -2 -1 12 6 7 8 9 -6 28 -7 15 22 17 23 20 18 -15 -18 21 -17 -14 -3 -25 -9 27 -24 29 -8
right_child=1 4 -4 -5 5 11 10 25 -10 -11 -12 -13 13 14 -16 16 19 -19 -20 -21 -22 -23 26 24 -26 -27 -28 -29 -30 -31
leaf_value=-0.0042986485237737071 0.014830491520156586 0.0018219057780795207 -0.023640596020965996 0.00017549225182207512 -0.042149155302310171 -0.0034680612015263665 0.033339608595828872 -0.04140642753895446 0.0088069760926132896 -0.007447085976314969 -0.0086865129330256918 0.026702622598955908 -0.051743638979725372 0.044390721438708682 -0.01494179662645055 0.015774237108540461 -0.056942972355131807 0.009087442844006163 -0.02113490941935426 0.058949272691465875 -0.027239997794824097 -0.0086166280849614713 0.0090809080814680636 -0.012237192335774342 0.0088808054357255427 0.010144435992048232 0.0039355301982945106 -0.045416162554676745 0.0019698286821243994 -0.003772562600646177
leaf_weight=153533.23511238396 2633.0234705358744 1174903.7116975784 9738.8217654898763 1126708.1539839357 4904.4805357456207 5727.4166558533907 6193.7986435443163 5726.0652815327048 10680.164103880525 28285.435420714319 19847.052843652666 5946.0234886407852 954.95439159870148 12030.461163654923 4255.3610139489174 7905.78188572824 2702.361105248332 9143.3594060540199 1781.0146890878677 306.04535146057606 6683.3958133012056 22532.390667513013 2283.2812943607569 32538.40655438602 13926.267565622926 1112.160761281848 66260.118320345879 2508.2547745704651 16545.577535696328 2510.5763831064105
leaf_count=457172 7697 3346414 34524 3292576 17677 16847 15364 20786 29910 89549 63059 14788 3492 26827 13574 21129 9840 24892 5974 605 22716 66803 6290 100164 38893 3172 185715 8678 48595 7618
internal_value=0.000400694 0.00105939 -0.0154521 -0.000361069 0.00119854 -0.00328447 -0.00513483 -0.0108302 -0.00737034 -0.0125763 0.00126914 0.0119003 0.00155265 0.00639008 0.0189598 0.00117217 -0.00965236 0.0252451 0.0359398 -0.0451359 -0.00677543 -0.00228105 0.00163991 0.00152784 -0.0059076 -0.0330213 0.00235818 -0.0194495 0.00909475 0.0226357
internal_weight=2.76081e+06 1.48057e+06 12371.8 1.28024e+06 1.46819e+06 107479 95805.3 50708.3 43870.1 33189.9 45097 11673.4 1.36072e+06 99216.8 27210.2 1.2615e+06 40130 22954.8 13811.5 3008.41 37121.6 30438.2 72006.6 1.22137e+06 46464.7 6838.23 71051.7 4791.54 25250 8704.38
internal_count=8001340 4251592 42221 3749748 4209371 327365 295730 161094 137136 107226 134636 31635 3882006 275442 71267 3606564 121093 57693 32801 10445 110648 87932 204175 3485471 139057 23958 200683 14968 71577 22982
is_linear=0
shrinkage=0.05


Tree=97
num_leaves=31
num_cat=0
split_feature=79 79 65 55 39 37 30 31 54 55 22 9 81 46 42 46 42 55 90 29 30 28 13 37 28 48 42 55 13 54
split_gain=559.865 703.955 593.372 1023.8 951.33 876.604 864.083 826.911 990.014 1286.94 880.825 1403.21 754.472 800.02 785.861 751.262 676.536 671.171 910.137 648.747 644.298 907.095 1339.67 684.383 1135.38 704.754 614.273 860.166 597.659 569.07
threshold=5.1673452854156503 1.9771168828010561 0.50971689820289623 -749252.49999999988 -2.6012717485427852 -13.073737144470213 0.072500001639127745 396.53800964355474 1822.5000000000002 6277.5000000000009 1.5000000000000002 0.09352144226431848 1.0000000180025095e-35 0.20846632122993472 0.99645218253135692 0.43438592553138738 1.0048182606697085 19872.500000000004 4347.4724121093759 0.61750000715255748 0.54750001430511486 0.12500000372529033 0.022604814730584625 19.527900695800785 0.87500000000000011 -0.93585023283958424 1.0056375265121462 -246472.49999999997 0.01681215409189463 2592.5000000000005
decision_type=2 2 2 2 2 2 2 2 2 2 2 2 2 2 2 2 2 2 2 2 2 2 2 2 2 2 2 2 2 2
left_child=1 -1 7 5 6 -4 -5 8 9 -3 11 26 13 14 -10 -15 -11 18 -13 -6 23 28 -23 25 -25 -12 27 -9 -22 -14
right_child=-2 2 3 4 19 -7 -8 10 12 16 20 17 29 15 -16 -17 -18 -19 -20 -21 21 22 -24 24 -26 -27 -28 -29 -30 -31
leaf_value=0.0010288042241047245 0.0014071856354676072 0.036468050718919565 0.032657762094115986 -0.015571190685258375 -0.008945667652002753 -0.033733788546077483 0.0025288743956060102 0.0096653545453377065 -0.0048956172142646283 -0.010834309783565392 -0.019271847501782496 -0.0045192338353293475 -0.046916816586589243 0.017780731732499274 0.0041029994384341869 -0.021442805325308539 -0.046705349413059767 -0.027745363165469567 0.010574233532003947 -0.0026819288267613678 -0.017513210423105368 0.010872923400941838 -0.0051664139406754012 0.0083615703543427951 -0.0055026398712177032 -0.0060536498918767855 0.023305142750265323 -0.0041899423215976265 -0.0024696298049447117 -0.0030969032754746
leaf_weight=782689.74602204561 896794.15938538313 1356.9219235181808 564.46509510278702 7002.4321596473455 51396.729398965836 4122.7686715573072 112718.21595945209 40250.950166709721 27807.689339973032 13169.731394462287 11264.356935076416 58631.719308696687 755.78818668425083 14707.772644251585 190242.23725859076 1330.3236954659224 1459.5113736540079 2613.6510772258043 12037.35924461484 211239.03827201575 8077.6282465457916 32422.599257938564 21751.477683670819 21836.793570622802 45605.649253226817 96227.343602322042 5512.438145712018 15520.13904517889 36136.087373770773 35368.92171369493
leaf_count=2149262 2290437 3752 1585 25124 179147 17257 360919 122878 89874 49135 40745 194002 3495 41605 586273 4471 6556 11042 37626 699446 27815 100701 73682 70165 156958 329497 16714 52386 120443 138348
internal_value=0.000380673 -0.000113241 -0.000940035 -0.00250866 -0.00222389 -0.0257322 0.00147004 -6.53099e-05 0.00199497 -0.0100949 -0.00151094 0.00180044 0.00271028 0.00374818 0.00295537 0.0145258 -0.0144163 -0.00286862 -0.00194812 -0.00390776 -0.00314127 9.56823e-05 0.00443289 -0.00496184 -0.0010135 -0.00743903 0.00738373 0.00580957 -0.00521846 -0.0040151
internal_weight=2.76061e+06 1.86382e+06 1.08113e+06 387044 382356 4687.23 119721 694087 286199 15986.2 407888 134566 270213 234088 218050 16038.1 14629.2 73282.7 70669.1 262636 273322 98387.8 54174.1 174934 67442.4 107492 61283.5 55771.1 44213.7 36124.7
internal_count=8001340 5710903 3561641 1283478 1264636 18842 386043 2278163 923509 59443 1354654 434648 864066 722223 676147 46076 55691 242670 231628 878593 920006 322641 174383 597365 227123 370242 191978 175264 148258 141843
is_linear=0
shrinkage=0.05


Tree=98
num_leaves=31
num_cat=0
split_feature=90 100 37 48 54 50 48 28 55 36 25 25 54 48 36 48 54 85 85 78 54 55 54 48 46 36 82 85 48 97
split_gain=527.66 782.39 746.222 914.607 828.466 1062.17 962.797 1037.45 910.088 843.914 824.291 1063.43 712.732 643.262 627.457 750.955 674.779 2928.66 1627.61 1020.71 932.809 1075.63 871.948 852.353 1459.07 1355.81 791.755 656.75 1453.86 678.783
threshold=5186.0429687500009 350028.71875000006 11.826442241668703 0.9015902876853944 1822.5000000000002 -372.49999999999994 -0.66746801137924183 1.0000000180025095e-35 157.50000000000003 -4.5469350814819327 2.9369496107101445 2.3690960407257085 2122.5000000000005 0.1413247883319855 -10.390224456787108 -0.05451125651597976 2762.5000000000005 0.90000000596046459 0.90000000596046459 1.5000000000000002 10637.500000000002 20457.500000000004 1517.5000000000002 0.78661888837814342 0.1148093529045582 -5.0175061225891104 1.0000000180025095e-35 0.90000000596046459 0.9279436767101289 -1.160410482980989e-11
decision_type=2 2 2 2 2 2 2 2 2 2 2 2 2 2 2 2 2 2 2 2 2 2 2 2 2 2 2 2 2 2
left_child=1 -1 3 4 5 -3 7 8 -6 -9 11 -4 13 -8 15 -2 17 22 20 -19 -18 -22 -16 24 -20 -26 -24 28 29 -17
right_child=14 2 10 -5 6 -7 12 9 -10 -11 -12 -13 -14 -15 16 27 18 19 23 -21 21 -23 26 -25 25 -27 -28 -29 -30 -31
leaf_value=0.00045667657760337788 -0.080236082507264841 -0.025248637590339025 -0.010469269828058144 0.015301800435668573 0.053963041721974893 -0.0013419019349994146 0.070528929738485818 0.03136319056319508 -0.017287898846495883 0.0025239558747173225 0.011498011565163122 -0.044474353511780987 -0.0093425712162018212 0.0063331679503151692 -0.072306978336561301 0.008447368830948928 -0.03355083093503005 0.024486031984621699 -0.047843499219871362 -0.059441386947059284 -0.015809077944381796 0.051402064644340162 0.052958004390872331 0.048281387039172105 -0.055746007353260019 0.03623320625130217 -0.011002576745651594 0.0013482781101160786 -0.069969494545836994 0.079358277294297522
leaf_weight=2645838.731273964 152.55266906321049 8246.4755760058761 24177.417148724198 7492.2544723898172 503.89950476586819 10641.677066594362 497.07043114304543 6137.0330491214991 3987.6217367202044 4324.5208491235971 3692.0194015204906 2540.0535360723734 17751.377013787627 1804.3738600462675 165.17277485132217 437.56085979938507 4112.3688349872828 503.4149125367403 974.37673486769199 1286.23086412251 2078.2131366729736 833.06026001274586 3655.1052815467119 1629.1679592132568 471.51591989398003 2634.4484836757183 557.14103308320045 1091.1489799916744 228.59729793667793 1480.6537354141474
leaf_count=7659152 610 28855 76186 20031 1064 32017 969 14924 12634 12695 10417 9407 55500 5235 615 1239 14276 1138 3540 5299 6493 1860 7169 3739 1782 6401 1657 3040 831 2565
internal_value=0.000361618 0.000299231 -0.00423874 -0.00106565 -0.00334136 -0.0117805 0.00121222 0.0108146 -0.00928298 0.0194437 -0.0106437 -0.0137039 -0.00594803 0.0202251 0.00802314 0.0278263 0.00446909 0.0180429 -0.00210566 -0.0358299 -0.0182223 0.00343271 0.0400724 0.0177193 0.00550663 0.0222548 0.0444963 0.0329423 0.04899 0.0631983
internal_weight=2.75993e+06 2.73763e+06 91795.8 61386.3 53894 18888.2 35005.9 14953.1 4491.52 10461.6 30409.5 26717.5 20052.8 2301.44 22290.7 3390.51 18900.2 6167.06 12733.2 1789.65 7023.64 2911.27 4377.42 5709.51 4080.34 3105.96 4212.25 3237.96 2146.81 1918.21
internal_count=8001340 7939086 279934 183924 163893 60872 103021 41317 13698 27619 96010 85593 61704 6204 62254 8285 53969 15878 38091 6437 22629 8353 9441 15462 11723 8183 8826 7675 4635 3804
is_linear=0
shrinkage=0.05


Tree=99
num_leaves=31
num_cat=0
split_feature=86 78 54 78 81 99 24 54 54 53 44 49 25 99 38 36 90 13 36 36 25 54 90 25 49 51 53 53 26 90
split_gain=536.721 975.236 757.31 676.321 1088.72 1771.8 1841.02 1683.14 2096.13 1700.8 2336.7 1541.76 1743.11 1462 2055.26 1825.93 1985.4 1456.95 1395.28 1319.59 1313.05 2066.27 1916.51 1692.43 1589.1 1464.08 1307.86 1274.09 1107.48 743.962
threshold=6.0000000000000009 1.8130434155464175 686162.50000000012 3.0000000000000004 1.0000000180025095e-35 121408.12500000001 77.307056427001967 717857.50000000012 737922.50000000012 1.0000000180025095e-35 1.0002339482307436 -0.69930991530418385 2.0182205438613896 124404.47265625001 0.83457505702972423 -5.2026844024658194 2923.1750488281255 0.011060021352022888 -2.9430900812149043 -1.059911787509918 0.60973319411277782 715527.50000000012 4197.1850585937509 0.8633231818675996 -0.16288578510284421 -307.49999999999994 0.6078576147556306 1.0000000180025095e-35 -1.7812348008155821 2679.170043945313
decision_type=2 2 2 2 2 2 2 2 2 2 2 2 2 2 2 2 2 2 2 2 2 2 2 2 2 2 2 2 2 2
left_child=2 -2 -1 -3 7 6 17 20 9 -9 -11 18 -13 14 28 16 -15 -6 -10 -17 22 23 25 -22 -24 -5 -16 -19 -7 -8
right_child=1 3 -4 4 5 13 29 8 11 10 -12 12 -14 15 26 19 -18 27 -20 -21 21 -23 24 -25 -26 -27 -28 -29 -30 -31
leaf_value=-0.00046224797961758605 0.002131252660087951 -0.0016867506350397143 -0.0071920300499645198 0.045167182606705901 -0.026183173602432393 0.051174921976138599 -0.016599838201107303 0.057877960236980976 0.046462038802178383 0.047209464881279223 -0.0093143828635735455 -0.01832928749766231 0.040525339882901787 -0.015372745022120347 0.019151783810712305 -0.011578232637994047 0.0042598436899435052 -0.012881361466834204 -0.02224959611883243 -0.0010435174110777871 -0.0068929432607744414 -0.078288970781303813 -0.076335836848875238 0.0019802094720007659 -0.0074593446441141012 0.0075553075554437065 0.067803918357660684 0.0044190079724706873 -0.023821753295221119 -0.049986722194130757
leaf_weight=575335.70085787028 777974.37472613156 445158.79002892971 45078.037098415196 2656.3715224862099 6022.3794821053743 595.61877702176571 23264.248796515167 3857.7794113457203 2822.2278702259064 3406.615278378129 3944.6416718661785 8027.3166531771421 1490.8361719697714 13829.305634722114 3528.4432878196239 45322.512068122625 186919.40636068583 14582.001309506595 999.90866284072399 86380.640095248818 66221.135540798306 837.21281036734581 906.37300065159798 285098.05482776463 10873.690524384379 98362.241168186069 2270.6878410428762 39379.794669084251 2813.2450081557035 1797.032538831234
leaf_count=1750765 2102353 1333507 148199 5675 21931 1447 82556 7399 5942 7047 11077 24333 3115 46442 10375 146832 561953 51260 2978 268665 187583 3097 3363 778607 31946 257677 5058 123300 9813 7045
internal_value=0.000343573 0.000719074 -0.00095124 -8.79334e-05 0.000688879 -0.00115717 -0.00761493 0.00229811 0.0150575 0.0309953 0.0168813 0.00166415 -0.00910702 0.000450289 0.0201022 -9.40583e-05 0.00290729 -0.00285964 0.028484 -0.00466889 0.00162438 0.000120564 0.00631919 0.000307655 -0.0127652 0.00854483 0.0382111 -0.0002561 -0.0107052 -0.018996
internal_weight=2.75976e+06 2.13934e+06 620414 1.36137e+06 916210 426705 85045.5 489504 24549.3 11209 7351.26 13340.3 9518.15 341660 9207.99 332452 200749 59984.2 3822.14 131703 464955 352156 112799 351319 11780.1 101019 5799.13 53961.8 3408.86 25061.3
internal_count=8001340 6102376 1898964 4000023 2666516 1336677 286092 1329839 61891 25523 18124 36368 27448 1050585 26693 1023892 608395 196491 8920 415497 1267948 969287 298661 966190 35309 263352 15433 174560 11260 89601
is_linear=0
shrinkage=0.05


Tree=100
num_leaves=31
num_cat=0
split_feature=99 48 54 37 25 35 86 47 30 36 54 87 62 22 86 50 49 49 12 36 48 35 44 87 37 6 25 46 54 54
split_gain=512.053 1351.3 790.499 610.345 713.28 1346.69 623.37 590.537 588.696 1105.95 1229.52 1196.03 1690.98 1872.5 1475.43 1451.04 1228.58 1057.48 1160.64 1023.45 2649.08 1947.46 1908.22 1517.41 1222.31 1161.03 1033.05 1684.73 1257.71 1398.58
threshold=99379.316406250015 -0.91959547996520985 737922.50000000012 18.426422119140629 1.33108127117157 -13.51768922805786 6.0000000000000009 -0.38465595245361323 0.42249999940395361 -25.701073646545407 617.50000000000011 1.0000000180025095e-35 36.703054428100593 2.5000000000000004 6.0000000000000009 -762.49999999999989 -0.98279649019241322 -0.87137606739997853 0.025422487407922748 -18.087564468383786 -0.11969653144478797 -0.68641847372055043 1.0021882057189944 1.0000000180025095e-35 5.21459984779358 -0.00094723628717474629 0.65831434726715099 0.06071011349558831 45707.500000000007 566437.50000000012
decision_type=2 2 2 2 2 2 2 2 2 2 2 2 2 2 2 2 2 2 2 2 2 2 2 2 2 2 2 2 2 2
left_child=1 7 -3 4 6 -6 -4 -1 -2 10 -10 15 13 16 -15 -12 -13 -14 -19 20 21 22 23 -11 -22 -26 28 -28 -21 -30
right_child=8 2 3 -5 5 -7 -8 -9 9 19 11 12 17 14 -16 -17 -18 18 -20 26 24 -23 -24 -25 25 -27 27 -29 29 -31
leaf_value=0.077788686490608605 -0.00049568904904741923 -0.035683697173736623 -0.015828509356659436 0.0357359122280686 0.023182425568218173 -0.030392383590138156 0.0087359854668944414 -0.036812232899638322 -0.044379898027246831 0.016201594788422632 0.037542099175518782 0.059645153820407228 0.027151831287405788 0.010970291284229002 0.049538866107435992 -0.0078898423601974754 -0.0022032794049111409 0.009240128513567706 -0.059252770044110538 -0.0048104882333568078 -0.015529061826609328 -0.018983423372460437 0.04551974668643969 -0.0025281981984961476 0.014161401152335426 -0.010929093458298263 -0.0096826554217205769 0.00080353086427497515 0.0069596057786208828 -0.00081886969519206739
leaf_weight=114.86404343694448 1144754.0105377436 1630.3325634002686 3214.4669074565172 1154.9947143048048 1593.906732454896 4433.3004491478205 13121.641662299633 3839.9942737221718 1027.6114964038134 18656.865572378039 2080.8385423868895 909.02230152487755 1134.756478831172 3674.5810344219208 7631.094937235117 11279.901110783219 6822.4981706887484 1055.945370003581 1490.8642718195915 38838.002484366298 42698.028130605817 7765.0672868043184 3165.9159235656261 25720.262246914208 8029.562130048871 10825.820251569152 39730.341533750296 1065583.6279076934 206026.89161780477 80313.581562548876
leaf_count=268 3358125 5758 11581 2946 4160 16539 37398 14629 3795 50617 5070 1827 2684 10242 15419 34502 19301 2939 5450 117205 133805 24553 7099 74112 21743 32901 120259 3058922 572735 233456
internal_value=0.000297891 -0.00629906 -0.00202581 0.00030862 -0.00152238 -0.0162221 0.00390143 -0.0334637 0.000368243 0.000992427 0.00952262 0.0110592 0.0180402 0.0240389 0.0370058 -0.000811492 0.00507459 -0.0129754 -0.0308601 0.000787855 -0.00371111 0.00423049 0.00802237 0.00534619 -0.010847 -0.00024386 0.0011554 0.000426594 0.00363264 0.00477786
internal_weight=2.75832e+06 29103.5 25148.6 23518.3 22363.3 6027.21 16336.1 3954.86 2.72922e+06 1.58446e+06 37107.1 36079.5 22718.8 19037.2 11305.7 13360.7 7731.52 3681.57 2546.81 1.54735e+06 116862 55308.1 47543 44377.1 61553.4 18855.4 1.43049e+06 1.10531e+06 325178 286340
internal_count=8000040 93279 78382 72624 69678 20699 48979 14897 7906761 4548636 101229 97434 57862 46789 25661 39572 21128 11073 8389 4447407 344830 156381 131828 124729 188449 54644 4102577 3179181 923396 806191
is_linear=0
shrinkage=0.05


Tree=101
num_leaves=31
num_cat=0
split_feature=8 30 85 13 55 54 25 94 49 51 54 94 37 94 37 54 54 54 38 49 42 25 25 99 25 30 87 13 30 85
split_gain=513.227 1096.63 1376.16 2101.53 3323.1 2468.91 2212.62 1897.56 1792.48 1707.1 1299.46 1535.29 1996.3 1247.59 1133.33 1279.35 1042.13 1239.18 992.126 930.708 958.951 1137.97 1299.53 1740.3 1162.13 970.28 1251.27 937.266 928.557 1350.12
threshold=-0.0035653947852551933 0.88749998807907116 0.90000000596046459 0.025797148235142234 -24772.499999999996 22407.500000000004 2.0328732728958134 4143.0073242187509 -0.69930991530418385 -287.49999999999994 140852.50000000003 2923.5878906250005 19.679852485656742 4101.4396972656259 18.139765739440922 477217.50000000006 313432.50000000006 232177.50000000003 21.082426071166996 0.96863394975662243 1.0009205937385561 0.73704245686531078 1.3262926340103152 182560.69531250003 1.1470879912376406 0.56250000000000011 1.0000000180025095e-35 0.08139673620462419 0.292499989271164 0.90000000596046459
decision_type=2 2 2 2 2 2 2 2 2 2 2 2 2 2 2 2 2 2 2 2 2 2 2 2 2 2 2 2 2 2
left_child=1 18 3 10 8 6 9 -8 13 -6 -3 12 -12 -5 -10 -16 17 -13 19 20 -1 25 24 -24 -23 26 -22 -21 -20 -30
right_child=-2 2 -4 4 5 -7 7 -9 14 -11 11 16 -14 -15 15 -17 -18 -19 28 27 21 22 23 -25 -26 -27 -28 -29 29 -31
leaf_value=0.0036308323760173874 0.00063140683609167023 0.047571705013175536 -0.0037553891986766338 0.015957018594338079 0.059989621298900411 0.066069810149338257 0.05710921315021459 0.010311037312400642 -0.030388689622044742 -0.012698433529433666 0.010734399519488352 -0.019927864675731675 0.053304307083483243 -0.04932073339306299 -0.011819713564665874 0.077482776489201044 -0.034796313180473749 0.02980670050369787 0.0005856035213369122 -0.01357707002939651 -0.0036343484981332091 -0.0012292924220716379 -0.012657084475207673 -0.0016065620452906449 0.0091936458821331567 -0.00074774850572016389 -0.02415481159947569 0.034244514986870173 0.034728688615009037 -0.0059010734175556842
leaf_weight=62630.620872505009 2187458.3456856832 3669.6191255748272 39695.733816646039 5896.2208919376135 881.76385129988194 2128.460835725069 3354.6184289008379 6113.1609951406717 11111.955642297864 9503.2286231666803 7706.135663151741 2201.6342979967594 4285.4550877511501 834.66958668828011 1801.0280002951622 514.86059975624084 1926.7689608484507 2902.2643938660622 17311.550431266427 25773.04810475558 12737.249398820102 89737.729799561203 49830.516274578869 125010.70243407786 38095.12564265728 17163.184912726283 17827.296574398875 1066.0281323492527 5802.4846924543381 3156.214477673173
leaf_count=179994 6327249 7935 119518 15228 1771 4057 6801 16517 35896 28460 20643 6767 8975 2853 5431 915 6328 6996 51378 81999 39317 262978 154331 367688 105881 50245 57631 2482 13968 9808
internal_value=0.000283036 -0.00105231 0.00357627 0.00806542 0.00145927 0.0149053 0.00941649 0.0268973 -0.0132021 -0.00652101 0.0203326 0.0150753 0.0259513 0.00785533 -0.0237576 0.00805643 -0.00347518 0.00835236 -0.00209024 -0.00265397 -0.00206766 -0.00308623 -0.0019547 -0.00475609 0.00187683 -0.0102617 -0.0156038 -0.0116762 0.00734852 0.0204149
internal_weight=2.75813e+06 570669 104528 64831.8 42140 21981.2 19852.8 9467.78 20158.7 10385 22691.9 19022.3 11991.6 6730.89 13427.8 2315.89 7030.67 5103.9 466142 439872 413032 350402 302674 174841 127833 47727.7 30564.5 26839.1 26270.2 8958.7
internal_count=8000040 1672791 295091 175573 117929 57606 53549 23318 60323 30231 57644 49709 29618 18081 42242 6346 20091 13763 1377700 1302546 1218065 1038071 890878 522019 368859 147193 96948 84481 75154 23776
is_linear=0
shrinkage=0.05


Tree=102
num_leaves=31
num_cat=0
split_feature=80 80 77 80 80 22 6 35 39 90 54 48 90 55 49 50 13 54 50 85 26 97 50 9 30 85 28 54 48 49
split_gain=496.948 671.416 505.166 581.748 570.759 435.169 1089.76 1198.16 878.013 816.749 2554.09 1624.68 1363.08 1294.08 1133.77 1100.82 721.575 631.202 535.45 636.949 658.204 533.13 803.59 517.526 505.961 858.771 1089.81 1271.08 1245.65 916.042
threshold=5.1673452854156503 4.0193607807159433 1.0304679572582247 6.4956810474395761 5.531872272491456 1.5000000000000002 -0.012345009949058293 1.9513176679611208 -16.50684833526611 3128.3024902343755 506492.50000000006 0.81279832124710094 4041.345092773438 24522.500000000004 -0.56457334756851185 232.50000000000003 0.075005840510129942 749357.50000000012 -627.49999999999989 0.90000000596046459 -0.72178199887275685 -5.1671926975250235 347.50000000000006 0.078957602381706252 0.90249997377395641 0.90000000596046459 0.82500001788139354 755772.50000000012 0.41268247365951544 -0.6343555450439452
decision_type=2 2 2 2 2 2 2 2 2 2 2 2 2 2 2 2 2 2 2 2 2 2 2 2 2 2 2 2 2 2
left_child=1 5 4 -4 -2 6 18 8 17 10 15 13 -13 -11 -12 -9 23 -8 -1 20 -20 22 -7 -10 -23 26 28 -28 -26 -27
right_child=2 -3 3 -5 -6 21 7 9 16 11 14 12 -14 -15 -16 -17 -18 -19 19 -21 -22 24 -24 -25 25 29 27 -29 -30 -31
leaf_value=0.011729948177440623 -0.036448582776058475 -0.0023026600365068125 0.0020939569560960661 -0.00070370865653111066 0.0040907504809089045 0.0066097489611543631 0.031185671146037448 0.010463218127492527 0.0088516434499208083 -0.0057057939019200983 0.0063934906539674253 -0.0041773658177048281 0.020616612434391175 -0.057221761488974593 -0.0096679874711403033 0.044130304842970765 0.022904574312731019 -0.04580740051152446 -0.058512590814958534 -0.0083337672444880728 0.073548957638759821 -0.0010202867910343641 -0.025204284253997646 0.0023298743651335866 0.0035810188546488812 -0.0075674038156338351 0.014061696926091806 -0.081496698860049982 -0.019940463597384411 0.0052678753633828984
leaf_weight=859.13880027830601 872.22692787647247 314503.42529454827 372639.84809346497 370624.5726711601 151578.94745756686 41558.135817937553 4104.5811055153608 32921.036160066724 35530.172242306173 100747.92669700086 16134.468987241387 10756.807961091399 11435.145564854145 1233.0090823918581 34435.546248421073 2620.5959586650133 4767.8282830417156 283.7365143224597 1809.5382825657725 1529.7031234800816 98.675606489181519 876087.21890988946 2083.4203460067511 211458.69189874828 62407.419154733419 36694.575037069619 29325.712680533528 351.18009424209595 6185.6432260721922 22376.924008212984
leaf_count=2367 2653 1125928 947355 958122 381835 119565 10025 90119 100650 305641 45568 32362 30724 4884 107090 5962 12429 1116 6902 4802 179 2626438 7129 614737 174968 114599 78039 1557 19613 66682
internal_value=0.000268932 -0.000196531 0.00123669 0.000698911 0.00385854 0.00023142 0.0014996 0.00173054 0.00402666 -0.00106632 0.00267553 -0.00366127 0.00859869 -0.00632926 -0.00454342 0.0129469 0.00364009 0.0261971 -0.0235619 -0.0323837 -0.051646 -0.000322825 0.00509031 0.0032681 -0.00055143 0.00205915 0.0049231 0.012928 0.00145955 -0.00270517
internal_weight=2.75802e+06 1.8623e+06 895716 743264 152451 1.5478e+06 470727 466430 256145 210285 86111.6 124173 22192 101981 50570 35541.6 251757 4388.32 4297.06 3437.92 1908.21 1.07707e+06 43641.6 246989 1.03343e+06 157341 98270 29676.9 68593.1 59071.5
internal_count=8000040 5710075 2289965 1905477 384488 4584147 1375557 1361307 738957 622350 248739 373611 63086 310525 152658 96081 727816 11141 14250 11883 7081 3208590 126694 715387 3081896 455458 274177 79596 194581 181281
is_linear=0
shrinkage=0.05


Tree=103
num_leaves=31
num_cat=0
split_feature=39 21 65 31 12 55 87 90 42 55 22 26 42 55 30 36 48 55 77 53 28 90 87 55 55 90 35 90 38 55
split_gain=494.768 1139.42 979.525 1463.85 894.835 1520.37 1485.77 2377.12 1904.03 1608.85 1602.98 1825.24 1570.78 1491.25 1427.9 1424.05 1329.32 1226.44 1064.73 1633.59 1028.95 1023.36 867.944 1830.21 1762.62 1659.04 1563.44 1562.02 3223.97 1434.91
threshold=-3.2028216123580928 6.5000000000000009 0.47632667422294622 716.89404296875011 0.015371213667094709 8062.5000000000009 1.0000000180025095e-35 3343.991577148438 1.0040568113327029 -214424.99999999997 1.5000000000000002 -1.6843604445457456 1.0037111043930056 -161387.49999999997 0.66250002384185802 1.3846079111099245 0.43245348334312445 -205257.49999999997 1.5000000000000002 0.87837970256805431 0.77500000596046459 4942.7299804687509 1.0000000180025095e-35 -755672.49999999988 -755672.49999999988 5130.6899414062509 35.568462371826179 4451.0634765625009 -8.2035913467407209 482.50000000000006
decision_type=2 2 2 2 2 2 2 2 2 2 2 2 2 2 2 2 2 2 2 2 2 2 2 2 2 2 2 2 2 2
left_child=1 4 3 22 6 -6 9 8 14 12 13 -12 18 -9 15 -8 -15 -11 -1 -20 -10 -7 23 -2 -24 -25 27 29 -29 -26
right_child=2 -3 -4 -5 5 21 7 10 20 17 11 -13 -14 16 -16 -17 -18 -19 19 -21 -22 -23 24 25 26 -27 -28 28 -30 -31
leaf_value=0.0081128293471923515 -0.038863103684020871 3.5777461942751344e-05 -0.0015746383675358747 -0.0017380010807533021 -0.0017200977447969505 0.016584925569285331 0.017187819606984685 -0.01509969412988349 0.057649880268733501 0.080496252280007285 0.071834496846415991 -0.025149862121022687 0.022188763752432852 -0.015644853457682018 0.052913667152160018 -0.035591867066460475 0.058654561459484458 0.012729442912992883 -0.020729099337785991 0.0074377761596531623 -0.022842576004034089 -0.020826044742593603 0.028874147998460071 -0.00042577237180183453 0.0031386080553513595 0.019216120076224915 0.067264926421653271 -0.022569066859748986 0.0011167666754495242 0.011924188487629663
leaf_weight=7575.1564165353775 3014.4093374013901 545357.79610909522 760493.80807571858 403743.41316142678 95815.223856434226 19302.303299233317 56557.553388565779 2354.921175673604 436.77795669436455 713.83607147634029 512.87267848849297 8678.1614424437284 4792.3467856794596 832.54230307042599 2742.6835009902716 1306.5857433825731 2168.7229686379433 10137.848904967308 19175.546989023685 7035.5172630399466 4266.2357921153307 2018.2244116216898 6631.3877150639892 299626.96268659085 297097.4379684478 11149.63519321382 941.23619376122952 16494.123912394047 111330.44960673898 55094.167789466679
leaf_count=18835 11527 1578397 2227351 1190734 281118 52120 146704 7157 880 1394 970 28009 13057 2583 5791 4377 4419 28228 65592 20902 13646 6720 16796 892155 826738 30219 1826 54717 319317 147761
internal_value=0.000255508 0.00131079 -0.000169573 0.000717091 0.00413248 0.000966973 0.00700039 0.0112174 0.0152887 0.000187422 -0.00706039 -0.0197302 -0.00459671 0.0146793 0.017667 0.0159954 0.0380441 0.0171947 -0.00839674 -0.0131684 -0.0153554 0.0130425 0.001954 -9.71648e-05 0.00327405 0.000278957 0.002921 0.00279469 -0.0019397 0.004513
internal_weight=2.7574e+06 791781 1.96562e+06 1.20512e+06 246423 117136 129287 79857.1 65309.8 49430.3 14547.2 9191.03 38578.6 5356.19 60606.8 57864.1 3001.27 10851.7 33786.2 26211.1 4703.01 21320.5 801380 313791 487589 310777 480957 480016 127825 352192
internal_count=8000040 2280899 5719141 3491790 702502 339958 362544 214536 171398 148008 43138 28979 118386 14159 156872 151081 7002 29622 105329 86494 14526 58840 2301056 933901 1367155 922374 1350359 1348533 374034 974499
is_linear=0
shrinkage=0.05


Tree=104
num_leaves=31
num_cat=0
split_feature=86 77 55 39 73 46 45 25 55 87 53 22 25 42 50 37 54 35 36 55 77 13 55 30 25 94 77 50 25 54
split_gain=497.572 942.014 698.549 982.846 1031.44 1007.37 950.337 699.556 619.122 818.042 1860.8 2993.58 2176.45 1893.53 1812.45 1006.69 909.941 762.049 1600.08 750.467 918.158 1212.71 1259.96 1154.22 886.768 823.25 1242.34 654.182 629.209 1454.96
threshold=6.0000000000000009 1.8130434155464175 -656517.49999999988 -4.9640388488769522 2.1524704694747929 0.052996421232819564 1.0017301440238955 1.031578063964844 -708569.99999999988 1.0000000180025095e-35 1.0000000180025095e-35 2.5000000000000004 1.1533142328262331 0.99686974287033092 -382.49999999999994 0.64810591936111461 758242.50000000012 4.9437227249145517 3.8830908536911015 -688172.49999999988 1.5000000000000002 0.0092862602323293703 -697127.49999999988 0.082499999552965178 1.0815138220787051 2522.0649414062505 1.5000000000000002 222.50000000000003 1.4565114974975588 22077.500000000004
decision_type=2 2 2 2 2 2 2 2 2 2 2 2 2 2 2 2 2 2 2 2 2 2 2 2 2 2 2 2 2 2
left_child=2 8 3 5 6 -1 -5 -7 9 -2 17 14 -13 -14 15 -12 -16 -11 -19 20 21 -10 24 -24 -23 26 27 -21 29 -27
right_child=1 -3 -4 4 -6 7 -8 -9 19 10 11 12 13 -15 16 -17 -18 18 -20 25 -22 22 23 -25 -26 28 -28 -29 -30 -31
leaf_value=0.021277629154429781 0.0015990425347163957 -0.00018908386661686618 -0.00044361659906244546 -0.011932991448207059 -0.0018128177119617049 -0.020536384024473234 -0.03741852551240709 0.0086635252139915728 0.02729524141359238 0.0481800219773263 0.054414873921843333 -0.089816399040348938 -0.073163156387108311 0.029611453761005897 0.040762922638470742 -0.02339863582078084 -0.015520457251319193 -0.019200990599483166 0.06966627852045286 0.064396390762837055 0.0092542488147988357 -0.024749264085344599 0.02834730346947674 -0.063346727025885327 0.016753080794923478 -0.0049001836018263056 -0.047482951671608611 -0.044069436649533292 0.0039285337015435131 0.0020871628147130952
leaf_weight=5923.4467431604862 24227.430772610009 1359800.8590913713 557859.88678113371 20568.845791779459 23093.4004021734 4057.3814902976155 4449.0400404036045 4146.1074991747737 1290.1896857321262 4572.2513928711414 486.19442111253738 1229.9473312795162 677.51660437881947 1319.1043671369553 5596.3385743349791 2829.5857455432415 823.13140511512756 1423.4363227188587 785.04034367203712 1419.9984583705664 4475.4890934377909 3908.9778549820185 395.37430661916733 2571.1344904154539 1917.6718183457851 91932.868068039417 373.9703811109066 153.33187259733677 231975.12663830817 392898.65810215473
leaf_count=16320 68843 3999006 1697225 69118 72605 14040 16962 12950 2864 9026 908 4594 2488 2895 11477 8172 2292 4046 1322 2472 13241 11294 874 8708 4513 259585 1389 482 623315 1057014
internal_value=0.000242768 0.000604583 -0.00100417 -0.00602839 -0.00943313 0.00556644 -0.0164667 -0.00577865 0.00199305 0.00775584 0.0153106 0.00420667 -0.0375241 -0.00527988 0.0180405 -0.0119743 0.033544 0.0365319 0.0124034 0.00164749 -0.00959081 -0.0179558 -0.0245982 -0.0511187 -0.0110886 0.00187515 0.0343331 0.0538012 0.00178692 0.000762217
internal_weight=2.75718e+06 2.13708e+06 620098 62238.2 48111.3 14126.9 25017.9 8203.49 777283 43970 19742.5 12961.8 3226.57 1996.62 9735.25 3315.78 6419.47 6780.73 2208.48 733313 14558.8 10083.3 8793.16 2966.51 5826.65 718754 1947.3 1573.33 716807 484832
internal_count=8000040 6100820 1899220 201995 158685 43310 86080 26990 2101814 116063 47220 32826 9977 5383 22849 9080 13769 14394 5368 1985751 41494 28253 25389 9582 15807 1944257 4343 2954 1939914 1316599
is_linear=0
shrinkage=0.05


Tree=105
num_leaves=31
num_cat=0
split_feature=40 36 37 37 25 36 25 25 26 46 25 36 55 44 90 30 85 25 37 90 90 48 41 55 25 97 46 36 9 12
split_gain=516.194 1485.13 2436.15 1462.06 1881.5 1647.94 1583.89 1435.26 1679.46 1470.81 1440.79 1394.38 1340.66 1270.8 1746.22 2284.9 1255.15 2538.56 1242.37 1219.86 2658.78 1818.32 2191.94 1601.94 1470.88 1235.34 1197.72 1218.75 1171.61 1071.93
threshold=1.0000000180025095e-35 -0.75906735658645619 -2.3466914892196651 -8.0158219337463361 2.8253053426742558 -16.688729286193844 1.5989452600479128 0.92481735348701488 1.1673120856285097 0.055555563420057304 0.91714251041412365 -44.855234146118157 -518937.49999999994 0.99492695927619945 4559.1550292968759 0.90749999880790722 0.90000000596046459 1.0510362386703493 -16.553010940551754 3128.3024902343755 2711.730102539063 -0.3317298144102096 1.004550635814667 -711117.49999999988 0.43953450024127966 3.7914804220199589 0.3142362534999848 25.075835227966312 0.081749513745307936 0.016005578450858596
decision_type=2 2 2 2 2 2 2 2 2 2 2 2 2 2 2 2 2 2 2 2 2 2 2 2 2 2 2 2 2 2
left_child=-1 2 3 18 6 -6 -5 8 10 12 11 -4 -9 -11 -15 -16 28 -18 -2 20 23 22 25 -3 -23 -22 27 -21 -14 -20
right_child=1 19 7 4 5 -7 -8 9 -10 13 -12 -13 16 14 15 -17 17 -19 29 26 21 24 -24 -25 -26 -27 -28 -29 -30 -31
leaf_value=-0.00024974735199913717 -0.011722079657257588 0.012003503789834868 -0.042845282781308974 -0.0067803341227308358 0.029403719239779049 -0.010196794741349451 -0.025539693880359843 0.013795575389728447 -0.011266592382262214 -0.003372991369352154 -0.029681473613372856 0.0037285672600449295 -0.012077913249187146 0.01230864389006292 0.0052151828876085401 -0.03058332913471656 0.043128363522368429 -0.019919070584341947 0.021576106480027592 -0.006103131305417034 0.0086743132401755248 0.043534009214647854 0.05361640585262957 -0.012989748903043663 -0.0054335886256191915 0.039732930658158735 0.030887601630815983 0.011789776807874465 -0.050214146781834938 0.0019165500517141149
leaf_weight=1919767.4593265951 12056.942519009113 8221.5923863500357 1617.7230975925922 31346.264702647924 5307.0541992932558 5200.4816570281982 17553.454634666443 6666.3007113710046 23002.706553816795 20196.371381759644 3340.656641304493 223093.7066148594 5769.9480145722628 142990.72647149116 29639.835565328598 5245.2843278348446 2510.7697714269161 4380.8733005672693 9178.9154669195414 153240.07671019435 24743.73834683001 1665.2096154242754 3697.3415519744158 29101.800174459815 19259.832852691412 3676.7571838647127 2358.5257300585508 10145.892027929425 3093.9942291229963 28339.349845305085
leaf_count=5597126 37809 22491 5661 95547 12907 16043 57265 18124 70729 58463 10880 628148 17584 383691 83868 17101 5754 14210 23935 459693 67569 3738 7764 89901 56837 8517 5750 28511 11101 83194
internal_value=0.000201951 0.00123843 0.00263764 -0.00409974 -0.00939006 0.00980471 -0.0135148 0.00419477 0.00160958 0.00713822 0.00290842 0.00339307 -0.00499885 0.00851219 0.0098617 -0.000168017 -0.0129516 0.00305263 0.00223975 -0.00193318 0.00274011 0.00993432 0.0174064 -0.00748393 -0.00153463 0.0126938 -0.00448115 -0.00499193 -0.0253942 0.00672688
internal_weight=2.75641e+06 836642 580531 108982 59407.3 10507.5 48899.7 471549 251055 220494 228052 224711 22421.9 198072 177876 34885.1 15755.6 6891.64 49575.2 256111 90366.3 53042.9 32117.8 37323.4 20925 28420.5 165744 163386 8863.94 37518.3
internal_count=7999911 2402785 1652014 326700 181762 28950 152812 1325314 715418 609896 644689 633809 66773 543123 484660 100969 48649 19964 144938 750771 256817 144425 83850 112392 60575 76086 493954 488204 28685 107129
is_linear=0
shrinkage=0.05


Tree=106
num_leaves=31
num_cat=0
split_feature=49 55 87 53 55 100 86 90 62 100 86 26 30 97 47 25 100 30 86 49 8 55 30 54 90 13 25 25 36 90
split_gain=502.544 1197.6 1206.08 2622.05 3556.54 2694.5 3077.7 2641.22 2487.7 2025.78 1871.75 1698.15 1545.87 1468.51 1405.49 1483.18 1360.72 1326.93 1233.96 970.912 967.281 947.144 938.17 951.223 2283.71 1751.67 1864.2 2542.92 1187.76 1834.91
threshold=0.20576497167348864 15637.500000000002 1.0000000180025095e-35 0.87837970256805431 30795.000000000004 312135.42187500006 6.0000000000000009 4411.5222167968759 25.565712928771976 286888.93750000006 6.0000000000000009 1.0995321273803713 0.72250002622604381 5.523019790649415 -0.24850793182849881 0.93309912085533153 372134.59375000006 0.1475000008940697 6.0000000000000009 -0.60003554821014393 -0.0057348411064594975 20992.500000000004 0.017499999608844522 307125.00000000006 3269.1750488281255 0.057082109153270728 3.0901893377304082 2.5903633832931523 -9.7787623405456525 3366.4372558593755
decision_type=2 2 2 2 2 2 2 2 2 2 2 2 2 2 2 2 2 2 2 2 2 2 2 2 2 2 2 2 2 2
left_child=1 22 11 4 5 6 20 -8 16 10 19 -3 -11 -10 -12 -16 -7 -6 -14 -5 -4 -13 -1 -24 25 26 27 -25 29 -26
right_child=-2 2 3 9 17 8 7 -9 13 12 14 21 18 -15 15 -17 -18 -19 -20 -21 -22 -23 23 24 28 -27 -28 -29 -30 -31
leaf_value=-0.011169415148310257 -0.00061117963434915946 -0.0029123739661158408 0.017684920467857464 0.015864007944094458 -0.089333672816408805 0.01841475862961528 -0.0265679962770244 -0.070742815507812001 -0.038075055912445838 0.0070723393859014414 -0.033670384951846245 0.0040269090699364294 -0.001264010833752666 0.064254035404628415 -0.10780478744896899 0.056632857916338403 -0.027767782714137015 0.026690114372867564 -0.065006249521455631 -0.048226641361558048 -0.018945681606076483 0.037145968381238861 0.0024151706148241962 0.00052783730996114624 -0.018924904626842369 0.03130334051593963 -0.028387377030731759 0.029683329997077741 -0.0021919008753918212 0.018758890193614777
leaf_weight=15369.036476701498 1141379.9770994335 35794.425310194492 2417.4418183043599 1501.8511378616095 256.98922525346279 8444.3255625069141 7431.7570021748543 6215.0209476202726 5340.3328836485744 5666.5495008677244 533.60287515819073 4036.9660637825727 1357.2119978070259 374.31027163565159 140.36660668253899 4665.6687897443771 1965.3350336253643 5508.5018064379692 1722.877421811223 972.83166736364365 7071.7864396497607 4640.4717794060707 804213.03006669879 600109.05030050129 31766.531829506159 4688.8523601144552 5484.7295678183436 7572.1848659664392 36007.053023710847 3595.0490084290504
leaf_count=46999 3365268 108639 7164 4116 1059 22804 24279 25547 19613 16003 1692 11682 4297 894 580 9179 6696 13406 6457 3607 25936 11254 2269769 1731001 99140 11368 18128 18899 105099 9336
internal_value=0.000191883 0.000759488 -0.0043762 -0.00890706 -0.0151639 -0.0205491 -0.031484 -0.0466902 -0.0048578 0.00810359 0.0266033 0.0018983 -0.00842476 -0.0313615 0.0432601 0.0518078 0.00969322 0.021503 -0.03693 -0.00933819 -0.00961239 0.021741 0.0011205 0.00124698 -0.000116095 0.000862087 0.000629245 0.000891194 -0.0085844 -0.0150932
internal_weight=2.75624e+06 1.61486e+06 106059 61586.8 45025.8 39260.3 23136 13646.8 16124.3 16561 7814.32 44471.9 8746.64 5714.64 5339.64 4806.04 10409.7 5765.49 3080.09 2474.68 9489.23 8677.44 1.50881e+06 1.49344e+06 689223 617855 613166 607681 71368.6 35361.6
internal_count=7999911 4634643 324904 193329 147398 132933 82926 49826 50007 45931 19174 131575 26757 20507 11451 9759 29500 14465 10754 7723 33100 22936 4309739 4262740 1992971 1779396 1768028 1749900 213575 108476
is_linear=0
shrinkage=0.05


Tree=107
num_leaves=31
num_cat=0
split_feature=90 100 27 13 25 7 85 50 65 49 36 50 85 35 97 42 6 97 49 39 36 13 42 100 26 37 50 85 41 49
split_gain=501.936 754.962 775.443 621.632 902.452 836.612 1362.85 1321.23 946.385 591.37 560.229 683.289 691.554 1186.86 620.246 571.183 504.863 532.319 761.363 498.472 1231.08 1082.3 961.459 849.268 895.376 1086.05 1568.38 795.875 740.706 735.733
threshold=5186.0429687500009 350028.71875000006 0.195535384118557 0.02063796762377024 1.9561130404472353 0.00662131141871214 0.90000000596046459 182.50000000000003 0.83944088220596325 0.35222910344600683 -10.180565834045408 -312.49999999999994 0.90000000596046459 -8.8305778503417951 -1.160410482980989e-11 0.9866609275341035 -0.0090249925851821882 -3.566765979789998e-11 -0.076279435306787477 5.120812416076661 -11.668207645416258 0.0079851318150758761 1.0031448006629946 118643.48828125001 1.7533508539199831 7.3015630245208749 -167.49999999999997 0.90000000596046459 1.0011143684387209 0.87137606739997875
decision_type=2 2 2 2 2 2 2 2 2 2 2 2 2 2 2 2 2 2 2 2 2 2 2 2 2 2 2 2 2 2
left_child=1 19 3 -3 16 6 7 -6 -8 -4 11 -2 13 -13 -15 -12 -5 18 -18 21 22 27 -21 -22 25 28 -27 -1 -25 -23
right_child=10 2 9 4 5 -7 8 -9 -10 -11 15 12 -14 14 -16 -17 17 -19 -20 20 23 29 -24 24 -26 26 -28 -29 -30 -31
leaf_value=0.04081912801523499 -0.075830988772829427 -0.018277173361314455 -0.004694880714213665 0.040471065285519997 -0.030650109817334271 0.019050769746694316 0.011708598789101394 0.084893001545296998 -0.043548025407271235 -0.018014629429603076 -0.032728426965870729 -0.070454804672570023 -0.00068697648480412811 0.010270214308350878 0.074314628740942565 0.0062829545154965824 0.0020872305140673549 -0.0009598957268262975 0.025446871503975399 -0.0039069137385691127 -0.0031881265863171861 0.00091567531599511204 -0.022774967471374825 -0.0026866953170105318 -0.0063104251104409599 0.0082141426108933331 -0.00069800054059934084 -0.0030677053786861553 -0.025249827695450908 -0.0019288535245859679
leaf_weight=2887.3711716681719 156.64987802505493 4665.6011877208948 19793.874507859349 988.03553092479706 7790.9842313081026 2320.6052933931351 5501.8840776979923 254.56887258589268 900.87709628045559 14394.122131675482 989.77864414453506 195.21387913823128 1155.2847834676504 503.90521712601185 1519.1194646954536 17701.10509249568 8583.5597235709429 20392.138164803386 5875.947778776288 154764.13856884092 108941.73963554949 1851931.868056044 7058.9557528868318 22064.625306531787 28265.823673039675 114605.05480031669 86718.107355609536 1607.7048499435186 4354.6064808815718 259126.5983068049
leaf_count=6379 628 15453 59405 2290 27403 6252 15715 414 3305 48337 3310 719 3242 1420 2704 50299 24690 60706 15720 461471 325425 5330398 23125 64520 86019 318571 253569 4766 14116 769540
internal_value=0.000182267 0.000121429 -0.00434458 -0.000787462 0.000763838 -0.00880951 -0.0132856 -0.0269835 0.00392755 -0.0103034 0.00766645 0.0259317 0.0306796 0.0470109 0.0583775 0.00421519 0.00524334 0.00424337 0.0115814 0.00027602 -0.00110022 0.000618708 -0.00473013 0.000509314 0.00208275 0.0031245 0.00437531 0.0251243 -0.00640672 0.000566514
internal_weight=2.75601e+06 2.73379e+06 91462.2 57274.2 52608.6 16768.9 14448.3 8045.55 6402.76 34188 22221.1 3530.17 3373.52 2218.24 2023.02 18690.9 35839.7 34851.6 14459.5 2.64233e+06 526773 2.11555e+06 161823 364950 256008 227742 201323 4495.08 26419.2 2.11106e+06
internal_count=7999911 7937589 279690 171948 156495 53089 46837 27817 19020 107742 62322 8713 8085 4843 4124 53609 103406 101116 40410 7657899 1546816 6111083 484596 1062220 736795 650776 572140 11145 78636 6099938
is_linear=0
shrinkage=0.05


Tree=108
num_leaves=31
num_cat=0
split_feature=79 79 79 73 30 42 55 37 37 46 42 90 26 39 43 22 90 36 22 85 62 77 26 39 36 48 37 55 35 37
split_gain=488.905 629.256 517.929 545.637 475.821 1021.16 855.909 953.661 1196.19 1012.72 889.169 836.914 1283.55 1017.46 992.611 851.214 690.289 658.239 1022.29 979.512 988.099 984.117 888.149 933.024 684.997 857.342 1961.49 929.674 880.993 808.653
threshold=5.1673452854156503 1.9771168828010561 6.4956810474395761 1.0784353613853457 0.14249999821186068 1.0142232179641726 -609122.49999999988 -14.475243568420408 -9.2527027130126935 0.078219026327133193 0.99645218253135692 2460.950073242188 0.250303864479065 18.310605049133304 1.0002188086509707 3.5000000000000004 2764.650024414063 -26.292242050170895 3.5000000000000004 0.90000000596046459 36.972862243652351 1.5000000000000002 0.36214552819728857 6.3388719558715829 -18.087564468383786 0.24825246632099154 5.6658067703247079 5157.5000000000009 5.0381436347961435 24.468050003051761
decision_type=2 2 2 2 2 2 2 2 2 2 2 2 2 2 2 2 2 2 2 2 2 2 2 2 2 2 2 2 2 2
left_child=1 -1 3 -2 5 6 11 -8 10 -10 -9 12 15 16 -15 -3 -13 18 22 20 -20 -21 23 -6 25 28 -27 -28 29 -19
right_child=2 4 -4 -5 17 -7 7 8 9 -11 -12 13 -14 14 -16 -17 -18 24 19 21 -22 -23 -24 -25 -26 26 27 -29 -30 -31
leaf_value=0.00079213261677671713 -0.029078695067256438 -0.0102130360178267 -5.0933126327579367e-05 0.00245415368248503 -0.00051477200188297179 -0.037301004286982471 -0.023471338053870257 -0.0048139803133735309 -0.007070064598825615 0.0022938113450058323 0.034080902313563657 0.014696486177784476 -0.033310923024929461 -0.041941802108487497 0.0044494825643712705 0.042781925629345623 -0.037609986130643085 0.00063140922730911932 0.038448775578092093 0.036171078891172458 -0.020111093975109462 -0.021663123380631647 0.018304521913130128 -0.035143410181583415 -0.00038645885830578393 -0.021327585938217493 -0.0036979070604367401 0.026897392161428897 -0.034385710292937396 0.073534933275315448
leaf_weight=781519.05784338713 1375.1657984405756 1873.1643508151174 454123.26576635242 439004.14442200959 14443.490117423236 2183.7654023617506 6321.4361390173435 2493.8767236769199 107440.67186163366 39485.37910990417 3574.4582871794701 20783.551032006741 3333.6927427649498 1774.1043077558279 3289.399697124958 1270.9955933317542 649.51082994043827 39008.055072292686 5718.5453443527222 1104.0504208058119 823.3907408118248 2198.806598842144 5305.2312741279602 2246.9968463554978 773526.75833110511 20272.041299045086 15584.524741604924 2952.4013256877661 1803.4396003708243 383.11716464161873
leaf_count=2148425 4056 6801 1169854 1114760 47658 9161 23933 8748 371236 131677 9903 61617 13962 6928 10939 3475 2507 127607 14026 2341 2773 9146 15820 8981 2530868 74018 52224 8653 6962 852
internal_value=0.000173167 -0.000288498 0.00113385 0.00235561 -0.00107059 -0.00331005 -0.00292381 -0.00444144 -0.00365498 -0.00455355 0.0180975 0.00440842 -0.0117002 0.00834713 -0.0118088 0.0112149 0.0131095 -0.000578678 0.00647979 0.0198705 0.0310755 -0.0023242 0.000485533 -0.00517886 -0.000842004 -0.00524639 -0.010579 0.00117597 -0.000222359 0.00134244
internal_weight=2.75587e+06 1.86136e+06 894503 440379 1.07984e+06 194474 192290 159316 152994 146926 6068.34 32974.4 6477.85 26496.6 5063.5 3144.16 21433.1 885371 31840.5 9844.79 6541.94 3302.86 21995.7 16690.5 853530 80003.6 38809 18536.9 41194.6 39391.2
internal_count=7999911 5711241 2288670 1118816 3562816 660887 651726 545497 521564 502913 18651 106229 24238 81991 17867 10276 64124 2901929 100745 28286 16799 11487 72459 56639 2801184 270316 134895 60877 135421 128459
is_linear=0
shrinkage=0.05


Tree=109
num_leaves=31
num_cat=0
split_feature=22 36 37 37 25 25 25 54 26 90 49 25 46 54 49 90 30 55 55 37 55 36 54 90 55 31 55 46 48 54
split_gain=493.035 1363.14 2085.23 1325.2 1319.75 1437.75 1285.46 1620.4 1629.57 1417.02 2549.72 1310.4 1286.71 1245.27 1785.28 2470.11 1491.36 1411.91 1292.23 1236.85 1195.42 1110.77 1091.69 2142.83 1755.05 1682.78 1380.94 1079 1068.14 1594.15
threshold=1.5000000000000002 -0.75906735658645619 -2.3466914892196651 -6.9457626342773429 2.7693603038787846 1.5989452600479128 0.92481735348701488 4572.5000000000009 1.0482359528541567 4463.4624023437509 -0.3317298144102096 0.9010223150253297 0.055555563420057304 21412.500000000004 -0.41268247365951533 4598.7700195312509 0.88749998807907116 -31279.999999999996 8447.5000000000018 4.3521208763122567 -518937.49999999994 -17.269630432128903 366272.50000000006 2663.878051757813 -670244.99999999988 291.41333007812506 -358139.99999999994 0.3142362534999848 -0.49049438536167139 528075.00000000012
decision_type=2 2 2 2 2 2 2 2 2 2 2 2 2 2 2 2 2 2 2 2 2 2 2 2 2 2 2 2 2 2
left_child=1 2 3 -1 5 -5 7 -4 9 11 -11 -9 20 16 15 -15 18 -16 -14 -18 -8 -6 26 24 -24 -25 -3 -28 29 -10
right_child=-2 22 6 4 21 -7 12 8 28 10 -12 -13 13 14 17 -17 19 -19 -20 -21 -22 -23 23 25 -26 -27 27 -29 -30 -31
leaf_value=0.0014592732294948603 -0.00027703216724808417 -0.075736421390419417 -0.020449364959467017 -0.0064013992809369216 0.02675606658802759 -0.025678321411309254 0.013141369176481286 0.0034528879591594281 -0.071205365062734491 -0.042031847507629699 0.027369787172713725 -0.018185931065629764 0.011367717933125144 0.019154533617134626 0.0016920652314162052 -0.052170875247250295 0.0059056548944677488 0.019541461607122734 -0.0032376329730944248 -0.028537980187109492 -0.012132088103632352 -0.0087855369139356286 0.0024522361561687112 -0.0084895243734084743 -0.020946069824567107 0.011240809355022424 -0.0046764408457276186 0.029423164333170479 -0.0056344515992490674 -0.0004871441476701907
leaf_weight=57867.596528343856 1919049.5918152407 675.81262631714344 8125.9561688750982 27124.957186721265 4162.8394809365273 15034.361934177577 6658.3889103382826 194730.60726737231 1618.5009667873383 1490.346033975482 11754.054606556892 7256.1359785944223 39995.911394894123 55821.431169047952 51688.850607596338 1239.8666009604931 4445.4264204204082 14100.91837105155 24372.077619940042 6297.5861009955406 15729.820372134447 4655.9558617919683 17310.411586746573 13510.82445473969 14921.407139331102 53978.854457587004 153216.34779340029 2354.5029310584068 24417.594094760716 1569.2315610945225
leaf_count=169963 5597126 2735 26328 82811 10213 49436 18124 547832 6386 5017 29682 22598 107601 142811 146659 4303 12425 36455 72376 20493 48649 14277 49733 40101 48035 146304 458113 5750 72962 4613
internal_value=0.000164462 0.00117777 0.00251876 -0.00371887 -0.00959683 -0.0132763 0.0039593 0.00151247 0.00224747 0.00371438 0.0195573 0.00267543 0.00674602 0.00803093 0.0111317 0.0176038 0.00295915 0.00551809 0.00583756 -0.0142856 -0.00461513 0.00799215 -0.00186159 0.00222567 -0.00837994 0.00729083 -0.00447024 -0.00416014 -0.00918911 -0.0364054
internal_weight=2.75518e+06 836127 580158 108846 50978.1 42159.3 471313 250962 242836 215231 13244.4 201987 220350 197962 122851 57061.3 75111 65789.8 64368 10743 22388.2 8818.8 255968 99721.5 32231.8 67489.7 156247 155571 27605.3 3187.73
internal_count=7999911 2402785 1652014 326700 156737 132247 1325314 715418 689090 605129 34699 570430 609896 543123 330228 147114 212895 183114 179977 32918 66773 24490 750771 284173 97768 186405 466598 463863 83961 10999
is_linear=0
shrinkage=0.05


Tree=110
num_leaves=31
num_cat=0
split_feature=86 77 77 87 94 54 55 39 42 39 53 43 53 39 40 13 54 55 36 55 28 49 28 36 35 55 99 94 55 38
split_gain=515.362 768.99 636.379 1058.04 1010.53 978.974 1204.59 892.881 1236.66 1027.57 838.64 1031.23 831.302 775.539 881.042 833.986 700.875 1190.26 670.084 666.8 1061.86 648.968 764.391 704.79 645.708 674.552 619.29 612.614 580.885 640.265
threshold=6.0000000000000009 1.8130434155464175 3.7121527194976811 1.0000000180025095e-35 2685.4450683593755 717857.50000000012 -737772.49999999988 6.6020512580871591 1.0008414387702944 0.19302336126565936 1.0000000180025095e-35 0.9997026026248933 1.0000000180025095e-35 7.0500025749206552 1.0000000180025095e-35 0.012826513033360245 630327.50000000012 -618137.49999999988 2.7774790525436406 -711117.49999999988 0.92499998211860668 -0.6343555450439452 0.27500000596046453 -8.3221287727355939 -32.216985702514641 -667777.49999999988 106002.25000000001 4485.0400390625009 -685702.49999999988 -14.071486473083494
decision_type=2 2 2 2 2 2 2 2 2 2 2 2 2 2 2 2 2 2 2 2 2 2 2 2 2 2 2 2 2 2
left_child=28 -2 -3 4 7 19 21 8 12 -10 -8 -12 -4 16 18 -16 17 -6 -15 20 -5 23 -23 -7 -9 -26 -21 -28 29 -1
right_child=1 2 3 5 13 6 10 24 9 -11 11 -13 -14 14 15 -17 -18 -19 -20 26 -22 22 -24 -25 25 -27 27 -29 -30 -31
leaf_value=0.019738167011092059 0.0017977578443569347 -0.00095262420227291305 -0.014356748909594109 -0.088485128965671733 0.032403241390219079 0.049845824786026699 0.059909384356587117 0.058124431810711363 -0.028930206939491627 0.0017306352646572162 0.050269869451973738 -0.002638254496489168 0.011669604963416687 -0.0043765143155225558 0.053696274745790064 0.013120613308795409 -0.069228164849926471 -0.0010678061412881278 0.027608443315966253 -0.076175333091721822 0.018069401045194569 -0.035420152982852608 0.0070052776839814972 -0.0085015948975488385 -0.0095688299230549407 -0.032855439587428807 0.0042120318340134197 -0.0025778975689793983 -0.00066498514783129179 -0.0078799415231894567
leaf_weight=2204.5834203511477 776410.8056004867 896032.18453274667 4058.3292805925012 504.52074459195137 2701.7388101816177 1255.3381518274546 2017.6597094833851 262.47238609194756 6557.8393839821219 4683.5910935923457 1606.0062638968229 2156.7929754406214 12563.306517377496 8065.7954761683941 1903.7166158258915 3783.1163126379251 370.72074118256569 153879.06754140556 2053.5118453651667 245.83576580882072 434.3568372875452 1605.68436601758 3128.959761634469 879.47402587532997 6349.6943294107914 6097.6923374831676 196349.27817592025 39982.942698568106 573953.07960594445 43215.238066092134
leaf_count=6320 2102210 2665665 14363 1921 7158 2522 3711 661 24514 15385 3168 5776 37659 25821 4311 10809 1537 475747 5737 891 1044 5138 8226 2429 22222 22942 517442 112364 1748935 143514
internal_value=0.000174117 0.000542352 -0.000174593 0.00132948 -0.00125744 0.00353551 0.0170883 -0.00835831 -0.0033482 -0.0161563 0.0339063 0.0199496 0.00531424 0.000410245 0.0109665 0.0267116 -0.000652873 -0.000490041 0.00211579 0.00281361 -0.0392173 0.00293285 -0.00738606 0.0258135 -0.0193401 -0.0209785 0.00298059 0.00306328 -0.00109575 -0.0065389
internal_weight=2.75531e+06 2.13594e+06 1.35953e+06 463497 213331 250167 12649.9 40572.9 27863.1 11241.4 5780.46 3762.8 16621.6 172758 15806.1 5686.83 156952 156581 10119.3 237517 938.878 6869.46 4734.64 2134.81 12709.9 12447.4 236578 236332 619373 45419.8
internal_count=8000142 6101373 3999163 1333498 668866 664632 30970 137746 91921 39899 12655 8944 52022 531120 46678 15120 484442 482905 31558 633662 2965 18315 13364 4951 45825 45164 630697 629806 1898769 149834
is_linear=0
shrinkage=0.05


Tree=111
num_leaves=31
num_cat=0
split_feature=86 77 25 54 85 100 100 54 54 54 85 36 25 22 54 85 54 77 25 30 54 49 54 85 36 37 90 54 85 100
split_gain=465.194 694.165 586.063 1642.63 1129.75 3001.08 1591.89 2332.92 1348.39 1101.65 793.2 925.403 783.391 1266.6 1368.99 1583.98 1810.17 943.287 1535.98 1351.77 939.222 768.199 1266.87 1382.21 713.684 705.176 649.495 633.549 1301.29 2389.49
threshold=6.0000000000000009 1.8130434155464175 1.4970517158508303 22077.500000000004 0.90000000596046459 239262.89843750003 273421.62500000006 15207.500000000002 457.50000000000006 29977.500000000004 0.90000000596046459 -14.213872909545897 1.7165036201477053 3.5000000000000004 322292.50000000006 0.90000000596046459 729107.50000000012 1.5000000000000002 7.2315151691436776 0.70749998092651378 3907.5000000000005 0.26932403445243841 23337.500000000004 0.90000000596046459 -8.5131607055664045 -8.0158219337463361 4451.0634765625009 528075.00000000012 0.90000000596046459 126780.38671875001
decision_type=2 2 2 2 2 2 2 2 2 2 2 2 2 2 2 2 2 2 2 2 2 2 2 2 2 2 2 2 2 2
left_child=-1 2 3 4 5 24 8 -8 -7 10 11 26 20 14 25 16 -16 18 19 -15 -4 -22 23 -23 -2 -14 -5 -11 29 -29
right_child=1 -3 12 9 -6 6 7 -9 -10 27 -12 -13 13 17 15 -17 -18 -19 -20 -21 21 22 -24 -25 -26 -27 -28 28 -30 -31
leaf_value=-0.0010410943938501027 0.056927425261611923 -0.00016587382945028634 0.025689709485912537 0.026625952590604646 -0.00056865731772181335 0.037282098589703369 -0.002652553935506822 -0.039902235294209609 -0.039293849109820311 0.00028592259716017881 0.0053311500530924998 0.045195502657363662 0.014125644456911592 0.0070626261325961977 -0.027287562712090485 0.00020169464039056399 0.037188939890715145 -0.0026310641502146981 -0.067356461644244234 0.029663059475566789 0.011710018249286308 -0.080716628363132259 0.004150693987879951 -0.0065928145293280924 -0.076946538257014252 0.0013838239860897155 -0.039115222530071714 0.010607111392404833 0.00020290855881115362 -0.062805384723243818
leaf_weight=619304.24176002294 1804.7524091601372 1359342.8030348048 7447.1064213365316 896.75582870841026 56442.394810095429 619.23013015091419 24150.189554914832 5088.2335636764765 7885.2980450391769 285559.62744620442 6265.6103798300028 3712.0251859426498 12323.238115206361 15217.443311870098 12607.265645846725 20447.012394092977 1190.5082907527685 10162.047466397285 551.1351468116045 11706.630782186985 27107.636099562049 975.19735851883888 14190.146594300866 1768.9804446697235 104.48396977782249 91323.779620856047 645.06732031702995 67494.559485062957 87437.869546338916 1125.9301354289055
leaf_count=1898769 3356 3999163 18039 2021 160655 1323 65128 15969 25024 774982 17060 7587 31864 38429 37365 58148 2539 31042 1938 25824 69133 3618 37926 5203 377 249603 2025 164931 247248 3853
internal_value=0.000165441 0.000515329 0.00170823 0.000824947 -0.00511283 -0.0115809 -0.0146752 -0.00913627 -0.0337139 0.00208416 0.0173481 0.0316745 0.00384516 0.00225431 3.52562e-05 -0.00863183 -0.0217217 0.0103839 0.0151977 0.0168903 0.00926821 0.00649085 -0.00186364 -0.0329558 0.049562 0.00289895 -0.000883097 0.00168596 0.00424773 0.00940158
internal_weight=2.7549e+06 2.13559e+06 776250 549232 96094.6 39652.2 37743 29238.4 8504.53 453137 11519.5 5253.85 227018 175529 137892 34244.8 13797.8 37637.3 27475.2 26924.1 51489.1 44042 16934.3 2744.18 1909.24 103647 1541.82 441618 156058 68620.5
internal_count=8000142 6101373 2102210 1491539 271832 111177 107444 81097 26347 1219707 28693 11633 610671 476752 379519 98052 39904 97233 66191 64253 133919 115880 46747 8821 3733 281467 4046 1191014 416032 168784
is_linear=0
shrinkage=0.05


Tree=112
num_leaves=31
num_cat=0
split_feature=97 54 54 54 50 62 63 28 39 35 22 85 54 9 46 65 39 31 36 97 97 25 85 25 90 55 85 13 54 26
split_gain=460.423 730.629 1000.65 1168.55 902.946 867.835 700.229 698.066 693.159 675.527 562.63 559.869 558.986 767.301 754.405 543.198 1004.45 797.802 1178.26 1109.92 1187.51 884.102 2279.04 909.329 772.374 1032 942.63 1555.2 1243.12 960.556
threshold=-5.1671926975250235 15207.500000000002 302165.00000000006 393907.50000000006 292.50000000000006 46.068367004394538 -0.33381927013397211 0.37500000000000006 4.0156235694885263 -12.241183757781981 1.0000000180025095e-35 0.90000000596046459 454117.50000000006 0.23125599324703219 0.068562984466552748 0.50971689820289623 -2.7156761884689327 254.15478515625003 5.9542081356048593 -4.5169901847839347 -4.4690701961517325 2.9369496107101445 0.90000000596046459 2.6954565048217778 5186.0429687500009 19872.500000000004 0.90000000596046459 0.018334021791815761 302.50000000000006 1.4833741784095766
decision_type=2 2 2 2 2 2 2 2 2 2 2 2 2 2 2 2 2 2 2 2 2 2 2 2 2 2 2 2 2 2
left_child=1 -1 4 9 6 12 -3 10 -6 11 -8 -4 -5 14 -14 17 -17 18 19 -2 -21 23 -23 -22 25 -19 27 -27 -29 -28
right_child=15 2 3 5 8 -7 7 -9 -10 -11 -12 -13 13 -15 -16 16 -18 24 -20 20 21 22 -24 -25 -26 26 29 28 -30 -31
leaf_value=-0.0046318546420090652 -0.0084416465275901822 -0.0023755001502450464 0.056124518393300404 0.017589556924023777 -0.033764885982008136 0.036588401251979118 -0.025056084542192877 0.010798093187055496 0.017860272819442493 -0.020229026286501341 0.028962517192328136 -0.035883754130382882 -0.0029970020887465903 -0.020018352002072456 0.014107321821550327 0.0015520910192924275 -0.0019871664921650395 4.5879666409278854e-05 -0.008055911068970377 0.038180763191665128 0.0027576318338002302 0.018991060337618673 -0.0049432179477472927 -0.019544873956944916 0.01339010775523708 0.019986745824034872 -0.0036196283430597574 0.021625522106993044 -0.022603924662941831 0.03124002091705996
leaf_weight=22999.985518507659 20571.023129627109 5951.0071299374104 547.18711215257645 5289.731622248888 1867.4393730461597 1965.7107150256634 504.43619780242443 20065.745244771242 996.31834354996681 8038.6026744246483 10479.505654081702 235.86745604872704 18365.942335933447 4147.920009791851 9931.8582477867603 286108.8158435002 669713.22343354672 1160376.5894272551 25947.494055733085 2445.9145905077457 378075.69679434597 26725.318371921778 15840.396424859762 4625.2832281291485 10493.319026887417 2902.0643800795078 15736.381995096803 1727.8447027653456 19604.110524870455 2258.9040423333645
leaf_count=69151 61636 17212 1135 13711 6366 4780 1637 54882 2743 25560 25937 816 54274 13134 26788 821576 1968335 3375688 77883 5862 1076267 69831 47477 15035 28658 7998 48430 4409 67179 5752
internal_value=0.000157314 0.00330626 0.00537199 0.000549727 0.0112413 0.00420748 0.013335 0.0163462 -0.0158025 -0.0159098 0.0264792 0.0283935 0.00251964 6.21241e-05 0.00300632 2.46091e-05 -0.000927745 0.000564092 0.00230297 0.00290259 0.00344823 0.00324837 0.0100841 0.00248802 -0.000115678 -0.000233537 -0.0079113 -0.0143483 -0.0190203 0.000757433
internal_weight=2.75454e+06 111387 88387.3 48522.8 39864.5 39701.2 37000.7 31049.7 2863.76 8821.66 10983.9 783.055 37735.5 32445.7 28297.8 2.64315e+06 955822 1.68733e+06 474231 448284 427713 425267 42565.7 382701 1.2131e+06 1.20261e+06 42229.3 24234 21332 17995.3
internal_count=8000142 318126 248975 140198 108777 112687 99668 82456 9109 27511 27574 1951 107907 94196 81062 7682016 2789911 4892105 1353991 1276108 1214472 1208610 117308 1091302 3538114 3509456 133768 79586 71588 54182
is_linear=0
shrinkage=0.05


Tree=113
num_leaves=31
num_cat=0
split_feature=62 53 36 54 42 35 35 39 25 87 49 30 25 87 52 37 22 90 90 36 55 52 54 94 77 25 53 36 77 37
split_gain=457.729 1045.84 846.335 813.021 612.366 807.375 657.698 508.47 1117.61 2497.35 1572.04 1830.75 2669.48 1435.51 2146.56 2425.24 2795.47 1887.54 1855.63 2704.82 2201.83 1760.07 1930.54 1969.32 1490.76 1454.92 1765.89 1411.11 1343.35 1334.99
threshold=10.053500175476076 0.87837970256805431 0.90350010991096508 630327.50000000012 1.0012316107749941 1.8745868206024172 7.8750300407409677 -5.5501620769500724 0.65831434726715099 1.0000000180025095e-35 -0.87137606739997853 0.19249999523162845 1.6984481215476992 1.0000000180025095e-35 457.50000000000006 7.5124614238739023 1.5000000000000002 2738.785034179688 2669.9365234375005 1.7100802659988406 -574327.49999999988 672.50000000000011 196127.50000000003 3333.5415039062505 1.5000000000000002 0.53246352076530468 0.87837970256805431 1.3846079111099245 1.5000000000000002 0.22533639520406726
decision_type=2 2 2 2 2 2 2 2 2 2 2 2 2 2 2 2 2 2 2 2 2 2 2 2 2 2 2 2 2 2
left_child=1 2 4 -4 5 -1 -7 8 13 -10 11 -11 -13 21 -15 16 17 -16 20 -20 -17 22 23 -2 -24 26 -23 -28 -12 -18
right_child=7 -3 3 -5 -6 6 -8 -9 9 10 28 12 -14 14 15 18 29 -19 19 -21 -22 25 24 -25 -26 -27 27 -29 -30 -31
leaf_value=0.0023390350065322072 0.064894237677263086 -0.021447570837952082 -0.021280978031244499 0.024595048225743901 0.012841119844678013 -0.040674866874108415 0.016630372061181273 -7.7420471904909369e-05 0.0055061812316498614 0.044906106929993764 -0.0011653668456928943 0.0055281599647947861 -0.061842114468487225 0.034540615715478215 -0.001887569414464268 0.011827669418528093 0.0494563262419307 0.051463844731912449 0.0089739125431411264 -0.02861003698848541 0.046481648848716264 -0.0067089862919068599 0.005843058648835435 -0.015600392930993454 -0.044879209691976722 0.019365659604822172 0.0091151482827571458 0.064036101509193727 -0.011557379450166931 -0.024621673041015139
leaf_weight=12879.116300627589 1175.7086644917727 7880.2636010348797 7187.6409587711096 1114.6929494291544 10094.065824940801 2143.374189183116 652.46980567276478 2258198.1303750351 108389.49719458073 2707.1453874707222 56662.284329615533 27445.36836117506 1552.609118282795 7223.7457614839077 4783.1102613955736 14060.35759973526 635.36689890921116 2536.0872094631195 61060.085506051779 5193.3179771304131 6800.9420528262854 36954.361965104938 1913.6536292880774 2143.8648144155741 5955.1754960566759 10588.924375146627 12515.482065066695 1289.2534060776234 68929.360334739089 13757.686464369297
leaf_count=36870 2384 25367 23233 2850 27782 7395 1775 6568482 315332 6038 163700 75001 5863 16888 13278 37297 1394 5291 165116 16841 14798 114291 4791 6718 22105 28394 35565 2739 208661 43903
internal_value=0.000149458 -0.00503331 -0.00123624 -0.0151187 0.00323668 -0.00294831 -0.0272985 0.00022962 0.00175593 -0.000333488 -0.00435751 0.00559077 0.00191884 0.00469956 0.00814836 0.00639614 -0.00855453 0.0166024 0.0101225 0.00602741 0.0231271 -0.000818128 -0.0190551 0.0129182 -0.032544 0.00250803 -0.00100888 0.014249 -0.00686898 -0.021348
internal_weight=2.75442e+06 41951.6 34071.4 8302.33 25769 15675 2795.84 2.71247e+06 454273 265686 157297 31705.1 28998 188587 116051 108827 21712.3 7319.2 87114.7 66253.4 20861.3 72536.4 11188.4 3319.57 7868.83 61348 50759.1 13804.7 125592 14393.1
internal_count=8000142 125272 99905 26083 73822 46040 9170 7874870 1306388 774595 459263 86902 80864 531793 314806 297918 63866 18569 234052 181957 52095 216987 35998 9102 26896 180989 152595 38304 372361 45297
is_linear=0
shrinkage=0.05


Tree=114
num_leaves=31
num_cat=0
split_feature=79 79 65 55 97 31 81 54 39 42 62 54 62 25 36 42 55 90 26 90 36 54 54 85 41 42 25 94 42 45
split_gain=447.377 612.669 517.982 756.373 736.675 685.233 882.155 1078.9 846.481 985.384 820.547 797.98 793.259 782.589 1460.91 1248.59 742.647 1529.78 1393.08 1226.53 1766.87 926.725 665.997 645.355 750.665 628.959 807.26 702.339 568.52 866.303
threshold=5.1673452854156503 1.4458661079406741 0.71593889594078075 -749252.49999999988 -4.5743167400360099 497.95137023925787 1.0000000180025095e-35 1357.5000000000002 -7.1166064739227286 0.99437326192855846 46.71466255187989 659462.50000000012 19.673802375793461 2.9369496107101445 5.1795637607574472 0.99609333276748668 -717607.49999999988 2489.5715332031255 -1.0223924517631529 2641.8959960937505 1.0608428716659548 382882.50000000006 617.50000000000011 0.90000000596046459 0.99126955866813671 1.0142232179641726 2.9369496107101445 4916.8798828125009 1.0006476044654848 1.0068875551223757
decision_type=2 2 2 2 2 2 2 2 2 2 2 2 2 2 2 2 2 2 2 2 2 2 2 2 2 2 2 2 2 2
left_child=1 -1 5 23 25 6 7 12 9 -7 11 -11 -3 15 -15 -9 17 18 -10 20 -18 -21 -14 -4 -25 26 27 -5 -6 -30
right_child=-2 2 3 4 28 8 -8 13 16 10 -12 -13 22 14 -16 -17 19 -19 -20 21 -22 -23 -24 24 -26 -27 -28 -29 29 -31
leaf_value=0.0014786565175385475 0.0010610740795382807 -0.021439718728659529 -0.038927646249726923 0.0069551149558928884 -0.00075428766218020311 -0.01910038284492846 -0.0038523813001617516 -0.0059778215634751133 0.02354896635816944 0.0027299758867170079 -0.034840860784404716 0.016700803559473704 0.014324853836182603 0.012294493750648811 -0.023885423593492605 0.0026331467809538401 -0.0064113906604050018 0.032457758280444456 -0.0066273362409578068 -0.0037437009053712411 -0.033303651600630986 0.0016800631588739573 -0.014576689176972147 0.11707511733134597 -0.0088035789102936541 0.046656427130855244 -0.031340268348474358 -0.037969478667093687 -0.0060985504821214481 0.0042675087595644926
leaf_weight=384215.85394452512 894221.56401351094 8446.2552400454879 2588.3484649509192 30027.861091554165 178422.65176282823 4854.5473766848445 79626.362050287426 47366.092578239739 4954.9036580398679 74978.572325348854 1335.6565129160881 11833.499726645648 4177.6043583005667 33599.217336386442 3041.8140630424023 378374.30265541375 38982.082243323326 4443.7783188670874 16753.006459414959 240941.43605269492 7242.0938405245543 116999.12080544233 3810.3981822803617 126.72815027832985 1626.8625878617167 882.12068484723568 1547.4914414584637 894.94298539310694 154759.16367910802 23171.560314022005
leaf_count=1036491 2289435 31365 10096 91159 562123 17256 289845 150127 14652 232058 4876 34050 12050 96894 10713 1137177 126582 11757 57774 783526 27224 364677 14482 304 6413 2199 5597 3502 503363 72375
internal_value=0.000142017 -0.000299824 -0.000762843 -0.00231488 -0.00208361 -0.000197482 0.00102071 0.00183111 -0.00149744 0.00282807 0.00403599 0.00463459 -0.0107578 0.00227859 0.00929025 0.0016751 -0.00243231 0.00573324 0.000261044 -0.00296069 -0.0106254 -0.00197084 0.000537655 -0.0230661 0.000352089 0.00502209 0.00388945 0.0056536 -0.00274869 -0.00474855
internal_weight=2.75425e+06 1.86002e+06 1.47581e+06 394048 389706 1.08176e+06 558442 478816 523319 93002.3 88147.7 86812.1 16434.3 462381 36641 425740 430316 26151.7 21707.9 404165 46224.2 357941 7988 4341.94 1753.59 33352.4 32470.3 30922.8 356353 177931
internal_count=8000142 5710707 4674216 1257131 1240318 3417085 1742653 1452808 1674432 288240 270984 266108 57897 1394911 107607 1287304 1386192 84183 72426 1302009 153806 1148203 26532 16813 6717 102457 100258 94661 1137861 575738
is_linear=0
shrinkage=0.05


Tree=115
num_leaves=31
num_cat=0
split_feature=54 54 55 87 35 13 39 55 8 25 55 55 54 45 54 35 87 6 42 54 36 90 25 86 90 21 63 86 48 50
split_gain=435.994 1376.36 1355.21 1144.68 1669.99 1471.72 1268.35 1258.34 1205.85 1157.86 1121.02 1258.37 1120.71 1394.54 1117.67 1660.04 2682.68 1375.57 1213.72 1101.82 1324.42 1197.97 1098.03 1380.62 1127.34 1079.45 1172.98 1032.57 1036.53 1024.43
threshold=787.50000000000011 2462.5000000000005 7467.5000000000009 1.0000000180025095e-35 7.6292667388916025 0.054083453491330154 1.4623497128486636 11817.500000000002 0.0091420183889567869 5.3437049388885507 1347.5000000000002 4682.5000000000009 152.50000000000003 1.0030310750007632 1357.5000000000002 -7.8593313694000235 1.0000000180025095e-35 -0.0074911629781126967 1.011419475078583 457.50000000000006 -18.308820724487301 5130.6899414062509 0.68307533860206615 6.0000000000000009 4845.8071289062509 5.5000000000000009 -0.37640063464641565 6.0000000000000009 0.9279436767101289 167.50000000000003
decision_type=2 2 2 2 2 2 2 2 2 2 2 2 2 2 2 2 2 2 2 2 2 2 2 2 2 2 2 2 2 2
left_child=2 10 12 5 7 6 19 22 25 27 -2 -12 13 -1 17 16 -16 -13 -17 20 -4 -22 29 -24 -25 -9 -27 -6 -29 -5
right_child=1 -3 3 4 9 -7 -8 8 -10 -11 11 14 -14 -15 15 18 -18 -19 -20 -21 21 -23 23 24 -26 26 -28 28 -30 -31
leaf_value=-0.052527835953227089 -0.027701022596685977 0.00026900087134666174 0.053552727948363001 0.043219490099843688 -0.011584564972359802 -0.036633218349070594 -0.0059045047503772504 -0.022941227195680602 0.06306120529775551 0.056851952556979807 0.035371833033841713 0.027660638676513458 0.025605997959484025 0.038638049621351644 0.0056115907743656233 0.00054063931937785748 -0.042909160663836494 -0.017267140829724591 0.044386796104896445 0.040768148022724049 -0.015901820160951347 0.052339290006740737 0.00091854000606610825 -0.015400583484789152 -0.076528308500423289 0.049243458274634812 0.003960674596422009 -0.081087120969536866 -0.0090626545366937275 -0.03748214079696658
leaf_weight=1088.7822971940041 5493.0269990563393 2601481.1997840628 1291.540706500411 1205.7046363949776 1784.6179778277874 1543.1853881776333 5185.9212409555912 2687.9159269630909 960.73852989077568 326.63759368658066 1940.6774873435497 1832.4448387473822 10343.756159350276 681.01846908032894 5584.0439702570438 52046.666954874992 5813.8560111895204 24079.484218522906 1626.6859472244978 5205.7074912786484 3669.2269947528839 778.74815791845322 2311.4847974330187 1325.5821639597416 1751.623368293047 1799.7680185586214 6949.9867103993893 1821.5692271441221 688.73237393796444 582.38091650605202
leaf_count=3816 18477 7536303 2848 2696 6206 5569 15922 8866 1873 723 4759 4882 25644 1543 16830 153713 25121 82003 3698 12522 11609 1739 7230 4006 6964 4027 19617 7293 2102 2089
internal_value=0.000138385 4.9421e-05 0.00458748 0.000326169 -0.00673918 0.00999899 0.0144624 -0.000355868 0.00928859 -0.0337695 -0.00575469 -0.00445703 0.0193153 -0.0174424 -0.00530702 -0.0018098 -0.0191391 -0.0140888 0.00187039 0.0241124 0.00900046 -0.00394401 -0.017017 -0.028282 -0.0502112 0.00476625 0.0132802 -0.0406742 -0.0613398 0.0169258
internal_weight=2.75388e+06 2.6999e+06 53984.6 41871.1 24196.7 17674.3 16131.1 19575.2 12398.4 4621.56 98416.9 92923.9 12113.6 1769.8 90983.2 65071.3 11397.9 25911.9 53673.4 10945.2 5739.52 4447.98 7176.78 5388.69 3077.21 11437.7 8749.75 4294.92 2510.3 1788.09
internal_count=8000690 7845786 154904 123901 73692 50209 44640 57368 34383 16324 309483 291006 31003 5359 286247 199362 41951 86885 157411 28718 16196 13348 22985 18200 10970 32510 23644 15601 9395 4785
is_linear=0
shrinkage=0.05


Tree=116
num_leaves=31
num_cat=0
split_feature=62 53 36 42 38 55 54 35 31 52 30 39 85 50 90 54 64 54 25 49 54 54 36 54 85 54 39 39 86 99
split_gain=430.28 1092.47 977.283 779.937 1289.65 806.322 717.409 631.56 521.911 507.152 698.842 469.11 677.131 723.618 692.876 891.27 644.228 621.362 493.175 464.786 1082.26 2540.33 2239.18 1660.53 2866.46 1815.77 1748.76 1728.75 3019.6 1469.54
threshold=10.924385070800783 0.87837970256805431 0.90350010991096508 1.0011870861053469 1.8691753149032595 15082.500000000002 630327.50000000012 7.3997821807861337 166.38596343994143 272.50000000000006 0.47749999165534979 4.5119898319244394 0.90000000596046459 -562.49999999999989 4224.5695800781259 43132.500000000007 51.277761459350593 548547.50000000012 0.98490977287292492 0.60003554821014415 120622.50000000001 163537.50000000003 -12.123273372650145 234567.50000000003 0.90000000596046459 216592.50000000003 2.4429029226303105 0.064702488481998457 6.0000000000000009 182560.69531250003
decision_type=2 2 2 2 2 2 2 2 2 2 2 2 2 2 2 2 2 2 2 2 2 2 2 2 2 2 2 2 2 2
left_child=1 2 3 4 5 -1 11 -6 -3 10 -10 12 14 16 17 -16 -14 -4 -15 -2 -21 22 -22 24 27 26 -26 -23 -29 -25
right_child=19 8 6 -5 7 -7 -8 -9 9 -11 -12 -13 13 18 15 -17 -18 -19 -20 20 21 23 -24 29 25 -27 -28 28 -30 -31
leaf_value=-0.00024169103680094309 0.00062574828140719906 -0.00015042135524980874 -0.056035687043604399 0.01114316774967037 -0.036369662311962758 0.033175467667278254 0.017875209746391712 0.0054835569405900066 -0.021526810455187242 -0.033445414808873218 0.017479849625629141 0.0034709325175880652 -0.034374901599038298 -0.040104195161029907 -0.031296240172713721 0.047636166023271843 0.010285722379975016 -0.0026877239912889515 0.067189253645739855 -0.0034334847728738974 0.032601914426924512 -0.011400653794547931 0.0046802303673225132 0.00034897124269744672 0.0022178353642469651 -0.023199527360250678 0.039062710211701594 -0.0044929785027375008 -0.065020425425368386 0.027996768011805395
leaf_weight=21836.020365685225 1982909.9856023639 3955.1474220305681 2934.5895272046328 17544.290481336415 3597.5936844795942 1966.7798694372177 1681.486685141921 1201.9887882918119 4592.7626644521952 4834.5182057470083 1529.9643724411726 2232.7156620770693 1919.893379881978 136.98873394727707 1174.8468799293041 512.94618473947048 1392.208169400692 670.8552411198616 479.9829046279192 259485.84335841238 10908.315214604139 18083.735067561269 21009.2428624928 353872.38289717585 10939.901069626212 4439.2315393090248 4563.2515819817781 3629.9873911142349 4765.9840316623449 4871.3729923069477
leaf_count=63229 5718603 11490 10723 48635 12297 4923 4432 3431 15079 16120 4106 6496 6667 472 3930 1151 4017 1923 1009 783712 26907 55410 59732 1036340 32098 14980 11261 11676 17474 12367
internal_value=0.000131437 -0.00362453 -0.000581418 0.00284373 -0.00224707 0.00252057 -0.0126131 -0.0258881 -0.015721 -0.0213405 -0.0117776 -0.0170901 -0.0220683 -0.00633892 -0.0337396 -0.00729051 -0.0156033 -0.0461143 0.043332 0.000235444 -0.000875621 0.000642914 0.0142238 -0.00042696 -0.00932515 0.00499142 0.013065 -0.0201072 -0.0388557 0.000724491
internal_weight=2.75367e+06 74195.6 59283.2 46146.7 28602.4 23802.8 13136.5 4799.58 14912.4 10957.2 6122.73 11455 9222.31 3929.07 5293.24 1687.79 3312.1 3605.44 616.972 2.67948e+06 696569 437083 31917.6 405166 46422.1 19942.4 15503.2 26479.7 8395.97 358744
internal_count=8000690 220130 173335 132515 83880 68152 40820 15728 46795 35305 19185 36388 29892 12165 17727 5081 10684 12646 1481 7780560 2061957 1278245 86639 1191606 142899 58339 43359 84560 29150 1048707
is_linear=0
shrinkage=0.05


Tree=117
num_leaves=31
num_cat=0
split_feature=90 99 37 25 25 49 50 25 7 85 46 25 25 37 26 36 55 85 55 54 86 86 49 26 35 22 85 36 49 49
split_gain=434.117 613.844 687.029 761.435 1066.21 708.564 694.5 818.696 770.166 1038.73 743.004 628.914 1408.03 766.71 613.154 597.882 507.103 1237.8 1330.1 1343.38 1354.95 1276.37 1125.35 1588.94 1217.86 1042.07 810.605 1525.08 962.386 1082.37
threshold=5186.0429687500009 350028.71875000006 11.826442241668703 2.9369496107101445 2.3690960407257085 0.83743050694465648 -37.499999999999993 0.8204619586467744 0.0069412051234394321 0.90000000596046459 0.11629529669880868 1.997377395629883 1.4565114974975588 -8.0158219337463361 -0.56700408458709706 -6.8789591789245597 20992.500000000004 0.90000000596046459 1622.5000000000002 11427.500000000002 6.0000000000000009 6.0000000000000009 -0.79989895224571217 -0.4131809771060943 -8.8305778503417951 2.5000000000000004 0.90000000596046459 -10.390224456787108 -0.91080963611602772 0.58244305849075328
decision_type=2 2 2 2 2 2 2 2 2 2 2 2 2 2 2 2 2 2 2 2 2 2 2 2 2 2 2 2 2 2
left_child=1 -1 5 4 -4 6 8 -8 11 10 -10 12 -3 -13 -5 -11 17 18 -2 20 -20 -21 23 -22 -24 -19 27 -18 -28 -30
right_child=16 2 3 14 -6 -7 7 -9 9 15 -12 13 -14 -15 -16 -17 26 25 19 21 22 -23 24 -25 -26 -27 28 -29 29 -31
leaf_value=0.00020768624883446638 -0.054871712373402992 -0.0093166681951076941 -0.0098186003307140744 -0.034855834135599777 -0.043887792682494597 -0.013734296842884911 -0.004140283746875327 0.022760058099272857 -0.058605613167066188 0.038730541006193525 0.048876598595941324 0.021680529858958318 0.014168909844557523 -0.019531838252273899 0.020293578289299237 -0.041828482395717959 0.035097825980982593 -0.032201058087085462 0.0055473452730266781 0.034345842934200087 0.065950614569590005 -0.070170407226751982 -0.10464137015501113 -0.12016433783733119 0.064899628437469256 0.014793759181926228 -0.053342591065901057 -0.031407642501715613 0.039376862467213607 -0.025412693167077217
leaf_weight=2640101.9059186801 497.30676652491093 15754.751687318087 24017.698606044054 602.17522057890892 2538.5673739165068 9157.4114849045873 4707.8788290917873 7082.0138938874006 173.36153565347195 323.90918807685375 2082.5778715312481 1289.2816530019045 10725.825394362211 9004.0318797379732 3064.3435379415751 790.38790480792522 1121.6397802531719 2229.9119947403669 2245.657058775425 557.61906200647354 242.47597116231918 611.37331704795361 107.78281234204769 215.81445480883121 4188.3422636240721 2502.1350846290588 459.91131068766117 3712.6537482738495 2634.5590759068727 852.46981920301914
leaf_count=7658569 1803 48618 75992 2092 9548 30525 14378 18430 666 750 4610 3324 29014 30729 8320 2792 2754 7911 6161 1527 425 2319 437 903 7493 6613 1697 13141 6277 2872
internal_value=0.000124859 6.82834e-05 -0.00396207 -0.0101281 -0.0130771 -0.000911474 0.00134967 0.0120185 -0.00178374 0.021089 0.0405924 -0.00388062 0.000196035 -0.0143677 0.0112276 -0.018393 0.00709161 0.0132119 0.0244409 0.0292759 0.0375615 -0.0203243 0.0526773 -0.0217531 0.0606216 -0.00735297 -0.00224658 -0.0159721 0.0145633 0.0235337
internal_weight=2.7536e+06 2.73142e+06 91314.2 30222.8 26556.3 61091.4 51934 11789.9 40144.1 3370.24 2255.94 36773.9 26480.6 10293.3 3666.52 1114.3 22179.7 13398.4 8666.37 8169.06 7000.07 1168.99 4754.42 458.29 4296.13 4732.05 8781.23 4834.29 3946.94 3487.03
internal_count=8000690 7938357 279788 95952 85540 183836 153311 32808 120503 8818 5276 111685 77632 34053 10412 3542 62333 35592 21068 19265 15419 3846 9258 1328 7930 14524 26741 15895 10846 9149
is_linear=0
shrinkage=0.05


Tree=118
num_leaves=31
num_cat=0
split_feature=79 79 79 73 86 81 86 77 77 77 54 25 104 104 54 38 54 38 41 53 77 38 46 25 37 62 53 8 49 94
split_gain=427.026 604.1 449.928 462.102 590.528 429.683 491.88 553.043 503.857 486.144 390.567 886.702 1266.58 675.899 506.227 1114.99 1007.11 368.059 404.099 356.775 350.815 339.496 868.325 511.207 367.703 424.692 344.577 332.626 627.159 543.36
threshold=5.1673452854156503 3.0803061723709111 6.4956810474395761 1.0784353613853457 6.0000000000000009 1.0000000180025095e-35 6.0000000000000009 1.5000000000000002 0.81333059072494518 3.7121527194976811 21412.500000000004 1.4970517158508303 8.1895222663879412 8.2335929870605487 52590.000000000007 2.7137972116470341 64227.500000000007 -3.4492599964141841 1.0046598911285403 0.87837970256805431 1.0304679572582247 22.417093276977543 0.10273547470569612 3.4283124208450322 51.44743728637696 12.206753253936769 0.87837970256805431 -0.0035653947852551933 0.96863394975662243 4018.4589843750005
decision_type=2 2 2 2 2 2 2 2 2 2 2 2 2 2 2 2 2 2 2 2 2 2 2 2 2 2 2 2 2 2
left_child=1 21 3 4 -2 6 8 10 17 -9 11 12 -8 -13 15 -12 -16 18 -3 -10 -4 27 23 24 25 -23 -26 28 29 -1
right_child=2 5 20 -5 -6 -7 7 9 19 -11 14 13 -14 -15 16 -17 -18 -19 -20 -21 -22 22 -24 -25 26 -27 -28 -29 -30 -31
leaf_value=-0.0031072997306550269 -0.065857918630000289 -0.0017333924324518775 0.0028283665000088231 0.0022481111260153745 0.00053531378741670361 -0.0059870095395847837 0.050176444214930893 -0.0032582107325846428 0.00015667703041871256 0.0028617134315634292 0.0021757181057036478 0.021405475056427283 -0.014457543494398093 -0.0013637393183414204 -0.039300103063594223 0.038861440689586663 0.0031130647994607723 -0.010683795200685549 0.077400442135204431 -0.0074377156773771519 -0.00074833702921922227 -0.017240902652655456 0.029864263398467233 -0.036228512780218304 -0.0024578585009000713 0.009016159038653002 -0.037591197991816892 0.00054240041742694529 -0.011563558768530557 0.0014736584699568216
leaf_weight=131578.22933144867 566.61363878846169 12507.307963863015 84124.052705585957 438236.89108963311 816.54051579535007 53745.276242338121 797.66903829574585 153851.00704593956 67600.267367169261 41121.745697066188 6030.5948590189219 4758.8937694728374 14872.879617452621 10337.148757323623 1418.6445976942778 3153.9510684609413 99289.58213339746 34342.267686337233 162.43235936760902 20050.823304623365 370459.7172897011 1678.6085932254791 3266.2093180865049 823.08644145727158 4348.309658229351 18522.303531080484 830.44505921006203 1032280.5175327063 14430.135003894567 127410.96314656734
leaf_count=388194 1950 48653 213255 1114577 2090 249865 1560 572940 258828 114700 15801 11300 43394 28643 4455 6729 254861 139453 448 79753 958296 5365 8421 2909 12847 51975 2937 2985504 46287 374700
internal_value=0.000118655 -0.000313176 0.00101651 0.002157 -0.0266872 -0.00175179 -0.00126777 -0.000243501 -0.00382059 -0.00196742 0.00214605 -0.00283321 -0.0111642 0.00581467 0.00354014 0.0147769 0.00251517 -0.00799669 -0.000712434 -0.0015806 -8.64261e-05 0.000251465 0.00555849 0.00252753 0.003786 0.00683332 -0.00809884 0.00013168 -0.00141895 -0.000853659
internal_weight=2.75341e+06 1.85921e+06 894204 439620 1383.15 524040 470295 335632 134663 194973 140659 30766.6 15670.5 15096 109893 9184.55 100708 47012 12669.7 87651.1 454584 1.33517e+06 29469 26202.8 25379.7 20200.9 5178.75 1.3057e+06 273419 258989
internal_count=8000690 5710522 2290168 1118617 4040 1831383 1581518 1054383 527135 687640 366743 84897 44954 39943 281846 22530 259316 188554 49101 338581 1171551 3879139 84454 76033 73124 57340 15784 3794685 809181 762894
is_linear=0
shrinkage=0.05


Tree=119
num_leaves=31
num_cat=0
split_feature=104 48 39 54 60 30 6 35 85 85 26 45 12 77 37 51 55 55 48 26 12 44 37 55 85 54 41 39 85 52
split_gain=403.25 1220.86 863.29 829.562 590.522 577.611 829.966 753.382 571.14 534.615 2985.35 1545.78 1227.23 1084.68 962.01 786.561 529.144 1584.84 1335.01 1033.95 1030.05 928.501 1068.31 1665.93 1419.66 1917.29 1351.44 1179.98 1041.17 918.792
threshold=7.6037561893463144 -0.94331136345863331 -12.580450534820555 737922.50000000012 -0.25710944831371302 0.47749999165534979 -0.0041142175905406466 -4.0974833965301505 0.90000000596046459 0.90000000596046459 -0.32880422472953791 0.9999903440475465 0.014752366580069067 1.5000000000000002 -11.886653900146483 402.50000000000006 -708569.99999999988 -726402.49999999988 -1.0000000180025095e-35 -1.0801014900207517 0.0345044992864132 0.99627321958541881 6.5448970794677743 -717607.49999999988 0.90000000596046459 717857.50000000012 1.0053848624229433 -6.5791265964508048 0.90000000596046459 -7.4999999999999991
decision_type=2 2 2 2 2 2 2 2 2 2 2 2 2 2 2 2 2 2 2 2 2 2 2 2 2 2 2 2 2 2
left_child=1 4 -3 -4 -1 9 -7 -8 -9 11 12 14 -11 -12 -5 -13 17 18 19 -2 29 -19 -23 24 26 -26 -24 -25 -29 -21
right_child=16 2 3 5 -6 6 7 8 -10 10 13 15 -14 -15 -16 -17 -18 21 -20 20 -22 22 23 27 25 -27 -28 28 -30 -31
leaf_value=0.060999792076544129 0.023737876164818855 -0.037731176131081845 -0.034856387956120616 0.047760136641372256 -0.038942387157642339 0.019060028277394895 -0.042608739696453367 -0.020313836755038946 0.014836354640579228 0.087832182669081799 0.015576694445416048 0.039539582599399534 -0.0024887889308613091 -0.047843286913044604 -0.027125476926018258 -0.010571077200919128 2.5275963449588648e-05 -0.02444686198487343 -0.0082453418284428506 -0.01368869219061299 -0.023412613025120776 0.022950696617597022 0.017006925643406945 0.023749091956660653 0.10028110745671942 -0.010334639844472145 0.057464709688934482 -0.031564888650153354 0.0031218889234156228 0.0089739661093817535
leaf_weight=154.13049959391356 6309.9414023905993 1590.2829682379961 1568.2155494168401 524.24383662641048 3165.145201921463 2249.4692303389311 1905.8955942764878 2718.0293108820915 2008.8532302454114 967.95195911824703 929.12347438931465 4880.1499732583761 614.39989528805017 2451.3756568282843 2336.526543289423 932.11351227015257 2603094.6654752344 1805.5531562715769 34802.414057850838 5494.3950084149837 3645.6546485722065 15047.536394551396 9144.3382916301489 2235.0497503131628 418.17237432301044 5983.7028408199549 2665.7326816618443 5114.6448594480753 3747.991450175643 24021.228768743575
leaf_count=393 16446 5804 5610 1142 12301 6325 7888 9124 6117 1808 2231 11486 1975 10137 7941 2986 7557710 5793 108932 17401 12011 38394 23637 5620 740 18967 5358 16846 11331 68236
internal_value=0.000112739 -0.00575244 -0.00206283 0.000293403 -0.0342831 0.00274298 -0.00717828 -0.0160791 -0.0053745 0.00920598 -0.00388064 0.0166945 0.0527795 -0.0304115 -0.0133888 0.031502 0.000175186 0.00341526 -0.00110651 0.00518784 0.00165737 0.0106906 0.0121214 0.00656096 0.015866 -0.00309387 0.0261434 -0.00870884 -0.0168967 0.00475477
internal_weight=2.75253e+06 28995.9 25676.6 24086.3 3319.28 22518.1 8882.25 6632.78 4726.88 13635.9 4962.85 8673.03 1582.35 3380.5 2860.77 5812.26 2.72353e+06 120436 74273.6 39471.2 33161.3 46162.7 44357.2 29309.6 18211.9 6401.88 11810.1 11097.7 8862.64 29515.6
internal_count=8000690 93268 80574 74770 12694 69160 29454 23129 15241 39706 16151 23555 3783 12368 9083 14472 7907422 349712 223026 114094 97648 126686 120893 82499 48702 19707 28995 33797 28177 85637
is_linear=0
shrinkage=0.05


Tree=120
num_leaves=31
num_cat=0
split_feature=30 48 55 55 55 55 85 37 85 94 21 9 55 62 55 55 55 8 85 13 26 22 97 8 38 85 36 46 97 55
split_gain=415.704 1059.13 1280.02 1107.14 2034.19 1979.74 1931.26 1762.67 1916.55 1660.2 1300.14 1171.38 1295.01 937.604 895.239 2067 1704.6 892.789 770.548 1167.41 927.349 984.633 819.739 734.319 834.692 823.115 1055.21 1734.73 1037.87 1049.26
threshold=0.92250001430511486 0.56457334756851207 30795.000000000004 -196357.49999999997 -264622.49999999994 -252862.49999999997 0.90000000596046459 20.210126876831058 0.90000000596046459 3328.200073242188 12.500000000000002 0.22963046282529834 -216867.49999999997 46.71466255187989 -556292.49999999988 -574327.49999999988 -394667.49999999994 -0.010240393225103615 0.90000000596046459 0.012179108802229168 0.44207760691642767 2.5000000000000004 -5.7532968521118155 -0.0035653947852551933 18.711346626281742 0.90000000596046459 17.016695022583011 0.12668183445930484 1.0983168194367289e-10 -457642.49999999994
decision_type=2 2 2 2 2 2 2 2 2 2 2 2 2 2 2 2 2 2 2 2 2 2 2 2 2 2 2 2 2 2
left_child=23 2 3 4 7 6 10 14 9 -9 -6 12 -7 18 15 -2 -16 -5 19 -3 21 -20 -21 24 -1 -26 27 -27 -28 -30
right_child=1 13 -4 17 5 11 -8 8 -10 -11 -12 -13 -14 -15 16 -17 -18 -19 20 22 -22 -23 -24 -25 25 26 28 -29 29 -31
leaf_value=-0.0024502942602164183 0.0033353505156741917 0.067704057320666561 0.038941193517478281 0.013367954515261481 -0.013390912813575059 0.0053667076797738675 -0.00096542742570294928 0.038240156081125659 -0.0057143178791700493 -0.054633649427822006 0.081477850950527939 -0.0015857642380141725 0.041281007091711931 0.0055122503617800484 -0.0082196870352245783 0.042296123160779867 0.0065424250047734049 -0.002264849581993595 0.025306367998681075 0.068649090730878826 -0.029168568154423619 -0.020265218331798743 -0.028622977490952935 0.00030349135024239398 0.011591572927277506 -0.033380581643052729 -0.0049949151319622874 0.029101058063360205 -0.042711143419589516 0.049219800341425361
leaf_weight=450618.55194626749 60064.626940511167 339.39564734697342 2389.9630115032196 9830.3777164816856 414.34936194121838 5076.6893712729216 1410.8875705450773 8673.1387818157673 4868.5386952906847 508.5463475137949 2793.3532166033983 9175.5577699244022 4965.0444302260876 8722.9070769846439 49301.878406405449 3607.8839756399393 32409.331455990672 128567.60512425005 3379.5105096101761 220.55967646837234 2235.4789027273655 1824.2788577452302 9748.3604933619499 1916046.1418126374 21624.001339316368 4850.3479907810688 4523.1021498143673 1439.8791988641024 364.14534142613411 2073.3514497131109
leaf_count=1335798 171762 634 5444 26265 1213 14112 4137 19806 14942 1802 4808 26392 11373 24672 146428 8326 89859 372732 8801 425 7524 5907 31676 5564496 59445 16978 14079 3848 1347 4923
internal_value=9.81603e-05 0.00170664 0.00249217 0.00222122 0.00477032 0.0183938 0.0477841 0.00273344 0.0196443 0.0330902 0.0692214 0.0113279 0.023127 -0.00790954 0.00109898 0.0055437 -0.00236448 -0.00115433 -0.0145066 -0.0233565 -0.00224133 0.00932867 -0.0264637 -0.000136611 -0.00187353 0.00557862 -0.00423367 -0.0190749 0.00917833 0.035472
internal_weight=2.75207e+06 350528 324058 321668 183270 23835.9 4618.59 159434 14050.2 9181.69 3207.7 19217.3 10041.7 26470.5 145384 63672.5 81711.2 138398 17747.6 10308.3 7439.27 5203.79 9968.92 2.40154e+06 485493 34874.8 13250.8 6290.23 6960.6 2437.5
internal_count=7999954 999040 919401 913957 514960 62035 10158 452925 36550 21608 6021 51877 25485 79639 416375 180088 236287 398997 54967 32735 22232 14708 32101 7000914 1436418 100620 41175 20826 20349 6270
is_linear=0
shrinkage=0.05


Tree=121
num_leaves=31
num_cat=0
split_feature=79 79 65 55 97 31 36 37 22 49 25 85 35 46 36 25 35 90 22 9 24 42 25 13 9 85 55 90 37 55
split_gain=404.973 556.998 460.691 778.088 729.578 728.166 845.716 860.62 779.568 1083.61 1017.83 969.194 910.729 885.687 820.069 741.34 703.366 680.855 611.504 1234.35 775.064 1723.97 716.865 847.145 1052.02 714.338 1067.61 832.626 695.102 679.337
threshold=5.1673452854156503 1.4458661079406741 0.50971689820289623 -749252.49999999988 -4.5743167400360099 396.53800964355474 6.4633896350860605 47.458127975463874 3.5000000000000004 0.56457334756851207 0.26990593969821935 0.90000000596046459 10.569816112518312 0.43438592553138738 0.58216241002082836 1.4970517158508303 -15.345678329467772 4942.7299804687509 1.5000000000000002 0.09352144226431848 28.014980316162113 0.99502488970756542 0.18594588339328769 0.012719730846583845 0.078010566532611861 0.90000000596046459 -457642.49999999994 3310.4467773437505 6.2261140346527108 -706112.49999999988
decision_type=2 2 2 2 2 2 2 2 2 2 2 2 2 2 2 2 2 2 2 2 2 2 2 2 2 2 2 2 2 2
left_child=1 -1 5 16 17 6 8 15 9 13 11 -10 -11 -3 -12 -8 -4 -5 19 25 21 -21 -20 28 -25 27 -27 -7 -24 -22
right_child=-2 2 3 4 -6 18 7 -9 10 12 14 -13 -14 -15 -16 -17 -18 -19 22 20 29 -23 23 24 -26 26 -28 -29 -30 -31
leaf_value=0.0013679114817543472 0.00096800150204739044 0.0026649472709786666 0.023828199395800394 0.0054928391736170628 -0.0023098674331186739 0.014004924153089205 -0.029911513699842636 0.023724962285641932 0.039629399094865708 -0.0065623016906329532 0.0028988781406623725 -0.002794378505754693 0.018039171232092432 -0.044764180650189923 0.018672053317983252 -0.0061658786258138891 -0.025775087553072146 -0.029919400217362016 -0.011060258689486466 -0.0063964904813222706 0.012869814982901595 0.017488876353389148 -0.020307960717275399 -0.010037660912943565 -0.0016439499353053267 -0.011178958834200149 0.0079083653814429663 0.00078153113520683262 0.0057779247340270738 -0.0068727200817554823
leaf_weight=384343.33586797118 893574.91638553143 222665.73904269189 819.98343072086573 43161.870341405272 478085.26748911291 32987.981813594699 4301.619723662734 1883.2072738409042 4150.0749394446611 58641.614879608154 70287.534288011491 1991.9599940702319 4018.7177357077599 987.6675291955471 9334.2373499721289 13931.002271845937 5521.8010530099273 1400.3872663378716 22642.317429214716 17363.869803354144 4670.8522867113352 13370.684017531574 2705.8977994322777 43664.820064388216 257292.85366001725 13089.820661976933 16634.618465721607 18626.904885306954 45123.653856113553 64705.247892767191
leaf_count=1037210 2289412 682707 2351 131690 1525780 91081 15333 5352 10542 193524 216321 6900 11759 3895 26659 45184 22041 5413 77663 56998 14308 37933 9206 146390 828819 46145 51929 58270 138931 210208
internal_value=9.32882e-05 -0.000327297 -0.000769305 -0.00195078 -0.00173952 -0.000107985 0.00153986 -0.00844557 0.00207974 0.000827115 0.00626138 0.0258717 -0.00498414 0.00245528 0.00474828 -0.0117698 -0.0193579 0.00437924 -0.00127692 0.00110217 -0.00261504 0.00399461 -0.00243915 -0.00187945 -0.00286181 0.00567726 -0.000497089 0.00923304 0.00430165 -0.00554329
internal_weight=2.75198e+06 1.85841e+06 1.47406e+06 528989 522648 945073 392193 20115.8 372078 286314 85763.8 6142.03 62660.3 223653 79621.8 18232.6 6341.78 44562.3 552880 181450 100111 30734.6 371430 348787 300958 81339.3 29724.4 51614.9 47829.6 69376.1
internal_count=7999954 5710542 4673332 1687275 1662883 2986057 1218176 65869 1152307 891885 260422 17442 205283 686602 242980 60517 24392 137103 1767881 566872 319447 94931 1201009 1123346 975209 247425 98074 149351 148137 224516
is_linear=0
shrinkage=0.05


Tree=122
num_leaves=31
num_cat=0
split_feature=62 53 36 55 42 35 55 37 97 85 25 12 41 25 13 21 46 25 13 46 36 45 65 39 50 35 90 55 55 42
split_gain=408.742 901.324 928.56 697.432 623.247 1071.81 697.417 584.223 485.009 782.548 662.539 630.216 730.635 567.59 673.239 626.779 434.369 459.21 454.648 671.284 624.458 423.147 416.235 1009.33 899.732 1000.17 885.321 867.415 886.28 911.477
threshold=10.924385070800783 0.87837970256805431 0.90350010991096508 -624657.49999999988 1.0012316107749941 1.5990025997161867 15082.500000000002 13.479215621948244 3.8846901655197148 0.90000000596046459 4.8566527366638192 0.0095732705667614954 1.0004693865776064 2.4281768798828129 0.013141603209078314 21.500000000000004 0.13831149041652682 1.9714748263359072 0.022831005975604061 0.059700312092900283 -9.009490489959715 0.99946287274360668 0.47632667422294622 -2.377720713615417 -1.0000000180025095e-35 5.6348018646240243 2778.5351562500005 -670244.99999999988 -574327.49999999988 1.0014885067939761
decision_type=2 2 2 2 2 2 2 2 2 2 2 2 2 2 2 2 2 2 2 2 2 2 2 2 2 2 2 2 2 2
left_child=1 2 4 -4 5 6 -1 -7 9 10 11 12 -3 14 -11 -16 17 18 19 -6 -20 -9 -2 24 -24 27 -27 -26 -29 -30
right_child=22 8 3 -5 16 7 -8 21 -10 13 -12 -13 -14 -15 15 -17 -18 -19 20 -21 -22 -23 23 -25 25 26 -28 28 29 -31
leaf_value=-8.9649597335081092e-05 0.0006858866724260979 0.042176575038022322 0.017439581147901947 -0.017045942486842085 0.00032807333154679074 -0.037323803430600593 0.031003084037151393 -0.039518124063372601 0.0026165621354050901 -0.040019813923151404 0.079053865084069405 -0.038788393500621195 -0.051237907131066712 -0.049254369618439688 0.0038204355255004869 0.069259393153263862 -0.025307811252212362 0.033919931162343209 0.033703463875952001 0.024580935464074381 -0.021018535960154242 0.010122598933823408 -0.00032390045042264646 -0.001673005159449276 0.019265084928184038 -0.0016822418245040203 0.022033866312894404 -0.011177986868723622 0.0071827357943827679 -0.0037967779485449278
leaf_weight=21719.159387148917 1639554.8474570066 547.79526415467262 1682.426991134882 11358.052978724241 5388.2982116416097 2931.543083935976 1965.780911386013 585.35501280426979 3203.8773079067469 771.12166537344456 134.43144744634628 5695.4760685116053 337.38148894906044 609.80824951827526 3104.9330048263073 413.85704384744167 827.94684186577797 2050.8369438648224 671.48490872979164 6064.1308800131083 2318.4752631038427 1601.5559466481209 211775.43997064978 701671.62949227542 7687.0494479835033 5458.092843554914 14096.599124357104 11556.76565040648 57484.389780350029 28161.77668645978
leaf_count=62845 4752511 1282 4435 36260 15765 10095 4918 2070 9232 2756 240 19468 1216 2255 9182 896 2742 5125 1650 15495 7423 4449 612281 2062066 20563 16140 36747 35003 161019 83825
internal_value=8.85683e-05 -0.00357753 -0.00081541 -0.0125954 0.00251515 -0.00199186 0.00249195 -0.0227374 -0.0146044 -0.019355 -0.03044 -0.0326892 0.00654874 -0.00415885 0.00226027 0.0115358 0.0100098 0.0117845 0.00863875 0.0131716 -0.00872024 -0.00317409 0.000189874 -0.000593672 0.00165882 0.00503295 0.0154142 0.00309739 0.00181857 0.00357244
internal_weight=2.75143e+06 73983.7 59165 13040.5 46124.6 28803.4 23684.9 5118.45 14818.7 11614.8 6715.08 6580.65 885.177 4899.72 4289.91 3518.79 17321.2 16493.2 14442.4 11452.4 2989.96 2186.91 2.67745e+06 1.03789e+06 336220 124445 19554.7 104890 97202.9 85646.2
internal_count=7999954 219799 173272 40695 132577 84377 67763 16614 46527 37295 22206 21966 2498 15089 12834 10078 48200 45458 40333 31260 9073 6519 7780155 3027644 965578 353297 52887 300410 279847 244844
is_linear=0
shrinkage=0.05


Tree=123
num_leaves=31
num_cat=0
split_feature=13 35 46 46 12 31 29 13 54 50 28 36 25 25 25 25 94 87 7 37 46 38 25 12 55 54 99 62 25 85
split_gain=400.091 598.279 485.294 459.745 1111.51 921.742 935.16 835.136 1021.95 1121.1 1010.65 985.066 976.652 960.345 911.387 883.678 882.814 855.499 809.165 799.176 786.878 1320.29 997.502 872.939 845.517 1656.27 1698.5 1143.21 898.309 1729.27
threshold=0.0079851318150758761 3.171076893806458 0.028567590750753883 0.061048159375786788 0.012605953030288221 1003.8689880371095 0.80250000953674328 0.019390694797039035 787.50000000000011 -362.49999999999994 0.32500000298023229 -24.254044532775875 1.33108127117157 1.6984481215476992 0.23767700046300891 0.55547302961349498 3370.0214843750005 1.0000000180025095e-35 0.0045334959868341693 14.400845050811769 0.094418279826641097 21.082426071166996 3.1509521007537846 0.027354027144610885 -577002.49999999988 740402.50000000012 101245.87890625001 26.039669036865238 2.99071216583252 0.90000000596046459
decision_type=2 2 2 2 2 2 2 2 2 2 2 2 2 2 2 2 2 2 2 2 2 2 2 2 2 2 2 2 2 2
left_child=1 2 -1 4 18 6 -6 8 12 10 -10 15 -5 14 -13 -11 17 -12 -2 -18 22 -22 24 -24 25 27 -27 -9 -26 -30
right_child=3 -3 -4 7 5 -7 -8 20 9 11 16 13 -14 -15 -16 -17 19 -19 -20 -21 21 -23 23 -25 28 26 -28 -29 29 -31
leaf_value=0.015465408427666284 0.0010456668665753685 0.024769019809825276 -0.0089954106877728392 0.023802967431901832 -0.00036836495798709041 -0.007774540665972874 -0.010718529336870248 0.0016303877175652317 -0.0017185540499608206 -0.0078777629345413522 0.0043756496989594855 0.017824078194539694 -0.084795108000133179 -0.046027043962152889 -0.00043238322844403728 0.024790905553647744 0.0081645958586152815 0.015794431125973465 -0.01202311236102716 -0.009507871609028504 0.00045705142843477327 0.018618651599279567 -0.026231035138463494 0.024179434817402607 -0.002735620277418375 -0.0018445700333051184 -0.039828878168137072 0.015473175680117064 0.03629228720679005 -0.021191187335846445
leaf_weight=3515.4434647262096 386964.21383846551 4065.5194302797318 4788.3307005465031 7251.8036092966795 182377.73447509855 85613.244621783495 24789.531792417169 40105.358544066548 32110.27367220819 2878.5466063320637 26401.953510947526 7005.4716894179583 212.1342860609293 1136.194535061717 281164.11003360897 7363.0430540442467 15163.188184082508 43320.225045159459 12217.177155137062 11064.045066535473 1117419.2134058252 10096.392441540956 6647.5168349891901 985.26186895370483 391439.86451458186 11750.972998693585 3925.6151087880135 23745.943653233349 3893.146112293005 1969.3746491968632
leaf_count=9368 1123816 10412 14646 18243 533961 261677 75227 115293 92873 8561 77319 19142 857 4228 816075 18816 42171 113059 38108 33486 3235058 26985 22496 2599 1154714 36900 13965 64108 9317 6474
internal_value=8.4141e-05 0.00905596 0.00136021 4.36193e-05 -0.00107056 -0.00341047 -0.00160693 0.000420246 0.00236419 0.00204399 0.00595955 0.000370017 0.0207049 -0.00016947 1.14787e-05 0.0156085 0.00852913 0.0114706 0.000645648 0.000709138 -0.00010442 0.000619701 -0.00178971 -0.0197209 -0.00150263 0.0032033 -0.0113586 0.00677868 -0.00244463 0.0169809
internal_weight=2.75138e+06 12369.3 8303.77 2.73901e+06 691962 292781 207167 2.04705e+06 435071 427607 128060 299547 7463.94 289306 288170 10241.6 95949.4 69722.2 399181 26227.2 1.61198e+06 1.12752e+06 484463 7632.78 476830 79527.9 15676.6 63851.3 397302 5862.52
internal_count=7999954 34426 24014 7965528 2032789 870865 609188 5932739 1244830 1225730 358908 866822 19100 839445 835217 27377 266035 190378 1161924 75657 4687909 3262043 1425866 25095 1400771 230266 50865 179401 1170505 15791
is_linear=0
shrinkage=0.05


Tree=124
num_leaves=31
num_cat=0
split_feature=86 77 99 77 39 42 39 35 48 94 37 54 53 54 54 26 36 77 54 54 90 50 54 46 54 77 36 73 77 94
split_gain=402.273 652.752 567.461 987.815 869.505 1342.32 922.068 625.252 578.377 578.007 839.819 1253.38 879.462 760.76 753.275 680.305 611.499 1438.64 776.583 4058.83 1594.96 704.067 671.905 1298.19 782.551 1164.09 587.972 880.273 581.141 576.295
threshold=6.0000000000000009 1.8130434155464175 120599.72656250001 1.0304679572582247 6.3388719558715829 1.0011469721794131 0.19302336126565936 -32.216985702514641 -0.88186877965927113 2746.911499023438 17.192009925842289 504057.50000000006 0.6078576147556306 485925.00000000006 598302.50000000012 1.5970267057418825 -6.9632127285003653 1.5000000000000002 376482.50000000006 413952.50000000006 3196.714965820313 12.500000000000002 456617.50000000006 0.07981454581022264 427727.50000000006 1.5000000000000002 0.90350010991096508 3.0942817926406865 1.5000000000000002 3970.7500000000005
decision_type=2 2 2 2 2 2 2 2 2 2 2 2 2 2 2 2 2 2 2 2 2 2 2 2 2 2 2 2 2 2
left_child=2 -2 3 4 5 -1 -7 -6 -5 10 12 -12 14 16 -4 -13 17 18 20 -20 -11 -19 24 -24 -18 -26 -14 -28 -25 -23
right_child=1 -3 9 8 7 6 -8 -9 -10 13 11 15 26 -15 -16 -17 22 21 19 -21 -22 29 23 28 25 -27 27 -29 -30 -31
leaf_value=0.0033293496282046776 0.0015628716988793897 -0.00025561536664311013 -0.0095086253895326212 -0.010015811538226909 0.056401186963465945 -0.035016530866358947 -0.0018233657708133632 -0.024235496812049409 0.00062390671253498503 -0.056226490483996895 0.05837235477001005 0.017120436259239969 -0.02186200366528351 -0.013790422373818898 0.020358694400941818 -0.017845163027768941 -0.0024213662690293547 -0.0071673503863959077 0.038379256356255408 -0.0092719343000752606 0.0033610516026716069 -0.0054409787481972437 -0.0021275426369473825 0.044125849916471303 -0.035255879867753408 0.0061125960869208573 0.058164012473095245 -0.055623053324521568 0.0036726617149068401 0.0093027979422560091
leaf_weight=15019.953184053302 775412.22787195444 1357213.687922366 3369.3496514558792 15505.735525563359 244.72565235197544 5098.7715656757355 3548.4106974378228 11178.616955079138 72446.631231710315 1131.0370019972324 1610.0138817578554 7357.3033800572157 5113.389336168766 10820.448705136776 5648.9834426045418 1714.4227894097567 196397.89702391624 56256.973824523389 8712.7183271944523 9172.5203561037779 140507.10850690305 12029.661934345961 8865.4550492018461 2888.7227173894644 4391.8240602165461 2773.9565328359604 565.32429300248623 241.91128638386726 1282.2022310644388 14756.636777229607
leaf_count=46360 2102751 3998414 10532 49871 606 18647 11419 39790 222565 4331 3490 20897 16715 35137 15545 5670 604342 176259 21315 28925 422051 37253 27577 6851 15061 8013 1233 880 3730 43724
internal_value=7.99405e-05 0.000405576 -0.00104259 -0.00408175 -0.0111743 -0.00570548 -0.0213979 -0.0225028 -0.00125188 -0.000288047 0.00702511 0.0177299 -0.000629431 -0.000686738 0.00919956 0.0105107 -0.000377904 0.00134631 0.00412457 0.0139417 0.00288479 -0.00399054 -0.00230885 0.00869504 -0.00301361 -0.0192423 -0.0156009 0.0240316 0.031695 0.00268126
internal_weight=2.75128e+06 2.13263e+06 618651 123043 35090.5 23667.1 8647.18 11423.3 87952.4 495608 25620.7 10681.7 14939 469987 9018.33 9071.73 459167 242567 159523 17885.2 141638 83043.3 216600 13036.4 203564 7165.78 5920.62 807.236 4170.92 26786.3
internal_count=7999954 6101165 1898789 389258 116822 76426 30066 40396 272436 1509531 74962 30057 44905 1434569 26077 26567 1399432 733858 476622 50240 426382 257236 665574 38158 627416 23074 18828 2113 10581 80977
is_linear=0
shrinkage=0.05


Tree=125
num_leaves=31
num_cat=0
split_feature=64 99 48 54 55 55 48 8 13 44 37 55 85 52 55 85 55 12 45 37 37 54 37 49 37 77 62 63 36 54
split_gain=397.434 390.682 1047.49 621.262 518.278 1493.44 1094.31 901.169 956.197 819.841 922.805 1316.62 1260.1 898.126 709.692 1666.6 2219.85 2699.32 1616.08 1486 1258.54 1253.94 2220.46 1866.7 1783.24 1381.9 1130.44 978.657 952.401 724.932
threshold=231.07127380371097 99379.316406250015 -0.91959547996520985 737922.50000000012 -708569.99999999988 -726402.49999999988 -1.0000000180025095e-35 0.00054820024524815391 0.037942197173833854 0.99627321958541881 6.5448970794677743 -717607.49999999988 0.90000000596046459 802.50000000000011 -688172.49999999988 0.90000000596046459 -697127.49999999988 0.0090536265634000319 1.0033689141273501 1.2135064005851748 8.9118165969848651 700040.00000000012 10.685497283935549 -0.54643493890762318 19.848186492919925 1.5000000000000002 33.102991104125984 -0.30390338599681849 -11.234672069549559 677277.50000000012
decision_type=2 2 2 2 2 2 2 2 2 2 2 2 2 2 2 2 2 2 2 2 2 2 2 2 2 2 2 2 2 2
left_child=1 2 -1 -4 5 6 7 8 -3 -7 -11 12 -12 -13 15 16 19 27 -19 28 -21 24 -23 -24 25 -17 -26 -18 -6 -16
right_child=-2 4 3 -5 14 9 -8 -9 -10 10 11 13 -14 -15 29 21 17 18 -20 20 -22 22 23 -25 26 -27 -28 -29 -30 -31
leaf_value=-0.029774031159015519 -0.0068598656247562248 0.0015221886438118383 -0.031695520996882838 0.0002139276398922811 0.046399913481617983 -0.022337582466560146 -0.0075490848078699395 0.014720029793997889 -0.038446679591747544 0.021951058477652524 0.024744568019086144 -0.020066440803193995 -0.0029436428839502166 0.0087785086521552924 5.7348359322445185e-05 -0.016361651002118605 -0.084208193300438883 -0.050305891575033783 0.050765094627628973 -0.031126055688117323 -9.824567975490531e-05 -0.038194390533515879 -0.051773948179841073 0.039725294769190699 -0.0022017526318147446 0.034045479976215307 -0.073910993585935655 0.01843962805982172 -0.00026415530197678388 0.007732616146011723
leaf_weight=3898.6596715673804 20545.872287809849 23390.313232891262 1632.159116320312 23107.937292695045 2156.6854339241982 1823.1236242204905 34182.569263964891 14253.298925384879 1597.6483386233449 14961.809165492654 11628.736914232373 5984.5996655374765 6353.6700982376933 4913.0335076749325 2499459.9399888366 1633.3876460194588 252.47122231125832 7975.6890179365873 415.31059437990189 4901.5394781380892 9804.2764123678207 3810.9416956305504 723.82198640704155 2412.7945022881031 4173.9067826420069 8093.5187883675098 631.96825644373894 2766.5950838625431 2216.4183328598738 31146.940289184451
leaf_count=14841 62090 69240 5812 71927 4787 5825 107009 38818 5633 38178 28685 19405 19560 13651 7255920 4564 997 28206 938 15809 28048 13427 2726 6287 12924 21045 2606 7251 6186 87374
internal_value=6.80333e-05 0.000120171 -0.0056889 -0.0018922 0.000181753 0.00340672 -0.00100896 0.00468798 -0.00103453 0.0105066 0.011873 0.00665108 0.0149617 -0.00706206 3.30393e-05 -0.00575076 -0.0132662 -0.0307111 -0.0452974 -0.002832 -0.0104418 0.00491646 -0.0125541 0.0185991 0.0132691 0.0255796 -0.0116459 0.00982895 0.0227534 0.000151821
internal_weight=2.75085e+06 2.7303e+06 28638.8 24740.1 2.70167e+06 119089 73423.8 39241.3 24988 45665 43841.8 28880 17982.4 10897.6 2.58258e+06 51969.3 30489 11410.1 8391 19078.9 14705.8 21480.3 6947.56 3136.62 14532.8 9726.91 4805.88 3019.07 4373.1 2.53061e+06
internal_count=7999769 7937679 92580 77739 7845099 346004 220700 113691 74873 125304 119479 81301 48245 33056 7499095 155801 92222 37392 29144 54830 43857 63579 22440 9013 41139 25609 15530 8248 10973 7343294
is_linear=0
shrinkage=0.05


Tree=126
num_leaves=31
num_cat=0
split_feature=90 100 49 36 12 49 25 85 86 54 77 25 46 25 25 26 97 48 12 77 26 55 8 49 46 54 55 90 87 36
split_gain=389.265 519.674 635.173 702.875 592.28 536.019 784.255 1806.11 1617.27 1736.87 943.416 824.763 688.847 589.747 836.082 715.958 772.964 633.859 645.257 579.802 579.508 502.145 1973.79 1298.12 1488.6 1015.28 894.145 1166.22 1461.97 1726.99
threshold=5186.0429687500009 350028.71875000006 0.5464349389076234 -11.78240919113159 0.027865183539688591 -0.72982063889503468 2.9369496107101445 0.90000000596046459 6.0000000000000009 10637.500000000002 1.5000000000000002 2.2934081554412846 0.22058890014886859 1.7581230998039248 1.3198008537292483 -0.42530404031276697 -0.40611609816551203 0.11969653144478799 0.033376008272171027 1.5000000000000002 -1.2863298058509824 24522.500000000004 -0.00017563223809702319 0.63435554504394542 0.13724836707115176 4107.5000000000009 19872.500000000004 4515.8300781250009 1.0000000180025095e-35 7.607668638229371
decision_type=2 2 2 2 2 2 2 2 2 2 2 2 2 2 2 2 2 2 2 2 2 2 2 2 2 2 2 2 2 2
left_child=1 21 5 -4 -5 13 11 8 10 -10 -8 -7 -13 14 15 16 -3 18 -16 -17 -9 26 -23 24 25 -24 -1 -28 -29 -30
right_child=-2 2 3 4 -6 6 7 20 9 -11 -12 12 -14 -15 17 19 -18 -19 -20 -21 -22 22 23 -25 -26 -27 27 28 29 -31
leaf_value=0.00020843834865761444 0.0066871763319425407 0.036841139977301658 -0.024573912891237139 -0.017578941804664006 0.0012550680587984776 0.0020032193612180794 0.060476118433707073 -0.044187827522989387 -0.094279723159077441 0.034874292478261452 -0.049236709429346152 -0.037055485217128467 0.012443898406284591 -0.022801718872888916 0.037470224148246661 -0.048293259082379407 -0.013085922985643589 -0.0069899095645447442 -0.0012179905066813399 -0.013700216327654131 0.059849388784766137 0.021281869760447356 -0.016503303319791596 0.016654090268646473 0.02250838365439348 -0.064356134850802132 -0.0011062105052786397 -0.00097952014469514562 -0.035903441046206415 0.026045063804319493
leaf_weight=2549155.1254763156 22010.355515033007 1200.1879787296057 6556.1552683860064 6494.9458597749472 11677.970952406526 36471.847851604223 816.53302325308323 142.11251612007618 772.75681418180466 391.56637498736382 256.82761625945568 2540.0933530628681 970.8289872482419 4914.654027402401 2572.6157888174057 1756.7793738991022 2184.9983907490969 3594.6382677555084 1853.7066325247288 3902.2334162443876 2119.4242639094591 12860.454962641001 7680.3264999985695 4820.9392256736755 2195.5765338689089 1294.8331909626722 40045.115648172796 8839.5350466817617 9385.3747973516583 1277.4278526455164
leaf_count=7386503 62215 2959 23070 22348 36006 105995 1787 501 3212 853 945 9563 3115 16820 6216 6209 7001 10865 5482 12572 4190 33486 24057 13024 5720 5220 121953 27475 37200 3207
internal_value=6.46317e-05 1.12093e-05 -0.00369967 -0.0105406 -0.00547647 -0.00115411 0.00200222 0.0217911 -0.0100539 -0.0508478 0.0341986 -0.000224966 -0.023367 -0.00754182 -0.0031457 -0.0135676 0.00461945 0.00860535 0.0212702 -0.0244468 0.053293 0.000139512 0.00669945 -0.00502797 -0.0143864 -0.0234139 6.69553e-05 -0.00598958 -0.016016 -0.0284797
internal_weight=2.75076e+06 2.72875e+06 91190.9 24729.1 18172.9 66461.8 44482 4499.22 2237.68 1164.32 1073.36 39982.8 3510.92 21979.8 17065.2 9044.2 3385.19 8020.96 4426.32 5659.01 2261.54 2.63755e+06 28852.1 15991.7 11170.7 8975.16 2.6087e+06 59547.5 19502.3 10662.8
internal_count=7999769 7937554 279709 81424 58354 198285 130161 11488 6797 4065 2732 118673 12678 68124 51304 28741 9960 22563 11698 18781 4691 7657845 81507 48021 34997 29277 7576338 189835 67882 40407
is_linear=0
shrinkage=0.05


Tree=127
num_leaves=31
num_cat=0
split_feature=13 46 42 46 12 31 49 29 42 13 50 28 35 54 25 26 46 25 49 38 90 35 85 46 25 25 11 42 90 25
split_gain=376.049 555.456 481.846 451.278 1059.36 817.79 1050.03 866.866 749.476 703.279 966.424 1248.04 916.496 889.683 903.64 1290.96 878.607 1008.74 863.801 1948.74 2380.1 1027.8 1574.56 991.944 816.085 869.512 998.588 811.016 820.66 970.225
threshold=0.0079851318150758761 0.028567590750753883 1.0025843977928164 0.061048159375786788 0.012605953030288221 1003.8689880371095 -0.41268247365951533 0.80250000953674328 0.99535712599754345 0.01977090630680323 -362.49999999999994 0.32500000298023229 12.149299621582033 787.50000000000011 1.0271297693252566 0.43050906062126165 0.080648612231016173 0.53246352076530468 -0.96298784017562855 -8.4078245162963849 2595.0749511718755 3.6489778757095341 0.90000000596046459 0.077811643481254592 0.58532926440238964 0.26111993193626409 0.014585996046662332 0.97237274050712597 4182.9042968750009 3.2737792730331425
decision_type=2 2 2 2 2 2 2 2 2 2 2 2 2 2 2 2 2 2 2 2 2 2 2 2 2 2 2 2 2 2
left_child=1 2 -1 4 -2 7 8 -6 -7 10 11 16 13 -12 -15 -16 -5 -18 19 27 -21 -22 -23 24 25 -20 -27 -11 29 -29
right_child=3 -3 -4 9 5 6 -8 -9 -10 18 12 -13 -14 14 15 -17 17 -19 23 20 21 22 -24 -25 -26 26 -28 28 -30 -31
leaf_value=0.024723314123568711 0.00059382416569286097 -0.0014734800379979183 -0.019865445801361913 0.0022657861944561713 -0.0004796064125487528 -0.0596779069826655 -0.0046247573575063433 -0.010464238360091284 -0.015710398550457118 0.043766871682717826 0.017472151320044694 0.0082265239508310991 -0.012342191018489105 -0.00017703281366586145 0.017220569306014049 -0.0044099464715038556 0.062473444257501801 -0.018383683004280157 -0.013253643773082467 0.052764400058978436 0.0099612899327213098 0.0071035481315030041 -0.013919710430029148 -2.3132810882632763e-05 -0.005823956156725694 0.047639300467576425 0.0071300480366987481 -0.0087021946244382736 -0.027158298885010774 0.047327306056093248
leaf_weight=5330.1389243751764 398935.19778600335 6439.5574037134647 682.70757079124451 26776.387213781476 182490.87660697848 1027.4364276230335 67546.786228954792 24677.318694315851 16920.321563608944 663.80429357290268 8112.9901564568281 107230.44844126701 13148.890687413514 279440.08802620322 18252.895156696439 11086.884719595313 400.94847242534161 9564.8354635685682 3978.0647793710232 2753.3023511022329 55261.666086599231 23963.009812399745 14173.233907386661 1320083.7591988742 122473.01914279908 1839.3433905392885 8781.631444863975 11435.800861343741 6266.9610492065549 827.61419707536697
leaf_count=13363 1161609 19037 2220 76428 534775 3804 204728 74966 52896 1505 21089 297504 40327 811408 48199 32766 801 29619 12629 5976 150862 65471 44652 3835756 370708 4084 24871 34691 21285 1740
internal_value=6.13667e-05 0.00873024 0.0196573 2.19373e-05 -0.00108226 -0.00336698 -0.0074813 -0.00166902 -0.0182308 0.000395091 0.0020833 0.00550153 0.000592153 0.00112889 0.000699413 0.00904681 -0.00245113 -0.0151242 -0.000113799 0.00405136 0.00695512 0.00560409 -0.000709719 -0.000443511 -0.00449193 0.00668191 0.0141497 -0.010494 -0.0124403 -0.004917
internal_weight=2.75057e+06 12452.4 6012.85 2.73811e+06 691598 292663 85494.5 207168 17947.8 2.04652e+06 474014 143973 330042 316893 308780 29339.8 36742.2 9965.78 1.5725e+06 115345 96151.2 93397.9 38136.2 1.45716e+06 137072 14599 10621 19194.2 18530.4 12263.4
internal_count=7999769 34620 15583 7965149 2032778 871169 261428 609741 56700 5932371 1358141 404352 953789 913462 892373 80965 106848 30420 4574230 326182 266961 260985 110123 4248048 412292 41584 28955 59221 57716 36431
is_linear=0
shrinkage=0.05


Tree=128
num_leaves=31
num_cat=0
split_feature=39 37 50 55 54 26 36 42 54 55 62 85 42 35 54 85 86 87 50 54 75 48 49 7 55 48 13 46 85 54
split_gain=385.241 889.686 1513.12 1807.79 1828.56 1397.58 1361.74 1149.96 1326.98 1139.75 1050.14 1049.7 2959.42 2060.49 876.439 1830.36 1791.59 807.143 1298.16 941.944 787.063 786.667 773.584 873.462 773.476 759.302 985.118 969.587 887.436 963.456
threshold=1.288654148578644 19.034885406494144 47.500000000000007 -588327.49999999988 618992.50000000012 1.9211768507957461 -12.229936599731444 1.0017542839050295 688722.50000000012 15637.500000000002 21.923199653625492 0.90000000596046459 0.99746012687683117 22.208758354187015 1822.5000000000002 0.90000000596046459 6.0000000000000009 1.0000000180025095e-35 -587.49999999999989 3082.5000000000005 5.8205759525299081 0.74455857276916515 -0.61734244227409352 0.007307150401175023 -697127.49999999988 0.96863394975662243 0.012929531279951336 0.079037919640541091 0.90000000596046459 760632.50000000012
decision_type=2 2 2 2 2 2 2 2 2 2 2 2 2 2 2 2 2 2 2 2 2 2 2 2 2 2 2 2 2 2
left_child=25 -2 3 4 -3 9 -6 14 10 11 -9 12 -5 -13 15 16 20 19 -19 -11 -4 -7 23 -8 -24 -1 28 -28 -27 -30
right_child=1 2 7 5 6 21 22 8 -10 17 -12 13 -14 -15 -16 -17 -18 18 -20 -21 -22 -23 24 -25 -26 26 27 -29 29 -31
leaf_value=0.00023676229629585925 -0.0015651950900444416 -0.03780759788807278 0.089770712471506475 -0.029797048243590293 0.032485829094742062 -0.010610683186682178 -0.017443493673252739 -0.019732538465640943 0.012478397325454499 -0.016396429556909838 -0.005105832108721506 0.0063309087310480464 0.013817647771174644 -0.026438407754683976 0.0018281804168393291 0.090017315230618358 -0.10965190241043479 0.0051826465616941 -0.042388471571446318 0.029802026289366103 -0.09561028424364422 0.013985688417914491 0.010253381151374885 0.025622584445220337 -0.0064381365106244096 0.019773023355847873 -0.0040177905434043149 0.006101824091103502 -0.0015429539348062109 0.097923365983564048
leaf_weight=1513561.8011083975 788853.93416848034 3868.9862545728683 295.33163498342037 4065.3337876796722 2691.0755150467157 17465.610655024648 13162.72127597779 20332.167125806212 6880.4359971433878 2135.0003457218409 30956.725588828325 53371.162747040391 89387.267857849598 5269.7654303461313 30340.109370969236 839.38959057629108 306.40021535754204 2614.02666041255 3175.1869561374187 2281.1682190448046 70.073976814746857 3993.0999057590961 12015.401592172682 1292.0519268512726 16429.810006693006 16864.111661195755 40002.889556467533 57969.315770566463 9711.731124073267 248.7139195650816
leaf_count=4390239 2313038 13632 550 13107 6639 54092 42098 65939 19767 7119 94595 154882 237631 17823 88516 1421 1280 7629 11518 5837 295 10726 34048 3308 49948 42842 118268 163344 29204 434
internal_value=5.83193e-05 -0.000659916 0.00154937 0.00367475 -0.00481026 0.00595861 -0.00200914 -0.0039568 -0.00813852 0.00754418 -0.0109046 0.00862956 0.01192 0.00338561 0.00368005 0.0408308 -0.0206605 -0.00863043 -0.0209104 0.00746756 0.0540426 -0.00603305 -0.0041738 -0.0135921 0.000612382 0.00054585 0.00429445 0.00196985 0.0127841 0.000949815
internal_weight=2.75045e+06 1.11209e+06 323238 233218 49460 183758 45591.1 90020.6 58169.3 162299 51288.9 152094 93452.6 58640.9 31851.3 1511.2 671.806 10205.4 5789.21 4416.17 365.406 21458.7 42900 14454.8 28445.2 1.63836e+06 124797 97972.2 26824.6 9960.45
internal_count=7999769 3255438 942400 670037 149673 520364 136041 272363 180301 455546 160534 423443 250738 172705 92062 3546 2125 32103 19147 12956 845 64818 129402 45406 83996 4744331 354092 281612 72480 29638
is_linear=0
shrinkage=0.05


Tree=129
num_leaves=31
num_cat=0
split_feature=79 79 79 74 78 30 42 54 54 42 55 55 100 94 39 46 38 46 9 37 37 87 62 62 42 99 87 22 22 78
split_gain=371.333 634.763 435.724 436.61 377.677 358.815 545.169 413.585 521.314 758.967 579.307 1077.12 724.946 453.82 361.009 332.532 316.439 827.004 535.032 427.054 397.624 581.011 694.472 542.918 422.304 355.612 349.011 695.47 497.547 518.286
threshold=5.1673452854156503 3.4019228219985966 6.4956810474395761 7.0619795322418222 1.0304679572582247 0.37250000238418585 0.99555909633636486 758242.50000000012 609877.50000000012 1.0037111043930056 -443837.49999999994 -397054.99999999994 126118.25000000001 2573.4450683593755 -18.286697387695309 0.25772292912006384 22.417093276977543 0.1056334786117077 0.27301777899265295 34.776788711547859 51.44743728637696 1.0000000180025095e-35 13.588851451873781 12.206753253936769 0.99988970160484325 178069.73437500003 1.0000000180025095e-35 2.5000000000000004 2.5000000000000004 1.5000000000000002
decision_type=2 2 2 2 2 2 2 2 2 2 2 2 2 2 2 2 2 2 2 2 2 2 2 2 2 2 2 2 2 2
left_child=1 16 3 -2 -4 6 15 8 10 13 12 -12 -8 -10 -7 -3 -1 18 20 -19 23 -22 -23 25 -25 -18 28 -28 -21 -30
right_child=2 5 4 -5 -6 14 7 -9 9 -11 11 -13 -14 -15 -16 -17 17 19 -20 26 21 22 -24 24 -26 -27 27 -29 29 -31
leaf_value=-2.0923389103724518e-05 -0.025995848322907796 -0.016537278109233899 0.0028344253669737394 0.002104793508096137 -0.0008796624653010269 0.050978340832639746 -0.0066123701318421936 -0.048135675880673433 -0.00044780691610441116 -0.02242040173504951 0.016491444763027847 -0.0045680751066582478 -0.028184031897169087 0.014851949340877633 -0.0010881439207622676 0.032975868370970024 -0.0011367967361081476 0.010003714783751083 -0.030050380230675224 0.076357073520169669 -0.028168249555785702 0.044730703910989211 -0.0068178528449673904 -0.069462552183147661 0.0094738965226712473 -0.044444630333749145 -0.031206805550905277 0.079159789220933835 0.0674777358895777 -0.067244367303212857
leaf_weight=1483651.5583506301 1385.6542447805405 10703.829765968025 83975.033748969436 437762.5981464833 370140.59424550831 332.45521022379398 14727.910912692547 512.77043132483959 9791.4521212205291 2447.0793428570032 6629.8806448280811 71984.11425421387 5294.9393447041512 9595.3610260933638 206513.42790609598 349.22884505987167 1181.8039589524269 1503.283014267683 1221.8704688847065 193.82711121439934 2208.6256678849459 821.38053752481937 3178.0921478420496 169.76197890937328 21822.867698937654 790.7795786857605 167.27415403723717 951.51000475883484 103.66084088385105 223.75769205391407
leaf_count=4397047 4048 41657 212943 1114675 958316 824 53502 2551 34732 9800 19750 267006 21849 30440 727511 1025 3683 4286 4300 375 7988 1901 9654 683 62993 2905 560 1673 177 915
internal_value=5.54079e-05 -0.000347524 0.000893099 0.00201606 -0.000192838 -0.00230411 -0.00434049 -0.00336925 -0.00317827 0.00381237 -0.00472577 -0.00279178 -0.0123183 0.00712481 -0.00100419 -0.0149696 8.92129e-05 0.00482029 0.00237155 0.029268 0.0036856 -0.00759051 0.00377607 0.00660703 0.00886123 -0.0185145 0.046906 0.0626408 0.0130686 -0.0245005
internal_weight=2.75034e+06 1.85707e+06 893264 439148 454116 338882 132037 120984 120471 21833.9 98636.8 78614 20022.9 19386.8 206846 11053.1 1.51819e+06 34538.5 31395.2 3143.31 30173.3 6208.1 3999.47 23965.2 21992.6 1972.58 1640.03 1118.78 521.246 327.419
internal_count=7999769 5709787 2289982 1118723 1171259 1210647 482312 439630 437079 74972 362107 286756 75351 65172 728335 42682 4499140 102093 94107 7986 89807 19543 11555 70264 63676 6588 3700 2233 1467 1092
is_linear=0
shrinkage=0.05


Tree=130
num_leaves=31
num_cat=0
split_feature=22 36 37 37 25 25 36 79 25 25 37 48 55 46 36 31 42 87 41 90 30 25 55 100 37 30 87 50 90 24
split_gain=405.866 1070.98 1608.7 1224.19 1392.01 1360.24 1281.15 1172.74 1158.35 1533.78 1582.67 1932.11 1768.89 1249.87 1117.5 1235.53 1183.72 1184.37 1108.64 1266.66 1406.18 1063.07 1027.42 1019.92 1016.38 999.264 997.569 981.576 980.82 978.689
threshold=1.5000000000000002 -0.60995516180992115 -2.3466914892196651 -8.0158219337463361 2.8253053426742558 1.3490957617759707 -16.688729286193844 5.531872272491456 0.92481735348701488 0.66790914535522472 8.0438704490661639 0.74455857276916515 -609122.49999999988 0.055165816098451621 -13.95372438430786 1176.805358886719 1.0082244873046877 1.0000000180025095e-35 0.99175953865051281 4559.1550292968759 0.90749999880790722 1.33108127117157 -518937.49999999994 296551.21875000006 -16.553010940551754 0.50249999761581432 1.0000000180025095e-35 97.500000000000014 2625.2751464843755 86.519462585449233
decision_type=2 2 2 2 2 2 2 2 2 2 2 2 2 2 2 2 2 2 2 2 2 2 2 2 2 2 2 2 2 2
left_child=1 2 3 24 5 21 -6 -7 9 14 12 -12 -11 22 15 28 17 -16 -15 23 -21 27 -10 -20 -1 -14 -17 -5 -4 -3
right_child=-2 29 8 4 6 7 -8 -9 13 10 11 -13 25 18 16 26 -18 -19 19 20 -22 -23 -24 -25 -26 -27 -28 -29 -30 -31
leaf_value=-0.010171127734828984 -0.0003536371951577307 -0.0045621289522551119 -0.023689538996945921 -0.0092061897496219253 0.025821522229112111 -0.027798344590289521 -0.0092398539126508552 -0.0050796217630452228 0.01131379063973011 0.017168649018915225 -0.019601154041337467 0.003829094046016163 -0.019437369362324177 -0.0089582618985724963 0.00042886599287376834 -0.00921037424289811 -0.045326011307049621 0.010382926677988461 0.0092737919093924728 0.0041255673681465091 -0.02230944352961612 0.045498327787338567 -0.012395017171506619 0.029228159614233598 0.0065203890685722786 0.0012188085138101119 0.025811746882403563 0.023443115619761999 -0.0030747912055354345 0.0016999230426407372
leaf_weight=12049.789288431406 1915384.927882731 139117.06870123744 7349.4194283783436 20095.18033606559 5241.5046078562737 16285.420230068266 5178.6182302162051 8724.2868802696466 6512.3002865612507 13418.923072881997 26248.332561433315 13234.160989508033 8317.5238501876593 9981.6444924473763 48398.832857646048 3146.4152419269085 1107.2035882025957 78116.417300835252 146093.30674181134 31082.935184285045 6001.0041229277849 1070.5117362141609 15309.980735987425 6696.7778972387314 37501.544875472784 19767.790677696466 5743.3167195618153 2598.8478967398405 26840.822775200009 113136.26092204452
leaf_count=37909 5597044 413268 24366 62127 12856 58210 16113 23127 17859 35200 83192 37308 26262 29561 142911 9900 4006 208311 396762 88290 19120 2450 47555 16288 107364 55892 13992 6858 77800 327871
internal_value=4.72877e-05 0.000967663 0.00214689 -0.00333706 -0.00819076 -0.0117348 0.00839694 -0.019874 0.00340673 0.00108545 -0.00458122 -0.0117475 0.00223601 0.00604222 0.00377394 -0.00318897 0.00612438 0.00657504 0.00728283 0.00813669 -0.000152555 -0.0031684 -0.00531931 0.0101486 0.00246116 -0.00489886 0.0134159 -0.00546621 -0.00750678 -0.00175357
internal_weight=2.74975e+06 834366 582113 108746 59194.4 48774.2 10420.1 25009.7 473367 251689 80986.7 39482.5 41504.2 221678 170702 43080 127622 126515 199856 189874 37083.9 23764.5 21822.3 152790 49551.3 28085.3 8889.73 22694 34190.2 252253
internal_count=7999772 2402728 1661589 327014 181741 152772 28969 81337 1334575 719140 237854 120500 117354 615435 481286 126058 355228 351222 550021 520460 107410 71435 65414 413050 145273 82154 23892 68985 102166 741139
is_linear=0
shrinkage=0.05


Tree=131
num_leaves=31
num_cat=0
split_feature=62 53 48 94 85 42 86 90 77 54 25 85 54 100 12 29 54 41 55 38 85 22 46 36 54 90 31 55 85 55
split_gain=391.833 770.601 731.092 886.536 2126.6 1076.16 597.167 792.126 587.319 525.717 490.466 510.086 746.986 669.012 1032.7 516.326 466.647 415.257 485.68 602.624 729.075 406.229 957.218 975.777 885.366 2339.27 1341.9 1311.35 1225.44 1134.49
threshold=10.053500175476076 0.87837970256805431 -0.47136868536472315 2659.786499023438 0.90000000596046459 0.99853402376174938 6.0000000000000009 2632.309936523438 1.5000000000000002 648177.50000000012 1.9714748263359072 0.90000000596046459 506492.50000000006 121414.44921875001 0.020953480154275898 0.1787500008940697 474707.50000000006 1.0031572580337527 9707.5000000000018 -2.9832406044006343 0.90000000596046459 1.5000000000000002 0.43438592553138738 -1.7359930276870725 366272.50000000006 2663.878051757813 284.72724914550787 -711117.49999999988 0.90000000596046459 -358139.99999999994
decision_type=2 2 2 2 2 2 2 2 2 2 2 2 2 2 2 2 2 2 2 2 2 2 2 2 2 2 2 2 2 2
left_child=1 2 3 4 5 -1 7 -7 -6 -10 11 13 16 14 -5 -15 -13 18 19 20 -4 22 23 -2 29 27 -27 -26 -28 -25
right_child=21 -3 17 10 8 6 -8 -9 9 -11 -12 12 -14 15 -16 -17 -18 -19 -20 -21 -22 -23 -24 24 25 26 28 -29 -30 -31
leaf_value=-0.060095941410556776 0.0023429058250369131 -0.018960950300698054 -0.04580649646045188 0.049736669642965477 0.013492795111566669 -0.035175476073836122 0.055116152888155967 0.055571973145359083 -0.013796943748312038 -0.083194663787880374 0.0054129232520898187 -0.00061680799927727099 -0.045853090125474602 -0.041848658185467562 -0.054251436597678664 -0.0069592857366518636 0.077464140464090545 -0.033748756906986151 0.031890003658743782 0.010227192604969328 0.013096884066176866 -0.00028321477478643158 -0.040308842931332522 -0.068158638958547887 0.008526376222303584 -0.0059400144767466825 0.01686167808630459 -0.013537099642923413 0.0015959104531030632 -0.0033703381837789067
leaf_weight=288.08968955278397 544012.48292625695 7775.4443874955177 1161.000190243125 629.07394640147686 406.64331129193306 506.11598233878613 2192.5867126733065 456.33522239327431 445.74462820589542 705.43715133517981 2638.5548041164875 3801.3405658453703 956.32258532941341 4509.6428056955338 383.42100532352924 1387.3993711173534 200.49081639945507 597.76039522886276 1951.9896012246609 9769.351892516017 957.95859735459089 1891733.8784959093 1395.4906054362655 677.50972473621368 8934.3890584111214 14654.343374669552 34595.639175191522 27341.181005045772 21204.233914285898 163240.70460443199
leaf_count=1038 1550821 25127 4021 1370 985 1762 4279 1045 1505 3099 7631 11406 3515 15801 1340 4038 436 2108 4808 27045 2689 5525807 5240 2727 24763 43033 88973 85409 61929 486022
internal_value=4.49236e-05 -0.00476368 -0.00151107 -0.00782384 0.0103281 0.0322581 0.040709 0.00785922 -0.0381282 -0.0563631 -0.0140823 -0.0184171 -0.0061771 -0.0271975 0.0103379 -0.0336436 0.00331216 0.00701769 0.00878106 0.00498393 -0.0191809 0.000119017 0.00105145 0.00112236 -0.00133098 0.00221303 0.00752458 -0.00810282 0.0110608 -0.00363857
internal_weight=2.74951e+06 41720.7 33945.3 19507.2 5000.95 3443.13 3155.04 962.451 1557.83 1151.18 14506.2 11867.7 4958.15 6909.54 1012.49 5897.04 4001.83 14438.1 13840.3 11888.3 2118.96 2.70779e+06 816056 814660 270648 106730 70454.2 36275.6 55799.9 163918
internal_count=7999772 125048 99921 59250 13713 8124 7086 2807 5589 4604 45537 37906 15357 22549 2710 19839 11842 40671 38563 33755 6710 7874724 2348917 2343677 792856 304107 193935 110172 150902 488749
is_linear=0
shrinkage=0.05


Tree=132
num_leaves=31
num_cat=0
split_feature=39 49 55 55 55 16 85 94 94 36 86 78 86 54 54 37 36 54 54 13 85 54 54 54 54 54 85 39 37 85
split_gain=384.843 821.55 1059.18 3141.07 1555.55 1258.22 1045.39 4208.46 2522.29 4239.25 3271.73 2046.06 1553.56 1416.23 1242.71 1019.58 1180.93 1504.49 2529.47 1106.17 1314.25 1083.25 1013.4 993.842 989.514 1312.2 991.597 943.683 1067.87 1376.59
threshold=1.288654148578644 -0.11969653144478797 -443837.49999999994 -397054.99999999994 -627042.49999999988 55.890050888061531 0.90000000596046459 2923.5878906250005 3012.839965820313 8.6033363342285174 6.0000000000000009 1.5000000000000002 6.0000000000000009 425250.00000000006 405102.50000000006 20.210126876831058 -20.76340293884277 586847.50000000012 463262.50000000006 0.014208736363798382 0.90000000596046459 398627.50000000006 436472.50000000006 657112.50000000012 715527.50000000012 740402.50000000012 0.90000000596046459 18.310605049133304 -2.0699583292007442 0.90000000596046459
decision_type=2 2 2 2 2 2 2 2 2 2 2 2 2 2 2 2 2 2 2 2 2 2 2 2 2 2 2 2 2 2
left_child=-1 15 4 6 23 -5 8 11 12 10 -10 -8 13 -4 -9 -2 -17 18 21 -20 -21 -18 -14 27 -25 26 -26 28 29 -3
right_child=1 2 3 5 -6 -7 7 14 9 -11 -12 -13 22 -15 -16 16 17 -19 19 20 -22 -23 -24 24 25 -27 -28 -29 -30 -31
leaf_value=0.00053030688491857768 -0.0003329785905391955 -0.058462602728103767 0.055907042126272101 0.0010181956031718978 -0.008974929255915573 -0.0051447253890163462 0.020610098784344132 -0.0077387282383644829 0.016194966345764988 0.052519773369551936 -0.05940378305140083 -0.052008483173376058 0.035834382444709129 -0.0074329709793377122 0.036240258665772282 0.047783889800838052 0.0040097745921877778 -0.0076294870096524914 -0.00135558259271432 0.036494000451643867 0.0088989366389929693 -0.021308542313468293 0.074075463376919073 -0.0076682700145961962 0.018125532354701955 -0.0090242467775753631 -0.0032746303294821041 -0.017852246745845554 0.015971828617289047 0.020161603465507022
leaf_weight=1637015.1193060651 420166.30353773385 1155.3187125474215 1205.1380853205919 179534.79045998305 108242.88502134383 153730.68935357034 1308.6447558999062 2177.1370684057474 2630.1185828149319 2545.7581698149443 3137.3760122805834 3741.1202741265297 6928.2279552668333 3287.9450282305479 6119.7422590851784 1601.6911707222462 54301.722131580114 20379.971450321376 4298.2288803160191 12215.174323797226 6672.9633428901434 4580.0953734815121 2312.0590991675854 49697.66117605567 14883.735210195184 13967.277076721191 8505.581069752574 2995.7332404255867 18962.531488537788 1072.7393728643656
leaf_count=4741917 1212682 4226 2504 527202 335533 465833 3025 6560 7251 5333 11021 14026 14954 10103 14129 3607 153707 62519 12506 28159 19198 14487 3822 151689 38647 45238 26595 9623 50765 2911
internal_value=4.26749e-05 -0.00067495 -0.00195781 -0.00032059 -0.00470775 -0.00182467 0.0138414 0.00279646 0.0205272 -0.00120941 -0.0249312 -0.0331881 0.0336845 0.00956368 0.0246998 0.00076434 0.00519546 0.00452912 0.00754858 0.0215367 0.0267462 0.00203999 0.0454104 -0.000555479 -0.00304661 0.00310177 0.0103433 0.00841043 0.0121241 -0.0206132
internal_weight=2.74937e+06 1.11236e+06 588142 368659 219483 333265 35393.3 13346.6 22046.6 8313.25 5767.49 5049.77 13733.4 4493.08 8296.88 524216 104050 102448 82068.2 23186.4 18888.1 58881.8 9240.29 111241 87054.3 37356.6 23389.3 24186.3 21190.6 2228.06
internal_count=7999772 3257855 1750990 1085763 665227 993035 92728 37740 54988 23605 18272 17051 31383 12607 20689 1506865 294183 290576 228057 59863 47357 168194 18776 329694 262169 110480 65242 67525 57902 7137
is_linear=0
shrinkage=0.05


Tree=133
num_leaves=31
num_cat=0
split_feature=98 95 55 25 55 85 54 104 13 86 54 53 92 48 46 27 85 28 39 6 50 14 47 37 7 35 73 38 54 54
split_gain=379.293 511.173 412.15 910.661 858.432 680.904 1287.81 836.726 662.578 608.503 1131.92 745.976 583.273 566.229 531.426 548.139 463.452 672.066 411.398 403.71 355.873 452.035 438.142 514.593 352.597 366.344 382.933 349.243 550.897 602.052
threshold=5.3535602092742929 33.900009155273445 -726402.49999999988 1.997377395629883 -717607.49999999988 0.90000000596046459 717857.50000000012 7.6554820537567148 0.034216037020087249 6.0000000000000009 717857.50000000012 1.0000000180025095e-35 -6.2853648614691329e-06 0.65106672048568737 0.11125084385275842 0.49472545087337499 0.90000000596046459 1.0000000180025095e-35 0.42933656275272375 -0.0041142175905406466 -607.49999999999989 36.997749328613288 -0.23639264702796933 6.5448970794677743 0.0069412051234394321 -22.742738723754879 1.9369494318962099 22.417093276977543 422950.00000000006 382882.50000000006
decision_type=2 2 2 2 2 2 2 2 2 2 2 2 2 2 2 2 2 2 2 2 2 2 2 2 2 2 2 2 2 2
left_child=1 2 3 8 5 9 -7 -8 12 -4 -11 -12 -1 -9 15 -14 24 -18 -10 -20 21 -2 -22 -24 25 26 -5 -6 29 -29
right_child=20 -3 4 16 27 6 7 13 18 10 11 -13 14 -15 -16 -17 17 -19 19 -21 22 -23 23 -25 -26 -27 -28 28 -30 -31
leaf_value=0.005281787949092712 -0.032512206084144846 0.00065839705676631769 0.0053848424017303364 0.045568514273333222 -0.00080521909841707682 0.094516732535622816 -0.04735968135358487 0.023110957345340202 -0.059046158149970662 -0.10612304932253487 0.060407305480931095 0.019580413042828947 -0.0071570521346998751 -0.064713161449236764 0.010597427093021076 -0.022815549248386718 0.031683273219669884 -0.054985375610608601 0.02678122576012933 -0.035999893115020443 0.017268793349640637 -0.00034055270198720533 -0.0042401488751010888 0.0066129648305270523 -0.041155431240269692 0.039942731773621058 -0.053218159791099506 0.005859527038607237 -0.005444121580324009 0.031348536926299873
leaf_weight=9442.1574851423502 1143.8875190168619 1270614.7285742611 3923.2648093253374 168.11048765480518 1296266.5559193641 276.70171988010406 1295.0913026928902 1131.5057232379913 942.76880180835724 142.98842169344425 1890.438869446516 2744.1859967261553 25261.832794047892 218.02081777155399 3244.7556719183922 7177.1367372050881 431.86046002060175 461.88911391794682 390.4143845513463 739.64605794101954 6762.1871816664934 23580.014054782689 14727.018339306116 42257.726908706129 172.37542124092579 2342.6640297025442 232.63166189193726 18950.747573420405 9552.2982000410557 2638.66432762146
leaf_count=27338 3786 3640884 11579 413 3824517 513 4925 3055 3683 584 3558 6630 81836 857 9748 24974 1220 1894 1078 2807 17742 68437 43025 116679 599 5497 805 55581 29159 6369
internal_value=4.06117e-05 -6.64812e-05 -0.000729086 -0.00514028 -0.000561041 0.012968 -0.00791503 -0.0186659 -0.00703847 0.0199801 0.0319608 0.036244 -0.00576823 0.00888154 -0.00869234 -0.0106223 0.018372 -0.0131128 -0.0346733 -0.0143013 0.00326132 -0.00183048 0.00523623 0.003808 0.0280256 0.0323877 -0.0117546 -0.000679508 0.00455287 0.00897634
internal_weight=2.74912e+06 2.66065e+06 1.39004e+06 51008.2 1.33903e+06 11622.2 2921.32 2644.62 47198.7 8700.88 4777.61 4634.62 45125.9 1349.53 35683.7 32439 3809.53 893.75 2072.83 1130.06 88470.8 24723.9 63746.9 56984.7 2915.78 2743.41 400.742 1.32741e+06 31141.7 21589.4
internal_count=7999772 7750103 4109219 161892 3947327 31701 9350 8837 151464 22351 10772 10188 143896 3912 116558 106810 10428 3114 7568 3885 249669 72223 177446 159704 7314 6715 1218 3915626 91109 61950
is_linear=0
shrinkage=0.05


Tree=134
num_leaves=31
num_cat=0
split_feature=33 62 53 50 104 85 42 85 42 26 39 26 53 78 90 48 26 9 13 22 39 36 42 13 85 41 42 90 42 53
split_gain=354.765 355.865 692.545 667.689 580.732 2151.26 1172.04 946.805 932.561 841.534 713.103 693.307 635.228 546.81 462.594 430.988 423.262 406.236 413.414 416.036 381.512 1041.93 966.807 797.103 830.136 761.345 896.037 880.575 1050.22 735.118
threshold=0.30000000447034841 10.053500175476076 0.87837970256805431 -212.49999999999997 7.7372786998748788 0.90000000596046459 0.99843209981918346 0.90000000596046459 1.0027324557304385 1.5495628714561465 -4.7904860973358145 1.0148988962173464 0.6078576147556306 1.5000000000000002 3375.038696289063 -0.11969653144478797 1.183879613876343 0.070323862135410323 0.031095059588551525 3.5000000000000004 5.120812416076661 -11.668207645416258 1.0031448006629946 0.0079851318150758761 0.90000000596046459 1.0004693865776064 0.99863237142562877 2470.3864746093755 1.0025314688682558 0.87837970256805431
decision_type=2 2 2 2 2 2 2 2 2 2 2 2 2 2 2 2 2 2 2 2 2 2 2 2 2 2 2 2 2 2
left_child=1 2 3 4 5 6 -1 10 -8 13 14 12 -9 -7 -6 -12 17 -5 19 -19 23 22 -22 24 -3 26 -23 28 -27 -28
right_child=-2 20 -4 16 7 9 8 11 -10 -11 15 -13 -14 -15 -16 -17 -18 18 -20 -21 21 25 -24 -25 -26 27 29 -29 -30 -31
leaf_value=-0.046355883474548637 -0.019942999031373341 0.03818939729492983 -0.017994387806754816 0.00023563699025251554 -0.059842337282108832 0.0025560302746358812 0.043574551914756843 0.019429090078795664 -0.013699864610906283 0.097217552005141691 -0.01706151095820653 -0.047777674530888541 -0.011760097286751817 -0.053262290256427716 -0.022130043944814222 0.014970580430048775 -0.053376732065925372 0.036709267052867062 -0.017304530974721483 -0.0029006142344232739 -0.0036604229721449947 -0.0042191870087691565 -0.023177158868116693 0.00037141246505652085 -0.0080816680957388441 -0.034697676039562558 0.0072694767140153022 -0.00071434219538865455 -0.0049696133867274239 -0.0015907040253987472
leaf_weight=522.20896410942078 2218.5775231346488 2771.6697885841131 7769.4741501510143 3627.5408369451761 1506.2195354700089 587.05549444258213 3716.9036187529564 4303.7396569848061 878.02906996011734 117.9918182939291 5806.218035236001 614.31069569289684 2628.8463220149279 1732.8418188020587 1771.3291133493185 1280.9356262981892 248.63360814750195 3141.1325881183147 565.45391450822353 839.71723465621471 151486.77288656682 33606.109601870179 6622.1019461750984 2185145.0056078956 1489.648397937417 4164.4965517148376 91212.967996433377 186763.28232084215 10362.516718842089 31491.999278798699
leaf_count=1842 7203 6155 25127 10488 5587 1508 8178 11851 2638 224 18269 2326 8217 6949 5778 3360 956 7512 1792 2446 452884 98888 21921 6338127 4493 14588 256121 549724 32399 92221
internal_value=3.85876e-05 5.47359e-05 -0.00453129 -0.00144413 -0.00548036 0.00614441 0.0245596 -0.010384 0.0326285 -0.0325014 -0.0201926 0.00308719 0.0076014 -0.0391402 -0.0394755 -0.01127 0.0107586 0.0127164 0.0226716 0.0283541 0.000125364 -0.0010981 -0.00447802 0.00041355 0.0220149 0.000396286 0.00301434 -0.00163673 -0.013494 0.00499549
internal_weight=2.74899e+06 2.74678e+06 41658.6 33889.1 25466.6 7555.03 5117.14 17911.6 4594.93 2437.89 10364.7 7546.9 6932.59 2319.9 3277.55 7087.15 8422.48 8173.84 4546.3 3980.85 2.70512e+06 515710 158109 2.18941e+06 4261.32 357601 156311 201290 14527 122705
internal_count=7999772 7992569 125048 99921 76727 21339 12658 55388 10816 8681 32994 22394 20068 8457 11365 21629 23194 22238 11750 9958 7867521 1518746 474805 6348775 10648 1043941 447230 596711 46987 348342
is_linear=0
shrinkage=0.05


Tree=135
num_leaves=31
num_cat=0
split_feature=95 98 30 62 50 26 37 36 90 54 54 55 55 54 85 35 31 37 54 54 22 38 37 29 42 42 36 39 54 90
split_gain=366.121 496.05 338.152 684.496 816.027 802.901 722.164 686.323 652.894 1061.21 565.431 1415.27 1247.05 1042.43 821.454 564.821 541.267 762.673 527.558 732.869 526.239 765.57 1201.85 841.233 809.541 735.23 906.487 700.244 774.639 679.996
threshold=33.900009155273445 5.3535602092742929 0.90249997377395641 23.765181541442875 -377.49999999999994 1.442846477031708 1.7618561983108523 -5.0175061225891104 2908.140014648438 504057.50000000006 557540.00000000012 -567764.99999999988 -487017.49999999994 465697.50000000006 0.90000000596046459 -2.2937337160110469 349.22296142578131 -2.0699583292007442 18117.500000000004 10177.500000000002 1.5000000000000002 1.9414711594581606 -1.7873849868774412 0.026250000111758712 0.99724486470222484 1.0015809535980227 -17.883403778076168 -15.407492160797117 729107.50000000012 2656.089965820313
decision_type=2 2 2 2 2 2 2 2 2 2 2 2 2 2 2 2 2 2 2 2 2 2 2 2 2 2 2 2 2 2
left_child=1 2 20 4 10 6 16 -7 9 -9 12 15 -4 -14 -13 -12 17 -5 19 -8 21 22 23 24 -1 -23 -27 28 -24 -28
right_child=-2 -3 3 5 -6 7 18 8 -10 -11 11 14 13 -15 -16 -17 -18 -19 -20 -21 -22 25 27 -25 -26 26 29 -29 -30 -31
leaf_value=-0.0099169905946356971 0.00068355511798671076 0.003345815445315928 -0.024829953719726131 -0.0018656944105816288 -0.0076796290774520538 -0.018141851956646558 -0.0084960204261444738 0.055876351851710464 0.0044618695518255811 0.010671110049192299 0.031028775147081536 0.085413137775647185 0.0050434474392594634 0.04209765005544619 -0.020733057694522303 0.0062854819010496089 -0.0063141854788748009 0.015155485194884188 -0.0039767665209833247 -0.037912706921290965 -0.0017207838096199705 -0.0071852266177233658 0.030863254029034504 -0.0059689681813244848 0.03154987947640929 0.021750714074802512 -0.011579683588579071 0.0044255889771965956 -0.058384926048840338 0.00059423169715371201
leaf_weight=1907.643321312964 1279200.5263779759 80373.887868888676 3365.9092543274164 13192.132504805923 10670.892048031092 2378.9170363098383 8525.6391954943538 1816.4338966906071 14969.332768321037 4548.5112933665514 2856.9363267347217 1023.6885888278484 40384.823654398322 1990.7568493932486 221.20030511915684 11960.657912150025 11662.518396370113 13130.154839634895 55878.212228685617 2816.5459373146296 819693.60606086999 47329.774227946997 3883.9718056321144 46451.980231240392 3069.7927798554301 4667.0342923849821 12841.907885089517 140605.44308213145 258.41807350516319 107342.81016686559
leaf_count=6010 3664165 226758 10762 39177 32186 7522 25984 3782 42566 12621 7118 1748 113622 4647 722 34123 35323 35599 164767 9524 2449572 143239 9314 142996 7692 11945 40652 398238 1048 315919
internal_value=6.50306e-05 -0.000473275 -0.0006942 0.00120031 0.00508802 -0.000985254 -0.00285865 0.00732576 0.0101665 0.0235794 0.00729262 0.015363 0.00445826 0.00678528 0.0665468 0.0110583 0.00265202 0.00662492 -0.00597268 -0.0158041 -0.00101535 0.000554398 0.00268988 -0.00387555 0.0156576 -0.00187867 0.000132984 0.00502265 0.0252817 -0.000706612
internal_weight=2.74902e+06 1.46982e+06 1.38945e+06 201393 72474.9 128918 105205 23713.2 21334.3 6364.95 61804 16062.5 45741.5 42375.6 1244.89 14817.6 37984.8 26322.3 67220.4 11342.2 1.18805e+06 368359 196177 51429.4 4977.44 172182 124852 144748 4142.39 120185
internal_count=7999341 4335176 4108418 581793 204928 376865 310374 66491 58969 16403 172742 43711 129031 118269 2470 41241 110099 74776 200275 35508 3526625 1077053 565298 156698 13702 511755 368516 408600 10362 356571
is_linear=0
shrinkage=0.05


Tree=136
num_leaves=31
num_cat=0
split_feature=90 55 85 55 54 86 86 49 26 36 73 22 12 77 49 85 54 31 49 49 55 30 86 30 31 45 50 50 90 37
split_gain=363.08 465.789 1076.11 1181.07 1186.64 1193.41 1137.8 1062.37 1403.6 1133.75 948.921 939.396 805.29 782.981 1161.44 748.146 1486.78 1169.7 807.642 1016.67 741.428 691.088 649.556 568.837 541.299 766.44 473.224 457.805 455.648 625.028
threshold=5186.0429687500009 20992.500000000004 0.90000000596046459 1622.5000000000002 11427.500000000002 6.0000000000000009 6.0000000000000009 -0.79989895224571217 -0.4131809771060943 -14.624270915985106 8.1008548736572283 2.5000000000000004 0.11541410908102991 1.5000000000000002 -0.79989895224571217 0.90000000596046459 4572.5000000000009 130.60843658447268 -0.88186877965927113 0.58244305849075328 19872.500000000004 0.81250000000000011 6.0000000000000009 0.8725000023841859 388.24336242675787 1.0015822649002077 342.50000000000006 212.50000000000003 4994.8999023437509 11.826442241668703
decision_type=2 2 2 2 2 2 2 2 2 2 2 2 2 2 2 2 2 2 2 2 2 2 2 2 2 2 2 2 2 2
left_child=28 2 3 -2 5 10 -6 8 -7 -9 -5 13 20 -4 21 16 17 -3 -17 -20 26 -15 -18 -12 25 -24 -13 -19 -1 -30
right_child=1 15 11 4 6 7 -8 9 -10 -11 23 12 -14 14 -16 18 22 27 19 -21 -22 -23 24 -25 -26 -27 -28 -29 29 -31
leaf_value=0.00013042499441303363 -0.052297503788780945 -0.080216825409975323 0.018518409723996227 -0.035608876245730663 0.032333339628637742 0.063691943255614822 -0.065507060832206712 -0.10066820350156708 -0.11213126057306505 0.062101879702489093 0.04287371868327039 0.050579761392001626 -0.046458976403101877 -0.04767522504158566 -0.071849578687883026 -0.04227292531928413 -0.0068276557828119205 0.060915018775815004 0.03879138569239507 -0.024353395637469265 -0.034628245864851942 0.086022457018703077 -0.071118329169316347 -0.052922942492073369 -0.087247804305912974 0.002721320797538616 -0.038648435465174324 -0.065789872191302043 -0.00055628460027507584 -0.0093501068649328636
leaf_weight=2635480.4457291439 491.51180253922939 198.48088528215885 598.84221419692039 861.25797156989574 569.14364360272884 229.89040648937225 619.64648953080177 108.97806560993195 222.30935247242451 4071.1557781547308 1239.3872200548649 1511.6055208295584 448.68858222663403 172.31711037456989 1244.8612127304077 553.54552538692951 1463.1227997243404 983.68250145018101 2521.5218511521816 852.13809809088707 390.19357366859913 217.64904761314392 673.48661917448044 176.17804484069347 671.25981509685516 733.31583622097969 163.98774456977844 76.011487245559692 61158.955323323607 30176.020805776119
leaf_count=7656466 1797 882 1405 2905 1555 413 2344 441 913 7453 2710 3244 1522 665 5449 1978 5072 2050 5961 2880 1335 407 2667 611 2754 2126 542 303 184401 96090
internal_value=6.17937e-05 0.00644983 0.0123259 0.0228845 0.0274542 0.0353932 -0.0186731 0.0499593 -0.0227915 0.0578341 0.00574636 -0.00677457 0.0141831 -0.030365 -0.0482745 -0.00253084 -0.015773 0.0308961 0.0136508 0.0228379 0.0273731 0.0269609 -0.0323599 0.0309186 -0.0503223 -0.0326502 0.0418263 0.0517683 1.01004e-05 -0.00346179
internal_weight=2.74888e+06 22064.2 13337.6 8589.46 8097.95 6909.16 1188.79 4632.33 452.2 4180.13 2276.82 4748.15 2514.48 2233.67 1634.83 8726.57 4799.36 1258.17 3927.21 3373.66 2065.79 389.966 3541.19 1415.57 2078.06 1406.8 1675.59 1059.69 2.72682e+06 91335
internal_count=7999341 62384 35711 21142 19345 15446 3899 9220 1326 7894 6226 14569 6643 7926 6521 26673 15854 3235 10819 8841 5121 1072 12619 3321 7547 4793 3786 2353 7936957 280491
is_linear=0
shrinkage=0.05


Tree=137
num_leaves=31
num_cat=0
split_feature=80 80 65 39 104 48 37 36 30 37 54 26 54 8 94 62 12 47 54 90 49 42 25 25 90 90 13 104 25 25
split_gain=361.741 522.124 412.127 734.259 699.624 922.663 765.726 743.851 704.189 825.496 995.466 591.419 946.398 967.833 832.271 737.897 779.59 574.238 553.847 759.609 741.257 552.94 1558.78 1397.93 1084.56 898.443 819.344 818.544 769.251 1687.75
threshold=5.1673452854156503 1.4458661079406741 0.53078109025955211 -2.7156761884689327 8.3298993110656756 0.65106672048568737 30.677377700805668 -5.2026844024658194 0.092500001192092909 6.757063865661622 152027.50000000003 1.7845480442047121 264162.50000000006 -0.0097513501532375795 4077.827514648438 24.312827110290531 0.016992917284369472 -0.2402263060212135 1517.5000000000002 4635.9445800781259 -0.86046862602233876 0.99535712599754345 2.9369496107101445 2.99071216583252 3012.5065917968755 2573.3769531250005 0.01572542637586594 7.6037561893463144 0.94511926174163829 0.95877075195312511
decision_type=2 2 2 2 2 2 2 2 2 2 2 2 2 2 2 2 2 2 2 2 2 2 2 2 2 2 2 2 2 2
left_child=1 -1 11 4 8 7 -7 -6 9 10 -4 21 14 -14 17 -15 -17 -13 20 -20 -16 22 25 -24 -25 27 -27 -3 -23 -30
right_child=-2 2 3 -5 5 6 -8 -9 -10 -11 -12 12 13 15 18 16 -18 -19 19 -21 -22 28 23 24 -26 26 -28 -29 29 -31
leaf_value=0.0013031927326027303 0.00088577732071783502 -0.020056101860310135 0.048733738404952182 -0.003161065635080148 -0.01589844975003301 0.034555833775615045 -0.053628731216490345 0.016190717032022944 0.00096215730817464536 -0.023513690785859635 -0.009130282247001539 -0.0059130217130785243 -0.035249312525089997 -0.027182427655995035 -0.061953345436540699 -0.01219194415650934 0.0080744245554148601 0.019160647843476847 -0.020180528897665976 0.0037284944932627767 0.026745083418681783 -0.00096731407095811475 0.040611888032012863 -0.02922587054022216 0.0063874732930129866 -0.034305935229143679 -0.0068187587059793794 0.015487608315469251 0.022731767009858118 0.0016651443812289351
leaf_weight=383871.02318637073 892730.81756699085 2038.0186365023255 994.85376411676407 357071.9712837413 3358.4354541748762 4478.3666471913457 259.56518639624119 3904.4083301723003 133343.5737021938 6474.1158590316772 2929.4171148613095 3207.9818390458822 3772.9601611346006 4138.3342776894569 264.93805025517941 11674.718057654798 7992.9882919192314 7916.8703905940056 7642.9597112089396 5874.5463871434331 2061.197436273098 378148.24758525938 2781.1380805522203 2326.8233428522944 26184.188941769302 2801.6902990192175 83132.668428093195 7876.7739132940769 9744.1434741318226 389715.62977103144
leaf_count=1036559 2289456 8704 2523 1152907 11942 12096 1025 12152 412729 23251 9798 10514 14573 15145 1139 40192 24547 23310 26977 18674 5866 1194818 6690 8766 79602 10361 274663 23235 26943 1220184
internal_value=5.87283e-05 -0.000339081 -0.000767328 -0.00191155 0.00095318 0.0125507 0.0297133 0.00135143 -1.51261e-05 -0.0125467 0.0055464 -0.000155649 -0.00521173 -0.0117242 0.00144821 -0.00799427 -0.00395541 0.01193 -0.00591173 -0.00979008 0.0166182 0.000149182 -0.0029077 0.00678143 0.00347992 -0.00607103 -0.00771536 0.00817969 0.000649002 0.0021791
internal_weight=2.74871e+06 1.85598e+06 1.47211e+06 512815 155743 12000.8 4737.93 7262.84 143742 10398.4 3924.27 959297 54547.5 27579 26968.5 23806 19667.7 11124.9 15843.6 13517.5 2326.14 904749 127141 31292.2 28511 95849.2 85934.4 9914.79 777608 399460
internal_count=7999341 5709885 4673326 1638423 485516 37215 13121 24094 448301 35572 12321 3034903 180937 94457 86480 79884 64739 33824 52656 45651 7005 2853966 412021 95058 88368 316963 285024 31939 2441945 1247127
is_linear=0
shrinkage=0.05


Tree=138
num_leaves=31
num_cat=0
split_feature=62 53 36 54 42 38 37 36 31 85 97 97 37 35 46 46 36 13 42 39 25 85 87 62 86 90 42 50 62 26
split_gain=346.387 712.94 711.983 572.259 549.499 924.859 627.223 496.482 453.976 448.41 655.498 781.198 568.142 598.528 418.377 449.009 468.662 627.898 410.503 395.665 890.354 2039.13 1440.84 2068.42 2216.53 2322.46 2196.56 1689.15 1423.7 1388.65
threshold=10.924385070800783 0.87837970256805431 0.90350010991096508 630327.50000000012 1.0011870861053469 1.8691753149032595 13.808680534362795 -3.3783093690872188 166.38596343994143 0.90000000596046459 3.8846901655197148 5.0270071029663095 10.984213352203371 3.5643906593322758 0.13831149041652682 0.059389261528849609 -12.82356023788452 0.017278777435421947 1.0014010071754458 -5.5501620769500724 0.65831434726715099 0.90000000596046459 1.0000000180025095e-35 44.230567932128913 6.0000000000000009 4240.1701660156259 0.99752268195152294 -222.49999999999997 47.339069366455085 -1.6843604445457456
decision_type=2 2 2 2 2 2 2 2 2 2 2 2 2 2 2 2 2 2 2 2 2 2 2 2 2 2 2 2 2 2
left_child=1 2 4 18 5 7 -7 -1 -3 10 -10 -12 13 -11 15 -6 -17 -18 -4 20 22 28 27 24 -24 26 -26 -2 -22 -25
right_child=19 8 3 -5 14 6 -8 -9 9 12 11 -13 -14 -15 -16 16 17 -19 -20 -21 21 -23 23 29 25 -27 -28 -29 -30 -31
leaf_value=-0.00021329026056157217 -0.021935040690332568 0.0013483763514555113 0.00070095469696573117 0.016222102230619821 -0.00082725188088889415 -0.03727057059963293 -0.0005084375029144316 0.027271023651198663 -0.035430132435190956 -0.0060665069011118329 0.027901200222794454 -0.054878758563448995 -0.018351205138037608 0.060333569084445787 -0.025470866454112468 0.032912390369298765 0.034877698729922572 0.0020987735996033014 -0.020868088705958302 -0.00012310915172025302 -0.0033136918664721828 0.0049556641393848884 -0.0006251854210225752 0.024414263220573579 -0.013036454685452432 -0.030385794816873781 0.018790952493465921 0.0014638251678256893 -0.035552777802918982 -0.043527905522708903
leaf_weight=21987.66595351696 8799.3416119590402 3977.6333660632372 2994.7814688980579 1661.7397716790438 5534.1115412265062 2833.8128634616733 1964.7367199137807 1774.8160807937384 4967.6466515809298 873.44792757928371 969.93914970755577 402.41527695953846 3122.3679974228144 553.75877496600151 834.06529860198498 3153.4258961677551 1932.9497212916613 5975.7638204544783 8368.4213459193707 2228219.9818344116 150862.96542619169 106208.4332318753 39131.187870524824 989.65106883645058 5936.3180864900351 2805.5119987130165 62350.749305486679 62415.359398804605 3503.057436183095 3123.4017751067877
leaf_count=63817 28883 11539 8886 4398 16289 9956 5836 4446 17042 2745 2441 1442 10350 1231 2795 7685 4613 17264 27475 6493840 439034 309759 118870 2478 17308 8917 152348 185077 11846 10731
internal_value=5.57139e-05 -0.00332148 -0.000856113 -0.0111755 0.00206644 -0.00220297 -0.0222228 0.00184036 -0.0131069 -0.018387 -0.0269813 0.00360172 -0.00640619 0.0197175 0.00906223 0.0107995 0.016616 0.0101142 -0.0151835 0.000149018 0.00150819 -0.000376695 0.0041552 0.00763244 0.00893165 0.014192 0.0160239 -0.00142755 -0.00404556 -0.027177
internal_weight=2.74823e+06 73883.5 59016.3 13024.9 45991.3 28561 4798.55 23762.5 14867.2 10889.6 6340 1372.35 4549.57 1427.21 17430.3 16596.3 11062.1 7908.71 11363.2 2.67435e+06 446126 260574 185552 114337 110224 71092.6 68287.1 71214.7 154366 4113.05
internal_count=7999341 220250 173460 40759 132701 84055 15792 68263 46790 35251 20925 3883 14326 3976 48646 45851 29562 21877 36361 7779091 1285251 760639 524612 310652 297443 178573 169656 213960 450880 13209
is_linear=0
shrinkage=0.05


Tree=139
num_leaves=31
num_cat=0
split_feature=36 53 85 49 94 94 65 30 12 86 25 78 47 31 42 85 54 85 13 53 86 28 24 53 13 42 86 25 54 94
split_gain=350.733 1861.18 1423.12 1742.24 2137.7 1425.48 1348.35 1110.68 1560.16 974.997 920.551 920.414 876.829 1109.38 850.888 3462.58 3564.4 2181.73 1589.07 1477.92 3015.44 1382.24 1333.01 1329.38 1283.25 1282.26 1276.98 1168.19 1127.38 1829.84
threshold=-28.840798377990719 -1.0000000180025095e-35 0.90000000596046459 -0.7866188883781432 2679.224487304688 4485.0400390625009 0.48085126280784612 0.082499999552965178 0.027865183539688591 6.0000000000000009 1.7452219724655154 1.5000000000000002 -0.086089927703142152 617.26242065429699 0.99731513857841503 0.90000000596046459 284652.50000000006 0.90000000596046459 0.029410448856651786 0.6078576147556306 6.0000000000000009 0.32500000298023229 39.162511825561531 0.6078576147556306 0.011060021352022888 0.9952482581138612 6.0000000000000009 1.5223523378372195 284652.50000000006 3337.160034179688
decision_type=2 2 2 2 2 2 2 2 2 2 2 2 2 2 2 2 2 2 2 2 2 2 2 2 2 2 2 2 2 2
left_child=1 2 3 9 10 6 -6 -4 11 -1 -5 -9 13 -13 17 16 22 18 19 25 -21 23 -16 -19 -18 -3 -26 -27 29 -17
right_child=-2 14 7 4 5 -7 -8 8 -10 -11 -12 12 -14 -15 15 28 24 21 -20 20 -22 -23 -24 -25 26 27 -28 -29 -30 -31
leaf_value=0.013537420579407431 -6.6627257316262669e-05 -0.02288875494628801 0.020940465937273486 -0.051377371896630213 0.03817708936475947 -0.051398724981219307 -0.0010056317013465775 0.01040377334039376 0.02795691013305367 0.071527448413869391 0.0091181745849322812 -0.058848184428785671 -0.060911447001051833 0.026914899095029213 -0.038931028726475345 0.069798132032271573 -0.024528785188362573 -0.00056064527124998929 0.0014241013276172715 -0.0035289734638842317 -0.06708473969181368 -0.011733086023341934 0.0044000726629563952 0.02870736807623895 0.015257896509472025 -0.017976780791022214 0.05003102957888559 0.035859450452590085 -0.031459833294279857 -0.010950557587145424
leaf_weight=1033.1095494031906 2630160.4398978725 7884.1846746355295 3705.375604711473 1518.4745578989387 8271.8816729635 597.73928016424179 2988.4142795652151 1190.9858841747046 1695.1450866907835 2434.1807492226362 1072.1834553033113 678.17213726043701 2129.9781733080745 846.71754253655672 2267.3280616551638 787.81354176998138 862.72488813102245 7181.6497858017683 11376.807809665799 3312.669061511755 4274.3029531091452 6817.0732514485717 8158.1265924572945 8436.4814601391554 3937.3643980920315 1829.2404626309872 8023.114283695817 2240.9825527369976 5978.3040584474802 6343.6146659255028
leaf_count=2776 7658015 25728 10268 5521 19084 2115 8451 2931 4328 4162 2899 2692 8444 2351 8212 1621 2757 22161 32609 10694 15947 21688 22987 21833 10949 5745 16473 5380 20593 19927
internal_value=5.29532e-05 0.00272121 0.0139346 0.0224343 0.0147936 0.023783 0.0277786 -0.000927498 -0.0133174 0.0542591 -0.0263446 -0.0277596 -0.0401964 -0.0112373 -0.000798962 0.00509964 0.0166864 -0.00481876 -0.0134315 -0.0220802 -0.0393394 0.00705039 -0.00502593 0.0152496 0.0343382 -0.0111236 0.0385864 0.0116647 -0.0154474 -0.00202096
internal_weight=2.74803e+06 117874 28162.4 17916 14448.7 11858 11260.3 10246.4 6541 3467.29 2590.66 4845.85 3654.87 1524.89 89711.8 36358.4 23248.7 53353.4 30918.2 19541.4 7586.97 22435.2 10425.5 15618.1 12823.2 11954.4 11960.5 4070.22 13109.7 7131.43
internal_count=7999341 341326 76022 45008 38070 29650 27535 31014 20746 6938 8420 16418 13487 5043 265304 103519 61378 161785 96103 63494 26641 65682 31199 43994 30179 36853 27422 11125 42141 21548
is_linear=0
shrinkage=0.05


Tree=140
num_leaves=31
num_cat=0
split_feature=98 95 7 43 18 9 38 51 25 38 25 99 25 54 55 54 49 46 42 54 36 25 54 48 54 54 87 77 21 6
split_gain=338.841 422.488 365.324 418.138 407.628 390.493 364.544 467.752 807.462 683.876 780.871 1162.59 1063.88 746.312 596.867 564.164 821.001 657.801 529.531 736.282 614.074 474.564 668.907 633.432 467.642 534.142 773.523 607.166 611.749 578.409
threshold=5.3535602092742929 33.900009155273445 -0.0029037325875833626 1.0028857588768008 0.89782324433326732 0.034583155065774925 22.417093276977543 -267.49999999999994 3.5868779420852666 -11.491491317749022 2.5903633832931523 295357.87500000006 2.2934081554412846 302.50000000000006 29647.500000000004 9732.5000000000018 0.37256073951721197 0.22819483280181888 1.0094097852706911 24997.500000000004 4.7065186500549325 2.2274621725082402 111530.00000000001 -0.65106672048568714 422950.00000000006 382882.50000000006 1.0000000180025095e-35 1.5000000000000002 18.500000000000004 0.0035036227200180296
decision_type=2 2 2 2 2 2 2 2 2 2 2 2 2 2 2 2 2 2 2 2 2 2 2 2 2 2 2 2 2 2
left_child=1 6 -2 5 -5 -4 7 14 9 13 12 -12 -11 -9 18 -10 17 -17 21 -20 -21 22 -1 -23 25 29 -27 -28 -29 -8
right_child=2 -3 3 4 -6 -7 24 8 15 10 11 -13 -14 -15 -16 16 -18 -19 19 20 -22 23 -24 -25 -26 26 27 28 -30 -31
leaf_value=-0.0064493419767653526 -0.0035192223705157477 0.00058084414455749603 -0.035803266488241552 -0.0043533776424293088 0.026663515177389876 0.0071804525025971804 0.010067645446267939 0.026973825448028094 -0.024080775149638082 0.00013564486092742866 0.015432109536273084 -0.00721259455837088 -0.012874565574681168 -0.012783079008023527 -0.023943979934217059 -0.053356256730576181 0.055338445348879897 -0.0031039751399916035 0.001042981756798321 -0.041784575353870229 -0.012601323313944899 0.0048020631103709004 -0.0011388390684913005 -0.0057141996173246876 -0.0038782282606409516 -0.0188179430865234 0.0059575698523681615 -0.0946962790043962 0.070925790784481829 -0.012347529155848276
leaf_weight=80418.697436876595 16997.694117598236 1269049.0349493772 532.58210499584675 15677.158172562718 1135.003774985671 54050.325701139867 15348.805836573243 1272.9488356560469 5800.2111101746559 881393.50277991593 18681.558644428849 8135.5439453274012 15997.364475667477 16076.649552322924 3142.4909540489316 719.75812189280987 549.12718074023724 6754.1362266093493 7874.1226755231619 2341.1193771362305 7836.3650190532207 53016.557111337781 225778.73331867158 19616.219005197287 10914.474206075072 626.15614886581898 677.20054557919502 57.375136077404022 1306.1044099628925 3541.0564355701208
leaf_count=247624 49668 3637902 1795 46237 2859 148838 44119 3154 21116 2587855 49418 25514 49539 50854 11096 2624 1085 19368 23594 8628 24808 152776 671097 60469 33206 1990 1826 232 2407 11290
internal_value=2.28021e-05 -7.85154e-05 0.00306824 0.00463668 -0.00225764 0.00676031 -0.000681425 -0.000806855 -0.000205816 -2.96777e-05 0.000154949 0.00856215 -9.62906e-05 -0.00986442 -0.0022423 -0.0122021 -0.00361185 -0.00795058 -0.0020704 -0.0104368 -0.0193183 -0.00167169 -0.00253361 0.00196179 0.00455394 0.00882348 0.0297669 0.0446789 0.0638885 0.00586505
internal_weight=2.74532e+06 2.65693e+06 88392.8 71395.1 16812.2 54582.9 1.38788e+06 1.35541e+06 955381 941558 924208 26817.1 897391 17349.6 400024 13823.2 8023.02 7473.89 396882 18051.6 10177.5 378830 306197 72632.8 32471.2 21556.7 2666.84 2040.68 1363.48 18889.9
internal_count=7992988 7743591 249397 199729 49096 150633 4105689 4010619 2810527 2766334 2712326 74932 2637394 54008 1200092 44193 23077 21992 1188996 57030 33436 1131966 918721 213245 95070 61864 6455 4465 2639 55409
is_linear=0
shrinkage=0.05


Tree=141
num_leaves=31
num_cat=0
split_feature=90 29 55 85 55 22 29 77 9 37 86 85 46 9 49 49 86 46 55 50 86 7 24 79 9 99 49 36 49 25
split_gain=339.316 488.861 568.647 791.379 1081.28 779.925 810.649 962.228 759.088 897.039 809.317 740.021 803.675 661.164 629.957 778.461 514.729 512.161 626.894 551.968 482.592 570.511 457.24 442.395 417.988 387.329 585.223 685.514 541.79 648.268
threshold=5186.0429687500009 0.021250000223517421 20992.500000000004 0.90000000596046459 1622.5000000000002 2.5000000000000004 0.84750002622604381 1.5000000000000002 0.74162939190864574 7.9305920600891122 6.0000000000000009 0.90000000596046459 0.24652600288391116 0.94598081707954418 -0.91080963611602772 0.58244305849075328 6.0000000000000009 0.43438592553138738 19872.500000000004 322.50000000000006 6.0000000000000009 0.0047002607025206098 74.478572845458999 4.1881852149963388 0.26791436970233923 350028.71875000006 0.5464349389076234 -11.78240919113159 -0.74455857276916493 2.9369496107101445
decision_type=2 2 2 2 2 2 2 2 2 2 2 2 2 2 2 2 2 2 2 2 2 2 2 2 2 2 2 2 2 2
left_child=25 -2 3 4 -3 6 7 23 9 16 -11 12 20 -14 -13 -16 -6 18 19 -7 -4 -22 -23 -5 -17 -1 28 -28 -27 -30
right_child=1 2 11 5 8 17 -8 -9 -10 10 -12 14 13 -15 15 24 -18 -19 -20 -21 21 22 -24 -25 -26 26 27 -29 29 -31
leaf_value=8.2671693355155159e-05 0.039787639285197823 -0.050794594104879888 -0.0058812274716995624 0.043425305073396377 0.013020538502940285 0.047441854892142338 0.033256977056473618 -0.068338120573205888 0.067093067751506155 -3.1313280410676508e-06 0.039749399076673755 -0.048890995527722053 0.070659540934733464 -0.066793789216629679 0.032117905123969413 0.0080648825408005612 -0.063140548358758972 -0.036947401404022022 -0.034141299343327512 -0.037789090488942655 -0.068304121600165565 0.017150519808609533 -0.043363925478944701 -0.070879456344767014 -0.061931377136640153 -0.0073709465987749165 -0.023661998158290617 -0.0048024404444809293 0.00031454138666982766 0.020266870456569816
leaf_weight=2632236.9480043277 1032.4274037033319 496.91027142107487 1625.1290727108717 357.63130769133568 417.11839665472507 1481.4386333525181 425.31551936268806 1171.1444305032492 948.49204742908478 1919.7432388663292 3841.6847267299891 394.44354020059109 392.0022424608469 111.64363972842693 2472.2857152223587 479.52462041378021 471.9729957729578 420.481948107481 383.93465861678123 217.05280402302742 1068.8827866911888 522.73279809951782 771.96062858402729 109.81566523015499 382.69673703610897 21217.49558069557 6551.2841373085976 18213.782295405865 40513.736279025674 4524.9198072105646
leaf_count=7651099 2434 1827 5566 726 1159 3212 1087 5148 1703 5563 8333 1470 805 524 6007 1377 1727 1373 1325 723 4240 1429 2660 385 1534 65955 23205 58518 120196 11678
internal_value=2.16556e-05 0.00621801 0.00455639 0.0112042 0.0205914 -0.00543701 -0.0281853 -0.044147 0.0252662 0.0192909 0.026505 -0.00568226 -0.0193479 0.0401082 0.0107805 0.0178531 -0.0274294 0.0133231 0.0234889 0.0365313 -0.0268647 -0.0412817 -0.018933 0.0164674 -0.0230329 -2.82124e-05 -0.00323488 -0.00979245 -0.000783623 0.00231962
internal_weight=2.74517e+06 21916.5 20884 12662.7 8095.92 4566.81 2063.91 1638.59 7599.01 6650.52 5761.43 8221.3 4492.35 503.646 3728.95 3334.51 889.091 2502.91 2082.43 1698.49 3988.71 2363.58 1294.69 467.447 862.221 2.72326e+06 91021.2 24765.1 66256.2 45038.7
internal_count=7992988 62337 59903 34291 20312 13979 7346 6259 18485 16782 13896 25612 15224 1329 10388 8918 2886 6633 5260 3935 13895 8329 4089 1111 2911 7930651 279552 81723 197829 131874
is_linear=0
shrinkage=0.05


Tree=142
num_leaves=31
num_cat=0
split_feature=47 49 63 30 55 48 6 37 13 97 24 37 94 104 36 31 48 37 35 87 53 90 87 37 22 87 55 5 8 55
split_gain=329.454 575.407 535.348 361.099 1146.45 998.861 799.683 1123.46 814.394 742.726 732.699 725.274 1422.62 1987.87 827.353 723.807 704.595 683.621 768.378 1042.14 1301.65 1041.6 713.426 665.708 661.754 658.787 545.305 545.252 541.659 658.423
threshold=0.38843400776386267 -0.99275061488151539 0.33883988857269293 0.90249997377395641 30795.000000000004 0.56457334756851207 -0.00094723628717474629 3.5672919750213627 0.024185930378735069 3.2787721157073979 38.698892593383796 16.931609153747562 2912.7839355468755 7.7778756618499765 8.2644314765930194 142.39568328857425 0.33172981441020971 13.251111030578615 6.2960109710693368 1.0000000180025095e-35 0.87837970256805431 2413.8850097656255 1.0000000180025095e-35 -1.2453346848487852 3.5000000000000004 1.0000000180025095e-35 -755672.49999999988 0.0052358075045049199 -0.0029632638907060023 -505234.99999999994
decision_type=2 2 2 2 2 2 2 2 2 2 2 2 2 2 2 2 2 2 2 2 2 2 2 2 2 2 2 2 2 2
left_child=3 2 -2 28 5 6 7 9 26 10 -5 14 13 -13 23 -14 -6 18 19 21 -21 -7 -20 -8 -10 -16 -9 -24 29 -1
right_child=1 -3 -4 4 16 17 11 8 24 -11 -12 12 15 -15 25 -17 -18 -19 22 20 -22 -23 27 -25 -26 -27 -28 -29 -30 -31
leaf_value=-0.005163775164668624 0.039436015691903289 -0.0039791924611413572 0.0015403635596974307 0.0036974408316061934 0.045442093375290926 0.10471128402338251 0.019488262902670233 0.04829145978387564 -0.0059301273720032653 -0.0077146033269697148 0.019848106226570114 0.011794784581174922 -0.023431483114524358 0.051467195648557285 -0.071328977971061525 0.0047655639599646256 -0.010171043188704857 -0.019774667750607888 -0.023165485560854147 -0.007248299308227602 -0.050634680315879615 0.0047084650838093798 0.06630473654080507 0.0024080114861274537 -0.020502461381236906 -0.0090448596821508086 0.00071770511803962822 -0.062166964376818158 0.0003195500517299299 -0.00067289298136993466
leaf_weight=99297.218680150807 1469.2001459077001 80336.746405370533 2546.6831687018275 60655.446355991066 2335.7957266569138 267.65846176445484 5949.9323631078005 614.76669596135616 37180.797165215015 12431.790435388684 7941.2609035819769 14906.02145767957 2615.4694302678108 4005.7442779242992 640.80388432741165 17483.983559429646 752.4842221736908 8165.5955063998699 408.73665496706963 9668.8054211065173 2104.3564239889383 8468.1240931376815 930.77755895256996 137968.28511426598 9856.1258170008659 1255.9225250929594 27649.703311190009 89.801336497068405 1728619.5326983035 458395.35857960582
leaf_count=301246 3481 238671 7286 172609 5063 480 15710 1337 109364 37194 20767 40607 8309 8473 2537 49042 2266 25810 1342 29097 7473 24479 1756 390605 30783 3684 78891 333 5025064 1349229
internal_value=2.05826e-05 -0.00305578 0.015412 0.000118118 0.00155764 0.00130521 0.00207564 -0.000556502 -0.00495339 0.00352956 0.0055675 0.00430197 0.0103574 0.0202004 0.00268182 0.00109515 0.031891 -0.0074253 -0.00282785 -0.00529892 -0.0150073 0.00778469 0.0326045 0.00311432 -0.00898409 -0.0301165 0.00175431 0.0549458 -0.00011758 -0.00147251
internal_weight=2.74501e+06 84352.6 4015.88 2.66066e+06 374348 371260 341156 156330 75301.4 81028.5 68596.7 184826 39011.2 18911.8 145815 20099.5 3088.28 30103.9 21938.3 20508.9 11773.2 8735.78 1429.32 143918 47036.9 1896.73 28264.5 1020.58 2.28631e+06 557693
internal_count=7992988 249438 10767 7743550 1068011 1060682 969912 450945 220375 230570 193376 518967 106431 49080 412536 57351 7329 90770 64960 61529 36570 24959 3431 406315 140147 6221 80228 2089 6675539 1650475
is_linear=0
shrinkage=0.05


Tree=143
num_leaves=31
num_cat=0
split_feature=54 46 7 54 54 54 7 90 85 55 55 46 55 37 85 55 29 29 55 55 85 86 54 35 55 54 13 50 85 86
split_gain=338.274 1240.2 1350.69 1123.39 1154.38 1116.85 1820.19 1268.8 1384.33 4320.77 2984.8 1229.42 1004.95 1286.14 1788.46 1518.21 1294.07 1056.99 1008.71 998.181 1079.54 1695.46 954.542 922.98 922.794 1140.62 1004.77 899.026 874.508 1479.28
threshold=787.50000000000011 0.1099018342792988 -0.0078989933244883997 2462.5000000000005 4107.5000000000009 5037.5000000000009 -0.0012712645111605523 4735.4599609375009 0.90000000596046459 9707.5000000000018 5572.5000000000009 0.13434600830078128 1347.5000000000002 8.0438704490661639 0.90000000596046459 32357.500000000004 0.42750000953674322 0.65249997377395641 20457.500000000004 27492.500000000004 0.90000000596046459 6.0000000000000009 1357.5000000000002 20.871329307556156 5157.5000000000009 1357.5000000000002 0.058874033391475684 -492.49999999999994 0.90000000596046459 6.0000000000000009
decision_type=2 2 2 2 2 2 2 2 2 2 2 2 2 2 2 2 2 2 2 2 2 2 2 2 2 2 2 2 2 2
left_child=1 2 -1 12 23 6 11 8 10 -10 -8 -6 27 14 15 16 18 -16 -14 -7 21 -21 -18 -5 28 -26 -27 -2 29 -15
right_child=3 -3 -4 4 5 19 7 -9 9 -11 -12 -13 13 24 17 -17 22 -19 -20 20 -22 -23 -24 -25 25 26 -28 -29 -30 -31
leaf_value=0.051477782837640401 0.0010478043096680619 -0.0040450017182971981 0.0081977598954781697 0.0045424819119601056 -0.048824591115073784 4.0261311601912038e-05 0.021515205817516939 0.02675717116871423 -0.022898888081138588 0.038825486197409387 -0.02852514537638276 -0.012921370264005414 0.010344925724273871 0.047370290877505584 -0.010725907176531045 0.04393648809038414 -0.013339990629356266 0.013812911440565663 -0.025406023624388027 0.068150084923665269 0.086749063039162785 -0.1065830672854933 -0.042139540137806547 0.032389056625701393 -0.014412916627097046 0.0014365380908430046 0.03624327967204341 -0.041250524644226481 0.051846205430848183 -0.039267338135304725
leaf_weight=1934.3995592445135 1953.6260497868061 25508.583282507956 26314.896501243114 97431.828638747334 3874.6793476492167 2451597.5668152794 4024.2456584721804 3362.5786759257317 5764.5569653660059 5577.4035705626011 11475.380977556109 6200.7275824993849 4031.5382791310549 954.81649003922939 9213.9122838526964 877.81215995550156 4266.2415608540177 8377.3350322395563 3862.118560269475 323.99371333420277 686.83248373866081 241.35202898085117 8847.1699774488807 3068.5549061894417 11677.219063654542 35073.544150196016 2202.7025422751904 3516.6317725479603 1674.9517885893583 1015.8351252675056
leaf_count=4059 5866 77539 73240 278603 14260 7117278 10005 8640 18730 13624 37763 20177 11624 2320 30059 1910 14605 24055 15438 707 1185 1001 35870 7442 39174 102676 5310 12614 3713 3501
internal_value=1.9578e-05 0.00394679 0.0111633 -5.88702e-05 0.000139242 -7.25451e-05 -0.0083307 -0.00219142 -0.005819 0.00745435 -0.015532 -0.0267326 -0.00532646 -0.00408924 -0.0109104 -0.0204516 -0.0231443 0.000959849 -0.00714726 6.30679e-05 0.0446756 -0.00649298 -0.0327722 0.00539308 0.00103011 -0.000777291 0.00349437 -0.0261459 0.0252949 0.00271037
internal_weight=2.74493e+06 53757.9 28249.3 2.69118e+06 2.59363e+06 2.49313e+06 40279.6 30204.2 26841.6 11342 15499.6 10075.4 97545.5 92075.2 39476.1 21884.9 21007.1 17591.2 7893.66 2.45285e+06 1252.18 565.346 13113.4 100500 52599.1 48953.5 37276.2 5470.26 3645.6 1970.65
internal_count=7992988 154838 77299 7838150 7529415 7243370 123199 88762 80122 32354 47768 34437 308735 290255 133561 79447 77537 54114 27062 7120171 2893 1708 50475 286045 156694 147160 107986 18480 9534 5821
is_linear=0
shrinkage=0.05


Tree=144
num_leaves=31
num_cat=0
split_feature=36 22 87 49 94 90 65 25 46 42 54 77 90 86 6 87 90 49 28 86 37 63 37 37 54 28 13 49 13 90
split_gain=329.778 1610.49 1272.89 1569.14 1834.44 1244.27 1156.24 1023.1 1410.15 985.09 974.494 1021.66 1024.05 950.916 886.133 1615.42 2986.31 1517.31 1264.68 835.676 759.938 854.984 758.885 745.04 726.58 724.34 723.956 681.028 884.667 708.649
threshold=-28.840798377990719 3.5000000000000004 1.0000000180025095e-35 -0.7866188883781432 2679.224487304688 4484.8974609375009 0.48085126280784612 1.8524616956710818 0.031500574201345451 0.99355661869049083 7767.5000000000009 1.5000000000000002 2659.750122070313 6.0000000000000009 0.0013815855490975084 1.0000000180025095e-35 3316.325561523438 0.81279832124710094 0.57500001788139354 6.0000000000000009 2.7817922830581669 0.19521310180425647 -4.8459453582763663 2.1186382770538335 20112.500000000004 0.52500000596046459 0.023939928971230987 -0.24825246632099149 0.017905407585203651 2613.905151367188
decision_type=2 2 2 2 2 2 2 2 2 2 2 2 2 2 2 2 2 2 2 2 2 2 2 2 2 2 2 2 2 2
left_child=1 14 7 13 9 6 19 8 -3 -5 -10 -12 -13 -4 27 20 18 26 23 -6 21 -16 -9 -17 -8 -23 -18 28 -1 -29
right_child=-2 2 3 4 5 -7 24 22 10 -11 11 12 -14 -15 15 16 17 -19 -20 -21 -22 25 -24 -25 -26 -27 -28 29 -30 -31
leaf_value=-0.073427590498384765 -9.7421786651823394e-05 0.061541964521593488 0.01100852388767075 -0.068193109967211285 0.012978138904335929 -0.048316817669171147 0.045446378377472001 0.0078011940003295567 0.05230285337882077 -0.0027722601226511205 0.011179754262876755 0.00073687108773966184 -0.056858281489973683 0.068751063858168204 -0.020165887782248051 0.022193269740707414 -0.06436962228756124 -0.042434429481204711 0.0514176976672037 0.046893760153239358 -0.026577313418816306 0.064256291156670767 0.062495243111802948 -0.053157576287913261 -0.01398272037994891 0.0055835141332185286 0.014000289775524597 0.010759846165242261 -0.012408774061738407 -0.004128942087176863
leaf_weight=648.11462806165218 2627068.5389084294 557.75320295989513 1015.1390208154917 846.1047450453043 2709.4916532486677 590.72333610057831 661.29696668684483 3376.4351317882538 409.2556559741497 1794.9442979544401 1262.2528989166021 1072.6945228651166 2748.3095227479935 2399.7750582247972 2006.5267539173365 1214.8780220896006 313.03942216932774 1976.4357786849141 5702.3455318063498 5517.3272019028664 3711.7226285338402 762.38801334798336 780.09656046330929 448.26311692595482 2300.6906639784575 1693.215211853385 4779.2964556589723 9517.6872915998101 7014.0892021134496 49823.505445726216
leaf_count=2567 7651792 1215 2752 3257 7614 2090 1420 9721 934 5287 3096 3561 10785 4173 6582 3126 1196 7087 12058 11495 12566 1707 1675 1606 6936 4966 12681 26531 21474 151038
internal_value=1.85611e-05 0.00260834 0.0130655 0.0211238 0.0139043 0.0223485 0.0260838 -0.00101587 -0.0141363 -0.0237507 -0.021832 -0.0278107 -0.040692 0.0515959 -0.000664082 0.00789524 0.0179526 -0.0052619 0.0402302 0.0357272 -0.00986447 0.00403945 0.0180799 0.00186136 -0.00070196 0.0238204 0.00917001 -0.0035523 -0.0175797 -0.00174072
internal_weight=2.74472e+06 117654 28042.3 17835.5 14420.6 11779.5 11188.8 10206.8 6050.27 2641.05 5492.51 5083.26 3821 3414.91 89611.5 22608.1 14434.3 7068.77 7365.49 8226.82 8173.85 4462.13 4156.53 1663.14 2961.99 2455.6 5092.34 67003.4 7662.2 59341.2
internal_count=7992988 341196 76011 45024 38099 29555 27465 30987 19591 8544 18376 17442 14346 6925 265185 63575 37754 20964 16790 19109 25821 13255 11396 4732 8356 6673 13877 201610 24041 177569
is_linear=0
shrinkage=0.05


Tree=145
num_leaves=31
num_cat=0
split_feature=79 77 77 51 37 73 35 54 37 54 79 36 55 40 55 35 54 53 25 42 42 54 54 84 7 30 8 31 54 25
split_gain=341.728 508.487 1658.84 645.294 827.84 808.879 797.833 967.137 1110.25 992.68 627.394 600.632 693.55 685.476 536.624 753.234 671.463 536.041 897.895 495.413 483.746 728.085 651.381 633.265 461.819 735.111 565.156 514.239 460.039 554.422
threshold=5.1673452854156503 0.81333059072494518 1.5000000000000002 92.500000000000014 -1.5088492035865781 5.9275646209716806 -6.6068356037139884 8797.5000000000018 23.765081405639652 12612.500000000002 4.1135416030883798 -7.059192180633544 6017.5000000000009 1.0000000180025095e-35 2722.5000000000005 -6.0054237842559806 24997.500000000004 1.0000000180025095e-35 0.94511926174163829 0.98997464776039135 1.0078312754631045 720242.50000000012 604860.00000000012 -1.0000000180025095e-35 -0.013433134648948906 0.74250000715255748 0.015558118000626566 312.34005737304693 22807.500000000004 1.0905787348747256
decision_type=2 2 2 2 2 2 2 2 2 2 2 2 2 2 2 2 2 2 2 2 2 2 2 2 2 2 2 2 2 2
left_child=1 -1 3 5 -5 20 17 8 -8 -9 24 14 -13 -14 16 -16 -7 18 -6 -19 28 22 -22 -23 25 26 -4 -27 29 -3
right_child=-2 2 10 4 6 11 7 9 -10 -11 -12 12 13 -15 15 -17 -18 19 -20 -21 21 23 -24 -25 -26 27 -28 -29 -30 -31
leaf_value=-0.0021563246228834317 0.00084171718592730899 0.013781257883397983 -0.011681562026269533 -0.017225709188339076 -0.049643619427444337 0.039330836967192216 -0.0061849211869611388 0.021026930259629577 -0.047444336534199882 0.00097398771382878856 -0.0051856702909229939 -0.002135277978744772 0.02097598965695803 -0.0079721833112877585 -0.0038077742827267985 0.021518813113342718 0.014907293465937688 -0.036507102822118907 0.017280237585586132 0.026871291513062195 -0.0097454180499336324 -0.030120760399402008 -0.064166864075843461 0.06378593173833777 -0.00037322584224607896 -0.0066469815601174461 0.012870680057777565 -0.024227999834306995 0.0049668016039605082 -0.0080590413113484759
leaf_weight=321709.53065022081 892295.55510519445 3643.6024212092161 3677.5611693114042 6226.0474002957344 745.07966616749763 4328.8079265654087 15913.711696207523 6562.0820620954037 1815.744269169867 103464.16735343635 77588.610317222774 14317.125324204564 8904.9166076481342 2653.6406956166029 6024.9520124942064 5723.6303109005094 8048.8446290194988 324.0954010412097 1525.8849850744009 6010.5014704167843 6161.8442897498608 259.12130200862885 602.84557451307774 579.45888389647007 1093523.3439985737 11826.698477320373 6458.3645365163684 6416.4678166732192 115570.00672832131 14332.044947445393
leaf_count=948085 2289447 9815 12066 20198 2669 10013 48755 17217 6701 298681 309748 40874 23134 8214 18653 14661 20886 1167 3949 15049 18854 1035 2360 1026 3408841 38204 18966 22265 324081 44139
internal_value=3.76844e-05 -0.000349083 3.01188e-05 0.00314803 0.000602363 0.00504691 0.00141652 0.000423812 -0.0104132 0.00217019 -0.000837385 0.0105116 0.00521952 0.0143295 0.0161868 0.00853109 0.0234518 0.0161517 -0.00468676 0.0236226 0.00311094 -0.00915555 -0.0146048 0.0347615 -0.000536657 -0.00683369 0.00396176 -0.0128318 0.00380942 -0.00363129
internal_weight=2.74723e+06 1.85494e+06 1.53323e+06 333738 142587 191151 136361 127756 17729.5 110026 1.19949e+06 50001.9 25875.7 11558.6 24126.2 11748.6 12377.7 8605.56 2270.96 6334.6 141149 7603.27 6764.69 838.58 1.1219e+06 28379.1 10135.9 18243.2 133546 17975.6
internal_count=7999753 5710306 4762221 952131 414386 537745 394188 371354 55456 315898 3810090 136435 72222 31348 64213 33314 30899 22834 6618 16216 401310 23275 21214 2061 3500342 91501 31032 60469 378035 53954
is_linear=0
shrinkage=0.05


Tree=146
num_leaves=31
num_cat=0
split_feature=33 13 39 85 54 77 39 36 50 36 46 12 31 8 36 13 54 50 25 36 26 53 6 46 40 42 25 38 27 85
split_gain=319.639 323.286 535.446 727.316 811.829 845.437 592.088 532.571 397.682 415.178 374.656 826.815 724.698 676.283 678.271 633.814 827.501 920.193 944.365 754.902 659.248 802.504 663.812 657.126 671.53 683.341 821.027 671.4 1101.81 881.216
threshold=0.30000000447034841 0.0079851318150758761 4.1821599006652841 0.90000000596046459 456617.50000000006 1.5000000000000002 14.060707569122316 -17.269630432128903 222.50000000000003 -12.957403659820555 0.061048159375786788 0.012605953030288221 1003.8689880371095 -0.0045846598222851745 18.990853309631351 0.019223093986511234 787.50000000000011 -362.49999999999994 1.6984481215476992 -24.254044532775875 -0.06992327049374579 0.6078576147556306 0.0062191758770495662 0.075339544564485564 1.0000000180025095e-35 0.99941354990005504 0.58532926440238964 21.082426071166996 0.055294580757617957 0.90000000596046459
decision_type=2 2 2 2 2 2 2 2 2 2 2 2 2 2 2 2 2 2 2 2 2 2 2 2 2 2 2 2 2 2
left_child=1 2 3 7 -5 -6 -4 -1 -8 -10 11 13 -13 14 -3 16 -12 20 19 -19 21 -18 -22 24 25 -17 -27 -25 29 -29
right_child=-2 10 6 4 5 -7 8 -9 9 -11 15 12 -14 -15 -16 23 17 18 -20 -21 22 -23 -24 27 -26 26 -28 28 -30 -31
leaf_value=-0.056642321656272046 -0.0189835778291845 -0.017416689536223797 -0.025970394123934176 0.040173539203640043 0.03826419719752408 -0.066718335082830413 0.016379310133261511 0.04264713971648413 0.037584736476795243 -0.021478330175123649 0.019674759617236023 -0.0014125862003386324 -0.0068900759939409589 0.0008113619275557035 0.025473580998887781 -0.00046021969541250389 0.00716210265034077 0.014048373931171185 -0.048026105033820599 -3.8408414817919938e-05 0.0085636200820886493 -0.0071372897486148947 -0.028506679258897678 9.0940926875434944e-05 0.0011083871992122532 0.0054474135295393992 -0.012349013280374436 0.044227232274418667 0.002283907315894282 0.00014378588182475317
leaf_weight=141.46136504411697 2206.2850379124284 8419.9000149443746 1669.4076427668333 586.61643169820309 273.30834819376469 637.24931322038174 4167.9576071798801 2636.3000226765871 362.64448231458664 1635.7979294210672 6588.1263873428106 206652.28171026707 85317.208554312587 388639.09781035036 1034.1024227067828 32199.883160509169 19962.728622540832 9847.3379196673632 1007.4187516570091 277287.04604867101 80950.517696075141 19294.150833413005 1224.9036776572466 1472436.1421929672 50695.743858002126 7594.5156628638506 44160.064760394394 3382.2077634632587 13989.406959600747 1705.2534344047308
leaf_count=496 7200 27042 5499 1329 573 2560 11355 5673 864 5418 16785 608550 261255 1131556 2720 95170 55546 26524 3876 804503 223858 56906 4032 4278693 148109 21893 138373 7516 40769 5110
internal_value=3.57956e-05 5.10939e-05 0.00820189 0.0224334 -0.00565362 -0.0351944 0.000435164 0.0375703 0.00758771 -0.0107446 1.49623e-05 -0.000992275 -0.00301321 0.000489913 -0.0127225 0.000355291 0.00209645 0.00181364 0.000275081 0.000444731 0.00546435 0.000134042 0.00801065 -9.02982e-05 -0.00343549 -0.00617934 -0.0097374 0.000211696 0.00953136 0.0294549
internal_weight=2.74671e+06 2.7445e+06 12110.7 4274.94 1497.17 910.558 7835.81 2777.76 6166.4 1998.44 2.73239e+06 690063 291969 398093 9454 2.04233e+06 416162 409574 288142 287134 121432 39256.9 82175.4 1.62616e+06 134650 83954.5 51754.6 1.49151e+06 19076.9 5087.46
internal_count=7999753 7992553 33767 10631 4462 3133 23136 6169 17637 6282 7958786 2031123 869805 1161318 29762 5927663 1192030 1175245 834903 831027 340342 112452 227890 4735633 403545 255436 160266 4332088 53395 12626
is_linear=0
shrinkage=0.05


Tree=147
num_leaves=31
num_cat=0
split_feature=62 9 36 55 90 81 30 55 55 11 55 87 9 87 36 86 35 54 97 87 42 54 73 13 90 36 39 49 54 87
split_gain=341.245 670.266 930.384 605.668 471.378 796.69 483.005 461.363 577.706 624.447 570.798 687.152 489.471 486.294 598.724 451.648 426.656 422.974 413.334 385.082 801.587 1065.38 591.629 476.889 659.472 443.679 413.257 394.782 365.389 506.614
threshold=10.924385070800783 0.040937544777989394 6.2318701744079599 9707.5000000000018 4494.0063476562509 1.0000000180025095e-35 0.32249999046325689 6517.5000000000009 317.50000000000006 0.024685952812433246 2722.5000000000005 1.0000000180025095e-35 0.070323862135410323 1.0000000180025095e-35 -21.36314487457275 6.0000000000000009 7.1856777667999276 554910.00000000012 -4.8823835849761954 1.0000000180025095e-35 1.0026838183403017 214082.50000000003 1.4591769576072695 0.010151823051273825 2752.209594726563 14.592020511627199 11.92016124725342 0.96863394975662243 24197.500000000004 1.0000000180025095e-35
decision_type=2 2 2 2 2 2 2 2 2 2 2 2 2 2 2 2 2 2 2 2 2 2 2 2 2 2 2 2 2 2
left_child=1 18 3 7 5 -5 -7 8 9 12 11 -10 -3 16 -15 -16 -9 -4 -1 20 21 -20 -23 -21 25 -25 -26 -22 -6 -30
right_child=-2 2 17 4 28 6 -8 13 10 -11 -12 -13 -14 14 15 -17 -18 -19 19 23 27 22 -24 24 26 -27 -28 -29 29 -31
leaf_value=-0.060440657478791883 0.00012655741803950469 -0.010262112041001328 -0.027483538329659649 0.011292834996990644 -0.0042391189137410638 0.081287397894014624 -0.075936723594037442 -0.01312763108463187 -0.0094462889931738458 -0.028868944503435724 -0.003647525299352201 0.052706899427284772 0.00075830172783386226 0.021953731451657854 -0.022506962283209503 -0.079498347119879895 0.064269069363592501 0.0037563679991435383 0.074543047085105896 -0.0063908372832327687 -0.064524415354978049 0.0082651177342553776 -0.0521291354837096 0.054029534295575693 -0.017181114534020291 -0.01988273244595621 0.066701539711001526 0.07591183760423062 -0.061788221680571145 0.085172503777410175
leaf_weight=193.86378581821918 2672898.7801209614 17126.211165159941 5927.7601310089231 2555.2056937813759 4218.4045457243919 688.0984503030777 51.773443028330803 1146.2617329955101 650.84670738875866 2636.299153611064 2205.4671903550625 1400.3114661872387 24469.912723787129 308.3683388531208 614.38906569778919 803.77642771601677 209.7745368629694 1325.2071457803249 280.94397637248039 1082.0701067149639 56.527653649449348 636.49417172372341 1114.582559838891 2051.2293488681316 815.39843065291643 224.7169396430254 178.02530324459076 392.12001405656338 75.80611452460289 248.69348296523094
leaf_count=744 7779590 52909 20093 6912 13038 1349 215 3651 1966 8665 6513 2931 71196 788 2147 3181 485 3858 582 3122 237 1702 4380 4262 2630 725 362 856 269 395
internal_value=3.40181e-05 -0.00332254 -0.00487076 -0.00280658 0.0101422 0.0245366 0.0701911 -0.00477481 -0.00358203 -0.00527522 0.0140085 0.0329878 -0.00377911 -0.0235285 -0.0411206 -0.0548449 -0.00111238 -0.0217752 0.0113648 0.0134116 -0.00230809 -0.0156705 -0.0301815 0.0223727 0.0318933 0.046724 -0.00209204 0.0581022 -0.000300458 0.0507414
internal_weight=2.74659e+06 73688.5 66662.6 59409.6 7837.98 3295.08 739.872 51571.6 48489 44232.4 4256.63 2051.16 41596.1 3082.57 1726.53 1418.17 1356.04 7252.97 7025.97 6832.11 2480.67 2032.02 1751.08 4351.44 3269.37 2275.95 993.424 448.648 4542.9 324.5
internal_count=7999753 220163 200561 176610 22178 8476 1564 154432 144180 132770 11410 4897 124105 10252 6116 5328 4136 23951 19602 18858 7757 6664 6082 11101 7979 4987 2992 1093 13702 664
is_linear=0
shrinkage=0.05


Tree=148
num_leaves=31
num_cat=0
split_feature=64 14 53 20 36 37 63 7 85 41 53 11 85 46 35 97 7 38 46 41 85 87 36 24 31 99 90 97 8 6
split_gain=338.543 338.914 652.619 819.137 553.996 462.523 412.84 527.095 648.178 482.793 424.612 399.49 463.452 577.299 398.323 593.5 445.252 367.945 797.997 561.297 686.165 540.527 1496.73 1475.1 1465.26 1290.34 2628.09 469.174 462.466 755.026
threshold=231.07127380371097 76.068393707275405 0.6078576147556306 9.5000000000000018 -3.682357549667358 15.431857585906984 0.57987979054451 0.00038536872307304298 0.90000000596046459 1.0073055028915407 0.6078576147556306 0.0094021246768534201 0.90000000596046459 0.12083381414413454 5.5335311889648446 -4.3227810859680167 0.014897202141582968 22.417093276977543 0.1056334786117077 1.0058270096778872 0.90000000596046459 1.0000000180025095e-35 2.2476609945297246 72.268428802490249 864.15966796875011 312135.42187500006 4411.5222167968759 1.8469469009740893e-10 -0.0035653947852551933 -0.00097791804000735261
decision_type=2 2 2 2 2 2 2 2 2 2 2 2 2 2 2 2 2 2 2 2 2 2 2 2 2 2 2 2 2 2
left_child=1 6 4 14 11 -6 17 8 -8 -9 -11 -3 -13 -14 -4 16 -16 28 21 20 -20 25 23 -23 -24 26 -19 -22 29 -1
right_child=-2 2 3 -5 5 -7 7 9 -10 10 -12 12 13 -15 15 -17 -18 18 19 -21 27 22 24 -25 -26 -27 -28 -29 -30 -31
leaf_value=-0.0068368979980955608 -0.0063762092296988874 0.018733050262375196 0.0026952404745301754 -0.051666861737503247 0.01822938975420697 -0.0025166380838171605 0.064909375133977584 -0.0098035985372334506 -0.032409017257489084 -0.0079403979238576571 0.011684968569450596 -0.034693211486200172 -0.019880960591418358 0.03973353784511359 0.03427527061531653 0.013477678167840693 0.10540415680839904 -0.0051200232196012552 0.062755689926133465 0.0082650325617621961 -0.040648843678505089 -0.084302943423171905 -0.015285640789997208 0.037729621865314575 0.0091895388724020019 -0.047081163120732045 0.071228580519468149 0.046025573957610727 0.00032491265173996756 -0.00067753264039550269
leaf_weight=56035.443333975971 20453.572232916951 731.45011512935162 6604.9292577803135 506.73844750225544 3789.9282810091972 9220.9413732811809 554.0269258916378 25801.563176505268 246.53928516805172 5097.4289353042841 5997.876187235117 2645.8619298487902 1407.6036503091455 569.60146090388298 1526.5622147619724 11002.850770041347 256.69309686124325 18378.39864692837 1417.856026366353 2522.3123638182878 332.87498065829277 260.25628806650639 8734.7274608016014 4765.0643027126789 20382.985114276409 1603.2408879548311 1199.7800126820803 292.28031973540783 2090367.2292052507 443831.38412482291
leaf_count=169021 61920 1921 18963 1823 10210 27516 1113 79303 838 15566 16481 8999 4733 1420 3724 30101 405 57422 2730 7057 1180 1039 27154 11198 56425 5944 2442 701 6067590 1304814
internal_value=3.23167e-05 8.04034e-05 0.0047529 0.0110262 -0.00204376 0.00352701 1.38833e-05 -0.00518167 0.0349303 -0.00605306 0.00266829 -0.0155792 -0.0210119 -0.00269304 0.0126673 0.0178176 0.0445702 8.77928e-05 0.00396231 0.0240518 0.0435262 0.00230405 0.0061967 0.0313932 0.00184703 -0.0039704 -0.000437612 -0.000108978 -1.79107e-06 -0.00136802
internal_weight=2.74654e+06 2.72608e+06 38263.2 19897.8 18365.4 13010.9 2.68782e+06 37697.4 800.566 36896.9 11095.3 5354.52 4623.07 1977.21 19391 12786.1 1783.26 2.65012e+06 59889.8 4565.32 2043.01 55324.5 34143 5025.32 29117.7 21181.4 19578.2 625.155 2.59023e+06 499867
internal_count=7999753 7937833 109815 55016 54799 37726 7828018 113301 1951 111350 32047 17073 15152 6153 53193 34230 4129 7714717 173292 11668 4611 161624 95816 12237 83579 65808 59864 1881 7541425 1473835
is_linear=0
shrinkage=0.05


Tree=149
num_leaves=31
num_cat=0
split_feature=86 55 39 77 22 22 37 48 46 25 50 77 25 54 55 55 85 38 36 36 55 55 36 55 85 100 85 77 55 99
split_gain=340.118 546.847 816.295 853.941 975.967 881.947 1462.17 916.163 814.014 699.766 622.274 529.056 571.746 1180.94 1276.73 1226.4 1267.21 2837.19 1272.45 1009.79 902.111 866.396 1089.06 1176.24 1044.76 2100.89 950.091 852.655 697.484 1110.47
threshold=6.0000000000000009 -656517.49999999988 -4.3713622093200675 1.5000000000000002 1.0000000180025095e-35 1.5000000000000002 3.2590925693511967 0.86046862602233898 0.19903767853975299 0.12378242611885072 82.500000000000014 1.8130434155464175 1.4565114974975588 22077.500000000004 -24772.499999999996 9942.5000000000018 0.90000000596046459 -1.2353696227073667 5.4518158435821542 -7.910940170288085 19872.500000000004 -525482.49999999988 -17.686969757080075 -505234.99999999994 0.90000000596046459 126780.38671875001 0.90000000596046459 1.0304679572582247 -322842.49999999994 168876.96093750003
decision_type=2 2 2 2 2 2 2 2 2 2 2 2 2 2 2 2 2 2 2 2 2 2 2 2 2 2 2 2 2 2
left_child=1 2 9 4 -4 6 10 -8 -7 -1 -6 12 13 15 21 16 17 19 -19 -2 -17 24 26 -24 25 -15 -23 -26 29 -14
right_child=11 -3 3 -5 5 8 7 -9 -10 -11 -12 -13 28 14 -16 20 -18 18 -20 -21 -22 22 23 -25 27 -27 -28 -29 -30 -31
leaf_value=0.039027049774848249 -0.033817642573129907 -0.0005057689954999111 -0.060248208042002677 8.7959004012878591e-06 0.058255528321827288 -0.018596007273172982 -0.017589361409676176 0.033610611806323888 0.061277257740072782 0.0012904321650303436 -0.05707839904783342 -0.00026525081076516212 0.002731105621376038 0.0098316760473613277 0.016133469472993871 0.0082237599076000444 -0.0032030295132230071 -0.010223299047602094 0.048151429563877475 -0.077243035930112461 -0.0075969936588259415 -0.0217006727393452 -0.014204586759955019 0.0012025306982844338 -0.016549805977456526 -0.058693919234084097 -0.0024856979036855919 0.0018480324458149554 0.0050403168708557135 -0.012481914541147754
leaf_weight=1348.7812281697989 5399.1879084706306 555900.57444383949 1094.1727746725082 17554.88365277648 1310.4368899911642 20591.77472473681 4793.539474658668 1067.4153534844518 323.02352292835712 13674.51322875917 127.56776148080826 1354860.2305158824 48224.626563295722 66672.564771026373 14482.370893374085 23479.696090906858 31705.179473772645 13625.385108232498 1001.1872094422579 1781.2229098379612 14619.933418408036 10781.852025285363 13078.965248018503 234095.39966484904 6834.9480206221342 1136.5884609818459 15950.330565303564 79974.650713972747 175022.25627512485 15965.868019402027
leaf_count=3382 16721 1697207 4602 54508 2820 73759 16081 2811 707 42927 471 3997606 130721 163899 36374 61767 91415 38037 1985 6526 43185 31199 38408 632114 19732 3853 45634 225902 469070 46330
internal_value=3.07121e-05 -0.00100213 -0.00546056 -0.00871192 -0.0139354 -0.0121371 0.00282635 -0.00825967 -0.0173593 0.00468111 0.047988 0.000330464 0.00137347 0.000464347 0.001533 -0.00470324 -0.00958459 -0.0188619 -0.0062242 -0.0446 0.00215271 0.00103952 -0.000649627 0.000387205 0.00403184 0.00868216 -0.0102364 0.000399248 0.00340526 -0.00105283
internal_weight=2.74648e+06 617787 61886.1 46862.8 29307.9 28213.8 7298.96 5860.95 20914.8 15023.3 1438 2.12869e+06 773832 534619 443008 91611.8 53512.2 21807 14626.6 7180.41 38099.6 428525 273907 247174 154619 67809.2 26732.2 86809.6 239213 64190.5
internal_count=7999753 1899275 202068 155759 101251 96649 22183 18892 74466 46309 3291 6100478 2102872 1456751 1197115 259636 154684 63269 40022 23247 104952 1160741 747355 670522 413386 167752 76833 245634 646121 177051
is_linear=0
shrinkage=0.05


Tree=150
num_leaves=31
num_cat=0
split_feature=97 54 54 54 51 62 26 26 90 8 9 54 9 12 30 7 25 85 26 9 9 14 36 97 85 65 55 85 35 14
split_gain=331.683 592.899 879.64 907.688 733.349 718.721 714.971 770.836 562.227 558.762 494.244 476.501 671.084 622.448 465.886 451.119 447.143 587.521 441.23 429.879 588.87 657.621 427.974 394.84 382.625 374.962 768.49 620.484 1609.92 1232.65
threshold=-5.1671926975250235 15207.500000000002 302165.00000000006 393907.50000000006 592.50000000000011 46.068367004394538 0.16804726421833041 -1.7273774743080137 4197.1850585937509 -0.014251801185309885 0.087238244712352767 454117.50000000006 0.23125599324703219 0.018278823234140876 0.087500002235174193 0.0108487606048584 0.13805219531059268 0.90000000596046459 1.6190469861030581 0.26543658971786505 0.16363688558340075 42.929077148437507 -24.716587066650387 -5.2750597000122061 0.90000000596046459 0.50971689820289623 -749252.49999999988 0.90000000596046459 -14.06832695007324 32.301067352294929
decision_type=2 2 2 2 2 2 2 2 2 2 2 2 2 2 2 2 2 2 2 2 2 2 2 2 2 2 2 2 2 2
left_child=1 9 4 6 14 11 7 -4 16 -1 -8 18 13 -13 -3 -7 -6 -18 23 20 21 -16 -21 -5 -22 -2 27 28 -27 -29
right_child=25 2 3 5 8 15 10 -9 -10 -11 -12 12 -14 -15 19 -17 17 -19 -20 22 24 -23 -24 -25 -26 26 -28 29 -30 -31
leaf_value=-0.049437361055895988 0.0003588882779947111 -0.0036554341557898922 -0.046172035235695734 0.023841996454182311 -0.032924311244587896 0.038603902578497003 0.012923287205668403 0.0061559903478714921 -0.041963176181519485 -0.0031065070037125278 -0.038982571050838327 -0.0023589605151328151 -0.019357365133194603 0.014285352448400313 -0.010903475531857925 -0.070088270545033401 0.045067197017706499 -0.029556147939690788 -0.071265645618936987 0.053155573537989192 0.034754428637438099 0.016285730203361284 0.001994403992812796 -0.015975726534168296 0.014194537655763255 0.032474323034239819 -0.00072177978488343936 0.04711896231104562 -0.03334648135571458 -0.01307810897485762
leaf_weight=669.42274853587151 1682350.8457769305 4215.404178828001 841.12657482922077 4360.8869307786226 573.75744213163853 1836.3996789306402 536.80544480681419 4282.4874927103519 1115.8292113691568 22231.652549870312 3125.1046827286482 20380.88693677634 4128.2883205339313 7752.9290401265025 2758.6506724953651 99.765884876251221 807.0217912197113 390.67779631912708 140.79217244684696 428.95738124847412 6014.5800248086452 11455.685798794031 8303.4706735163927 725.38958071172237 3632.6184766218066 1100.9060334190726 941796.70863312483 1086.2427027449012 5922.3109401538968 3903.0120759382844
leaf_count=2482 4892343 12677 3021 10865 1962 4340 1475 12068 4010 66655 10846 60150 13095 20850 8273 396 1868 1331 528 892 14107 30212 23396 2195 9919 2679 2751726 2695 21289 13696
internal_value=2.25282e-05 0.00270233 0.00456911 3.04551e-05 0.010081 0.00326927 -0.014502 -0.00244088 -0.0141798 -0.00446312 -0.0313708 0.00173451 -0.000534499 0.00222794 0.0119844 0.0329674 0.0033317 0.0207173 0.0157375 0.0140073 0.017481 0.0110082 0.00451393 0.0181603 0.0270155 -9.01138e-05 -0.000882079 -0.0134483 -0.023025 3.3596e-05
internal_weight=2.74697e+06 110809 87907.5 48210.9 39696.7 39425.3 8785.52 5123.61 2887.29 22901.1 3661.91 37489.2 32262.1 28133.8 36809.4 1936.17 1771.46 1197.7 5227.07 32594 23861.5 14214.3 8732.43 5086.28 9647.2 2.63616e+06 953809 12012.5 7023.22 4989.25
internal_count=8002041 317613 248476 139829 108647 112419 27410 15089 9171 69137 12321 107683 94095 81000 99476 4736 5161 3199 13588 86799 62511 38485 24288 13060 24026 7684428 2792085 40359 23968 16391
is_linear=0
shrinkage=0.05


Tree=151
num_leaves=31
num_cat=0
split_feature=64 65 14 48 12 6 63 42 41 54 90 90 79 30 26 16 42 94 43 35 13 48 90 36 25 13 39 26 60 97
split_gain=322.708 316.568 309.853 664.906 569.137 510.254 391.687 580.87 667.818 355.708 674.732 350.099 334.554 346.395 465.481 341.49 333.827 453.472 362.667 341.538 470.839 369.725 332.053 526.131 342.552 323.454 346.128 400.45 346.502 323.42
threshold=231.07127380371097 0.92658051848411571 76.068393707275405 0.93585023283958446 0.020530389621853832 0.01211855933070183 0.57987979054451 1.0018385052680971 1.0073055028915407 6792.5000000000009 4598.7700195312509 5092.9458007812509 5.531872272491456 0.93250000476837169 1.6443333625793459 78.848987579345717 1.0193536877632143 4943.4050292968759 1.011935889720917 16.448399543762211 0.08139673620462419 -0.58244305849075306 4620.3125000000009 -12.467228412628172 3.2737792730331425 0.026396023109555248 1.288654148578644 2.7086539268493657 0.39662890136241918 -5.1671926975250235
decision_type=2 2 2 2 2 2 2 2 2 2 2 2 2 2 2 2 2 2 2 2 2 2 2 2 2 2 2 2 2 2
left_child=2 -2 6 4 25 -5 16 -8 12 10 -10 22 13 15 -15 -9 18 -18 29 20 -20 -22 23 24 -6 26 27 28 -4 -1
right_child=1 -3 3 5 11 -7 7 8 9 -11 -12 -13 -14 14 -16 -17 17 -19 19 -21 21 -23 -24 -25 -26 -27 -28 -29 -30 -31
leaf_value=0.0027515485265821619 -0.00065308839915066425 -0.013162429728285111 0.010062369765346885 0.0172658036907078 -0.04820506482357053 0.10279928954548179 0.010311072634127616 -0.039684387235442591 0.0045149092996628814 0.0072881639507813654 -0.050730604931862433 -0.02841322454585949 -0.003977634505208362 -0.016846710812768985 0.032303116098281286 -0.016739021871203488 -0.0053593416506888137 -0.040691555509410823 0.00021111075378734418 0.040355379828390589 -0.014420087663129961 0.04467959981630646 0.022994131713904978 0.0080980730466174381 0.070563384474170723 0.0601582258697404 -0.014528795862919976 -0.024888026953771736 -0.021373808218654936 -4.1271806708453353e-05
leaf_weight=108093.65180984139 11339.724374391139 9129.5953214913607 5963.5656156018376 5810.7482070252299 625.05619399249554 178.84173732995987 5284.2058868333697 1929.600689381361 1622.993565633893 8524.9879969209433 836.85835376381874 634.22626557946205 7252.1421979963779 1264.3498333245516 776.84150193631649 10174.404980130494 5639.9532707631588 1081.6489306688309 5401.7589432001114 871.26343970000744 339.23430967330933 1193.9687653928995 3529.6034078598022 12068.169790051877 66.315159574151039 185.28345459699631 6757.3160794824362 1287.8549658805132 1026.5527764260769 2528000.5048445985
leaf_count=309621 33374 28654 16607 15586 2268 276 14880 7236 4610 24037 3114 2258 19055 4167 1980 34252 17181 4121 15915 2074 1081 2551 9296 33685 128 399 21486 4270 3267 7364612
internal_value=2.13999e-05 -0.00623304 6.83609e-05 0.00454374 0.00169331 0.0198373 4.87375e-06 -0.00505795 -0.0075663 0.00245461 -0.0142909 0.00800279 -0.0127109 -0.0171874 0.00186306 -0.0204003 7.68222e-05 -0.011051 0.000105119 0.0108657 0.00715475 0.0315992 0.00942263 0.00566652 -0.0367203 -0.00532178 -0.00613298 0.000720849 0.00544261 7.32475e-05
internal_weight=2.74689e+06 20469.3 2.72642e+06 38133.5 32143.9 5989.59 2.68829e+06 37666.4 32382.2 10984.8 2459.85 16923.4 21397.3 14145.2 2041.19 12104 2.65062e+06 6721.6 2.6439e+06 7806.23 6934.96 1533.2 16289.1 12759.5 691.371 15220.6 15035.3 8277.97 6990.12 2.63609e+06
internal_count=8002041 62028 7940013 109526 93664 15862 7830487 113331 98451 31761 7724 47635 66690 47635 6147 41488 7717156 21302 7695854 21621 19547 3632 45377 36081 2396 46029 45630 24144 19874 7674233
is_linear=0
shrinkage=0.05


Tree=152
num_leaves=31
num_cat=0
split_feature=30 48 90 62 25 42 26 13 46 104 25 55 104 35 39 85 22 25 39 90 87 85 42 25 25 53 85 77 87 90
split_gain=302.596 966.569 875.176 891.632 701.537 864.036 994.708 828.787 972.057 745.55 667.11 650.845 1306.97 1106.33 635.448 773.016 635.14 1382.23 1059.25 980.342 2045.7 1036.56 668.862 598.001 1939.51 1504.88 2929.25 1230.51 1229.81 1393.86
threshold=0.37250000238418585 -0.91959547996520985 2397.036499023438 33.329929351806648 0.80649954080581676 1.0004469752311709 1.0313767194747927 0.019860895350575451 0.073769427835941329 7.9798893928527841 1.1533142328262331 -538472.49999999988 7.8263530731201181 7.5090210437774667 -18.286697387695309 0.90000000596046459 2.5000000000000004 0.2001186013221741 -0.42426943778991694 3303.0964355468755 1.0000000180025095e-35 0.90000000596046459 0.99832379817962658 2.5903633832931523 2.2934081554412846 1.0000000180025095e-35 0.90000000596046459 1.5000000000000002 1.0000000180025095e-35 3269.1750488281255
decision_type=2 2 2 2 2 2 2 2 2 2 2 2 2 2 2 2 2 2 2 2 2 2 2 2 2 2 2 2 2 2
left_child=1 -1 3 10 5 6 16 8 11 -10 -2 13 -13 -7 15 -4 19 22 -19 20 -3 -21 -18 24 -16 26 -26 -28 -27 -30
right_child=2 4 14 -5 -6 7 -8 -9 9 -11 -12 12 -14 -15 23 -17 17 18 -20 21 -22 -23 -24 -25 25 28 27 -29 29 -31
leaf_value=-0.0047771040954660985 -0.0064048339614104846 -0.0056546684948013161 0.051474118411298411 0.014682507086831845 0.0011051862629254826 0.0031320460808581039 0.019037145997053175 -0.01144200985545421 0.041768474202117101 0.0037292062910153712 -0.029775525959716387 -0.016685429619311347 -0.0027995325151704397 -0.015577350341923724 0.00050970344497990364 -0.019587654553673804 -0.0045489696420001682 -0.0068786074939473033 0.0057251038488711136 -0.010475704873410164 0.015141232693621607 0.006711448447439242 -0.023116187935147737 0.0035339242812783573 0.018072204881482548 -0.0048110989781382785 0.014146413741719746 -0.041664366838448798 -0.064799517964285444 -0.020581659907664376
leaf_weight=125056.51236407459 6547.0954399257898 18649.372389733791 1269.779846444726 2647.2166299819946 522207.35370560735 57281.003738865256 7172.6821934580803 31282.959319829941 2072.6357158198953 3401.8060897439718 5723.5320786833763 21708.922821745276 77225.897715941072 9164.6635908558965 1507356.91641137 546.85779093205929 8896.0494422242045 28871.211244054139 39443.758195593953 20856.503091260791 32315.575956769288 15139.356188096106 10668.56810862571 148368.98150375485 10086.770407661796 11537.06293220818 1312.1371179670095 3985.6699445322156 2042.2440456449986 13980.042646192014
leaf_count=376395 20995 57614 2620 7847 1528067 167228 19501 99284 4937 9904 22448 69946 229620 29268 4344967 1772 27219 87638 113538 62911 84447 43590 35133 424182 26155 35152 3171 14745 7726 44021
internal_value=2.03221e-05 -0.000656465 0.000427254 -0.0116301 -8.79013e-05 -0.00170977 0.000789152 -0.00395992 -0.00258989 0.0181369 -0.0173078 -0.00327613 -0.00584665 0.000551241 0.00053304 0.0300808 4.04102e-05 -0.00295734 0.000398439 0.00306989 0.00753142 -0.0032469 -0.0146746 0.000501419 0.000211193 -0.0102664 0.00226071 -0.0278404 -0.0172594 -0.0262218
internal_weight=2.74682e+06 1.03141e+06 1.7154e+06 14917.8 906358 384151 182013 202138 170855 5474.44 12270.6 165380 98934.8 66445.7 1.70049e+06 1816.64 174840 87879.6 68315 86960.8 50964.9 35995.9 19564.6 1.69867e+06 1.5503e+06 42943.9 15384.6 5297.81 27559.3 16022.3
internal_count=8002041 3046240 4955801 51290 2669845 1141778 531591 610187 510903 14841 43443 496062 299566 196496 4904511 4392 512090 263528 201176 248562 142061 106501 62352 4900119 4475937 130970 44071 17916 86899 51747
is_linear=0
shrinkage=0.05


Tree=153
num_leaves=31
num_cat=0
split_feature=49 13 37 62 36 36 22 85 25 90 7 30 48 42 85 90 50 49 90 77 25 24 66 54 77 61 39 73 39 54
split_gain=293.929 913.34 900.113 716.629 948.923 706.757 1104.73 1316.9 1323.81 1249.12 1415.68 1359.32 1588.06 1148.6 2728.76 1320.65 1454.08 1186.52 977.028 963.594 1249.06 826.853 998.613 737.909 847.507 783.152 722.299 707.73 689.552 688.512
threshold=0.94331136345863353 0.043067255988717086 16.433504104614261 41.214830398559577 -12.957403659820555 -28.840798377990719 3.5000000000000004 0.90000000596046459 1.8524616956710818 4484.8974609375009 -0.0012258290662430225 0.33250001072883612 0.74455857276916515 0.99796754121780407 0.90000000596046459 3316.325561523438 -752.49999999999989 -0.45201864838600153 4845.8071289062509 1.5000000000000002 1.8085422515869143 42.207736968994148 1.0000000180025095e-35 7767.5000000000009 1.5000000000000002 -0.018552819266915318 -0.87520793080329884 2.3274233341217045 0.5625739097595216 2277.5000000000005
decision_type=2 2 2 2 2 2 2 2 2 2 2 2 2 2 2 2 2 2 2 2 2 2 2 2 2 2 2 2 2 2
left_child=5 2 29 4 -3 6 13 9 23 10 11 26 -13 -1 15 16 27 -18 19 -16 -21 -17 -23 -9 -25 -26 -8 -15 -10 -2
right_child=1 3 -4 -5 -6 -7 7 8 28 -11 -12 12 -14 14 18 21 17 -19 -20 20 -22 22 -24 24 25 -27 -28 -29 -30 -31
leaf_value=-0.003492929610939353 -0.013181913436115878 -0.035735813260375074 -0.0039715273022363062 0.0098353491943262081 -0.0088817191167285866 2.5213866974218373e-05 0.0085752885021935701 0.044798593828282246 0.033485967647436027 -0.054279039595517144 0.04246733363689352 0.045504961845154027 -0.024605371488932201 0.029238714996756801 0.014847981171218858 -0.03100212782193601 0.041544326571668982 -0.014497086350431097 0.069957634361743307 -0.043942212608551787 0.0055388216787570933 -0.0010433348747867219 0.039375068221772849 0.012510983740039165 -0.016945616542518773 -0.067674360966725008 -0.03579197286563001 0.080348453578293441 -0.0086994479850216449 0.002926275584439305
leaf_weight=43924.443462349474 7000.5449986681342 4408.3517296016216 114035.60931220651 3263.2169570326805 12962.243365570903 2388448.8094239905 2070.381861358881 390.09721080958843 2685.1161472946405 511.40883794426918 6570.7297402098775 3554.7399376779795 1044.2692499905825 993.01031969487667 1794.2067582458258 1118.1556366235018 2289.1809428781271 1606.5353824645281 335.83986848592758 3760.7710273861885 1929.0549109280109 3703.2330868840218 2600.5783185660839 1014.0084027945995 1661.1409639269114 1404.6864198371768 1645.5555919110775 2143.0916469246149 1514.2620715349913 126254.47167125344
leaf_count=132495 23691 15328 345009 9153 39843 6941860 5704 918 6799 1864 14428 7466 3277 2370 4335 3891 4884 4722 708 14019 5863 10542 6026 2467 5721 5808 5568 3765 4643 368874
internal_value=1.92938e-05 -0.00155395 -0.000710639 -0.0116601 -0.0156988 0.000189349 0.00453234 0.0137061 -0.00188059 0.022482 0.025123 0.0114129 0.0295825 0.00119699 0.0104456 0.0233178 0.038844 0.0184346 -0.0133458 -0.0170935 -0.0271675 0.00860389 0.0156337 -0.0208168 -0.0271014 -0.0402044 -0.0110752 0.0641812 0.0182746 0.0020799
internal_weight=2.74664e+06 267924 247291 20633.8 17370.6 2.47871e+06 90264.5 24066.4 8669.31 15397.1 14885.7 8314.95 4599.01 66198.1 22273.7 14453.8 7031.82 3895.72 7819.87 7484.03 5689.83 7421.97 6303.81 4469.93 4079.84 3065.83 3715.94 3136.1 4199.38 133255
internal_count=8002041 801898 737574 64324 55171 7200143 258283 64663 26356 38307 36443 22015 10743 193620 61125 36200 15741 9606 24925 24217 19882 20459 16568 14914 13996 11529 11272 6135 11442 392565
is_linear=0
shrinkage=0.05


Tree=154
num_leaves=31
num_cat=0
split_feature=86 78 78 81 55 53 90 55 55 13 38 22 100 55 12 99 25 36 13 22 48 25 25 48 46 41 48 27 90 7
split_gain=296.476 498.772 554.087 668.507 1490.09 1467.62 1222.67 2008.76 1941.83 2509.06 1720.28 1636.43 1566.01 1417.61 1209.15 1199.09 1122.95 1122.65 1036.3 1023.46 1848.53 980.633 1359.86 1333.18 957.534 694.953 861.08 637.673 791.951 675.733
threshold=6.0000000000000009 1.8130434155464175 3.0000000000000004 1.0000000180025095e-35 -719972.49999999988 1.0000000180025095e-35 2695.9172363281255 -615622.49999999988 -525482.49999999988 0.01977090630680323 -32.757291793823235 1.5000000000000002 117609.55468750001 -609122.49999999988 0.020742140710353855 106002.25000000001 2.4716013669967656 -36.237421035766594 0.047598326578736312 1.0000000180025095e-35 -0.74455857276916493 0.45058919489383703 0.48954530060291296 0.61734244227409374 0.038785699754953391 0.99666434526443493 0.31107263267040258 -0.81625002622604359 2413.8850097656255 0.0051652374677360067
decision_type=2 2 2 2 2 2 2 2 2 2 2 2 2 2 2 2 2 2 2 2 2 2 2 2 2 2 2 2 2 2
left_child=-1 -2 -3 6 5 17 8 19 10 11 -4 -10 -12 14 -9 25 -15 -5 -19 24 -21 23 -23 -17 -8 -6 -27 28 -7 -29
right_child=1 2 3 4 15 27 7 13 9 -11 12 -13 -14 16 -16 21 -18 18 -20 20 -22 22 -24 -25 -26 26 -28 29 -30 -31
leaf_value=-0.00094570777250075136 0.0013113678842015949 -0.0017294856548418277 -0.073589086747035445 0.052103311091354299 -0.0062199884734492764 0.055588722793993933 -0.086893443364286657 0.048159140384080264 0.027094568618452858 -0.075231608762085803 0.0051262352906813052 -0.023613406540978918 0.019487034332522597 -0.00038452543618578056 -0.089488123587189369 -0.00031405438570487421 0.0080273349989656347 -0.054759532813030989 0.042642993702138643 -0.076867202320691372 -0.016568623006734878 0.021349153364101585 -0.00010544695247472751 -0.016218652719859651 0.060410783657869338 0.082780286539065384 -0.07451264672585213 -0.015347028134212199 -0.045106161043551946 0.023509704692334651
leaf_weight=618021.27872805297 773447.47333712876 443503.2572036311 636.28890715539455 301.82791904360056 461.05346773564816 784.64385732263327 134.54948626458645 2301.685108050704 2604.3563255369663 1508.8794358819723 73752.756782963872 4085.7271990180016 25563.688457682729 322526.4843370989 170.49095106124878 32025.022854924202 45239.046750538051 3769.8618097379804 293.61592992395163 1597.0876411646605 6216.8067648857832 7546.0002220869064 345578.92668445408 22386.273338675499 592.79646301269531 913.28440187871456 95.354072079062462 8871.5227414444089 258.95700535178185 1279.3405170664191
leaf_count=1900138 2102745 1333946 2420 850 1382 1918 527 4601 6118 5559 194572 12363 61997 893595 659 102474 121840 17200 860 6004 18281 21272 1073414 76929 1117 1544 374 32406 985 3951
internal_value=1.83569e-05 0.000298288 -0.000279985 0.000425288 -0.00102483 -0.0162112 0.00168969 0.000350872 0.00637853 -0.0170124 0.00829745 -0.00387165 0.00882286 0.00090396 0.0386321 -0.00044705 0.000650228 -0.0407986 -0.0477115 -0.0236206 -0.028902 -0.000609693 0.000353066 -0.0068579 0.0330727 0.0446192 0.0678462 -0.00662002 0.0305785 -0.0104475
internal_weight=2.74647e+06 2.12845e+06 1.355e+06 911496 424566 15559.8 486931 378779 108152 8198.96 99952.7 6690.08 99316.4 370238 2472.18 409006 367766 4365.31 4063.48 8541.24 7813.89 407536 353125 54411.3 727.346 1469.69 1008.64 11194.5 1043.6 10150.9
internal_count=8002041 6101903 3999158 2665212 1335559 58170 1329653 1046624 283029 24040 258989 18481 256569 1020695 5260 1277389 1015435 18910 18060 25929 24285 1274089 1094686 179403 1644 3300 1918 39260 2903 36357
is_linear=0
shrinkage=0.05


Tree=155
num_leaves=31
num_cat=0
split_feature=62 41 53 50 42 13 54 85 85 77 42 36 49 77 18 39 25 85 49 30 25 41 77 25 13 36 81 90 44 42
split_gain=303.37 555.824 469.762 554.217 491.935 509.233 385.16 2035.53 738.615 606.882 508.276 449.65 498.67 423.202 333.329 306.122 1008.62 2073.52 1314.99 1742.83 2100.1 1270.36 1134.47 1206.45 3284.42 1818.15 1052.29 1189.2 2611.08 1823.42
threshold=9.1938629150390643 1.0032665729522707 0.6078576147556306 -162.49999999999997 1.0012758374214175 0.021109520457684997 609877.50000000012 0.90000000596046459 0.90000000596046459 1.5000000000000002 0.99645218253135692 -16.149510383605953 -0.09801131114363669 1.5000000000000002 0.2105791047215462 -5.5501620769500724 0.65831434726715099 0.90000000596046459 -0.88186877965927113 0.21249999850988391 1.6984481215476992 1.001991927623749 1.5000000000000002 1.7165036201477053 0.022831005975604061 -31.702348709106442 1.0000000180025095e-35 2690.9770507812505 1.0013107061386111 0.99936705827713024
decision_type=2 2 2 2 2 2 2 2 2 2 2 2 2 2 2 2 2 2 2 2 2 2 2 2 2 2 2 2 2 2
left_child=1 2 6 4 -4 -6 8 13 14 -9 -10 -12 -13 -8 -1 16 26 18 19 -18 21 -21 -20 25 -25 -24 -2 29 -29 -28
right_child=15 -3 3 -5 5 -7 7 9 10 -11 11 12 -14 -15 -16 -17 17 -19 22 20 -22 -23 23 24 -26 -27 27 28 -30 -31
leaf_value=0.0081930313741697455 0.0056797097970432454 -0.038661203874278176 -0.029349315308265594 0.014333127826726961 0.0045129679325692593 -0.035618888331168136 0.014944478621195079 0.020549490045688179 -0.069923546853675203 -0.068056202845546115 0.063308527964543934 0.044309906020756469 -0.0066729162341475565 0.059075537734292333 -0.027184833579631813 -0.00018201674551425126 0.041743222741187913 0.0045579406904267547 -0.0014277348486277479 -0.0029603735492777835 -0.056481125626977748 0.021003509119863067 0.027722601765732803 -0.05420174132045618 0.0011077468158795969 -0.0102339151757134 0.012897031204491989 -0.0094379325054779681 0.027564184495193034 -0.037322063409437799
leaf_weight=886.05842219293118 158358.36387764663 1224.1273374259472 4040.9088782221079 1722.6294369846582 3298.6085059195757 1038.4479227215052 858.51366657018661 266.97435392439365 161.07060161232948 694.41942918300629 512.01588802039623 735.34508390724659 1374.7711401358247 1484.0280816257 2670.4069621711969 2266605.5020068437 2909.1924002468586 109328.82886941731 57815.685752227902 18079.335198178887 1498.5392034053802 7966.3111615031958 3341.8567142039537 5321.8684254735708 5413.8927354365587 56131.867844112217 2696.8994288668036 16192.429299905896 6756.0764787346125 5476.9278310015798
leaf_count=2496 438094 4462 13936 4657 9434 3658 2230 622 636 2924 1105 1730 4336 2890 8797 6614761 6538 319638 167693 51645 5737 19931 8321 19655 15705 169339 8127 51405 18006 20692
internal_value=9.94289e-06 -0.00598105 -0.00395279 -0.0114883 -0.0167992 -0.00510089 0.00393967 0.0177788 -0.00327353 -0.0434499 0.0160145 0.02132 0.0111041 0.0429174 -0.0183696 5.60651e-05 0.00123616 -0.000739027 -0.00439326 0.00494501 0.00105686 0.00436954 -0.00661461 -0.0108857 -0.026312 -0.00810061 0.00402785 -0.004377 0.00145606 -0.0207524
internal_weight=2.74486e+06 20968.3 19744.2 10100.6 8377.97 4337.06 9643.6 3303.94 6339.67 961.394 2783.2 2622.13 2110.12 2342.54 3556.47 2.72389e+06 457288 267807 158479 30453.4 27544.2 26045.6 128025 70209.5 10735.8 59473.7 189481 31122.3 22948.5 8173.83
internal_count=7999200 63913 59451 31685 27028 13092 27766 8666 19100 3546 7807 7171 6066 5120 11293 7935287 1320526 784202 464564 83851 77313 71576 380713 213020 35360 177660 536324 98230 69411 28819
is_linear=0
shrinkage=0.05


Tree=156
num_leaves=31
num_cat=0
split_feature=80 78 78 80 51 46 73 55 25 25 8 25 94 55 90 54 22 86 55 55 55 86 54 37 104 80 73 86 51 37
split_gain=285.996 489.436 1464.83 558.362 547.001 799.635 743.629 680.978 673.469 1146.25 674.314 586.904 482.697 795.49 923.609 807.361 470.676 585.19 520.224 457.014 439.96 676.671 476.589 415.62 445.7 414.57 447.058 549.915 393.735 390.466
threshold=5.1673452854156503 0.81333059072494518 1.5000000000000002 4.0993721485137948 92.500000000000014 0.12757510691881183 5.9275646209716806 12187.500000000002 1.4970517158508303 1.6598764657974245 -0.0081897499039769155 1.4565114974975588 2460.955200195313 -667777.49999999988 2595.0749511718755 564057.50000000012 3.5000000000000004 6.0000000000000009 30795.000000000004 24522.500000000004 10202.500000000002 6.0000000000000009 7767.5000000000009 -3.2449994087219234 8.3298993110656756 7.0670690536499032 0.68562060594558727 6.0000000000000009 232.50000000000003 -16.553010940551754
decision_type=2 2 2 2 2 2 2 2 2 2 2 2 2 2 2 2 2 2 2 2 2 2 2 2 2 2 2 2 2 2
left_child=1 -1 4 29 6 8 12 20 23 10 -10 -8 -3 14 -14 -15 18 -18 -13 -9 22 -22 -7 -6 -25 26 27 -2 -21 -4
right_child=25 2 3 -5 5 7 11 19 9 -11 -12 16 13 15 -16 -17 17 -19 -20 28 21 -23 -24 24 -26 -27 -28 -29 -30 -31
leaf_value=-0.0021176939177043742 -0.063443342785407378 0.016210254901577782 -0.011286588254651059 -0.0045495536774157628 -0.021652940014905281 -0.023887310856212089 -0.0012499410004920535 -0.039452248012891204 -0.015978678898715706 -0.00038475230174426822 0.064138188393739401 0.0088361287261542118 -0.0061536229701155219 0.0015520662273923499 -0.056238962407666938 0.012503376985015139 0.0077282562065596931 0.03295398174142046 0.064409490409422246 0.041082013342463107 -0.020848623177369369 0.041091143322274405 -0.0026265662627454841 0.00077803325030972891 0.010736556358726879 -0.00042851152212338589 0.0018173477259459854 0.0002154607302050981 -0.021707093460019665 -0.00039634521576377971
leaf_weight=321641.86195190251 584.49422393739223 6453.095691986382 8292.0648551434278 91131.212107799947 1905.7629650235176 3272.3824000805616 9463.6818518191576 2548.8260857313871 314.5111468732357 2585.550964795053 1577.7437994480133 30549.458006255329 9381.0220855176449 103904.0984287858 1019.7086097002029 20081.992843464017 3966.218036621809 5473.0384422242641 426.06030241400003 368.60811764001846 691.7642520815134 1212.3230358064175 13540.287367269397 101029.32317128032 12640.636810347438 407991.33303016424 482157.08321976662 806.24340926110744 768.41960981488228 1098903.2127667814
leaf_count=948869 2014 18460 28014 362675 6507 10858 26848 9499 982 7480 3148 84788 28175 296373 3799 54325 11866 11835 821 892 2516 2561 39630 291945 35655 1054512 1230791 2072 2625 3418665
internal_value=9.42565e-06 -0.000344586 2.77955e-05 -0.00078757 0.00296042 0.000616234 0.00471137 -0.00805539 0.0022345 0.0212582 0.0508179 0.00995771 0.00285328 0.00221174 -0.0110695 0.00332597 0.0125822 0.022357 0.00960274 -0.0276968 -0.0041859 0.0185864 -0.00676618 0.00149724 0.0018856 0.000745275 0.00173566 -0.0265616 -0.00132916 -0.00047792
internal_weight=2.74468e+06 1.85314e+06 1.5315e+06 1.19833e+06 333175 142456 190718 22402.6 120054 4477.81 1892.25 49878.5 140840 134387 10400.7 123986 40414.8 9439.26 30975.5 3685.85 18716.8 1904.09 16812.7 115576 113670 891539 483548 1390.74 1137.03 1.1072e+06
internal_count=7999200 5709811 4760942 3809354 951588 414298 537290 68581 345717 11610 4130 136158 401132 382672 31974 350698 109310 23701 85609 13016 55565 5077 50488 334107 327600 2289389 1234877 4086 3517 3446679
is_linear=0
shrinkage=0.05


Tree=157
num_leaves=31
num_cat=0
split_feature=13 35 39 85 54 22 21 42 54 85 7 77 62 36 48 26 21 49 37 12 62 90 54 54 54 7 62 53 85 36
split_gain=287.809 510.031 419.937 564.688 1022.92 722.828 473.35 472.972 532.017 467.05 531.196 600.658 444.654 397.769 350.467 428.589 333.138 309.476 838.017 1159.49 1261.64 829.668 743.895 1316.68 940.814 1111.65 683.287 963.737 669.88 659.824
threshold=0.0079851318150758761 3.171076893806458 4.1821599006652841 0.90000000596046459 524292.50000000012 2.5000000000000004 2.5000000000000004 1.0016247630119326 524292.50000000012 0.90000000596046459 -0.0004537437052931636 1.5000000000000002 21.385493278503422 -17.269630432128903 0.6835516393184663 -0.11635990068316458 1.0000000180025095e-35 0.9279436767101289 12.79629707336426 0.053712980821728713 41.214830398559577 5211.0100097656259 55285.000000000007 163537.50000000003 246122.50000000003 0.0026813008589670066 31.360671997070316 0.87837970256805431 0.90000000596046459 -28.840798377990719
decision_type=2 2 2 2 2 2 2 2 2 2 2 2 2 2 2 2 2 2 2 2 2 2 2 2 2 2 2 2 2 2
left_child=1 2 9 4 14 7 -7 8 -5 13 11 -11 -6 -1 -4 -16 -9 29 19 22 21 -21 -19 26 -25 -26 27 -24 -22 -2
right_child=17 -3 3 5 12 6 -8 16 -10 10 -12 -13 -14 -15 15 -17 -18 18 -20 20 28 -23 23 24 25 -27 -28 -29 -30 -31
leaf_value=-0.050694028700572297 0.0044021766418713788 0.022340039492430179 -0.052978570573274944 0.055463498791348154 -0.065725359968536554 0.01479126882746684 -0.067830985852928891 0.038719188371883033 -0.042513830086937376 0.032965739053878146 0.02512159188282867 -0.080395412112367254 0.066795580802510926 0.036615184001282469 -0.056087725447742764 0.0071790691495523216 -0.064288232277281324 -0.0021347776949864365 -0.0041077475720636882 -0.028584891030144423 0.058247288178356775 0.038918899494939013 0.020941780934690388 -0.013084518232829285 0.0079297279626117604 -0.013172995843294731 0.04464512630487049 -0.021340578269984145 -0.026746791186538072 -1.8574208827650532e-06
leaf_weight=139.8498786687851 88231.636182852089 3987.5384321212769 1311.1617597341537 1103.7076371759176 74.617129966616631 308.24753451347351 394.0005804002285 127.80269829928875 157.61686444282532 168.29013213515282 519.70554579794407 377.55592930316925 391.03107582032681 1780.9101189523935 414.06577168405056 753.0627700984478 200.16386432945728 51066.017713956535 152961.67263011634 6864.0609388649464 780.96771740913391 486.59487576782703 9234.2798715382814 8249.0836489200592 45938.499441705644 7220.6640154793859 2326.0411716550589 1576.9705338031054 328.72612868249416 2356645.5031140447
leaf_count=483 252849 10319 4818 2473 279 906 1594 337 575 365 1349 1600 747 3979 1510 2136 813 155131 464272 23044 1599 1073 24707 26001 129880 22961 5439 5110 1088 6851763
internal_value=8.96748e-06 0.00766829 0.00055009 -0.00798323 -0.0224681 0.0106249 -0.0315879 0.0292885 0.0431922 0.0155097 -0.0110285 -0.0454395 0.0454539 0.0302326 -0.0352452 -0.0152908 -0.0241372 -2.52642e-05 -0.00157841 0.00130727 -0.0166081 -0.0241109 0.00251409 0.00569876 0.00262499 0.00506304 0.020065 0.0147724 0.0330635 0.000157077
internal_weight=2.74412e+06 12209.3 8221.79 5235.48 2943.94 2291.54 702.248 1589.29 1261.32 2986.31 1065.55 545.846 465.648 1920.76 2478.29 1167.13 327.967 2.73191e+06 287034 134072 8460.35 7350.66 125612 74545.5 61408.2 53159.2 13137.3 10811.3 1109.69 2.44488e+06
internal_count=7999200 34283 23964 16188 9490 6698 2500 4198 3048 7776 3314 1965 1026 4462 8464 3646 1150 7964917 860305 396033 26804 24117 369229 214098 178842 152841 35256 29817 2687 7104612
is_linear=0
shrinkage=0.05


Tree=158
num_leaves=31
num_cat=0
split_feature=7 22 13 54 55 50 87 26 87 35 54 25 55 65 48 87 30 87 99 13 48 26 25 94 29 87 50 35 35 13
split_gain=289.129 1521.84 1047.25 1359.17 1032.93 843.404 1299.89 680.734 977.6 660.95 729.562 664.185 715.016 795.052 649.416 944.545 1027.25 644.873 1041.08 1108.54 1701.58 965.408 825.622 629.852 612.597 703.813 567.09 809.107 818.998 557.031
threshold=-0.013433134648948906 3.5000000000000004 0.039126226678490646 387510.00000000006 157.50000000000003 147.50000000000003 1.0000000180025095e-35 -1.9605213999748228 1.0000000180025095e-35 -13.51768922805786 21097.500000000004 3.2737792730331425 10902.500000000002 0.1586851701140404 -0.91959547996520985 1.0000000180025095e-35 0.99250000715255748 1.0000000180025095e-35 251111.16406250003 0.075005840510129942 -0.20576497167348859 -1.9028810858726499 2.7912334203720097 4386.0375976562509 0.85750001668930065 1.0000000180025095e-35 -617.49999999999989 -3.2246829271316524 -20.638862609863278 0.08139673620462419
decision_type=2 2 2 2 2 2 2 2 2 2 2 2 2 2 2 2 2 2 2 2 2 2 2 2 2 2 2 2 2 2
left_child=1 4 -3 5 17 7 -7 8 23 10 -6 12 13 -11 24 -16 -17 26 19 21 -21 22 -19 -4 -13 -26 27 28 -1 -2
right_child=29 2 3 -5 9 6 -8 -9 -10 11 -12 14 -14 -15 15 16 -18 18 -20 20 -22 -23 -24 -25 25 -27 -28 -29 -30 -31
leaf_value=0.0095957027940720002 3.2438796463014014e-05 -0.025094511222588673 -0.036839246243125456 0.046535349728875353 0.0020189048466138205 -0.031969438373450045 0.068189898050808717 -0.00608759687484691 0.040127483316717449 0.016596956241737962 0.043317334460839928 -0.01219587677133078 0.01777383997471621 -0.018664128115493502 -0.0025047283083089386 -0.052912846397418667 0.010358592678899889 -0.032615936460853465 -0.058571584671273741 0.062458172791348666 -0.042393544841176328 -0.04872392826372958 0.003412569861344872 0.064979559622800429 -0.029848532481369035 0.062585984740248263 0.0037519443731154102 0.04563609037596375 -0.049061538269465854 0.0093388962595218686
leaf_weight=846.06729458272457 2662580.7708837539 1933.449146553874 853.02837045490742 2644.0533127486706 3310.7539956271648 445.90790842473507 1177.9447661936283 7635.2092094868422 2200.1754147559404 2380.5780142247677 1578.8792236596346 1734.8807311207056 4823.4278086051345 4861.4368074536324 3147.1695972681046 3018.0678234323859 814.05933656543493 2983.8471158444881 1790.7489279806614 972.59279619157314 641.20232039690018 2780.117604508996 3402.1529587060213 183.76754084229469 285.57158857584 732.30172200500965 5716.0473414212465 383.55394698679447 2001.7025113254786 16175.385947540402
leaf_count=2442 7761987 6281 2933 5832 9871 1460 2124 22061 4874 6278 3581 5234 13853 15275 9541 11662 2278 9960 6460 1915 2170 9718 9548 377 941 1410 16548 890 7222 44474
internal_value=8.51791e-06 -0.00327923 0.00954814 0.0139738 -0.00782269 0.00708052 0.0406804 0.00205835 0.0212701 -0.00125019 0.0153615 -0.00497729 0.00286103 -0.00707181 -0.0146948 -0.0228056 -0.0394716 -0.0159734 -0.0232757 -0.017407 0.0207943 -0.0241349 -0.0134234 -0.0187423 0.00586838 0.0366441 -0.00571198 -0.0224507 -0.0316356 8.86402e-05
internal_weight=2.74403e+06 65278.7 17073.5 15140.1 48205.2 12496 1623.85 10872.2 3236.97 26687.1 4889.63 21797.5 12065.4 7242.01 9732.05 6979.3 3832.13 21518 12570.7 10779.9 1613.8 9166.12 6386 1036.8 2752.75 1017.87 8947.37 3231.32 2847.77 2.67876e+06
internal_count=7999200 192739 45942 39661 146797 33829 3584 30245 8184 79924 13452 66472 35406 21553 31066 23481 13940 66873 39771 33311 4085 29226 19508 3310 7585 2351 27102 10554 9664 7806461
is_linear=0
shrinkage=0.05


Tree=159
num_leaves=31
num_cat=0
split_feature=64 14 53 90 52 36 11 85 9 85 90 42 8 49 36 55 87 42 42 77 42 36 49 13 25 54 13 54 87 7
split_gain=277.963 371.64 689.878 680.413 398.623 372.622 503.606 536.45 520.418 368.956 348.233 341.573 333.091 682.815 754.305 650.373 639.384 967.312 652.141 605.76 603.096 1134.59 861.923 835.493 607.678 1099.78 582.099 617.627 694.973 541.327
threshold=169.47023773193362 76.068393707275405 0.6078576147556306 2685.396362304688 27.500000000000004 -2.4723118543624873 0.0099827307276427763 0.90000000596046459 0.56793472170829784 0.90000000596046459 2635.111450195313 1.0048977136611941 -0.0035653947852551933 0.96863394975662243 -14.897255420684813 32357.500000000004 1.0000000180025095e-35 1.0009980797767641 1.0009980797767641 1.5000000000000002 1.0006067156791689 -1.7359930276870725 -0.79989895224571217 0.08139673620462419 0.59788545966148388 282217.50000000006 0.08139673620462419 32867.500000000007 1.0000000180025095e-35 -0.00097746605752035954
decision_type=2 2 2 2 2 2 2 2 2 2 2 2 2 2 2 2 2 2 2 2 2 2 2 2 2 2 2 2 2 2
left_child=1 12 5 -4 -5 6 9 -8 10 11 -9 -3 13 15 -15 20 18 -18 -17 -20 24 22 -22 -23 25 -1 27 -16 -29 -14
right_child=-2 2 3 4 -6 -7 7 8 -10 -11 -12 -13 29 14 26 16 17 -19 19 -21 21 23 -24 -25 -26 -27 -28 28 -30 -31
leaf_value=0.035366485520553041 -0.0028288025647408427 0.062982947781137819 -0.016725220502223508 -0.0098030944272185592 0.019301135238353872 0.0035006462334185879 -0.035825277356962539 0.040585359856715797 0.049394783684815396 -0.030597103361885127 -0.025562957286894214 -0.072650867006408493 -0.00052673946456208826 -0.026268016448084377 -0.017098429084212833 0.039146897492824552 -0.024787306229509296 0.054651112342420073 0.035647504203867982 -0.065634382761124474 0.0016657251759444307 0.00041700480890463442 -0.0065116654172615897 0.038078758741918246 0.0023189273730474915 -0.013932563201477791 0.034426311278067716 0.013335915812280134 -0.0094566459231168066 0.0010814538688062531
leaf_weight=3643.4340535998344 83709.251210421324 445.56875418126583 1722.481583930552 1296.8669492304325 12594.269565567374 9475.836615242064 2357.8247960805893 239.03815270215273 415.55369408428669 205.37101982533932 1162.18917144835 50.931504353880882 996637.86798203737 5003.3474783822894 8446.4080962613225 444.51249942183495 492.10948838293552 1721.7697426974773 203.62250588834286 530.35213124752045 42387.120211318135 261534.37778437138 134377.97877916694 1479.9336331486702 55408.395279228687 1639.6795219779015 905.10182970762253 5750.208219833672 7990.7886096462607 1101682.7096173167
leaf_count=9089 248441 867 5464 4115 33117 27484 8170 644 972 689 3987 194 2905869 16941 27969 1055 1527 3464 434 2024 121453 764023 408345 3314 160224 5097 2093 16882 24715 3190538
internal_value=8.1129e-06 9.73843e-05 0.00563407 0.0129074 0.0165831 -0.00227846 -0.0135077 -0.0200971 0.000320753 0.0256505 -0.0142541 0.0489414 3.43026e-05 -0.00108319 -0.00866915 -0.000660168 0.0211554 0.0369878 -0.0085887 -0.0375192 -0.000808093 -0.0014529 -0.00455075 0.000629084 0.00386411 0.0200652 -0.0048549 -0.00645902 8.12919e-05 0.000317609
internal_weight=2.74395e+06 2.66025e+06 29965.9 15613.6 13891.1 14352.3 4876.48 4174.61 1816.78 701.871 1401.23 496.5 2.63028e+06 531959 28095.9 503863 3392.37 2213.88 1178.49 733.975 500471 439779 176765 263014 60691.5 5283.11 23092.5 22187.4 13741 2.09832e+06
internal_count=7999200 7750759 85703 42696 37232 43007 15523 13773 5603 1750 4631 1061 7665056 1568649 88600 1480049 8504 4991 3513 2458 1471545 1297135 529798 767337 174410 14186 71659 69566 41597 6096407
is_linear=0
shrinkage=0.05


Tree=160
num_leaves=31
num_cat=0
split_feature=54 55 17 54 54 54 28 55 90 85 49 55 13 85 37 85 30 55 54 13 86 50 44 55 50 85 100 55 85 86
split_gain=310.647 1087.71 1055.46 901.86 1051.93 1020.65 1635.14 1161.5 1144.78 1170.94 2453.63 1253.05 1038.38 2031.82 846.115 1218.65 1193.58 1145.95 1064.84 943.977 899.388 839.362 1087.07 837.384 964.205 1124.84 828.983 816.653 997.466 1556.29
threshold=787.50000000000011 8447.5000000000018 50.420436859130866 2462.5000000000005 4107.5000000000009 5037.5000000000009 0.97499999403953563 29647.500000000004 4635.9445800781259 0.90000000596046459 -0.09801131114363669 9707.5000000000018 0.01663030777126551 0.90000000596046459 4.9898209571838388 0.90000000596046459 0.50749999284744274 1347.5000000000002 1517.5000000000002 0.058874033391475684 6.0000000000000009 -407.49999999999994 0.99638661742210399 15082.500000000002 -537.49999999999989 0.90000000596046459 355251.60937500006 27492.500000000004 0.90000000596046459 6.0000000000000009
decision_type=2 2 2 2 2 2 2 2 2 2 2 2 2 2 2 2 2 2 2 2 2 2 2 2 2 2 2 2 2 2
left_child=1 2 -1 14 26 6 7 12 9 10 -8 -11 13 -6 15 16 19 -16 -17 -2 -18 -20 -23 24 25 -3 -5 -7 29 -29
right_child=3 23 -4 4 5 27 8 -9 -10 11 -12 -13 -14 -15 17 18 20 -19 21 -21 -22 22 -24 -25 -26 -27 -28 28 -30 -31
leaf_value=0.026224715831983506 -0.017955757568864025 -0.02587546204102947 0.0026448486568051003 0.0074991422336559256 -0.041559504806015481 4.8469046400543726e-05 -0.040035300538098395 -0.054741916305364118 0.036588939323667573 -0.0076917175037800852 0.03168254719632909 0.047138468810268862 -0.014099557668746585 0.094165746218078675 -0.026320786281814029 -0.017611026533187864 -0.014866118084424146 -0.00012770224247547852 0.035489234387952484 0.022701019676471548 -0.049557004108020435 0.016051556781162699 -0.034118403179014288 0.0044312902956900038 -0.015786997578800227 0.079915540740558164 -0.0036500293576881985 0.065749725399536316 0.081797389069453233 -0.10108245826045122
leaf_weight=8702.8643922954798 5468.2944051623344 437.6974086612463 10437.37311758101 79374.789104938507 487.57172492146492 2451632.9625409693 3577.5019296854734 1691.5266458392143 2625.4171251654625 2124.9813851565123 1787.7635733485222 2042.8822683393955 25283.777208559215 632.24743810296059 4460.8613373488188 5392.4160256758332 3154.1857488304377 65120.814608491957 2455.6213241815567 1931.0071754306555 4587.9936853349209 3310.178877197206 1601.1380860209465 21931.545042797923 11672.529323883355 587.526401668787 21104.284677870572 313.86729907989502 671.87075912952423 250.39653813838959
leaf_count=21856 20686 1499 29523 221454 1650 7124408 12241 6792 6310 6537 4396 4662 79747 1122 15294 18573 13110 195296 5980 5291 19777 9556 5787 63374 37757 1012 64775 675 1165 1040
internal_value=3.92504e-05 0.00380226 0.0133674 -3.59364e-05 0.000141517 -6.06331e-05 -0.00795768 -0.0145869 0.00736023 -0.000691807 -0.0161358 0.019187 -0.0120123 0.0350819 -0.00475724 -0.0121134 -0.0217054 -0.00180736 -0.000729431 -0.00734319 -0.0354282 0.0116275 -0.000306946 -0.00148467 -0.0117027 0.0347643 0.00515735 6.89654e-05 0.0406825 -0.00832238
internal_weight=2.74485e+06 53769.5 19140.2 2.69108e+06 2.5936e+06 2.49312e+06 40253.7 28095.1 12158.5 9533.13 5365.27 4167.86 26403.6 1119.82 97482.5 27900.8 15141.5 69581.7 12759.4 7399.3 7742.18 7366.94 4911.32 34629.3 12697.8 1025.22 100479 2.45287e+06 1236.13 564.264
internal_count=8001345 155021 51379 7846324 7536974 7250745 123457 89311 34146 27836 16637 11199 82519 2772 309350 98760 58864 210590 39896 25977 32887 21323 15343 103642 40268 2511 286229 7127288 2880 1715
is_linear=0
shrinkage=0.05


Tree=161
num_leaves=31
num_cat=0
split_feature=31 97 25 25 85 30 85 99 39 99 53 97 50 85 9 99 35 63 9 26 27 53 99 54 27 48 97 65 37 63
split_gain=335.346 330.249 567.487 719.121 712.159 598.326 1009.91 1381.55 942.684 803.64 728.576 687.406 565.593 487.825 636.112 905.761 555.075 532.938 550.941 870.643 718.083 469.689 467.828 771.957 505.47 498.944 492.276 443.668 382.461 467.63
threshold=4382.8164062500009 -5.2750597000122061 1.5129033923149111 1.4970517158508303 0.90000000596046459 0.22249999642372134 0.90000000596046459 296557.96875000006 8.3753552436828631 323039.17187500006 1.0000000180025095e-35 -5.4555838108062735 -167.49999999999997 0.90000000596046459 0.10305577516555788 168876.96093750003 11.424281597137453 -0.62272596359252919 0.56793472170829784 -0.68175265192985524 0.41220150887966162 1.0000000180025095e-35 246708.67187500003 20112.500000000004 -0.079318463802337633 -0.71473535895347584 -5.6774995326995841 0.58150652050971996 26.405449867248539 -0.081105511635541902
decision_type=2 2 2 2 2 2 2 2 2 2 2 2 2 2 2 2 2 2 2 2 2 2 2 2 2 2 2 2 2 2
left_child=1 2 3 5 -5 -1 7 8 -7 10 -8 -11 -9 14 15 -4 22 -16 20 -20 -19 -18 25 26 -25 27 -24 -15 -23 -30
right_child=-2 -3 13 4 -6 6 9 12 -10 11 -12 -13 -14 16 17 -17 21 18 19 -21 -22 28 23 24 -26 -27 -28 -29 29 -31
leaf_value=-0.0041515429169252348 0.0086512972869485869 -0.0001047667013997672 -0.038022467385910842 0.074496720809094905 -0.019173512972625997 0.017995463562425883 -0.020996231725348303 0.0073770297264582887 -0.011629303697147961 0.05356509202518283 0.0013227741002842094 -0.068988282029663964 -0.036016733443047302 -0.0057700771896298875 -0.076800797525777675 0.036218149360751892 -0.051423754960897808 -0.0081059623465894737 -0.030923861160257606 0.037834876939439363 -0.036767346823256546 -0.027674919549367717 -0.016141501700845443 0.0062410880482421738 0.060596554472995383 -0.023100132909075886 0.022783038518041435 0.046037730601192775 -0.044977045789535541 0.052231685389025152
leaf_weight=15639.09440267086 11251.131864480674 2634364.5484995171 560.86091627180576 701.74129715561867 284.69281007349491 28969.972499981523 4775.9423340260983 1218.8071768283844 2958.7618399560452 995.08638821542263 15587.304579555988 128.3683062940836 1953.1090747565031 1037.2863159179688 322.78638198971748 1527.7260906994343 718.87085294723511 7637.4670930430293 729.21728593856096 1244.9612957835197 3061.1554891169071 660.33618898689747 1536.3020784556866 618.76217409968376 1387.5908451676369 1738.3160788714886 1721.2134398818016 685.53444914519787 167.10688500106335 468.20356345176697
leaf_count=46954 32231 7685278 1944 1262 883 74436 15594 3331 8843 2276 45987 525 6740 3196 1272 3634 2746 22879 2508 2869 10425 2226 4949 1730 2955 5768 4568 1621 606 1109
internal_value=3.72549e-05 1.79306e-06 0.0028363 0.00508415 0.0474656 0.0045046 0.00689703 0.012123 0.0152498 -0.00164012 -0.0039124 0.0395085 -0.0193441 -0.00353636 -0.00933483 0.0162708 0.00460752 -0.0134514 -0.0118315 0.0124316 -0.0163099 -0.019042 0.0100701 0.0194572 0.0438472 -0.00420634 0.00442468 0.0148568 -0.00104584 0.0266243
internal_weight=2.74465e+06 2.7334e+06 99036.6 73212.9 986.434 72226.4 56587.4 35100.7 31928.7 21486.7 20363.2 1123.45 3171.92 25823.7 15084.2 2088.59 10739.5 12995.6 12672.8 1974.18 10698.6 2014.52 8725.01 5263.87 2006.35 3461.14 3257.52 1722.82 1295.65 635.31
internal_count=8001345 7969114 283836 206831 2145 204686 157732 93350 83279 64382 61581 2801 10071 77005 45531 5578 31474 39953 38681 5377 33304 6687 24787 14202 4685 10585 9517 4817 3941 1715
is_linear=0
shrinkage=0.05


Tree=162
num_leaves=31
num_cat=0
split_feature=31 63 30 42 25 85 55 54 73 25 47 54 55 13 37 85 6 97 25 85 94 25 94 51 49 26 47 47 29 31
split_gain=302.65 316.853 310.806 760.523 673.596 643.51 1188.57 1032.76 645.969 627.724 749.69 650.008 1288.48 937.588 477.652 484.246 582.957 467.443 524.659 766.087 1319.13 1163.23 1128.94 875.936 794.411 752.747 654.041 600.89 551.908 470.086
threshold=4382.8164062500009 0.52272877097129833 0.052500000223517425 1.0142232179641726 3.8588291406631474 0.90000000596046459 18222.500000000004 2462.5000000000005 2.693411231040955 3.1509521007537846 0.26862981915473944 304587.50000000006 -325192.49999999994 0.02406445145606995 34.122022628784187 0.90000000596046459 0.003241648781113327 -5.2750597000122061 1.5129033923149111 0.90000000596046459 4537.3400878906259 1.4626069664955141 4768.4714355468759 -392.49999999999994 -0.05451125651597976 1.8173496723175051 0.057451326400041587 -0.31118988990783686 0.1475000008940697 765.55953979492199
decision_type=2 2 2 2 2 2 2 2 2 2 2 2 2 2 2 2 2 2 2 2 2 2 2 2 2 2 2 2 2 2
left_child=2 -2 3 4 9 6 8 -7 -6 10 11 13 -13 -1 -5 -16 -17 18 19 20 21 23 24 -4 27 -26 -24 -21 -20 -30
right_child=1 -3 17 14 5 7 -8 -9 -10 -11 -12 12 -14 -15 15 16 -18 -19 28 22 -22 -23 26 -25 25 -27 -28 -29 29 -31
leaf_value=-0.0059181218937905599 0.0096850544356053194 -0.039776604435823155 -0.01670377191658395 -0.042193394218201029 -0.0170469080888624 0.044808683619459319 -0.036723228003564062 -0.034123680667379315 0.050924868112400767 -0.016087371955467462 -0.013121297130985966 0.00048196339160298763 0.019918024006661064 0.0039907693738175732 -0.03165154229688124 0.063124743707731842 -0.061056565343626884 4.1807446774097862e-05 0.017407445039717247 0.025685050357668566 -0.018049986363953299 0.058635090773074119 0.060924355392487244 0.013415199750607327 0.002834194059848508 0.054647817164448456 -0.013737520708635568 -0.014917562951114408 -0.0031014173951903908 -0.026967329998527301
leaf_weight=87084.236553713679 10918.521543771029 332.67587552964687 2598.9186389893293 1867.6510434672236 404.66614329814911 622.45828972756863 579.16731409728527 1234.9029440581799 2540.200237557292 7381.8344660103321 12693.657617129385 102972.86606661975 9296.0106786563993 32887.004387848079 598.71562554687262 402.48305892944336 122.50456182658672 2383427.2330686674 2890.0605210661888 984.72886148095131 3774.1636388152838 1342.8229160904884 1105.9923690482974 33754.351485639811 10382.819763630629 750.76312194764614 398.49124893546104 12057.820902720094 16838.848495192826 2350.6174060702324
leaf_count=266611 31011 1220 8057 6951 1303 1619 2218 4423 5448 23598 40209 302740 24969 95340 2084 900 513 6936288 7714 2570 11997 2699 2447 88697 30855 1749 1289 37990 49917 7919
internal_value=3.53954e-05 0.00821872 1.70577e-06 -0.00164035 -0.00134931 0.0161531 0.0287031 -0.00765847 0.0415803 -0.00172268 -0.00128967 -0.000642909 0.0020915 -0.0032018 -0.0267023 -0.00093618 0.0340768 0.000174827 0.00372782 0.0059263 0.0101288 0.0129506 -0.000860069 0.0112614 -0.00347613 0.00633315 0.0411494 -0.0118499 -0.00295818 -0.00602639
internal_weight=2.7446e+06 11251.2 2.73335e+06 260688 257697 5381.39 3524.03 1857.36 2944.87 252316 244934 232240 112269 119971 2991.35 1123.7 524.988 2.47266e+06 89230.4 67150.9 41470.3 37696.1 25680.6 36353.3 24176.1 11133.6 1504.48 13042.5 22079.5 19189.5
internal_count=8001345 32231 7969114 778926 768478 15011 8969 6042 6751 753467 729869 689660 327709 361951 10448 3497 1413 7190188 253900 188350 111450 99453 76900 96754 73164 32604 3736 40560 65550 57836
is_linear=0
shrinkage=0.05


Tree=163
num_leaves=31
num_cat=0
split_feature=86 99 78 35 30 44 94 55 37 100 49 50 73 55 24 25 25 55 46 13 50 36 30 36 78 25 94 25 35 99
split_gain=279.268 488.163 878.891 705.911 722.51 690.514 532.533 850.032 715.251 918.198 745.275 684.385 646.201 799.281 645.699 575.198 1082.53 950.662 1383.23 753.612 656.735 739.702 670.912 636.771 676.871 610.722 1480.2 524.537 498.97 476.741
threshold=6.0000000000000009 120599.72656250001 1.0304679572582247 -20.638862609863278 0.90249997377395641 1.0021882057189944 2746.911499023438 -487017.49999999994 19.19806003570557 123160.38281250001 0.9279436767101289 -807.49999999999989 1.2593446969985964 -618137.49999999988 86.519462585449233 0.95877075195312511 0.94511926174163829 -466672.49999999994 0.072948411107063307 0.028691291809082035 -482.49999999999994 -6.9632127285003653 0.032499999739229686 1.2247815728187563 1.5000000000000002 1.0036545991897585 4463.6052246093759 1.0136063694953921 6.2960109710693368 118519.07031250001
decision_type=2 2 2 2 2 2 2 2 2 2 2 2 2 2 2 2 2 2 2 2 2 2 2 2 2 2 2 2 2 2
left_child=1 2 3 -1 5 29 8 11 12 14 -11 -8 13 -3 -10 16 20 18 -17 -20 22 -22 -9 24 -18 26 -19 -27 -14 -5
right_child=-2 6 -4 4 -6 -7 7 15 9 10 -12 -13 28 -15 -16 17 23 25 19 -21 21 -23 -24 -25 -26 27 -28 -29 -30 -31
leaf_value=0.034624685116258873 0.00030538830554946477 0.0057808989746486669 -0.001059046521741166 -0.0080660734892442857 0.0049943377456968001 -0.030410408793544841 0.021906748191103682 -0.01339250942855362 0.021218316146251869 0.053201270471758814 -0.016670143091795108 -0.01998714525861052 0.0093754664661181951 -0.059297800308939753 -0.012744061460083236 -0.014239172437768064 0.04151569558255587 -0.024106696877549107 0.05257464871565827 0.0020143559436319541 0.0034019111552137261 -0.0035127736758364782 0.015568012054919256 -0.040359807178825764 0.0014702387620183963 0.034940644612636802 0.017356895911327788 -0.0017388290355069673 -0.012003811596163946 -0.029327267673299892
leaf_weight=846.84996774792671 2127002.8899677247 944.55408906936646 87844.172499336302 19812.077467352152 5518.8949415385723 5655.7641965672374 1098.6042428910732 2361.1899046748877 3375.0110388100147 2367.5648114979267 454.33795742690563 8595.2117040008307 11548.824292182922 941.09141148626804 2389.3979603499174 2017.278247192502 3369.1340200006962 8395.0741028040648 2492.5872568488121 1046.6353580504656 86321.766749411821 70072.096874400973 13036.343368336558 354.18687349557877 1536.6993831247091 977.2904482036829 2893.4942885041237 264626.17499983311 3572.4812430590391 3041.0164397507906
leaf_count=2290 6101340 2854 272802 65817 16709 21191 3151 7864 9427 5316 1495 28702 33202 3611 7777 6740 8229 28155 5548 3026 259607 217857 36421 1305 4547 2496 8219 813469 11330 10848
internal_value=3.36269e-05 -0.000902448 -0.00372527 -0.0104408 -0.0115634 -0.014769 -0.000202305 -0.000585429 0.00682093 0.0185838 0.041948 -0.015237 0.000881164 -0.0267103 0.00713998 -0.000276289 0.00195807 -0.0016769 0.0187982 0.0376289 0.00127384 0.00030376 0.0111261 0.0242993 0.0289758 -0.00208787 -0.0134777 -0.00160372 0.00432372 -0.0108966
internal_weight=2.74451e+06 617506 122719 34874.6 34027.8 28508.9 494787 469194 25593.3 8586.31 2821.9 9693.82 17007 1885.65 5764.41 459500 177051 282449 5556.5 3539.22 171791 156394 15397.5 5260.02 4905.83 276892 11288.6 265603 15121.3 22853.1
internal_count=8001345 1900005 389657 116855 114565 97856 1510348 1435336 75012 24015 6811 31853 50997 6465 17204 1403483 535830 867653 15314 8574 521749 477464 44285 14081 12776 852339 36374 815965 44532 76665
is_linear=0
shrinkage=0.05


Tree=164
num_leaves=31
num_cat=0
split_feature=79 79 79 74 86 55 55 25 55 44 37 55 25 37 41 35 35 37 62 49 54 38 54 42 94 42 54 49 55 35
split_gain=282.385 431.002 386.002 355.316 433.478 332.971 1569.81 1278.05 880.1 869.114 873.677 1311.25 1136.51 831.135 2016.59 860.854 790.199 783.019 1139.03 903.1 1224.05 940.843 728.344 1345.65 852.017 2023.48 1325.12 781.165 717.277 1095.01
threshold=5.1673452854156503 1.4276564717292788 7.0779535770416269 4.9208388328552255 6.0000000000000009 -708569.99999999988 -726402.49999999988 1.997377395629883 -688172.49999999988 0.99627321958541881 5.784454584121705 -717607.49999999988 0.3593114465475083 0.22533639520406726 0.99904632568359386 -12.241183757781981 -1.7873862981796262 20.016379356384281 47.339069366455085 0.74455857276916515 740402.50000000012 0.45679876208305364 677277.50000000012 1.0063178539276125 2628.539916992188 1.0025843977928164 595757.50000000012 -0.7866188883781432 -665312.49999999988 0.34230767190456396
decision_type=2 2 2 2 2 2 2 2 2 2 2 2 2 2 2 2 2 2 2 2 2 2 2 2 2 2 2 2 2 2
left_child=1 -1 3 4 -2 6 7 17 13 -8 -11 -12 -13 -7 -15 -16 -17 18 -3 21 -21 -19 24 -24 25 26 -10 -27 29 -26
right_child=2 5 -4 -5 -6 8 9 -9 22 10 11 12 -14 14 15 16 -18 19 -20 20 -22 -23 23 -25 28 27 -28 -29 -30 -31
leaf_value=0.0012027985708535957 -0.055335373962997231 -0.010261179364456842 -0.00040560456692646243 0.0017604659750807769 0.00063848703003055256 0.013844516033916152 -0.035019836419561134 0.023709287531079745 -0.010733666199057718 0.027612592573401325 0.018452358416920975 0.024776115395194191 -0.022370901150867109 -0.043415685313828466 -0.07345904128703383 0.017014131658692047 -0.0090443041306414451 -0.004148472275118875 0.036443089383639923 0.012505598176911934 -0.041597339048524098 0.025639455443685857 0.01406169157599077 -0.02979700217889393 -0.034447627323437438 -0.055600804780721491 0.0066621751574049998 -0.02017083368047385 -0.00046769867918936594 -0.0014904515552009862
leaf_weight=371520.92182838917 604.3812533468008 35103.644584357738 394187.75844939053 496010.98207975924 806.47983632981777 3379.1479366123676 931.28694723546505 4330.3769927322865 22277.737689688802 8174.8943707495928 10866.73869060725 1738.9057809561491 4816.0859497487545 4384.4272192269564 464.48905645310879 3488.3033962845802 17497.885560810566 4685.1310946941376 1354.8752469867468 2080.5245005786419 2099.4070880785584 6102.3791687116027 16057.268857136369 1961.6185360476375 3929.8125194758177 1887.4485390633345 21522.066533446312 8854.5780290365219 1286241.0390137881 7025.0747405290604
leaf_count=1005190 2035 126316 1018970 1266887 2070 9660 3406 12364 73894 21327 30647 4620 17332 16583 1936 9827 58689 15316 3843 6299 9004 17730 46653 7598 14624 7812 65385 31547 4071390 22391
internal_value=3.19173e-05 -0.00031992 0.000763045 0.00168916 -0.0233581 -0.000701845 0.00238916 -0.00237444 -0.000883656 0.0124012 0.014128 0.00779906 -0.00986112 -0.00947081 -0.012521 -0.00620428 -0.00471205 -0.00457136 -0.00852446 0.0050574 -0.0146703 0.0127026 -0.000700498 0.00928537 -0.000833622 -0.00695546 -0.00218574 -0.0264012 -0.000576214 -0.0133156
internal_weight=2.74439e+06 1.85278e+06 891610 497422 1410.86 1.48126e+06 82284.3 55756.3 1.39897e+06 26527.9 25596.6 17421.7 6554.99 29214.3 25835.1 21450.7 20986.2 51426 36458.5 14967.4 4179.93 10787.5 1.36976e+06 18018.9 1.35174e+06 54541.8 43799.8 10742 1.2972e+06 10954.9
internal_count=8001345 5711383 2289962 1270992 4105 4706193 268204 190872 4437989 77332 73926 52599 21952 96695 87035 70452 68516 178508 130159 48349 15303 33046 4341294 54251 4287043 178638 139279 39359 4108405 37015
is_linear=0
shrinkage=0.05


Tree=165
num_leaves=31
num_cat=0
split_feature=90 48 39 54 30 6 25 60 85 26 26 86 77 12 90 48 55 55 44 94 97 54 85 49 12 27 9 37 39 41
split_gain=279.341 888.571 747.723 603.896 589.08 653.768 714.437 540.35 525.396 2632.92 1482.41 1104.14 949.271 887.851 521.541 397.187 385.102 1198.67 938.907 1101.8 1032.95 843.194 1095.05 1588.04 1196.28 815.367 743.705 720.632 720.469 677.861
threshold=2397.036499023438 -0.94331136345863331 -12.580450534820555 737922.50000000012 0.47749999165534979 -0.0038119381060823794 1.4921538829803469 -0.25710944831371302 0.90000000596046459 -0.4131809771060943 -0.18878342211246488 6.0000000000000009 1.5000000000000002 0.014752366580069067 2380.849975585938 -0.74455857276916493 -708569.99999999988 -726402.49999999988 0.99911820888519298 2437.9450683593755 -2.7779106792635839e-10 749357.50000000012 0.90000000596046459 0.31107263267040258 0.032121744006872184 0.54415106773376476 0.27301777899265295 39.494853973388679 4.5119898319244394 0.99611714482307445
decision_type=2 2 2 2 2 2 2 2 2 2 2 2 2 2 2 2 2 2 2 2 2 2 2 2 2 2 2 2 2 2
left_child=1 7 -3 -4 8 15 -7 -1 10 13 14 -12 -11 -10 -5 -6 17 18 -2 21 27 22 24 -24 -20 28 -22 -21 -23 -19
right_child=16 2 3 4 5 6 -8 -9 9 12 11 -13 -14 -15 -16 -17 -18 29 19 20 26 25 23 -25 -26 -27 -28 -29 -30 -31
leaf_value=0.061971102753952879 0.0085697253554693278 -0.035079602497484888 -0.029153854399757258 0.010630836929108618 -0.036112860722410572 -0.0075918542801333023 -0.050073885369993791 -0.034279311706829102 0.082892354918356392 0.014973352829628334 -0.0035591024770728233 0.040887637882146985 -0.044438375527577366 0.0036742338470015577 -0.043259179343793308 0.024057166666106921 -4.6226634419349954e-05 -0.017182319065480046 0.020128967744872731 -0.031883080368211462 -0.0099351584745845933 0.014139652299881018 0.0057616595340955964 -0.048410744715580288 -0.052157956661191329 -0.031146446045605538 0.019905403753198436 0.017713140180447905 -0.014296169903788777 0.010603520430666199
leaf_weight=152.19758331775665 18751.507545180619 1576.9186565279961 1603.5140563249588 730.76881516724825 318.36236868798733 5192.8307650536299 1221.9925589412451 3053.372140750289 896.20481105148792 923.53884954750538 1988.2123652771115 4697.3901178240776 2465.6336330398917 584.25409789383411 1161.3600383102894 1942.5753458291292 2595500.0300693735 2310.4935363233089 12144.01582852751 7392.0744315907359 12209.929120674729 4112.3090787529945 5494.422445602715 1793.6251562014222 599.66915342211723 3059.8702810630202 2517.6145407557487 812.17928893864155 4857.6901545971632 43547.11412678659
leaf_count=394 53080 5795 5762 2155 1135 17448 5423 12179 1662 2230 6809 10294 10396 1855 4183 5310 7557781 7270 31879 25659 38762 11552 16776 7015 2154 10937 6890 2215 16080 119282
internal_value=2.98987e-05 -0.00489354 -0.00175097 0.000465286 0.00261357 -0.00754336 -0.0156918 -0.02969 0.00916691 -0.00394876 0.0166129 0.0276704 -0.0282478 0.0516564 -0.0224488 0.0155702 8.15995e-05 0.00285558 -0.00109158 -0.00438605 -0.0127542 0.00159923 0.00788288 -0.00757457 0.0167232 -0.00886346 -0.00483269 -0.0269711 -0.00125905 0.0092031
internal_weight=2.74361e+06 28509.1 25303.6 23726.6 22123.1 8675.76 6414.82 3205.57 13447.4 4869.63 8577.73 6685.6 3389.17 1480.46 1892.13 2260.94 2.7151e+06 119603 73744.9 54993.4 22931.8 32061.6 20031.7 7288.05 12743.7 12029.9 14727.5 8204.25 8970 45857.6
internal_count=8000362 93030 80457 74662 68900 29316 22871 12573 39584 16143 23441 17103 12626 3517 6338 6445 7907332 349551 222999 169919 73526 96393 57824 23791 34033 38569 45652 27874 27632 126552
is_linear=0
shrinkage=0.05


Tree=166
num_leaves=31
num_cat=0
split_feature=62 53 48 25 42 13 9 44 25 11 35 87 87 54 37 21 40 31 51 30 42 13 87 42 13 50 28 79 7 7
split_gain=275.75 597.79 482.71 838.043 973.608 704.323 572.847 438.41 428.071 578.828 517.346 867.736 402.609 480.57 401.216 395.048 438.991 392.479 384.983 654.846 461.353 351.782 322.15 373.148 386.301 312.645 374.639 309.77 299.042 297.773
threshold=10.924385070800783 0.87837970256805431 0.37256073951721197 0.51981604099273693 1.0028865933418276 0.033072289079427726 0.038227234035730369 0.99995577335357677 1.9714748263359072 0.021339761093258861 1.8745868206024172 1.0000000180025095e-35 1.0000000180025095e-35 630327.50000000012 15.171939849853517 14.500000000000002 1.0000000180025095e-35 166.38596343994143 -267.49999999999994 0.47749999165534979 1.0036485791206362 0.017278777435421947 1.0000000180025095e-35 1.0027324557304385 0.010311132296919824 -977.49999999999989 0.52500000596046459 5.531872272491456 -0.00037631235318258399 4.2038234823849059e-05
decision_type=2 2 2 2 2 2 2 2 2 2 2 2 2 2 2 2 2 2 2 2 2 2 2 2 2 2 2 2 2 2
left_child=1 2 6 4 7 -5 22 -4 9 10 11 -8 -9 -14 -12 -10 -17 -3 19 20 -19 -6 25 24 29 26 -1 -20 -11 -24
right_child=-2 17 3 5 21 -7 8 12 15 28 14 -13 13 -15 -16 16 -18 18 27 -21 -22 -23 23 -25 -26 -27 -28 -29 -30 -31
leaf_value=-0.064721116702867371 0.00011153556074697108 0.0015406335299023317 -0.057786065232135891 0.024299863614936516 0.053821836337484212 -0.014257571863100324 0.015648262135116501 -0.039185156379478545 -0.077359174699715691 -0.045396159258734615 -0.023961029942054759 -0.0081988087746936358 0.013068209101084017 -0.059865260908158947 -0.0061230582622509334 0.016644520130150924 -0.011484432436370925 -0.022798517073392009 -0.036811354928554932 0.019734870642422072 0.036975505411814123 -0.033413329038827481 -0.048293607633609237 -0.020797063605132639 0.048842757822167945 -0.017092445514342133 0.070038402393455129 -0.010190943113273248 -0.015853161574483719 0.023905103359921371
leaf_weight=65.106707140803337 2669975.6674590632 3926.715020827949 685.63730847835541 6662.9839656502008 672.41168518364429 1439.5224972963333 6588.7349679246545 939.02626402676105 135.90016384422779 1210.2502147555351 4320.0751342475414 9057.2772370874882 1433.7926090657711 267.05539804697037 11663.24023450166 4752.8781001716852 1957.4209422245622 4129.3171116113663 3115.2836851477623 1531.5520743727684 349.22845816612244 138.72205379605293 197.49071206152439 363.22250762581825 1435.1641300320625 1053.435521684587 235.03130759298801 1685.4749003350735 2935.5586679726839 508.06587018072605
leaf_count=252 7780607 11430 2531 16872 1436 4634 18388 3383 542 4266 14358 26917 3852 987 35688 12956 6162 14092 11501 4096 934 477 683 1166 3088 3533 514 4582 9209 1226
internal_value=2.83876e-05 -0.00299378 -0.000733873 0.00810007 -0.0102086 0.0174481 -0.00306032 -0.02219 -0.00473046 -0.00692255 -0.00461938 0.00184354 -0.0129246 0.00158531 -0.0109459 0.00672307 0.00843796 -0.0119968 -0.016914 -0.00847774 -0.0181291 0.0388737 0.015388 0.0260085 0.0339585 -0.00425974 0.0406716 -0.0274704 -0.0244875 0.0036493
internal_weight=2.74343e+06 73455.6 58718 12239.2 4136.65 8102.51 46478.9 3325.51 42621.3 35775.1 31629.3 15646 2639.87 1700.85 15983.3 6846.2 6710.3 14737.6 10810.9 6010.1 4478.55 811.134 3857.52 2503.94 2140.72 1353.57 300.138 4800.76 4145.81 705.557
internal_count=8000362 219755 173120 34172 12666 21506 138948 10753 128486 108826 95351 45305 8222 4839 50046 19660 19118 46635 35205 19122 15026 1913 10462 6163 4997 4299 766 16083 13475 1909
is_linear=0
shrinkage=0.05


Tree=167
num_leaves=31
num_cat=0
split_feature=48 62 13 55 37 25 8 37 63 85 30 55 55 30 90 90 53 36 46 26 26 22 85 87 50 90 36 79 25 85
split_gain=267.392 1176.62 760.838 1432.11 1365.86 1328.93 1033.39 1006.78 981.898 1244.63 1100.01 834.44 985.621 918.02 807.365 886.745 767.641 850.658 745.021 687.201 676.444 671.056 2330.68 2291.71 651.63 635.658 606.654 652.465 601.382 800.697
threshold=0.96298784017562877 49.042064666748054 0.013141603209078314 -3899.9999999999995 16.800717353820804 0.30101998150348669 0.0015259221545420589 23.987310409545902 -0.28530196845531458 0.90000000596046459 0.58249998092651378 -145797.49999999997 -175392.49999999997 0.50749999284744274 2595.0749511718755 2609.8149414062505 0.87837970256805431 -3.682357549667358 0.059389261528849609 -0.87135586142539967 -2.4421043395996089 3.5000000000000004 0.90000000596046459 1.0000000180025095e-35 87.500000000000014 4018.457397460938 12.43690347671509 4.3193616867065439 0.32638424634933477 0.90000000596046459
decision_type=2 2 2 2 2 2 2 2 2 2 2 2 2 2 2 2 2 2 2 2 2 2 2 2 2 2 2 2 2 2
left_child=-1 2 5 4 11 19 18 16 9 10 -9 12 20 -14 -7 -16 21 25 -6 -2 -4 23 -23 -5 -19 -18 27 -10 29 -17
right_child=1 -3 3 7 6 14 -8 8 26 -11 -12 -13 13 -15 15 28 17 24 -20 -21 -22 22 -24 -25 -26 -27 -28 -29 -30 -31
leaf_value=-0.00012561835422162269 -0.058039880617955508 0.018236337023847499 -0.068697326400505951 -0.003272174764345263 -0.011667343845680229 0.023540480335779403 0.019740717508654259 -0.05281997727936643 -0.039793995790864317 0.066219745017230366 0.082613889330971732 -0.018045765428538394 0.005020779172518035 0.064528185753832318 -0.057306685795623702 0.048361840533388732 0.037182338151000631 0.058559988192607007 0.0039025412456268138 -0.0059089227364307467 -0.0066531178066647255 -0.015934264673084238 0.024343071012907926 0.025768124531285033 -0.063006120369909768 -0.011424133393777991 0.012971490119020669 -0.0038444500521858066 0.0056287280582753216 -0.0092859097503058593
leaf_weight=2504128.654971011 668.99799665808678 10203.345011524856 442.67369411885738 10758.821184173226 10999.37558298558 8801.3537058532238 7363.6246812343597 624.44156381487846 3454.9288615658879 837.65454877912998 196.21847079694271 17608.433727428317 2402.3353216797113 886.77265773713589 533.5916211605072 1882.8154244124889 722.02904658019543 801.70523445308208 25476.765694215894 11214.369207441807 44982.975762970746 8101.5654185563326 6450.5096220374107 18429.565504685044 126.90370778739452 9646.9075717926025 1172.7371434122324 1989.1786500662565 31579.354905843735 884.85426880419254
leaf_count=7308802 2470 27368 1762 32040 33951 22939 19351 2298 13099 1798 339 54670 6837 1792 1987 4100 1705 1669 73164 33711 135507 24904 16850 47068 479 29482 3146 5241 89088 2745
internal_value=2.69589e-05 0.00162397 0.000883824 -0.00074711 -0.00419116 0.00597564 0.00265656 0.00524532 -0.011014 0.0233787 -0.0203707 -0.00871757 -0.00534539 0.0210808 0.0100088 0.0065936 0.00769022 -0.00392815 -0.00079261 -0.0088488 -0.00725935 0.0106912 0.0019196 0.015064 0.0418915 -0.00803574 -0.0196365 -0.0266627 0.00758809 0.0299327
internal_weight=2.74337e+06 239245 229041 173476 110163 55565.3 43839.8 63313.2 8275.16 1658.31 820.66 66323.2 48714.8 3289.11 43682 34880.6 55038 11297.5 36476.1 11883.4 45425.6 43740.5 14552.1 29188.4 928.609 10368.9 6616.84 5444.11 34347 2767.67
internal_count=8000362 691560 664192 507152 327034 157040 126466 180118 25921 4435 2637 200568 145898 8629 120859 97920 154197 33335 107115 36181 137269 120862 41754 79108 2148 31187 21486 18340 95933 6845
is_linear=0
shrinkage=0.05


Tree=168
num_leaves=31
num_cat=0
split_feature=90 55 85 55 86 35 5 78 73 35 49 41 12 85 65 86 48 48 80 11 35 85 12 46 100 27 48 65 48 36
split_gain=259.601 393.607 1404.99 1184.46 834.44 898.699 773.619 760.948 708.217 673.817 658.461 1123.85 487.802 717.736 592.86 549.379 536.255 524.708 441.148 426.901 394.481 519.746 838.483 538.977 351.751 516.392 436.876 408.924 608.289 544.246
threshold=5186.0429687500009 7132.5000000000009 0.90000000596046459 1622.5000000000002 6.0000000000000009 -8.8305778503417951 0.0015656393370591106 1.5000000000000002 5.9275646209716806 -9.2866601943969709 -0.79989895224571217 0.99933746457099926 0.023403038270771507 0.90000000596046459 0.72997841238975536 6.0000000000000009 -0.68355163931846608 -0.99275061488151539 5.1673452854156503 0.0362025834619999 3.4034423828125004 0.90000000596046459 0.06847694888710977 0.11261177062988283 350028.71875000006 0.195535384118557 0.96863394975662243 0.13950086385011676 -0.65106672048568714 -23.411950111389157
decision_type=2 2 2 2 2 2 2 2 2 2 2 2 2 2 2 2 2 2 2 2 2 2 2 2 2 2 2 2 2 2
left_child=24 2 3 -2 8 -6 7 18 -5 -9 11 -7 13 15 17 -3 -15 -14 -4 -8 21 22 -19 -23 -1 26 27 -26 29 -29
right_child=1 12 6 4 5 10 19 9 -10 -11 -12 -13 14 16 -16 -17 -18 20 -20 -21 -22 23 -24 -25 25 -27 -28 28 -30 -31
leaf_value=8.7768043638396652e-05 -0.04822428605372444 -0.0082612273355912313 0.043314499409088339 -0.057411477356414789 -0.092815822206742948 0.060781038873914811 -0.032576736934932599 0.074865896248309596 0.020411472998062546 -0.061227009401424975 0.057358114308996892 -0.11141050147291481 -0.056931907105454732 -0.073829021026043357 -0.015424148615849091 -0.070714181336166679 0.020678816240016905 -0.030511587873546409 -0.063804888945200922 0.034724740581084518 0.027170832376627159 -0.07589292692314753 0.070065136417238577 0.033164641210973449 0.0030379043775162675 -0.0079551708945896707 0.014667133394589488 -0.053110263837926434 -0.01090185816269517 0.0082043811638636277
leaf_weight=2630717.7238901034 486.76219384372234 624.85762326419353 404.44644013047218 356.26739722490311 111.96837343275547 225.0868384540081 317.28475479781628 96.656699791550636 1607.5590358972549 1349.2417127937078 3410.7515148669481 162.13543628156185 260.13355292379856 172.4585028141737 2606.6122065484524 807.25602805614471 1113.4336241781712 1457.0242460817099 124.99990373849869 906.66896568983793 3404.9044606685638 122.50270539522171 240.56864810734987 1373.5221654772758 25712.102544151247 33963.531978607178 4565.8377994149923 378.19967706501484 18288.922222785652 7935.8117564842105
leaf_count=7658035 1803 2090 819 1325 456 419 1181 160 3975 5672 6517 661 986 711 8716 3217 2894 5172 426 2132 8687 513 491 3386 76901 107752 12337 1424 58829 22675
internal_value=2.56125e-05 0.00546719 0.0130611 0.0266544 0.0328677 0.0462211 -0.0139621 -0.0333104 0.00626865 -0.0520804 0.0503448 -0.0114064 -0.000491694 -0.0191583 0.00486947 -0.0434931 0.00795241 0.0125839 0.0179421 0.0172618 0.0153333 0.00270657 -0.0162229 0.0241863 -1.78615e-05 -0.00307676 -0.000163682 -0.0014584 -0.00580429 0.00540856
internal_weight=2.74331e+06 21743.1 9559.83 6360.53 5873.77 3909.94 3199.3 1975.34 1963.83 1445.9 3797.97 387.222 12183.3 2718.01 9465.27 1432.11 1285.89 6858.66 529.446 1223.95 6598.52 3193.62 1697.59 1496.02 2.72156e+06 90844.4 56880.9 52315 26602.9 8314.01
internal_count=8000362 62409 25546 15156 13353 8053 10390 7077 5300 5832 7597 1080 36863 8912 27951 5307 3605 19235 1245 3313 18249 9562 5663 3899 7937953 279918 172166 159829 82928 24099
is_linear=0
shrinkage=0.05


Tree=169
num_leaves=31
num_cat=0
split_feature=46 13 49 39 87 39 90 94 86 42 90 26 42 8 90 97 46 36 54 94 36 25 39 54 48 85 55 54 85 86
split_gain=260.569 928.265 1417.35 799.047 1463.71 1584.04 2331.81 2138.17 2652.89 1764.12 1523.25 1321.71 1214.82 1558.61 1201.22 1181.22 967.397 796.476 746.768 965.683 855.205 832.165 774.212 736.151 681.295 665.692 640.35 2203.81 3951.73 2136.38
threshold=0.061048159375786788 0.014032729901373388 -0.72982063889503468 -2.7156761884689327 1.0000000180025095e-35 -10.009897232055662 2635.111450195313 3344.098510742188 6.0000000000000009 1.0029358267784121 2981.087524414063 -0.31715187430381769 0.99790585041046154 0.0040913149714469918 4587.8056640625009 -2.5285698014576582e-11 0.031500574201345451 -17.883403778076168 575317.50000000012 3381.453002929688 1.0608428716659548 0.54106488823890697 5.3334293365478525 749357.50000000012 0.20576497167348864 0.90000000596046459 -448557.49999999994 407507.50000000006 0.90000000596046459 6.0000000000000009
decision_type=2 2 2 2 2 2 2 2 2 2 2 2 2 2 2 2 2 2 2 2 2 2 2 2 2 2 2 2 2 2
left_child=1 2 17 4 12 6 11 8 -7 -9 -8 -6 13 16 15 -14 -4 -1 19 20 -19 -22 23 24 -20 -25 -5 28 29 -28
right_child=-2 -3 3 26 5 7 10 9 -10 -11 -12 -13 14 -15 -16 -17 -18 18 22 -21 21 -23 -24 25 -26 -27 27 -29 -30 -31
leaf_value=-0.028193162576037819 0.0003100895521291705 -0.0031181299150797696 0.060882460402584021 -0.0023502751888859995 0.051375130999892542 0.001629190122214348 -0.015127201001673141 -0.021104895769546207 0.027931393683553386 0.025478424606178635 0.0048940198904701727 0.011937660585145204 -0.012614550298658163 -0.078291390601155933 0.088895228595228221 0.0020055022481832796 0.013682094997733841 0.0068938549811064552 -0.01251900346830556 -0.015138119483048393 -0.059067457577080366 -0.0062353959266219011 -0.00028805681170339164 0.03958962380200224 -0.035892581169435035 -0.038213289190480407 0.0029801418080564863 0.020094574987156784 0.014476928717621632 -0.02444855002228663
leaf_weight=3773.8897375315428 2041330.5057859346 268309.36149385571 1311.6805526912212 128414.8112988919 2770.1832778453827 14508.956752255559 17431.5160548985 6735.5451596826315 28261.3747035712 2909.4519494324923 20876.617581367493 9110.7271629944444 25456.88225530833 408.58818480372429 344.07817776501179 30209.336793750525 6283.6343255788088 28036.945033833385 6953.6762567311525 9308.1367289870977 845.90959599614143 6220.8950465917587 8709.2187704816461 919.45884899795055 5654.3048591315746 391.05688504874706 11926.223715007305 15672.552887819707 22512.059268727899 17537.315143436193
leaf_count=12445 5932764 805206 2790 385812 5733 43777 53001 21324 65767 7585 58430 23946 80938 1582 654 89899 17647 77736 21416 28475 3091 18515 25689 2121 19178 1460 36458 39779 62558 54586
internal_value=2.43554e-05 -0.000806748 0.000623861 0.00188719 0.00443301 0.00813461 0.00178557 0.0142137 0.0190093 -0.00705115 -0.00421635 0.021137 -0.0015 0.0167196 -0.00410394 -0.00468045 0.021841 -0.00584632 -0.00458787 -0.000820912 0.00297563 -0.0125677 -0.0119808 -0.0192963 -0.0230038 0.016358 -0.000276291 0.0036606 -0.00129504 -0.0133461
internal_weight=2.74313e+06 701804 433495 362682 166619 102604 50189 52415.3 42770.3 9645 38308.1 11880.9 64014.2 8003.9 56010.3 55666.2 7595.31 70813.5 67039.6 44411.9 35103.7 7066.8 22627.7 13918.5 12608 1310.52 196063 67648.2 51975.6 29463.5
internal_count=8000362 2067598 1262392 1052266 473073 279563 141110 138453 109544 28909 111431 29679 193510 22019 171491 170837 20437 210126 197681 127817 99342 21606 69864 44175 40594 3581 579193 193381 153602 91044
is_linear=0
shrinkage=0.05


Tree=170
num_leaves=31
num_cat=0
split_feature=33 30 48 55 26 36 55 55 85 62 37 50 62 42 7 85 22 86 12 26 22 100 35 44 31 85 62 36 90 49
split_gain=293.232 284.605 974.413 1242.53 787.217 1358.76 1248.69 1184.48 1253.72 1099.17 1522.05 852.612 725.925 721.387 710.897 681.48 970.796 1405.71 989.496 963.335 1064.01 847.384 787.913 576.757 515.774 475.702 792.223 467.885 465.648 419.816
threshold=0.30000000447034841 0.90249997377395641 0.56457334756851207 30795.000000000004 1.4224711060523989 -7.4277968406677237 -255302.49999999997 -475762.49999999994 0.90000000596046459 25.095909118652347 1.570983409881592 -377.49999999999994 45.482748031616218 1.0028365850448611 -0.01815528608858585 0.90000000596046459 2.5000000000000004 6.0000000000000009 0.016901791095733646 0.32839201390743261 2.5000000000000004 162781.29687500003 10.130471229553224 0.99853855371475231 650.47793579101574 0.90000000596046459 20.681344032287601 7.3169710636138925 4089.838989257813 -0.99512553215026844
decision_type=2 2 2 2 2 2 2 2 2 2 2 2 2 2 2 2 2 2 2 2 2 2 2 2 2 2 2 2 2 2
left_child=1 -1 3 4 9 6 -6 8 -7 11 14 13 15 -3 -11 16 17 -4 -18 20 28 -20 -19 -13 -12 -5 -27 -9 -17 -28
right_child=-2 2 12 25 5 7 -8 27 -10 10 24 23 -14 -15 -16 19 18 22 21 -21 -22 -23 -24 -25 -26 26 29 -29 -30 -31
leaf_value=-0.00017676544694922929 -0.018136286954178668 0.007785138277769596 -0.0056816314573173007 0.050272262453363338 -0.069992962117547228 0.034323024257631132 0.0062432167799020173 0.0077345099783380404 0.0010998136688586469 -0.0093273801434372149 -0.0063763216548859292 -0.030589240262869438 0.0038803435215767515 -0.00024940416425197107 0.0068130393140515416 0.035930571454077742 0.064549422252488428 -0.053699595566185476 -0.048116424256187604 -0.025735970663264437 -0.017873309314763747 0.0025598674932585485 0.035729637999102934 -0.0028935549805855915 0.0082757156552213385 0.060792200758087556 0.072132632016320627 -0.0083051678214530241 -0.0011179228511811092 -0.051379470115993121
leaf_weight=2348419.4754509702 2221.7492413893342 93071.892871327698 3292.2406135722995 1826.8796791136265 1038.1745825111866 8273.2284492254257 1111.2223488837481 22218.172712221742 4323.870322868228 7904.9867339879274 99654.559420362115 2120.5383353680372 10366.48190099746 39918.316369764507 49754.161189056933 2795.9175179302692 496.61612144112587 4291.324921362102 1089.1185869276524 2883.2095514833927 2312.9751587063074 3389.8448291197419 260.55388051271439 16505.117800988257 6390.3363562971354 386.48618564009666 79.982882454991341 5715.1693314909935 1216.7663241326809 458.46494677662849
leaf_count=6871380 7293 256268 10441 3749 4111 19171 3099 61217 12965 24110 295000 7101 29725 114858 139367 6864 934 15050 3883 9631 7453 9619 587 48248 17523 796 156 17124 3602 1619
internal_value=1.69533e-05 3.1673e-05 0.00127677 0.00202272 0.00176538 0.00813826 -0.0305925 0.010193 0.0229208 0.000902748 -0.00193822 0.00397025 -0.00702978 0.00537347 0.0046 -0.0121642 -0.0196174 -0.0305747 -0.00233929 -0.00178698 0.00913042 -0.00976961 -0.0485728 -0.00604846 -0.00549326 0.0354863 0.00625377 0.00445243 0.0246976 -0.0329236
internal_weight=2.74379e+06 2.74157e+06 393147 360752 358000 42679.8 2149.4 40530.4 12597.1 315320 163704 151616 32395 132990 57659.1 22028.6 12819.7 7844.12 4975.58 9208.87 6325.66 4478.96 4551.88 18625.7 106045 2751.81 924.934 27933.3 4012.68 538.448
internal_count=8002944 7995651 1124271 1026482 1020162 117687 7210 110477 32136 902475 476000 426475 97789 371126 163477 68064 40514 26078 14436 27550 17919 13502 15637 55349 312523 6320 2571 78341 10466 1775
is_linear=0
shrinkage=0.05


Tree=171
num_leaves=31
num_cat=0
split_feature=79 79 78 79 85 25 55 99 79 35 37 54 38 11 90 25 30 42 42 22 55 55 13 78 78 86 62 42 25 90
split_gain=287.287 504.362 363.04 363.166 379.829 554.863 414.262 383.061 353.859 342.145 327.148 329.19 420.971 343.437 321.564 319.018 341.331 335.24 322.489 310.487 334.727 309.391 305.116 304.413 818.834 480.806 477.914 465.511 420.764 447.337
threshold=5.1673452854156503 3.0803061723709111 1.0304679572582247 6.4956810474395761 0.90000000596046459 0.60597193241119396 -408332.49999999994 121408.12500000001 5.5412285327911386 -11.862716674804686 58.032543182373054 8797.5000000000018 -5.2077805995941153 0.01813553832471371 4474.3574218750009 0.60973319411277782 0.19249999523162845 1.0104178786277773 0.99373614788055431 1.5000000000000002 -737772.49999999988 -437467.49999999994 0.02959464862942696 1.5000000000000002 0.81333059072494518 6.0000000000000009 26.522253990173343 0.99490526318550121 2.4716013669967656 2923.1750488281255
decision_type=2 2 2 2 2 2 2 2 2 2 2 2 2 2 2 2 2 2 2 2 2 2 2 2 2 2 2 2 2 2
left_child=1 -1 8 4 5 6 21 15 -2 14 11 12 -7 -13 22 19 18 -18 -17 -6 -21 -4 -9 24 25 -3 27 -26 29 -28
right_child=2 23 3 -5 7 10 -8 9 -10 -11 -12 13 -14 -15 -16 16 17 -19 -20 20 -22 -23 -24 -25 26 -27 28 -29 -30 -31
leaf_value=0.00017735590945693928 -0.027644085748388003 -0.0072128659143121405 0.0076011845841191944 -0.00080984929427802108 -0.01933368260620745 -0.019699103066274953 -0.00043909128963670195 0.014721424209462484 0.0031784409971532092 0.0035126283065898519 0.031121064690689294 -0.0041301758630431359 -0.0037389769629113953 0.0014439947946178991 0.027476847046145 0.028401081553347141 0.0055614029634827172 -0.057644298533218521 -0.014321113759218202 0.026787047663533438 -0.0056019287232493666 0.028766926199986598 -0.0078835529310784854 -0.0027472247399761671 -0.0087684716447087186 -0.00067049236683258445 0.0040937635335556635 0.0060564353548045102 0.014180974858967117 -0.0076287191011107621
leaf_weight=1331255.1303091273 935.96812437474728 46505.727710932493 21056.690044298768 370079.45508728921 3951.3999882936478 5286.3388491421938 20532.914937287569 4596.2302432954311 150147.47746354342 138774.238093853 751.89105765521526 46380.401350066066 18910.878657460213 68357.761593908072 2814.3005100041628 490.99709969758987 19623.538798779249 211.04970683157444 4321.6101317405701 872.12343719601631 9230.1155629307032 1880.2406190186739 2209.5090361833572 287414.55783176422 5720.0023947283626 70893.138614535332 12574.304792918265 71131.703681625426 3718.1115264967084 23063.501151770353
leaf_count=3880409 2795 188569 52324 959006 11138 15107 52950 10972 381274 351270 1636 121784 49714 174673 6319 1081 49128 699 11907 1946 24375 4173 5919 1096204 18878 190061 38453 214722 10971 74487
internal_value=1.61302e-05 -0.000338802 0.000753651 0.000297812 0.00140497 -0.000213587 0.00471959 0.00298948 0.00298728 0.00414486 -0.00174882 -0.00192697 -0.00722664 -0.000809215 0.0132633 -0.00144058 0.00198717 0.00488574 -0.00995643 -0.00745221 -0.00280293 0.00933763 0.00738182 -0.00165764 -0.000317054 -0.00326223 0.00265828 0.00495287 -0.00182234 -0.00349246
internal_weight=2.74369e+06 1.85228e+06 891415 740332 370252 183157 43469.8 187095 151083 148394 139687 138935 24197.2 114738 9620.04 38700.8 24647.2 19834.6 4812.61 14053.6 10102.2 22936.9 6805.74 521021 233606 117399 116208 76851.7 39355.9 35637.8
internal_count=8002944 5712754 2290190 1906121 947115 472361 109447 474754 384069 374480 362914 361278 64821 296457 23210 100274 62815 49827 12988 37459 26321 56497 16891 1832345 736141 378630 357511 233600 123911 112940
is_linear=0
shrinkage=0.05


Tree=172
num_leaves=31
num_cat=0
split_feature=13 35 87 48 62 86 77 41 77 42 46 21 42 62 49 37 54 87 54 90 42 90 86 90 62 97 55 45 77 13
split_gain=285.681 423.142 304.48 668.255 536.891 569.705 513.32 440.948 299.219 299.214 326.949 292.279 291.281 284.464 275.77 853.393 1097.94 1116.18 2307.28 1767.29 1296.8 2166.5 1774.04 1370.56 1128.81 996.085 955.442 895.027 836.197 809.505
threshold=0.0079851318150758761 3.171076893806458 1.0000000180025095e-35 0.82531082630157482 23.666144371032718 6.0000000000000009 1.5000000000000002 1.0002262592315676 1.5000000000000002 1.0016676783561709 0.034657897427678115 3.5000000000000004 1.0033655166625979 22.006841659545902 0.9279436767101289 12.79629707336426 55285.000000000007 1.0000000180025095e-35 93772.500000000015 3979.9875488281255 0.9952482581138612 3970.7065429687505 6.0000000000000009 4029.8774414062505 44.902877807617195 5.4345338344573983 7877.5000000000009 0.99565994739532482 1.5000000000000002 0.022604814730584625
decision_type=2 2 2 2 2 2 2 2 2 2 2 2 2 2 2 2 2 2 2 2 2 2 2 2 2 2 2 2 2 2
left_child=1 9 3 12 7 -6 -5 8 -4 10 -1 -9 13 -3 -2 16 26 18 28 27 21 22 -19 -23 25 -22 -16 -20 -18 -30
right_child=14 2 4 6 5 -7 -8 11 -10 -11 -12 -13 -14 -15 15 -17 17 20 19 -21 24 23 -24 -25 -26 -27 -28 -29 29 -31
leaf_value=0.0089675892448725075 0.0001533052341222458 0.057882491183675611 0.0064772032408340896 0.032427460796169399 0.00037788072038419211 0.071157519673821001 -0.082171365771631422 -0.081883698661751672 -0.087852569530800118 -0.026627263322716418 -0.019987487246937038 0.033718728516448859 -0.044019170662763049 -0.0035295143381681216 -0.0098999162458450682 -0.0040417113443817548 -0.010935278665598812 0.00075721001827020384 0.035755166463361576 -0.059430452543006454 0.0077752470387716967 0.05929314376168926 -0.046550021396018701 -0.03195261087985235 -0.05276786495949596 -0.039098485564165474 0.0030977018212711765 0.0075210339106427286 -0.044798472396108131 0.076941566105002135
leaf_weight=6204.714438945055 2444071.7281540111 547.88574516773224 162.03402130305767 139.94289569556713 392.19530634582043 1033.8594284951687 319.03656747937202 57.890173837542534 173.22460652887821 866.53768905997276 1155.592044994235 769.07307642698288 127.75626474618912 286.85225361585617 30375.845338925719 152681.18498712033 382.25144582986832 3396.1910053193569 3159.9351861923933 927.34660512208939 33340.999927945435 1363.7025117129087 4756.5198915749788 588.39835947751999 830.63532786071301 1172.2550740242004 26448.712077483535 25082.059670627117 145.3698316514492 2097.2352231293917
leaf_count=17315 7108024 1157 434 302 1193 1829 1421 237 690 3011 3727 1787 485 872 95599 464184 1056 10811 8056 3507 92596 2749 16212 1960 3032 4042 78547 73156 542 4411
internal_value=1.53595e-05 0.00763776 0.0209537 0.00235486 0.0311613 0.051709 -0.0472248 0.00592206 -0.0423634 0.00114523 0.00441877 0.025531 0.0260273 0.0367937 -1.87969e-05 -0.0014857 0.00142515 0.00530608 0.012492 0.0084503 0.000278783 -0.0155159 -0.0268449 0.0317852 0.00479493 0.00618193 -0.0038502 0.0106814 0.0573845 0.0690315
internal_weight=2.74306e+06 12236.6 4009.75 1421.47 2588.28 1426.05 458.979 1162.22 335.259 8226.84 7360.31 826.963 962.494 834.738 2.73082e+06 286749 134067 77242.9 31794.2 29169.3 45448.7 10104.8 8152.71 1952.1 35343.9 34513.3 56824.6 28242 2624.86 2242.61
internal_count=8002944 34460 10407 4237 6170 3022 1723 3148 1124 24053 21042 2024 2514 2029 7968484 860460 396276 222130 90728 84719 131402 31732 27023 4709 99670 96638 174146 81212 6009 4953
is_linear=0
shrinkage=0.05


Tree=173
num_leaves=31
num_cat=0
split_feature=33 90 29 55 85 55 54 86 86 22 85 30 64 29 77 12 55 49 49 30 86 9 21 100 27 25 12 8 85 86
split_gain=263.813 268.323 364.026 459.791 681.408 907.434 948.084 1014.98 943.085 629.524 605.471 784.065 1223.88 604.192 841.749 574.084 612.66 542.741 650.787 414.425 574.613 358.3 352.177 316.249 525.813 457.519 614.942 602.875 1068.32 995.222
threshold=0.30000000447034841 5186.0429687500009 0.021250000223517421 20992.500000000004 0.90000000596046459 1622.5000000000002 11427.500000000002 6.0000000000000009 6.0000000000000009 2.5000000000000004 0.90000000596046459 0.82749998569488536 -7.0304150581359854 0.84750002622604381 1.5000000000000002 0.11541410908102991 19872.500000000004 -0.93585023283958424 0.58244305849075328 0.12249999865889551 6.0000000000000009 0.26791436970233923 14.500000000000002 350028.71875000006 0.195535384118557 1.9561130404472353 0.017625953070819381 -0.0069804480299353591 0.90000000596046459 6.0000000000000009
decision_type=2 2 2 2 2 2 2 2 2 2 2 2 2 2 2 2 2 2 2 2 2 2 2 2 2 2 2 2 2 2
left_child=1 23 -3 4 5 -4 8 -8 -7 13 11 19 -13 14 -6 16 -11 -12 -19 -5 -21 -20 -15 -1 25 26 -25 -27 29 -29
right_child=-2 2 3 10 9 6 7 -9 -10 15 17 12 -14 22 -16 -17 -18 18 21 20 -22 -23 -24 24 -26 27 -28 28 -30 -31
leaf_value=8.4556650040916732e-05 -0.017216715022035096 0.034709977795095125 -0.047221589038256837 0.0089892444713310718 0.016273586369986076 0.003853063169452664 0.029661667823542178 -0.062907712694093135 0.044849403099859582 0.03614869842850485 -0.055339393687482731 0.066632083494039152 -0.036359176582498924 0.057966421750748343 -0.06300685704452183 -0.039352077194766147 -0.033890405534807024 0.028115240404699999 0.0066914783104092077 -0.010882954360133437 -0.057309169655508987 -0.058821505926402756 -0.04114397304627207 -0.018765576677250158 -0.0078541491637106383 0.016179761867187243 0.004645257040178364 -0.0019910132323678613 0.0044581672008379902 -0.038206464665805032
leaf_weight=2628481.6631297693 2218.4664170593023 1020.5347557812929 484.99025847017765 567.90580686926842 472.67749345302582 2116.6824784129858 577.34735986590385 605.86503480374813 4161.2785968333483 1647.9252513945103 292.51581802964211 609.3001597225666 546.03604754060507 290.32167007029057 1143.1658855825663 451.9670334905386 384.25702089071274 2550.8219695836306 467.31754994392395 1145.65181812644 1595.3861524909735 375.69694554805756 128.5668568611145 3031.9600855633616 33830.778889715672 2395.7449210807681 37320.699523329735 3230.9723767116666 6254.3425413295627 4595.2224266305566
leaf_count=7653905 7293 2462 1812 1664 1128 5846 1575 2336 8770 3799 1138 1295 2020 619 5149 1514 1327 6312 1353 4084 6164 1519 484 10489 107496 6555 108577 10971 18815 16473
internal_value=1.45882e-05 2.85438e-05 0.00557451 0.00413037 0.0101683 0.0189834 0.0232933 -0.0177474 0.0310307 -0.00533224 -0.00510312 -0.0174853 0.0179626 -0.0259469 -0.0398164 0.0115546 0.0228927 0.00989137 0.0155297 -0.0298653 -0.0379176 -0.0225341 0.0275096 -1.55857e-05 -0.00291902 1.89065e-05 0.0028857 -0.00700171 -0.0109472 -0.0232581
internal_weight=2.743e+06 2.74078e+06 21636.2 20615.7 12465 7946.16 7461.17 1183.21 6277.96 4518.88 8150.63 4464.28 1155.34 2034.73 1615.84 2484.15 2032.18 3686.35 3393.84 3308.94 2741.04 843.014 418.889 2.71914e+06 90659.7 56828.9 40352.7 16476.3 14080.5 7826.19
internal_count=8002944 7995651 62370 59908 34359 20339 18527 3911 14616 14020 25549 15227 3315 7380 6277 6640 5126 10322 9184 11912 10248 2872 1103 7933281 279376 171880 119066 52814 46259 27444
is_linear=0
shrinkage=0.05


Tree=174
num_leaves=31
num_cat=0
split_feature=31 97 49 85 79 79 77 74 79 85 25 99 54 39 38 25 22 25 37 54 77 77 86 62 42 13 25 90 22 99
split_gain=262.404 303.589 293.73 576.275 263.958 462.414 328.106 359.008 328.368 343.266 505.173 362.48 346.413 317.292 294.999 293.406 296.509 296.163 291.703 305.1 279.604 742.411 432.953 424.491 440.402 382.235 371.975 396.664 338.954 283.786
threshold=4382.8164062500009 1.0983168194367289e-10 -0.24825246632099149 0.90000000596046459 5.1673452854156503 3.0803061723709111 1.0304679572582247 3.5881036520004277 6.4956810474395761 0.90000000596046459 0.60597193241119396 121408.12500000001 413952.50000000006 5.5733041763305673 -11.843472957611082 0.58006906509399425 1.5000000000000002 1.3883602619171145 51.44743728637696 8797.5000000000018 1.5000000000000002 0.81333059072494518 6.0000000000000009 26.522253990173343 0.99490526318550121 0.036600388586521156 2.4716013669967656 2923.1750488281255 3.5000000000000004 120599.72656250001
decision_type=2 2 2 2 2 2 2 2 2 2 2 2 2 2 2 2 2 2 2 2 2 2 2 2 2 2 2 2 2 2
left_child=4 2 3 -2 5 -1 7 -6 9 10 12 15 13 -8 -13 16 -11 -17 19 -12 21 22 29 24 25 -23 27 -25 -28 -7
right_child=1 -3 -4 -5 6 20 8 -9 -10 11 18 14 -14 -15 -16 17 -18 -19 -20 -21 -22 23 -24 26 -26 -27 28 -29 -30 -31
leaf_value=0.00013622269724752051 0.071574736785064222 0.01576236571914047 -0.0041057453878909382 -0.05297948578997206 -0.024009399766153988 -0.014775309248085879 0.0027121924203956167 0.0030436768679108594 -0.00079876627000802279 -0.02044842865077217 -0.0070402503414245393 0.012376039000951347 0.00875542459429734 -0.013418137088470656 0.0033550092563387509 0.0043147404997159215 -0.0030973189520078718 -0.0086588864704945558 0.021240092774753402 -0.00084237173066831726 -0.0026736940926568734 -0.018577648812745932 -0.00068754835267479427 0.0038849750136205432 0.0057417838147596021 0.0082908568308791876 0.0061419321260356863 -0.0072042513378156384 0.045132015169221822 -0.0049600065056224253
leaf_weight=1326456.1692959592 336.94123513996601 5683.408476613462 5121.1057123541832 127.17930579185486 1235.4908679127693 9196.8756072819233 16849.778452008963 148971.54343801737 368369.30414372683 3383.503780156374 24053.394298449159 9698.8404747545719 22664.129928469658 3721.0871081054211 138078.64620015025 20392.373827323318 9040.5794373750687 5607.6535128206015 1371.6032758504152 113787.91844829917 285494.80524723232 3603.0491697788239 70540.929788164794 12419.38958889991 70850.469830833375 2090.9951412379742 3031.2702528238297 22990.105657853186 682.25741174817085 36968.5083630234
leaf_count=3867215 638 15648 15604 488 3623 40464 42794 378593 954634 9578 64408 23544 56029 10194 349905 51355 23588 15070 3159 294053 1090105 12521 189185 37954 213828 6303 9331 74282 1621 147230
internal_value=1.38554e-05 0.00762774 -0.000650328 0.0373928 -1.75556e-05 -0.00035846 0.000691096 0.00282097 0.000257011 0.001312 -0.000229327 0.00282227 0.00449167 -0.000205908 0.00394719 -0.00150396 -0.00782429 0.00151619 -0.00169557 -0.00192398 -0.00162554 -0.000337743 -0.00315131 0.00250106 0.00466655 -0.00871026 -0.00173563 -0.00331472 0.0133168 -0.00691576
internal_weight=2.74282e+06 11268.6 5585.23 464.121 2.73155e+06 1.84432e+06 887226 150207 737019 368650 182448 186202 43235 20570.9 147777 38424.1 12424.1 26000 139213 137841 517869 232374 116706 115668 76544.5 5694.04 39123 35409.5 3713.53 46165.4
internal_count=8002944 32378 16730 1126 7970566 5690039 2280527 382216 1898311 943677 470637 473040 109017 52988 373449 99591 33166 66425 361620 358461 1822824 732719 376879 355840 232652 18824 123188 112236 10952 187694
is_linear=0
shrinkage=0.05


Tree=175
num_leaves=31
num_cat=0
split_feature=54 55 64 54 54 54 7 25 90 85 55 55 85 97 55 31 90 90 85 86 13 54 12 55 85 85 86 86 35 12
split_gain=303.33 965.295 937.784 860.893 1013.85 988.053 1552.76 1030.74 1022.14 1175.6 3659.21 2477.81 898.316 855.258 769.361 935.399 745.67 1269.17 1394.83 2119.5 3155.05 1048.9 1112.36 948.18 4756.36 3275.36 4639.18 2785.11 2672.57 1427.05
threshold=787.50000000000011 8447.5000000000018 7.5920488834381112 2462.5000000000005 4107.5000000000009 5037.5000000000009 -0.0013568648137152193 1.841772258281708 4735.4599609375009 0.90000000596046459 9707.5000000000018 5572.5000000000009 0.90000000596046459 5.9624137878417978 15082.500000000002 118.635066986084 4435.4599609375009 4339.5625000000009 0.90000000596046459 6.0000000000000009 0.04370348900556565 3907.5000000000005 0.02881416026502848 8847.5000000000018 0.90000000596046459 0.90000000596046459 6.0000000000000009 6.0000000000000009 -1.7229717373847959 0.022427055053412918
decision_type=2 2 2 2 2 2 2 2 2 2 2 2 2 2 2 2 2 2 2 2 2 2 2 2 2 2 2 2 2 2
left_child=1 2 -1 -2 16 6 7 -6 9 11 -11 -8 13 -9 15 -3 17 23 19 -19 -21 -18 -23 25 27 26 -5 -25 -26 -27
right_child=3 14 -4 4 5 -7 8 12 -10 10 -12 -13 -14 -15 -16 -17 21 18 -20 20 -22 22 -24 24 28 29 -28 -29 -30 -31
leaf_value=0.023611417906918696 -0.0047063506017170006 0.01125780409208018 0.0014816495802567567 0.017196179188711642 -0.044334052349584853 2.1608737971152188e-05 0.019514786275533678 -0.03834841094995501 0.023829591684581965 -0.021001179595589052 0.035607199804844065 -0.02618146962205091 0.0096381346954818262 0.053060903444309138 0.0043966064681971164 -0.01933104954040514 -0.0012671927748780303 0.055539107446542092 0.063731541141472045 -0.10045130316387899 0.059949246107536436 -0.016217195536357139 0.030210924419844187 -0.0013554551908425208 0.010197303139661155 -0.041889674425214324 -0.057837425203846805 0.044351256569642838 -0.047754280775442803 0.030940034430743557
leaf_weight=9724.8135708719492 96944.028229825199 3422.3279613107443 9429.2303680032492 3766.4856880158186 4088.4358875602484 2449553.9649297819 3989.3661762773991 2787.6933038383722 3334.1713277995586 5839.7252965271473 5582.9580466896296 11561.224440306425 2682.5597411990166 280.83148594200611 21933.528157770634 9257.9125432223082 50194.290703311563 1244.0729198008776 2184.3663236200809 763.74363957345486 510.81184984743595 1689.5310502052307 5446.8844185173512 4911.7738744616508 4087.4906477034092 755.32382948696613 4544.6404081434011 10365.717252805829 3874.2785215377808 6080.0816169679165
leaf_count=24727 308840 9674 26798 10511 15011 7125958 9970 10630 8646 19004 13714 38239 7696 601 63357 30646 149240 2754 4542 3071 986 5295 13555 14952 11508 2653 15947 22305 13850 15278
internal_value=-5.97302e-06 0.00371246 0.0127182 -8.03816e-05 9.27607e-05 -0.000105908 -0.00788624 -0.0251429 -0.00228293 -0.00551166 0.00666703 -0.0144577 -0.0114938 -0.0299664 -0.00127107 -0.0110747 0.00501836 0.00998818 0.0345016 0.00913368 -0.036166 0.00128293 0.0192177 0.00698387 0.0133279 -0.00274963 -0.0238347 0.0296569 -0.0180044 0.0228865
internal_weight=2.74083e+06 53767.8 19154 2.68706e+06 2.59012e+06 2.4897e+06 40147 9839.52 30307.4 26973.3 11422.7 15550.6 5751.08 3068.52 34613.8 12680.2 100419 43088.8 4702.99 2518.63 1274.56 57330.7 7136.42 38385.8 23239.3 15146.5 8311.13 15277.5 7961.77 6835.41
internal_count=7999958 155202 51525 7844756 7535916 7249469 123511 33938 89573 80927 32718 48209 18927 11231 103677 40320 286447 118357 11353 6811 4057 168090 18850 107004 62615 44389 26458 37257 25358 17931
is_linear=0
shrinkage=0.05


Tree=176
num_leaves=31
num_cat=0
split_feature=38 46 25 37 87 62 48 53 90 42 7 85 97 42 85 25 25 77 42 64 62 90 87 55 41 25 90 42 43 73
split_gain=269.818 822.808 571.386 486.972 874.416 932.867 634.564 616.401 547.761 527.162 779.87 512.461 489.578 478.7 899.805 692.138 651.545 482.85 473.643 479.446 467.559 460.74 620.464 456.446 431.381 563.425 407.59 387.885 385.695 382.925
threshold=22.417093276977543 0.10679297521710397 3.4283124208450322 51.44743728637696 1.0000000180025095e-35 13.588851451873781 -0.75894212722778309 0.6078576147556306 4972.4648437500009 1.0021136999130251 0.00038536872307304298 0.90000000596046459 1.8469469009740893e-10 1.0142232179641726 0.90000000596046459 3.0901893377304082 3.0901893377304082 1.5000000000000002 0.99971231818199169 -83.964813232421861 12.206753253936769 4871.3200683593759 1.0000000180025095e-35 -624657.49999999988 1.00227427482605 1.2627160549163821 4657.3381347656259 1.0028865933418276 1.0027836561203005 1.6391771435737612
decision_type=2 2 2 2 2 2 2 2 2 2 2 2 2 2 2 2 2 2 2 2 2 2 2 2 2 2 2 2 2 2
left_child=-1 2 3 6 7 29 8 24 12 -7 -11 -10 23 14 15 -3 -16 -18 -8 -20 -21 -15 -23 -2 25 -5 -4 -14 -26 -6
right_child=1 13 26 4 5 9 18 -9 11 10 -12 -13 27 21 16 -17 17 -19 19 20 -22 22 -24 -25 28 -27 -28 -29 -30 -31
leaf_value=-8.2341253352939339e-05 0.013554962243112458 -0.051904573752464239 -0.039744995861256571 0.028814787494147648 0.01050336513687912 0.016147649461022952 -0.052898034914837168 -0.040741409759252945 0.074668546177664594 -0.054831762659663288 -0.0036038871695348233 -0.034116821173721217 -0.043740621163076691 0.023137294124228606 0.082725035421160012 0.064398397854710618 0.038320422707592394 -0.053624615395510625 -0.016034064480611419 -0.011863405556821485 0.01402580459524295 0.020613367315585721 -0.060316708042125237 -0.013657858766965387 0.075670427510493535 -0.035204960944157676 0.013080364864589284 0.012719943392234631 -0.044345467568230962 0.059604215630263059
leaf_weight=2676707.2280062661 1811.9590204209089 137.23582403361797 1371.1414058059454 508.47014607489109 721.77585174143314 1989.0899778157473 298.15834926068783 2477.6822910010815 411.78624588251114 953.89365999400616 3348.8396270573139 146.00192810595036 324.40427628159523 1545.3112166374922 166.54082196950912 1748.5536764413118 199.78878407180309 493.98097823560238 1614.197566434741 1885.2921796888113 23119.691359117627 458.27894964814186 488.12310920655727 10268.330198407173 271.75563655793667 1055.2239606082439 496.83816502988338 4665.6440436393023 87.921514332294464 883.83142739534378
leaf_count=7813482 5032 489 4958 1395 1936 5219 1121 9113 719 3450 10045 488 1153 3971 317 3293 416 1918 5096 5968 63946 1272 1816 32445 577 3860 1393 12947 327 1796
internal_value=-5.65626e-06 0.00320398 0.00150972 0.00240415 -0.00640289 0.00354951 0.00483587 -0.0242598 -0.0025381 -0.00513214 -0.0149721 0.0461748 -0.00413274 0.0221905 0.0365856 0.0559089 -0.00578076 -0.0271224 0.00966517 0.0103681 0.0120732 0.00631539 -0.021142 -0.00957493 -0.00301542 -0.0143792 -0.0256925 0.0090404 0.0462776 0.0375551
internal_weight=2.74066e+06 63949.7 58711.9 56843.9 12298.5 7897.43 44545.5 4401.05 17628.1 6291.82 4302.73 557.788 17070.3 5237.81 2746.1 1885.79 860.311 693.77 26917.3 26619.2 25005 2491.71 946.402 12080.3 1923.37 1563.69 1867.98 4990.05 359.677 1605.61
internal_count=7999958 186476 172984 166633 37718 22446 128915 15272 52784 18714 13495 1207 51577 13492 6433 3782 2651 2334 76131 75010 69914 7059 3088 37477 6159 5255 6351 14100 904 3732
is_linear=0
shrinkage=0.05


Tree=177
num_leaves=31
num_cat=0
split_feature=54 46 63 50 54 54 54 7 55 90 85 55 49 37 85 54 45 55 54 55 54 85 86 77 49 13 50 94 13 55
split_gain=274.481 957.749 1162.93 805.134 779.361 909.957 892.772 1408.58 942.735 923.174 1062.62 3305.42 2445.89 800.03 1152.74 1400.02 1151.55 1049.71 840.736 825.8 1393.77 906.728 2037.95 1023.82 785.95 784.786 784.399 763.16 747.32 722.075
threshold=787.50000000000011 0.1099018342792988 -0.29954242706298823 -462.49999999999994 2462.5000000000005 4107.5000000000009 5037.5000000000009 -0.0013568648137152193 29647.500000000004 4735.4599609375009 0.90000000596046459 9707.5000000000018 -0.54643493890762318 4.3521208763122567 0.90000000596046459 1357.5000000000002 0.99280551075935375 1347.5000000000002 1517.5000000000002 4682.5000000000009 1357.5000000000002 0.90000000596046459 6.0000000000000009 1.5000000000000002 -0.91959547996520985 0.031095059588551525 -492.49999999999994 4365.8073730468759 0.08139673620462419 27492.500000000004
decision_type=2 2 2 2 2 2 2 2 2 2 2 2 2 2 2 2 2 2 2 2 2 2 2 2 2 2 2 2 2 2
left_child=1 2 -1 -3 13 -6 7 8 27 10 12 -12 -9 14 15 16 -2 26 -16 21 -21 22 23 -19 -20 -18 -15 -7 -22 -8
right_child=4 3 -4 -5 5 6 29 9 -10 -11 11 -13 -14 17 18 -17 25 19 24 20 28 -23 -24 -25 -26 -27 -28 -29 -30 -31
leaf_value=0.029537388323519667 0.033826481047686263 0.015001027896725095 0.00463928821252801 -0.0077627103432384541 0.0047562868740084448 -0.035711251398823994 2.2181310059056685e-06 -0.035984547247185521 -0.072516552052619879 0.022654481520440566 -0.019959153939320986 0.033863651250211804 0.003959102253265347 0.015042771345783619 -0.016140161437048297 -0.034664378622721599 0.0027727396527283143 0.094997892033128972 -0.033989611754000698 -0.013860926777415558 0.0020002564807507371 0.065083926890908111 -0.088345778776226389 -0.08331389965682004 0.016932300518793464 -0.042117507960162073 -0.036289255554929116 -0.0061698197088798992 0.03777771163869488 0.038197161423543874
leaf_weight=5937.3360082805157 1578.3333369717002 4779.8871037214994 22313.352984949946 20712.158406294882 100365.89772801101 3868.2064855992794 2448264.9160108715 6884.4261490181088 906.77073156833649 3332.461402669549 5836.3081532269716 5577.7438436448574 8642.8072293698788 945.98474860191345 5072.8474452868104 8387.2472509890795 2248.5814365744591 424.66422632336617 864.10644067078829 16114.802483871579 46973.854972280562 999.88701273500919 400.6430758535862 98.426666542887688 6105.286862462759 1715.6954591795802 3477.9354895502329 5028.4596307650208 1505.4179892092943 1237.0264261364937
leaf_count=14572 4521 12915 62937 64778 286447 13466 7123054 23565 4056 8646 19004 13714 24644 2659 17505 36162 7551 719 3170 54130 137953 1933 1680 405 17126 7219 12575 16416 3532 2904
internal_value=-5.36612e-06 0.00353267 0.00987306 -0.00349378 -7.61372e-05 8.85885e-05 -9.95868e-05 -0.00750181 -0.0239732 -0.00216717 -0.00523836 0.00634284 -0.0137519 -0.00447831 -0.0119862 -0.0217797 -0.00227869 -0.00172943 -0.000656291 -0.000160668 -0.00112236 0.0321137 -0.00360092 0.0613416 0.010614 -0.0166597 -0.0253107 -0.0190174 0.00311211 2.15246e-05
internal_weight=2.7406e+06 53742.7 28250.7 25492 2.68686e+06 2.58995e+06 2.48958e+06 40077.2 9803.44 30273.7 26941.3 11414.1 15527.2 96913.7 25972.1 13929.9 5542.61 70941.6 12042.2 66517.7 64594.1 1923.62 923.734 523.091 6969.39 3964.28 4423.92 8896.67 48479.3 2.4495e+06
internal_count=7999958 155202 77509 77693 7844756 7535916 7249469 123511 33938 89573 80927 32718 48209 308840 93254 55453 19291 215586 37801 200352 195615 4737 2804 1124 20296 14770 15234 29882 141485 7125958
is_linear=0
shrinkage=0.05


Tree=178
num_leaves=31
num_cat=0
split_feature=31 36 37 97 22 62 85 37 90 85 86 78 94 78 99 25 90 90 87 85 25 37 46 25 85 54 37 90 48 48
split_gain=274.218 1072 1154.71 741.872 649.787 1202.41 960.077 972.141 887.039 3514.4 1029.72 923.042 868.493 1040.26 827.483 1340.87 805.96 1775.02 1347.05 1027.63 1012.92 782.868 729.461 878.863 1603.09 2257.74 1787.46 892.264 936.441 715.809
threshold=305.03376770019537 5.9542081356048593 19.679852485656742 5.233950376510621 3.5000000000000004 44.230567932128913 0.90000000596046459 16.931609153747562 2460.950073242188 0.90000000596046459 6.0000000000000009 1.5000000000000002 3375.0964355468755 1.5000000000000002 103298.29687500001 1.3082005977630617 2625.2751464843755 2663.878051757813 1.0000000180025095e-35 0.90000000596046459 0.84974151849746715 14.896716594696047 0.43438592553138738 2.9369496107101445 0.90000000596046459 1677.5000000000002 1.0000000180025095e-35 4767.5700683593759 0.93585023283958446 -0.9686339497566222
decision_type=2 2 2 2 2 2 2 2 2 2 2 2 2 2 2 2 2 2 2 2 2 2 2 2 2 2 2 2 2 2
left_child=1 4 -3 -4 14 8 21 12 9 10 -6 -11 -8 -14 15 -1 19 18 -18 20 -10 29 23 27 25 -25 -26 -16 -29 -7
right_child=-2 2 3 -5 5 6 7 -9 16 11 -12 -13 13 -15 22 -17 17 -19 -20 -21 -22 -23 -24 24 26 -27 -28 28 -30 -31
leaf_value=-0.0026102010710132928 -0.00040896764780736644 -0.018799029917463534 -0.0034395111943165777 0.02973098696095532 0.0076877256466358693 -0.044392689563329556 0.035540843034942017 0.079669855768236986 -0.011314832819349528 0.018892891934284641 0.057519423379483514 -0.056048560096477906 0.032259133599737998 -0.052953105764180698 0.00073866707796339229 -0.033728339999642983 -0.0022170617338881956 0.0017066608714742726 0.035447367640082578 0.0066097140635790882 -0.054130164045761681 -0.045492865832553353 -0.018933638559286019 -0.025783304386892632 0.006665847502021008 0.015970979921516467 -0.020596552595938664 -0.0073384654677140643 0.010373365580283945 0.043373697978138254
leaf_weight=14619.20511893183 1658990.9231273457 13667.144878715277 39044.573913171887 1760.6792044341564 1473.4553433507681 243.25677208602428 696.33191874623299 326.40469704568386 5055.0390181690454 569.22856996953487 3501.0577649474144 1471.3749714940786 488.85042667388916 1332.4043783545494 628083.63213862479 4535.1278797537088 3587.9380651414394 200498.8162169233 7012.6597732305527 5050.0149211063981 1900.4674640446901 287.95401556789875 4777.5088351219893 3545.6824945136905 15895.226405955851 37140.616702198982 9668.7062535136938 61827.098744988441 8485.9424335956573 4814.3337842971087
leaf_count=45157 4872488 43035 115708 4433 4602 813 1727 631 15153 1344 6837 6344 1065 5011 1803388 16767 11132 574306 16330 15136 6905 1064 15917 13695 45158 98388 31340 191975 23531 10578
internal_value=-5.1546e-06 0.000614358 -0.00622082 -0.00200744 0.000976948 0.00326489 0.0220904 -0.00137881 0.00259481 0.0201002 0.0427647 -0.0351421 -0.0119162 -0.030073 0.00028552 -0.00997961 0.00204427 0.00276098 0.0226998 -0.0105567 -0.0230202 0.0345757 0.000541083 0.000662792 0.00616648 0.0123316 -0.00364545 0.000140694 -0.00520067 0.0391434
internal_weight=2.74035e+06 1.08136e+06 54472.4 40805.3 1.02689e+06 238310 8189.54 2843.99 230120 7015.12 4974.51 2040.6 2517.59 1821.25 788579 19154.3 223105 211099 10600.6 12005.5 6955.51 5345.54 769424 764647 66250.2 40686.3 25563.9 698397 70313 5057.59
internal_count=7999958 3127470 163176 120141 2964294 678978 20889 8434 658089 19127 11439 7688 7803 6076 2285316 61924 638962 601768 27462 37194 22058 12455 2223392 2207475 188581 112083 76498 2018894 215506 11391
is_linear=0
shrinkage=0.05


Tree=179
num_leaves=31
num_cat=0
split_feature=47 49 37 31 36 39 37 22 87 90 55 54 50 55 55 75 55 54 86 75 90 25 49 37 104 38 55 25 41 29
split_gain=263.626 543.395 497.731 348.052 1029.63 951.364 850.112 697.101 842.186 2499.36 3106.53 2259.76 1486.46 2669.53 2009.93 1577.8 1577.09 1205.45 910.078 690.872 672.77 1194.03 749.641 1519.51 1130.46 867.442 820.245 716.218 668.338 664.757
threshold=0.38843400776386267 -0.99275061488151539 -2.6382781267166133 305.03376770019537 6.4633896350860605 3.6334158182144169 18.139765739440922 3.5000000000000004 1.0000000180025095e-35 2460.950073242188 -665312.49999999988 534462.50000000012 222.50000000000003 1852.5000000000002 10202.500000000002 18.419610977172855 6277.5000000000009 8102.5000000000009 6.0000000000000009 8.5121364593505877 2452.096313476563 1.3082005977630617 0.61734244227409374 -9.8645091056823713 8.1874027252197283 -7.5117728710174552 21447.500000000004 2.2665302753448491 0.99779772758483898 0.39750000834465032
decision_type=2 2 2 2 2 2 2 2 2 2 2 2 2 2 2 2 2 2 2 2 2 2 2 2 2 2 2 2 2 2
left_child=3 2 -2 4 7 6 -6 20 12 18 19 -12 13 15 -15 -9 17 -14 -10 -11 21 28 23 27 29 -25 -26 -22 -1 -24
right_child=1 -3 -4 -5 5 -7 -8 8 9 10 11 -13 16 14 -16 -17 -18 -19 -20 -21 22 -23 24 25 26 -27 -28 -29 -30 -31
leaf_value=0.031819525529961423 0.062359351436707303 -0.0036568973632844014 0.0086168298756635949 -0.00037407456340411618 -0.026936556989025414 0.0056150657169135691 -0.0069090975932298839 -0.00061165910487676371 0.0079823445362503572 -0.030185862001800914 0.0037183935770141695 0.024724476301369213 0.0832899053273361 0.026114080442534673 -0.0026311721013916965 -0.025601546024917318 -0.043907079197309705 -0.0086894895535050715 0.055757567309556146 -0.087519903797402501 -0.0073117505990984502 -0.032525237527132565 -0.0036277041007394639 -0.0048626986724929896 -0.0081159606998317015 0.0017903210766445497 0.007609761639179583 0.026582382896055842 -0.0055911249296196923 0.0056078799698681984
leaf_weight=1314.696523077786 489.99287961423397 80227.122444547713 3523.3748765438795 1623225.871819064 6560.2275282889605 11982.314931884408 27549.216209486127 41848.663488820195 1420.4074283912778 3228.2716196477413 118731.00335478783 14349.682564035058 369.22630760073662 16332.966080978513 9687.3594519272447 7438.2356538921595 3601.9754045754671 9407.1547877416015 3346.523895278573 627.38138249516487 1905.91532304883 4180.2899298742414 32587.120548009872 54224.280311256647 74966.473598636687 507822.67717309296 9322.1825003549457 8537.5042998120189 12887.374494448304 48450.781422048807
leaf_count=3296 1005 239014 9740 4766941 21516 33801 83167 124843 4406 10748 330078 35540 636 42292 29219 25610 13183 29702 6564 2483 5803 15604 96352 163748 232270 1445634 27505 21666 40445 137147
internal_value=-4.87851e-06 -0.00275861 0.0151934 8.24638e-05 0.000800082 -0.00650421 -0.0107618 0.00114134 0.00354923 0.00594077 0.00470161 0.00598362 -0.00027198 0.00245639 0.0154123 -0.0043836 -0.0156295 -0.00520701 0.0415276 -0.0395367 0.000407722 -0.00904041 0.000643137 0.00149961 -0.0023226 0.00114845 -0.00637659 0.0203961 -0.00212564 0.00189399
internal_weight=2.74015e+06 84240.5 4013.37 2.65591e+06 1.03268e+06 46091.8 34109.4 986588 230389 141703 136936 133081 88685.6 75307.2 26020.3 49286.9 13378.4 9776.38 4766.93 3855.65 756199 18382.4 737817 572490 165327 562047 84288.7 10443.4 14202.1 81037.9
internal_count=7999958 249759 10745 7750199 2983258 138484 104683 2844774 655304 389819 378849 365618 265485 221964 71511 150453 43521 30338 10970 13231 2189470 59345 2130125 1636851 493274 1609382 259775 27469 43741 233499
is_linear=0
shrinkage=0.05


Tree=180
num_leaves=31
num_cat=0
split_feature=22 37 94 25 87 37 94 55 90 35 35 25 55 87 75 55 55 25 25 22 35 42 46 8 46 87 49 94 55 100
split_gain=309.78 909.35 1333.94 2094.04 2000 2096.17 1780.76 1282.39 1445.08 1210.23 1209.59 1401 1452.98 1525.38 1154.6 1080.8 4554.47 2027.75 1924.56 1906.91 1855.88 1634.28 2219.57 1362.76 1623.1 2327.29 1942.36 1754.28 1551.27 1472.35
threshold=1.5000000000000002 19.527900695800785 4674.6550292968759 3.0901893377304082 1.0000000180025095e-35 42.608343124389656 4547.5449218750009 13932.500000000002 5186.0429687500009 4.9437227249145517 -3.9044005870819087 0.73704245686531078 14487.500000000002 1.0000000180025095e-35 16.414587974548343 -264622.49999999994 -252862.49999999997 3.8588291406631474 0.53246352076530468 2.5000000000000004 -6.1613962650299063 0.99802854657173168 0.059700312092900283 1.0000000180025095e-35 0.074938304722309126 1.0000000180025095e-35 -0.95032352209091175 4101.4396972656259 -243987.49999999997 223217.94531250003
decision_type=2 2 2 2 2 2 2 2 2 2 2 2 2 2 2 2 2 2 2 2 2 2 2 2 2 2 2 2 2 2
left_child=-1 15 6 4 5 -4 10 8 14 -9 -3 -12 13 -13 -6 17 19 18 -2 -17 -19 -20 -23 28 25 26 -25 -27 -18 -26
right_child=1 2 3 -5 7 -7 -8 9 -10 -11 11 12 -14 -15 -16 16 23 20 21 -21 -22 22 -24 24 29 27 -28 -29 -30 -31
leaf_value=0.00079251633455812995 0.0021655570646485745 0.012594568932145786 0.0070751591334727391 0.021663403738770192 -0.021229595071615013 -0.05663198428201887 0.020294404226949059 -0.020188376099051872 0.060844382898950125 0.013840097090768369 -0.0027483696623459555 -0.0006827531634016399 -0.011698586715774277 0.0077866053820956184 -0.051207117918535994 -0.00018952500785321516 -0.018676288305569916 0.050213416670588373 -0.00082013303098509732 0.033085128197601385 -0.0025265431928848713 -0.017512267791982821 -0.0049529776720593161 -0.028673995126739113 0.0093033001702805852 -0.010039178841717693 0.0056426403778744314 -0.03164491759446221 0.0023489464066888321 -0.0018529258428468419
leaf_weight=830885.63502277434 148239.3316931501 24770.579490020871 18384.65112657845 6087.038208141923 11833.978339955211 1387.7139298841357 13580.247103631496 5710.9065924137831 455.41464695334435 4814.8690115958452 141659.72320879251 86481.833128154278 14706.538649998605 137988.29852150381 4409.9580098241568 6090.0167188942432 8992.3094782531261 3470.5041814744473 195245.18626362085 14692.011272490025 3210.3790750652552 41054.244917608798 245796.27877574414 4731.0679536908865 32921.626241892576 38994.08181348443 32058.123869717121 12377.5125721246 357959.31855660677 290788.82182902843
leaf_count=2402502 431996 68190 53900 15816 38604 5423 35557 18680 877 13039 423951 262671 47959 380958 15748 17778 28124 7331 573566 35974 9488 130952 734034 15751 90033 117138 93533 41915 1032796 855344
internal_value=-1.33397e-05 -0.000364108 0.00153924 -0.00592794 -0.00950201 0.00260101 0.00248488 -0.0182918 -0.0269069 -0.00462222 0.00188854 0.00119214 0.00352606 0.0045236 -0.029371 -0.000989815 0.000234254 -0.00252632 -0.00281677 0.0233345 0.0248728 -0.00434879 -0.00675054 -0.000382172 -0.00235634 -0.00837086 0.00122875 -0.0152455 0.00183365 -0.000718288
internal_weight=2.73978e+06 1.90889e+06 472272 53084.5 46997.5 19772.4 419187 27225.1 16699.4 10525.8 405607 380836 239177 224470 16243.9 1.43662e+06 799605 637016 630335 20782 6680.88 482096 286851 778823 411871 88160.8 36789.2 51371.6 366952 323710
internal_count=7999628 5597126 1381373 162087 146271 59323 1219286 86948 55229 31719 1183729 1115539 691588 643629 54352 4215753 2328386 1887367 1870548 53752 16819 1438552 864986 2274634 1213714 268337 109284 159053 1060920 945377
is_linear=0
shrinkage=0.05


Tree=181
num_leaves=31
num_cat=0
split_feature=40 38 37 35 25 25 37 79 36 39 50 46 90 55 25 85 50 90 48 50 25 90 55 25 25 62 40 36 38 85
split_gain=279.582 878.665 1715.93 995.057 1289.08 1365.83 1104.19 1032.83 945.704 932.496 1210.04 862.584 843.997 2159.98 1808.46 2126.83 1853.27 1800.5 1720.37 1610.04 1433.28 1346.63 1333.55 1177.24 1357.15 1328.32 1132.7 1128.45 1069.54 883.244
threshold=1.0000000180025095e-35 1.8691753149032595 -1.7873849868774412 -14.663270950317381 2.8253053426742558 1.3806801438331606 -14.475243568420408 5.531872272491456 -16.000113010406491 -9.7294602394103986 102.50000000000001 0.3142362534999848 3128.3024902343755 -437467.49999999994 0.97905462980270397 0.90000000596046459 -582.49999999999989 2901.5834960937505 0.86046862602233898 232.50000000000003 0.84974151849746715 4041.345092773438 29647.500000000004 0.70682910084724437 0.37506064772605902 49.951103210449226 0.81174489855766307 -8.2208681106567365 5.2272217273712167 0.90000000596046459
decision_type=2 2 2 2 2 2 2 2 2 2 2 2 2 2 2 2 2 2 2 2 2 2 2 2 2 2 2 2 2 2
left_child=-1 2 3 6 5 9 -2 -7 -6 -5 -11 12 13 14 -3 17 -17 -16 20 26 28 23 27 24 -20 -25 -15 -22 -14 -30
right_child=1 11 -4 4 8 7 -8 -9 -10 10 -12 -13 18 19 15 16 -18 -19 21 -21 22 -23 -24 25 -26 -27 -28 -29 29 -31
leaf_value=-0.00034592207206088691 -0.0062758256264658797 -0.0067667435233027227 0.0041424561403408527 0.034468110955241466 0.019177969265243004 -0.023108973411636525 0.010943181463371662 -0.0042783836967490605 -0.0070870563867130023 -0.0073554114145112735 0.02585197003509021 0.034229969586608289 -0.0080547297672387656 0.0054752884040808539 0.017361823531679303 -0.018169597923997052 0.013495549583203101 -0.015277968006073167 -0.051101733040942211 0.049785091246016662 0.0088222068244402287 0.017116797467199033 -0.045863720802973934 -0.016438192231767429 0.021694758182092811 0.083102277726047405 0.032478497966710568 -0.0039560113019201804 -0.039881601928991615 -0.010801923498726378
leaf_weight=1908743.9939716607 16170.856698639691 66718.390183523297 325008.63737380505 1676.5002273470163 7734.125185854733 20823.925185978413 21942.21592515707 11199.090147271752 6152.650023534894 26114.564103960991 3064.2351899594069 1731.5395482629538 21897.5150398314 23182.695471003652 30523.264468565583 13549.458635546267 7010.8294698297977 4902.9599149376154 716.98876817524433 2797.6440016031265 19567.562446504831 17379.640738621354 1787.6299655586481 10082.956787705421 5912.6571212261915 345.6798382550478 4664.3444220274687 147562.12765107304 6069.447837010026 4585.0096666812897
leaf_count=5597126 50480 201829 911795 4064 19968 74268 60789 29675 19478 79831 8038 4016 66324 62997 78792 44941 19388 14859 2561 5873 53454 46416 7171 31519 15597 614 10863 441686 20907 14309
internal_value=-1.26679e-05 0.0007529 0.00228584 -0.00296676 -0.00624568 -0.00929064 0.00363729 -0.016524 0.007541 -0.00178304 -0.00386717 -0.000971745 -0.00112843 0.00175924 -0.00120627 0.00541998 -0.00737176 0.0128441 -0.00300556 0.0136333 -0.0047709 0.00732176 -0.0029195 -0.00265792 0.0138146 -0.0131306 0.00999948 -0.00245986 -0.0143776 -0.0273702
internal_weight=2.73962e+06 830875 439887 114878 76765.1 62878.3 38113.1 32023 13886.8 30855.3 29178.8 390988 389257 153350 122705 55986.5 20560.3 35426.2 235907 30644.7 201469 34437.9 168917 17058.3 6629.65 10428.6 27847 167130 32552 10654.5
internal_count=7999628 2402502 1258386 346591 235322 195876 111269 103943 39446 91933 87869 1144116 1140100 439542 359809 157980 64329 93651 700558 79733 603851 96707 502311 50291 18158 32133 73860 495140 101540 35216
is_linear=0
shrinkage=0.05


Tree=182
num_leaves=31
num_cat=0
split_feature=77 87 94 54 54 55 94 36 35 40 94 42 94 42 39 42 39 36 53 26 54 53 36 49 35 54 55 94 55 49
split_gain=275.967 762.754 780.378 752.521 2534.3 2041.25 1470.83 1108.11 805.243 1061.7 793.562 1341.39 1203.44 705.061 691.236 951.574 919.464 893.676 1084.7 930.749 757.713 846.361 725.346 724.389 685.951 684.189 1989.08 925.969 933.5 956.293
threshold=3.7121527194976811 1.0000000180025095e-35 2685.4450683593755 134432.50000000003 216592.50000000003 -243987.49999999997 4029.954956054688 -5.2026844024658194 -7.522932529449462 1.0000000180025095e-35 4386.0375976562509 1.0009980797767641 4705.1650390625009 0.99149137735366832 6.6020512580871591 1.0008019804954531 0.30803303420543676 -6.1695802211761466 1.0000000180025095e-35 0.84202861785888683 586847.50000000012 0.6078576147556306 -0.90105530619621266 -0.35222910344600672 -32.216985702514641 654727.50000000012 -665312.49999999988 2595.279907226563 -667777.49999999988 0.31107263267040258
decision_type=2 2 2 2 2 2 2 2 2 2 2 2 2 2 2 2 2 2 2 2 2 2 2 2 2 2 2 2 2 2
left_child=-1 2 14 6 -5 8 -4 -8 13 -10 11 -9 -12 -6 15 17 -17 18 -2 -20 22 -22 -19 -18 -16 -3 27 -27 29 -29
right_child=1 25 3 4 5 -7 7 10 9 -11 12 -13 -14 -15 24 16 23 20 19 -21 21 -23 -24 -25 -26 26 -28 28 -30 -31
leaf_value=-0.00023772466727894253 -0.030494318498109525 0.0020328705607520216 -0.021013040494122771 0.019485893471900485 -0.0097756076126284605 -0.033379059456800933 0.0041035645462713195 0.010861374267736545 -0.0056760371927174333 0.0094498587835267298 0.013198558534421879 -0.026582680329777959 -0.015383833844286621 0.022973250723689016 0.062037287101186382 -0.02614599131956858 0.021395954687799403 0.069835890107209239 0.0014978354515735085 0.061381370120802331 -0.03005406194515288 0.03112291153937817 -0.01265118927211769 -0.018278418853954453 -0.0188113567044777 0.0083848530313200224 0.045471872341897285 -0.089166660124666106 0.010330075727876533 -0.0016335339032623468
leaf_weight=2278510.5815563053 2610.2177853435278 220142.40582319349 9984.6201144009829 19542.540957883 2156.8066707849503 4528.5778991132975 46925.150495037436 3157.2879759371281 37079.077088490129 16882.282187707722 7650.62312887609 9856.2065472826362 7098.8281173035502 6896.0132754147053 267.08513358235359 6592.2166892960668 2471.924115665257 1244.8306780308485 9060.2350223138928 697.94872450828552 917.81566991657019 1468.5835134163499 338.5612521469593 2150.4284896850586 12312.051627770066 22927.285011485219 3514.0014168024063 757.53289104998112 1050.7335013896227 530.32999947667122
leaf_count=6666018 10090 592699 33746 53914 7031 16540 141333 9129 120060 49192 21973 34209 24156 19166 662 24987 7462 2824 28494 1634 3394 3856 1175 7845 45339 58691 7056 2900 2626 1427
internal_value=-1.20321e-05 0.0011039 -0.00110092 0.000365812 0.00362922 -0.000958836 -0.00299052 -0.000580879 0.00137149 -0.000943589 -0.0084986 -0.0174976 -0.000557758 0.0151702 -0.00737825 -0.00294394 -0.0141589 0.00475414 -0.00187096 0.00578734 0.025392 0.00758925 0.0521985 0.00293745 -0.0170896 0.00298073 0.0102306 0.00532737 -0.0246364 -0.0531544
internal_weight=2.73932e+06 460812 211890 171758 87085.3 67542.8 84672.7 74688.1 63014.2 53961.4 27762.9 13013.5 14749.5 9052.82 40131.9 27552.8 11214.6 16338.2 12368.4 9758.18 3969.79 2386.4 1583.39 4622.35 12579.1 248922 28779.9 25265.9 2338.6 1287.86
internal_count=7999628 1333610 668211 530449 265903 211989 264546 230800 195449 169252 89467 43338 46129 26197 137762 91761 40294 51467 40218 30128 11249 7250 3999 15307 46001 665399 72700 65644 6953 4327
is_linear=0
shrinkage=0.05


Tree=183
num_leaves=31
num_cat=0
split_feature=65 55 85 14 54 30 13 22 25 35 45 42 46 26 55 54 104 28 99 85 54 48 29 13 85 25 55 25 85 42
split_gain=253.695 595.776 1101.05 924.044 958.496 746.154 712.596 591.018 529.471 494.838 489.251 623.71 747.009 669.811 586.755 689.893 624.051 584.543 605.373 633.419 1410 971.983 524.88 512.109 472.288 775.301 559.81 395.076 392.683 381.979
threshold=0.71593889594078075 -749252.49999999988 0.90000000596046459 32.301067352294929 758242.50000000012 0.47749999165534979 0.01957661006599665 3.5000000000000004 9.9245877265930194 -0.68641847372055043 1.0068875551223757 1.0006476044654848 0.18438348174095157 1.3996996283531191 -262039.99999999997 246122.50000000003 7.7661442756652841 0.57500001788139354 178069.73437500003 0.90000000596046459 30782.500000000004 -0.91959547996520985 0.88749998807907116 0.037575397640466697 0.90000000596046459 4.1132009029388437 -22457.499999999996 0.62597641348838817 0.90000000596046459 0.99535712599754345
decision_type=2 2 2 2 2 2 2 2 2 2 2 2 2 2 2 2 2 2 2 2 2 2 2 2 2 2 2 2 2 2
left_child=29 2 5 7 -5 -2 -6 -4 10 -8 11 13 14 -3 16 -16 -13 -12 22 21 -21 -20 -19 -24 26 -26 -14 -15 -10 -1
right_child=1 8 3 4 6 -7 9 -9 28 -11 17 12 24 27 15 -17 -18 18 19 20 -22 -23 23 -25 25 -27 -28 -29 -30 -31
leaf_value=-0.0014614643035963397 0.0014780153784693707 0.0002769823362365411 0.065530059664200002 0.017648287886201462 -0.084160140032844707 -0.04240147135002504 -0.03899325467392268 -0.027360053053855644 -0.052551645672832194 0.059092323130326412 -0.034296267285300629 -0.0030344002027609413 -0.039064098218433999 0.035312687566530727 -0.0037511697340384766 -0.021240459064676611 0.0030662066143310831 -0.021648844271561479 -0.019454576573640654 -0.010255696378346064 0.02424626491884585 0.016114233784399475 0.015304772638411387 -0.012946855579068387 -0.0087612772438184251 0.064870164610079842 -0.010590269193689113 -0.0019384568932449776 -0.0016792014976060891 0.00055432048280559885
leaf_weight=271951.06453941762 1355.1616776809096 357952.11078743637 829.15218372642994 1431.077346265316 556.44572778791189 3394.8912468403578 362.5951984077692 215.05035965889692 853.5970416367054 197.93554731458426 963.8110331967473 86982.391509622335 3093.347535610199 2175.9072546064854 131265.99240507931 5890.9949904084206 80912.246135443449 3473.6851178407669 2108.3716260194778 10317.755266539752 4152.0242285132408 21476.657087601721 3523.1208115592599 2942.9895229935646 4588.3733067065477 386.70387440919876 3907.9708880335093 1057.0398688167334 682.58310291171074 1730134.74325829
leaf_count=804843 4285 1038508 1764 4611 2517 12665 1380 754 3023 494 3310 259700 10461 5546 392084 18861 232372 11536 6649 32037 11055 57080 9541 9160 14248 868 11829 3208 2037 5033202
internal_value=-1.14545e-05 -0.000804526 -0.0140898 0.00679623 -0.00943809 -0.0298842 -0.0441305 0.046387 -0.000652409 -0.00430466 -0.000590435 -0.000938899 -0.00255733 0.000481658 -0.00207638 -0.00450253 -9.43484e-05 0.0042366 0.00501121 0.00788115 -0.00035421 0.0129337 -0.00597562 0.00244552 -0.0148061 -0.00302515 -0.0231752 0.0231347 -0.0299661 0.000280506
internal_weight=2.73914e+06 737050 8342.31 3592.26 2548.05 4750.05 1116.98 1044.2 728708 560.531 727171 678213 317028 361185 305052 137157 167895 48958.4 47994.6 38054.8 14469.8 23585 9939.8 6466.11 11976.4 4975.08 7001.32 3232.95 1536.18 2.00209e+06
internal_count=7999628 2161583 28470 11520 9002 16950 4391 2518 2133113 1874 2128053 1987685 940423 1047262 903017 410945 492072 140368 137058 106821 43092 63729 30237 18701 37406 15116 22290 8754 5060 5838045
is_linear=0
shrinkage=0.05


Tree=184
num_leaves=31
num_cat=0
split_feature=7 53 90 85 12 25 85 25 36 25 36 13 22 85 86 75 86 54 94 54 36 35 55 90 22 54 25 54 85 90
split_gain=255.383 1603.07 1404.38 1341.79 1121.92 828.079 872.499 1506.15 881.774 877.224 1909.06 1072.52 871.929 784.62 1027.43 747.039 719.656 881.242 1068.68 709.213 684.639 683.915 639.935 633.533 705.421 910.16 641.215 605.388 1023.25 1304.89
threshold=-0.013433134648948906 1.0000000180025095e-35 4323.1228027343759 0.90000000596046459 0.11541410908102991 7.2315151691436776 0.90000000596046459 3.8588291406631474 -13.824606895446776 4.1132009029388437 -18.757013320922848 0.039126226678490646 3.5000000000000004 0.90000000596046459 6.0000000000000009 13.996849060058596 6.0000000000000009 93772.500000000015 3234.1850585937505 4107.5000000000009 -9.6798152923583967 -9.5373778343200666 1622.5000000000002 2695.9172363281255 2.5000000000000004 344252.50000000006 2.6104377508163457 11427.500000000002 0.90000000596046459 4610.5595703125009
decision_type=2 2 2 2 2 2 2 2 2 2 2 2 2 2 2 2 2 2 2 2 2 2 2 2 2 2 2 2 2 2
left_child=1 5 3 4 16 6 9 15 -9 11 -11 12 22 14 -7 -8 19 21 -19 -3 -13 -18 -1 -5 26 -26 -25 -4 29 -29
right_child=-2 2 27 23 -6 13 7 8 -10 10 -12 20 -14 -15 -16 -17 17 18 -20 -21 -22 -23 -24 24 25 -27 -28 28 -30 -31
leaf_value=-0.01320932336633731 6.4392878561638685e-05 0.032297443469101253 -0.0069524234976517628 -0.044279449657523291 0.045671447965374402 0.0023968913152069703 0.0015562156621533726 0.03700975710142438 -0.037710538600994672 -0.057811723740168131 0.026327229508634566 0.047005309903208718 -0.031961888239159159 0.012277578152923548 -0.079718559828810265 -0.043442995392188218 -0.019343538976717988 -0.061923100295569349 -0.015553462230853611 -0.021942614930980132 0.0056792818288437952 -0.083498713956281403 0.068782998838168588 0.024939796124056376 -0.061471781433785504 0.0038623167858030023 -0.0046308242048197206 0.04557249125565338 -0.011376226645074516 -0.0010692615035722609
leaf_weight=424.59357559680939 2674051.2543602958 687.70600886642933 10079.558831840754 847.07679387927055 519.17132349312305 718.55012434720993 1673.2447089552879 2421.5573729425669 470.81670594215393 1029.7522085160017 1947.721688836813 5141.0382057577372 1133.9688749015331 1249.9007558822632 809.30373594164848 2053.3160847872496 568.60817258059978 1741.529753908515 4336.0504397600889 4824.7316961884499 1245.5406134873629 1550.4457960873842 539.38372208178043 3214.4902526885271 935.31841400265694 1237.1525266617537 4263.6034798324108 3106.9323409348726 3362.8242937624454 2897.192025244236
leaf_count=1339 7806777 1860 33247 3075 1154 2072 4797 5745 1606 3694 4627 10972 3751 3426 3078 7524 1788 6332 12704 16180 3457 6061 1028 8442 3633 3680 12531 6699 10211 8138
internal_value=-1.08962e-05 -0.00310678 -0.00850131 -0.0164075 -0.0264118 0.00831682 0.0122219 -0.00223104 0.0248363 0.0205678 -0.00277999 0.0287612 -0.00225272 -0.0170953 -0.0411201 -0.0232418 -0.0291451 -0.0385399 -0.0288495 -0.0151703 0.0389486 -0.0663035 0.0326872 -0.00284631 0.000794174 -0.0242791 0.0080812 0.00155137 0.0107024 0.023069
internal_weight=2.73908e+06 65031.1 44172.4 24725.9 14228.2 20858.7 18080.9 6618.93 2892.37 11462 2977.47 8484.52 2097.95 2777.75 1527.85 3726.56 13709.1 8196.63 6077.58 5512.44 6386.58 2119.05 963.977 10497.6 9650.56 2172.47 7478.09 19446.5 9366.95 6004.12
internal_count=7999628 192851 135735 77440 46079 57116 48540 19672 7351 28868 8321 20547 6118 8576 5150 12321 44925 26885 19036 18040 14429 7849 2367 31361 28286 7313 20973 58295 25048 14837
is_linear=0
shrinkage=0.05


Tree=185
num_leaves=31
num_cat=0
split_feature=101 98 95 7 41 46 54 90 22 55 55 49 48 13 36 36 99 37 37 13 25 39 99 41 30 85 25 50 39 49
split_gain=250.844 247.771 309.364 284.919 372.663 397.192 385.202 454.84 284.465 606.964 1515.07 1435.67 774.661 1491.21 867.335 763.184 1305.79 879.287 797.48 883.426 833.629 733.61 619.994 571.781 466.655 696.132 1075.74 891.707 869.715 673.941
threshold=1.0000000180025095e-35 5.3535602092742929 33.900009155273445 -0.0029037325875833626 1.0027710795402529 0.096037071198225035 715527.50000000012 4041.345092773438 1.5000000000000002 -397054.99999999994 -437467.49999999994 0.6835516393184663 -0.91959547996520985 0.01572542637586594 -4.351775884628295 -5.2026844024658194 182560.69531250003 12.922096252441408 -3.8819077014923091 0.019390694797039035 1.7581230998039248 -5.345017433166503 183623.37500000003 0.99794951081275951 0.90249997377395641 0.90000000596046459 0.67533105611801159 -442.49999999999994 1.288654148578644 -0.65106672048568714
decision_type=2 2 2 2 2 2 2 2 2 2 2 2 2 2 2 2 2 2 2 2 2 2 2 2 2 2 2 2 2 2
left_child=-1 2 8 -3 5 -5 7 -6 9 10 12 21 14 -14 -2 18 17 -17 19 -11 -20 -12 -18 -13 -10 26 27 -26 -28 -27
right_child=1 3 -4 4 6 -7 -8 -9 24 15 11 23 13 -15 -16 16 22 -19 20 -21 -22 -23 -24 -25 25 29 28 -29 -30 -31
leaf_value=-0.07193841680542172 -0.018519189933882817 -0.0031808491649059859 0.00052252472721858983 0.0037135867952768696 -0.010662686041874907 0.013802862870344637 0.034155374293726816 0.0046613553100131747 -0.0014992868861520158 0.01194441319558931 -0.016554053397783857 -0.035165819159610485 -0.0022953028311936551 0.0094774468303423787 0.00074399640759455698 -0.02842886762018243 0.023599614432892088 -0.0078666748286891994 0.0011800350110670278 -0.0095141773554990282 0.011513139770810768 0.013026883135397918 -0.0019215757370922262 0.041062386301217828 0.039392572462847081 -0.0092000831637855003 0.005205642123489348 0.0090094623297712392 -0.0050816607587309192 0.003938483108454815
leaf_weight=120.03400768339634 9685.6224588304758 16896.186000682414 1266261.2294748724 37835.747916668653 9760.8008409291506 13144.220850042999 720.14554407447577 9607.2650536522269 816832.04142389446 5867.0474816262722 2583.4929167479277 257.12647573649883 60301.385403677821 48555.952626541257 14727.012356393039 7569.4949932843447 2444.1295484900475 16605.571566715837 96696.977437347174 26258.721651934087 24454.643189162016 11086.485817998648 88932.825559400022 5318.050885528326 3451.3426842540503 24624.107958197594 64709.290144599974 8041.1889376789331 30101.694970309734 16167.7322223261
leaf_count=489 31727 49522 3640767 106124 29555 34914 1731 27300 2449349 17122 7932 850 179044 134860 42949 25167 6405 51400 278368 84176 66739 29414 267125 11634 8006 77174 181394 21955 88786 47835
internal_value=4.10651e-05 4.42471e-05 -4.23608e-05 0.00265492 0.00404244 0.00631523 -0.00172523 -0.0030613 -0.00055872 0.000524999 0.0030445 0.0161581 0.00115065 0.00295594 -0.00689884 -0.000904377 -0.00397266 -0.0143061 0.0014087 -0.00559484 0.00326591 0.00743521 -0.00123864 0.0375402 -0.00103243 0.00156001 0.00369076 0.0181369 0.00193944 -0.00399256
internal_weight=2.73962e+06 2.7395e+06 2.65153e+06 87964.4 71068.2 50980 20088.2 19368.1 1.38527e+06 421345 152515 19245.2 133270 108857 24412.6 268829 115552 24175.1 153277 32125.8 121152 13670 91377 5575.18 963927 147095 106304 11492.5 94811 40791.8
internal_count=7999813 7999324 7750178 249146 199624 141038 58586 56855 4109411 1234912 438410 49830 388580 313904 74676 796502 350097 76567 446405 101298 345107 37346 273530 12484 2874499 425150 300141 29961 270180 125009
is_linear=0
shrinkage=0.05


Tree=186
num_leaves=31
num_cat=0
split_feature=35 36 85 25 55 78 22 44 22 21 46 25 54 26 36 39 86 55 62 94 39 97 61 63 25 33 86 73 16 48
split_gain=239.719 823.434 1119.12 1613.51 1125.83 842.862 806.241 758.62 787.904 1136.75 844.712 780.101 710.52 697.699 605.065 601.081 675.515 528.496 517.816 476.786 455.885 508.089 518.087 486.036 475.043 415.86 392.175 367.766 325.803 315.325
threshold=23.712851524353031 4.2823290824890146 0.90000000596046459 1.3422549962997439 317.50000000000006 1.5000000000000002 1.5000000000000002 1.0014479756355288 1.0000000180025095e-35 20.500000000000004 0.074938304722309126 1.3622657060623171 674917.50000000012 0.98447173833847057 31.513273239135746 10.902635097503664 6.0000000000000009 11817.500000000002 20.190164566040043 3381.453002929688 6.4576764106750497 -3.3198326032657371e-11 0.0017575024394318464 -0.032224055379629128 1.1470879912376406 1.0000000180025095e-35 6.0000000000000009 1.6762433052062991 10.943075180053713 -0.2693240344524383
decision_type=2 2 2 2 2 2 2 2 2 2 2 2 2 2 2 2 2 2 2 2 2 2 2 2 2 2 2 2 2 2
left_child=-1 2 4 6 12 -5 -4 11 9 10 19 -3 15 -7 20 16 27 -6 -15 -9 21 22 -10 -23 -22 28 -21 -2 -11 -13
right_child=1 7 3 5 17 13 -8 8 14 25 -12 29 -14 18 -16 -17 -18 -19 -20 26 24 23 -24 -25 -26 -27 -28 -29 -30 -31
leaf_value=-2.6900410873868457e-05 0.057249913764580253 0.0078852158097648516 -0.045175222564890455 0.023043086815473426 0.062333549746582499 -0.075606342966086301 0.084925625672529662 -0.012810197282817952 -0.024180674027710715 -0.076324068715396792 -0.034718004830339821 -0.02929694499650164 0.054666847524548715 0.040103540714539025 -0.026016236659948701 0.01943470167668666 -0.076971501018225919 0.0048236751251778598 -0.052604523673621076 -0.018337817804932488 0.045502401055451787 0.038950712883371846 0.0036525719258355908 0.0076845208204957497 -0.024593772565031004 -0.048640733363017372 0.032186252502424482 -0.037314119140797644 0.031117231200791809 -0.0089176380048817082
leaf_weight=2686077.8046764657 203.55496028065681 3880.0657643824816 150.244011759758 557.87099598348141 2393.4131731688976 936.85565638542175 562.56006710231304 1506.003507733345 2286.3746853470802 70.36636771261692 1479.6630068570375 4012.620411939919 578.29218527674675 298.25553150475025 2220.4394595846534 926.94917771220207 496.23593504726887 479.91848927736282 302.23766023665667 471.71017606556416 267.65584503114223 1540.8553788661957 6212.3319800943136 6419.7993432432413 2411.0372974276543 171.56915172934532 2050.773394331336 205.71840092539787 6669.3506318032742 3605.1821537688375
leaf_count=7844170 499 10684 582 1301 4644 3942 1071 4901 7650 278 5157 13714 1163 804 7511 2284 1928 1447 1192 1589 607 3686 18027 18189 8117 674 5038 781 16924 11259
internal_value=3.90265e-05 0.00335725 0.0180471 -0.00745703 0.0316 -0.0295652 0.0574712 0.000731296 0.00450749 0.0145214 -0.00242238 -0.0103612 0.00639649 -0.0486615 -0.00131551 -0.00885558 -0.0378107 0.0527347 -0.00655945 0.00944423 0.00155127 0.00466493 -0.00383668 0.0137411 -0.0175735 0.0280243 0.0227326 0.00973068 0.0299836 -0.0196554
internal_weight=2.73945e+06 53367.9 8092.11 2808.02 5284.08 2095.22 712.804 45275.8 33777.9 12419.4 5508.15 11497.9 2410.75 1537.35 21358.5 1832.46 905.509 2873.33 600.493 4028.49 19138.1 16459.4 8498.71 7960.65 2678.69 6911.29 2522.48 409.273 6739.72 7617.8
internal_count=7999813 155643 21638 8892 12746 7239 1653 134005 98348 34561 16685 35657 6655 5938 63787 5492 3208 6091 1996 11528 56276 47552 25677 21875 8724 17876 6627 1280 17202 24973
is_linear=0
shrinkage=0.05


Tree=187
num_leaves=31
num_cat=0
split_feature=62 9 36 55 13 46 42 38 37 50 35 55 26 49 25 85 42 55 73 53 13 48 48 50 46 94 94 92 39 25
split_gain=236.827 564.563 675.287 523.79 434.97 477.238 705.508 477.602 479.162 444.648 410.863 406.255 399.651 358.99 356.694 353.224 760.503 720.054 526.894 498.389 628.841 347.339 343.163 327.587 327.478 324.076 323.527 318.854 314.804 709.565
threshold=10.924385070800783 0.040937544777989394 6.2318701744079599 9707.5000000000018 0.034216037020087249 0.06071011349558831 0.99879339337348949 2.2897815704345708 21.874410629272464 -212.49999999999997 35.568462371826179 -525482.49999999988 1.1673120856285097 0.39271505177021032 0.88219991326332103 0.90000000596046459 1.0026838183403017 -196357.49999999997 1.4591769576072695 0.6078576147556306 0.0085635026916861551 -0.8253108263015746 -0.24825246632099149 -647.49999999999989 0.11261177062988283 4463.6052246093759 3338.585815429688 5.9936153775197461e-05 -5.6439044475555411 0.65831434726715099
decision_type=2 2 2 2 2 2 2 2 2 2 2 2 2 2 2 2 2 2 2 2 2 2 2 2 2 2 2 2 2 2
left_child=1 13 3 4 5 7 23 27 -9 -8 -6 14 21 26 -4 19 17 18 -17 20 -15 25 -18 -7 -13 -5 -1 -3 29 -2
right_child=28 2 11 12 10 6 9 8 -10 -11 -12 24 -14 15 -16 16 22 -19 -20 -21 -22 -23 -24 -25 -26 -27 -28 -29 -30 -31
leaf_value=-0.042365600070201695 0.0037288117894473749 -0.00015391792494176424 -0.037788115701164623 0.024547415275417175 -0.022274133670632731 -0.00094240282146615644 0.0014841849905451732 -0.030240287059697474 -0.0015241378659161763 0.017944625463365688 0.052868614645745549 -0.028448017034863628 -0.044079149594824778 -0.070027046567471662 0.02154981579953763 0.0094724752646445955 -0.05964569765997764 0.080914228849282566 -0.049547017651108319 0.0020714858762865217 0.044078838322325051 0.017509581902529141 0.072195363369910448 -0.023101104031714285 0.0080992871335701065 -0.024446742210797883 0.038098124703919149 -0.023372363148370698 -0.00012551715593312409 -0.00036787906754764222
leaf_weight=527.48497231304646 181696.55053339154 10892.729846872389 339.11042599380016 492.13533835113049 4308.4400473460555 3118.6077034324408 15600.026213914156 4117.7974069416523 2244.9526887983084 5566.270628631115 188.96389271318913 5236.76059127599 330.76617895811796 126.64321072399616 990.71767688542604 615.62929061055183 55.456149883568287 171.0736008733511 977.68151380866766 1620.7532886341214 2261.0844077765942 5943.9913328662515 401.02330642938614 3586.0775389969349 693.49264007806778 1068.5285964161158 162.67965811491013 1709.9863545373082 2231634.3670569286 252693.54257100075
leaf_count=1874 515668 32340 1208 1261 14115 9412 45221 14287 6688 14703 402 18120 1282 483 2626 1656 237 350 3914 4706 4984 15986 871 11604 1997 3745 389 5436 6524257 739991
internal_value=3.70764e-05 -0.00276572 -0.00418157 -0.00241546 -0.00425349 -0.00282693 0.00133636 -0.00894517 -0.0201111 0.0058138 -0.0191048 -0.0185723 0.00962481 0.0108247 0.00639767 0.0146166 -0.00137708 -0.0162665 -0.0267481 0.0234771 0.0379979 0.011998 0.0560721 -0.0127967 -0.0241726 -0.00898804 -0.0233645 -0.00330629 0.000114191 0.00134568
internal_weight=2.73937e+06 73348.9 66429.4 59169.3 51333.9 46836.4 27871 18965.5 6362.75 21166.3 4497.4 7260.08 7835.42 6919.51 1329.83 6229.34 2220.86 1764.38 1593.31 4008.48 2387.73 7504.66 456.479 6704.69 5930.25 1560.66 690.165 12602.7 2.66602e+06 434390
internal_count=7999813 219897 200433 176482 154208 139691 80940 58751 20975 59924 14517 23951 22274 19464 3834 17201 7028 5920 5570 10173 5467 20992 1108 21016 20117 5006 2263 37776 7779916 1255659
is_linear=0
shrinkage=0.05


Tree=188
num_leaves=31
num_cat=0
split_feature=79 79 79 74 86 79 50 39 22 37 30 42 55 55 37 42 25 12 94 94 25 36 90 94 55 25 37 11 65 42
split_gain=233.242 406.059 318.074 313.351 340.315 242.822 240.491 469.021 466.768 413.808 605.348 464.415 333.275 363.854 321.458 314.164 304.981 485.114 286.896 279.612 274.522 548.869 521.769 476.593 829.041 634.609 424.624 398.172 303.18 308.326
threshold=5.1673452854156503 3.4019228219985966 6.4956810474395761 7.0619795322418222 6.0000000000000009 1.4276564717292788 152.50000000000003 -2.377720713615417 1.5000000000000002 6.5448970794677743 0.50749999284744274 1.002341687679291 -737772.49999999988 -728842.49999999988 10.297588825225832 1.0003126859664919 1.3968285918235781 0.11541410908102991 2495.912963867188 2635.1669921875005 0.47447086870670324 -19.719709396362301 4197.1850585937509 3335.4064941406255 -505234.99999999994 0.32638424634933477 17.192009925842289 0.019003923982381824 2.0299086570739751 0.99452522397041332
decision_type=2 2 2 2 2 2 2 2 2 2 2 2 2 2 2 2 2 2 2 2 2 2 2 2 2 2 2 2 2 2
left_child=1 5 3 4 -2 -1 20 8 15 -10 11 -11 14 -14 -9 18 -15 -18 -8 -12 21 26 23 24 -23 -25 -3 28 29 -22
right_child=2 6 -4 -5 -6 -7 7 12 9 10 19 -13 13 16 -16 -17 17 -19 -20 -21 27 22 -24 25 -26 -27 -28 -29 -30 -31
leaf_value=0.0011765355005230538 -0.050838064609716786 -0.034511365362579101 -0.00022838620726060816 0.0017369239930827491 -0.00058250285286524451 -0.00029637453092986476 -0.025148302230441167 0.0039581584210235891 -0.019722024904605558 0.0014674791624945617 0.059917982315563383 -0.022494551754338916 0.033246721654517829 -0.0068873531794067496 -0.06464375093376877 0.00044915951325821027 -0.036142235880121325 0.041544877471848984 0.026367518341729009 0.013704690134540102 -0.01493406577187964 0.013058118024769536 -0.05632795947537346 0.079762297216593045 -0.011485053263618122 0.016121273811468363 0.035316442399030416 0.0001989191574252486 -0.027050011553105914 -0.0029187261329202876
leaf_weight=370728.05216389894 589.55888682603836 1366.4817393422127 453161.84983305633 436034.22866676748 784.68604008853436 1141068.0587816089 293.42725962400436 260.71435642242432 3187.4744289219379 6463.0393190309405 367.97443100810051 2941.4929076582193 542.89248993992805 35669.756195783615 492.59797818213701 3101.2672099322081 1732.8115219995379 226.39094884693623 3306.7704758793116 2917.927305072546 5602.3926696777344 10051.238196484745 319.3668619543314 477.61064085364342 5230.3185354918242 2164.3823801279068 258.03093227744102 135172.67344520241 1379.7953240126371 113395.30027958751
leaf_count=1004075 1980 5465 1171400 1115070 2029 3493536 1262 1103 12999 23019 969 11958 1653 136885 2770 10804 7824 598 9733 9909 22039 32775 1474 1087 18709 6771 728 477377 5530 408282
internal_value=3.52173e-05 -0.000285004 0.000699965 0.00166176 -0.0221673 6.4815e-05 -0.00185468 -0.0046815 0.00105116 -0.00361903 0.000426428 -0.00602828 -0.00800691 -0.00735618 -0.0409209 0.012116 -0.00794298 -0.0271461 0.0221616 0.0188981 -0.00122338 0.00443789 0.00691845 0.00804875 0.00465736 0.0276538 -0.0234022 -0.00166355 -0.00375495 -0.00348457
internal_weight=2.73929e+06 1.84872e+06 890570 437408 1374.24 1.5118e+06 336922 61504.5 22579.4 15877.9 12690.4 9404.53 38925.2 38171.9 753.312 6701.46 37629 1959.2 3600.2 3285.9 275418 19867.4 18242.9 17923.5 15281.6 2641.99 1624.51 255550 120377 118998
internal_count=7999813 5709334 2290479 1119079 4009 4497611 1211723 231486 80653 58854 45855 34977 150833 146960 3873 21799 145307 8422 10995 10878 980237 67009 60816 59342 51484 7858 6193 913228 435851 430321
is_linear=0
shrinkage=0.05


Tree=189
num_leaves=31
num_cat=0
split_feature=97 54 54 54 49 62 35 63 24 85 64 46 94 13 7 54 46 24 35 25 97 7 36 48 43 48 25 49 43 54
split_gain=236.944 474.432 739.811 797.145 779.57 672.471 631.297 537.156 532.669 516.97 494.242 464.665 446.943 438.9 437.664 416.004 508.585 455.089 430.235 410.02 378.056 366.061 356.761 511.89 337.329 317.775 461.85 405.428 398.479 351.876
threshold=-5.1671926975250235 15207.500000000002 302165.00000000006 393907.50000000006 0.8491516411304475 46.068367004394538 -12.241183757781981 -0.3543724119663238 61.260555267333991 0.90000000596046459 159.7485275268555 0.078650210052728667 4365.8073730468759 0.014208736363798382 0.014897202141582968 454117.50000000006 0.11125084385275842 91.363220214843764 12.722384452819826 1.9561130404472353 -5.2750597000122061 0.0108487606048584 -16.510514259338375 -0.91080963611602772 1.0019230246543886 -0.43245348334312433 0.74902635812759411 0.032717135734856136 1.0078447461128237 12612.500000000002
decision_type=2 2 2 2 2 2 2 2 2 2 2 2 2 2 2 2 2 2 2 2 2 2 2 2 2 2 2 2 2 2
left_child=1 14 4 6 7 15 9 13 11 -4 -10 -9 24 -3 25 18 17 -17 20 -13 -5 -7 -8 -24 -6 27 -27 28 -1 -29
right_child=-2 2 3 5 12 21 22 8 10 -11 -12 19 -14 -15 -16 16 -18 -19 -20 -21 -22 -23 23 -25 -26 26 -28 29 -30 -31
leaf_value=-0.024003574428380116 -6.1879292142193935e-05 -0.04449539862768756 0.055283249859739619 0.02352831431893089 -0.011148209229972755 0.036647234159397239 -0.036028286151233831 0.0092024222548448362 0.0092549186139534844 -0.033916399622384096 -0.044016670966944428 0.033862674032142707 -0.041537504783209556 0.0016668473397562255 -0.044840188963665262 -0.0017541436190391152 -0.02607781806696681 0.015555817861348006 -0.046892275772797372 0.0085985783106245391 -0.015680380267231484 -0.061661943352513571 -0.057667108874566941 -0.0071089429905071347 0.025421015163841085 -0.014101929027503891 0.0065124391606417188 0.010350058352255529 0.039896813009970077 -0.040378392447795584
leaf_weight=4381.1708531230688 2628465.996581465 583.55308972299099 550.95187351107597 4220.5759162008762 2680.4454964697361 1834.4465914964676 2048.6141236871481 5224.6325040906668 15641.99527399987 229.31246283650398 446.85960404574871 6877.8637320846319 929.26080974936485 4320.2172135710716 640.93880058079958 25834.082936502993 1869.1036814600229 4450.2033129781485 269.94856341183186 2096.9300113618374 718.71605715155602 98.919558495283127 551.18821951001883 5374.6392363011837 823.49511031806469 3619.4310663938522 10887.866811878979 2495.7940756380558 257.41315449774265 395.05817878246307
leaf_count=14685 7682243 2021 1145 10518 8381 4338 7167 14250 42839 795 1530 16271 3409 12206 2414 75841 6187 12147 917 5667 2181 396 2103 16254 2161 11462 31213 7091 601 1380
internal_value=3.34106e-05 0.00230311 0.00397046 -0.000200325 0.00902808 0.00283938 -0.0138435 0.0115173 0.0140028 0.029052 0.00777237 0.0210609 -0.010729 -0.00383343 -0.00414287 0.00135094 -0.000772665 0.000789778 0.0144572 0.027962 0.01782 0.0315854 -0.0180444 -0.0118214 -0.00254749 -0.00295698 0.00136839 -0.0112906 -0.0204486 0.00340431
internal_weight=2.73882e+06 110354 87676 48050.7 39625.3 39296 8754.71 35192.1 30288.3 780.264 16088.9 14199.4 4433.2 4903.77 22677.7 37362.6 32153.4 30284.3 5209.24 8974.79 4939.29 1933.37 7974.44 5925.83 3503.94 22036.7 14507.3 7529.44 4638.58 2890.85
internal_count=7999813 317570 248724 139989 108735 112525 27464 94784 80557 1940 44369 36188 13951 14227 68846 107791 94175 87988 13616 21938 12699 4734 25524 18357 10542 66432 42675 23757 15286 8471
is_linear=0
shrinkage=0.05


Tree=190
num_leaves=31
num_cat=0
split_feature=77 81 99 55 46 54 53 100 37 55 35 13 55 94 90 36 90 55 37 90 36 54 36 55 42 54 22 48 99 6
split_gain=257.062 707.449 705.073 988.48 1375.86 1077.04 991.708 850.786 1185.6 1044.82 949.756 813.235 714.861 1528.5 1002.66 966.548 720.795 1356.97 1323.01 1216.33 896.092 705.24 1080.17 867.824 677.229 673.08 657 764.16 635.866 618.497
threshold=3.7121527194976811 1.0000000180025095e-35 121028.29687500001 -525482.49999999988 0.078650210052728667 524292.50000000012 0.87837970256805431 117609.55468750001 -8.6533989906311017 -667777.49999999988 13.806987762451174 0.012056613806635143 -615622.49999999988 2705.881713867188 2705.8745117187505 8.6033363342285174 2923.1750488281255 -443837.49999999994 -0.68969571590423573 3030.6313476562505 -6.6148781776428214 717857.50000000012 1.7100802659988406 -737772.49999999988 0.99932551383972179 720242.50000000012 1.0000000180025095e-35 -0.72982063889503468 106002.25000000001 0.0021438609110191469
decision_type=2 2 2 2 2 2 2 2 2 2 2 2 2 2 2 2 2 2 2 2 2 2 2 2 2 2 2 2 2 2
left_child=-1 2 3 7 5 6 29 11 -9 -10 -11 -2 13 -4 15 24 17 18 -16 20 -18 22 -13 -23 -14 28 -15 -28 -3 -5
right_child=1 25 12 4 -6 -7 -8 8 9 10 -12 21 14 26 16 -17 19 -19 -20 -21 -22 23 -24 -25 -26 -27 27 -29 -30 -31
leaf_value=-0.00022132863801369875 0.02188015987529858 0.045154595800870327 0.073948045026869538 0.02553824350294194 -0.085081643851043998 -0.10054631552254277 -0.05265921095431806 -0.087869987100743452 -0.045988224955005298 0.029009127636616717 -0.051609943761648062 0.0017307123398718517 0.0074680914172295214 0.035684973539024868 -0.059234664426573429 0.020818761296968118 -0.042703360883550083 0.034543581150978803 0.0074379240444101789 0.0021076596339516976 -0.005648138680100603 0.00033655276104757994 -0.031610998148688216 0.027824833638622426 -0.090347596715882564 -0.015725105869863389 -0.076244507020062427 -0.021621000488697778 -0.00067978069286165927 -0.07548916697580281
leaf_weight=2277870.8997672573 6704.4501468539238 758.5221558958292 409.78891883790493 2299.6483874022961 611.42383429408073 262.40395294129848 601.88409695029259 243.55539853870869 519.63290977478027 11312.85705755651 376.58373756706715 16775.752820134163 230.83854192495346 377.32964597642422 786.45593024790287 452.23749332129955 2560.0188959687948 4777.6939501017332 13499.210933536291 162405.88002069294 4497.392810896039 6525.4995429962873 2839.4167686849833 5126.9540532231331 753.72722114622593 7535.3182135522366 816.32103924453259 2965.1350258588791 203396.01013751328 161.19322909414768
leaf_count=6666027 15752 1678 674 5372 2310 1055 2018 971 1724 25491 1248 44255 591 826 2791 1080 8376 10240 34934 439928 12391 17835 8806 11591 2901 28855 3064 8829 637485 591
internal_value=-3.49271e-06 0.00107383 0.00288103 0.00791521 -0.0162124 -0.00352542 0.00481547 0.00979918 0.0211401 0.0233221 0.0264073 0.00607943 0.00147419 -0.0180683 0.0019443 -0.0396512 0.00226155 0.0114791 0.00376322 0.00122455 -0.0190945 0.00269066 -0.00309682 0.0124329 -0.0674246 -0.00105096 -0.027152 -0.0334312 -0.000509241 0.0188906
internal_weight=2.73845e+06 460583 248893 54361.3 3936.55 3325.13 3062.73 50424.7 12452.6 12209.1 11689.4 37972.1 194532 4568.57 189963 1436.8 188527 19063.4 14285.7 169463 7057.41 31267.6 19615.2 11652.5 984.566 211690 4158.79 3781.46 204155 2460.84
internal_count=7999689 1333662 665644 139019 11346 9036 7981 127673 29434 28463 26739 98239 526625 13393 513232 4572 508660 47965 37725 460695 20767 82487 53061 29426 3492 668018 12719 11893 639163 5963
is_linear=0
shrinkage=0.05


Tree=191
num_leaves=31
num_cat=0
split_feature=77 87 99 55 46 22 104 25 100 25 55 55 25 13 25 94 35 104 55 22 25 53 13 55 30 42 13 55 55 22
split_gain=232.191 643.602 638.171 896.218 1238.62 980.138 1789.33 827.106 883.133 987.228 1119.66 821.325 817.056 835.207 664.675 1798.06 1579.89 1857.05 865.897 1129.48 826.902 1430.91 773.488 939.627 661.534 632.362 630.492 620.653 842.572 1174.53
threshold=3.7121527194976811 1.0000000180025095e-35 121028.29687500001 -525482.49999999988 0.078650210052728667 1.5000000000000002 7.7250411510467538 2.8900784254074101 117609.55468750001 1.4921538829803469 -667777.49999999988 -514072.49999999994 1.9714748263359072 0.012056613806635143 2.4716013669967656 4537.3400878906259 -8.2178635597228986 8.3861036300659197 -102597.49999999999 2.5000000000000004 2.2934081554412846 1.0000000180025095e-35 0.051740283146500594 1852.5000000000002 0.8374999761581422 0.99437326192855846 0.02219636365771294 30795.000000000004 21912.500000000004 1.5000000000000002
decision_type=2 2 2 2 2 2 2 2 2 2 2 2 2 2 2 2 2 2 2 2 2 2 2 2 2 2 2 2 2 2
left_child=-1 -2 3 7 5 -5 -7 8 12 10 -10 -8 13 -3 20 18 22 -18 19 24 27 26 -17 -24 -16 -9 -22 28 -4 -30
right_child=1 2 14 4 -6 6 11 25 9 -11 -12 -13 -14 -15 15 16 17 -19 -20 -21 21 -23 23 -25 -26 -27 -28 -29 29 -31
leaf_value=-0.000210261807616701 -0.0010050035190306975 0.020851843821847498 0.0010952015330757999 0.028684692267180057 -0.080544194074314526 -0.077337179758671507 0.048763178191924356 -0.088447216623385116 -0.052270505325975575 -0.050194611010615467 0.027533521996408974 -0.048258680391423198 0.048111984277860065 0.0012961959713111053 -0.0037225435733903699 -0.070767900798088521 -0.056786227640610969 0.024150691829115334 0.028536795914019981 0.027149916574601082 -0.090624532996936555 -0.051196694514807066 0.038358923180558245 -0.044813948147647394 -0.058478357042175161 0.040211731567407628 0.018619522317252467 0.027735761297806194 -0.061217956704514444 -0.0040501892935900846
leaf_weight=2277875.1606353521 211733.22984171659 6684.3624451458454 161104.39563728869 1388.3325475007296 615.12754318118095 909.97016094624996 709.50909613072872 365.58620248734951 456.3139795511961 459.4318612664938 11331.27839808166 313.80224560201168 1125.7364309728146 29792.270538806915 2937.5306386202574 1224.6700098663568 893.8197438120842 3406.5198913663626 9290.0917962789536 3090.7308415025473 142.5057365000248 2044.8259559944272 504.73921236395836 1032.684784591198 678.25475563108921 128.42523698508739 1657.2610426396132 2120.1190208047628 1291.8720118775964 2946.4057097733021
leaf_count=6666027 668288 15766 434908 3166 2315 3380 1445 1473 1563 1561 25664 1045 2252 79186 8106 4872 3242 8536 21589 7202 581 7050 1104 3838 2351 266 4148 5012 5180 8573
internal_value=-3.27013e-06 0.00102087 0.00274601 0.00753932 -0.0154327 -0.00335265 -0.0263649 0.00933605 0.00997458 0.0216355 0.0244396 0.0189881 0.00617603 0.00488039 0.00140734 0.00937666 -0.0116348 0.00731761 0.0186536 0.00496007 0.000334546 -0.0225891 -0.0411358 -0.0174977 -0.0140084 -0.0549767 0.00992127 0.000860987 0.000516188 -0.021487
internal_weight=2.73825e+06 460380 248647 54280.1 3936.74 3321.61 1933.28 50343.4 49849.4 12247 11787.6 1023.31 37602.4 36476.6 194366 23059 7062.43 4300.34 15996.6 6706.52 171307 3844.59 2762.09 1537.42 3615.79 494.011 1799.77 167463 165343 4238.28
internal_count=7999689 1333662 665374 139082 11351 9036 5870 127731 125992 28788 27227 2490 97204 94952 526292 60840 21592 11778 39248 17659 465452 11779 9814 4942 10457 1739 4729 453673 448661 13753
is_linear=0
shrinkage=0.05


Tree=192
num_leaves=31
num_cat=0
split_feature=65 97 22 54 85 30 14 54 13 35 25 86 64 22 26 54 13 26 54 90 90 85 85 90 6 54 35 39 85 50
split_gain=249.545 590.199 520.021 501.547 633.766 1436.82 835.952 725.326 956.597 603.114 543.763 542.657 539.563 514.028 493.283 666.12 761.606 930.838 567.103 705.879 696.502 1015.1 836.021 689.348 622.374 637.149 545.615 541.395 1405.15 518.053
threshold=0.50971689820289623 -5.2750597000122061 1.5000000000000002 749357.50000000012 0.90000000596046459 0.52249997854232799 32.301067352294929 758242.50000000012 0.01957661006599665 -14.06832695007324 1.6348134875297549 6.0000000000000009 69.510681152343764 3.5000000000000004 1.7845480442047121 1517.5000000000002 0.029941422864794735 2.1912072896957402 264162.50000000006 4082.767700195313 4635.9445800781259 0.90000000596046459 0.90000000596046459 2667.1545410156255 0.003811061149463058 485925.00000000006 17.743563652038578 8.9843206405639666 0.90000000596046459 -92.499999999999986
decision_type=2 2 2 2 2 2 2 2 2 2 2 2 2 2 2 2 2 2 2 2 2 2 2 2 2 2 2 2 2 2
left_child=14 2 -2 -3 5 9 13 -8 -9 -5 11 -7 -10 -6 -1 -16 18 29 19 -17 21 -21 -22 27 25 -25 -19 -20 -29 -18
right_child=1 3 -4 4 6 10 7 8 12 -11 -12 -13 -14 -15 15 16 17 26 23 20 22 -23 -24 24 -26 -27 -28 28 -30 -31
leaf_value=0.00056295330199600344 -0.0039430385145576277 -0.00074418364362203939 0.0096283852373099058 0.046048939159577335 0.058681080534371433 -0.022270570504192025 0.012192749942321234 -0.07052249396900552 -0.024156531898943425 -0.0073262072860821722 0.013263520541102825 -0.062943461760878908 0.055858874458108478 -0.024993999342673174 0.015512287639856407 0.010142450896343037 0.0055902966649595378 -0.028662014936259111 -0.0037655344169312613 -0.029987104491278088 0.022989852870545925 0.0056423146292422354 -0.017240007241920079 -0.0074525937100164454 0.0033101382305065065 -0.024918377445991065 0.010400582687953019 0.032360886037534529 -0.019853441671326032 -0.019197000390104968
leaf_weight=1649278.1762817129 9862.390212289989 941903.84913168103 24818.046884387732 702.29587830603123 864.2446663081646 1332.3369767516851 1976.379065848887 840.40269646793604 622.88213843852282 2137.4926701560616 413.51839661598206 2140.5020545870066 317.10568473488092 232.24978420883417 4613.6640452444553 17463.462913036346 6710.1322601363063 8149.9736487939954 10790.271163627505 4559.8324664384127 3594.0332525968552 3558.272367849946 2014.3275440633297 14111.721092864871 6843.6265321075916 8289.9491142630577 1003.3358648493886 3906.6323835253716 1921.4423731788993 3072.1466305553913
leaf_count=4798623 28930 2760480 68951 1570 1905 5424 6561 3724 2233 7119 1088 8103 801 816 12691 48882 19213 27757 33075 15260 9220 10452 6418 43500 19892 27796 2756 9639 6633 10177
internal_value=-3.08487e-06 -0.000638291 0.00576881 -0.000871343 -0.0112135 -0.0211488 0.00255625 -0.00865538 -0.0317952 0.00588357 -0.0408992 -0.0473519 0.0028621 0.0409466 0.000355615 -0.00304339 -0.00393547 -0.0129195 -0.00172748 0.00347389 -0.00500993 -0.0143709 0.0085393 -0.00526482 -0.00988558 -0.013917 -0.024379 0.00286669 0.0151452 -0.00219487
internal_weight=2.73804e+06 988164 34680.4 953483 11579.4 6726.15 4853.26 3756.77 1780.39 2839.79 3886.36 3472.84 939.988 1096.49 1.74988e+06 100603 95989.2 18935.6 77053.6 31189.9 13726.5 8118.1 5608.36 45863.6 29245.3 22401.7 9153.31 16618.3 5828.07 9782.28
internal_count=7999689 2897705 97881 2799824 39344 23304 16040 13319 6758 8689 14615 13527 3034 2721 5101984 303361 290670 59903 230767 90232 41350 25712 15638 140535 91188 71296 30513 49347 16272 29390
is_linear=0
shrinkage=0.05


Tree=193
num_leaves=31
num_cat=0
split_feature=46 12 8 36 90 87 86 77 97 48 42 29 5 97 28 90 42 35 55 44 25 36 79 36 87 87 50 38 25 25
split_gain=226.182 667.254 636.861 573.927 546.891 2009.98 1246.37 510.276 499.336 539.003 561.972 491.862 548.141 517.229 512.017 760.869 958.498 692.003 644.134 860.762 639.612 603.055 583.314 519.35 683.326 508.722 496.7 482.641 462.2 658.474
threshold=0.061048159375786788 0.012605953030288221 -0.0045846598222851745 18.990853309631351 4610.5595703125009 1.0000000180025095e-35 6.0000000000000009 1.5000000000000002 -4.1639247605473877e-11 -0.86046862602233876 1.0002723932266238 0.80750000476837169 0.0021353259216994052 5.340036392211915 0.97499999403953563 3375.038696289063 0.99802854657173168 10.774528980255129 -241527.49999999997 0.99806720018386852 1.0271297693252566 -28.115893363952633 5.6125342845916757 18.990853309631351 1.0000000180025095e-35 1.0000000180025095e-35 -747.49999999999989 10.898838996887209 1.7581230998039248 1.9714748263359072
decision_type=2 2 2 2 2 2 2 2 2 2 2 2 2 2 2 2 2 2 2 2 2 2 2 2 2 2 2 2 2 2
left_child=1 2 3 -1 8 -6 7 -7 9 10 -4 13 -13 14 18 21 25 -18 23 -20 -21 -16 -23 27 -25 -17 -15 -3 -10 -30
right_child=-2 11 4 -5 5 6 -8 -9 28 -11 -12 12 -14 26 15 16 17 -19 19 20 -22 22 -24 24 -26 -27 -28 -29 29 -31
leaf_value=-0.016747384883077698 0.00026345659936612007 0.0011624740018112343 -0.024181611945946369 0.022572629244958044 0.075952679656589958 0.061809683365670012 -0.09372487238939986 -0.075862414374704257 0.0027699896169151926 -0.00048624147933862857 -0.0020775704044763903 -0.014124767979288595 0.0014163279303821164 0.002756195244456056 0.018323834402563636 -0.0076870044004033918 -0.0064533908240072269 0.016422664615061672 -0.025732764267935568 0.0014877651212307755 -0.0099705461995496306 -0.013240173654552035 -0.0017599312301972106 0.0090320568991980564 -0.056558044973959602 0.089956623043368544 -0.021604225053222948 0.012725889832421185 -0.029269604926162443 0.0037076784764278575
leaf_weight=8321.6868136823177 2037705.465782769 122079.41496966779 5032.2145281434059 1043.5422525033355 988.48861883580685 308.25532209873199 394.60140608251095 85.089263446629047 205253.59555456787 174766.58773781359 6709.2679911106825 17750.966636396945 8337.8847935274243 3139.7361856326461 2053.5679882615805 183.67847782373428 9093.754883415997 5192.6916985362768 4480.2043933346868 31897.562589563429 19699.748094797134 32438.108602762222 16794.650833815336 729.56725011765957 869.43130554258823 483.92882207036018 6269.2347202599049 9743.3161553516984 2758.9212747216225 3351.497754752636
leaf_count=26880 5932824 355976 16457 2749 1968 708 1647 360 592832 513652 19901 55070 24480 9160 5548 562 28137 14380 14945 92714 62317 109998 43752 2211 3285 824 20327 26809 9436 9780
internal_value=-2.94626e-06 -0.000778175 0.000524211 -0.0123636 0.000826262 0.0284993 -0.0310461 0.0318986 0.000702623 -0.00118301 -0.0115527 -0.00260726 -0.00915784 -0.00196267 -0.00153904 -0.00532305 0.00460046 0.00186158 -0.000216276 -0.00471274 -0.00288701 -0.00821667 -0.00932416 0.00167358 -0.0266415 0.0631132 -0.0134753 0.00201728 0.00236653 -0.0111835
internal_weight=2.73796e+06 700251 409014 9365.23 399649 1776.43 787.946 393.345 397872 186508 11741.5 291237 26088.9 265149 255740 66240.4 14954.1 14286.4 189499 56077.5 51597.3 51286.3 49232.8 133422 1599 667.607 9408.97 131823 211364 6110.42
internal_count=7999689 2066865 1196370 29629 1166741 4683 2715 1068 1162058 550010 36358 870495 79550 790945 761458 203201 43903 42517 558257 169976 155031 159298 153750 388281 5496 1386 29487 382785 612048 19216
is_linear=0
shrinkage=0.05


Tree=194
num_leaves=31
num_cat=0
split_feature=62 45 49 46 50 25 7 53 25 30 104 65 55 85 30 14 54 12 38 22 45 5 25 21 86 31 87 54 29 49
split_gain=226.292 483.476 432.592 591.224 499.569 486.984 400.354 500.954 319.364 266.352 301.784 263.355 516.914 661.366 1326.31 934.292 648.959 731.076 550.802 495.132 486.162 484.9 484.752 467.802 470.226 444.662 678.929 1592.41 1159.6 1270.49
threshold=10.053500175476076 1.0029641389846804 0.71473535895347606 0.034657897427678115 -212.49999999999997 0.54106488823890697 0.00042255675361957406 0.6078576147556306 1.4420185685157778 0.017499999608844522 7.7585856914520273 0.50971689820289623 -749252.49999999988 0.90000000596046459 0.52249997854232799 32.301067352294929 758242.50000000012 0.020638634450733665 -14.071486473083494 3.5000000000000004 0.9998472034931184 0.001691463578026742 1.6348134875297549 11.500000000000002 6.0000000000000009 396.53800964355474 1.0000000180025095e-35 1357.5000000000002 0.261249989271164 0.91959547996521007
decision_type=2 2 2 2 2 2 2 2 2 2 2 2 2 2 2 2 2 2 2 2 2 2 2 2 2 2 2 2 2 2
left_child=1 2 3 -1 6 -6 7 8 -5 10 -4 25 13 14 18 19 -17 -18 -13 -15 -20 -19 23 -16 -25 26 -2 -28 29 -29
right_child=11 -3 9 4 5 -7 -8 -9 -10 -11 -12 12 -14 15 22 16 17 21 20 -21 -22 -23 -24 24 -26 -27 27 28 -30 -31
leaf_value=-0.060896802593687606 -0.00054031972548224019 -0.025537302144452736 0.0094399480465915554 0.0036725018009415274 -0.010806978929772934 0.018212595185995228 -0.00187062323535034 -0.02677252230453896 -0.024679081591878024 0.01305832497131129 -0.01491504064811601 0.044005892507576118 -0.00046884199837422488 0.057520295642841363 -0.027609017043071567 0.0097252535266247053 -0.060660319696160252 -0.028170480122793797 -0.049156857354033447 -0.023775754952739175 0.0063091046806322895 0.049583462410235972 0.012621820581216643 -0.031071840531002249 -0.083650108175969073 -0.00025249339047662511 -0.013010808803431653 0.0095627282539658374 0.0015259422580518407 -0.0044373526648894763
leaf_weight=475.47456774115562 278895.51953815669 2382.2602682113647 2603.2706431895494 3523.2004237025976 2266.9563146978617 3986.2400920540094 11084.314206548035 5033.0013334155083 1382.0409713685513 6062.9745241701603 2485.0447674915195 698.12091055512428 975772.53243712336 956.83674035221338 1968.6313519105315 2129.4855595231056 964.57324415445328 494.04958087205887 519.46386618167162 232.12545543909073 1638.5736075416207 336.01330774277449 412.46224907040596 703.38846546411514 1082.6689094305038 996773.83355575055 15696.558370061219 101790.5962279886 296217.49289011955 19272.217572502792
leaf_count=1821 830783 8359 7307 10150 6989 10461 33365 17002 4639 17036 8021 1570 2855690 2094 7085 7079 4189 1803 2051 816 5145 872 1088 3002 4498 2930035 51780 276113 831665 57181
internal_value=-2.81741e-06 -0.00367653 -0.0023371 -0.00567942 -0.00471448 0.00769135 -0.00840504 -0.0156916 -0.00431788 0.00597994 -0.00245422 5.34273e-05 -0.000596406 -0.0108513 -0.0208093 0.00282736 -0.00893806 -0.0310795 0.00543383 0.0416377 -0.00705644 0.00332045 -0.0387946 -0.044446 -0.0629754 0.000429153 0.00138361 0.00262289 0.00321101 0.00733397
internal_weight=2.73784e+06 41284.8 38902.5 27751.2 27275.8 6253.2 21022.6 9938.24 4905.24 11151.3 5088.32 2.69656e+06 987909 12136.4 7023.31 5113.08 3924.12 1794.64 2856.16 1188.96 2158.04 830.063 4167.15 3754.69 1786.06 1.70865e+06 711872 432977 417280 121063
internal_count=7999689 125150 116791 84427 82606 17450 65156 31791 14789 32364 15328 7874539 2896982 41292 24439 16853 13943 6864 8766 2910 7196 2675 15673 14585 7500 4977557 2047522 1216739 1164959 333294
is_linear=0
shrinkage=0.05


Tree=195
num_leaves=31
num_cat=0
split_feature=33 30 48 55 54 54 85 36 90 45 104 94 62 41 104 85 36 25 62 85 12 53 97 36 35 104 53 8 36 39
split_gain=226.823 239.55 784.304 847.005 777.68 1794.98 1296.08 1702.42 1529.08 883.437 1131.93 816.016 727.72 671.089 557.635 507.268 1112.75 640.979 473.352 469.705 838.775 811.859 783.348 746.609 690.841 533.583 425.996 387.669 596.108 906.231
threshold=0.30000000447034841 0.92250001430511486 0.56457334756851207 30795.000000000004 196127.50000000003 307125.00000000006 0.90000000596046459 -15.52341842651367 3291.306518554688 1.0012390017509463 7.7262258529663095 3030.7614746093755 46.068367004394538 1.0088389515876772 7.9809625148773202 0.90000000596046459 5.4518158435821542 2.99071216583252 21.385493278503422 0.90000000596046459 0.014842783566564323 0.87837970256805431 -5.7532968521118155 -1.059911787509918 10.130471229553224 7.7372786998748788 1.0000000180025095e-35 -0.0035653947852551933 17.016695022583011 -1.4745617508888242
decision_type=2 2 2 2 2 2 2 2 2 2 2 2 2 2 2 2 2 2 2 2 2 2 2 2 2 2 2 2 2 2
left_child=1 27 3 4 13 6 7 -6 -8 10 -7 -11 19 14 26 16 -15 -17 -16 20 23 -21 -22 -4 -24 -23 -3 28 -1 -30
right_child=-2 2 12 -5 5 9 8 -9 -10 11 -12 -13 -14 15 18 17 -18 -19 -20 21 22 25 24 -25 -26 -27 -28 -29 29 -31
leaf_value=-0.001769828220107735 -0.016060323958348062 0.0059083927997805735 -0.066588671497551558 0.031878125483249038 -0.022186487108701341 0.0044879837961282068 0.071899548866339563 0.024788847698225924 -0.0023506020055800926 0.0095303264286427415 -0.0064481143114947879 -0.0086961186870596306 0.0042684914962374965 0.0279694072128885 0.0031410834665007597 0.0086287567166952097 -0.023081400393940583 -0.035737543921633322 -0.00373552821315254 -0.014824046356792667 0.069913597957759532 0.081751546725232771 -0.029698341639736121 0.054320261360792613 0.041231131645801306 0.011619938692721515 -0.051034855457218489 0.00016454256267112716 0.018660937500846041 -0.0036600281581209274
leaf_weight=464370.13407714665 2193.1096426025033 486.20745997130871 159.81392480432987 2342.30219219625 2115.5236459821463 43287.999920763075 730.31957924365997 21747.391994431615 13365.365479722619 41103.55214650929 52182.762661442161 7218.4310050755739 9176.1800972744823 5829.8596004843712 34711.189332582057 2996.9873849153519 1305.6951928734779 1116.5537124201655 89668.099180176854 4895.8183579742908 213.31063684821129 315.04121851921082 8503.9524275958538 619.5688394010067 356.82974328100681 1918.0754835158587 1009.043778821826 1904788.5509162694 9058.5558228194714 9128.7257832363248
leaf_count=1383258 7227 1331 604 5461 6524 122550 1540 53408 39520 113936 153963 21807 26179 13984 98175 8371 4161 3898 263465 15627 398 616 28437 1268 804 5316 3505 5559581 24391 27761
internal_value=9.45787e-06 2.23527e-05 0.00124914 0.00192714 0.00170702 0.00385177 0.0135227 0.0206234 0.00150089 0.00129872 -0.00148946 0.0068074 -0.00707605 -0.00113572 -0.00218145 0.0105644 0.0186253 -0.0034183 -0.00181639 -0.0132061 -0.0202786 -0.0034284 -0.0245547 0.0294677 -0.0268371 0.0215483 -0.0325238 -0.000156152 -0.00142203 0.00745754
internal_weight=2.73691e+06 2.73472e+06 347376 321217 318875 181751 37958.6 23862.9 14095.7 143793 95470.8 48322 26158.6 137124 125875 11249.1 7135.55 4113.54 124379 16982.4 9853.48 7128.94 9074.09 779.383 8860.78 2233.12 1495.25 2.38735e+06 482557 18187.3
internal_count=7997066 7989839 994848 915599 910138 513248 100992 59932 41060 412256 276513 135743 79249 396890 366476 30414 18145 12269 361640 53070 31511 21559 29639 1872 29241 5932 4836 6994991 1435410 52152
is_linear=0
shrinkage=0.05


Tree=196
num_leaves=31
num_cat=0
split_feature=22 38 6 46 90 55 54 54 42 49 50 94 25 38 85 49 54 85 87 54 21 54 63 85 94 30 85 39 85 46
split_gain=229.059 748.891 1124.34 766.627 740.442 1956.35 1683.09 2237.48 1451.29 1223.74 1209.47 1176.17 1409.8 1238.5 1143.48 1083.31 954.564 3696.97 3636.8 952.133 1510.32 977.169 861.049 1532.24 910.096 763.729 822.405 694.387 659.139 657.165
threshold=1.5000000000000002 1.8691753149032595 -0.0079737501218914968 0.28978522121906286 3128.3024902343755 -498512.49999999994 497535.00000000006 485925.00000000006 1.0037111043930056 0.58244305849075328 232.50000000000003 4018.4589843750005 1.2486590743064883 22.417093276977543 0.90000000596046459 -0.84915164113044728 4572.5000000000009 0.90000000596046459 1.0000000180025095e-35 114052.50000000001 20.500000000000004 105057.50000000001 -0.057918766513466828 0.90000000596046459 3341.7194824218755 0.49250000715255743 0.90000000596046459 -16.50684833526611 0.90000000596046459 0.034657897427678115
decision_type=2 2 2 2 2 2 2 2 2 2 2 2 2 2 2 2 2 2 2 2 2 2 2 2 2 2 2 2 2 2
left_child=1 2 -1 4 5 15 7 10 14 -9 -7 13 16 22 -8 25 17 -13 -18 21 -21 -14 23 -6 -24 26 -3 -4 -10 -15
right_child=-2 3 27 -5 11 6 8 9 28 -11 -12 12 19 29 -16 -17 18 -19 -20 20 -22 -23 24 -25 -26 -27 -28 -29 -30 -31
leaf_value=-0.0091798806160543651 -0.0002926133658156807 0.054339847514635921 0.017808843150558844 0.027599918340498943 -0.026037785651618746 0.0061558870265968624 -0.035304156559546912 -0.066230109887925756 0.074596881585775432 0.011721914218539402 0.034516607962405577 -0.029548961404574921 -0.0039550955589399053 -0.038696969666107861 0.042605723301686202 -0.0054016053709124105 -0.0108663038886049 0.026757952064277502 0.026324636941472881 0.026747649926341727 -0.043608398189543984 -0.047828181947489251 0.0021457724339292434 -0.0022826162357336591 -0.0097729838589291108 0.0042748183407126349 -0.0095912976353446696 0.0024116030855644553 0.024126474800673349 0.0096813125790646565
leaf_weight=20962.804167591035 1907456.6621785983 1647.8142155110836 7454.5558739155531 2345.9459870010614 16026.021587148309 48000.462780602276 968.90739880502224 1597.1044518202543 2038.1453143656254 734.50248572230339 4077.8932701796293 6374.7193088680506 75043.52588377893 739.06839503347874 914.49236184358597 76475.838685877621 10192.374285623431 5369.8627230674028 18508.522719025612 5035.6448452174664 897.9608039855957 1290.0207998156548 24707.564878985286 11776.771748453379 45526.368624284863 14774.283635884523 723.32907611131668 410567.66037847847 949.88465450704098 13628.495677083731
leaf_count=64233 5596136 3312 19379 5736 51576 131517 3087 6379 3559 2085 9528 21310 225634 2596 2194 230933 31497 14277 46337 12790 3207 4744 71437 35064 139793 41707 2334 1173559 2494 38632
internal_value=9.00674e-06 0.000702721 0.00211956 -0.000890576 -0.00106291 0.00164553 0.00875292 0.00623156 0.0369064 -0.041677 0.00837733 -0.0028243 0.000560291 -0.0065193 0.00252518 -0.0028549 0.00820355 -0.00380378 0.0131172 -0.0031974 0.0160939 -0.00469722 -0.00852852 -0.0159761 -0.00558005 0.00850385 0.0348394 0.00268623 0.0585676 0.00718986
internal_weight=2.73681e+06 829351 438985 390366 388020 152903 59281.4 54410 4871.43 2331.61 52078.4 235117 122713 112404 1883.4 93621.3 40445.5 11744.6 28700.9 82267.2 5933.61 76333.5 98036.7 27802.8 70233.9 17145.4 2371.14 418022 2988.03 14367.6
internal_count=7997066 2400930 1257171 1143759 1138023 439129 160843 149509 11334 8464 141045 698894 359796 339098 5281 278286 113421 35587 77834 246375 15997 230378 297870 86640 211230 47353 5646 1192938 6053 41228
is_linear=0
shrinkage=0.05


Tree=197
num_leaves=31
num_cat=0
split_feature=46 13 49 31 22 36 87 54 39 36 28 7 63 90 87 87 54 39 90 54 54 39 24 54 22 22 54 54 104 8
split_gain=228.585 662.841 1161.86 669.283 971.076 1005.33 980.379 1432.16 868.609 881.305 1461.45 864.698 720.217 648.092 1356.2 761.476 2439.49 2042.69 2127.24 3492.64 2865.28 1884.12 1679.98 1637.4 3050.91 1723.51 1246.52 1368.01 1216.74 840.565
threshold=0.061048159375786788 0.014032729901373388 -0.72982063889503468 990.50708007812511 1.0000000180025095e-35 14.592020511627199 1.0000000180025095e-35 749357.50000000012 13.523601055145265 -24.254044532775875 0.97499999403953563 0.005947541445493699 -0.061235327273607247 4657.3381347656259 1.0000000180025095e-35 1.0000000180025095e-35 413952.50000000006 4.3387863636016855 3012.5065917968755 181927.50000000003 445370.00000000006 5.6954755783081064 52.474706649780281 216592.50000000003 3.5000000000000004 3.5000000000000004 616457.50000000012 645637.50000000012 7.7174882888793954 0.0039938059635460385
decision_type=2 2 2 2 2 2 2 2 2 2 2 2 2 2 2 2 2 2 2 2 2 2 2 2 2 2 2 2 2 2
left_child=1 2 -1 -3 5 -5 7 -6 9 10 -8 -10 -11 15 -15 16 21 23 20 -20 -19 29 -23 24 -17 -25 28 -28 -18 -4
right_child=-2 3 13 4 6 -7 8 -9 11 12 -12 -13 -14 14 -16 17 26 18 19 -21 -22 22 -24 25 -26 -27 27 -29 -30 -31
leaf_value=-0.005420502698733112 0.00027647609224230066 -0.0009224506442879637 0.0015807756995841284 -0.0030907695273736067 -0.0040634714654608824 0.025276932592086576 -0.0071025802601023249 0.045681495545445511 -0.041709602994745437 -0.003265537776770135 0.04387716164136532 0.041777299224638596 -0.019567378043837066 0.078748680482067623 -0.018510074070184467 0.0048996617364491998 -0.025953288085089007 0.03587048089788266 0.042150507137032264 -0.023570777470347408 -0.0015436072423798087 0.035349870602744145 0.0034429573167866034 0.006358684241941949 -0.036657139446035235 0.021317671515205992 0.013825370160793339 -0.0059572398635080017 -0.0073699255255568882 -0.061475408002175304
leaf_weight=70737.652226954699 2036673.3788620085 176028.03491257876 33770.077608838677 10225.444162681699 29948.476314648986 4495.3451838046312 7009.397165812552 1519.3254571780562 3817.5670589879155 9625.7799557596445 1757.4345516487956 336.71255795657635 22888.830589093268 795.24424609541893 651.18422912061214 20018.235655486584 11745.943324498832 5613.9979618042707 2262.7873427271843 18892.186999887228 57725.634311810136 9221.9252807796001 7465.4737440049648 84788.219845041633 5665.7308703064919 24913.392787992954 12339.672252215445 29941.89446053654 35220.867015704513 535.91427278518677
leaf_count=210241 5930082 522191 99450 31203 93815 11621 21577 4009 13452 28545 3985 821 73541 1521 2127 56789 40760 12687 5279 61171 168626 22424 21888 232600 19086 63276 34932 95324 112040 2003
internal_value=8.58172e-06 -0.000770904 0.000439763 -0.00272636 -0.00619192 0.00557278 -0.00844401 -0.00166016 -0.0131421 -0.0109483 0.00312029 -0.0349332 -0.0147417 0.0015863 0.0349767 0.00145208 -0.0014268 0.00328827 -0.00281194 -0.0165392 0.00177296 0.00729724 0.021077 0.00709547 -0.0042684 0.0097561 -0.0064115 -0.000183471 -0.012018 0.000593829
internal_weight=2.73663e+06 699958 432306 267652 91624.3 14720.8 76903.5 31467.8 45435.7 41281.4 8766.83 4154.28 32514.6 361568 1446.43 360122 140242 219880 84494.6 21155 63339.6 50993.4 16687.4 135386 25684 109702 89248.4 42281.6 46966.8 34306
internal_count=7997066 2066984 1262224 804760 282569 42824 239745 97824 141921 127648 25562 14273 102086 1051983 3648 1048335 428821 619514 247763 66450 181313 145765 44312 371751 75875 295876 283056 130256 152800 101453
is_linear=0
shrinkage=0.05


Tree=198
num_leaves=31
num_cat=0
split_feature=25 25 55 90 54 85 25 78 25 22 50 49 62 39 28 9 54 25 54 85 86 85 49 22 54 25 35 55 39 85
split_gain=230.377 1554.41 1544 977.609 1381.14 1670.97 3966.41 2311.17 1910.69 2813.91 1800.3 1175.86 1130.13 1053.96 839.973 1685.34 1169.87 771.929 884.462 1637.07 886.997 872.82 1037.97 745.781 721.353 710.676 1400.77 1291.68 1291.18 1850.37
threshold=1.098115921020508 1.2696490287780764 22397.500000000004 2423.3530273437505 564057.50000000012 0.90000000596046459 1.1759058833122256 1.5000000000000002 1.1759058833122256 3.5000000000000004 -752.49999999999989 -0.71473535895347584 31.536746025085453 -10.600213527679442 0.77500000596046459 0.15201283991336825 554910.00000000012 1.279006361961365 266775.00000000006 0.90000000596046459 6.0000000000000009 0.90000000596046459 0.22706275433301928 1.5000000000000002 214082.50000000003 1.0450638532638552 0.97117865085601818 -676727.49999999988 0.30803303420543676 0.90000000596046459
decision_type=2 2 2 2 2 2 2 2 2 2 2 2 2 2 2 2 2 2 2 2 2 2 2 2 2 2 2 2 2 2
left_child=25 2 3 12 13 8 7 -7 11 -10 -8 -6 23 24 15 -15 -16 18 19 20 -3 22 -20 -2 -5 -1 28 -28 29 -27
right_child=1 17 -4 4 5 6 10 -9 9 -11 -12 -13 -14 14 16 -17 -18 -19 21 -21 -22 -23 -24 -25 -26 26 27 -29 -30 -31
leaf_value=-0.00016261972021379742 -0.0041604483076067064 -0.02283313590374543 -0.045689132010531167 0.038257275153374432 0.053462800957687046 0.020332213319571246 0.065304556967591867 -0.038802485898608116 -0.023812181917009182 0.02453980498220797 0.011464820734146418 0.023051231258632177 0.012722035831631451 -0.0078915412490656086 0.0086267689839690572 0.0051339988924743512 -0.04245672937186775 -0.00021393166549563814 -0.0043507999225567643 0.0018755474150454886 -0.081915525170325243 -0.029298289090143544 0.058081182459201609 -0.054186511603344936 -0.025803623457603383 0.020511618389526795 0.020892485416875297 -0.013221572931583403 -0.011418554738971376 -0.0094317412643524015
leaf_weight=1362093.339409031 1188.6219514161348 1115.5061555057764 1546.9869218692183 485.53938138484955 4168.6815164536238 2218.6345302462578 2034.688798263669 6464.7477381750941 5110.4957532733679 7314.2633166313171 6547.8197433575988 13392.88877338171 1959.0387725681067 36782.948456972837 70636.402241155505 76435.788209348917 1137.8357775658369 1043766.3371546194 1920.7824134677649 2231.0466627031565 1478.5918248444796 1527.6579872742295 1017.6945509761572 1996.9719614386559 4543.5568405091763 14132.382957324386 2974.2649440094829 41178.74256592989 10905.691809132695 8124.6211850494146
leaf_count=3980181 4074 3851 5828 1212 8677 5172 4545 23872 16264 18170 19029 33811 5651 110821 196408 214532 3927 3064331 5385 6616 5788 5124 1989 7662 14942 35891 7989 127087 33444 24793
internal_value=8.1692e-06 0.000491469 0.00408763 0.00440549 0.00487307 0.0125229 0.000131396 -0.0236922 0.0196574 0.00465117 0.0242355 0.0302731 -0.0171557 0.00297074 0.00358477 0.000902134 0.00781629 -0.000341666 -0.0146891 -0.0295284 -0.0565296 0.00134507 0.0172822 -0.0355293 -0.0196114 -0.000427319 -0.00509048 -0.010923 0.00267495 0.00958104
internal_weight=2.73643e+06 1.29702e+06 243966 242419 237274 47252.2 17265.9 8683.38 29986.3 12424.8 8582.51 17561.6 5144.63 190022 184993 113219 71774.2 1.05306e+06 9291.28 4825.14 2594.1 4466.13 2938.48 3185.59 5029.1 1.43941e+06 77315.7 44153 33162.7 22257
internal_count=7997066 3787681 694597 688769 671382 129540 52618 29044 76922 34434 23574 42488 17387 541842 525688 325353 200335 3093084 28753 16255 9639 12498 7374 11736 16154 4209385 229204 135076 94128 60684
is_linear=0
shrinkage=0.05


Tree=199
num_leaves=31
num_cat=0
split_feature=86 55 39 75 45 46 25 55 94 37 36 53 51 37 90 97 31 65 55 55 53 75 54 42 90 49 75 54 75 13
split_gain=216.842 525.772 640.047 820.794 716.781 639.08 739.512 538.444 619.877 461.582 450.911 443.326 425.261 571.118 483.661 509.094 428.864 413.176 396.558 650.441 620.702 1203.58 562.832 624.094 585.082 790.068 848.528 682.481 562.262 507.993
threshold=6.0000000000000009 -656517.49999999988 -4.3713622093200675 2.1524704694747929 1.0017301440238955 0.052996421232819564 1.1202892661094668 -667777.49999999988 2522.0649414062505 -0.9624781310558318 0.28186251223087316 1.0000000180025095e-35 -192.49999999999997 6.757063865661622 2423.3530273437505 3.8383091688156132 3083.518188476563 0.011239822022616865 -618137.49999999988 -606402.49999999988 1.0000000180025095e-35 1.4591769576072695 598302.50000000012 1.0053434967994692 2625.2751464843755 -0.9686339497566222 1.4963722229003908 586847.50000000012 4.184809923171998 0.024302656762301925
decision_type=2 2 2 2 2 2 2 2 2 2 2 2 2 2 2 2 2 2 2 2 2 2 2 2 2 2 2 2 2 2
left_child=1 2 5 4 7 -1 -7 8 11 -10 -9 -4 13 17 15 -14 -16 -5 -3 20 21 -20 24 28 25 -21 -27 -26 -24 -29
right_child=-2 18 3 12 -6 6 -8 10 9 -11 -12 -13 14 -15 16 -17 -18 -19 19 22 -22 -23 23 -25 27 26 -28 29 -30 -31
leaf_value=0.016160320531268122 0.00024757187028305881 0.006096190773105096 -0.025744700669752808 -0.018985604811709078 -0.033092398234874705 -0.018037044552596696 0.011163926935964609 -0.037134057630056914 0.066305871526760624 0.0065573422518902793 0.047836432790880734 -0.0060709688720030673 0.026014043714590287 -0.02056936441862775 -0.0027666795952013216 -0.035839439706446589 0.093431480407804357 0.01334618015048262 -0.064205595229168397 0.029919274061275997 -0.024085068659337919 0.031513111139375598 0.03139134172344709 -0.031422800697692738 -0.00018790439878187267 -0.042392816324983228 -0.0082613479475277894 -0.040927736191555833 -0.028826144785185293 0.043726690001785161
leaf_weight=6153.5039258226752 2120739.6823037043 22998.815677821636 3880.0250374898314 1413.7754487246275 4257.7778396978974 4805.5948201939464 3948.7564957886934 2436.6063401997089 379.18600004911423 2162.2955813705921 165.92652748525143 10929.122185207903 3381.4733026102185 5107.0258024483919 8734.0508203431964 368.01708985120058 116.41385398805141 3275.4798931181431 425.6626214236021 1054.2273191213608 5383.6574751883745 1425.1696421504021 3419.5431189090014 570.4232355505228 505502.37635771185 2298.6413885802031 8754.4329676628113 1563.4040135145187 436.31630745530128 198.97192926704884
leaf_count=17098 6098885 68209 14404 4836 16759 16743 12368 9059 788 6906 431 36576 9942 17725 27426 1406 200 9635 1611 2753 18313 3563 8830 2128 1546203 8746 27956 5639 1444 484
internal_value=7.77065e-06 -0.000818406 -0.00520383 -0.00808829 -0.0144699 0.00381363 -0.00486525 -0.0104944 -0.00731189 0.0154963 -0.0316985 -0.0112273 -0.00118904 -0.00900257 0.0048857 0.0199338 -0.00149037 0.00359535 -0.000331468 -0.000609868 -0.0154987 0.00947381 -0.00040419 0.0173478 -0.000555522 -0.0114176 -0.0153631 -0.000296235 0.0245703 -0.0313481
internal_weight=2.73629e+06 615547 61515 46607.2 24210.9 14907.9 8754.35 19953.2 17350.6 2541.48 2602.53 14809.1 22396.2 9796.28 12600 3749.49 8850.46 4689.26 554032 531033 7234.49 1850.83 523798 4426.28 519372 12107.3 11053.1 507265 3855.86 1762.38
internal_count=7997066 1898181 202302 156093 84923 46209 29111 68164 58674 7694 9490 50980 71170 32196 38974 11348 27626 14471 1695879 1627670 23487 5174 1604183 12402 1591781 39455 36702 1552326 10274 6123
is_linear=0
shrinkage=0.05


end of trees

feature_importances:
f54=569
f55=539
f25=392
f85=251
f90=243
f79=239
f77=202
f37=196
f49=193
f36=192
f86=169
f42=156
f87=148
f22=144
f94=139
f13=138
f39=121
f46=114
f53=106
f48=105
f35=100
f50=95
f30=93
f78=81
f26=78
f99=77
f38=73
f62=69
f100=61
f12=60
f80=55
f104=49
f97=47
f81=46
f31=45
f7=42
f84=41
f28=34
f8=33
f24=32
f9=31
f41=31
f65=30
f6=27
f73=27
f29=24
f45=24
f44=22
f40=20
f63=18
f21=17
f51=15
f43=14
f75=13
f14=11
f11=10
f47=10
f64=10
f27=9
f52=9
f74=7
f95=7
f33=6
f82=6
f105=5
f5=4
f98=4
f16=3
f60=3
f93=3
f0=2
f18=2
f61=2
f92=2
f17=1
f20=1
f23=1
f66=1
f101=1

parameters:
[boosting: gbdt]
[objective: binary]
[metric: binary_logloss]
[tree_learner: serial]
[device_type: cpu]
[data_sample_strategy: bagging]
[data: ]
[valid: ]
[num_iterations: 200]
[learning_rate: 0.05]
[num_leaves: 31]
[num_threads: 4]
[seed: 7]
[deterministic: 0]
[force_col_wise: 0]
[force_row_wise: 0]
[histogram_pool_size: -1]
[max_depth: 8]
[min_data_in_leaf: 100]
[min_sum_hessian_in_leaf: 0.001]
[bagging_fraction: 0.8]
[pos_bagging_fraction: 1]
[neg_bagging_fraction: 1]
[bagging_freq: 5]
[bagging_seed: 17422]
[bagging_by_query: 0]
[feature_fraction: 0.8]
[feature_fraction_bynode: 1]
[feature_fraction_seed: 7040]
[extra_trees: 0]
[extra_seed: 6516]
[early_stopping_round: 0]
[early_stopping_min_delta: 0]
[first_metric_only: 0]
[max_delta_step: 0]
[lambda_l1: 0.1]
[lambda_l2: 1]
[linear_lambda: 0]
[min_gain_to_split: 0]
[drop_rate: 0.1]
[max_drop: 50]
[skip_drop: 0.5]
[xgboost_dart_mode: 0]
[uniform_drop: 0]
[drop_seed: 15215]
[top_rate: 0.2]
[other_rate: 0.1]
[min_data_per_group: 100]
[max_cat_threshold: 32]
[cat_l2: 10]
[cat_smooth: 10]
[max_cat_to_onehot: 4]
[top_k: 20]
[monotone_constraints: ]
[monotone_constraints_method: basic]
[monotone_penalty: 0]
[feature_contri: ]
[forcedsplits_filename: ]
[refit_decay_rate: 0.9]
[cegb_tradeoff: 1]
[cegb_penalty_split: 0]
[cegb_penalty_feature_lazy: ]
[cegb_penalty_feature_coupled: ]
[path_smooth: 0]
[interaction_constraints: ]
[verbosity: -1]
[saved_feature_importance_type: 0]
[use_quantized_grad: 0]
[num_grad_quant_bins: 4]
[quant_train_renew_leaf: 0]
[stochastic_rounding: 1]
[linear_tree: 0]
[max_bin: 255]
[max_bin_by_feature: ]
[min_data_in_bin: 3]
[bin_construct_sample_cnt: 200000]
[data_random_seed: 61]
[is_enable_sparse: 1]
[enable_bundle: 1]
[use_missing: 1]
[zero_as_missing: 0]
[feature_pre_filter: 1]
[pre_partition: 0]
[two_round: 0]
[header: 0]
[label_column: ]
[weight_column: ]
[group_column: ]
[ignore_column: ]
[categorical_feature: ]
[forcedbins_filename: ]
[precise_float_parser: 0]
[parser_config_file: ]
[objective_seed: 15521]
[num_class: 1]
[is_unbalance: 1]
[scale_pos_weight: 1]
[sigmoid: 1]
[boost_from_average: 1]
[reg_sqrt: 0]
[alpha: 0.9]
[fair_c: 1]
[poisson_max_delta_step: 0.7]
[tweedie_variance_power: 1.5]
[lambdarank_truncation_level: 30]
[lambdarank_norm: 1]
[label_gain: ]
[lambdarank_position_bias_regularization: 0]
[eval_at: ]
[multi_error_top_k: 1]
[auc_mu_weights: ]
[num_machines: 1]
[local_listen_port: 12400]
[time_out: 120]
[machine_list_filename: ]
[machines: ]
[gpu_platform_id: -1]
[gpu_device_id: -1]
[gpu_device_id_list: ]
[gpu_use_dp: 0]
[num_gpu: 1]

end of parameters

pandas_categorical:null
