tree
version=v4
num_class=1
num_tree_per_iteration=1
label_index=0
max_feature_idx=105
objective=binary sigmoid:1
feature_names=f0 f1 f2 f3 f4 f5 f6 f7 f8 f9 f10 f11 f12 f13 f14 f15 f16 f17 f18 f19 f20 f21 f22 f23 f24 f25 f26 f27 f28 f29 f30 f31 f32 f33 f34 f35 f36 f37 f38 f39 f40 f41 f42 f43 f44 f45 f46 f47 f48 f49 f50 f51 f52 f53 f54 f55 f56 f57 f58 f59 f60 f61 f62 f63 f64 f65 f66 f67 f68 f69 f70 f71 f72 f73 f74 f75 f76 f77 f78 f79 f80 f81 f82 f83 f84 f85 f86 f87 f88 f89 f90 f91 f92 f93 f94 f95 f96 f97 f98 f99 f100 f101 f102 f103 f104 f105
feature_infos=[-0.019770435988903046:0.017498468980193138] [-0.024419091641902924:0.027959560975432396] [-0.028708651661872864:0.034524004906415939] [-0.0365598164498806:0.026986267417669296] [-0.040809061378240585:0.040974706411361694] [-0.046328328549861908:0.048986237496137619] [-0.066508814692497253:0.044640447944402695] [-0.064746856689453125:0.044576950371265411] [-0.039115514606237411:0.057504191994667053] [0.00031386298360303044:3.2084376811981201] [-0.56213229894638062:1.5621322393417358] [0.00023310798860620707:0.42030718922615051] [0.0023052021861076355:0.31019604206085205] [0.0016603663098067045:0.25311490893363953] [8.8268032073974609:100] [0:100] [0.14006848633289337:99.572288513183594] [0:100] [0:1] [0:1] [-13:16] [0:23] [0:4] [0:3] [0:100] [0.006479332223534584:16.475753784179688] [-3.9438199996948242:4.6093354225158691] [-2.3808462619781494:2.6650204658508301] [0:1] [0.004999999888241291:1] [0.004999999888241291:1] [0.0026386838871985674:141779.109375] [0:8.2258386611938477] [0:0.60000002384185791] [0:1] [-71.760948181152344:263.45785522460938] [-103.92991638183594:71.230201721191406] [-58.84515380859375:277.67706298828125] [-71.752655029296875:263.1895751953125] [-109.55686950683594:151.55303955078125] [-0.90096884965896606:1] [0.9377555251121521:1.0288935899734497] [0.92496746778488159:1.0355143547058105] [0.9357181191444397:1.0284605026245117] [0.94600635766983032:1.0309566259384155] [0.93353533744812012:1.0266619920730591] [0.0025717266835272312:1.0752960443496704] [-0.91157501935958862:0.899635910987854] [-1:1] [-1:1] [-1015:420] [-715:720] [-175:1260] [-0.43388372659683228:0.97492790222167969] [0:767060] [-767060:34555] [0:1] [-1:1] [0:1] [0:1] [-0.61547040939331055:0.62867230176925659] [-0.34911000728607178:0.43690782785415649] [5.8751688003540039:72.376716613769531] [-0.89818483591079712:1] [-400:400] [0:3] [0:1] [0:1] [0:1] [0:1] [-1:1] [0:1] [-1:1] [0.30000001192092896:233.63792419433594] [0.64999997615814209:1061.070068359375] [0.30000001192092896:233.63792419433594] [0.64999997615814209:1061.070068359375] [0.80000001192092896:4.5] [0.80000001192092896:4.5] [1.301236629486084:11.666666984558105] [1.301236629486084:11.666666984558105] [0:0.92746591567993164] [0:1146610515968] [0:1] [-0.052631579339504242:0.052631579339504242] [0.80000001192092896:1] [1:10] [0:2] [0:1] [0:1] [0:5449.02490234375] [-13.285503387451172:23.544645309448242] [-30.851865768432617:23.980142593383789] [0:0.94535070657730103] [0:5449.02490234375] [0:999] [0:1] [-6.1270933151245117:6.1196308135986328] [-13.403838157653809:13.403364181518555] [0:406800.53125] [0:406800.53125] [0:1] [0:0.94999998807907104] [0:0.10000000149011612] [0:8.5433473587036133] [-4.8685559056460548e-11:1]
tree_sizes=3554 3572 3597 3594 3561 3574 3600 3585 3597 3572 3566 3599 3592 3570 3570 3594 3585 3622 3581 3585 3584 3588 3572 3586 3593 3598 3578 3590 3612 3603 3577 3596 3583 3604 3593 3593 3626 3599 3613 3613 3620 3558 3626 3586 3612 3622 3634 3609 3670 3637 3637 3630 3628 3627 3588 3617 3613 3616 3626 3611 3622 3616 3614 3624 3585 3601 3614 3610 3579 3605 3622 3605 3599 3620 3603 3596 3627 3612 3599 3644 3571 3574 3640 3551 3584 3607 3613 3610 3634 3616 3629 3598 3605 3563 3600 3615 3629 3596 3593 3615 3597 3596 3607 3610 3642 3608 3610 3550 3619 3606 3597 3587 3578 3601 3607 3628 3556 3620 3551 3605 3650 3549 3583 3629 3601 3591 3619 3606 3576 3573 3624 3579 3625 3581 3624 3605 3577 3521 3551 3605 3614 3644 3617 3583 3635 3565 3574 3611 3520 3574 3607 3516 3552 3599 3525 3618 3569 3600 3565 3543 3561 3593 3550 3574 3540 3551 3619 3585 3619 3571 3552 3607 3608 3640 3556 3615 3585 3573 3647 3570 3617 3653 3592 3581 3577 3586 3579 3533 3585 3590 3588 3636 3578 3594 3588 3594 3624 3549 3580 3592

Tree=0
num_leaves=31
num_cat=0
split_feature=80 80 77 86 87 77 80 80 77 86 87 80 55 80 77 49 74 54 84 55 55 86 80 22 80 94 84 49 55 77
split_gain=470673 122767 70008.8 138326 44434.2 28151.2 22352.6 21337.4 13438.4 16601.5 6380.53 6375.65 5705.69 5031.87 5006.57 4903.48 4784.99 4356.23 4339.1 4277.55 4136.42 4129.49 3912.08 3423.19 3367.27 3073.91 2902.82 2782.33 2303.86 2296.62
threshold=4.8466784954071054 2.3275260925292973 1.2470506429672243 6.0000000000000009 1.0000000180025095e-35 3.0000000000000004 7.0276184082031259 3.0078439712524419 1.2470506429672243 6.0000000000000009 1.0000000180025095e-35 3.0790755748748784 -414397.49999999994 1.5545330047607424 4.2621526718139657 0.076279435306787505 4.9690077304840097 395377.50000000006 -1.0000000180025095e-35 -443802.49999999994 -475472.49999999994 6.0000000000000009 3.31837010383606 1.5000000000000002 3.0228106975555424 2691.536499023438 -1.0000000180025095e-35 -0.11969653144478797 -414397.49999999994 0.96901690959930431
decision_type=2 2 2 2 2 2 2 2 2 2 2 2 2 2 2 2 2 2 2 2 2 2 2 2 2 2 2 2 2 2
left_child=1 8 3 11 7 24 16 -4 9 -1 -11 -3 19 -10 -7 17 21 23 -18 20 -5 -2 -9 -14 -6 -12 -8 -13 -16 -28
right_child=6 2 4 12 5 14 26 22 13 10 25 27 15 -15 28 -17 18 -19 -20 -21 -22 -23 -24 -25 -26 -27 29 -29 -30 -31
leaf_value=-0.97188759010599957 -1.0343961678803899 -0.99639506844878389 -0.99786724190460852 -0.93110357214653217 -0.99452205212452049 -0.98344248099103715 -0.94832113322213618 -1.0196336856728823 -0.96309542410624549 -0.96502719152603067 -0.92328189571231811 -1.0091636347267403 -0.95936102571120685 -0.97393212826892384 -0.95401939041534811 -0.96134643527257335 -0.93470860984740434 -1.0351867269831854 -0.92014991324619966 -0.89153846143041182 -0.97972993737483582 -0.93482045808102043 -1.0344920577737398 -0.93207789124887852 -1.0106544978184488 -0.94265577925486865 -0.92547189527062113 -1.0271731722598949 -0.9717355802067269 -0.93951448029437135
leaf_weight=78519.302657842636 1758.1789257526398 51679.27729845047 97334.711494624615 49590.270385742188 49960.175365626812 76060.115550637245 86399.040726721287 89284.848899483681 218506.5896115303 27694.346193194389 26300.756046950817 40858.635991811752 15236.891063809395 210260.4202452302 28148.385668158531 51448.443958759308 60803.09606307745 1193.2882319688797 325488.02248966694 6198.5605556964874 4799.8980097174644 2551.2215258479118 87924.012486875057 47012.530422568321 91756.865500509739 92847.343332052231 33244.247569262981 45135.143791377544 52824.168565869331 237213.47853261232
leaf_count=282643 7738 202265 382791 152579 194337 285058 284904 376048 761922 97254 78284 166603 52400 762379 94876 178244 189889 5264 955759 15926 17760 7970 387065 145235 375897 299424 99885 194462 190046 755440
internal_value=-0.963848 -0.979644 -0.991769 -0.972757 -1.00215 -0.98881 -0.931291 -1.01668 -0.963213 -0.953328 -0.943404 -1.01027 -0.943323 -0.968409 -0.974229 -0.949872 -0.923026 -0.940569 -0.922441 -0.930905 -0.935394 -0.97544 -1.02701 -0.938755 -1.00497 -0.938378 -0.940338 -1.01862 -0.965576 -0.937788
internal_weight=2.28803e+06 1.54057e+06 886446 313153 573293 298750 747457 274544 654129 225362 146842 137673 175480 428767 157033 114891 390601 63442.7 386291 60588.7 54390.2 4309.4 177209 62249.4 141717 119148 356857 85993.8 80972.6 270458
internal_count=8000347 5698762 3416856 1130738 2286118 1140214 2301585 1145904 2281906 757605 474962 563330 567408 1524301 569980 381143 1161356 202899 1145648 186265 170339 15708 763113 197635 570234 377708 1140229 361065 284922 855325
is_linear=0
shrinkage=1


Tree=1
num_leaves=31
num_cat=0
split_feature=80 80 77 86 87 77 80 80 77 86 80 87 94 77 80 74 80 86 84 49 54 80 50 55 55 55 84 55 22 54
split_gain=387005 103773 60010.2 116457 38851.8 24157.5 18963.2 17728.5 11094.6 13608 5693.41 5179.09 4673.64 4207.22 4194.05 3842.19 3544.23 3508.33 3415.37 3334.1 3057.29 2947.61 2844.36 2464.88 2591.26 2471.74 2334.66 2138.83 2478.17 2097.95
threshold=4.8466784954071054 2.3275260925292973 1.2470506429672243 6.0000000000000009 1.0000000180025095e-35 3.0000000000000004 3.0078439712524419 7.0276184082031259 1.2470506429672243 6.0000000000000009 2.8426212072372441 1.0000000180025095e-35 2691.536499023438 4.2621526718139657 1.5545330047607424 4.9690077304840097 3.31837010383606 6.0000000000000009 -1.0000000180025095e-35 0.098011311143636717 234025.00000000003 3.0228106975555424 92.500000000000014 -414397.49999999994 -443802.49999999994 -475472.49999999994 -1.0000000180025095e-35 -525607.49999999988 1.5000000000000002 650307.50000000012
decision_type=2 2 2 2 2 2 2 2 2 2 2 2 2 2 2 2 2 2 2 2 2 2 2 2 2 2 2 2 2 2
left_child=1 8 3 10 6 21 -4 15 9 29 -3 -11 27 -7 -10 17 -8 -2 -17 -14 -21 -6 -12 24 25 -13 -9 -5 -29 -1
right_child=7 2 4 12 5 13 16 26 14 11 22 23 19 -15 -16 18 -18 -19 -20 20 -22 -23 -24 -25 -26 -27 -28 28 -30 -31
leaf_value=0.05137729987370241 -0.0095031789305977943 0.028786535670484559 0.024926219928102795 0.09233064244460254 0.028019621886757926 0.038196232512002395 0.0045567116382949861 0.069778191484473007 0.056615544172455325 0.054881633483307872 0.01124593537501401 0.088042909624944696 0.076704042810209344 0.054387920887615508 0.046848368236639362 0.081753207574400882 -0.0095949136735816645 0.081658261083385503 0.094403262752900508 0.052206127224505683 0.074834683062433696 0.013010905480947854 -0.0094739661219798467 0.073403227939952853 0.12515909701024833 0.043137385444276664 0.079056716702638377 0.10123614325166393 0.0056299935102538581 0.024352490115251268
leaf_weight=72471.282249882817 1749.9092015326023 41798.375179111958 98548.825926363468 37584.514459699392 50661.362253397703 77519.792342066765 89487.142943292856 89455.455465093255 224755.44488561153 28461.715150237083 75579.359982848167 35258.123173192143 79476.284553781152 83195.084705382586 215222.18735596538 63331.209687322378 87506.465765446424 2657.1684519350529 341165.8357412219 37385.325687110424 24869.566000297666 92352.076189100742 21210.909654185176 81003.269453048706 4281.2819802165031 3359.7717934846878 281323.76077714562 1188.114960834384 1576.8389114141464 7975.1438045501709
leaf_count=252134 7738 160129 382791 107269 194337 285058 376048 284904 761922 97254 310030 102269 244346 284922 762379 189889 387065 7970 955759 128687 77599 375897 93171 253103 10535 11801 855325 3254 6253 30509
internal_value=0.0559338 0.0416545 0.0305495 0.047903 0.0209429 0.0332764 0.00734773 0.0847369 0.0565089 0.0653361 0.0133651 0.0741202 0.0741908 0.0465783 0.0518379 0.0919169 -0.0024399 0.0454659 0.0924229 0.0699151 0.0612469 0.0183278 0.00670521 0.078539 0.0882343 0.0841375 0.0768184 0.0892076 0.046736 0.0486986
internal_weight=2.35241e+06 1.57273e+06 899940 320669 579271 303728 275542 779683 672788 232811 138589 152364 182081 160715 439978 408904 176994 4407.08 404497 141731 62254.9 143013 96790.3 123902 42899.2 38617.9 370779 40349.5 2764.95 80446.4
internal_count=8000347 5698762 3416856 1130738 2286118 1140214 1145904 2301585 2281906 757605 563330 474962 567408 569980 1524301 1161356 763113 15708 1145648 450632 206286 570234 403201 377708 124605 114070 1140229 116776 9507 282643
is_linear=0
shrinkage=0.05


Tree=2
num_leaves=31
num_cat=0
split_feature=79 79 77 87 87 77 93 79 79 77 82 0 84 77 91 77 79 79 74 84 79 79 54 84 55 49 55 77 84 82
split_gain=323333 88429.5 51817.2 50321.2 34077.8 20852.9 18030.4 16874.2 14472.3 9304.06 5768.02 9367.13 4228.52 7051.15 3784.6 3571.21 3537.89 3210.55 3148.08 2774.1 2587.32 2426.2 2133.1 1921.3 1868.27 2082.38 1903.83 1779.25 1572.61 1559.93
threshold=4.8466784954071054 2.3275260925292973 1.2470506429672243 1.0000000180025095e-35 1.0000000180025095e-35 3.0000000000000004 0.016260575503110889 3.0078439712524419 7.0276184082031259 1.2470506429672243 1.0000000180025095e-35 -1.0000000180025095e-35 -1.0000000180025095e-35 0.84770509600639354 -6.0400644485980584e-09 4.2621526718139657 1.5545330047607424 3.31837010383606 4.9690077304840097 -1.0000000180025095e-35 3.0228106975555424 3.0790755748748784 11567.500000000002 -1.0000000180025095e-35 -414397.49999999994 0.054511256515979774 -443802.49999999994 0.96901690959930431 -1.0000000180025095e-35 1.0000000180025095e-35
decision_type=2 2 2 2 2 2 2 2 2 2 2 2 2 2 2 2 2 2 2 2 2 2 2 2 2 2 2 2 2 2
left_child=1 9 3 22 7 20 -5 -4 18 12 11 -8 -1 29 -13 -7 -11 -9 -2 -20 -6 -12 -3 -10 26 -26 -17 -25 -22 -14
right_child=8 2 4 6 5 15 10 17 23 16 21 14 13 -15 -16 24 -18 -19 19 -21 28 -23 -24 27 25 -27 -28 -29 -30 -31
leaf_value=0.048243892344970521 0.042336713897662664 0.058346419954289214 0.023405026861200082 0.058151883645202365 0.026273024088543762 0.035654606345435456 0.060863059398720158 0.0043193937555206603 0.064290143303000105 0.052438514623839 0.024902983198445788 0.046063385067832252 0.058661747055194974 0.077031792235480651 0.019436274500594857 0.056316472401372435 0.043568887956646804 -0.0091581257443095112 0.074978969070183643 0.086182302907942682 0.005673988897772422 0.0052646451326282609 0.077973006752155211 0.083002929044368901 0.053915086561950237 0.03446275303340144 0.098541937699152954 0.071109994909262356 0.018685963642169085 0.040355285820462272
leaf_weight=55736.716930627823 4491.7297814041376 16723.888286873698 99676.236110627651 50497.699963524938 51310.53172236681 78857.628689646721 21570.883790507913 89678.554221361876 92163.280911996961 230373.32250747085 25305.130541235209 16257.663119196892 104433.18616241217 66134.247475296259 74495.494305476546 26796.476045966148 219729.55632475019 87106.527626305819 65539.855640739202 354651.55722624063 45713.656783699989 41554.62424570322 80924.640986159444 35928.18599653244 30009.042652115226 25426.20336265862 2966.7284600734711 254919.45684345067 47197.333931207657 13109.453262358904
leaf_count=189536 15708 53138 382791 160231 194337 285058 67200 376048 284904 761922 96644 55273 331253 190918 291108 86866 762379 387065 189889 955759 188821 173405 233739 99885 99446 90600 8010 755440 187076 45898
internal_value=0.0518403 0.0388325 0.0286172 0.0445459 0.0197004 0.031131 0.0317629 0.00695418 0.0776333 0.052345 0.0243257 0.0312469 0.0603092 0.0639701 0.0242068 0.0433237 0.0481087 -0.00232131 0.0839899 0.084435 0.0172612 0.0126977 0.0746123 0.070585 0.0504215 0.0449939 0.0605287 0.0725794 0.0122841 0.0566204
internal_weight=2.40928e+06 1.60159e+06 912069 327330 584739 308278 229681 276461 807694 689516 179184 112324 239414 183677 90753.2 164056 450103 176785 424683 420191 144222 66859.8 97648.5 383011 85198.5 55435.2 29763.2 290848 92911 117543
internal_count=8000347 5698762 3416856 1130738 2286118 1140214 843861 1145904 2301585 2281906 683630 413581 757605 568069 346381 569980 1524301 763113 1161356 1145648 570234 270049 286877 1140229 284922 190046 94876 855325 375897 377151
is_linear=0
shrinkage=0.05


Tree=3
num_leaves=31
num_cat=0
split_feature=79 79 77 85 87 77 79 82 79 20 77 83 20 84 77 77 79 79 74 84 79 79 94 84 55 49 55 77 84 49
split_gain=273770 75887.1 45000.9 42804.3 29972.7 18093.3 15032.2 12321.1 12091.1 9252.5 7901.08 6411.19 5461.45 3582.19 5902.68 3057.78 3015.05 2907.92 2634.29 2311.2 2276.79 2239.98 2000.58 1611.58 1582.28 1774.34 1571.53 1477.85 1435.35 1433.92
threshold=4.8466784954071054 2.3275260925292973 1.2470506429672243 0.90000000596046459 1.0000000180025095e-35 3.0000000000000004 3.0078439712524419 1.0000000180025095e-35 7.0276184082031259 -1.0000000180025095e-35 1.2470506429672243 0.99000000953674328 1.5000000000000002 -1.0000000180025095e-35 0.84770509600639354 4.2621526718139657 1.5545330047607424 3.31837010383606 4.9690077304840097 -1.0000000180025095e-35 3.0228106975555424 2.8426212072372441 2691.536499023438 -1.0000000180025095e-35 -414397.49999999994 0.054511256515979774 -443802.49999999994 0.96901690959930431 -1.0000000180025095e-35 0.098011311143636717
decision_type=2 2 2 2 2 2 2 2 2 2 2 2 2 2 2 2 2 2 2 2 2 2 2 2 2 2 2 2 2 2
left_child=1 10 3 7 6 20 -4 9 18 -3 13 -11 -13 -1 -15 -7 28 -8 -2 -20 -6 -9 -5 -10 26 -26 -17 -25 -12 -24
right_child=8 2 4 22 5 15 17 21 23 11 16 12 -14 14 -16 24 -18 -19 19 -21 -22 -23 29 27 25 -27 -28 -29 -30 -31
leaf_value=0.044884796335400851 0.039486733090845917 0.056400992581032275 0.02199742502219295 0.081803556968388688 0.024662582149208606 0.033339174855584318 0.0040949368498343734 0.025630655851997055 0.059485591401734809 0.012186164957479765 0.038112785636440223 0.057768545712533342 0.029328472158649532 0.052541251828110307 0.070962454368725045 0.052247070563719349 0.040612736894894703 -0.0087396460381377068 0.069141475426668819 0.079218064674997535 0.011602124311946757 0.00609973117034772 0.070959140748928964 0.076326555747423613 0.050048095186737841 0.032254601197516899 0.089892120083704161 0.065655262175233944 0.05015716816397401 0.057273528360355902
leaf_weight=56881.723499447107 4573.0120944231749 45458.836162492633 100723.90954858065 22811.984167262912 51912.009673625231 80084.781868338585 89859.703078299761 21134.972010269761 94561.621591195464 35788.713869467378 28111.571364581585 23735.484514564276 58468.942046523094 120260.74750183523 68146.098230063915 27422.525230050087 223826.98584842682 86723.635151207447 67466.982759922743 366220.19958633184 93435.693311750889 48071.4971473068 43693.862187549472 37085.622589409351 30692.888305291533 25798.629897475243 3086.3728892803192 262097.70204246044 207314.42229479551 34139.840343147516
leaf_count=189536 15708 138374 382791 59870 194337 285058 376048 78932 284904 142810 94801 72611 212151 377151 190918 86866 762379 387065 189889 955759 375897 198700 122943 99885 99446 90600 8010 755440 667121 104347
internal_value=0.0482075 0.0362807 0.0268481 0.0415333 0.0185484 0.0291679 0.00658372 0.029748 0.0715389 0.0372351 0.0486384 0.0298507 0.0375408 0.055884 0.0592045 0.0403904 0.0447684 -0.00220837 0.0772525 0.0776507 0.0162669 0.0120646 0.0687763 0.065179 0.0468805 0.0419229 0.0560583 0.0669783 0.0487192 0.0649572
internal_weight=2.45959e+06 1.62759e+06 923044 333304 589740 312433 277307 232658 832005 163452 704542 117993 82204.4 245289 188407 167085 459253 176583 438260 433687 145348 69206.5 100646 393745 87000.4 56491.5 30508.9 299183 235426 77833.7
internal_count=8000347 5698762 3416856 1130738 2286118 1140214 1145904 843578 2301585 565946 2281906 427572 284762 757605 568069 569980 1524301 763113 1161356 1145648 570234 277632 287160 1140229 284922 190046 94876 855325 761922 227290
is_linear=0
shrinkage=0.05


Tree=4
num_leaves=31
num_cat=0
split_feature=79 79 77 86 85 77 79 79 77 86 79 85 94 55 55 49 54 79 79 55 74 86 25 94 54 22 49 35 25 55
split_gain=234404 65515 39284.3 77045.8 26398.1 15756.5 13405.4 10296.2 6782.18 8995.74 4508.19 3627.95 3563.15 2721.19 3012.1 2932.12 2672.31 2649.45 2592.04 2369.27 2238.99 2921.66 2219.15 3190.47 2245 2932.8 2151.95 2137.97 2296.77 2081.84
threshold=4.8466784954071054 2.3275260925292973 1.2470506429672243 6.0000000000000009 0.90000000596046459 3.0000000000000004 2.9067494869232182 7.0276184082031259 1.2470506429672243 6.0000000000000009 3.1146856546401982 0.90000000596046459 4461.2099609375009 -414397.49999999994 -443802.49999999994 1.0000000180025095e-35 395377.50000000006 3.3710188865661626 1.5545330047607424 -475472.49999999994 4.9690077304840097 6.0000000000000009 2.5971509218215947 2691.536499023438 101487.50000000001 2.5000000000000004 -0.11969653144478797 -7.336122751235961 0.63659965991973888 -626742.49999999988
decision_type=2 2 2 2 2 2 2 2 2 2 2 2 2 2 2 2 2 2 2 2 2 2 2 2 2 2 2 2 2 2
left_child=1 8 3 10 5 -4 -6 20 9 -1 -3 -11 22 14 19 16 -15 -8 -10 -7 21 -2 23 -5 -24 -26 29 -14 -29 -12
right_child=7 2 4 12 6 13 17 -9 18 11 26 -13 27 15 -16 -17 -18 -19 -20 -21 -22 -23 24 -25 25 -27 -28 28 -30 -31
leaf_value=0.038790599675878022 -0.012746484120082523 0.021125615111724196 0.015341722310312729 0.071906898109787065 0.020747806446620609 0.045966209846434632 0.0038817394522625451 0.060436445095652692 0.045383224282653956 0.062309339646960463 -0.01736666926655964 0.043217806959369498 0.010960924892189777 0.042411277703408662 0.080242237673619932 0.024578745958271309 -0.034293395894899478 -0.0083612743383799024 0.037933454962597896 0.0092582536285774515 0.071800685230737168 0.068547395132563735 0.10392760024723258 0.055878701404318415 0.02542435552621088 0.098529861765979818 -0.0046235676453968561 0.008319233925770381 0.053913114944018972 0.01624835712990624
leaf_weight=85506.116462886333 1809.2842079401016 59803.794739127159 146327.29815110564 43372.695194035769 101337.95134140551 48339.063319981098 91068.127058744431 403154.17517536879 239971.36166217923 134450.57621869445 5341.4547069966793 30551.12831223011 4276.1125568151474 56719.373327106237 5915.5418147295713 52772.793719172478 1157.9102602750063 85841.526404693723 227554.21234592795 4836.4924377351999 445253.90431433916 2837.7730775773525 6124.2045866698027 109453.36039313674 2910.3544446527958 2596.2810352146626 43087.835993021727 3103.8731560707092 25135.576186597347 33411.011384427547
leaf_count=282643 7738 225440 569951 114803 381356 155879 380368 1140229 761922 377559 23258 97403 15137 186903 15967 188097 4958 384758 762379 17881 1145648 7970 14364 321165 9667 6177 183521 11218 74877 131111
internal_value=0.0449579 0.0339614 0.0252232 0.038816 0.0174785 0.0273657 0.00624734 0.0662399 0.0453148 0.0519537 0.0106908 0.0587747 0.0590408 0.0377309 0.0463947 0.0331036 0.040876 -0.0020589 0.0417574 0.0426278 0.0714403 0.0368994 0.0620315 0.060428 0.0830923 0.0599048 0.00306539 0.0439134 0.0489024 0.0116146
internal_weight=2.50402e+06 1.65097e+06 932933 338617 594316 316068 278248 853055 718033 250508 141644 165002 196972 169741 59091.1 110650 57877.3 176910 467526 53175.6 449901 4647.06 164457 152826 11630.8 5506.64 81840.3 32515.6 28239.4 38752.5
internal_count=8000347 5698762 3416856 1130738 2286118 1139636 1146482 2301585 2281906 757605 563330 474962 567408 569685 189727 379958 191861 765126 1524301 173760 1161356 15708 466176 435968 30208 15844 337890 101232 86095 154369
is_linear=0
shrinkage=0.05


Tree=5
num_leaves=31
num_cat=0
split_feature=80 80 77 86 87 77 80 80 77 86 80 87 54 77 84 80 37 54 49 99 54 80 99 74 86 84 80 99 54 54
split_gain=203063 57141.9 34114.1 66760.4 23136.1 13980 11980.2 8708.98 5723.36 7780.61 4391.43 3192.28 3082.34 2774.65 2494.49 2473.83 2186.31 2886.61 2139.99 2050.58 2277.42 2016.79 1990.72 1963.66 2581.75 1966.48 1884.06 1855.57 1776.53 1740.77
threshold=4.8466784954071054 2.3275260925292973 1.2470506429672243 6.0000000000000009 1.0000000180025095e-35 3.0000000000000004 3.0078439712524419 7.0276184082031259 1.5606444478034975 6.0000000000000009 3.0790755748748784 1.0000000180025095e-35 11567.500000000002 4.2621526718139657 -1.0000000180025095e-35 3.3710188865661626 3.9889371395111088 5052.5000000000009 -0.3317298144102096 351779.51562500006 12832.500000000002 3.0228106975555424 121077.90234375001 4.9690077304840097 6.0000000000000009 -1.0000000180025095e-35 1.4314689040184023 121077.90234375001 650307.50000000012 4107.5000000000009
decision_type=2 2 2 2 2 2 2 2 2 2 2 2 2 2 2 2 2 2 2 2 2 2 2 2 2 2 2 2 2 2
left_child=1 8 3 10 6 21 -4 23 9 28 -3 -11 16 -7 -10 -8 17 -5 -12 20 -14 -6 -13 24 -2 -25 -16 -22 -1 -18
right_child=7 2 4 12 5 13 15 -9 14 11 18 22 19 -15 26 -17 29 -19 -20 -21 27 -23 -24 25 -26 -27 -28 -29 -30 -31
leaf_value=0.038624232121346948 -0.012216309477908955 0.021243949229552313 0.019596487424063107 -0.0075769743776020124 0.022236865164053793 0.028755798246506554 0.0038561032831414491 0.056377015753291015 0.029311420488953001 0.040206327970469712 0.012627916073786631 0.06921562241868888 0.097753199796735718 0.041452946390833398 0.043782744617730657 -0.0080001741658248613 0.060831150175283538 0.048835864853944172 -0.0032752827071913914 -0.057547498950236614 0.065737012430197292 0.010037703253165569 0.054743622369790856 0.059056306607681658 0.063443065510868007 0.068135144779024437 0.037068020507717479 0.053785581260582409 0.014563713459192698 0.034752822317830639
leaf_weight=78301.13427130878 1827.1154050081968 54535.960854291916 102623.09885761142 4602.7399521917105 52819.452349588275 82429.485741466284 90698.960250496864 411762.91289186478 56811.824486881495 31030.381939008832 35591.216170921922 30590.454654619098 3519.8681939691305 90050.789598032832 212424.56709757447 85439.465715676546 13831.943918421865 4468.0377087295055 52143.195865735412 384.3618598729372 44935.982740089297 94498.766741931438 106825.79534076154 70689.915330469608 2942.193014472723 384243.01814185083 205729.81489554048 117479.56224685907 8507.7969911247492 11921.237886756659
leaf_count=252236 7860 202065 382708 17022 194375 285121 378036 1140441 190007 97442 140237 78373 8116 285183 658710 384567 38723 13175 220910 1653 116773 375687 299472 189633 8069 955288 674763 335276 30507 37369
internal_value=0.0420897 0.0318911 0.0237532 0.0363153 0.0165458 0.0257236 0.00601688 0.061659 0.0423889 0.0484275 0.0101022 0.0546945 0.0548559 0.0353851 0.0391435 -0.00189501 0.041326 0.0202123 0.00317618 0.0576885 0.0579558 0.0144117 0.0579658 0.0663899 0.0344605 0.0667246 0.0404792 0.0570926 0.0362664 0.0487614
internal_weight=2.54366e+06 1.6722e+06 941974 343414 598560 319798 278762 871465 730222 255256 142270 168447 201144 172480 474966 176138 34824 9070.78 87734.4 166320 165935 147318 137416 459702 4769.31 454933 418154 162416 86808.9 25753.2
internal_count=7999797 5698506 3416996 1131319 2285677 1140366 1145311 2301291 2281510 758030 563212 475287 568107 570304 1523480 762603 106289 30197 361147 461818 460165 570062 377845 1160850 15929 1144921 1333473 452049 282743 76092
is_linear=0
shrinkage=0.05


Tree=6
num_leaves=31
num_cat=0
split_feature=79 79 77 85 85 77 79 93 79 77 49 95 77 90 94 54 84 81 77 82 0 100 84 76 84 54 55 94 84 100
split_gain=176876 49816.1 30049.1 29259.4 20461.5 12259.4 10695.7 10376 7639.44 5003.75 3206.66 2623.27 2420.37 2281.58 2171.21 2745.09 2163.29 2337.29 2993.07 2061.38 2780.37 1882.49 1858.07 1697.6 1715.59 1664.3 1522.23 1510.94 1451.28 1443.94
threshold=4.8466784954071054 2.3275260925292973 1.2470506429672243 0.90000000596046459 0.90000000596046459 3.0000000000000004 2.8426212072372441 0.016260575503110889 7.0276184082031259 1.5606444478034975 -0.05451125651597976 38.47180366516114 4.2621526718139657 2919.160034179688 3032.7565917968755 413247.50000000006 -1.0000000180025095e-35 1.0000000180025095e-35 3.7121527194976811 1.3492457128450043e-05 -2.2641425857727878e-05 121444.45312500001 -1.0000000180025095e-35 4.9690077304840097 -1.0000000180025095e-35 627510.00000000012 -216512.49999999997 4841.5100097656259 -1.0000000180025095e-35 139067.23437500003
decision_type=2 2 2 2 2 2 2 2 2 2 2 2 2 2 2 2 2 2 2 2 2 2 2 2 2 2 2 2 2 2
left_child=1 9 3 7 5 22 29 -3 23 11 25 -1 -7 -8 15 -15 -11 18 -18 20 -12 -19 -4 -2 -25 27 -16 -9 -10 -6
right_child=8 2 4 -5 6 12 13 10 28 16 19 -13 -14 14 26 -17 17 21 -20 -21 -22 -23 -24 24 -26 -27 -28 -29 -30 -31
leaf_value=0.041387896575340054 0.032371536158013588 0.043548054977996797 0.0078826914757450101 0.055812527713214349 0.00937786900964949 0.026997282137019341 -0.010431017814787197 0.029526250317829236 0.047367455517307963 0.027539090830670816 0.039801358998781129 0.051791600302691421 0.038782382745017212 0.071376212259766716 -0.0090526818279100443 0.0055209216797743686 0.037661183159366535 0.01956837129060085 0.049859895019185717 0.0017144350222309057 0.012310180916485723 0.035133723654935715 0.019084357483183281 0.055109705878763675 0.063515511221127557 0.0076223022168584072 0.0038212191112979815 0.002447553051466541 0.054262104784292275 0.022363762068672976
leaf_weight=162746.88884648681 4820.1915696263313 54628.237401649356 72431.941335752606 107098.28555624187 30382.558817952871 83315.473774969578 52994.857297882438 77206.608850881457 100498.40892603993 57428.250122904778 11349.147712394595 96585.900798216462 91361.436318695545 2476.3140862435102 31393.032160237432 4381.4449344277382 241426.4326210171 24428.8747510463 63532.778318807483 31457.549963608384 48503.771559372544 94941.277781292796 75729.626898139715 71931.063618779182 391385.77417328954 11768.711441278458 85482.350378274918 5520.4005334824324 318501.30746346712 72487.298017501831
leaf_count=491598 15929 160520 284646 287406 115904 284975 235519 270307 284815 190007 33796 266432 285040 8405 138928 18567 759386 82498 189919 129414 184066 301670 285134 189633 955288 44595 364099 21215 855626 264460
internal_value=0.0394321 0.0299466 0.0223667 0.0340749 0.0156125 0.0241879 0.00571075 0.024392 0.0575135 0.0396627 0.0187597 0.0452629 0.0331615 -0.00175027 0.0019677 0.0293087 0.0366481 0.0378808 0.0402027 0.0120773 0.0175236 0.0319485 0.0136083 0.0619035 0.0622106 0.0252166 0.000363165 0.0277194 0.0526085 0.0185286
internal_weight=2.5782e+06 1.69106e+06 949969 347533 602436 322838 279598 240434 887137 741090 185806 259333 174677 176728 123733 6857.76 481758 424329 304959 91310.5 59852.9 119370 148162 468137 463317 94495.7 116875 82727 419000 102870
internal_count=7999797 5698506 3416996 1131319 2285677 1139795 1145882 843913 2301291 2281510 683393 758030 570015 765518 529999 26972 1523480 1333473 949305 347276 217862 384168 569780 1160850 1144921 336117 503027 291522 1140441 380364
is_linear=0
shrinkage=0.05


Tree=7
num_leaves=31
num_cat=0
split_feature=79 79 77 86 85 77 86 77 79 79 79 81 77 77 79 51 90 77 37 55 25 74 86 84 22 84 81 77 54 100
split_gain=155174 43912.8 22612.3 45675.5 18158.4 9208.68 15884.1 8782.02 8235.48 6770.2 3070.06 2683.28 3121.82 2481.65 2238.32 2132.27 1991.12 1861.51 1779.67 1651.5 1534.24 1490.51 2244.36 1514.45 1443.21 1441.26 1959.1 2252.07 1507.78 1435.07
threshold=4.8466784954071054 3.0078439712524419 1.2470506429672243 6.0000000000000009 0.90000000596046459 1.5606444478034975 6.0000000000000009 3.0000000000000004 1.8867396712303164 7.0276184082031259 1.9671180844306948 1.0000000180025095e-35 3.0000000000000004 0.84770509600639354 3.4584752321243291 237.50000000000003 4461.2775878906259 4.2621526718139657 3.8382912874221806 12687.500000000002 0.63659965991973888 4.9690077304840097 6.0000000000000009 -1.0000000180025095e-35 1.5000000000000002 -1.0000000180025095e-35 1.0000000180025095e-35 4.2621526718139657 720102.50000000012 121072.37500000001
decision_type=2 2 2 2 2 2 2 2 2 2 2 2 2 2 2 2 2 2 2 2 2 2 2 2 2 2 2 2 2 2
left_child=1 5 3 15 7 6 10 -4 25 21 -1 12 -10 -8 -6 -3 -5 -9 19 -18 -20 22 -2 -23 -17 -7 27 -27 -28 -15
right_child=9 2 4 16 14 8 13 17 11 -11 -12 -13 -14 29 -16 24 18 -19 20 -21 -22 23 -24 -25 -26 26 28 -29 -30 -31
leaf_value=0.034496977128237925 -0.013109213411370935 0.0080108260690140622 0.0088447583851180202 0.050572595488592546 0.0037302477858099509 0.026666348792679668 0.043635503819139346 0.022587405375885671 0.022132939840434043 0.049217807244096676 0.019663021234451978 0.013898944352532173 0.035545825840565974 0.064449532381751259 -0.007557304852724077 0.010033761022588381 0.029294413362245419 0.035235279129959149 0.00037966243065783384 -0.028749864689642829 0.047577289781512044 0.051564924864524103 0.056831644063647803 0.059404169574647607 -0.014793442317542253 0.035745666423353771 0.031590337734256624 0.046417499053571815 0.0018782833749937727 0.050736727261293017
leaf_weight=69617.070122778416 1843.6932982355356 63774.481812357903 96589.189209908247 117305.50947353244 91234.071588292718 47307.439667925239 131711.57176689804 55426.01127769053 137612.22981162369 425301.67566740513 69918.865365862846 55016.182831496 63363.11316332221 24647.840668261051 84686.913588568568 7983.0369140803814 3586.0731330662966 61259.225173324347 1940.7257383912802 1860.3553397357464 15281.653283059597 73003.144027352333 3032.685618147254 397386.52312253416 21933.716861605644 219989.98002675176 113218.08185952902 63791.093286156654 4437.6984692513943 84795.406764045358
leaf_count=217614 7860 252703 379723 316141 379983 154172 374120 189637 487219 1140441 247822 203606 200726 59236 382999 32259 11053 189457 6818 7198 42671 189633 8069 955288 95564 680517 357772 187515 15817 226164
internal_value=0.0370063 0.0281524 0.0175698 0.0298649 0.010188 0.0342251 0.0404913 0.0199967 0.0308401 0.0538011 0.0270642 0.0236835 0.0263619 0.0482603 -0.00170347 0.00284457 0.0479507 0.0292278 0.0343813 0.00946547 0.0422594 0.0579025 0.0303897 0.0581877 -0.00816823 0.0349225 0.0358954 0.0381448 0.0304697 0.0538256
internal_weight=2.60886e+06 1.70829e+06 622861 233666 389195 1.08543e+06 380691 213274 704736 900568 139536 255992 200975 241155 175921 93691.2 139974 116685 22668.8 5446.43 17222.4 475266 4876.38 470390 29916.8 448744 401437 283781 117656 109443
internal_count=7999797 5698506 2286206 764407 1521799 3412300 1124956 758817 2287344 2301291 465436 891551 687945 659520 762982 380526 383881 379094 67740 18251 49489 1160850 15929 1144921 127823 1395793 1241621 868032 373589 285400
is_linear=0
shrinkage=0.05


Tree=8
num_leaves=31
num_cat=0
split_feature=79 79 77 86 87 77 86 77 79 79 79 81 77 77 53 50 55 55 55 55 99 55 37 48 100 79 35 77 84 54
split_gain=136880 38571.7 20088.1 40314.1 16236.7 8140.99 13979.4 7778.84 7248.07 6057.13 2711.83 2366.07 2744.12 2184.57 2152.61 1922.6 1809.97 2276.84 1820.12 1692.23 1688.89 1897.63 1455.94 2128.63 1448.66 1445.48 1418.47 1413.95 1686.87 1367.41
threshold=4.8466784954071054 3.0078439712524419 1.2470506429672243 6.0000000000000009 1.0000000180025095e-35 1.5606444478034975 6.0000000000000009 3.0000000000000004 1.8867396712303164 7.0276184082031259 1.9891678094863894 1.0000000180025095e-35 3.0000000000000004 0.84770509600639354 0.6078576147556306 -62.499999999999993 -414397.49999999994 -443802.49999999994 -455172.49999999994 -647094.99999999988 139070.18750000003 -443802.49999999994 13.066172599792482 0.20576497167348864 263210.53125000006 1.5545330047607424 -19.07299709320068 0.96901690959930431 -1.0000000180025095e-35 647870.00000000012
decision_type=2 2 2 2 2 2 2 2 2 2 2 2 2 2 2 2 2 2 2 2 2 2 2 2 2 2 2 2 2 2
left_child=1 5 3 15 14 6 10 -6 25 -2 -1 12 -10 -8 19 29 17 18 -5 26 21 -9 23 24 -16 -7 -4 -11 -29 -3
right_child=9 2 4 16 7 8 13 20 11 27 -12 -13 -14 -15 22 -17 -18 -19 -20 -21 -22 -23 -24 -25 -26 -27 -28 28 -30 -31
leaf_value=0.032036742871394172 0.054307923716765752 0.010086272119196738 0.085145381757186264 0.050711368374752999 0.0083704183896278449 0.035297998863293781 0.040924881757684252 0.033401337422477105 0.020840790700738611 0.052322949120026066 0.018141399468087238 0.013128302828355948 0.033346504745588028 0.050423097639006299 0.012328318651558617 -0.0077910374069754713 0.040746216559431121 0.084268106677011859 -0.0092032463324398187 -0.0046488581127077343 0.023363737801872415 0.081291693379353644 -0.002970432303424966 -0.0023369144963951527 0.038867230589711275 0.029615461909965071 -0.030060126153816119 0.037719345472656055 0.046492927753417658 -0.013754393062595302
leaf_weight=74200.244653195143 481224.49154631793 57278.990161120892 274.04277066886425 44115.119585007429 97007.997307404876 253328.95506516099 133369.06033633649 35742.409501671791 138805.41927997768 76272.210856974125 66669.944709897041 55325.265221729875 64144.167873099446 110946.19308361411 19204.817052468657 29805.060897096992 91294.923202484846 5088.0459614545107 1304.6403039097786 80535.779529377818 79974.804089844227 2195.3776219189167 39601.990733459592 19624.290172219276 7022.7250963002443 200604.39618054032 9394.758177369833 67772.859386056662 286747.33162248135 6719.1353237479925
leaf_count=229734 1160850 223828 891 113264 379912 760932 374120 111048 487219 195118 235702 203606 200726 285400 79948 127823 255290 10818 4509 352638 263054 5182 172666 85265 26725 634861 44470 189947 755376 28875
internal_value=0.0347878 0.0264991 0.0165971 0.0281277 0.00964161 0.0321493 0.0380053 0.0188579 0.028982 0.0504523 0.0254607 0.0222948 0.0247935 0.0452383 -0.00163473 0.00269796 0.0449493 0.0525456 0.0489901 -0.00702199 0.027486 0.0361749 0.004052 0.0101173 0.0194358 0.0327868 -0.0267859 0.0461451 0.0448158 0.007583
internal_weight=2.6356e+06 1.72358e+06 626185 235606 390579 1.09739e+06 385185 214921 712208 912017 140870 258275 202950 244315 175658 93803.2 141803 50507.8 45419.8 90204.6 117913 37937.8 85453.8 45851.8 26227.5 453933 9668.8 430792 354520 63998.1
internal_count=7999797 5698506 2286206 764407 1521799 3412300 1124956 759196 2287344 2301291 465436 891551 687945 659520 762603 380526 383881 128591 117773 397999 379284 116230 364604 191938 106673 1395793 45361 1140441 945323 252703
is_linear=0
shrinkage=0.05


Tree=9
num_leaves=31
num_cat=0
split_feature=79 79 77 86 87 77 79 79 86 77 79 87 94 37 55 25 55 94 79 25 55 55 55 81 77 77 94 55 35 84
split_gain=121324 34045.9 20999.6 41599.2 14314.9 8498.99 7612.7 5450.19 3749.86 5984.2 3181.36 2474.19 2386.77 2180.46 2167.09 2101.6 2096.31 2079.32 2042.27 1835.02 2246.04 3081.74 3008.25 1778.54 2197.98 1771.01 1767.41 1690.45 1682.15 1629.83
threshold=4.8466784954071054 2.3275260925292973 1.2470506429672243 6.0000000000000009 1.0000000180025095e-35 3.0000000000000004 2.8426212072372441 7.0276184082031259 6.0000000000000009 1.2470506429672243 3.2801311016082768 1.0000000180025095e-35 4461.2099609375009 3.8382912874221806 13077.500000000002 0.63659965991973888 19762.500000000004 5184.8549804687509 3.3710188865661626 2.5971509218215947 -414397.49999999994 -346412.49999999994 -443802.49999999994 1.0000000180025095e-35 3.7121527194976811 4.2621526718139657 4032.8872070312505 -101834.99999999999 -22.861236572265621 -1.0000000180025095e-35
decision_type=2 2 2 2 2 2 2 2 2 2 2 2 2 2 2 2 2 2 2 2 2 2 2 2 2 2 2 2 2 2
left_child=1 8 3 10 6 29 -4 -2 -1 11 -3 -10 19 16 17 -15 -14 25 -8 20 22 -22 -5 24 -11 -7 -16 28 -21 -6
right_child=7 2 4 12 5 14 18 -9 9 23 -12 -13 13 15 26 -17 -18 -19 -20 27 21 -23 -24 -25 -26 -27 -28 -29 -30 -31
leaf_value=0.025752350478466957 0.051048797947441583 0.014008792118779229 0.015477864436043745 0.046472470820750858 0.0060694279716538083 0.023246319888648073 0.0036497185252319536 0.043346903562669015 0.029882784335838186 0.031265873417328498 -0.0010052321753206261 0.045096953076882135 0.021353544179505732 -0.0019583172570028316 0.061388392366310343 0.042543641124406659 -0.03951140344043054 0.10541695799578564 -0.007124942603962698 -0.056184001384636112 0.010860012695460398 0.041256302881679384 0.079673594319261243 0.026329227107465894 0.041511919788633229 0.033609144059867251 0.002898992660242748 0.080417883855515071 0.050828045651422217 0.016471634196754355
leaf_weight=150251.12737938762 486214.62825286388 84191.232544928789 105071.64785477519 65851.322642877698 73486.762001052499 78664.535686254501 91542.81920234859 435542.73676602542 32763.212491586804 249816.91973717511 60733.058340981603 145196.3170376122 6586.7460820227861 2989.3935258090496 1435.1339258700609 23551.408453181386 1800.5585370063782 886.69150879979134 84641.198651924729 392.45340526103973 9281.3464394956827 82210.049613758922 7613.5071416348219 123161.73545241356 66236.882697016001 86680.076802313328 12836.371322602034 6691.0031308978796 5538.4826553612947 77236.889162808657
leaf_count=472928 1160850 313207 380174 168420 284675 259714 380570 1140441 97438 759276 250005 377838 20193 10289 3952 63980 7141 1945 384567 1549 28903 223090 15914 384152 189878 259751 44942 14398 14230 285387
internal_value=0.032747 0.0249677 0.0187416 0.0283724 0.0131213 0.020165 0.00482598 0.0474096 0.0328365 0.0345611 0.0077169 0.0422962 0.0424588 0.0305085 0.0274838 0.0375311 0.00828351 0.0290891 -0.00152656 0.0448091 0.0434024 0.038173 0.0499144 0.0314269 0.0334133 0.0286791 0.00878489 0.0631875 0.0437379 0.0114
internal_weight=2.6591e+06 1.73734e+06 969913 357431 612482 331226 281256 921757 767426 617175 144924 177960 212506 34928.1 180503 26540.8 8387.3 166231 176184 177578 164956 91491.4 73464.8 439216 316054 165345 14271.5 12621.9 5930.94 150724
internal_count=7999797 5698506 3416996 1131319 2285677 1140366 1145311 2301291 2281510 1808582 563212 475276 568107 101603 570304 74269 27334 521410 765137 466504 436327 251993 184334 1333306 949154 519465 48894 30177 15779 570062
is_linear=0
shrinkage=0.05


Tree=10
num_leaves=31
num_cat=0
split_feature=79 79 77 86 81 77 79 79 86 77 79 79 94 49 79 54 55 22 54 55 99 94 55 49 94 55 22 104 81 77
split_gain=109138 29592.8 18634.7 38217.2 7578.02 12948.8 5458.02 4310.36 3333.29 5311.5 3132.24 3095.32 2250.85 2115.16 2066.96 2012.59 1987.45 1889.09 2493.25 2246.08 1868.43 1754.15 1741.39 1704.8 1701.29 1694.02 1954.56 2017.61 1635.25 2121.48
threshold=5.5216758251190194 2.3275260925292973 1.2470506429672243 6.0000000000000009 1.0000000180025095e-35 3.0000000000000004 7.0276184082031259 3.0525283813476567 6.0000000000000009 1.2470506429672243 3.0697556734085087 3.3710188865661626 2691.536499023438 0.11969653144478799 4.8466784954071054 234025.00000000003 13077.500000000002 1.5000000000000002 616127.50000000012 21857.500000000004 203482.17187500003 5184.8549804687509 -443802.49999999994 0.16288578510284427 4503.5800781250009 -525607.49999999988 1.5000000000000002 7.7251734733581552 1.0000000180025095e-35 3.7121527194976811
decision_type=2 2 2 2 2 2 2 2 2 2 2 2 2 2 2 2 2 2 2 2 2 2 2 2 2 2 2 2 2 2
left_child=1 8 3 11 5 7 -2 -4 -1 -10 -6 -3 25 17 -12 20 21 19 -19 -14 -15 23 -17 -7 -18 -5 -27 -28 29 -11
right_child=6 2 4 12 10 16 -8 -9 9 28 14 -13 13 15 -16 22 24 18 -20 -21 -22 -23 -24 -25 -26 26 27 -29 -30 -31
leaf_value=0.024187905764130602 0.048438036351088773 0.012726518394608822 0.01593765517822341 0.05192473467801248 0.0086422149921350482 0.031351414545299279 0.040736328320900968 0.0036973954375279072 0.039717725166278701 0.029309640431061757 -0.0079082794393322987 -0.0022238565933281151 0.03278745760324922 -0.0025938765329528834 0.052517385891179061 0.02218261988255632 0.028228233611630821 0.047586944322175882 -0.021901086874551595 -0.054582537868210913 0.028062928884701018 0.09355133028232808 0.04877176840675318 0.021159259799799674 -0.0065363640627404823 0.059213871098212571 -0.068545163098381004 0.032072482016113922 0.024654293229392318 0.039308975121423645
leaf_weight=151488.04683442414 482945.34247115254 91377.491959556937 126539.33985479176 46330.355394437909 82267.747654974461 97043.474957287312 439426.17926807702 166644.00700551271 179402.65362843871 251884.84220318496 57869.058459356427 55738.365791916847 22904.471004366875 5730.0514074116945 1449.7112082242966 8741.0862775444984 6078.3207447975874 69650.540587052703 1314.6184509843588 759.08846060931683 37449.338312804699 996.48590406775475 20863.467205867171 71106.02756537497 8355.7078674584627 1480.4360278248787 964.13466392457485 1028.9246651530266 124271.87209354341 67214.439733669162
leaf_count=473154 1139161 340199 456531 111286 314938 295044 1140106 683795 474720 758717 260486 230049 63136 18672 3324 25165 19127 177123 4482 3105 108581 2123 53154 227929 30118 3395 3905 2840 384731 190093
internal_value=0.0308415 0.0235297 0.0177697 0.0267397 0.0124845 0.0155009 0.0447689 0.0089804 0.0308402 0.0324583 0.00232732 0.0070622 0.0400667 0.0372899 -0.00643057 0.0308804 0.0259143 0.0422194 0.0462993 0.0299824 0.0239946 0.027434 0.0409222 0.0270416 0.00810397 0.0493997 0.0157141 -0.0166084 0.0295209 0.031416
internal_weight=2.67932e+06 1.75694e+06 982682 364332 618350 476763 922372 293183 774262 622774 141587 147116 217217 167413 59318.8 72783.9 183580 94628.7 70965.2 23663.6 43179.4 169146 29604.6 168150 14434 49803.9 3473.5 1993.06 443371 319099
internal_count=7999189 5719922 3438507 1145092 2293415 1714667 2279267 1140326 2281415 1808261 578748 570248 574844 453418 263810 205572 574341 247846 181605 66241 127253 525096 78319 522973 49245 121426 10140 6745 1333541 948810
is_linear=0
shrinkage=0.05


Tree=11
num_leaves=31
num_cat=0
split_feature=79 79 77 85 87 77 77 79 79 82 82 0 77 90 83 94 54 81 77 54 84 77 55 79 84 55 55 84 100 77
split_gain=97488 26506.8 14068.5 14158.3 11157.4 5956.03 5719.23 5250.35 4963.28 4080.1 3239.26 2618.04 2299.19 2233.21 2178.98 2096.58 2097.86 2090.86 3090.41 1997.54 1997.26 3711.47 1731.4 1717.09 1589.8 1567.9 1416.58 1391.38 1254.72 1245.13
threshold=5.5216758251190194 3.0078439712524419 1.2470506429672243 0.90000000596046459 1.0000000180025095e-35 1.5606444478034975 4.2621526718139657 1.8381475806236269 7.0276184082031259 3.8937782846915078e-06 1.0000000180025095e-35 -5.1624751904455471e-06 2.3664708137512211 2927.351440429688 0.99000000953674328 3032.7565917968755 413247.50000000006 1.0000000180025095e-35 3.0000000000000004 406727.50000000006 -1.0000000180025095e-35 0.96901690959930431 -414397.49999999994 4.8466784954071054 -1.0000000180025095e-35 -443802.49999999994 -216512.49999999997 -1.0000000180025095e-35 121444.45312500001 0.96901690959930431
decision_type=2 2 2 2 2 2 2 2 2 2 2 2 2 2 2 2 2 2 2 2 2 2 2 2 2 2 2 2 2 2
left_child=1 5 3 9 13 10 12 -7 27 11 20 -3 -6 -4 -13 16 19 18 -9 -15 -1 -22 25 26 -16 -20 -17 -2 -19 -10
right_child=8 2 4 -5 6 7 -8 17 29 -11 -12 14 -14 15 24 23 -18 28 22 -21 21 -23 -24 -25 -26 -27 -28 -29 -30 -31
leaf_value=0.02414285848171592 0.039495098900059512 0.031629632990612874 -0.0096614775907162328 0.041402664832807343 0.0014918323911527697 0.028330603194631782 0.028317958760456671 0.01829331295583398 0.044100150307683106 0.00280902755544375 0.022116637198248426 0.0031609765972373141 0.014656103824975363 0.025934602977041865 0.0045140428908800939 -0.0087419542691092311 0.0067430219890405804 0.0020391443286154488 0.034153385203406966 0.11525822716707797 0.030678260166464216 0.042411264559803513 0.023325905556133817 0.050352776283916482 0.024660075145140927 0.068317390310114121 0.0037216143926752689 0.046853107008074671 0.016420438572313102 0.037152252797190609
leaf_weight=45158.755055963993 76254.632702112198 35682.188506931067 52803.972894355655 76314.780865818262 47804.715343773365 370938.40552452207 64569.367112994194 193132.61362971365 78395.77169431746 46336.458475828171 71151.911559149623 25215.993889868259 108338.28133481741 1398.2801382541656 12244.462644532323 31122.547277525067 3654.4393281787634 20725.053654477 35800.368230432272 1133.4926821440458 164757.54207722843 114096.01223121583 49546.845436140895 1744.2789489626884 48929.093579679728 3706.7786744832993 85224.226078391075 409951.35615193844 56561.961738720536 364570.30228355527
leaf_count=143525 189708 97413 237181 193928 190657 1099300 191835 648601 194800 188436 229653 100675 381266 5304 48234 138703 15457 74837 104797 3018 465580 285357 154558 3968 149771 8979 362308 949453 196581 945306
internal_value=0.0290983 0.0222073 0.0141044 0.0235372 0.0083012 0.0268328 0.0158018 0.0241574 0.0422109 0.0154412 0.0317778 0.020236 0.0106258 -0.00104743 0.0155297 0.00261259 0.0309846 0.019851 0.0218467 0.0659571 0.0338992 0.0354791 0.0295525 0.00112602 0.0206279 0.0373606 0.000387543 0.0456992 0.0125641 0.038382
internal_weight=2.69726e+06 1.76809e+06 642517 244723 397794 1.12558e+06 220712 730412 929172 168408 395164 122072 156143 177081 86389.6 124277 6186.21 359474 282187 2531.77 324012 278854 89054 118091 61173.6 39507.1 116347 486206 77287 442966
internal_count=7999189 5719922 2308154 778457 1529697 3411768 763758 2287653 2279267 584529 1124115 396093 571923 765939 298680 528758 23779 1188353 916935 8322 894462 750937 268334 504979 198005 113776 501011 1139161 271418 1140106
is_linear=0
shrinkage=0.05


Tree=12
num_leaves=31
num_cat=0
split_feature=80 80 78 86 87 80 78 78 86 80 78 53 49 54 22 85 78 90 94 54 55 55 55 24 22 25 54 25 90 94
split_gain=87390.2 24174.1 13069.1 25542.4 10205.7 5481.77 4868.83 4356.05 9644.5 4299.71 2017.65 1928.81 1849.86 1693.91 1613.09 1558.64 3672.73 2002.07 2079.63 1540.59 1524.5 1511.5 1414.89 1399.77 2020.13 1576.35 1368.86 1333.78 1634.08 1312.34
threshold=4.8466784954071054 3.0078439712524419 1.2470506429672243 6.0000000000000009 1.0000000180025095e-35 1.8060159683227541 4.2621526718139657 1.5606444478034975 6.0000000000000009 7.0276184082031259 2.3664708137512211 0.6078576147556306 -0.14132478833198545 650307.50000000012 1.5000000000000002 0.90000000596046459 3.0000000000000004 2919.160034179688 3032.7565917968755 627510.00000000012 13077.500000000002 -647094.99999999988 -414397.49999999994 62.110750198364265 1.5000000000000002 0.43234999477863317 11567.500000000002 2.3387008905410771 2628.2897949218755 4015.7824707031255
decision_type=2 2 2 2 2 2 2 2 2 2 2 2 2 2 2 2 2 2 2 2 2 2 2 2 2 2 2 2 2 2
left_child=1 5 3 12 11 -1 10 8 13 -2 -6 21 19 -7 -15 16 -9 -17 22 -3 -5 -4 -19 24 25 -13 -10 28 -23 -22
right_child=9 2 4 20 6 7 -8 15 26 -11 -12 23 -14 14 -16 17 -18 18 -20 -21 29 27 -24 -25 -26 -27 -28 -29 -30 -31
leaf_value=0.029974683888353393 0.042971731268848359 0.012709879936087435 -0.025464916370331797 0.036805251493961071 0.0013729348844144333 0.018962158867906559 0.026309462274420194 0.016132507925662273 0.025972914633751443 0.036208507157535298 0.013710759100032055 -0.011473748997750098 -0.0046850312187937324 0.026205466111636863 -0.015245247765394355 0.0097043099461931494 0.028475576289821242 0.027726506956774939 0.018559709052636375 -0.015770437667965924 0.094473672070140347 -0.044370801687175498 0.06866318298976401 -0.0033083800730766368 -0.00084698502515306731 0.024917427670975958 0.038713802202590429 -0.022640057472837753 -0.00073222055511701757 0.013635443827893444
leaf_weight=404522.74514459074 496934.699674353 39876.671346321702 9489.8637859225273 135751.18669454753 47742.920918285847 102042.83366876841 64037.618467479944 114026.25394967198 25611.678854927421 445996.4335732758 108320.16683506966 3472.2195429950953 49227.060325503349 3460.1421982049942 7291.0682994127274 67965.293003946543 127851.22414442897 5529.8095639944077 152340.51501494646 5389.0965292304754 526.27735674381256 2212.9874285757542 3416.0615061074495 37671.633596301079 23567.775405466557 20783.212061077356 119496.87057033181 8875.7638028264046 69085.463612675667 10528.017649233341
leaf_count=1146677 1161829 150036 45403 351060 190378 332044 189507 379504 70526 1140106 379806 15615 207030 11172 27423 233833 379323 17584 501112 23228 1003 10977 9081 164452 101771 82523 303489 40916 300179 31602
internal_value=0.0274777 0.0209281 0.0131307 0.0223 0.00753295 0.0253068 0.0147002 0.0227166 0.0279405 0.0397728 0.00993643 -0.00147329 0.00202332 0.0169733 -0.00190319 0.0198569 0.0226569 0.0169026 0.0199358 0.00931878 0.0353512 -0.00659669 0.043365 0.0038999 0.00957812 0.0197075 0.0364653 -0.00436299 -0.00208736 0.0174927
internal_weight=2.71304e+06 1.77011e+06 636558 241298 395260 1.13355e+06 220101 729032 257903 942931 156063 175159 94492.8 112794 10751.2 471129 241877 229252 161286 45265.8 146805 89664.1 8945.87 85494.8 47823.2 24255.4 145109 80174.2 71298.5 11054.3
internal_count=7999189 5697254 2285486 763959 1521527 3411768 759691 2265091 744654 2301935 570184 761836 380294 370639 38595 1520437 758827 761610 527777 173264 383665 397475 26665 364361 199909 98138 374015 352072 311156 32605
is_linear=0
shrinkage=0.05


Tree=13
num_leaves=31
num_cat=0
split_feature=79 79 77 86 87 77 79 79 86 87 55 55 55 79 90 42 53 54 94 94 99 90 94 49 55 53 55 49 54 12
split_gain=78586.5 21486.2 13316.6 28098 8942.18 5568.91 4516.33 4167.35 2556.19 4367.55 3189.2 4159.09 3396.71 2394.96 2305.31 2168.7 2391.28 2121.74 2053.28 1983.68 1929.79 1928.32 1957.05 1873.75 1842.22 1800.74 1750.87 1853.75 1724.97 1699.75
threshold=5.5216758251190194 2.3275260925292973 1.2470506429672243 6.0000000000000009 1.0000000180025095e-35 3.0000000000000004 2.7608109712600712 7.0276184082031259 6.0000000000000009 1.0000000180025095e-35 -414397.49999999994 -443802.49999999994 -475472.49999999994 3.3710188865661626 2919.160034179688 1.0035935044288637 1.0000000180025095e-35 479075.00000000006 3032.7565917968755 2691.536499023438 147765.98437500003 2927.351440429688 3032.7565917968755 0.054511256515979774 -414397.49999999994 0.87837970256805431 -635692.49999999988 -0.11969653144478797 234025.00000000003 0.037372918799519546
decision_type=2 2 2 2 2 2 2 2 2 2 2 2 2 2 2 2 2 2 2 2 2 2 2 2 2 2 2 2 2 2
left_child=1 8 3 13 6 -6 -4 -2 -1 14 11 12 17 -3 -10 -13 -17 -11 -16 -5 29 -8 24 -21 -23 -14 -7 -28 -25 -12
right_child=7 2 4 19 5 26 21 -9 9 10 20 15 25 -15 18 16 -18 -19 -20 23 -22 22 -24 28 -26 -27 27 -29 -30 -31
leaf_value=0.02020086202427937 0.040862355247459098 0.010548753788888712 0.012104275493999291 0.042395251139783034 0.0088857012474796628 0.033967118398820662 -0.0088436963984584328 0.034194345324404733 0.015943043129235338 0.081825455345527487 -0.03294467600444919 0.076875057511475359 -0.0064847798779839221 -0.002552943176981405 0.046392984411821769 0.10718045475736626 -0.006051684964367963 0.036247063690449333 0.024504539787434814 0.035950616413309135 0.028183445699394474 0.0055187907725433964 0.0010383267027682696 0.019315737719402898 0.059597604791528092 0.042492539151936209 0.025393078392309806 0.014691071211906834 0.034421734582495506 0.068030156243993709
leaf_weight=154612.21322916448 490742.62067362666 92789.483642756939 106274.50818012655 50764.887685865164 153558.45178176463 25284.697056636214 53635.385407701135 448584.11166751385 85552.328749984503 2623.3977396935225 2225.6149427741766 9359.1643726974726 7126.9651199281216 55888.613170668483 11347.180941045284 631.05974082648754 1776.8847136497498 95534.359364569187 192395.75630034506 92703.145963400602 224777.30207268894 3558.2301224470139 118539.56942410767 46570.887486949563 2824.8177054822445 2546.421229749918 77711.771211862564 84438.618641018867 31814.156600087881 511.75639246404171
leaf_count=473154 1139161 340199 375794 121426 571214 72428 241833 1140106 263838 5442 7934 19779 23077 230049 30145 1089 5648 252904 566897 237231 623716 15000 506414 133918 9097 6632 232904 268731 82269 1160
internal_value=0.0259689 0.0198153 0.0149307 0.022443 0.0104829 0.0159453 0.00394333 0.037678 0.0259679 0.0273689 0.0311505 0.0377611 0.0346803 0.00562376 0.0228315 0.0659875 0.0236536 0.0374661 0.0257238 0.0337146 0.0276753 -0.00091393 0.00249071 0.0311386 0.0294577 0.00641055 0.0217288 0.0198202 0.0254472 -0.0140475
internal_weight=2.7267e+06 1.78738e+06 996357 370531 625826 340994 284833 939327 791020 636408 347113 119598 107831 148678 289295 11767.1 2407.94 98157.8 203743 221853 227515 178558 124923 171088 6383.05 9673.39 187435 162150 78385 2737.37
internal_count=7999189 5719922 3438507 1145092 2293415 1145277 1148138 2279267 2281415 1808261 947381 314571 288055 570248 860880 26516 6737 258346 597042 574844 632810 772344 530511 453418 24097 29709 574063 501635 216187 9094
is_linear=0
shrinkage=0.05


Tree=14
num_leaves=31
num_cat=0
split_feature=79 79 77 86 87 77 79 79 77 86 77 50 54 87 55 55 53 54 53 79 24 94 55 22 22 22 54 54 79 94
split_gain=70761.5 19126.5 11950.5 25145.3 7996.28 5146.1 4053.89 3827.82 2401.93 2896.73 2230.19 2209.2 2103.43 1959.42 1833.4 1943.44 2275.53 1829.85 1819.86 1722.85 1711.49 1535.18 1534.54 1531.42 1502.29 1461.73 1867.8 1419.67 1415.16 1408.03
threshold=5.5216758251190194 2.3275260925292973 1.2470506429672243 6.0000000000000009 1.0000000180025095e-35 4.2621526718139657 3.2801311016082768 7.0276184082031259 1.2470506429672243 6.0000000000000009 2.3664708137512211 92.500000000000014 647870.00000000012 1.0000000180025095e-35 19762.500000000004 30682.500000000004 0.87837970256805431 10502.500000000002 0.6078576147556306 4.8466784954071054 62.110750198364265 2691.536499023438 -525607.49999999988 1.5000000000000002 1.5000000000000002 1.5000000000000002 647870.00000000012 740237.50000000012 4.1521222591400155 2691.536499023438
decision_type=2 2 2 2 2 2 2 2 2 2 2 2 2 2 2 2 2 2 2 2 2 2 2 2 2 2 2 2 2 2
left_child=1 8 3 11 6 10 18 -2 9 25 -6 12 28 -11 29 16 17 -16 22 -8 24 -15 -4 -14 -20 -1 -27 -25 -3 -5
right_child=7 2 4 14 5 -7 19 -9 -10 13 -12 -13 23 21 15 -17 -18 -19 20 -21 -22 -23 -24 27 -26 26 -28 -29 -30 -31
leaf_value=0.030404516116007196 0.038700324158041949 0.014012611257327124 -0.0088196699644863801 0.040068426851693484 0.0039800233190513392 0.024678184240785998 -0.006271352278670571 0.032322399891413903 0.022507039723680039 0.021083660276511866 0.014350921569700727 -0.0063598373317046916 0.013151977230550291 0.043830722795804793 -0.036689663878241061 0.055906551692975065 0.039545602050769915 0.029874687419196095 0.026673926834525432 0.043196258219857064 0.0050684834621688877 0.031668300875998007 0.0062098958953236963 -0.035635277493743851 0.01003864325877446 0.019731282892697932 -0.008903751327320136 0.01469059421885395 0.00036060262013125512 0.030544433621133078
leaf_weight=29290.922909677029 492210.05719190836 80173.899856060743 21567.427850991488 51020.335769444704 74838.764136716723 99112.467619165778 85295.090121015906 450776.58594463766 517536.58238577843 34021.582491114736 168685.33586595953 31789.067314907908 4219.5979279279709 33387.449120178819 3887.3183033913374 1889.5834038108587 2414.8180021196604 1404.7820939570665 27547.657666072249 1796.20808583498 42358.209990918636 116593.47098132968 79888.760428756475 6123.1716600507498 26756.196258231997 58531.048292562366 6307.7119528502226 1816.3660087734461 24872.149537712336 162379.21636340022
leaf_count=84445 1139161 289750 88545 121426 285682 287632 389677 1140106 1523962 97443 571963 130355 16025 78295 14184 4475 6089 3866 97180 4103 162730 298982 305127 27338 100776 176199 22089 6931 99849 424804
internal_value=0.024561 0.0187363 0.0141326 0.0212343 0.00992496 0.0150731 0.00374017 0.0356515 0.0245211 0.0282687 0.0111638 0.00533054 0.00850134 0.0319185 0.0318602 0.010479 -0.000664098 -0.019017 0.00769246 -0.00525057 0.012602 0.0343761 0.00301483 -0.0111857 0.0184779 0.0211339 0.0169454 -0.024121 0.0107803 0.0328217
internal_weight=2.73849e+06 1.79551e+06 999836 371990 627846 342637 285210 942987 795669 278132 243524 148994 117205 184003 222996 9596.5 7706.92 5292.1 198118 87091.3 96662.1 149981 101456 12159.1 54303.9 94129.7 64838.8 7939.54 105046 213400
internal_count=7999189 5719922 3438507 1145092 2293415 1145277 1148138 2279267 2281415 757453 857645 570248 439893 474720 574844 28614 24139 18050 754358 393780 360686 377277 393672 50294 197956 282733 198288 34269 389599 546230
is_linear=0
shrinkage=0.05


Tree=15
num_leaves=31
num_cat=0
split_feature=80 80 77 86 87 77 86 77 80 80 22 55 100 49 55 90 100 55 55 53 38 55 77 22 55 50 8 100 84 38
split_gain=63431.3 17162.1 9256.38 19505.4 7346.69 4222.7 6593.88 3643.28 3392.88 3204.36 1985.88 2569.2 1780.28 1755.66 1721.01 2970.08 1699.65 1562.73 1804.05 1772.84 1556.88 1424.61 1414.65 1327.33 1682.96 1312.97 1360.42 1275.87 1272.54 1246.38
threshold=5.5216758251190194 3.0078439712524419 1.2470506429672243 6.0000000000000009 1.0000000180025095e-35 1.2470506429672243 6.0000000000000009 3.0000000000000004 7.0276184082031259 1.5545330047607424 1.5000000000000002 -649692.49999999988 325496.59375000006 0.16288578510284427 -216512.49999999997 3837.190063476563 240280.04687500003 19762.500000000004 30682.500000000004 0.87837970256805431 -11.810427665710447 13077.500000000002 0.84770509600639354 1.0000000180025095e-35 21357.500000000004 127.50000000000001 -0.0086818565614521486 121072.37500000001 -1.0000000180025095e-35 -3.3475759029388423
decision_type=2 2 2 2 2 2 2 2 2 2 2 2 2 2 2 2 2 2 2 2 2 2 2 2 2 2 2 2 2 2
left_child=1 5 3 13 14 6 10 -6 28 -7 12 -12 23 -3 29 -16 -17 22 19 -19 -14 -9 -8 24 -1 26 -13 -5 -2 -4
right_child=8 2 4 27 7 9 17 21 -10 -11 11 25 20 -15 15 16 -18 18 -20 -21 -22 -23 -24 -25 -26 -27 -28 -29 -30 -31
leaf_value=0.0044910560155055164 0.030735296307272647 0.0070230635890010662 0.0039028277685921467 0.038183407897114996 0.0054346799323209917 0.023577933577784205 0.027755627111445504 0.019791803431317465 0.030608890348517229 0.01674953647657524 -0.011659835034145458 -0.011215762945999319 0.10136859066330428 -0.0066162502923709406 0.02417544699477759 -0.023287765846263714 0.0022914109529730484 -0.011189941650665851 0.052534433689632835 0.036277068299948201 -0.028520065083522447 -7.7039078301384371e-05 0.035383317409949648 0.032237760767855651 0.11563158818145008 0.0039438858207468553 0.02031374370294721 0.027427890377544617 0.037706737868356752 -0.0094560457453616922
leaf_weight=7512.6437811851501 77756.710857331753 55998.700684472919 23747.796778187156 36168.101810276508 99820.051849171519 267285.80060134828 134119.94997428358 115473.64955790341 451924.91196283698 481057.91341498494 9433.9620273262262 3597.2815396934748 256.03653186559677 40770.001960083842 15017.522300779819 7212.3594146519899 65138.48256470263 6636.8414676934481 2268.1184098124504 2794.5327659249306 2251.3330213725567 9785.7995876073837 111243.50676432252 35400.461188793182 355.81113950908184 18782.124217554927 69589.681764289737 116199.24709586799 415242.75487188995 65935.225183948874
leaf_count=24866 189773 215483 102551 85705 380956 761302 354913 349891 1138187 1526521 34749 12620 525 172509 59823 33039 274164 21044 5231 6999 8405 32991 271178 104533 666 62708 216222 305816 949376 297805
internal_value=0.0232442 0.0177468 0.0112588 0.0188319 0.00656687 0.0214129 0.0255307 0.0125608 0.0337385 0.0191885 0.017091 0.0131884 0.0257354 0.00127657 -0.00105303 0.0039414 -0.00025869 0.0303627 0.0125075 0.00287644 -0.0152195 0.0182395 0.031214 0.0281091 0.00953152 0.0157374 0.0187638 0.0299812 0.0366073 -0.0059186
internal_weight=2.74878e+06 1.80385e+06 651267 249136 402131 1.15259e+06 404242 225080 944924 748344 147179 101403 45776.3 96768.7 177051 87368.4 72350.8 257063 11699.5 9431.37 2507.37 125259 245363 43268.9 7868.45 91969.1 73187 152367 492999 89683
internal_count=8000551 5723215 2310733 779513 1531220 3412482 1124659 763838 2277336 2287823 465294 326299 138995 387992 767382 367026 307203 659365 33274 28043 8930 382882 626091 130065 25532 291550 228842 391521 1139149 400356
is_linear=0
shrinkage=0.05


Tree=16
num_leaves=31
num_cat=0
split_feature=79 79 77 86 87 77 86 77 79 79 79 53 81 77 22 55 52 77 55 55 55 53 55 77 22 55 25 99 35 90
split_gain=57362.1 15751.2 8741.21 16511.5 6735.69 3812.48 5946.67 3235.03 2978.14 2943.09 1938.6 1740.28 1557.01 2071.87 1537.5 1772.18 1524.89 1500.55 1471.92 1397.17 1612.51 1593.82 1318.22 1279.54 1268.98 1266.84 1366.99 1494.58 1265.66 1248.92
threshold=4.8466784954071054 3.0078439712524419 1.2470506429672243 6.0000000000000009 1.0000000180025095e-35 1.2470506429672243 6.0000000000000009 4.2621526718139657 7.0276184082031259 1.8326677680015566 1.4179930090904238 0.6078576147556306 1.0000000180025095e-35 3.0000000000000004 1.5000000000000002 -649692.49999999988 772.50000000000011 1.8130434155464175 -414397.49999999994 19762.500000000004 30682.500000000004 0.87837970256805431 -443802.49999999994 0.84770509600639354 1.5000000000000002 -647094.99999999988 2.3387008905410771 116259.01171875001 -19.07299709320068 4908.6716308593759
decision_type=2 2 2 2 2 2 2 2 2 2 2 2 2 2 2 2 2 2 2 2 2 2 2 2 2 2 2 2 2 2
left_child=1 5 3 16 11 6 10 17 -2 -7 -1 25 13 -11 -12 -16 -3 -6 22 23 21 -21 -15 -8 -18 28 27 -27 -4 -13
right_child=8 2 4 -5 7 9 19 -9 -10 12 14 29 -14 18 15 -17 24 -19 -20 20 -22 -23 -24 -25 -26 26 -28 -29 -30 -31
leaf_value=0.028918398505244965 0.034568459852940853 0.0059432519479159429 0.080944334996729539 0.028260851578200588 0.00044388399391534299 0.021379089486350589 0.026253686674846479 0.021032133068598587 0.028977369945117067 0.013961336469239471 0.021846521464824915 0.0050645861682828142 0.0091165372401704556 0.02687464263637029 -0.011731440376456521 0.012242791534830728 0.0092718211731725626 0.011022178590275327 0.01736036996414379 -0.010651322472418095 0.049542715982624677 0.03429023274949846 0.056554177585946809 0.033494130786789679 -0.013869020203011116 -0.043132984997893607 -0.02291242935936396 -0.00070849533362959136 -0.027036416850089697 -0.022443132536025631
leaf_weight=24773.155557766557 501851.48351660371 64871.94571852684 278.83430291712284 149968.77444475889 48099.452986419201 362673.50056239963 134687.97783228755 65385.901091232896 453459.8717841655 207456.6541134119 38660.005560845137 81474.239660933614 84576.104547485709 38598.817552521825 8579.1020306795835 75861.529291331768 8095.1678318530321 110640.63061457872 54547.97588789463 6624.2127746641636 2284.4429084807634 2808.315985545516 4143.4133593291044 111631.63703203201 22082.887007042766 2139.2145828157663 8757.5485760122538 69191.97768381238 9002.4672261327505 4345.4306889772415
leaf_count=70064 1161755 251704 897 384235 190163 1040309 354913 189425 1138187 676166 118878 345264 287794 109120 31948 244404 32512 380127 164737 21044 5231 6999 9697 271178 96615 10984 40903 301062 44602 19634
internal_value=0.0220096 0.0167592 0.010493 0.0179276 0.0059311 0.0202461 0.0241513 0.0116724 0.0319146 0.0181381 0.0161566 -0.00141392 0.015119 0.0167848 0.0135881 0.00980686 0.00162377 0.00781693 0.0228052 0.0287327 0.0118614 0.00273067 0.0297531 0.0295352 -0.0076613 -0.00629731 -0.00427054 -0.00198146 -0.0237835 0.00367144
internal_weight=2.75755e+06 1.80224e+06 644334 245019 399316 1.15791e+06 405910 224126 955311 751996 147874 175190 389323 304747 123101 84440.6 95050 158740 97290.2 258037 11717 9432.53 42742.2 246320 30178.1 89370 80088.7 71331.2 9281.3 85819.7
internal_count=8000551 5700609 2288127 765066 1523061 3412482 1124659 759715 2299942 2287823 465294 763346 1247514 959720 395230 276352 380831 570290 283554 659365 33274 28043 118817 626091 129127 398448 352949 312046 45499 364898
is_linear=0
shrinkage=0.05


Tree=17
num_leaves=31
num_cat=0
split_feature=79 79 78 85 87 78 79 79 93 49 78 78 49 100 94 79 84 49 84 84 81 78 100 36 40 25 78 30 43 94
split_gain=51915.8 14026.6 8714.17 10198.5 6105.49 3842.19 3282.37 2900.91 2771.51 1949.86 1801.25 1800.16 1439.26 1404.48 1805.47 1350.67 1175.87 1169.25 1157.78 1144.15 1147.84 1436.41 1238.44 1139.76 1083.91 1028.53 1027.7 922.409 959.134 915.145
threshold=5.5216758251190194 2.3275260925292973 1.2470506429672243 0.90000000596046459 1.0000000180025095e-35 4.2621526718139657 3.31837010383606 7.0276184082031259 0.018692092970013622 -0.14132478833198545 1.2470506429672243 1.8130434155464175 0.098011311143636717 139067.23437500003 3032.7565917968755 4.8466784954071054 -1.0000000180025095e-35 -0.45201864838600153 -1.0000000180025095e-35 -1.0000000180025095e-35 1.0000000180025095e-35 4.2621526718139657 121444.45312500001 -35.985050201416009 -0.56174489110708226 0.52920734882354747 0.96901690959930431 0.55250000953674328 0.99820539355278026 4841.5100097656259
decision_type=2 2 2 2 2 2 2 2 2 2 2 2 2 2 2 2 2 2 2 2 2 2 2 2 2 2 2 2 2 2
left_child=1 10 3 8 6 11 13 16 -3 29 12 -6 -1 27 -15 -8 -2 23 -9 -12 21 -21 -22 -13 -16 -19 -20 28 -4 -10
right_child=7 2 4 -5 5 -7 15 18 9 -11 19 17 -14 14 24 -17 -18 25 26 20 22 -23 -24 -25 -26 -27 -28 -29 -30 -31
leaf_value=0.02726849198779915 0.027353168974180886 0.019876731003696801 0.018407443221911384 0.030242558531924497 0.0030594094860349999 0.021099242170705055 -0.0060768754904125056 0.022973741562238029 0.015712413429548523 0.0038174290788360408 0.012722587133383487 0.09875224772369541 0.020079586386708162 0.032295235235124259 0.0028863671656003003 0.038098705543234801 0.03404238082509365 0.017710604355131936 0.036164083320705649 0.019798555032429443 0.0062423912084240123 0.027849064345327176 0.018411694348667355 0.017294158885999056 0.011897812714371471 0.0064802106532059339 0.027850754267953904 0.0063539863004100257 -0.0095159201142526965 -0.0068294534752690221
leaf_weight=155249.04766246676 78068.987726375461 84810.329178288579 3484.5303087681532 117170.73040826619 75354.748305976391 100480.99804769456 84297.523975595832 109662.85389509797 78022.385271653533 91349.214888602495 62264.18917915225 431.55285665392876 126284.56555207074 7970.0447250157595 61150.119927898049 1765.5560334920883 415819.85231761634 27053.493976965547 42401.217309892178 263007.42866811156 26222.788800865412 70211.775004953146 103174.77069230378 60821.638137355447 73456.558980852365 82755.298661857843 302659.61573696136 28661.915340512991 26124.348041877151 4777.3362535238266
leaf_count=411033 189773 239238 12915 289235 285561 287527 387317 284218 263641 336951 190316 954 346397 26517 233375 4036 949376 88699 99409 758930 82585 190055 301864 198663 269345 283490 754560 110609 106285 17677
internal_value=0.0208513 0.0159 0.0119737 0.0180027 0.00839579 0.0128588 0.00299967 0.0303318 0.0124645 0.00885458 0.0208172 0.00949845 0.0240439 0.00650046 0.00917342 -0.00517014 0.0329851 0.0123349 0.0274499 0.0190864 0.0199428 0.021495 0.0159457 0.0178697 0.00780412 0.00924721 0.0288724 -3.96976e-05 -0.00622907 0.0144117
internal_weight=2.76497e+06 1.81635e+06 1.00994e+06 376130 633808 346898 286911 948613 258959 174149 806415 246417 281534 200848 142577 86063.1 493889 171062 454724 524881 462617 333219 129398 61253.2 134607 109809 345061 58270.8 29608.9 82799.7
internal_count=8000551 5723215 3442035 1146742 2295293 1144894 1150399 2277336 857507 618269 2281180 857367 757430 759046 529237 391353 1139149 571806 1138187 1523750 1333434 948985 384449 199617 502720 372189 853969 229809 119200 281318
is_linear=0
shrinkage=0.05


Tree=18
num_leaves=31
num_cat=0
split_feature=80 80 77 86 87 86 77 77 80 80 81 77 53 49 54 80 99 36 54 94 13 38 90 104 77 49 54 54 54 94
split_gain=47053.6 12606.5 6738.66 14947.9 5325.46 3282.09 5956.98 2775.93 2681.67 2205.24 1878.15 1618.14 1460.11 1446.61 1349.33 1331.92 1274.73 1540.81 1268.55 1280.28 1256.29 1477.1 1785.88 1284.05 1244.85 1242.24 1795.41 1695.7 1434.39 1247.12
threshold=5.5216758251190194 3.0078439712524419 1.2470506429672243 6.0000000000000009 1.0000000180025095e-35 6.0000000000000009 1.2470506429672243 4.2621526718139657 7.0276184082031259 1.4314689040184023 1.0000000180025095e-35 4.2621526718139657 0.6078576147556306 0.16288578510284427 11567.500000000002 1.8189892768859866 366081.21875000006 -13.929103374481199 8132.5000000000009 4015.7824707031255 0.031066239811480049 -14.709507942199705 4483.0520019531259 8.4070916175842303 2.3664708137512211 0.098011311143636717 397757.50000000006 445252.50000000006 101487.50000000001 5157.4399414062509
decision_type=2 2 2 2 2 2 2 2 2 2 2 2 2 2 2 2 2 2 2 2 2 2 2 2 2 2 2 2 2 2
left_child=1 5 3 13 12 15 18 24 -2 -8 11 -11 16 -3 -5 -1 -4 -18 19 -7 23 22 -22 -14 -6 28 -27 -28 29 -20
right_child=8 2 4 14 7 6 9 -9 -10 10 -12 -13 20 -15 -16 -17 17 -19 25 -21 21 -23 -24 -25 -26 26 27 -29 -30 -31
leaf_value=0.018937902865231927 0.031337248098103593 0.0057788548126872352 -0.0064018658583136247 0.015188946303339959 0.0002862893843502051 0.075505964096917733 0.020908916396771397 0.019116464928756825 0.026018372967790505 0.015021577863697287 0.009509416868132739 0.023708089449464897 0.0013429554326612929 -0.0065792506804336487 0.027744500557596159 0.010622411728861268 0.13980557815682226 0.015860768257595994 0.040666659592274806 0.015491423245597775 -0.0096197741057797038 0.010680892286456009 0.10745270950123559 -0.042465200623219013 0.0098907921051113457 0.01757561583420815 0.055608130941168968 0.026961752398052843 0.027378434596576413 -0.034835020541973918
leaf_weight=66868.214351341128 493866.48976771533 56537.801378756762 87910.56293413043 25698.735539197922 48260.45462974906 911.71669006347656 236148.52670168877 67039.737739235163 455728.98049336672 245855.52261823416 117614.75885403156 68572.763419255614 63545.695895537734 40745.211110040545 128064.28003396094 172119.99403566122 286.59127339720726 1961.3294306099415 33345.392609775066 33887.894241631031 518.3244367390871 20014.736417070031 874.72692453861237 1716.8948983252048 112115.47789134085 58878.494382947683 6068.6738471984863 34766.154336392879 91044.191791534424 555.26283453404903
leaf_count=194031 1139149 215483 392553 71045 190441 1752 658975 191797 1138187 766261 386081 190746 272296 172509 320476 557023 607 7875 78519 92086 2229 81150 2353 8319 381600 157694 12915 86682 227813 1904
internal_value=0.0197606 0.0150572 0.00950763 0.0159417 0.00551188 0.0181743 0.0195204 0.0105724 0.0287847 0.0170235 0.0148998 0.0169161 -0.000996286 0.000602822 0.0256462 0.0129492 -0.00545098 0.0317201 0.0259504 0.017066 0.00363764 0.0141479 0.0639133 0.000189763 0.00700065 0.0273265 0.0231638 0.0312204 0.0306483 0.0394289
internal_weight=2.77152e+06 1.82193e+06 655291 251046 404245 1.16664e+06 927649 227416 949595 668192 432043 314428 176829 97283 153763 238988 90158.5 2247.92 259458 34799.6 86670.4 21407.8 1393.05 65262.6 160376 224658 99713.3 40834.8 124945 33900.7
internal_count=8000551 5723215 2310733 779513 1531220 3412482 2661428 763838 2277336 2002063 1343088 957007 767382 387992 391521 751054 401035 8482 659365 93838 366347 85732 4582 280615 572041 565527 257291 99597 308236 80423
is_linear=0
shrinkage=0.05


Tree=19
num_leaves=31
num_cat=0
split_feature=79 79 81 86 77 77 84 79 79 79 54 79 86 87 55 55 55 54 42 53 54 53 104 13 94 54 53 37 22 49
split_gain=42693.2 11639.3 7488.85 9452.14 11108.9 3313.63 2583.06 1797.22 1795.33 1767.81 1675.39 1625.41 1623.11 2639.74 2498.13 3543.67 3028.17 1996.46 1900.24 2015.56 1856.84 1699.09 1662.51 1611.54 1562.41 2072.91 1555 1528.63 2072.06 1502.19
threshold=4.8466784954071054 2.3275260925292973 1.0000000180025095e-35 6.0000000000000009 1.5606444478034975 3.7121527194976811 -1.0000000180025095e-35 3.2266087532043461 3.0745562314987187 3.3710188865661626 11567.500000000002 6.407212734222413 6.0000000000000009 1.0000000180025095e-35 -414397.49999999994 -443802.49999999994 -475472.49999999994 720102.50000000012 1.0035935044288637 1.0000000180025095e-35 479075.00000000006 1.0000000180025095e-35 7.868192434310914 0.040726576000452049 5009.5949707031259 12832.500000000002 0.87837970256805431 4.3758461475372323 3.5000000000000004 0.098011311143636717
decision_type=2 2 2 2 2 2 2 2 2 2 2 2 2 2 2 2 2 2 2 2 2 2 2 2 2 2 2 2 2 2
left_child=1 12 3 9 10 7 -2 -6 -4 -3 27 -8 -1 17 15 16 20 -14 -17 -20 -15 -19 23 -16 25 -12 -18 28 -5 -24
right_child=6 2 8 4 5 -7 11 -9 -10 -11 24 -13 13 14 22 18 26 21 19 -21 -22 -23 29 -25 -26 -27 -28 -29 -30 -31
leaf_value=0.014154499868129082 0.022034027299021222 0.0068406341960968496 0.0045845381174525026 -0.011487560538841046 0.010779304204744867 0.018597332498426596 0.030730679400524121 0.0027206166997223395 -0.0068560009176192455 -0.0024526360163656621 0.062316875039486602 0.026127002543232476 0.017142632255558163 0.069036671995830676 -0.034262090475170523 0.064260161064096891 -0.012701062971918673 -0.033784929256157149 0.09062808890577384 -0.011811628261146933 0.027126840587009916 0.008241703312270211 0.023771806671069304 0.074997263872642259 -0.068945864947354676 0.025931531212210337 0.032399526555761837 0.021084010833923646 0.047899365804193503 0.015657107158127161
leaf_weight=158845.34684877098 188805.49756531417 145873.50297741592 86767.541906580329 8613.0954015254974 212804.74886348844 100196.29970233142 406892.82110694051 102516.97477167845 56699.580036118627 78822.349463284016 4001.3813476264477 362768.09950481355 285855.5457918793 2716.0325780659914 2383.0596598833799 9605.110232681036 7244.2677222937346 3386.7609886974096 650.45564585924149 1825.4177899956703 97707.26279553771 8288.8697320818901 126954.43193747103 392.16482169926167 426.79802538454533 179664.48980712891 2594.9779633432627 28151.936197772622 1769.7182603031397 103578.80208000541
leaf_count=472984 475492 528884 323470 27227 737063 285033 932499 402332 257431 320341 8156 891951 823520 5470 8260 19733 23026 12144 1097 5680 252561 25259 337163 772 1670 449178 6590 74559 4085 286921
internal_value=0.0187358 0.0142346 0.0106411 0.0123999 0.0155052 0.0106763 0.0272752 0.00815931 6.30764e-05 0.00358058 0.0245178 0.0285608 0.0186878 0.0197903 0.0226976 0.0284847 0.0256674 0.0163149 0.0541929 0.0151248 0.0282611 -0.00395042 0.0196628 -0.0187995 0.0265024 0.0267246 -0.000803755 0.0150364 -0.00136112 0.020126
internal_weight=2.7768e+06 1.81834e+06 1.00631e+06 862841 638145 415518 958466 315322 143467 224696 222627 769661 812029 653183 355652 122344 110263 297531 12081 2475.87 100423 11675.6 233308 2775.22 184093 183666 9839.25 38534.7 10382.8 230533
internal_count=8000551 5700609 3419429 2838528 1989303 1424428 2299942 1139395 580901 849225 564875 1824450 2281180 1808196 947273 314157 287647 860923 26510 6777 258031 37403 633116 9032 459004 457334 29616 105871 31312 624084
is_linear=0
shrinkage=0.05


Tree=20
num_leaves=31
num_cat=0
split_feature=79 79 77 86 87 77 86 77 79 79 22 54 100 54 90 35 50 22 55 90 55 55 54 37 77 22 90 13 94 81
split_gain=38849.4 10794.1 5880.28 12016.8 4560.02 2855.13 3830.38 2304.96 2233.98 1957.22 1539.73 1923.93 1570.82 1424.59 1613.31 1373.01 1358.66 1344.32 1974.02 1289.53 1241.97 1218.35 1210.61 1305.31 1224.15 1159.61 1489.72 1105.98 1105.53 1096.7
threshold=4.8466784954071054 2.9067494869232182 1.5606444478034975 6.0000000000000009 1.0000000180025095e-35 1.5606444478034975 6.0000000000000009 3.0000000000000004 7.0276184082031259 1.5545330047607424 1.5000000000000002 650307.50000000012 325496.59375000006 720102.50000000012 2491.143920898438 -11.81345224380493 -162.49999999999997 1.5000000000000002 27427.500000000004 2491.143920898438 17192.500000000004 13077.500000000002 1832.5000000000002 4.5060765743255624 0.84770509600639354 1.0000000180025095e-35 2617.1777343750005 0.054082078859210021 2691.536499023438 1.0000000180025095e-35
decision_type=2 2 2 2 2 2 2 2 2 2 2 2 2 2 2 2 2 2 2 2 2 2 2 2 2 2 2 2 2 2
left_child=1 5 3 16 13 6 10 -6 -2 -7 12 -12 25 14 -4 -14 -3 18 -16 -18 -21 -9 23 -8 -24 26 -1 -13 -5 -11
right_child=8 2 4 28 7 9 22 21 -10 29 11 27 15 -15 17 -17 19 -19 -20 20 -22 -23 24 -25 -26 -27 -28 -29 -30 -31
leaf_value=-0.066779850756761044 0.028232987426833191 0.0053123104683471855 0.080216766832059361 0.030541612360183143 0.0036444177418425878 0.017979763268511039 -0.024616834743631986 0.015207324032079694 0.023402452043106287 0.014024343657918501 0.012073246543870042 -0.014376620582891145 0.090858414936321019 -0.023898261644737975 0.0045837755120034787 -0.029669656571389702 -0.052644843443080715 -0.0038446964535240394 0.082187963175202994 -0.0026293319944650593 -0.042244855716242209 -0.0031484228266565142 0.020947264948130616 0.016822107774070331 0.028031497852483957 0.02703000708594951 0.012305133890108615 0.12629370029994344 0.020627327903762715 0.0084869400834377846
leaf_weight=649.34569792449474 501404.09842087328 60407.635672837496 615.10486474633217 36863.975245282054 100779.79040186107 272478.86112858355 2517.5783353447914 116522.1257199049 458097.1160209924 371815.91852918267 92537.655896663666 8847.051114872098 262.57538138329983 6792.6114635914564 51331.414954334497 2281.9612333327532 1470.5471640080214 115751.86813886464 831.75810013711452 34442.77083556354 2098.0532554537058 9799.4967135339975 133547.66260561347 7740.790561363101 112277.39434243739 35546.942174121737 7055.0312243700027 140.97120831906796 118647.19096754491 117742.95960450172
leaf_count=2681 1161442 232180 2058 86785 380881 760932 8170 347311 1140336 1138307 286975 32380 514 32952 216246 8433 7151 510285 2553 142312 9714 32631 348664 20524 270932 101915 21781 260 307792 384228
internal_value=0.0177841 0.0134955 0.008367 0.0143248 0.00460759 0.0163838 0.0197853 0.00928408 0.0259268 0.0145831 0.0133614 0.0099281 0.0209724 -0.00145 -0.000545055 -0.0171994 0.000652172 -0.000841407 0.00582285 -0.00675353 -0.00490515 0.0137833 0.0234807 0.00665039 0.024183 0.0232186 0.00563119 -0.0121559 0.0229777 0.0126926
internal_weight=2.7813e+06 1.8218e+06 656354 253930 402424 1.16544e+06 403405 227101 959501 762038 147322 101526 45795.9 175323 168530 2544.54 98419 167915 52163.2 38011.4 36540.8 126322 256083 10258.4 245825 43251.3 7704.38 8988.02 155511 489559
internal_count=7999325 5697547 2310851 785934 1524917 3386696 1103229 760823 2301778 2283467 454939 319615 135324 764094 731142 8947 391357 729084 218799 159177 152026 379942 648290 28694 619596 126377 24462 32640 394577 1522535
is_linear=0
shrinkage=0.05


Tree=21
num_leaves=31
num_cat=0
split_feature=80 80 77 86 87 77 84 80 49 54 54 55 49 80 94 37 25 25 54 22 55 55 55 55 104 55 25 77 86 87
split_gain=35272.1 9465.76 5708.46 13003.5 4243.23 2736.1 2463.54 2311.13 1752.49 1930.36 1601.29 1594.48 1665.91 1536.04 1465.44 1639.49 1648.11 1601.96 1735.29 2366.96 1558.1 2759.56 2543.62 1427.31 1416.73 1963.92 1479.1 1414.92 1481.89 1592.16
threshold=5.5216758251190194 2.3275260925292973 1.2470506429672243 6.0000000000000009 1.0000000180025095e-35 3.0000000000000004 -1.0000000180025095e-35 3.2801311016082768 -0.14132478833198545 627510.00000000012 720102.50000000012 -635692.49999999988 -0.032717135734856122 6.407212734222413 4461.2099609375009 3.9889371395111088 0.63659965991973888 2.5971509218215947 103917.50000000001 2.5000000000000004 -414397.49999999994 -443802.49999999994 -346412.49999999994 12687.500000000002 7.7159750461578378 -667792.49999999988 1.997237026691437 1.5606444478034975 6.0000000000000009 1.0000000180025095e-35
decision_type=2 2 2 2 2 2 2 2 2 2 2 2 2 2 2 2 2 2 2 2 2 2 2 2 2 2 2 2 2 2
left_child=1 27 3 8 7 -6 -2 10 9 -3 -4 24 -13 -8 17 23 -17 20 -19 -20 21 -5 -22 -16 26 -26 -7 28 -1 -30
right_child=6 2 4 14 5 11 13 -9 -10 -11 -12 12 -14 -15 15 16 -18 18 19 -21 22 -23 -24 -25 25 -27 -28 -29 29 -31
leaf_value=0.014649703438046335 0.019572206906898648 0.011678894987895341 0.006041555455812953 0.024592169692384588 0.005511381471116422 0.016934554025125396 0.028100543543211554 -0.0046266406376848524 -0.0020676241345232533 -0.013655803881776691 -0.017148344211171892 0.017477914879323372 0.0074994259131616883 0.023606448795740798 0.0085405923322283694 -0.014877899406452403 0.023278914268641804 0.056672798648627655 -0.010944299735394349 0.052070182326762394 -0.0056687088804298971 0.055417100617603125 0.0210159394687893 -0.033481946371270971 -0.060904182309711799 0.056793437618596371 0.079886432210977076 0.015306990556189613 0.012645074938951954 0.024468219167920805
leaf_weight=96823.679760336876 188759.50002254546 64076.585751354694 193843.84197585285 71608.12379796803 157299.11302882433 19797.154981687665 397963.58551241457 86311.485301956534 78621.855187505484 8517.2900128662586 7740.359051823616 85450.439963549376 81942.734935462475 364243.64851024747 6018.7157351821661 3194.834196165204 24728.423489749432 7395.2681577652693 2994.3744475096464 2964.8711488991976 9946.3028680831194 8080.2552200853825 87373.124185666442 3040.6308928728104 380.25845243036747 5062.9795892387629 978.39988467097282 531955.84871034324 35001.704680249095 152831.1225733757
leaf_count=282918 474240 225156 722491 174354 570955 56884 911157 394234 310476 34885 32364 247852 253071 893743 16904 10240 63318 15161 8913 6224 29030 16196 223821 10863 1475 11949 2023 1523297 97501 377630
internal_value=0.0168721 0.0128202 0.00960188 0.0144672 0.00671866 0.0104097 0.0246864 0.00221964 0.00310454 0.00870621 0.00515101 0.0143893 0.0125933 0.0259529 0.0220248 0.0129164 0.0189127 0.0237943 0.040494 0.0204096 0.0225341 0.0277185 0.0182886 -0.00556522 0.0258545 0.0485606 0.0199031 0.0168296 0.0196749 0.0222651
internal_weight=2.78495e+06 1.83398e+06 1.01737e+06 378561 638807 350911 950967 287896 151216 72593.9 201584 193612 167393 762207 227345 36982.6 27923.3 190362 13354.5 5959.25 177008 79688.4 97319.4 9059.35 26218.8 5443.24 20775.6 816612 284657 187833
internal_count=7999325 5720185 3438839 1145541 2293298 1144209 2279140 1149089 570517 260041 754855 573254 500923 1804900 575024 101325 73558 473699 30298 15137 443401 190550 252851 27767 72331 13424 58907 2281346 758049 475131
is_linear=0
shrinkage=0.05


Tree=22
num_leaves=31
num_cat=0
split_feature=86 77 74 81 99 94 55 54 55 55 77 55 100 54 94 55 99 25 55 46 22 94 54 99 37 55 55 25 55 54
split_gain=6326.96 9919.21 2759.02 2679.53 3698.58 3137.46 2813.33 2485.76 2476.52 2705.28 2381.21 2170.32 3476.72 2555.05 2045.98 2315.18 1991.54 4948.49 2993.88 1881.56 1688.5 2388.18 1610.31 2564.96 1816.36 1589.62 1714.43 1560.63 1510.14 1484.68
threshold=6.0000000000000009 1.5606444478034975 37.343187332153327 1.0000000180025095e-35 139734.28125000003 3024.5419921875005 -423234.99999999994 9792.5000000000018 -726327.49999999988 14322.500000000002 4.2621526718139657 -216512.49999999997 222206.21875000003 243022.50000000003 2691.536499023438 -525607.49999999988 117272.23046875001 1.4896463155746462 -667792.49999999988 0.079474680125713362 1.5000000000000002 2664.4050292968755 539735.00000000012 114527.91015625001 24.358658790588382 -414397.49999999994 -443802.49999999994 1.9714748263359072 -525607.49999999988 616127.50000000012
decision_type=2 2 2 2 2 2 2 2 2 2 2 2 2 2 2 2 2 2 2 2 2 2 2 2 2 2 2 2 2 2
left_child=8 14 3 10 -5 6 -6 -4 -1 -10 -3 13 -13 -7 15 16 22 18 -18 20 -17 -22 -2 27 -25 26 28 -24 -12 -16
right_child=1 2 7 4 5 11 -8 -9 9 -11 25 12 -14 -15 29 19 17 -19 -20 -21 21 -23 23 24 -26 -27 -28 -29 -30 -31
leaf_value=-0.004786539694758854 0.05028806651059059 0.013733088559578619 0.012479331973931541 0.0017522763640189017 0.016277798723365201 -0.026083091621727728 0.069322040640778904 0.019502228696463737 0.013136948330972157 0.00051686006955623995 0.029019783263436228 0.032715921294537119 0.0092730914758217282 0.0084519938808805938 0.021735316217614615 0.042416806764578624 -0.03597546453816465 -0.051051645460429423 0.047377900655648286 -0.04600511078862278 -0.04451370576782937 0.027912356604262563 0.027370267202752693 0.013704436124448181 -0.03425192632101455 0.015078907508711046 0.053527893189532938 0.064505914659332766 0.0097382664779897699 0.0024007184519864015
leaf_weight=22360.809460371733 6429.7133078128099 591664.57571542263 169299.37218418717 102966.60960116982 5273.7348705679178 6285.1701636314392 4753.0450372099876 492778.14466093481 549812.19273231924 46019.798101231456 42751.629987835884 24728.287759259343 43884.173591047525 36181.711472138762 442066.44878235459 3187.7216058671474 1114.6423374563456 1411.9309917241335 31516.168808355927 1540.1262995153666 2082.404821023345 2507.7552803307772 57072.57440534234 15704.254818975925 2257.3846277296543 50143.994465440512 5568.91645629704 2976.6462608426809 13321.17547403276 10157.943033188581
leaf_count=75207 13294 1802309 496997 346038 16331 23391 10937 1350084 1676087 147364 108703 71981 134717 116702 1104675 6908 3549 4779 66381 5145 6972 5984 135026 39946 7128 139868 11974 5622 37475 27751
internal_value=0.0160116 0.0172831 0.0152408 0.0134809 0.00871907 0.0146423 0.0414275 0.0177064 0.0115492 0.0121622 0.0149976 0.012224 0.0177224 0.00334013 0.0228799 0.0284663 0.0303535 0.0405637 0.0445294 0.00446785 0.0144675 -0.00494642 0.0262367 0.0242537 0.00767552 0.0216904 0.0270683 0.0292122 0.0244394 0.021301
internal_weight=2.78782e+06 2.16963e+06 1.5896e+06 927523 224073 121106 10026.8 662078 618193 595832 703450 111079 68612.5 42466.9 580026 127801 118483 34042.7 32630.8 9318.01 7777.88 4590.16 84440.6 78010.9 17961.6 111786 61641.7 60049.2 56072.8 452224
internal_count=7999325 6100667 4667507 2820426 720097 374059 27268 1847081 1898658 1823451 2100329 346791 206698 140093 1433160 300734 275725 74709 69930 25009 19864 12956 201016 187722 47074 298020 158152 140648 146178 1132426
is_linear=0
shrinkage=0.05


Tree=23
num_leaves=31
num_cat=0
split_feature=79 79 81 86 77 77 79 84 86 77 79 81 77 53 22 90 77 54 49 94 100 94 38 25 25 54 25 94 25 25
split_gain=32184.5 9105.86 4800.7 5900.56 6763.91 2274.16 2260.36 2020.45 1688.15 3598.06 1396.6 1251.08 1190.91 1120.18 1115.08 1091.93 1079.55 1068.38 1049.72 1039.94 1000.47 990.218 1212.36 1188.19 1145.19 1104.17 1068.81 1002.27 973.666 901.138
threshold=4.8466784954071054 2.9067494869232182 1.0000000180025095e-35 6.0000000000000009 1.5606444478034975 3.0000000000000004 1.8060159683227541 -1.0000000180025095e-35 6.0000000000000009 1.5606444478034975 6.407212734222413 1.0000000180025095e-35 3.7121527194976811 0.6078576147556306 1.5000000000000002 4447.0749511718759 0.84770509600639354 7477.5000000000009 -0.35222910344600672 4015.7824707031255 121444.45312500001 4461.2099609375009 -7.5094816684722892 2.5971509218215947 2.3187674283981328 101487.50000000001 0.63659965991973888 2691.536499023438 1.504488527774811 2.5971509218215947
decision_type=2 2 2 2 2 2 2 2 2 2 2 2 2 2 2 2 2 2 2 2 2 2 2 2 2 2 2 2 2 2
left_child=1 6 3 18 17 -6 -1 -2 -8 21 -9 12 -11 20 -4 29 -12 19 -3 -5 -13 23 24 27 -23 -25 -24 -10 -21 -7
right_child=7 2 14 4 5 15 8 10 9 11 16 13 -14 -15 -16 -17 -18 -19 -20 28 -22 22 26 25 -26 -27 -28 -29 -30 -31
leaf_value=0.016874958658651427 0.017981265438801929 0.004846477440520882 0.0040612483339456992 0.075206247533058171 0.002131697008347009 0.012194953715734362 0.0079662109689538543 0.025769999262341376 0.028824195219402576 0.011336582953786029 0.028002291079530939 -0.010651268623736013 0.018773684216440087 0.011903790775195785 -0.0080214887061871975 0.0011520795971318293 0.020362899525697475 0.021120547982783476 -0.003752834812085569 -0.0069798207031306868 0.0053959890610617151 0.018850515980682932 -0.015570995081428139 0.056362370123071028 -0.040248577674555634 0.021219734226487402 0.019626009527083998 0.018042278224079049 0.016640515367659908 0.030566568710030967
leaf_weight=421894.78830082715 189332.66683357954 59124.635929688811 27847.122544035316 560.69200269877911 141649.19552145898 98476.314439401031 172881.61904247105 404628.14516760409 29296.992092132568 246997.51196055114 54364.461405068636 12166.438109174371 68836.177183881402 57701.067253440619 60746.12069837749 21811.284146547318 310123.86261881888 136744.08401355147 88767.92778685689 7879.942268371582 48142.244961172342 1375.5142924338579 2424.2280001491308 4745.3504143059254 2025.5917389541864 4229.3092009872198 19498.749439269304 81628.721263945103 9772.4706478863955 7160.1605484783649
leaf_count=1146199 475727 221593 116222 1025 570427 291003 549585 932308 68152 757177 126363 43482 188444 182717 270378 69062 767380 341362 360628 23362 155960 3586 7446 9573 6904 10532 49748 207191 26076 19713
internal_value=0.0151829 0.0113031 0.00660695 0.00828458 0.0112837 0.00649176 0.0139457 0.0226085 0.0123022 0.0135967 0.0237476 0.0113163 0.0129576 0.00692357 -0.00422352 0.0113376 0.0215024 0.0196053 -0.00031495 0.00822828 0.00215847 0.0204089 0.011424 0.0223064 -0.0163471 0.0398062 0.0157332 0.0208902 0.00609644 0.0134405
internal_weight=2.79283e+06 1.83438e+06 660540 571947 424054 269097 1.17384e+06 958449 751950 579068 769116 433843 315834 118010 88593.2 127448 364488 154957 147893 18213.1 60308.7 145224 25324.1 119900 3401.11 8974.66 21923 110926 17652.4 105636
internal_count=7999325 5697547 2310851 1924251 1342030 950205 3386696 2301778 2240497 1690912 1826051 1327780 945621 382159 386600 379778 893743 391825 582221 50463 199442 363132 67684 295448 10490 20105 57194 275343 49438 310716
is_linear=0
shrinkage=0.05


Tree=24
num_leaves=31
num_cat=0
split_feature=79 79 81 55 49 55 99 55 99 99 79 55 79 55 25 49 55 78 99 25 25 28 99 37 37 37 85 25 100 22
split_gain=29248.5 7950.79 4016.95 2594.45 2449.65 2198.76 2526.9 2176.99 2332.83 2098.33 2034.02 2002.5 1962.56 1928.13 1860.86 1548.75 2004.79 1674.79 1398.59 2161.35 1347.72 1343.85 1301.66 1870.45 1728.89 1407.44 1051.1 1042.3 1164.54 1008.9
threshold=5.5216758251190194 2.9067494869232182 1.0000000180025095e-35 14322.500000000002 0.16288578510284427 -101834.99999999999 202711.89062500003 -257359.99999999997 373302.76562500006 100660.42187500001 1.8060159683227541 -635692.49999999988 7.0276184082031259 -175577.49999999997 2.4716013669967656 0.1413247883319855 14322.500000000002 1.5606444478034975 302000.26562500006 2.6378979682922368 1.4626069664955141 0.87500000000000011 292720.23437500006 17.370236396789554 5.1138999462127694 3.8382912874221806 0.90000000596046459 1.1235764026641848 307332.14062500006 1.5000000000000002
decision_type=2 2 2 2 2 2 2 2 2 2 2 2 2 2 2 2 2 2 2 2 2 2 2 2 2 2 2 2 2 2
left_child=1 10 3 4 5 6 13 9 14 20 -1 -11 -2 -3 -9 16 17 -12 19 -7 -6 -20 23 24 -5 -24 -8 -27 -29 -4
right_child=12 2 29 22 7 18 26 8 -10 11 15 -13 -14 -15 -16 -17 -18 -19 21 -21 -22 -23 25 -25 -26 27 -28 28 -30 -31
leaf_value=0.015997819320297549 0.023748255208901253 0.0098953249609337792 0.0043772082222085324 -6.4721788405716681e-05 -0.039520244252408326 0.018662585029492765 -0.016197352294402091 -0.0040250095799741082 0.06096627697611371 0.021636075094794718 0.018994663162729054 0.0069198751574439769 0.019198358020934839 0.045037232411385214 0.015361386771605074 0.009063459602079443 0.0015564670250454275 0.01220005768891378 0.002766967253704654 0.045750853987334028 0.01898111137203809 0.0252422506996971 -0.029313890738125264 -0.029528885685875306 0.03536696911043153 -0.022175655187194099 0.0091711552995137474 -0.029875366168910018 0.01290571486990527 -0.0070258743565781087
leaf_weight=422752.55834297836 490013.72688339651 185366.36599384248 28307.039327308536 8918.3539682626724 3469.9241318404675 57268.493741810322 13294.504798308015 88246.582257553935 1525.3304045498371 30881.685365304351 140527.03401492536 91938.988965824246 459144.93426287174 3986.3824662417173 14396.778021678329 325276.25061035156 31776.683170288801 255798.69452902675 22548.136474728584 8450.6418777108192 1373.4401419311762 9433.0103835612535 7734.550570577383 3036.8311425000429 5606.4538262188435 5021.9490841478109 5891.8745220154524 1931.3511316031218 8995.7781619727612 61620.250854730606
leaf_count=1146199 1138804 610838 117101 31316 14120 181596 47725 317457 3887 96794 380391 311255 1140336 11131 46920 982942 98898 778266 76577 23116 4440 29076 30886 11980 16820 19573 20333 7655 29939 272954
internal_value=0.0144148 0.0107463 0.00639547 0.00792167 0.00884808 0.0117834 0.00888341 0.00497058 -0.000393232 0.00934723 0.013222 0.0106203 0.0215473 0.0106354 -0.0013057 0.0116643 0.0136405 0.0146093 0.0179733 0.0221465 -0.0229294 0.00939691 -0.00416373 0.00615099 0.0136128 -0.0118123 -0.0084067 -0.00332331 0.00534173 -0.00343638
internal_weight=2.79453e+06 1.84538e+06 669245 579317 538072 306239 208539 231833 104169 127664 1.17613e+06 122821 949159 189353 102643 753379 428102 396326 97700.3 65719.1 4843.36 31981.1 41245.3 17561.6 14524.8 23683.6 19186.4 15949.1 10927.1 89927.3
internal_count=7999325 5720185 2333489 1943434 1795265 1000392 690027 794873 368264 426609 3386696 408049 2279140 621969 364377 2240497 1257555 1158657 310365 204712 18560 105653 148169 60116 48136 88053 68058 57167 37594 390055
is_linear=0
shrinkage=0.05


Tree=25
num_leaves=31
num_cat=0
split_feature=79 79 81 86 55 49 55 54 84 49 25 55 53 54 79 55 26 54 62 22 24 54 54 100 54 104 55 55 36 79
split_gain=26444.6 7203.28 4427.21 6571.32 2036.67 2547.82 2198.93 1944.17 1870.79 1722.89 2108.79 1632.07 2403.66 1745.05 1540.33 1475.71 1460.84 1736.43 1513.74 1417.94 1554.41 1418.26 1964.29 1624.18 1521.37 1435.09 1347.34 1298.79 1281.05 1199.37
threshold=5.5216758251190194 2.3275260925292973 1.0000000180025095e-35 6.0000000000000009 -635692.49999999988 0.010907442308962378 -737592.49999999988 636397.50000000012 -1.0000000180025095e-35 -0.65106672048568714 1.901450574398041 15522.500000000002 0.87837970256805431 103917.50000000001 4.1029694080352792 -708497.49999999988 1.8156529664993288 1832.5000000000002 49.925611495971687 1.5000000000000002 59.917234420776374 277117.50000000006 135217.50000000003 239598.21093750003 124055.00000000001 8.0727186203002947 -304292.49999999994 -275262.49999999994 -8.3088493347167951 6.407212734222413
decision_type=2 2 2 2 2 2 2 2 2 2 2 2 2 2 2 2 2 2 2 2 2 2 2 2 2 2 2 2 2 2
left_child=1 -1 3 14 6 11 9 -8 -2 28 -11 13 -13 -6 -3 -9 17 -7 -18 20 -4 22 23 -21 -25 27 -23 -24 -5 -10
right_child=8 2 19 4 5 16 7 15 29 10 -12 12 -14 -15 -16 -17 18 -19 -20 21 -22 26 25 24 -26 -27 -28 -29 -30 -31
leaf_value=0.013697560366019552 0.016032258389855138 0.0039209389196298156 0.015175327661729071 0.048017894876985046 0.019602075186685847 -0.01510223106804329 0.087925621188562619 0.03276518164111835 0.023503746478920062 -0.016401857000456151 0.040008832741139776 -0.0093635131852707939 0.027569369070398975 0.011361654916510897 -0.0053941601338412561 0.016617853434060161 -0.012645572706374281 0.0085287814804471656 0.022348582504208861 -0.036871899609581239 -0.0033134473145098688 -0.0087076151690509782 0.12068707789327407 -0.0019720720037194584 0.1487348202987214 0.044611818395804505 -0.04931813924000697 0.0056265540435382127 -0.0020871471789602942 0.019525081502117535
leaf_weight=823250.42854781449 188962.78192266822 169376.95680513978 24624.753221720457 3009.9333942383528 103976.47169370949 8031.3527882546186 1116.202808573842 20140.947564959526 394399.03640517592 10429.819713309407 1968.5434691011906 16495.368004858494 6009.554719671607 168169.69669760764 60133.8232627213 47586.991341456771 16625.751999497414 241443.52276058495 3794.7748021483421 3507.5163705646992 21114.773202762008 42027.251183852553 249.82506130635738 37308.639530852437 167.21405850350857 3548.5830187052488 2145.8695762604475 11077.012970656157 2213.0555585324764 364606.20573495328
leaf_count=2281672 474382 613697 90732 7527 304572 28578 2178 54995 910606 36040 5092 56644 17108 512760 242596 140740 57355 758601 11282 15774 84522 178236 613 148345 343 11917 10073 43520 7125 893920
internal_value=0.0136939 0.0102136 0.00741889 0.00875506 0.0113197 0.0102252 0.0184659 0.0224999 0.0204842 0.00270491 -0.00744237 0.01344 0.000499346 0.0145101 0.00148027 0.0214202 0.00671551 0.00776795 -0.00614154 -0.000652184 0.00664034 -0.00398677 0.00130751 -0.00434126 -0.00129555 0.01687 -0.0106816 0.0081752 0.0267904 0.0215925
internal_weight=2.79751e+06 1.84954e+06 1.02629e+06 880523 651012 564546 86465.5 68844.1 947968 17621.4 12398.4 294651 22504.9 272146 229511 67727.9 269895 249475 20420.5 145771 45739.5 100032 55858.8 40983.4 37475.9 14875.4 44173.1 11326.8 5222.99 759005
internal_count=8001545 5722637 3440965 2856890 2000597 1746900 253697 197913 2278908 55784 41132 891084 73752 817332 856293 195735 855816 787179 68637 584075 175254 408821 220512 164462 148688 56050 188309 44133 14652 1804526
is_linear=0
shrinkage=0.05


Tree=26
num_leaves=31
num_cat=0
split_feature=49 78 44 22 54 54 54 54 85 13 54 54 85 99 90 85 12 22 54 38 85 31 54 39 54 13 74 54 28 50
split_gain=3321.95 3259.16 2304.93 2332.23 3889.25 2746.85 4239.77 3047.42 3157.04 2051.96 2036.7 8015.67 4115.46 3686.89 2660.11 2346 1956.28 1898.86 1883.09 2059.55 1870.3 2999.72 2819.01 1899.83 1765.14 1744.55 1660.3 3115.32 1654.55 1555.69
threshold=0.16288578510284427 1.5606444478034975 1.0021720528602602 1.5000000000000002 740237.50000000012 113032.50000000001 155242.50000000003 17917.500000000004 0.90000000596046459 0.028850340284407142 397757.50000000006 445252.50000000006 0.90000000596046459 132769.09375000003 4221.8876953125009 0.90000000596046459 0.010825992561876776 3.5000000000000004 3277.5000000000005 9.0108575820922869 0.90000000596046459 436.32815551757818 144047.50000000003 -6.4247665405273429 424595.00000000006 0.017759426496922973 28.85133266448975 15012.500000000002 0.12500000372529033 -732.49999999999989
decision_type=2 2 2 2 2 2 2 2 2 2 2 2 2 2 2 2 2 2 2 2 2 2 2 2 2 2 2 2 2 2
left_child=1 -1 3 4 10 7 20 -5 16 29 14 15 13 -13 -2 28 -9 -18 -16 -20 21 25 -23 -22 -17 -7 -3 -28 -12 -10
right_child=2 26 -4 5 -6 6 -8 8 9 -11 11 12 -14 -15 18 24 17 -19 19 -21 23 22 -24 -25 -26 -27 27 -29 -30 -31
leaf_value=0.017549566242104665 0.0089989334831321217 0.010631587610452719 0.0074041240897938475 0.01110236270719028 -0.022981094174447769 -0.0023324694669525636 0.01149814343097906 0.074215788186921317 0.01731016219468481 0.024079534674759144 0.02479023051928864 0.027799847435158367 0.0024017610532374085 -0.018869914395585188 0.0053029147425272018 0.046712019521711223 -0.017899095590180349 0.0034661922105411235 0.029447326333551252 -0.0035517983795285411 0.067890906749387581 0.039027951312648246 -0.032219823604169161 0.0059090973251303518 -0.0065637282357830888 0.065463512311559821 0.009156862245268866 0.017187470009804914 0.073255064904312703 -0.011200861835389526
leaf_weight=565097.37784050405 117608.35638725758 469725.95595875382 322765.25272013247 109535.60779894888 6292.0827223360538 1054.5283515900373 360506.09926812351 681.28456252813339 7687.1787482649088 14705.223215013742 2137.0147758871317 53725.854573890567 34826.047340527177 4592.849390283227 13928.462318345904 4470.9651588499546 32447.006063550711 15303.786143004894 45830.762854799628 5271.7394208312035 1447.0913359969854 4073.4661831259727 2104.9356540888548 8456.8412712812424 2382.7768803536892 9452.6904925107956 176166.66505695879 384073.91026127338 10053.122971966863 12667.109693005681
leaf_count=1503038 342984 1430324 951526 319012 21122 3237 1043129 1393 22045 40973 5671 140430 107166 14995 41516 10867 105292 45458 121963 16252 3216 10259 7302 25405 7564 20581 520762 1056566 20475 41022
internal_value=0.0130017 0.0144982 0.011019 0.012343 0.0159133 0.0104898 0.0129194 0.00561747 -0.00157835 0.00984894 0.0167435 0.022046 0.0160024 0.0241241 0.0134862 0.0516029 -0.00985059 -0.0110516 0.0216011 0.026043 0.032187 0.0424034 0.0147523 0.0149719 0.0281911 0.0586593 0.0128241 0.0146623 0.064762 -0.000432572
internal_weight=2.79907e+06 1.59506e+06 1.20401e+06 881243 301120 580123 387096 193027 83491.6 35059.5 294828 112189 93144.8 58318.7 182639 19043.9 48432.1 47750.8 65031 51102.5 26589.6 16685.6 6178.4 9903.93 6853.74 10507.2 1.02997e+06 560241 12190.1 20354.3
internal_count=8001545 4510690 3490855 2539329 851005 1688324 1113129 575195 256183 104040 829883 307168 262591 155425 522715 44577 152143 150750 179731 138215 70000 41379 17561 28621 18431 23818 3007652 1577328 26146 63067
is_linear=0
shrinkage=0.05


Tree=27
num_leaves=31
num_cat=0
split_feature=80 80 77 86 87 77 86 84 77 80 22 54 100 37 54 94 22 55 46 80 55 53 53 55 55 54 55 53 50 99
split_gain=24093.9 6760.52 3894.89 8256.64 2926.98 1796.65 2205.59 1717.43 1574.65 1276.54 1265.65 1556.82 1391.37 1242.15 1142.47 1436.55 1116.44 1390.73 1106.2 1074.22 1059.18 1995.81 1169.64 1051.22 1365.98 1429.07 1600.61 1076.8 1046.73 1343.16
threshold=4.8466784954071054 2.8426212072372441 1.5606444478034975 6.0000000000000009 1.0000000180025095e-35 1.2470506429672243 6.0000000000000009 -1.0000000180025095e-35 4.2621526718139657 1.5545330047607424 1.5000000000000002 647870.00000000012 325496.59375000006 -8.0169959068298322 720102.50000000012 2491.1965332031255 1.0000000180025095e-35 21357.500000000004 0.073834821581840529 7.0276184082031259 -717222.49999999988 0.87837970256805431 0.6078576147556306 19762.500000000004 30682.500000000004 10747.500000000002 20372.500000000004 0.87837970256805431 -207.49999999999997 106111.76953125001
decision_type=2 2 2 2 2 2 2 2 2 2 2 2 2 2 2 2 2 2 2 2 2 2 2 2 2 2 2 2 2 2
left_child=1 5 3 28 14 6 10 -2 -6 -7 12 -12 16 -14 15 -4 17 -1 -18 -9 21 -17 -22 -8 25 27 -27 -25 -3 -30
right_child=7 2 4 -5 8 9 23 19 -10 -11 11 -13 13 -15 -16 20 18 -19 -20 -21 22 -23 -24 24 -26 26 -28 -29 29 -31
leaf_value=-0.0040006446634853598 0.014523499300117454 0.0030034636104311597 0.071368197093431215 0.016829493527948308 0.0030151726413021711 0.012614775848065468 0.017573195523428987 0.021555124350729035 0.012070072949832906 0.0083793832267339691 0.0079483481957487254 -0.014012640474733893 0.07495866945048095 -0.032253188484580753 -0.022998883254522366 0.10732715054904265 0.01031893279552986 0.097182832155465665 0.028641960903549143 0.017792136891439894 -0.006726762467675982 -0.042878701580681647 0.0015736442994456722 -0.028920111578386351 0.037009157139628782 -0.067252654626340364 0.046528725020842786 0.013448832198013603 -0.051052693970016522 -0.0054326641380930277
leaf_weight=7210.7739019691944 189343.552224949 59771.622579678893 662.51534004509449 160896.48561254144 163992.41972364485 276725.98648305237 240491.09488816559 416812.26815365255 67889.674813732505 498264.41165024042 92316.301958531141 8841.9815038740635 305.4867328107357 2279.8390499204397 6770.8616822063923 584.16986355185509 13012.79374872148 355.37755614519119 22456.470709085464 348143.33697712421 86163.416138216853 354.73620723187923 83638.712761744857 5210.6318661272526 2295.1907043009996 366.73277103900909 1938.7802578359842 2104.5779567211866 1677.3564232885838 41762.407426431775
leaf_count=23016 475893 225502 2087 406587 571927 761178 603021 969629 190596 1521729 280200 31343 613 8375 33030 1779 38188 630 60960 855941 379886 1730 346809 17050 5212 1370 4253 5443 8233 169335
internal_value=0.0123353 0.00900417 0.00501341 0.0097489 0.00196336 0.0112955 0.0140207 0.0187872 0.0056663 0.00989174 0.0091468 0.00602863 0.0160606 -0.0195588 -0.00285575 -0.00205988 0.0182009 0.000763436 0.0219203 0.0198426 -0.00234525 0.050586 -0.00263825 0.0168549 0.00235809 -0.00591099 0.0284063 -0.0167298 -0.00128905 -0.00719546
internal_weight=2.80264e+06 1.84834e+06 674164 264108 410057 1.17418e+06 399186 954299 231882 774990 146779 101158 45620.7 2585.33 178174 171404 43035.4 7566.15 35469.3 764956 170741 938.906 169802 252407 11915.9 9620.72 2305.51 7315.21 103211 43439.8
internal_count=8001545 5700082 2337501 809657 1527844 3362581 1079674 2301463 762523 2282907 443325 311543 131782 8988 765321 732291 122794 23646 99148 1825570 730204 3509 726695 636349 33328 28116 5623 22493 403070 177568
is_linear=0
shrinkage=0.05


Tree=28
num_leaves=31
num_cat=0
split_feature=80 80 77 86 87 55 94 55 90 94 55 104 94 25 77 38 80 42 49 40 25 38 49 55 90 40 90 86 87 55
split_gain=21893.6 6039.49 3732.22 8589.23 2746.48 1900.42 3072.12 1837.13 3850.54 2295.06 1834.7 1819.24 1755.93 1909.65 1689.88 1642.61 1610.75 1476.88 1373.94 1358.84 1514.7 1490.24 1330.6 1550.25 1208.24 1202.27 1366.71 1149.82 1641.04 2136.45
threshold=5.5216758251190194 2.3275260925292973 1.2470506429672243 6.0000000000000009 1.0000000180025095e-35 13077.500000000002 5184.8549804687509 -216512.49999999997 3837.190063476563 4022.759887695313 -243512.49999999997 8.4610867500305194 4503.5800781250009 1.9576467275619509 4.2621526718139657 5.4455268383026132 7.0276184082031259 0.99802163243293773 0.076279435306787505 1.0000000180025095e-35 3.05855405330658 4.5079407691955575 0.16288578510284427 -626742.49999999988 3409.689331054688 1.0000000180025095e-35 2582.619018554688 6.0000000000000009 1.0000000180025095e-35 -414397.49999999994
decision_type=2 2 2 2 2 2 2 2 2 2 2 2 2 2 2 2 2 2 2 2 2 2 2 2 2 2 2 2 2 2
left_child=1 27 3 22 7 6 11 10 -9 -10 17 14 19 -14 -6 -11 -2 24 -19 21 -21 -7 23 25 -4 -3 -27 -1 -29 -30
right_child=16 2 4 -5 5 12 -8 8 9 15 -12 -13 13 -15 -16 -17 -18 18 -20 20 -22 -23 -24 -25 -26 26 -28 28 29 -31
leaf_value=0.0079808501938963463 0.019924460047833256 -0.024409796834542877 0.005422222171837454 0.016101660817752238 0.0054099930253907885 0.031459733009228094 0.071737754159785935 0.021867435765928731 -0.019504816481776831 0.0063244878820448054 -0.030202503470207882 -0.031392556076005065 -0.0055796427007660148 -0.043251057317124149 0.013365979199095804 -0.0081619811744489783 0.015792965388531571 -0.00030224621005174314 -0.011730829888192351 -0.038934680980469392 0.060264239229893095 -0.012343965403767901 -0.0047502229369547205 0.0071020190623552722 0.1276100972213704 0.033619958348898665 -0.035318306337912969 0.0099670488588756156 0.020275247150695772 0.012169613309592556
leaf_weight=162441.16074828804 485479.18212111294 7379.1690957844257 35897.797523602843 227882.98101705313 230145.71891932189 6373.9207072108984 1862.6441883146763 25251.320093154907 12942.275698393583 80332.84936773777 6295.8856162875891 2999.9359269738197 11832.438190236688 4699.9632131904364 94008.70119766891 25868.399315327406 459034.07456462085 56716.985966205597 49034.005255237222 2263.6240739822388 462.63160416483879 2791.2420889437199 63336.094077989459 79656.212944120169 202.47292017936707 2271.2036191374063 1050.7322971969843 303815.51752020419 123883.03479391336 236512.89778192341
leaf_count=473198 1138148 31287 139801 575105 772950 18704 4137 89618 54079 302358 27544 11082 41177 18596 259315 103617 1140760 227010 205075 8742 1159 9870 249602 277789 426 7539 4383 861112 314316 633046
internal_value=0.0117181 0.00856752 0.00601576 0.00994101 0.0037114 0.00665174 0.00772333 0.000118727 0.00413216 0.000373149 -0.00379302 0.00735863 -0.00575198 -0.0162914 0.00771737 0.0027958 0.0179166 -0.00262063 -0.00560149 0.00890054 -0.0220834 0.0181189 0.000806466 0.0047015 0.00611118 -0.0131659 0.0118091 0.0117518 0.012674 0.0149559
internal_weight=2.80273e+06 1.85821e+06 1.03156e+06 381576 649983 357441 329017 292542 144395 119144 148147 327154 28423.8 16532.4 324154 106201 944513 141851 105751 11891.4 2726.26 9165.16 153693 90357.3 36100.3 10701.1 3321.94 826653 664211 360396
internal_count=8001545 5722637 3440965 1145705 2295260 1145732 1047484 1149528 549672 460054 599856 1043347 98248 59773 1032265 405975 2278908 572312 432085 38475 9901 28574 570600 320998 140227 43209 11922 2281672 1808474 947362
is_linear=0
shrinkage=0.05


Tree=29
num_leaves=31
num_cat=0
split_feature=79 79 77 85 87 84 77 49 77 49 94 79 99 94 39 104 25 36 79 77 53 37 99 36 22 36 25 46 49 36
split_gain=19909.5 5700.98 3230.65 4524.4 2425.98 1566.89 1548.48 1438.17 1296.47 1055.95 1133.57 1043.54 1014.71 1743.74 1446.42 946.448 944.609 1261.32 913.491 1008.91 910.125 1819.64 1038.49 1231.22 1013.05 963.304 897.98 891.536 812.392 885.615
threshold=4.8466784954071054 2.8426212072372441 1.5606444478034975 0.90000000596046459 1.0000000180025095e-35 -1.0000000180025095e-35 1.2470506429672243 0.076279435306787505 4.2621526718139657 0.098011311143636717 3887.1972656250005 1.5545330047607424 139734.28125000003 3032.7565917968755 3.5716208219528203 7.6002125740051278 4.4416120052337655 -17.245342254638668 6.407212734222413 0.84770509600639354 1.0000000180025095e-35 2.5867465734481816 115419.64062500001 6.0174753665924081 1.5000000000000002 -40.696199417114251 1.7279940247535708 0.29204910993576055 -0.45201864838600153 -38.088750839233391
decision_type=2 2 2 2 2 2 2 2 2 2 2 2 2 2 2 2 2 2 2 2 2 2 2 2 2 2 2 2 2 2
left_child=1 6 3 9 12 -2 7 15 28 -3 -11 -8 20 14 -14 -1 27 -18 -7 -20 22 24 25 -24 -22 -4 -12 -17 29 -6
right_child=5 2 4 -5 8 18 11 -9 -10 10 26 -13 13 -15 -16 16 17 -19 19 -21 21 -23 23 -25 -26 -27 -28 -29 -30 -31
leaf_value=-0.028875862353647686 0.012937633905132948 0.0078218695474288856 0.093099151384900214 0.018617216488430659 0.085701505975020631 0.01967611064462059 0.01137050728983347 0.0093841961012976118 0.01083452035299955 0.0044134517744049201 -0.015266522988226672 0.0075464518614899142 0.010098343560371162 -0.0016633429286152435 0.062362790671154127 0.015690758564144897 0.02772296362627133 -0.042594856508960499 0.022508729374885621 0.015109456304182707 0.046870016809404225 -0.009179045383249226 -0.018537042693238422 0.026333052052981587 0.0043939958415896247 -0.041865831198119964 0.0031096600840048467 0.046810415575574298 8.1102918974731456e-06 0.0068614656060072415
leaf_weight=1198.3003038018942 189168.13113190234 101470.46901606023 135.08579756319523 80795.873138919473 357.40444777905941 398415.40163758397 277466.06606967747 177349.31025098264 68097.839815214276 53963.102130994201 16836.951294675469 499775.46477298439 4683.7367213815451 118910.76012581587 1844.8280299752951 215987.43962582946 1072.6717818230391 1569.7068535983562 54129.479816973209 309705.78919255733 2309.5807042717934 32028.027291461825 7803.7935745418072 1900.2755118459463 3577.9170276075602 4713.4336090236902 10984.29104436934 2325.7193296998739 105618.15606680512 58401.921409800649
leaf_count=3896 475893 324788 401 198414 810 931650 761178 490178 190596 184055 64391 1521729 18583 502791 5328 572169 2763 5462 126563 767357 8106 145308 36685 7859 15482 24778 38009 5206 372831 198286
internal_value=0.0111326 0.00811139 0.00444621 0.00876037 0.00167035 0.017011 0.010212 0.012742 0.00503335 0.00441445 0.000186727 0.00891161 -0.00272413 -0.000281903 0.0248752 0.0154224 0.0156628 -0.0140478 0.0180219 0.0162104 -0.00856273 -0.00448256 -0.0191919 -0.00974814 0.0210627 -0.0380861 -0.00801127 0.0160225 0.00262998 0.00734255
internal_weight=2.8026e+06 1.85118e+06 674433 264051 410383 951419 1.17674e+06 399503 232475 183255 81784.3 777242 177907 125439 6528.56 222154 220956 2642.38 762251 363835 52468.1 37915.5 14552.6 9704.07 5887.5 4848.52 27821.2 218313 164377 58759.3
internal_count=8001545 5700082 2337501 809657 1527844 2301463 3362581 1079674 762523 611243 286455 2282907 765321 526702 23911 589496 585600 8225 1825570 893920 238619 168896 69723 44544 23588 25179 102400 577375 571927 199096
is_linear=0
shrinkage=0.05


Tree=30
num_leaves=31
num_cat=0
split_feature=86 77 55 55 94 55 42 104 25 55 49 22 54 54 99 54 24 90 55 99 36 36 54 21 25 76 54 81 100 24
split_gain=4258.58 6302.95 2113.01 2326.82 1722.97 2139.46 2112 1955.56 2846.97 2521.2 1788.96 1777.3 2558.63 2354.2 2422.06 2298.99 2839.28 2208.49 1742.24 3176.85 1714.62 1687.88 1619.11 1593.67 1504.6 1431.84 1747.96 1734.21 2971.85 2041.51
threshold=6.0000000000000009 1.5606444478034975 14322.500000000002 -726327.49999999988 2691.536499023438 -525607.49999999988 0.9879833757877351 7.7159750461578378 1.4896463155746462 -667792.49999999988 0.032717135734856136 1.5000000000000002 616127.50000000012 10257.500000000002 357360.37500000006 42557.500000000007 59.917234420776374 2910.329956054688 -574507.49999999988 114527.91015625001 -12.446387767791746 1.3801496028900149 2782.5000000000005 8.5000000000000018 4.4416120052337655 49.692512512207038 2482.5000000000005 1.0000000180025095e-35 121444.45312500001 76.850276947021499
decision_type=2 2 2 2 2 2 2 2 2 2 2 2 2 2 2 2 2 2 2 2 2 2 2 2 2 2 2 2 2 2
left_child=2 4 3 -1 5 6 -2 18 9 -9 11 13 24 14 -6 16 -15 -17 19 -8 -20 -7 -16 -14 -13 27 -27 -3 29 -29
right_child=1 25 -4 -5 10 21 7 8 -10 -11 -12 12 23 15 22 17 -18 -19 20 -21 -22 -23 -24 -25 -26 26 -28 28 -30 -31
leaf_value=-0.008058223053968255 -0.048718405269743532 0.010136646468948572 -0.0033904937118114545 0.0083582739383711805 -0.021385073043152063 0.0069918816376044832 0.022022291916090224 -0.036882915647082418 -0.046279028832526541 0.041002921956753854 0.011280261107279838 0.021528016367228116 0.027338634185520318 0.0093336098294033529 0.074993266084541918 0.034172434758367919 0.059239230843241321 0.0029724151179094287 0.011167599741875613 -0.003876255188780479 0.047001467831923632 -0.052935569105579741 -0.009430406935782041 -0.044742326226660967 -0.015582338637795047 0.003476932068628682 0.013274419645615647 0.002874245595492919 0.008887917028006901 -0.014114969948706755
leaf_weight=22456.269550219178 1016.1759635359049 831215.40655735135 46213.043835625052 555333.26806211472 9326.9704825282097 7859.2000933587551 57780.462164804339 1080.2439189553261 1039.2259624749422 26731.043027147651 213144.56014853716 172086.72345420718 1120.3663590848446 5627.9638089686632 1230.1672962605953 7005.333590850234 5774.5215082019567 29782.554202228785 4952.3409373611212 14892.147860407829 10249.054752707481 1380.4818820208311 1053.6679579168558 2424.8898238837719 2774.5266849696636 50894.148523151875 431635.87315391004 57616.61666059494 202536.51886296272 25510.969789400697
leaf_count=75275 3357 2441162 147372 1676345 28011 20289 136222 3400 3409 56239 547297 412819 2622 14466 2206 15637 10991 78780 12357 40199 20822 4652 3095 7914 8188 149327 1175796 186556 627134 88781
internal_value=0.010539 0.0115825 0.00689735 0.00772021 0.0160559 0.0212013 0.0230194 0.0236444 0.0349397 0.0379763 0.0146082 0.0175859 0.0200864 0.0101258 -0.0100842 0.0149953 0.0346106 0.00891458 0.0199356 0.0167151 0.0353293 -0.00196597 0.0360544 -0.0219607 0.0209391 0.00996498 0.0122411 0.00898162 0.00562072 -0.00233961
internal_weight=2.80174e+06 2.17774e+06 624003 577790 578333 126980 117741 116725 28850.5 27811.3 451352 238208 178407 59801.2 11610.8 48190.4 11402.5 36787.9 87874 72672.6 15201.4 9239.68 2283.84 3545.26 174861 1.59941e+06 482530 1.11688e+06 285664 83127.6
internal_count=8000720 6101728 1898992 1751620 1432972 300946 276005 272648 63048 59639 1132026 584729 431543 153186 33312 119874 25457 94417 209600 176421 33179 24941 5301 10536 421007 4668756 1325123 3343633 902471 275337
is_linear=0
shrinkage=0.05


Tree=31
num_leaves=31
num_cat=0
split_feature=79 79 77 86 87 54 54 30 73 79 42 24 79 42 104 94 51 54 25 94 94 104 42 54 54 54 54 37 87 54
split_gain=18489.7 5280.02 3467.68 6594.56 2298.11 2288.49 2671.27 2173.92 1716.76 1704.02 1457.27 1372.34 1361.9 1331.85 1212.11 1994 1480.82 1189.07 1455.13 2307.61 1492.54 1167.1 1612.23 1166.17 1160.07 1158.69 1641.2 1682.68 2370.66 1116.03
threshold=4.8466784954071054 2.5440535545349126 1.2470506429672243 6.0000000000000009 1.0000000180025095e-35 413247.50000000006 445252.50000000006 0.68250000476837169 6.1828253269195566 3.4584752321243291 0.99108222126960765 77.560043334960952 7.0276184082031259 1.0061923861503603 8.4230055809021014 4536.4809570312509 92.500000000000014 21347.500000000004 1.494839668273926 4002.8066406250005 4326.8774414062509 8.2332954406738299 0.99175503849983226 517592.50000000006 10022.500000000002 2482.5000000000005 777.50000000000011 3.9889371395111088 1.0000000180025095e-35 1352.5000000000002
decision_type=2 2 2 2 2 2 2 2 2 2 2 2 2 2 2 2 2 2 2 2 2 2 2 2 2 2 2 2 2 2
left_child=1 25 3 13 9 8 7 -7 -6 -4 -8 -9 -2 14 15 16 -3 18 19 -5 -21 22 -20 -12 -17 26 -1 28 -28 -30
right_child=12 2 4 17 5 6 10 11 -10 -11 23 -13 -14 -15 -16 24 -18 -19 21 20 -22 -23 -24 -25 -26 -27 27 -29 29 -31
leaf_value=0.014597796580389802 0.017514058296288798 0.0056615300443119531 0.001344166044961266 0.064308233473439544 -0.0082685659210858797 0.045514100688321839 -0.031691313547218304 0.018192457791297786 0.0037580697408727279 -0.0073795098165067964 -0.0012218950296032265 -0.049643708169072563 0.013723088501232336 -0.012839281203168211 -0.020056316292194423 0.0044208881656674489 -0.0058557333484713821 0.015728226949148515 -0.023021182942213017 -0.028185871261768199 0.0017119426065434797 0.0085446165119028149 0.040815101240807422 0.011368345862511189 0.035460906073341895 0.010250673501234899 0.0066881645437700133 0.0033806029228179556 -0.013224726039556853 -0.058011808963966106
leaf_weight=19739.107553958893 490568.73424425721 66382.176187098026 167300.33095607162 1265.1708649992943 36730.724486738443 8882.7595769762993 2299.0444211065769 2893.6336804926395 154405.70102077723 84124.327670812607 23722.992670223117 1003.1927883028984 458282.25919561088 17515.075856253505 6038.0762103497982 5306.2706269174814 48152.840408846736 169066.59636035562 1159.4873042702675 5367.8964310586452 18759.992067843676 19298.881642833352 6702.8889182806015 81834.169124767184 6957.2833025157452 861908.51755483449 4619.6642147451639 27175.201342433691 2236.1292191892862 3683.6642342060804
leaf_count=54566 1160632 236583 628548 2351 133218 23028 8464 8646 499144 383142 77868 3867 1140812 67275 24274 19379 186735 419729 3467 16813 52006 51462 14665 252334 22333 2396103 13590 79030 7028 13628
internal_value=0.0100062 0.00710163 0.00445635 0.00820279 0.00198193 0.00485014 0.0102422 0.0318565 0.00144685 -0.00157469 0.0076809 0.000719285 0.0156831 0.000120009 0.00182887 0.00287122 0.000819387 0.0136863 0.00711698 -0.00148752 -0.00494031 0.0151613 0.0313986 0.00853877 0.0220322 0.00979238 0.00291705 -0.00319652 -0.0201543 -0.0411
internal_weight=2.80338e+06 1.85453e+06 935170 371973 563197 311772 120636 12779.6 191136 251425 107856 3896.83 948851 150352 132837 126799 114535 221621 52554.3 25393.1 24127.9 27161.3 7862.38 105557 12263.6 919362 57453.8 37714.7 10539.5 5919.79
internal_count=8000720 5699276 3135331 1117072 2018259 1006569 374207 35541 632362 1011690 338666 12513 2301444 556579 489304 465030 423318 560493 140764 71170 68819 69594 18132 330202 41712 2563945 167842 113276 34246 20656
is_linear=0
shrinkage=0.05


Tree=32
num_leaves=31
num_cat=0
split_feature=79 79 86 77 87 79 79 55 55 49 54 42 55 86 77 25 77 55 90 104 54 54 54 55 90 55 99 13 30 55
split_gain=16804 4712.93 2790.19 6075.07 2767.86 1370.21 1314.59 1166.09 2276.94 1348.3 1786.59 1326.17 1319.13 1104.77 1803.72 1087.42 1016.67 1007.81 2283.27 1391.24 1068.29 1073.12 944.796 2198.96 1723.8 1269 1289.95 1211.34 1201.46 1055.52
threshold=5.5216758251190194 2.8426212072372441 6.0000000000000009 1.5606444478034975 1.0000000180025095e-35 1.5036103129386904 7.0276184082031259 -414397.49999999994 -443802.49999999994 1.0000000180025095e-35 395377.50000000006 1.0035935044288637 -455172.49999999994 6.0000000000000009 1.2470506429672243 3.05855405330658 0.96901690959930431 -216512.49999999997 3837.190063476563 8.1972517967224139 245360.00000000003 251755.00000000003 650307.50000000012 -667792.49999999988 2594.3249511718755 -644622.49999999988 115419.64062500001 0.011056306306272747 0.33250001072883612 -635692.49999999988
decision_type=2 2 2 2 2 2 2 2 2 2 2 2 2 2 2 2 2 2 2 2 2 2 2 2 2 2 2 2 2 2
left_child=1 5 -3 22 17 -1 -2 8 12 10 -9 -10 -6 -7 -15 -11 -8 20 -19 -20 -5 -22 25 24 -24 26 28 -26 -4 -27
right_child=6 2 3 4 7 13 16 9 11 15 -12 -13 -14 14 -16 -17 -18 18 19 -21 21 -23 23 -25 27 29 -28 -29 -30 -31
leaf_value=0.011019622382892591 0.01678946965597888 -0.0024293219086288812 0.074822846674909252 -0.030879161436267843 0.0096327386570966879 0.0039315567857503139 0.018136760710419593 0.0092382151987534609 0.051556658389946414 -0.0048478007873093316 -0.050309824530117224 -0.0054091091988734408 -0.033108707184786187 0.013099026375155996 0.0068323068652409993 0.017675272206524203 0.011955766143823026 0.018263384502279174 -0.020810993443283375 -0.00013052466338815647 0.051708554983113747 -0.0058716321940479703 0.01902295917450016 0.057168092803520323 0.068127000217792805 0.049363378669431787 -0.078761677977458408 -0.081630500960726632 -0.06866881586951594 0.011666350910258793
leaf_weight=407802.52854305506 480851.6517983526 155471.17456479371 370.14003197848797 4293.0975119918585 55564.08663547039 174116.15354184806 80785.675491169095 62398.116758882999 5005.500593572855 51740.723520591855 1284.5367663800716 1283.194215297699 1864.8300211727619 155028.27796956897 442798.320309937 5977.1169786006212 377181.16782359779 15695.233258157969 9303.0628857314587 64584.892097443342 815.9228226095438 85239.107200264931 17215.507839486003 3848.830866381526 166.11157765984535 1881.3683953732252 773.57743385434151 705.13072966039181 239.37486174702644 138369.96363286674
leaf_count=1096971 1138014 602297 619 20588 167528 541868 195090 189580 11895 171975 4997 4062 6794 390227 1332502 17715 945722 59884 42225 266150 2912 378107 40919 7221 291 3725 2817 2614 843 354568
internal_value=0.00950833 0.00676057 0.00345876 0.00519051 0.0016025 0.00867515 0.0149635 0.00589485 0.0113724 0.00301979 0.00803623 0.0399331 0.0082442 0.0074366 0.00845742 -0.00251501 0.0130461 -0.00281356 0.000944357 -0.00273467 -0.00653968 -0.00532504 0.013198 0.0228543 0.0155493 0.0117023 -0.0359395 -0.0530265 0.018441 0.0121724
internal_weight=2.80265e+06 1.86384e+06 684091 528619 365049 1.17975e+06 938818 185118 63717.6 121400 63682.7 6288.69 57428.9 771943 597827 57717.8 457967 179931 89583.2 73888 90348.1 86055 163570 21935.6 18086.8 141634 1383.09 871.242 609.515 140251
internal_count=8000720 5721894 2360326 1758029 1344412 3361568 2278826 574546 190279 384267 194577 15957 174322 2264597 1722729 189690 1140812 769866 368259 308375 401607 381019 413617 51045 43824 362572 4279 2905 1462 358293
is_linear=0
shrinkage=0.05


Tree=33
num_leaves=31
num_cat=0
split_feature=79 79 86 77 87 55 55 55 54 90 49 14 12 79 84 79 43 55 55 55 55 53 49 54 55 48 37 54 54 37
split_gain=15259.1 4252.55 2573.15 6133.4 2750.86 1651.56 2892.13 1695.96 1563.17 1857.27 1468.76 1463.15 1401.66 1374.88 1309.58 1280.2 1131.49 1084.38 2811.7 2298.98 1512.19 2337.26 1876.36 1381.81 1300.12 1208.08 1172.36 1033.65 1365.71 1407.98
threshold=5.5216758251190194 2.529313445091248 6.0000000000000009 1.5606444478034975 1.0000000180025095e-35 -414397.49999999994 -443802.49999999994 -475472.49999999994 720102.50000000012 2491.143920898438 -0.032717135734856122 32.261651992797859 0.020459565334022049 3.3710188865661626 -1.0000000180025095e-35 4.1521222591400155 0.99669286608695995 -414397.49999999994 -443802.49999999994 -455172.49999999994 -346412.49999999994 0.6078576147556306 -0.010907442308962435 7792.5000000000009 -234527.49999999997 0.65106672048568737 38.71429634094239 2482.5000000000005 777.50000000000011 3.9889371395111088
decision_type=2 2 2 2 2 2 2 2 2 2 2 2 2 2 2 2 2 2 2 2 2 2 2 2 2 2 2 2 2 2
left_child=1 27 15 17 8 6 7 -6 9 16 -8 -10 -7 -11 -2 -3 -5 18 19 -4 21 26 23 -22 -24 -21 -19 28 -1 -30
right_child=14 2 3 4 5 12 10 -9 11 13 -12 -13 -14 -15 -16 -17 -18 20 -20 25 22 -23 24 -25 -26 -27 -28 -29 29 -31
leaf_value=0.013288738856754037 0.01051204049602261 0.0014969178370161382 0.015610150693338574 -0.020103588357292396 0.010848684638308796 -0.0025177906845422291 0.016228742925325265 -0.013405104519172715 0.050992419632446766 0.0021124019072781696 0.05559652933225389 -0.024071900337051522 0.0069920834355021895 -0.005700115246161739 0.01517797726648374 -0.0075636014135554014 0.096675946235002516 0.0062258777279818973 0.045384854953688498 -0.065368809795959451 0.0036090963239317209 -0.030371233621218952 0.019529532164481177 0.020791250529451938 0.0016922614189585645 0.013909249687420543 0.077915077481386069 0.0093902749720070414 -0.019573788843719894 0.002702684912027623
leaf_weight=18281.933882012963 188184.9155510962 180072.31595079601 69171.313333287835 281.55569614470005 79206.255996659398 63876.502324104309 4361.6553204953671 7928.2394274771214 691.90094028413296 178100.2864561379 5189.6602242738008 10294.446319401264 98483.609280899167 82353.836346194148 748980.48260653019 49758.136360928416 782.88758160173893 6731.1546182334423 7954.4729048907757 1362.4349499791861 14844.117264434695 5691.5298308283091 12794.521904915571 55286.246862545609 50672.359764650464 741.47297394275665 622.1299367249012 823842.25800535083 9869.9438966214657 25205.125590980053
leaf_count=49953 474158 648750 168403 1128 233526 205368 12114 26545 2421 656842 11710 46945 304357 371247 1804668 200201 1931 17676 16106 4851 40017 17755 31328 132764 139605 1886 1058 2272895 31914 72598
internal_value=0.00903634 0.00642018 0.00416928 0.0055754 0.00264239 0.00633157 0.0115051 0.00864168 -0.000864573 -8.83409e-05 0.0376231 -0.0193398 0.00325064 -0.000357857 0.0142411 -0.000464681 0.065792 0.0124777 0.017191 0.0140438 0.00993097 -0.0063173 0.0115176 0.0171546 0.00528847 -0.0374334 0.0123016 0.00895347 0.00220903 -0.00356604
internal_weight=2.80162e+06 1.86445e+06 987253 757423 531551 259046 96685.8 87134.5 272505 261519 9551.32 10986.3 162360 260454 937165 229830 1064.44 225872 79229.7 71275.2 146642 13044.8 133597 70130.4 63466.9 2103.91 7353.28 877199 53357 35075.1
internal_count=8000720 5721894 3294534 2445583 1874134 793620 283895 260071 1080514 1031148 23824 49366 509725 1028089 2278826 848951 3059 571449 191246 175140 380203 36489 343714 172781 170933 6737 18734 2427360 154465 104512
is_linear=0
shrinkage=0.05


Tree=34
num_leaves=31
num_cat=0
split_feature=79 79 77 86 85 49 55 104 46 77 55 55 90 84 90 85 55 54 104 49 37 54 85 100 13 37 85 36 55 55
split_gain=13864.6 4009.97 2182.04 4610.27 1621.94 1266.97 2053.92 1470.01 1532.83 1439.61 1250.92 1185.71 1799.28 1183.83 1181.84 1167.65 1148.57 1206.97 1136.7 1030.78 991.227 1234.7 1167.66 1848.9 1765.47 1143.52 1067.52 1919.52 1274.84 1061.15
threshold=4.8466784954071054 2.8426212072372441 1.2470506429672243 6.0000000000000009 0.90000000596046459 0.16288578510284427 14322.500000000002 7.6002125740051278 0.080248072743415846 1.5606444478034975 13727.500000000002 13077.500000000002 5184.8300781250009 -1.0000000180025095e-35 4032.7890625000005 0.90000000596046459 30682.500000000004 7477.5000000000009 8.4610867500305194 0.93585023283958446 4.3758461475372323 4107.5000000000009 0.90000000596046459 287997.17187500006 0.03905893117189408 17.780431747436527 0.90000000596046459 -11.646946430206297 14907.500000000002 23002.500000000004
decision_type=2 2 2 2 2 2 2 2 2 2 2 2 2 2 2 2 2 2 2 2 2 2 2 2 2 2 2 2 2 2
left_child=1 5 3 -3 11 6 7 8 15 10 -9 12 18 -2 -13 -1 17 -16 19 -4 22 25 23 24 -8 -22 27 -23 -28 -24
right_child=13 2 4 -5 -6 -7 20 9 -10 -11 -12 14 -14 -15 16 -17 -18 -19 -20 -21 21 26 29 -25 -26 -27 28 -29 -30 -31
leaf_value=0.040829764244414465 0.0099769316985167666 -0.0016760305882117872 0.0056755417645720039 0.011864494524680674 -0.0028688878755653209 0.0059338592770212034 -0.014039147619811601 0.013200833524917788 -0.048608305314706002 0.0084732601024005809 0.058601530437464369 0.029690733043430857 0.066841614955317985 0.01440633222241104 -0.032791494562646399 -0.045760571989879491 0.023314280338275265 -0.004007430734139057 -0.03460685758115805 -0.0059487120608930693 0.023973395892602507 0.026928228398804606 -0.0095610884029994851 -0.038370921407058077 0.053156607234359568 -0.0043029172446468729 -0.043353299832375375 -0.02903069841257036 0.020155296107239415 0.027478319797186498
leaf_weight=1242.2811545878649 188508.20388543606 103404.68298739195 191047.34150156379 160332.97398379445 177808.56322623789 502853.16302371025 4161.9118066579103 214395.22621440887 2168.569848164916 407932.69738081098 1527.1761258244514 1802.9305199682713 1150.5279425680637 755445.6874807477 6956.013074323535 565.83536647260189 1929.5813783705235 7644.6348890513182 1872.0719939023256 21184.646373257041 10870.894044145942 1976.254727140069 4792.4546655416489 6089.5423434376717 1276.4528177529573 5326.8094937950373 928.39547251164913 6812.2449531555176 5274.5638891458511 3240.1608198285103
leaf_count=2946 475645 403111 614859 406325 766157 1450032 13000 565637 7896 1178766 3153 5292 2577 1825799 27233 2075 5958 26693 7170 72333 28685 5091 15009 21266 2831 16095 3275 22677 14505 8629
internal_value=0.00858795 0.00607938 0.00300543 0.0065556 0.000729462 0.00783599 0.00924552 0.0100276 -0.0202718 0.0102208 0.0135222 0.00346857 0.00450822 0.0135218 -0.00873752 0.0137189 -0.0129307 -0.0177223 0.00417293 0.00451518 -0.000429696 0.00510401 -0.00925324 -0.0194501 0.0017385 0.0146744 -0.00523637 -0.0164451 0.0106437 0.00538064
internal_weight=2.80052e+06 1.85657e+06 675134 263738 411396 1.18143e+06 678581 627832 3976.69 623855 215922 233588 215255 943954 18333.2 1808.12 16530.2 14600.6 214104 212232 50749.7 31189.2 19560.5 11527.9 5438.36 16197.7 14991.5 8788.5 6202.96 8032.62
internal_count=8000720 5699276 2337708 809436 1528272 3361568 1911536 1760473 12917 1747556 568790 762115 696939 2301444 65176 5021 59884 53926 694362 687192 151063 90328 60735 37097 15831 44780 45548 27768 17780 23638
is_linear=0
shrinkage=0.05


Tree=35
num_leaves=31
num_cat=0
split_feature=79 79 81 86 77 77 79 79 22 24 77 94 25 37 42 54 54 38 54 37 85 38 26 87 86 53 24 25 104 54
split_gain=12280.6 3529.44 2173 3301.3 3216.1 1414.59 1250.1 1127.52 1069.17 1095.7 1051.37 1020.07 1420.45 1417.38 1374.35 1266.52 1159.19 1074.17 982.364 1307.75 2686.54 1517.29 1171.74 1110.25 1730.07 1535.73 1862.4 1666.83 1568.37 1495.92
threshold=5.5216758251190194 2.5440535545349126 1.0000000180025095e-35 6.0000000000000009 1.5606444478034975 4.2621526718139657 6.407212734222413 4.1521222591400155 1.5000000000000002 62.110750198364265 0.96901690959930431 4461.2099609375009 2.5971509218215947 4.6337802410125741 0.98953223228454601 101487.50000000001 22352.500000000004 -5.2217137813568106 2482.5000000000005 4.1179406642913827 0.90000000596046459 -5.73730444908142 -0.59276404976844776 1.0000000180025095e-35 6.0000000000000009 0.6078576147556306 62.110750198364265 1.1072242856025698 8.2231211662292498 720102.50000000012
decision_type=2 2 2 2 2 2 2 2 2 2 2 2 2 2 2 2 2 2 2 2 2 2 2 2 2 2 2 2 2 2
left_child=1 18 3 7 11 -6 -2 -3 9 -4 -8 12 14 17 -5 -14 -15 -13 19 20 21 -1 -21 25 -25 29 27 -27 -29 -20
right_child=6 2 8 4 5 -7 10 -9 -10 -11 -12 13 15 16 -16 -17 -18 -19 23 22 -22 -23 -24 24 -26 26 -28 28 -30 -31
leaf_value=-0.045495126096481917 0.014747544510371115 0.0013498872326098811 0.011966355292821234 -0.023574492901996685 0.0021044184034722645 0.009459564580112715 0.015905508169138733 -0.00718527086095743 -0.0058912570842675413 -0.0050715137433982038 0.0099364773271626121 -0.031626725851749179 0.04409440876989941 0.0056157087584818941 0.012193194425561308 0.01255911547339171 0.038136066000181365 0.002884690264501338 0.0037822185691806995 0.025256355624382339 0.012971360451422479 -0.0014357933503860529 0.002602184197641931 0.0055075499552307084 0.011712658398620493 0.0078613290888199707 0.0036224317787143727 0.012626327196888826 0.031781591681669184 -0.020825854692614509
leaf_weight=5403.2421438544989 460027.72138360143 176813.41792391241 20913.476791158319 2727.4391416013241 292002.53465436399 84228.00630389154 91414.954286232591 49532.421003699303 80275.503263965249 17192.583684936166 382386.39131040871 4295.6645545661449 6616.1514007747173 23670.895469918847 171459.21029427648 6139.7382596433163 3098.1701484024525 4743.4501783102751 160632.4138494283 6796.6257960647345 6610.6945925503969 3061.2015357464552 35610.749494016171 159472.32985013723 380069.74754059315 45445.906358867884 70124.595800533891 22810.56266541779 20108.611617863178 6421.6900576353073
leaf_count=19463 1096667 636745 78516 8168 1035216 232869 220994 199902 339575 70484 961035 14211 13642 63225 429541 15455 6876 13181 465427 17567 18791 9041 102818 461054 1002357 128506 203038 63647 51445 21028
internal_value=0.0082098 0.00586751 0.00371761 0.00462629 0.00657021 0.00375107 0.0128909 -0.000517907 -0.00261742 0.0042792 0.0110882 0.0113317 0.0128126 0.00360037 0.011633 0.0289182 0.00938099 -0.0135173 0.00806667 0.00173704 -0.0109113 -0.0295635 0.00623359 0.00848724 0.00987864 0.00618117 0.00970691 0.0145353 0.0216017 0.00283612
internal_weight=2.80011e+06 1.86628e+06 943709 825327 598981 376231 933829 226346 118382 38106.1 473801 222751 186943 35808.2 174187 12755.9 26769.1 9039.11 922568 57482.5 15075.1 8464.44 42407.4 865086 539542 325544 158490 88365.1 42919.2 167054
internal_count=8000484 5721788 3157606 2669031 1832384 1268085 2278696 836647 488575 149000 1182029 564299 466806 97493 437709 29097 70101 27392 2564182 167680 47295 28504 120385 2396502 1463411 933091 446636 243598 115092 486455
is_linear=0
shrinkage=0.05


Tree=36
num_leaves=31
num_cat=0
split_feature=79 79 49 55 104 46 77 55 86 77 87 41 40 54 54 54 54 85 87 55 8 13 39 25 46 36 79 25 12 53
split_gain=11150.3 3268.5 1877.84 2871.09 1752.72 1971.5 1661.77 1692.6 1587.42 2792.99 1520 1500.01 1420.88 2545.97 2040.49 2674.03 2642.79 1946.24 1355.9 1327.31 1655.8 1264.92 1255.96 1357.71 1230.13 1155.46 1144.97 1097.15 1704.04 1070.19
threshold=5.5216758251190194 3.4584752321243291 0.16288578510284427 14322.500000000002 7.6002125740051278 0.080248072743415846 1.5606444478034975 13727.500000000002 6.0000000000000009 1.5606444478034975 1.0000000180025095e-35 1.0023426413536074 1.0000000180025095e-35 740237.50000000012 113032.50000000001 155242.50000000003 17917.500000000004 0.90000000596046459 1.0000000180025095e-35 24497.500000000004 -0.00013985637633595613 0.02428426314145327 1.1969406604766848 1.3388304710388186 0.068721108138561263 2.2310931682586674 6.407212734222413 4.4416120052337655 0.078331165015697493 1.0000000180025095e-35
decision_type=2 2 2 2 2 2 2 2 2 2 2 2 2 2 2 2 2 2 2 2 2 2 2 2 2 2 2 2 2 2
left_child=1 2 3 4 5 -1 7 25 -3 -10 -11 12 14 22 16 18 29 -18 -16 24 -21 -22 23 -14 -5 -6 -2 28 -26 -4
right_child=26 8 11 19 6 -7 -8 -9 9 10 -12 -13 13 -15 15 -17 17 -19 -20 20 21 -23 -24 -25 27 -27 -28 -29 -30 -31
leaf_value=0.012921001932990764 0.014049045010945456 -0.0051638473214230748 0.014707078038666053 0.038344291132434455 0.013303629748056026 -0.049052304599407001 0.0073831673789281713 0.058138584269978623 0.01046759789691605 -0.0053910898725119533 0.0038513725238975486 1.4815271861897499e-05 0.018273644409537219 -0.033213395298116143 0.0068735574555736411 0.0051575222065583775 -0.018738403731995739 0.0016008717975099997 0.037104765675189826 0.029788565029197196 -0.045638120253750407 0.0045474683729910641 0.0049356496924643344 0.006475317494965248 -0.0076070494955415725 0.0050167386857825364 0.010543738191567698 -0.049547670469930083 0.071378027428469076 0.00078686844071758669
leaf_weight=2402.1231978833675 458787.14066275954 77186.107836306095 19900.105279877782 1489.7285040915012 232748.20670042932 2753.1824281662703 520254.34749883413 1984.0500386208296 84689.550281956792 85102.766230300069 93201.087697118521 143665.56127223372 64097.137253522873 3419.9615984857082 5775.0189694464207 204287.11308445036 28578.604001611471 19985.916389599442 10371.486409291625 6484.0298120230436 1447.0119855850935 9446.7815010994673 65470.698298811913 39360.71760943532 43905.032074958086 51347.609703868628 473365.87572705746 1521.1502005159855 692.64187298715115 45094.629890814424
leaf_count=6955 1096667 309023 57707 3806 624836 10525 1571481 4182 214974 386889 289301 442509 180131 12242 17425 614456 94424 62364 26199 17385 5292 28443 195389 116753 139445 143420 1182029 5972 1477 138783
internal_value=0.00780302 0.00557284 0.00656053 0.00807077 0.0088806 -0.0201779 0.00906641 0.0121274 0.00114079 0.00299117 -0.000559946 0.00452409 0.00580351 0.00949068 0.0039008 0.00670585 -0.00154414 -0.0103682 0.0262936 -0.00204153 0.0097854 -0.00212175 0.0103555 0.0137851 -0.00635876 0.0118059 0.012269 -0.00780366 -0.00637866 0.0050492
internal_weight=2.79882e+06 1.86666e+06 1.52648e+06 876476 811490 5155.31 806334 286080 340180 262993 178304 650007 506341 172349 333993 220434 113559 48564.5 16146.5 64986.4 17377.8 10893.8 168929 103458 47608.6 284096 932153 46118.8 44597.7 64994.7
internal_count=8000484 5721788 4521601 2563219 2361399 17480 2343919 772438 1200187 891164 676190 1958382 1515873 504515 1011358 658080 353278 156788 43624 201820 51120 33735 492273 296884 150700 768256 2278696 146894 140922 196490
is_linear=0
shrinkage=0.05


Tree=37
num_leaves=31
num_cat=0
split_feature=79 79 81 86 78 78 84 22 94 94 50 37 45 22 26 24 37 104 104 81 86 53 25 24 100 25 94 36 94 36
split_gain=10132.2 3116.09 2063.64 2555.96 2738.26 1179.3 1026.24 952.423 963.523 1808.92 1098.32 977.285 937.169 938.035 924.945 879.079 1050.48 850.611 1471.87 786.293 1147.35 1022.84 1172.4 1100.38 1072.82 950.534 905.695 882.697 842.301 1320.7
threshold=4.8466784954071054 2.5440535545349126 1.0000000180025095e-35 6.0000000000000009 1.5606444478034975 3.7121527194976811 -1.0000000180025095e-35 1.5000000000000002 4723.0500488281259 4654.3813476562509 -532.49999999999989 -8.0169959068298322 1.001752555370331 1.5000000000000002 -0.69646063446998585 54.217794418334968 -3.2340596914291377 7.6884052753448495 7.6002125740051278 1.0000000180025095e-35 6.0000000000000009 0.6078576147556306 2.3387008905410771 56.527935028076179 121444.45312500001 1.1072242856025698 4823.1789550781259 0.14981732517480853 4483.2775878906259 6.5168063640594491
decision_type=2 2 2 2 2 2 2 2 2 2 2 2 2 2 2 2 2 2 2 2 2 2 2 2 2 2 2 2 2 2
left_child=1 19 3 12 14 -6 -2 8 9 15 -11 -10 -3 -14 17 16 -4 18 -5 20 -1 22 24 25 -21 -23 28 -28 -25 -30
right_child=6 2 7 4 5 -7 -8 -9 11 10 -12 -13 13 -15 -16 -17 -18 -19 -20 21 -22 23 -24 26 -26 -27 27 -29 29 -31
leaf_value=0.0043958022886757576 0.0083487001212283439 0.0014733389225983031 -0.010897666204831321 -0.067384869870270425 0.0017507832108728733 0.0084966581434877571 0.012477107529734192 -0.0060964801198770645 0.078687131978155564 0.11477469653793811 0.0013221705393034802 -0.041851503711944703 0.0034662219014795583 -0.010300141586111661 0.012015013683697289 -0.0038953606263354337 0.018985872331867239 0.0019550420183193445 0.031641531786365674 -0.00988302673846575 0.0090592232972776382 0.0061625490289884859 -0.016119131479119028 0.0014812767267973345 0.005384536402546946 0.021303589982971841 -0.049761300655568684 0.0059240936741815466 0.040025197633014042 -0.025073247224768169
leaf_weight=169927.68613630533 188316.20141044259 167285.99422039092 3836.0403415411711 407.29470691084862 291557.46290199459 83296.968838900328 750575.92323255539 79014.612185552716 184.70629385113716 596.59232340753078 331.92824226617813 1782.9983565062284 18106.824762448668 39078.704104140401 170799.71035933495 18454.4229696244 12589.762364685535 43644.018090561032 4638.8997777253389 14228.577763780951 589418.09596651793 20302.26743941009 9582.3859037458897 31443.207843258977 60112.063323616982 21182.773846402764 1587.5884616672993 1288.5695321112871 3354.1284528076649 1013.9132931083441
leaf_count=492177 476208 613939 15696 1424 1033020 230492 1825137 337033 488 1452 1314 8284 65602 149673 429201 75176 45688 116326 10149 44988 1589620 58690 30992 93086 175684 57470 5844 3803 8422 3406
internal_value=0.00741518 0.0052769 0.00324318 0.00413003 0.00584681 0.00324983 0.0116491 -0.00297445 0.00355555 0.00542785 0.074268 -0.0304999 -0.000415553 -0.00594118 0.010282 0.00359309 0.0120064 0.00420258 0.023636 0.0073374 0.00801565 0.00419874 0.000340353 0.00823751 0.00246221 0.0138942 0.00217144 -0.0248181 0.00433986 0.0249111
internal_weight=2.79794e+06 1.85905e+06 935607 818816 594344 374854 938892 116791 37776.5 35808.7 928.521 1967.7 224472 57185.5 219490 34880.2 16425.8 48690.2 5046.19 923441 759346 164095 83923 80172.4 74340.6 41485 38687.4 2876.16 35811.2 4368.04
internal_count=8000484 5699139 3134957 2649826 1820612 1263512 2301345 485131 148098 139326 2766 8772 829214 215275 557100 136560 61384 127899 11573 2564182 2081797 482385 251664 230721 220672 116160 114561 9647 104914 11828
is_linear=0
shrinkage=0.05


Tree=38
num_leaves=31
num_cat=0
split_feature=79 79 49 104 12 54 25 37 94 37 77 25 54 41 22 54 54 54 54 85 87 39 25 99 77 79 87 54 54 49
split_gain=9200.03 2826.83 1687.73 1482.91 1552.47 1544.2 2698.76 2062.36 1408.45 1371.5 1371.31 1364.08 2488.77 1334.19 1255.72 2298.73 1852.73 2394.57 2384.43 1770.49 1208.91 1128.97 1235.59 1123.29 1069.68 1197.46 1037.91 2536.45 1690.77 1030.96
threshold=5.5216758251190194 3.4584752321243291 0.16288578510284427 7.6002125740051278 0.02153221890330315 8857.5000000000018 4.4416120052337655 14.613666057586672 5184.8549804687509 -4.5827810764312735 1.5606444478034975 2.9390091896057133 101487.50000000001 1.0023426413536074 1.5000000000000002 740237.50000000012 113032.50000000001 155242.50000000003 17917.500000000004 0.90000000596046459 1.0000000180025095e-35 1.3673411607742312 1.3388304710388186 351779.51562500006 0.96901690959930431 6.407212734222413 1.0000000180025095e-35 101487.50000000001 19507.500000000004 0.16288578510284427
decision_type=2 2 2 2 2 2 2 2 2 2 2 2 2 2 2 2 2 2 2 2 2 2 2 2 2 2 2 2 2 2
left_child=1 2 3 4 -1 6 7 9 -9 -5 11 23 -13 14 15 21 18 20 -16 -20 -18 22 -4 -7 -2 -26 28 -28 -12 -3
right_child=24 29 13 5 -6 10 -8 8 -10 -11 26 12 -14 -15 16 -17 17 -19 19 -21 -22 -23 -24 -25 25 -27 27 -29 -30 -31
leaf_value=0.0090928025342909089 0.014846817512921729 0.0033241402757887891 0.016955856361450861 -0.010816397587695877 -0.045924893436560976 0.010804773721962223 -0.028513574231530732 -0.008105293519112473 0.033944698866265388 0.010614561762067766 -0.0085797430259425909 0.045165419676568563 -0.0039778793845180252 -0.00024009253257242723 0.0044955818981860544 -0.032004767436331454 0.0062663857960649763 0.0046341233320136357 -0.018149189416728197 0.0012556062845544371 0.034776408499621804 0.0042536032536174134 0.0058250811520499423 -0.030296060560740825 0.012296858617873377 0.0083526076387308856 0.017353421784095262 0.0060002697921995507 0.0058011368827899645 -0.0022293083806730093
leaf_weight=2473.7079299390316 159077.84587568045 191463.51304443181 64878.807697847486 8284.3395283520222 2660.1416782736778 250946.52237258852 6671.097589880228 34770.352105543017 2111.3214486092329 75431.969860345125 22678.437798812985 7467.5763011723757 3932.479321911931 143686.85753042996 65081.110662847757 3402.2978913784027 5782.5287570059299 204467.20592020452 28511.377171278 19999.360797435045 10419.781972333789 63875.007041171193 40498.554026082158 1672.4721545428038 388440.62480807304 381392.43642833829 67108.440937355161 184326.00427344441 206852.0180413425 148300.19027611613
leaf_count=7280 381511 663098 181835 26822 10200 678555 23319 109358 5370 217736 75030 16727 11321 442509 196490 12242 17425 614456 94424 62364 26199 190499 119939 5661 936150 961035 186168 537158 652514 537089
internal_value=0.00704768 0.00502525 0.0059425 0.00737345 -0.0194174 0.00753117 0.00244115 0.00415373 -0.00569712 0.00849365 0.00840071 0.0112961 0.028214 0.00401273 0.00521821 0.00868082 0.00342965 0.00610041 -0.00175867 -0.0101493 0.0246026 0.00949889 0.0126782 0.0105325 0.0111141 0.0103428 0.00681128 0.00903053 0.0043802 0.000900155
internal_weight=2.79666e+06 1.86775e+06 1.52799e+06 877387 5133.85 872253 127269 120598 36881.7 83716.3 744984 264019 11400.1 650603 506916 172655 334261 220670 113592 48510.7 16202.3 169252 105377 252619 928911 769833 480965 251434 229530 339764
internal_count=8000484 5721788 4521601 2563219 17480 2545739 382605 359286 114728 244558 2163134 712264 28048 1958382 1515873 504515 1011358 658080 353278 156788 43624 492273 301774 684216 2278696 1897185 1450870 723326 727544 1200187
is_linear=0
shrinkage=0.05


Tree=39
num_leaves=31
num_cat=0
split_feature=79 79 55 49 94 54 40 25 37 90 36 55 54 7 54 25 25 90 55 48 85 90 37 37 36 25 37 85 25 85
split_gain=8369.41 2736.45 1992.66 2186.83 1793.8 1666.36 2167.29 2834.97 2172.95 1898.45 2089.34 1741.3 1615.32 2332.47 2204.35 2806.85 2154.78 1959.2 2851.04 1771.67 1615.15 1308.45 1777.22 1842.87 1463.81 1488.51 1232.74 1212.39 1180.77 1118.44
threshold=4.8466784954071054 2.0727162361145024 14322.500000000002 0.16288578510284427 5184.8549804687509 110617.50000000001 1.0000000180025095e-35 2.3187674283981328 20.658179283142093 3654.2009277343755 -12.110949993133543 -257359.99999999997 103917.50000000001 0.0099003305658698099 8857.5000000000018 2.9390091896057133 2.7928394079208378 3637.446411132813 -182197.49999999997 -0.90159028768539418 0.90000000596046459 4503.4677734375009 17.370236396789554 4.8751423358917245 4.7573559284210214 1.9576467275619509 14.613666057586672 0.90000000596046459 0.71136632561683666 0.90000000596046459
decision_type=2 2 2 2 2 2 2 2 2 2 2 2 2 2 2 2 2 2 2 2 2 2 2 2 2 2 2 2 2 2
left_child=1 -1 3 12 5 6 7 -5 -8 11 -11 -7 14 17 16 19 26 18 -14 -16 -19 22 23 -4 25 28 -3 -17 -23 -27
right_child=-2 2 21 4 -6 9 8 -9 -10 10 -12 -13 13 -15 15 27 -18 20 -20 -21 -22 24 -24 -25 -26 29 -28 -29 -30 -31
leaf_value=0.0069277871102248305 0.01055414380991909 0.010029553019976161 -0.0022783826421498188 -0.013982381885422675 0.043566619330776851 0.0033693996857012314 0.0095939915075455243 0.0089907287875063621 -0.020634368262624898 0.045449954673077948 0.0085647475252244067 -0.0076048922795562794 0.0048007627617152526 -0.023250405314669403 -0.0037747854978469799 0.044911428388360757 -0.02526943021561194 -0.016705838411382894 0.032932207623862168 0.013391347605025786 0.005867688378082026 -0.030150735771925365 -0.022630187222970874 0.024660719468944589 0.020601957562348176 -0.044733246751193889 -0.0079619269347975998 0.014696306997796497 -0.0032259200760836842 -0.010872575410303759
leaf_weight=815339.11788092554 935676.29265412688 33900.880049631 16212.308466866612 62900.958416491747 2451.0157798081636 223233.50599586964 36969.20466761291 17073.433244347572 7083.3040767014027 4955.0971603095531 17042.168728962541 43128.508075624704 326615.32873275876 7763.5329517871141 17964.847717344761 9234.7573327869177 6727.9274753183126 18950.954705551267 9261.076854005456 91998.501301825047 13617.079714328051 4857.6265712678432 5636.7992190420628 10432.964936316013 3496.0119134932756 5578.9553559422493 13237.673033520579 5186.1491088271141 25154.319625601172 4334.3493783771992
leaf_count=2234930 2301345 107987 55567 231087 6471 744460 119790 55916 26069 13660 55506 151750 1065007 28292 60340 23316 24743 64898 26096 284392 46345 19075 21503 31254 11307 22894 45520 16733 87735 16496
internal_value=0.00669686 0.0047568 0.00306292 0.0036731 0.000927436 0.000673893 -0.00417238 -0.00907782 0.00473303 0.00275836 0.0168754 0.00159244 0.00572735 0.00386965 0.00964805 0.0133071 0.00119867 0.00444118 0.00557654 0.0105868 -0.00726754 -0.00474968 0.00287378 0.00826997 -0.0104175 -0.0131342 0.00497693 0.0340474 -0.0075849 -0.0299316
internal_weight=2.79601e+06 1.86034e+06 1.045e+06 969296 414837 412386 124027 79974.4 44052.5 288359 21997.3 266362 554459 376208 178251 124384 53866.5 368444 335876 109963 32568 75703.3 32282.1 26645.3 43421.3 39925.3 47138.6 14420.9 30011.9 9913.3
internal_count=8000484 5699139 3464209 3198378 1404709 1398238 432862 287003 145859 965376 69166 896210 1793669 1230638 563031 384781 178250 1202346 1091103 344732 111243 265831 108324 86821 157507 146200 153507 40049 106810 39390
is_linear=0
shrinkage=0.05


Tree=40
num_leaves=31
num_cat=0
split_feature=79 79 86 77 77 77 86 87 84 22 55 55 55 77 55 99 77 73 94 21 94 77 7 94 55 46 25 79 87 55
split_gain=7502.18 2494.76 1544.53 2243.22 1290.42 1170.82 1819.04 1068.15 1051.68 996.225 1161.82 1771.87 1356.13 1196.61 1531.1 1111.73 1438.38 1018.79 968.343 1152.58 1947.87 1586.6 963.502 913.066 1043.29 1140.91 925.888 909.475 1062.81 1362.82
threshold=4.8466784954071054 3.7942829132080083 6.0000000000000009 1.5606444478034975 0.84770509600639354 1.2470506429672243 6.0000000000000009 1.0000000180025095e-35 -1.0000000180025095e-35 1.5000000000000002 -281774.99999999994 -133132.49999999997 -317602.49999999994 1.5606444478034975 -164282.49999999997 240279.53125000003 1.5606444478034975 2.1679099798202519 4765.9748535156259 16.500000000000004 4632.6889648437509 1.5606444478034975 -0.011815743055194615 2691.536499023438 -525607.49999999988 0.079474680125713362 2.8366353511810307 1.3893785476684573 1.0000000180025095e-35 -414397.49999999994
decision_type=2 2 2 2 2 2 2 2 2 2 2 2 2 2 2 2 2 2 2 2 2 2 2 2 2 2 2 2 2 2
left_child=1 2 9 4 -4 6 -3 -7 -2 18 12 13 17 14 -12 16 -13 -11 19 22 -21 -22 -1 24 26 -26 -6 -5 -29 -30
right_child=8 5 3 27 23 7 -8 -9 -10 10 11 15 -14 -15 -16 -17 -18 -19 -20 20 21 -23 -24 -25 25 -27 -28 28 29 -31
leaf_value=-0.033998535210078555 0.006681424402878916 -0.0033983680403377667 0.0067961165373385526 0.0075253482212728345 0.023397267236675543 -0.0061774364948648493 0.009309677308547655 0.0012559514596891565 0.010869738296600456 -0.0083562067921316898 0.012698626455064244 -0.034558441745578462 -0.023083512450534249 0.0005505052443805752 0.043068754942220538 0.0018221987763344027 0.0079601276052536554 0.0023674348292669722 -0.013075362675934347 -0.0019006822649028218 0.077719411497388216 -0.028176842233650596 0.013016974910503168 0.010951227167549869 0.0031093610193893726 -0.092245159747690791 -0.064876427204851331 0.0020269643860060505 0.010718557971218441 0.0036028023171199917
leaf_weight=1110.1821289509535 187564.45774525404 45744.120935603976 182330.78721024096 234192.66953678429 31733.18501791358 82951.338306173682 73248.905307456851 115779.71164649725 746267.70995631814 36219.133054763079 16431.553435310721 4932.4692365825176 8135.7352780401707 11651.131322547793 5552.4076287597418 82054.757953807712 3332.0543469488621 57007.135361179709 5966.3971938043833 34785.33511736989 1382.0846203863621 474.57998350262642 56418.148261785507 120894.5059517175 2053.86849398911 369.21670420467854 298.89846576750278 350704.41386817396 103605.43493558466 191968.08050882816
leaf_count=3982 476055 185052 474284 633442 72331 381776 186530 379558 1824634 125771 50393 18059 28627 37350 14633 263100 10333 181330 20558 113132 3014 1715 169581 302152 5270 1409 1036 1172369 291365 570939
internal_value=0.0063714 0.00453662 0.0053671 0.00618461 0.00964928 0.000501853 0.00442433 -0.00184677 0.0100285 0.00230717 0.000462947 0.00370972 -0.00350744 0.0135055 0.0203709 6.15635e-05 -0.0174165 -0.00179877 0.00645672 0.00769441 0.000763158 0.0506481 0.012109 0.0129979 0.0201784 -0.0114502 0.0225714 0.00485582 0.00388844 0.00609709
internal_weight=2.79516e+06 1.86133e+06 1.5436e+06 1.21815e+06 337680 317724 118993 198731 933832 325453 225316 123954 101362 33635.1 21984 90319.3 8264.52 93226.3 100137 94170.3 36642 1856.66 57528.3 155350 34455.2 2423.09 32032.1 880471 646278 295574
internal_count=7999780 5699091 4566175 3524597 856482 1132916 371582 761334 2300689 1041578 729596 393868 335728 102376 65026 291492 28392 307101 311982 291424 117861 4729 173563 382198 80046 6679 73367 2668115 2034673 862304
is_linear=0
shrinkage=0.05


Tree=41
num_leaves=31
num_cat=0
split_feature=86 77 55 55 94 55 25 104 25 55 25 55 22 104 36 25 94 54 90 54 36 53 54 25 25 22 55 44 54 36
split_gain=2406.88 3352.3 1778.53 1763.52 1414.68 1856.81 1674.95 1815.84 2756.28 2371.02 1943.03 1838.65 1551.26 1680.95 1561.15 1479.2 2448.05 2044.59 2830.36 2302.85 2001.17 1996.46 1996.15 1873.69 1847.07 1880.9 1732.29 1615.31 1607.19 1457.78
threshold=6.0000000000000009 1.5606444478034975 -726327.49999999988 14322.500000000002 2691.536499023438 -525607.49999999988 2.8366353511810307 7.7159750461578378 1.4896463155746462 -667792.49999999988 1.9714748263359072 -574507.49999999988 1.5000000000000002 7.7251734733581552 1.5385484695434573 1.4565114974975588 2718.880249023438 22027.500000000004 4009.101196289063 40177.500000000007 -14.885855674743651 0.6078576147556306 44882.500000000007 1.4122610688209536 1.6021302938461306 3.5000000000000004 2532.5000000000005 0.99911776185035717 12832.500000000002 5.7645726203918466
decision_type=2 2 2 2 2 2 2 2 2 2 2 2 2 2 2 2 2 2 2 2 2 2 2 2 2 2 2 2 2 2
left_child=2 4 -1 -4 5 6 7 10 9 -9 11 -2 -7 -14 -15 17 -17 18 -6 21 27 26 -22 28 -18 -26 -19 -21 -20 -27
right_child=1 -3 3 -5 15 12 -8 8 -10 -11 -12 -13 13 14 -16 16 24 19 23 20 22 -23 -24 -25 25 29 -28 -29 -30 -31
leaf_value=-0.010537881918320634 0.0087757694313789665 0.005666888578033223 0.0046126806989774663 -0.005573813644960058 0.045484550476312238 0.01896250206711711 -0.041729308528145728 -0.042286189007607271 -0.053072752957669458 0.034109884378670428 0.056325361354128273 0.028086568910081208 -0.049673425941033342 0.028279049038583089 -0.05668391690997622 -0.050771790222388119 0.024884982764577155 -0.022192953657854259 0.0033909160243043891 -0.019442642687648587 -0.031799122897231413 0.038707420136880867 0.010269124103530832 -0.040707525774596735 0.0076165157897116675 0.026968191287526214 0.036064958832649707 0.0045182295477847936 -0.015521861208053987 -0.0030834140350853947
leaf_weight=22323.215833038092 68636.81382226944 1597177.0941293687 555938.16610991955 46003.075444176793 3104.3898202180862 3570.364044085145 1218.9866117537022 1055.6340130269527 1006.2382564544678 26242.01040828228 2576.0083264410496 15024.782110407948 2897.6660760343075 1976.5058445185423 743.09758716821671 1508.2947310209274 27977.156888574362 3137.8008733987808 44239.320156872272 11209.344023168087 2866.6348821073771 11316.853373557329 169186.5266777128 3196.0065260380507 104306.08665572107 24318.722976595163 2149.0469827055931 18878.168498516083 15054.82355812192 4837.7458362430334
leaf_count=74923 170692 4667993 1676459 147380 6326 8409 3893 3372 3359 56305 4804 33490 9596 4463 2512 4943 64951 9228 116721 32323 8717 24234 422799 10203 266661 55618 4730 48696 42980 13000
internal_value=0.0060561 0.00684337 0.00332021 0.00383417 0.0101271 0.0148308 0.016548 0.0171686 0.0281576 0.0311539 0.0135616 0.0122441 -0.00680363 -0.0231821 0.00504984 0.00881303 0.0126113 0.00663626 -0.00110631 0.00895803 0.0074876 0.0268579 0.009568 -0.00342163 0.0132038 0.010755 0.00148966 -0.00440877 -0.00141115 0.0219818
internal_weight=2.79368e+06 2.16941e+06 624264 601941 572235 124948 115760 114541 28303.9 27297.6 86237.6 83661.6 9187.63 5617.27 2719.6 447287 162948 284339 65594.5 218744 202141 16603.7 172053 62490.2 161440 133463 5286.85 30087.5 59294.1 29156.5
internal_count=7999780 6101018 1898762 1823839 1433025 300895 275915 272022 63036 59677 208986 204182 24980 16571 6975 1132130 405173 726957 176230 550727 512535 38192 431516 169904 400230 335279 13958 81019 159701 68618
is_linear=0
shrinkage=0.05


Tree=42
num_leaves=31
num_cat=0
split_feature=79 79 30 104 54 54 37 85 54 54 54 55 22 39 54 36 39 55 81 87 22 54 55 55 13 49 54 54 55 55
split_gain=6887.2 2252.61 1427.24 2322.56 1815.58 2918.83 2006.48 2060.38 1744.19 1972.09 2943.57 2416.27 2342.86 1836.41 1739.17 1696.36 1545.97 1467.8 1463.42 1418.05 2130.39 2029.3 1399.47 1300.82 1280.92 1670.49 1255.41 1161.31 1107.82 1893.91
threshold=4.8466784954071054 3.7942829132080083 0.3275000005960465 7.6002125740051278 2482.5000000000005 777.50000000000011 3.9889371395111088 0.90000000596046459 609590.00000000012 458772.50000000006 397757.50000000006 -477777.49999999994 1.5000000000000002 -4.6649811267852774 659562.50000000012 -26.14581203460693 15.248707771301271 7772.5000000000009 1.0000000180025095e-35 1.0000000180025095e-35 2.5000000000000004 4107.5000000000009 32112.500000000004 -437307.49999999994 0.02428426314145327 -0.91959547996520985 604507.50000000012 977.50000000000011 14322.500000000002 9427.5000000000018
decision_type=2 2 2 2 2 2 2 2 2 2 2 2 2 2 2 2 2 2 2 2 2 2 2 2 2 2 2 2 2 2
left_child=1 2 8 -4 5 17 7 -7 9 10 24 18 23 -10 16 19 -15 -5 26 21 -21 -6 -8 -12 27 -26 -11 -1 29 -17
right_child=-2 -3 3 4 15 6 22 -9 13 11 12 -13 -14 14 -16 28 -18 -19 -20 20 -22 -23 -24 -25 25 -27 -28 -29 -30 -31
leaf_value=0.022053404273605859 0.0092636887444410947 0.00016358978325652903 -0.025340872267452547 0.032439982477155252 0.076143029691745481 -0.050454981864908349 -0.0082241111553357643 -0.0050471378580776612 0.020625772770038672 0.0018124817955532263 0.0090192696680005523 -0.033689900413566939 0.0059722795930570588 0.025546950826407611 -0.0018850708121212303 0.0060609065698440275 -0.01327044204712665 0.0034505541772958457 -0.021772213877782498 0.0052794400402682747 0.042744462684613599 -0.0042988443829788652 0.030780089177970083 0.04487801439416194 0.021032199976399817 0.003365949752342055 -0.034670643707917885 -0.0015439986738148949 -0.0010626671305695016 0.016239652062569537
leaf_weight=5351.9901750534773 931383.75338438153 317746.04341579974 5927.7568636983633 6063.0325546115637 866.99646134674549 5696.7650295495987 21020.767940461636 4449.6724127084017 25255.732430040836 49488.717576548457 3545.8630430698395 7244.9890791326761 16909.632787585258 12941.01228672266 36155.200824573636 843924.859786883 3198.1735320836306 15600.352177172899 8991.1284258961678 6171.9176085442305 9851.9141934514046 8101.455554112792 2581.2330418080091 8827.4010699391365 15053.534211426973 120409.35167767107 2474.9472407400608 200607.63748215139 49633.729313880205 48315.938221052289
leaf_count=14878 2300689 1132916 20885 15637 1804 22039 66192 14469 70589 146275 10276 25488 49544 34932 112230 2467139 10343 46705 32673 17687 23386 25505 6643 20955 40834 360147 8574 613726 152529 134091
internal_value=0.0057532 0.00399761 0.00478628 0.00586344 0.00604441 -0.00275735 -0.0119514 -0.0305445 0.00264176 0.00142034 0.0028579 -0.00639353 0.0180712 0.00955437 0.00420702 0.00654886 0.0178542 0.0115653 -0.00314854 0.0194057 0.0283156 0.00348468 -0.00395708 0.0346038 0.00155303 0.00532932 7.41182e-05 -0.000930677 0.00620768 0.00661212
internal_weight=2.79379e+06 1.86241e+06 1.54466e+06 1.02821e+06 1.02228e+06 55411.8 33748.4 10146.4 516455 438905 370705 68199.8 29282.9 77550.1 52294.4 966867 16139.2 21663.4 60954.8 24992.3 16023.8 8968.45 23602 12373.3 341423 135463 51963.7 205960 941875 892241
internal_count=7999780 5699091 4566175 3014711 2993826 171685 109343 36508 1551464 1323370 1110360 213010 80775 228094 157505 2822141 45275 62342 187522 68382 41073 27309 72835 31231 1029585 400981 154849 628604 2753759 2601230
is_linear=0
shrinkage=0.05


Tree=43
num_leaves=31
num_cat=0
split_feature=79 79 81 55 94 90 49 54 13 37 90 37 37 37 13 50 54 22 55 99 100 50 49 9 24 54 54 22 28 79
split_gain=6248.78 2136.18 1871.76 1428.43 2635.9 1587.34 1489.94 2379.76 1651.12 1266.1 1064.5 1778.78 1747.48 1415.53 1293.68 1299.81 1236.54 1045.21 1234.76 1719.15 1520.5 1777.08 1079.52 992.322 989.157 979.375 963.206 954.55 953.847 928.075
threshold=4.8466784954071054 2.0727162361145024 1.0000000180025095e-35 14322.500000000002 5184.8549804687509 5032.3100585937509 -0.45201864838600153 103917.50000000001 0.013561540748924019 11.132500171661379 4503.4677734375009 17.370236396789554 4.8751423358917245 3.8382912874221806 0.020866096951067451 172.50000000000003 2782.5000000000005 1.5000000000000002 27427.500000000004 319125.32812500006 307332.14062500006 -467.49999999999994 -0.43245348334312433 0.34760202467441564 58.269645690917976 10982.500000000002 10502.500000000002 3.5000000000000004 0.62500000000000011 7.0276184082031259
decision_type=2 2 2 2 2 2 2 2 2 2 2 2 2 2 2 2 2 2 2 2 2 2 2 2 2 2 2 2 2 2
left_child=1 -1 3 4 5 6 7 -3 -8 27 11 12 23 16 -15 -16 -12 18 19 20 24 -22 -20 -5 -4 -6 -13 -7 -28 -2
right_child=29 2 17 10 25 9 8 -9 -10 -11 13 26 -14 14 15 -17 -18 -19 22 -21 21 -23 -24 -25 -26 -27 28 -29 -30 -31
leaf_value=0.0057138385142949015 0.010353312544127012 0.013363713124831112 0.010138341756377643 -0.0089448716642228608 0.051904248491238682 -0.014191956696898225 0.0077453202793806436 0.0036178801541530727 0.00079131067263363611 -0.036386533597629271 -0.04307645288094436 -0.033721448437894395 0.026092549971883972 -0.045151575569324517 0.0057955773795745173 -0.024624687539768802 -0.010165896921337476 -0.0058300552793551473 -0.059885605521894127 -0.036342766203342383 0.091785199231578102 -0.0099897987617868847 0.098258604603661648 0.024132472504156663 -0.0053585811387850645 -0.043469609434053813 0.083625227686303538 0.021122193432641375 -0.034239411104496797 0.0071930731418592894
leaf_weight=816015.65662486851 477069.56376713514 90996.096153393388 21514.344110935926 10935.607209399343 3597.4927826821804 6069.463451102376 107106.63746924698 200997.41807329655 420387.03126868606 4200.0358034521341 4904.7120406031609 4064.8464457392693 9149.5180961042643 1686.6408989876509 19024.15035019815 4305.3194810450077 6828.190565764904 99774.475890651345 131.97835554182529 2715.4804966747761 1044.0441998839378 727.04272063076496 576.01151914894581 2859.433922290802 19747.33975918591 290.13450492918491 376.91754622757435 2793.3899332284927 313.64857146143913 452895.55824536085
leaf_count=2235232 1160868 270083 77365 37685 8610 21250 335713 630643 1369913 16069 20694 15903 26087 6837 62270 16491 24571 406402 588 11705 2487 2793 1313 8442 78633 1084 854 8157 1217 1139821
internal_value=0.00546684 0.00379598 0.00230139 0.00315309 0.00370575 0.00351391 0.00378956 0.0066551 0.00220333 -0.0137776 -0.00401937 0.0033819 0.00915049 -0.00959823 -0.00287722 0.000180663 -0.0239264 -0.0029456 0.00324926 0.00223433 0.00466955 0.050021 0.0687286 -0.00208699 0.00272163 0.0447758 -0.0244462 -0.00305997 0.0301129 0.00881428
internal_weight=2.7931e+06 1.86313e+06 1.04712e+06 900887 836438 832550 819487 291994 527494 13062.9 64449 27700 22944.6 36749 25016.1 23329.5 11732.9 146231 46456.2 45748.3 43032.8 1771.09 707.99 13795 41261.7 3887.63 4755.41 8862.85 690.566 929965
internal_count=7999780 5699091 3463859 2882573 2661522 2651828 2606352 900726 1705626 45476 221051 90188 72214 130863 85598 78761 45265 581286 174884 172983 161278 5280 1901 46127 155998 9694 17974 29407 2071 2300689
is_linear=0
shrinkage=0.05


Tree=44
num_leaves=31
num_cat=0
split_feature=80 86 77 80 87 77 80 99 13 22 77 80 104 25 94 55 77 36 43 90 77 41 46 94 42 55 46 104 25 90
split_gain=5672.42 2164.26 3149.35 1715.1 1548.53 1522.81 1193.99 1003.81 1811.71 1592.24 996.299 998.251 964.196 1560.58 1344.34 2009.51 2682.11 1335.22 1310.34 1164.41 1420.69 1032.95 991.395 945.983 1128.12 1150.04 1270.51 1065.76 1017.97 1625.03
threshold=5.5216758251190194 6.0000000000000009 1.5606444478034975 2.6761190891265874 1.0000000180025095e-35 0.84770509600639354 4.1521222591400155 139070.18750000003 0.011687947437167169 2.5000000000000004 0.96901690959930431 6.407212734222413 8.4131526947021502 3.05855405330658 4360.1445312500009 14322.500000000002 1.5606444478034975 4.3339214324951181 1.0077713727951052 5126.5549316406259 1.5606444478034975 1.0020560026168825 0.24847728759050372 2691.536499023438 0.9879833757877351 -525607.49999999988 0.079474680125713362 7.7141261100769052 1.4565114974975588 2718.9565429687505
decision_type=2 2 2 2 2 2 2 2 2 2 2 2 2 2 2 2 2 2 2 2 2 2 2 2 2 2 2 2 2 2
left_child=1 6 5 -4 7 -3 12 -5 9 -9 -2 -12 14 19 21 16 18 -17 -16 20 -14 -1 -21 24 -7 27 -27 -26 -25 -30
right_child=10 2 3 4 -6 23 -8 8 -10 -11 11 -13 13 -15 15 17 -18 -19 -20 22 -22 -23 -24 28 25 26 -28 -29 29 -31
leaf_value=0.002432320497502553 0.012030619906384489 0.0053542261827563631 0.0045457865940862069 -0.0084357508501999301 0.003534848486850452 -0.076484578311616799 -0.0069219763409712537 0.043414127974852661 -0.0018613000049506158 -0.0060243104226806645 0.0094613159951099455 0.005843246706752586 -0.040953389877506727 0.018211277968575815 0.02744867544298335 -0.012205850345168703 -0.002391884084152866 0.044701405934659752 -0.018992619687684672 -0.0038541718270129533 -0.0038557542254063822 -0.0046182748587525494 0.080397113462789493 0.0064447735140452326 0.015718938316345799 0.0027762050354442729 -0.087096272501973104 0.033817689657814468 -0.078364658130852749 0.015764634630968222
leaf_weight=203736.28332032263 157479.53490751982 219436.10596969724 685214.2311989516 56735.180621773005 188802.69777576625 312.62758050858974 49493.069250077009 4251.7893877178431 123130.67777952552 2638.7425726205111 383402.81714238226 379240.53473047912 6297.5746314376593 4288.3346119970083 24187.288704305887 12319.607758805156 14415.114729657769 1123.8645827621222 1619.8069400042295 6437.6822466552258 4373.1259117126465 69724.886989399791 368.18741609156132 95297.609199598432 27973.076101660728 2587.4349360913038 462.69407378137112 11471.675222024322 461.39171317219734 54761.720693781972
leaf_count=653299 381673 572106 1970386 253382 580193 1141 199964 14054 513744 10965 935799 960583 24774 13221 69075 43642 47588 3094 5802 22218 14812 230355 857 242770 66341 6659 1757 24468 1678 133380
internal_value=0.00519534 0.00361528 0.00449928 0.00305735 0.00034166 0.0082049 0.000345549 -0.00288649 -0.00046497 0.0244827 0.00840985 0.00766217 0.00137654 -0.00881348 0.00205455 0.00928995 0.0148835 -0.0074451 0.0245329 -0.0154457 -0.0257521 0.000634589 0.000714104 0.0114405 0.0179991 0.0186961 -0.0108796 0.0209834 0.00957508 0.0149767
internal_weight=2.79205e+06 1.87192e+06 1.47354e+06 1.06077e+06 375559 412764 398385 186756 130021 6890.53 920123 762643 348892 21764.9 327127 53665.7 40222.2 13443.5 25807.1 17476.6 10670.7 273461 6805.87 193328 42807.5 42494.9 3050.13 39444.8 150521 55223.1
internal_count=7999780 5721725 4393024 3342724 1372338 1050300 1328701 792145 538763 25019 2278055 1896382 1128737 75882 1052855 169201 122465 46736 74877 62661 39586 883654 23075 478194 100366 99225 8416 90809 377828 135058
is_linear=0
shrinkage=0.05


Tree=45
num_leaves=31
num_cat=0
split_feature=79 79 86 77 87 54 90 53 14 54 54 25 99 50 53 26 26 54 94 30 36 104 104 54 25 25 26 6 84 40
split_gain=5368.48 1969.51 1702.24 3260.25 1634.61 1875.88 1959.39 1941.79 1937.05 1585.48 2159.24 1843.86 2109.18 1577.86 1437.38 1325.87 1199.79 1709.46 1357.62 1814.84 1211.87 1104.79 1673.06 1038.99 1015.83 1528.26 1105.38 1006.78 895.004 893.934
threshold=4.8466784954071054 1.8060159683227541 6.0000000000000009 1.5606444478034975 1.0000000180025095e-35 720102.50000000012 2491.143920898438 1.0000000180025095e-35 32.261651992797859 629947.50000000012 616127.50000000012 1.997237026691437 117597.51953125001 -612.49999999999989 0.6078576147556306 -0.89247301220893849 -0.69646063446998585 1682.5000000000002 4525.3950195312509 0.86750000715255748 -1.0461166501045225 7.6884052753448495 7.6002125740051278 292.50000000000006 1.1181020736694338 1.1072242856025698 1.0454947352409365 0.003533888491801918 -1.0000000180025095e-35 1.0000000180025095e-35
decision_type=2 2 2 2 2 2 2 2 2 2 2 2 2 2 2 2 2 2 2 2 2 2 2 2 2 2 2 2 2 2
left_child=1 -1 29 16 5 6 15 -7 -9 10 13 12 -11 -6 -8 -5 21 18 19 -18 -20 22 -4 -23 25 -19 -26 -12 -2 -3
right_child=28 2 3 4 9 7 14 8 -10 11 27 -13 -14 -15 -16 -17 17 24 20 -21 -22 23 -24 -25 26 -27 -28 -29 -30 -31
leaf_value=0.0063358441244231126 0.0049222200774974691 -0.0024316172798393354 -0.063029345516155091 -0.01176676087084237 -0.0023037228500501212 -0.044182678931804657 -0.002858561405957498 0.065741267317350957 -0.011900703493296211 0.0047767924466944403 -0.034256283746421617 0.060260801929328804 0.028915491809075516 0.0054941783338866984 0.0030909783164611367 0.086841487258384739 -0.01211659228641958 0.0079672467959471093 -0.022358017906725463 0.064498992889403903 -0.10037039925843681 0.060602595059965431 0.028531242661490954 -0.00091477081968480839 0.017965703890125168 -0.051200401794702657 0.0065410863624702116 0.050859439050405131 0.0087938972402985555 0.0032211318784188831
leaf_weight=427825.77363185585 186949.70663845539 227202.76465529203 541.66442474722862 496.84060725569725 89324.009185671806 4695.3576774895191 206710.21613682806 868.73307871818542 10517.923960864544 39213.733576223254 5061.5286401361227 1919.0892236977816 11763.969356641173 236960.78200308979 199490.71557500958 1082.938007414341 3064.5693740546703 125732.59754152596 3403.372144177556 1032.5165176689625 582.41292683780193 693.42629171907902 6193.322873339057 59120.136055648327 65262.932714402676 1099.9147363454103 31343.991418942809 372.10398446023464 740781.25602781773 101043.10850703716
leaf_count=1146793 476306 792120 1873 1800 275273 21549 757751 2461 42152 113546 17269 4102 30124 696474 696330 2417 8723 318218 10489 1890 2347 1318 13700 158143 157262 3620 80125 859 1825670 339703
internal_value=0.00490617 0.00335836 0.00247053 0.00340852 0.00176059 -0.000381024 0.000279551 -0.0171301 -0.0059714 0.00412076 0.00283878 0.0121598 0.0103478 0.0033594 6.33253e-05 0.0558382 0.00787828 0.00957901 -0.0130087 0.00720129 -0.033781 0.00196132 0.0211584 -0.000200507 0.0103962 0.0074537 0.0142592 -0.0284182 0.00801372 -0.000691526
internal_weight=2.79035e+06 1.86262e+06 1.43479e+06 1.10655e+06 808478 423863 407781 16082 11386.7 384615 331718 52896.8 50977.7 326285 406201 1579.78 298071 231522 8082.87 4097.09 3985.79 66548.5 6734.99 59813.6 223439 126833 96606.9 5433.63 927731 328246
internal_count=8000407 5698431 4551638 3419815 2662107 1524460 1458298 66162 44613 1137647 989875 147772 143670 971747 1454081 4217 757708 582674 23449 10613 12836 175034 15573 159461 559225 321838 237387 18128 2301976 1131823
is_linear=0
shrinkage=0.05


Tree=46
num_leaves=31
num_cat=0
split_feature=79 49 55 55 55 7 48 55 8 44 22 55 55 55 55 85 22 24 90 55 55 55 90 85 36 39 104 12 25 37
split_gain=4864.96 1910.96 2640.96 1732.63 3363.25 2742.6 1745.4 1635.93 1958.71 1628.72 1610.57 2982.52 2295.77 3584.89 2182.25 3797.03 5007.28 1753.72 1713.2 1604.46 1533.59 5225.38 2814.79 2431.84 1871.76 1549.64 1500.27 1988.07 1477.18 1476.86
threshold=4.8466784954071054 0.20576497167348864 14322.500000000002 -264057.49999999994 -257359.99999999997 0.010816514957696201 -0.83743050694465626 24497.500000000004 -0.00013985637633595613 1.0021358728408816 1.5000000000000002 -740017.49999999988 -113362.49999999999 -155542.49999999997 8757.5000000000018 0.90000000596046459 3.5000000000000004 73.310783386230483 4570.3000488281259 -266504.99999999994 -394032.49999999994 -443802.49999999994 4208.1682128906259 0.90000000596046459 -0.48350800573825831 -0.29503262042999262 7.6002125740051278 0.02153221890330315 4.8566527366638192 4.3758461475372323
decision_type=2 2 2 2 2 2 2 2 2 2 2 2 2 2 2 2 2 2 2 2 2 2 2 2 2 2 2 2 2 2
left_child=1 2 3 5 6 19 -5 29 -9 10 11 -3 13 -12 15 16 -14 28 -17 26 21 23 24 -13 -22 -24 27 -1 -16 -4
right_child=-2 9 7 4 -6 -7 -8 8 -10 -11 12 20 14 -15 17 18 -18 -19 -20 -21 22 -23 25 -25 -26 -27 -28 -29 -30 -31
leaf_value=0.0083205654438606811 0.0076245014256783239 -0.038335311242962036 -0.018493757098726592 -0.010260636060933942 0.0068547000871581375 -0.027865819191875887 0.056078357085324895 0.026769792526263908 -0.0042110420641234955 -0.0025124396600010902 0.0018419218593090634 0.014275124016702721 -0.031980777394206898 0.025305696104301268 -0.0024749479819243889 -0.005769348585508597 0.0044660324100374077 0.0245607476798048 0.0190183553537971 -0.030742282004466076 0.0011077110753411308 0.041055229487733463 0.023194141645320073 -0.0068508905401275287 -0.021079460429877295 0.0043338581839594175 0.0041559891904090623 -0.047332245892048937 0.057906602419848401 -0.002234511998313283
leaf_weight=3134.4800088405609 926372.91622775793 3655.6604312062263 22715.385357424617 1226.414890229702 492268.56046177447 7010.3097765594721 5166.7965433597565 8233.1130722016096 13410.301833197474 207217.88309308887 227176.69101893902 37165.888199046254 28587.865946337581 17534.33478975296 39526.65451079607 19238.797553524375 14056.819086030126 8094.4048329144716 10929.942715793848 3373.6591224074364 61289.171609014273 13478.441187739372 21739.349005386233 21501.852976858616 11249.606004089117 21827.239554181695 501064.29766699672 3286.2276030182838 1038.5346858650446 36260.828470155597
leaf_count=9493 2301976 13950 78669 3972 1457989 24368 12234 22631 43019 661151 707965 104249 101940 47780 126629 64342 42839 23032 33018 11777 189399 33177 60586 72275 38236 66513 1516671 13165 2422 114940
internal_value=0.00466343 0.0031906 0.00452824 0.00521908 0.00732272 0.00319344 0.0433521 -0.00418248 0.00757447 0.00127295 0.00267847 0.00638878 0.000733972 0.00352329 -0.00488514 -0.0103636 -0.019967 0.00331266 0.00321125 0.00361972 0.00725751 0.0129825 0.00369996 0.00653232 -0.00233334 0.0137454 0.00384822 -0.0201656 -0.00092757 -0.00849724
internal_weight=2.78883e+06 1.86246e+06 1.09715e+06 1.01653e+06 498662 517869 6393.21 80619.6 21643.4 765309 558091 191907 366184 244711 121473 72813.4 42644.7 48659.6 30168.7 510859 188252 72146.2 116105 58667.7 72538.8 43566.6 507485 6420.71 40565.2 58976.2
internal_count=8000407 5698431 3308928 3049669 1474195 1575474 16206 259259 65650 2389503 1728352 578385 1149967 755745 394222 242139 144779 152083 97360 1551106 564435 209701 354734 176524 227635 127099 1539329 22658 129051 193609
is_linear=0
shrinkage=0.05


Tree=47
num_leaves=31
num_cat=0
split_feature=80 80 55 49 54 55 39 25 55 54 40 25 90 25 54 8 90 55 54 25 25 7 87 44 36 55 54 40 90 37
split_gain=4411.04 1875.92 1253.98 1350.32 1194.69 2202.97 1589.23 1429.11 1387.36 5369.65 2900.36 1398.67 1395.16 1632.3 1093.84 1607.71 1555.91 1781.35 1506.72 1831.06 1554.91 1298.62 1147.34 1003.92 1001.58 973.176 939.524 874.608 852.785 1219.22
threshold=4.8466784954071054 2.8426212072372441 14322.500000000002 0.16288578510284427 627510.00000000012 -737592.49999999988 -6.1758568286895743 1.398128390312195 -443802.49999999994 397757.50000000006 1.0000000180025095e-35 1.842948377132416 2758.069946289063 1.7581230998039248 103917.50000000001 -0.0097128953784704191 3637.446411132813 -182197.49999999997 8857.5000000000018 2.9390091896057133 2.7928394079208378 -0.0010415553697384892 1.0000000180025095e-35 1.0022086501121523 8.3596601486206072 -464052.49999999994 717542.50000000012 1.0000000180025095e-35 4503.4677734375009 17.370236396789554
decision_type=2 2 2 2 2 2 2 2 2 2 2 2 2 2 2 2 2 2 2 2 2 2 2 2 2 2 2 2 2 2
left_child=1 -1 3 14 8 7 23 -6 12 11 -11 -10 13 -5 18 -16 17 -17 20 21 24 -20 -18 -7 -3 -14 -8 -9 29 -4
right_child=-2 2 28 4 5 6 26 27 9 10 -12 -13 25 -15 15 16 22 -19 19 -21 -22 -23 -24 -25 -26 -27 -28 -29 -30 -31
leaf_value=0.0042281021077017304 0.0072535166461436991 0.00070633073696278682 0.0063389877949509956 -0.0017858292189201653 -0.032779090553666256 0.03917057398858903 0.00085558615474210463 0.033468321429163991 -0.0059515299530502929 0.0089520601326142958 0.053422590372034201 0.0045478934697146802 -0.033995747321477129 -0.042675188329311622 -0.028027828591038129 0.0026675350959436232 0.0031813324879701593 0.030035558013551518 4.0808025475588788e-05 0.032031467275482804 -0.029458932824309392 0.013915922901432226 -0.02064371379736436 -0.010040290679185347 0.042421161803329735 -0.0069509758764493964 0.023178061007447369 -0.030623179610435647 -0.012677221131909569 -0.025979101071450281
leaf_weight=1186318.441180259 925098.52328279614 28784.300237923861 17052.485062375665 33634.397355303168 5131.2143275886774 6731.2582214027643 20109.221086472273 1703.8794692754745 118834.54195147753 8482.8167919367552 6457.6670279204845 43267.347329288721 8460.7270663529634 2630.747492313385 4483.040890738368 213245.12598541379 8576.6118078380823 6115.2940926402807 27489.631042018533 9401.5448131710291 4262.2076662182808 43628.200747177005 12297.250948086381 1224.3430409729481 1513.6933596730232 5482.7599781751633 6156.1755252182484 772.95430319011211 27250.31570187211 3519.8106209933758
leaf_count=3361498 2301976 98034 57836 117657 21660 19274 69304 5282 433699 27666 16422 149350 34107 10934 17370 722361 31110 17645 92188 26616 16454 137878 43692 4450 4159 19941 19327 3158 104876 14483
internal_value=0.00443124 0.0030298 0.000929056 0.00152261 -0.00115651 0.00660889 0.0120193 -0.0177251 -0.00258589 -0.000505368 0.028176 -0.00314904 -0.00992185 -0.00475326 0.00352624 0.00163566 0.00218935 0.00343065 0.00754647 0.0112947 -0.00118609 0.00855283 -0.0108546 0.0315962 0.00279191 -0.023363 0.00608848 0.0134608 -0.00687603 0.000808297
internal_weight=2.78812e+06 1.86302e+06 676700 628877 269080 41829 34221 7608.05 227251 177042 14940.5 162102 50208.6 36265.1 359797 244717 240234 219360 115080 80519.4 34560.2 71117.8 20873.9 7955.6 30298 13943.5 26265.4 2476.83 47822.6 20572.3
internal_count=8000407 5698431 2336933 2159738 952231 142455 112355 30100 809776 627137 44088 583049 182639 128591 1207507 832178 814808 740006 375329 256682 118647 230066 74802 23724 102193 54048 88631 8440 177195 72319
is_linear=0
shrinkage=0.05


Tree=48
num_leaves=31
num_cat=0
split_feature=79 30 99 36 55 55 55 55 55 39 55 39 81 55 28 37 55 39 94 55 104 49 13 36 13 12 55 49 13 13
split_gain=3998.06 1760.39 2815.51 2074.69 1937.24 1846.45 2374.68 3172.34 2552.83 1961.83 1971.35 2285.8 1869.81 1741.86 1725.61 1666.44 1664.41 2207.26 1490.24 1483.63 2794.95 1450.97 1401.82 1390.02 1907.36 1725.76 1687.06 1324.68 1419.01 1394.98
threshold=4.8466784954071054 0.37250000238418585 98852.460937500015 -26.14581203460693 14322.500000000002 -608842.49999999988 -457652.49999999994 -382772.49999999994 -477777.49999999994 -4.6649811267852774 -656412.49999999988 15.248707771301271 1.0000000180025095e-35 24497.500000000004 1.0000000180025095e-35 -0.4514957964420318 -484217.49999999994 0.55595308542251598 5184.8549804687509 9427.5000000000018 8.3814148902893084 0.24825246632099154 0.0095380414277315157 -7.6123788356780997 0.024404753930866722 0.036605065688490875 -343932.49999999994 -0.05451125651597976 0.037500841543078429 0.082292746752500548
decision_type=2 2 2 2 2 2 2 2 2 2 2 2 2 2 2 2 2 2 2 2 2 2 2 2 2 2 2 2 2 2
left_child=1 5 -3 -4 18 9 8 22 12 -1 -11 15 16 27 -15 -12 17 -7 19 21 -21 -5 -8 24 26 -26 -9 29 -29 -6
right_child=-2 2 3 4 13 6 7 23 -10 10 11 -13 -14 14 -16 -17 -18 -19 -20 20 -22 -23 -24 -25 25 -27 -28 28 -30 -31
leaf_value=0.016946575718740819 0.0069002911746686192 -0.02879660405682943 0.017742437298747488 0.0049797926062808669 -0.015034457451714601 0.0061195314091117212 0.042808689384019633 -0.026881843035417415 -0.031745666019014199 -0.0026259387244701188 -0.029305617137604153 -0.017714164714780205 -0.02324442436566259 -0.013255387563823221 0.017839292762745828 0.031406878878768058 0.048571419924860498 -0.011917499875149763 0.031003892314262579 0.01898340497837913 -0.0044967921575309842 0.00048615290996446197 0.010665943846759963 -0.0034881482534531356 0.010308969186619709 -0.0053314573764257807 -0.00037314268521652602 0.0091590757584840091 -0.015983461978810943 0.055906102657136608
leaf_weight=33715.007090315223 923864.00291576982 6481.7935952544212 27792.777129456401 747533.96307422221 36193.435803413391 34293.979396998882 3652.8586865365505 6257.3986205905676 9789.9125298261642 52250.620481163263 1239.5773590356112 3801.4209830462933 11660.067632496357 6278.8634743839502 15410.788528978825 12721.657669663429 1613.1691711694002 33557.608644887805 5276.5389027148485 42415.080528348684 18073.694970801473 236468.19548636675 47399.738630533218 186445.47672668099 88003.259726658463 22056.386927470565 146487.21639528871 17503.197822660208 8258.9683485478163 705.51566481590271
leaf_count=97897 2301976 24205 78575 2237014 122442 101287 8972 21776 35522 166788 4317 12880 45379 21209 44519 34060 3779 107743 13582 118250 56712 738165 138193 592039 261238 70072 457782 53797 28508 1729
internal_value=0.00421091 0.00287747 0.00406272 0.00424606 0.0039153 0.000884738 -0.000194797 0.00115603 -0.00762835 0.00703772 0.00226585 0.0166552 -0.00471752 -0.00337477 0.00883737 0.0260143 -0.00160731 -0.00280108 0.00450108 0.00436715 0.0119676 0.00389992 0.0129667 -0.000186146 0.00215643 0.0071745 -0.00145931 -0.00760205 0.00109825 -0.0136764
internal_weight=2.7872e+06 1.86334e+06 1.16839e+06 1.16191e+06 1.13412e+06 694945 591217 500302 90914.7 103728 70013.3 17762.7 81124.8 84350.8 21689.7 13961.2 69464.8 67851.6 1.04977e+06 1.04449e+06 60488.8 984002 51052.6 449250 262804 110060 152745 62661.1 25762.2 36899
internal_count=8000407 5698431 3538707 3514502 3435927 2159724 1843782 1550072 293710 315942 218045 51257 258188 272204 65728 38377 212809 209030 3163723 3150141 174962 2975179 147165 1402907 810868 331310 479558 206476 82305 124171
is_linear=0
shrinkage=0.05


Tree=49
num_leaves=31
num_cat=0
split_feature=79 86 77 79 77 87 55 55 55 30 100 94 55 55 39 35 51 79 30 41 37 26 54 77 79 37 37 104 104 55
split_gain=3624.2 1802.55 2649.08 1428.35 1428.17 1416.13 1361.24 2575.35 1411.59 1391.8 1190.19 1810.81 1955.07 1139.72 1134.29 1306.12 1057.62 1046.44 943.335 1110.68 954.363 878.938 1107.78 870.723 892.451 822.396 1066.36 783.281 1090.91 1724.22
threshold=5.5216758251190194 6.0000000000000009 1.2470506429672243 2.5478429794311528 0.84770509600639354 1.0000000180025095e-35 -414397.49999999994 -443802.49999999994 -455172.49999999994 0.69749999046325695 139067.23437500003 3032.7565917968755 -414397.49999999994 -216512.49999999997 5.165482997894288 14.229878902435305 -552.49999999999989 3.3710188865661626 0.53750002384185802 0.99848270416259777 -4.2501602172851554 -0.69646063446998585 1682.5000000000002 0.84770509600639354 6.407212734222413 4.8751423358917245 13.888517856597902 8.4131526947021502 8.2867631912231463 14322.500000000002
decision_type=2 2 2 2 2 2 2 2 2 2 2 2 2 2 2 2 2 2 2 2 2 2 2 2 2 2 2 2 2 2
left_child=1 17 4 -4 -3 10 7 8 -7 -9 18 12 -12 -13 16 -16 -8 27 19 -5 -20 -6 25 -2 -25 -23 -27 28 -1 -30
right_child=23 2 3 5 21 6 14 9 -10 -11 11 13 -14 -15 15 -17 -18 -19 20 -21 -22 22 -24 24 -26 26 -28 -29 29 -31
leaf_value=0.00037268052208556636 0.0099802214864006724 0.0041922057602206816 0.0039200830831134089 0.0078428331633078815 0.0037665592121411736 0.0060960881511675658 -0.013979655991035856 0.044691055781380599 -0.030794818683945055 0.0013668979640358569 0.0027939899482640222 -0.0080546530210612588 0.045583972921588695 0.001358582645373554 -0.016673284044114275 0.028717064250722048 0.002921432016741398 -0.0052690336127153119 -0.036928321572391939 -0.015777683138041128 -0.00012649933383863376 -0.055714752290218932 0.012711485080008725 0.0075915263243831813 0.0041601927916427904 0.017400738923348983 -0.033942667030186641 -0.0089707553575008106 0.014214864060379329 -0.0078604364874198529
leaf_weight=251499.61858043075 156260.75958035886 218906.12269279361 573772.68043835461 5765.207453712821 42684.73466232419 82583.622394010425 10054.636840447783 6696.837131768465 2676.0913638174534 2563.6127712577581 6874.6948671340942 45266.605373695493 4363.3562681823969 111015.28814324737 15580.520167052746 1763.3592746704817 116450.6080918014 82143.332854568958 1845.8572138696909 36354.595992058516 38181.397768288851 852.36009252071381 144655.10693594813 380156.32461297512 377861.66117227077 2678.0467045009136 1623.5028150677681 18321.736823007464 35212.122657462955 11811.702442273498
leaf_count=795596 382000 571908 1616458 22643 109917 242520 34116 15232 9491 7535 25858 185164 12378 434771 52169 4898 359144 327736 8551 157372 153577 3075 353495 936401 960911 6479 5068 62055 103632 40257
internal_value=0.00400129 0.00274116 0.00354855 0.00222878 0.00695481 0.00024035 0.00299681 0.00765804 0.00493777 0.0326994 -0.00239135 2.60879e-05 0.0194109 -0.00136794 -6.59838e-05 -0.0120568 0.00157799 -0.000240016 -0.00732117 -0.0125444 -0.00182462 0.0100964 0.0118999 0.00658168 0.00588107 -0.0108765 -0.00197966 0.00106377 0.00167968 0.00866971
internal_weight=2.78648e+06 1.8722e+06 1.47321e+06 1.06181e+06 411400 488036 238369 94520.2 85259.7 9260.45 249667 167520 11238.1 156282 143849 17343.9 126505 398989 82147.1 42119.8 40027.3 192494 149809 914279 758018 5153.91 4301.55 316845 298523 47023.8
internal_count=8000407 5721095 4391819 3341877 1049942 1725419 725105 274778 252011 22767 1000314 658171 38236 619935 450327 57067 393260 1329276 342143 180015 162128 478034 368117 2279312 1897312 14622 11547 1001540 939485 143889
is_linear=0
shrinkage=0.05


Tree=50
num_leaves=31
num_cat=0
split_feature=79 30 104 54 54 37 36 55 54 55 54 22 39 54 87 39 54 55 48 39 25 25 49 25 87 25 55 25 55 36
split_gain=3314.86 1739.66 2293.6 2028.24 3471.43 2459.42 2299.25 1923.09 1916.38 2006.44 4304.28 1981.93 1931.67 1968.22 1847.45 1795.83 1781.71 3614.69 1615.56 1608.13 1982.41 1954.15 1598.34 1576.57 2613.59 1531.26 2962.47 2896.36 1912.01 1655.56
threshold=4.8466784954071054 0.3275000005960465 7.6002125740051278 2482.5000000000005 777.50000000000011 3.9889371395111088 -26.14581203460693 7772.5000000000009 609590.00000000012 -443802.49999999994 397757.50000000006 1.5000000000000002 -4.6649811267852774 659562.50000000012 1.0000000180025095e-35 15.248707771301271 1352.5000000000002 5882.5000000000009 0.95032352209091198 0.31987264752388006 1.1764692068099978 1.6021302938461306 -0.49049438536167139 0.52920734882354747 1.0000000180025095e-35 2.5391438007354741 8167.5000000000009 2.2934081554412846 14322.500000000002 -16.138605117797848
decision_type=2 2 2 2 2 2 2 2 2 2 2 2 2 2 2 2 2 2 2 2 2 2 2 2 2 2 2 2 2 2
left_child=1 8 -3 4 7 14 -5 -4 9 19 22 18 -10 15 -6 -14 -7 -18 -12 20 23 -22 -11 24 -1 27 -27 29 -28 -8
right_child=-2 2 3 6 5 16 25 -9 12 10 11 -13 13 -15 -16 -17 17 -19 -20 -21 21 -23 -24 -25 -26 26 28 -29 -30 -31
leaf_value=-0.025460226697188549 0.0062805569722410781 -0.024615840362077538 0.031007678305328346 0.01789816316983335 -0.010401948549324155 -0.026248903624700604 -0.002149089671189213 0.0010191939616044172 0.017420274915954697 0.0063011960686399264 0.039201949007030959 0.0073687078141363941 0.0228601062988016 -0.0038996022046353489 -0.049853566666125601 -0.015570549688361468 -0.041104618381199075 0.012004461520915964 -0.03996348797348067 -0.014236705069372175 0.021987674777738369 -0.020912110772088717 -0.0019836867112032648 -0.022222745065265351 0.015629832211339286 0.0041846052896887765 0.033417700087205258 -0.013543880765189099 0.0061326017695892939 0.0045188052093108741
leaf_weight=5954.4970669597387 921282.4744386375 7112.9861455261707 7466.1481018215418 30455.7146551162 5252.2660556435585 7734.9844630658627 103569.7950219661 18821.400136634707 30374.034382253885 70207.238898217678 11698.733827725053 13974.648575410247 15496.308103561401 43071.208084180951 6823.4863092601299 3780.6844570189714 3958.647579446435 16784.099788978696 681.17546796798706 44708.846627473831 12871.889544263482 3343.1703731119633 340796.49529610574 12364.831774741411 11049.845124348998 63071.10269151628 18066.5281663239 24522.18684887886 9961.7617483586073 919958.55434191227
leaf_count=21731 2301206 26319 19657 85306 18390 27202 321885 58728 87479 208133 28213 41060 42911 138790 27505 12789 14365 49419 2393 149879 36431 11622 1077600 42253 31013 187973 46054 79729 30764 2774190
internal_value=0.00382702 0.00261431 0.00369321 0.00385609 -0.00461493 -0.013789 0.0043402 0.00953752 0.000451613 -0.000713319 0.000687611 0.0202755 0.00708085 0.00204353 -0.0326971 0.0153222 -0.00577009 0.00186713 0.0348428 -0.00749908 -0.000890572 0.0131417 -0.000568447 -0.00863829 0.00124017 0.0039777 0.0101955 0.00343722 0.0237208 0.00384408
internal_weight=2.78522e+06 1.86393e+06 1.24356e+06 1.23645e+06 66841 40553.5 1.16961e+06 26287.5 620374 527651 437358 26354.6 92722.2 62348.2 12075.8 19277 28477.7 20742.7 12379.9 90293.1 45584.2 16215.1 411004 29369.2 17004.3 1.13915e+06 91099.4 1.04805e+06 28028.3 1.02353e+06
internal_count=8000989 5699783 3767486 3741167 215266 136881 3525901 78385 1932297 1650328 1357399 71666 281969 194490 45895 55700 90986 63784 30606 292929 143050 48053 1285733 94997 52744 3440595 264791 3175804 76818 3096075
is_linear=0
shrinkage=0.05


Tree=51
num_leaves=31
num_cat=0
split_feature=80 86 77 80 77 87 55 55 42 55 46 90 42 53 55 90 55 80 35 25 94 55 22 104 42 104 84 25 37 90
split_gain=3004.41 1726.71 2318.3 1414.92 1298.67 1165.85 1241.88 2049.49 1494.16 1257.06 1105.47 1049.85 1497.55 1684.75 1137.27 1309.14 987.933 973.471 931.111 897.694 842.926 960.226 1211.11 1418.16 998.823 1011.35 821.189 803.014 1698.42 1407.86
threshold=5.5216758251190194 6.0000000000000009 1.5606444478034975 2.5599038600921635 0.84770509600639354 1.0000000180025095e-35 -414397.49999999994 -443802.49999999994 1.0035935044288637 -475472.49999999994 0.09022980555891992 2691.5864257812505 1.0001965761184695 1.0000000180025095e-35 -617742.49999999988 2712.619506835938 -337777.49999999994 4.1620335578918466 20.934859275817875 1.3883602619171145 2691.536499023438 -525607.49999999988 1.5000000000000002 7.7251734733581552 0.9879833757877351 7.7141261100769052 -1.0000000180025095e-35 1.4565114974975588 -1.0000000180025095e-35 2718.9565429687505
decision_type=2 2 2 2 2 2 2 2 2 2 2 2 2 2 2 2 2 2 2 2 2 2 2 2 2 2 2 2 2 2
left_child=1 17 4 -4 -3 11 7 9 -9 -7 16 12 13 -5 15 -13 -8 -1 -12 -14 21 24 -23 -24 -6 -26 -2 28 -22 -29
right_child=26 2 3 5 20 6 10 8 -10 -11 18 14 19 -15 -16 -17 -18 -19 -20 -21 27 22 23 -25 25 -27 -28 29 -30 -31
leaf_value=0.00047781110615949506 0.0030212665968634639 0.0038351884860249605 0.0036504236253251856 -0.020495040277246919 -0.072758910266002522 0.0065338797837754953 -0.025735964147311354 0.040662656915598616 -0.010922062188587154 -0.015392531313625306 0.0030594773012143982 -0.059435506184012513 -0.013353179904269633 0.0087691628338923029 -0.0013362266013470674 0.030696677673063662 -0.0034141445295440471 -0.0071623145800630093 0.052911778679444813 -0.043167881341627919 -0.023945960351111937 0.025912171615766078 -0.085142166440996106 0.004636011241606835 0.013347730653249214 0.03110351433598221 0.0067485933432208933 -0.075119108362546261 0.006475674349635788 0.013259255128376233
leaf_weight=351443.0453582108 185524.52598722279 218925.64178900421 599516.06907573342 6831.1691178977489 301.22102734446526 74916.870064303279 5421.6983383595943 6907.891519472003 1761.0845886766911 7160.5150220096111 71837.262342914939 440.71704570949078 26853.752699270844 17554.581402406096 177484.67545779049 4584.8116361647844 57725.145320400596 47303.709446638823 948.03078824281693 2786.2463638037443 4832.6666676700115 1262.919653147459 840.584656894207 921.10265223681927 27684.485800430179 11292.643454238772 726302.86675702035 453.38465264439583 90244.266734987497 54380.213364779949
leaf_count=1136853 474571 572347 1695105 30854 1100 218741 18820 15978 5400 24026 220543 2121 116419 68162 709472 16575 184878 191632 2338 13747 14285 2833 3181 2349 66346 24438 1804089 1644 228659 133483
internal_value=0.00363654 0.00249046 0.00328018 0.00204676 0.00646836 -2.8781e-05 0.00253359 0.00706306 0.0301827 0.00462077 -0.000490214 -0.00248439 -0.00860682 0.000570686 -0.000671989 0.0227812 -0.00533112 -0.000428547 0.00370959 -0.0161574 0.0094674 0.0157006 -0.0114419 -0.0382226 0.0177911 0.0184928 0.00599022 0.00770834 0.00492908 0.0125271
internal_weight=2.78444e+06 1.87262e+06 1.47387e+06 1.06273e+06 411139 463214 226678 90746.4 8668.98 82077.4 135932 236536 54025.7 24385.8 182510 5025.53 63146.8 398747 72785.3 29640 192213 42303 3024.61 1761.69 39278.4 38977.1 911827 149911 95076.9 54833.6
internal_count=8000989 5722329 4393844 3343179 1050665 1648074 690724 264145 21378 242767 426579 957350 229182 99016 728168 18696 203698 1328485 222881 130166 478318 100247 8363 5530 91884 90784 2278660 378071 242944 135127
is_linear=0
shrinkage=0.05


Tree=52
num_leaves=31
num_cat=0
split_feature=79 79 49 90 13 42 13 81 86 25 90 85 25 54 25 94 53 38 46 22 29 54 53 36 54 13 77 86 77 79
split_gain=2723.32 1620.66 923.591 1230.08 1568.59 1344.36 975.674 925.332 1275.24 1626.97 2450.07 2382.7 1798.99 1177.08 1274.98 1263.68 1252.55 1926.49 1123.78 1065.36 996.163 984.557 956.673 894.901 890.901 891.014 753.727 1176.39 791.272 748.001
threshold=4.8466784954071054 3.4584752321243291 0.9279436767101289 4789.3439941406259 0.082292746752500548 1.0026398301124575 0.0085381162352859991 1.0000000180025095e-35 6.0000000000000009 0.52920734882354747 4196.3198242187509 0.90000000596046459 0.52564337849617015 720102.50000000012 0.43787427246570593 2496.169555664063 0.87837970256805431 1.7475142478942873 0.06090796738862992 1.5000000000000002 0.12749999761581424 717542.50000000012 1.0000000180025095e-35 -25.124265670776364 977.50000000000011 0.055441003292799003 1.2470506429672243 6.0000000000000009 0.84770509600639354 6.407212734222413
decision_type=2 2 2 2 2 2 2 2 2 2 2 2 2 2 2 2 2 2 2 2 2 2 2 2 2 2 2 2 2 2
left_child=1 2 7 5 -5 6 -4 8 -1 10 11 -10 -12 14 16 -16 21 -18 20 -17 -11 -9 -15 -20 -8 -26 27 28 -3 -2
right_child=29 26 3 4 -6 -7 24 13 9 18 12 -13 -14 22 15 19 17 -19 23 -21 -22 -23 -24 -25 25 -27 -28 -29 -30 -31
leaf_value=0.0011449481455393432 0.0071320713790021546 -0.0099266478171644943 0.026319999990843803 -0.020102450853630542 0.064665263001876847 -0.0071475390835671814 0.040739824053482601 -0.020468828592198202 0.01718050371911212 0.0064817906723842649 -0.026443566847219185 0.0022624011913115589 0.07351277760642759 -0.045315018839056857 0.054753622449164478 0.0077271259094172234 -0.014471961884556947 0.048879354178903878 0.012281120759925995 -0.00043909082782568593 -0.004001328390816533 0.14132678545751473 -0.0072668757605988156 0.0044086869796656448 0.0027841578765328088 -0.027111866949203662 -0.0027496818863438346 0.0058643494860731891 0.0025706982635179416 0.0042787937675079681
leaf_weight=289227.16822469234 452669.7717628777 26040.45461705327 4523.9336674064398 11329.099281236529 572.37756231427193 39918.554283514619 1507.612887352705 13351.368249475956 76325.453569635749 33080.971679642797 6193.8373261988163 41223.13464076817 484.43410477042198 2333.2461927980185 1144.9102728515863 57817.293687239289 3128.3153813332319 1945.4824355095625 38404.12030813098 129149.64700302482 71942.524450033903 93.699716091156006 5656.5826915949583 601546.63720551133 99056.34760004282 2555.5893042087555 199622.61066582799 80951.501470074058 24657.555183112621 466361.98697221279
leaf_count=913305 1119279 107831 11849 37677 1170 125323 3827 47285 195552 92741 20398 122722 907 9927 2782 176069 10762 5170 103739 416015 210692 150 20090 1689617 296050 8620 763614 207749 98150 1181927
internal_value=0.00345673 0.00235836 0.00304386 -0.000557914 -0.0160202 0.000689249 0.00359553 0.00346217 0.00402087 0.00497782 0.0102752 0.011949 -0.0191822 0.000446532 0.00117472 0.00240708 -0.0113426 0.00982314 0.00409444 0.00208622 -0.000699211 -0.0193305 -0.0183829 0.00488115 0.0025983 0.00203195 -0.000812856 0.00212395 -0.00384839 0.00568419
internal_weight=2.78282e+06 1.86378e+06 1.53251e+06 159464 11901.5 147562 107643 1.37305e+06 1.15843e+06 869201 124227 117549 6678.27 214621 206631 188112 18518.9 5073.8 744974 186967 105023 13445.1 7989.83 639951 103120 101612 331272 131650 50698 919032
internal_count=8000989 5699783 4522439 484516 38847 445669 320346 4037923 3349673 2436368 339579 318274 21305 688250 658233 594866 63367 15932 2096789 592084 303433 47435 30017 1793356 308497 304670 1177344 413730 205981 2301206
is_linear=0
shrinkage=0.05


Tree=53
num_leaves=31
num_cat=0
split_feature=79 30 104 54 54 55 36 55 54 55 54 40 85 53 42 48 49 37 85 42 87 40 54 86 49 87 38 54 54 90
split_gain=2466.2 1664.03 2080.61 1808.22 3101.95 2291.21 2009.39 1737.16 1705.8 2009.66 3947.32 1881.36 1705.73 1671.04 1615.72 1468.93 1440.31 1427.26 1850.27 1387.27 1368.44 2442.2 2254.53 2136.61 1672.13 1352.12 1338.85 1320.45 1669 1179.48
threshold=5.5216758251190194 0.3275000005960465 7.6002125740051278 2482.5000000000005 777.50000000000011 32112.500000000004 -26.14581203460693 7772.5000000000009 609590.00000000012 -443802.49999999994 397757.50000000006 1.0000000180025095e-35 0.90000000596046459 1.0000000180025095e-35 1.0045605301856997 0.95032352209091198 -0.47136868536472315 3.9889371395111088 0.90000000596046459 1.0141565799713137 1.0000000180025095e-35 -0.56174489110708226 4107.5000000000009 6.0000000000000009 -0.88186877965927113 1.0000000180025095e-35 -13.49496269226074 384302.50000000006 103917.50000000001 2758.069946289063
decision_type=2 2 2 2 2 2 2 2 2 2 2 2 2 2 2 2 2 2 2 2 2 2 2 2 2 2 2 2 2 2
left_child=1 8 -3 4 7 17 20 -4 9 13 16 -12 -7 -1 -10 -13 27 18 -6 -18 22 23 -5 -22 -23 -21 -9 28 -11 -15
right_child=-2 2 3 6 5 12 -8 26 14 10 11 15 -14 29 -16 -17 19 -19 -20 25 21 24 -24 -25 -26 -27 -28 -29 -30 -31
leaf_value=-0.017672530438483481 0.0054211710535651833 -0.023740139787714221 0.029203117360875115 0.071997948204730225 -0.048047449611586607 0.049848704100788455 0.0035759668733694495 0.046427186376227308 0.0081364347229293931 0.0092080973334196983 0.0065402357089432402 0.037181821118254486 -0.027403699651614419 0.00088347460143643134 -0.016954072369182182 -0.038311737210303148 -0.0016746650180830469 -0.009917193868765193 -0.0088321941261183638 0.0012193705357918918 0.0058782738858288918 0.043753956053468962 -0.0049327391957838954 0.052168216056672038 -0.011064591406437514 -0.044456693211373355 -0.0030995893816121115 0.046137047074252605 -0.0083233572587979102 -0.014858078735966136
leaf_weight=28808.246062770486 909596.82773685455 7071.2389857620001 7499.8372299969196 1052.3757678717375 6812.4849146157503 2346.141169577837 1142231.8128689677 1479.2648938596249 88116.487684220076 51007.47321934998 14154.95032890141 11920.484637320042 1026.4204202741385 46734.917492896318 6919.2000750899315 680.31382076442242 333397.6774533391 25339.809911563993 5386.9474527537823 2843.0385268032551 3534.6521590054035 1836.3223556280136 9928.6072562336922 8460.7840537428856 5726.5763071924448 3765.2825899273157 17456.321810007095 1960.931094661355 18497.939249455929 15963.385231792927
leaf_count=97999 2278660 26319 19685 2259 27671 5385 3447467 3740 265068 148606 41589 28685 3543 145401 23553 2398 1052670 82873 18654 9248 11214 4268 32192 17686 17776 13812 55251 4701 58493 54123
internal_value=0.00328535 0.00224753 0.00330264 0.00345686 -0.00451035 -0.013136 0.0039144 0.00883863 0.000141281 -0.000965308 0.000441959 0.019051 0.0263347 -0.00770475 0.00630948 0.0331028 -0.000768116 -0.0166828 -0.0307336 -0.00212437 0.0165716 0.0245019 0.00244544 0.0385302 0.00224908 -0.0248079 0.00077147 0.00568421 0.00454221 -0.00312452
internal_weight=2.78156e+06 1.87196e+06 1.24719e+06 1.24012e+06 67347.2 40911.8 1.17277e+06 26435.4 624770 529735 438228 26755.7 3372.56 91506.5 95035.7 12600.8 411472 37539.2 12199.4 340006 30539.3 19558.3 10981 11995.4 7562.9 6608.32 18935.6 71466.3 69505.4 62698.3
internal_count=8000989 5722329 3775983 3749664 216802 138126 3532862 78676 1946346 1657725 1360202 72672 8928 297523 288621 31083 1287530 129198 46325 1075730 85395 50944 34451 28900 22044 23060 58991 211800 207099 199524
is_linear=0
shrinkage=0.05


Tree=54
num_leaves=31
num_cat=0
split_feature=79 79 81 86 55 94 25 55 54 55 30 85 22 49 85 77 22 90 100 48 35 24 37 90 25 25 24 90 90 52
split_gain=2235.47 1508.34 1251.66 1929.47 1412.55 2241.13 2088.37 1710.78 1641.26 1981.6 1654.97 1599.42 1545.65 1142.07 1114.51 1325.09 936.665 1465.33 1953.92 2129.11 1470.16 1241.76 1609.01 1110.53 1082.32 2573.05 1536.02 1125.71 1029.29 1086.33
threshold=4.8466784954071054 1.5036103129386904 1.0000000180025095e-35 6.0000000000000009 -635692.49999999988 2679.655639648438 1.997237026691437 -737592.49999999988 616127.50000000012 -608842.49999999988 0.14249999821186068 0.90000000596046459 1.0000000180025095e-35 -0.54643493890762318 0.90000000596046459 1.5606444478034975 1.5000000000000002 4722.9724121093759 307332.14062500006 0.16288578510284427 -11.81345224380493 60.378934860229499 -2.3415509462356563 2706.160034179688 2.3387008905410771 2.2274266481399541 31.535253524780277 4672.7949218750009 4326.8269042968759 352.50000000000006
decision_type=2 2 2 2 2 2 2 2 2 2 2 2 2 2 2 2 2 2 2 2 2 2 2 2 2 2 2 2 2 2
left_child=1 -1 3 -3 5 6 7 -5 9 -6 -11 12 -10 -13 -7 -16 17 18 21 -20 -19 22 -4 -23 25 -18 27 -26 -27 -30
right_child=-2 2 16 4 8 14 -8 -9 11 10 -12 13 -14 -15 15 -17 24 20 19 -21 -22 23 -24 -25 26 28 -28 -29 29 -31
leaf_value=0.0048106079363383425 0.0051430882920186511 -0.0012949005234382592 -0.010308143721203396 -0.0066411361258299608 0.032151193336214544 0.071098777612629366 0.042307770952484627 0.0088303850444798673 0.036555699800869805 -0.0025308081027471357 0.0035741833661944722 -0.02709042737897522 -0.03232062133204712 0.019201030818806256 0.063803052705863436 -0.063151500176685568 -0.0040511574581372847 0.065982290560116161 0.079985210550950203 -0.02883847395249986 -0.034019718948983139 -0.024806204196808023 0.015803798309010561 0.00021206168577552801 -0.0132300366478265 0.013277251595273543 -0.033186321924685451 0.032687423352822896 0.11089943510454255 0.022188684103493402
leaf_weight=408896.90003572404 916919.45096096396 330290.90703557432 7737.7425320893526 22097.773611888289 5677.0140906721354 2076.37555770576 4069.624784514308 93318.384321928024 895.44810739159584 134597.46836300194 633389.9716604054 1867.3994835466146 8924.0174312442541 4643.2378817349672 423.12426905333996 397.79847992956638 128695.21593101323 403.1769342571497 1645.8930917829275 617.48855948448181 4056.4884098768234 5549.4687803834677 24822.487917244434 22082.02507866919 4587.5226647406816 1346.4318669438362 7438.4893961548805 1881.3481016010046 835.20884820818901 588.92024089396
leaf_count=1097088 2301206 1135973 28390 69331 14154 3791 9542 263313 2094 413661 1863875 6668 29135 13927 742 1747 479681 929 3658 2368 16310 23078 80001 78217 17436 4633 30467 5826 1807 1941
internal_value=0.00312187 0.00212753 0.00137349 0.00197963 0.00316505 0.00816351 0.00710961 0.00586811 0.00239069 0.00272181 0.00250421 -0.0132954 -0.0260361 0.00592069 0.0516077 0.00227601 -0.00217466 0.00272058 0.00469796 0.0502944 -0.0249651 0.00298251 0.00959817 -0.00481311 -0.00442796 -0.00302463 -0.017692 0.000126399 0.0446408 0.0742597
internal_weight=2.78077e+06 1.86385e+06 1.45496e+06 1.24267e+06 912378 122383 119486 115416 789995 773664 767987 16330.1 9819.47 6510.64 2897.3 820.923 212288 66914.8 62455.1 2263.38 4459.67 60191.7 32560.2 27631.5 145373 131466 13907.4 6468.87 2770.56 1424.13
internal_count=8000989 5699783 4602695 3827953 2691980 348466 342186 332644 2343514 2291690 2277536 51824 31229 20595 6280 2489 774742 232951 215712 6026 17239 209686 108391 101295 541791 488062 53729 23262 8381 3748
is_linear=0
shrinkage=0.05


Tree=55
num_leaves=31
num_cat=0
split_feature=79 79 30 99 54 54 55 85 85 36 48 55 85 22 54 35 54 77 79 36 48 55 31 54 36 94 21 53 55 54
split_gain=1950.23 1476.41 844.404 1519.93 1182.52 1981.98 1664.62 1570.57 1077.39 1017.1 1011.73 968.46 952.421 1571.41 1384.31 855.687 852.389 816.207 807.352 807.212 1533.89 865.563 775.193 759.225 755.596 969.415 971.722 873.886 1350.94 1681.77
threshold=5.5216758251190194 3.4584752321243291 0.3575000017881394 98852.460937500015 2302.5000000000005 777.50000000000011 32112.500000000004 0.90000000596046459 0.90000000596046459 -26.14581203460693 -0.91959547996520985 7772.5000000000009 0.90000000596046459 2.5000000000000004 4107.5000000000009 -13.485929012298582 142.50000000000003 0.96901690959930431 6.407212734222413 -18.09620380401611 -0.31107263267040247 14322.500000000002 380.34997558593756 2482.5000000000005 -7.6123788356780997 4687.0700683593759 3.5000000000000004 0.6078576147556306 -284252.49999999994 715215.00000000012
decision_type=2 2 2 2 2 2 2 2 2 2 2 2 2 2 2 2 2 2 2 2 2 2 2 2 2 2 2 2 2 2
left_child=1 2 10 -4 5 11 8 -8 -7 12 -1 16 13 -6 -14 -13 -5 -2 -19 20 -11 -21 23 -3 27 26 -26 28 29 -12
right_child=17 22 3 4 9 6 7 -9 -10 19 24 15 14 -15 -16 -17 -18 18 -20 21 -22 -23 -24 -25 25 -27 -28 -29 -30 -31
leaf_value=-0.0046428783407938112 0.0081421146582887176 -0.010847876383049158 -0.022754421786992621 -0.016135425311376916 0.0014700287203369519 -0.023985633507249304 0.050376383885487534 -0.033094057239690555 -0.0038487487846638304 0.0077508169333242007 -0.0081230171523743646 0.041558278777330704 0.060136088570682235 0.035080416834158031 -0.0062282753053893927 -0.0022877539929143857 0.033835983577152014 0.005792500457268133 0.0025166911336466677 0.0046475715428837367 -0.0071698414677786376 -0.0026822073986829931 -0.00321885674948847 0.0025306947196401981 -0.0063566369582220179 -0.010980338594308522 0.0025938478988440147 0.0066531479783505758 0.0051320600852314191 0.013276264070924748
leaf_weight=67334.044495105743 154810.09736846387 11423.766490578651 5461.6812859326601 1031.5226393193007 5657.2507291287184 16011.874918222427 1893.3096055537462 801.31692460179329 11353.060989245772 28568.056303471327 53440.968261927366 1210.887405693531 878.98492501676083 9026.9679741710424 7339.5741360485554 13599.442387670279 4922.1818793863058 376388.22071456909 375992.21997648478 791631.83664770424 43378.171366900206 42434.544305130839 180206.30354067683 147690.37143456936 38387.263105109334 19624.957591310143 144351.95394854248 126903.9969907701 85694.982517883182 11084.925355300307
leaf_count=206736 381658 43020 19980 3159 16195 55420 4124 2736 36419 81577 167171 2940 1842 21324 22957 41521 12049 935895 960786 2294747 132993 131081 645724 511494 119980 62975 429238 368272 253004 32178
internal_value=0.00293326 0.00201094 0.00267189 0.00354642 0.00369307 -0.00373316 -0.0119394 0.0255494 -0.0156319 0.00409939 0.00109626 0.00814663 0.0145054 0.022133 0.000875319 0.00129931 0.025176 0.0048358 0.00415547 0.00383632 -0.00124512 0.00427465 -0.000973219 0.00157007 0.00190222 -0.000420479 0.000713605 0.00359833 0.00101761 -0.0044466
internal_weight=2.77853e+06 1.87134e+06 1.53202e+06 985201 979739 50823.6 30059.6 2694.63 27364.9 928915 546823 20764 22902.8 14684.2 8218.56 14810.3 5953.7 907191 752380 906013 71946.2 834066 339320 159114 479489 202364 182739 277125 150221 64525.9
internal_count=7999195 5720856 4520618 2881064 2861084 158368 98699 6860 91839 2702716 1639554 59669 62318 37519 24799 44461 15208 2278339 1896681 2640398 214570 2425828 1200238 554514 1432818 612193 549218 820625 452353 199349
is_linear=0
shrinkage=0.05


Tree=56
num_leaves=31
num_cat=0
split_feature=79 79 94 90 49 49 25 85 53 31 39 37 65 87 54 54 7 30 30 54 54 77 79 25 25 31 54 25 41 39
split_gain=1766.03 1332.05 866.285 1229.23 1542.91 1088.07 1213.99 1196.69 1058.06 793.796 1058.49 967.838 947.197 1038.91 1667.22 902.419 809.103 774.584 763.306 751.956 741.723 739.602 731.537 721.402 901.903 700.05 686.614 719.338 662.52 654.878
threshold=5.5216758251190194 3.4584752321243291 5184.8549804687509 4990.8000488281259 0.5464349389076234 -0.74455857276916493 2.9390091896057133 0.90000000596046459 0.87837970256805431 397.08212280273443 -5.7175881862640372 -3.5691387653350826 0.52747833728790294 1.0000000180025095e-35 2302.5000000000005 749052.50000000012 -0.001939131994731724 0.12749999761581424 0.47249999642372137 10502.500000000002 746567.50000000012 0.96901690959930431 6.407212734222413 1.7581230998039248 1.318364202976227 380.34997558593756 2482.5000000000005 2.9390091896057133 0.992842197418213 -0.46694116294383997
decision_type=2 2 2 2 2 2 2 2 2 2 2 2 2 2 2 2 2 2 2 2 2 2 2 2 2 2 2 2 2 2
left_child=1 2 3 9 5 23 8 -8 -7 12 11 16 13 20 -15 29 -11 -13 -6 -20 -1 -2 -23 24 -5 26 -3 -28 -17 -14
right_child=21 25 -4 4 18 6 7 -9 -10 10 -12 17 15 14 -16 28 -18 -19 19 -21 -22 22 -24 -25 -26 -27 27 -29 -30 -31
leaf_value=0.002694833676014446 0.0077497160246110114 -0.010337735413929145 0.015210154147089103 -0.020330687529439631 -0.02844870022585538 0.0075213136418738023 0.0058577235067302086 0.070572278363677396 -0.018517691222716733 -0.020833552665972158 0.00058486014516935514 0.00032671088022823429 0.004576903168628522 -0.011501421179958782 0.0084791207851948793 0.056994266527008543 0.0081411803008010469 0.008243944308396289 -0.013485100282930821 0.035014443955270577 -0.026665609459062864 0.0055114440785694451 0.0023917630179113663 -0.035029711139479246 0.010896497145978323 -0.0030603581271416826 0.0012909863531542205 0.013349537992717792 -0.028451582824448519 -2.125969452703024e-06
leaf_weight=146815.69440597296 154523.8856125176 11389.082685500383 13367.547479450703 4956.9291579276323 8702.9355035126209 18385.428118944168 1510.4416715353727 1355.0527916103601 4950.9002439081669 6327.7657537609339 593585.74975065887 42501.021319046617 147773.42661324143 10934.74695494771 230494.20431935787 242.00233961641788 3889.4939956516027 113124.317309618 4146.6820606589317 988.93778036534786 2182.043926358223 375818.09101141989 375853.47637596726 2723.2618386894464 4331.9928641468287 180066.115217641 134154.88682462275 13622.682478740811 3423.048254519701 165561.10865947604
leaf_count=443504 381658 43020 37472 16311 30234 53964 4338 2851 16253 21033 1771402 128075 428971 35330 644698 639 11224 324421 13649 2623 7994 935895 960786 9436 12336 645724 468718 42776 12114 491746
internal_value=0.00278741 0.00191012 0.00253776 0.00242622 -0.0051245 5.57871e-05 0.00576849 0.036476 0.00199626 0.00269417 0.00157155 0.00510307 0.00389931 0.00554789 0.0075741 0.00186884 -0.00980328 0.00608181 -0.0194288 -0.00413984 0.00226465 0.00459922 0.00395154 -0.0124042 -0.0057674 -0.000924876 0.00149098 0.0024027 -0.0227942 0.00215741
internal_weight=2.7777e+06 1.87151e+06 1.53227e+06 1.51891e+06 52052.6 38214 26201.8 2865.49 23336.3 1.46685e+06 759428 165843 707426 390427 241429 317000 10217.3 155625 13838.6 5135.62 148998 906195 751672 12012.2 9288.92 339233 159167 147778 3665.05 313335
internal_count=7999195 5720856 4520618 4483146 161995 115489 77406 7189 70217 4321151 2256155 484753 2064996 1131526 680028 933470 32257 452496 46506 16272 451498 2278339 1896681 38083 28647 1200238 554514 511494 12753 920717
is_linear=0
shrinkage=0.05


Tree=57
num_leaves=31
num_cat=0
split_feature=79 79 30 94 36 54 43 54 54 22 94 49 39 54 6 54 54 37 25 25 39 22 54 48 54 49 54 42 54 49
split_gain=1599.1 1272.97 1101.37 1674.85 1473.33 1406.51 1894.62 1862.58 2921.87 1969.47 1942.25 1922.12 1613.92 1661.57 1305.9 1217.41 2437.65 1462.79 1370.31 2281.86 1202.19 1360.35 1347.11 1186.23 1149.29 1123.7 1105.23 1085.03 1025.5 1015.86
threshold=5.5216758251190194 1.5036103129386904 0.42750000953674322 2398.0166015625005 -26.14581203460693 609590.00000000012 1.0027573108673098 458772.50000000006 397757.50000000006 1.5000000000000002 2840.8249511718755 -0.31107263267040247 2.351532101631165 726662.50000000012 -0.0046686972491443149 2302.5000000000005 777.50000000000011 4.9992439746856698 2.5391438007354741 2.2934081554412846 -3.2315807342529292 1.5000000000000002 479075.00000000006 0.20576497167348864 4107.5000000000009 -0.88186877965927113 427102.50000000006 1.0045605301856997 607.50000000000011 0.86046862602233898
decision_type=2 2 2 2 2 2 2 2 2 2 2 2 2 2 2 2 2 2 2 2 2 2 2 2 2 2 2 2 2 2
left_child=1 -1 5 14 28 7 12 8 29 26 20 -12 13 -7 -4 16 -6 -18 19 -17 21 -9 -22 -11 -20 -15 -10 -14 -5 -3
right_child=-2 2 3 4 15 6 -8 10 9 23 11 -13 27 25 -16 18 17 -19 24 -21 22 -23 -24 -25 -26 -27 -28 -29 -30 -31
leaf_value=0.0042814022440824124 0.0043740254594653279 -0.00015004646923748159 0.025730859776034523 -0.057881943176955657 0.0086412197358600503 0.019351941891680741 -0.02115573426437449 0.014682725470865875 0.040476408079949552 -0.0074024852480625907 0.089563553196312512 -0.036075141146422615 0.0021104058312907555 0.041465924617244215 -0.030758619737834527 0.0024478959160793719 -0.032810082731200021 -0.0072704612037981335 0.028543642202283594 -0.016206234979913931 0.037311722403334822 -0.0079108369447061701 -0.012084566638829184 0.015440756866576531 0.0072315861660042918 -0.0084908962018667121 0.013815776873362703 -0.033960834016983667 0.018613472201479783 -0.0062563422963558771
leaf_weight=408691.68789239228 905239.10825245082 318053.82022885978 1225.7240744531155 448.41579730808735 16694.041405722499 33148.651427030563 6455.0082174390554 12510.671166881919 7516.4713256955147 11786.968488693237 315.50226090848446 8002.9106763899326 45179.641160473228 1267.3381474018097 6165.1047491878271 688219.2267806977 8550.6824554502964 16283.68600076437 7066.905994951725 16792.784427076578 1421.9351728409529 14249.189573273063 45999.961195036769 10972.753535941243 60289.997413262725 10003.986017808318 8054.9661016613245 2184.6213575154543 17478.738432794809 86671.467052459717
leaf_count=1096792 2278339 1018945 3767 1856 50959 94779 22873 36781 18059 38331 611 30950 142964 3300 24100 2145925 34370 54401 19235 56761 3684 47793 156000 31841 180133 34230 23244 8261 49533 290378
internal_value=0.00264874 0.0018143 0.00112512 0.00230788 0.00251844 -0.000466088 0.00502532 -0.00149258 -0.000208118 0.0129856 -0.00839049 -0.0312991 0.00686685 0.0137132 -0.0213873 0.00220612 -0.00613332 -0.0160651 0.00265453 0.00200354 -0.00582116 0.00265199 -0.0106026 0.00361051 0.00946805 -0.00287017 0.0266872 0.000445875 0.0166967 -0.00145773
internal_weight=2.77694e+06 1.8717e+06 1.46301e+06 839215 831824 623796 98239.2 525557 443056 38331.2 82500.2 8318.41 91784.2 44420 7390.83 813897 41528.4 24834.4 772369 705012 74181.8 26759.9 47421.9 22759.7 67356.9 11271.3 15571.4 47364.3 17927.2 404725
internal_count=7999195 5720856 4624064 2621040 2593173 2003024 306407 1696617 1420798 111475 275819 31561 283534 132309 27867 2541784 139730 88771 2402054 2202686 244258 84574 159684 70172 199368 37530 41303 151225 51389 1309323
is_linear=0
shrinkage=0.05


Tree=58
num_leaves=31
num_cat=0
split_feature=86 77 55 79 87 35 55 55 54 42 12 38 53 99 48 25 55 24 25 22 25 62 36 54 55 90 55 42 46 22
split_gain=1531.99 2262.46 1362.01 1153.88 1201.02 1711.73 1649.15 3075.66 2440.93 2434.17 2001.06 1763.42 1637.72 2018 2223.69 2160.96 2468.52 1853.07 1900.54 1882.66 1751.22 1626.16 1505.57 1416.71 1409.29 1300.26 1114.23 1101.75 1232.65 2193.13
threshold=6.0000000000000009 2.3664708137512211 -726327.49999999988 4.6630313396453866 1.0000000180025095e-35 -32.787258148193352 -414397.49999999994 -443802.49999999994 445252.50000000006 1.0035935044288637 0.020350741222500805 13.261388301849367 0.6078576147556306 366081.21875000006 0.82531082630157482 2.3387008905410771 -525607.49999999988 64.246021270751967 1.7921176552772524 1.5000000000000002 1.9206761717796328 23.82600021362305 25.229186058044437 124055.00000000001 29562.500000000004 3024.5693359375005 14322.500000000002 1.0078324079513552 0.074658837169408812 1.0000000180025095e-35
decision_type=2 2 2 2 2 2 2 2 2 2 2 2 2 2 2 2 2 2 2 2 2 2 2 2 2 2 2 2 2 2
left_child=2 -2 -1 4 12 -6 7 8 -7 -9 25 -12 13 15 -15 16 -3 18 19 -14 -20 23 -17 -19 -23 -8 27 28 -4 -30
right_child=1 3 26 -5 5 6 10 9 -10 -11 11 -13 17 14 -16 22 -18 21 20 -21 -22 24 -24 -25 -26 -27 -28 -29 29 -31
leaf_value=-0.011828926771270577 0.0052852289781698467 -0.013505244923119315 -0.0007119741189714799 0.003982411981614406 -0.050402881813785994 -0.082969203069026706 -0.044333241076252562 0.036886559903878693 0.0049607027007565908 -0.010274773451762052 0.0022879321250802507 0.020704334496239929 0.0098423893549062537 0.0055750034583261516 0.077661378173371168 -0.022938736693134454 -1.7153900158784358e-05 -0.022433513646332521 0.044133534282753545 -0.0041953188711326998 0.011598169110986266 0.0027532436781638686 0.04448505946910878 -0.0036979340202404096 0.094763664737456732 -0.0040389094188337596 -0.0067498181114369034 -0.0066072558526070252 -0.018486533431074842 0.0050583093209512348
leaf_weight=22204.280100226402 786345.89366798103 44379.499422997236 229206.53347896039 453212.31816650927 1519.1609349548817 792.38015224039555 2038.370755314827 13216.194093629718 151972.41455073655 3449.5691314339638 196574.7592368573 13917.811338916421 47913.841792702675 3636.3921321332455 1514.9471028894186 20014.267274960876 143941.51915551722 15300.895267248154 5182.6210080981255 47623.317295819521 20473.206343382597 40499.423053130507 862.74794584512711 29626.967043727636 419.49210524559021 109617.72545683384 45394.374048233032 39887.469110518694 10258.169877380133 275096.14218610525
leaf_count=74967 2102831 167539 705265 1141635 5537 3217 7209 29797 428314 10220 571464 37420 150383 11996 3498 74925 487232 55844 13823 162447 63132 135312 2540 102324 835 331383 147235 125131 33656 812084
internal_value=0.00251695 0.00314814 0.000331207 0.00191944 0.000897037 0.0025721 0.00273592 0.00672925 0.00450404 0.0271245 0.000635651 0.00350574 -0.00106307 -0.00412654 0.0267867 -0.0048879 -0.00319582 0.00210854 0.00608972 0.00284486 0.0181722 -0.00351177 -0.0201502 -0.0100791 0.00369893 -0.00477495 0.000781364 0.00139798 0.00201855 0.00421182
internal_weight=2.77609e+06 2.15405e+06 622047 1.3677e+06 914488 493098 491579 169431 152765 16665.8 322149 210493 421389 214349 5151.34 209198 188321 207040 121193 95537.2 25655.8 85846.8 20877 44927.9 40918.9 111656 599843 554448 514561 285354
internal_count=7999195 6100857 1898338 3998026 2856391 1424561 1419024 471548 431531 40017 947476 608884 1431830 747730 15494 732236 654771 684100 389785 312830 76955 294315 77465 158168 136147 338592 1823371 1676136 1551005 845740
is_linear=0
shrinkage=0.05


Tree=59
num_leaves=31
num_cat=0
split_feature=86 77 55 25 55 37 22 50 54 54 73 55 55 77 55 99 104 94 54 55 77 87 54 94 55 46 54 90 38 104
split_gain=1383.66 2043.34 1231.25 1012.68 1006.21 969.748 961.808 1442.43 1286.49 1620.42 1271.33 1189.31 1344.86 1189.78 1611.91 1108.51 1668.08 1395.36 989.717 972.246 918.46 1995.79 1628.59 1374.17 1227.45 1475.47 1182.47 1103.66 1073.38 1099.61
threshold=6.0000000000000009 2.3664708137512211 -726327.49999999988 2.0182205438613896 14322.500000000002 -4.5827810764312735 1.5000000000000002 -587.49999999999989 277117.50000000006 316897.50000000006 1.4820768833160403 -133132.49999999997 -3917.4999999999995 1.5606444478034975 -164282.49999999997 305721.39062500006 8.2867631912231463 3024.5419921875005 325852.50000000006 7207.5000000000009 4.2621526718139657 1.0000000180025095e-35 720102.50000000012 2691.536499023438 -525607.49999999988 0.071267001330852522 524272.50000000006 2491.143920898438 -32.930110931396477 7.7159750461578378
decision_type=2 2 2 2 2 2 2 2 2 2 2 2 2 2 2 2 2 2 2 2 2 2 2 2 2 2 2 2 2 2
left_child=2 -2 3 -1 6 -6 7 -4 11 -10 -11 13 -13 14 -8 16 17 -9 -12 -14 -3 22 27 24 28 26 -26 -22 -23 -30
right_child=1 20 4 -5 5 -7 8 15 9 10 18 12 19 -15 -16 -17 -18 -19 -20 -21 21 23 -24 -25 25 -27 -28 -29 29 -31
leaf_value=-0.014327647973275057 0.0050232743738741203 0.00089115293349005444 -0.0011803354657223559 0.025937600327657448 -0.025543291280242381 -0.0036228250257764973 0.007646872472274112 0.014962058606933113 -0.01845904510172584 -0.010597927941867914 0.02389981501550471 -0.0066123456109085854 0.0087016253720798905 -0.0012662441861411447 0.030394609703295796 -0.010399255324788513 0.031673866755814441 0.0021378946112850291 -0.00030340545736995904 -0.0015690544957377565 0.057745533026038104 -0.076962776708721273 -0.022214790290318392 0.0046737420563821791 0.012112616102055648 -0.070541043867547087 -0.098165018698927062 0.00069149621871592969 0.011981385435154483 0.028880288703905729
leaf_weight=20476.50511944294 785994.05269818008 900602.60342406482 67875.714482173324 1689.4500935971737 5781.9539425075054 39574.75454287231 31736.694527179003 37362.349540069699 15735.828302413225 32082.731258615851 4366.5114745944738 48746.101159259677 46902.018101006746 21336.216263338923 10319.877769067883 7402.569421350956 7906.7539262324572 49070.018570587039 128368.42612668872 45290.752734139562 850.13476277887821 310.007268846035 7892.5283024311066 196735.79325293005 2904.2047760784626 871.54273776710033 264.27681131660938 205388.14271850884 38495.190101057291 12837.785279616714
leaf_count=70093 2102831 2666012 207966 4874 20597 126638 93755 104936 51996 105493 12067 152732 136882 65331 27109 23376 20089 145482 390701 138221 1860 1158 28956 525099 7375 3127 1051 636923 97030 29435
internal_value=0.00239176 0.00299184 0.000314582 -0.0112574 0.000742217 -0.0064178 0.0013279 0.00446474 -5.44799e-05 -0.00312968 -0.00166599 0.00266284 0.000104474 0.00835058 0.0132294 0.0082308 0.00969281 0.0076816 0.000492932 0.00365602 0.00182393 0.0036245 7.38889e-05 0.0066365 0.0135709 -0.0129673 0.00288493 0.000926982 0.0156473 0.0162082
internal_weight=2.77517e+06 2.15315e+06 622025 22166 599859 45356.7 554503 169617 384885 180553 164818 204332 140939 63392.8 42056.6 101742 94339.1 86432.4 132735 92192.8 1.36715e+06 466550 214131 252419 55683 4040.02 3168.48 206238 51643 51333
internal_count=7999195 6100857 1898338 74967 1823371 147235 1676136 501849 1174287 560257 508261 614030 427835 186195 120864 293883 270507 250418 402768 275103 3998026 1332014 667739 664275 139176 11553 8426 638783 127623 126465
is_linear=0
shrinkage=0.05


Tree=60
num_leaves=31
num_cat=0
split_feature=79 79 45 25 55 54 40 49 30 46 28 94 25 37 31 55 54 54 90 90 94 49 6 55 54 55 55 55 25 54
split_gain=1368.89 1271.2 968.618 1516.91 1116.19 1109.71 1082.07 1787.1 1656.96 1490.28 1249.37 1176.78 1807.23 1066.57 1012.17 1167.49 1392.08 1042.29 948.88 1302.6 1097.02 921.536 875.557 974.313 875.164 867.38 2884.82 2210.01 2241 1957.41
threshold=4.8466784954071054 1.4728745818138125 1.0020413398742678 0.73161095380783092 19762.500000000004 14432.500000000002 -0.56174489110708226 0.50938662886619579 0.95749998092651378 0.18434411287307742 0.72499999403953563 4044.807250976563 1.2627160549163821 9.6184239387512225 312.50674438476568 27427.500000000004 10747.500000000002 4807.5000000000009 4169.1550292968759 2910.329956054688 4558.4348144531259 -0.05451125651597976 0.002497560810297728 23772.500000000004 8857.5000000000018 9862.5000000000018 7207.5000000000009 8167.5000000000009 2.9390091896057133 1682.5000000000002
decision_type=2 2 2 2 2 2 2 2 2 2 2 2 2 2 2 2 2 2 2 2 2 2 2 2 2 2 2 2 2 2
left_child=1 -1 4 13 25 14 8 18 11 -9 -10 12 -5 21 15 16 -6 -17 19 -8 -20 -4 -15 -24 -13 26 29 28 -28 -3
right_child=-2 2 3 6 5 -7 7 9 10 -11 -12 24 -14 22 -16 17 -18 -19 20 -21 -22 -23 23 -25 -26 -27 27 -29 -30 -31
leaf_value=0.0040281173959093525 0.0038914767349362621 0.025947212133824574 -0.030816709042991299 -0.00084240497621220303 -0.015422101491705692 -0.070254191822605547 0.013012321099871774 -0.0029717470271821388 -0.021796960498483366 -0.033921819472599445 0.01573006173347281 -0.0071481891082727546 -0.018567428641889438 -0.018261500723833667 -0.013704064048573498 0.010072530792236533 0.013575775193682372 0.069941949696439049 0.023501524739218679 -0.0010365514463096203 0.0050664111777213045 0.022833716417825615 -0.0040763263202073328 -0.068169755556240039 0.0062606700096598565 0.0071514665083373943 -0.031218925783728049 -0.0013137425270894241 0.008730206036949446 0.001892920633827832
leaf_weight=399267.61836360395 911815.99780623615 8532.2557911276817 985.22972150146961 26190.139313399792 13109.103852003813 657.92002329230309 23326.702242225409 30969.117247402668 2578.1790737360716 4447.1945036947727 15833.408337876201 22971.592373013496 31893.362376391888 23103.83776243031 19648.693639189005 9262.1305909156799 6047.0722480863333 788.00198109447956 14421.194889903069 56364.513288393617 18324.930286601186 4247.128709807992 29825.82563623786 603.98826038837433 25873.841033175588 72718.958538740873 16366.997939497232 29060.872874826193 4468.2501208633184 951759.35501285642
leaf_count=1071372 2301467 24481 3487 84218 47813 2813 69216 102200 8876 16550 46361 76344 110344 80176 69231 28682 18444 1827 40123 178179 56986 12345 98070 2659 79566 224614 59924 91678 13322 2978849
internal_value=0.00230397 0.00152725 0.000845379 -0.0015297 0.00154162 -0.00579954 3.78864e-05 0.00293519 -0.00337977 -0.00685911 0.010474 -0.0057653 -0.0105754 -0.00881713 -0.00493002 0.000972853 -0.00626779 0.0147737 0.00602034 0.00307579 0.0131857 0.0127267 -0.0109231 -0.00535085 -4.53174e-05 0.00187729 0.00149761 -0.0102241 -0.0226513 0.00210668
internal_weight=2.77546e+06 1.86365e+06 1.46438e+06 331960 1.13242e+06 49512.9 273194 147854 125341 35416.3 18411.6 106929 58083.5 58766 48855 29206.3 19156.2 10050.1 112437 79691.2 32746.1 5232.36 53533.7 30429.8 48845.4 1.08291e+06 1.01019e+06 49896.1 20835.2 960292
internal_count=8000217 5698750 4627378 1065700 3561678 168810 868963 463254 405709 118750 55237 350472 194562 196737 165997 96766 66257 30509 344504 247395 97109 15832 180905 100729 155910 3392868 3168254 164924 73246 3003330
is_linear=0
shrinkage=0.05


Tree=61
num_leaves=31
num_cat=0
split_feature=86 77 54 79 87 104 25 38 38 50 25 39 13 54 54 49 90 94 54 54 13 54 54 99 54 54 38 99 53 22
split_gain=1263.51 1831.38 1140.19 936.929 1024.69 1531.48 2766.35 2977.64 2330.49 2522.98 2154.66 3458.26 2004 2172.86 1886.39 1665.84 1510.59 2697.47 2284.83 2003.35 1381.96 1330.12 1217.16 4152.99 1584.8 1188.11 1179.91 1136.39 962.91 903.77
threshold=6.0000000000000009 2.3664708137512211 686167.50000000012 4.6630313396453866 1.0000000180025095e-35 8.3094987869262713 2.5971509218215947 -26.603343009948727 -7.5094816684722892 72.500000000000014 0.62730306386947643 -2.9821376800537105 0.082292746752500548 1352.5000000000002 717542.50000000012 0.94331136345863353 2919.160034179688 3032.7565917968755 413247.50000000006 406727.50000000006 0.0095380414277315157 458772.50000000006 216087.50000000003 222246.02343750003 245360.00000000003 720102.50000000012 -16.823585510253903 329494.56250000006 0.87837970256805431 2.5000000000000004
decision_type=2 2 2 2 2 2 2 2 2 2 2 2 2 2 2 2 2 2 2 2 2 2 2 2 2 2 2 2 2 2
left_child=2 -2 -1 4 16 6 10 -8 9 27 11 -6 13 -10 -12 -9 20 18 19 -18 29 26 23 -19 -24 -23 -22 -7 -20 -3
right_child=1 3 -4 -5 5 8 7 15 12 -11 14 -13 -14 -15 -16 -17 17 22 28 -21 21 25 24 -25 -26 -27 -28 -29 -30 -31
leaf_value=0.00080557422635707055 0.004686986242884046 -0.014026882220871881 -0.0074207010970827256 0.0035185410770474006 0.018523743783568976 -0.02098193894681159 -0.058791448620219192 0.026201865725255392 -0.031283769236872809 0.049932982017710043 -0.0011731389244952024 0.00097066595858622006 0.047677498799729039 0.00073302954023729788 0.015941754218222054 -0.01736794787766523 0.018673132380485305 0.016960279219166468 0.01303120207904904 0.075347429959466194 0.051070198001360735 -0.0010902600214849601 -0.023664151650834166 -0.0016263545510183464 -0.0028289984300204378 -0.015990683975296294 -0.029118261089581893 -0.056424540193099726 -0.026321565459324986 -0.057607261947826886
leaf_weight=576897.04376998544 785437.70122087002 2941.9819675534964 45438.776593506336 452408.53661066294 47330.272654086351 7973.8962673246861 1182.9736772179604 24176.066207811236 5763.6837700754404 1052.0256422460079 246294.07609623671 68920.000778093934 2101.3939004540443 65632.372617080808 17224.970148831606 2411.9337551891804 3485.9639998078346 36504.351635962725 8851.1785121262074 2821.9811102747917 487.36832799017429 93632.056295797229 10619.990651413798 170053.65788690746 64886.12113045156 15607.663444578648 7574.2896651923656 3157.8373620212078 1884.5240057557821 1997.7669338434935
leaf_count=1751020 2102989 10878 148301 1142023 125880 26452 4447 61741 19944 2511 720037 199240 4852 193493 46068 7733 10032 111186 27654 5575 1326 327223 39916 570370 221334 61894 28647 11782 6889 8780
internal_value=0.0021892 0.00276291 0.000204928 0.00165737 0.000736704 0.00228359 0.0035611 0.0187945 -0.00379276 -0.0240451 0.00244709 0.00811739 -0.000435151 -0.00185196 -5.43456e-05 0.0222487 -0.00107403 0.000839848 0.0201557 0.0440362 -0.00575706 -0.0046659 -0.000327355 0.00165845 -0.00575982 -0.00321934 -0.0242641 -0.0310409 0.00612102 -0.0316611
internal_weight=2.77475e+06 2.15242e+06 622336 1.36698e+06 914570 493222 407540 27771 85681.2 12183.8 379769 116250 73497.5 71396.1 263519 26588 421349 299108 17043.6 6307.95 122241 117301 282064 206558 75506.1 109240 8061.66 11131.7 10735.7 4939.75
internal_count=8000217 6100896 1899321 3997907 2855884 1424180 1165146 73921 259034 40745 1091225 325120 218289 213437 766105 69474 1431704 992956 50150 15607 438748 419090 942806 681556 261250 389117 29973 38234 34543 19658
is_linear=0
shrinkage=0.05


Tree=62
num_leaves=31
num_cat=0
split_feature=90 100 87 37 38 37 54 50 35 25 94 48 50 104 30 85 25 50 50 39 79 79 104 77 25 30 54 39 54 42
split_gain=1194.2 1588.24 1762.52 2020.26 1890.69 1651.03 1773.83 1977.99 1759.83 1487.41 1603.52 1907.5 1405.8 1177.85 1330.25 1372.44 1724.95 1157.74 1635.28 1134.15 1114.51 1077.34 1004.71 975.22 964.072 907.535 1304.79 1928.53 1668.96 901.55
threshold=5184.8300781250009 354529.60937500006 1.0000000180025095e-35 28.9063835144043 -11.426255226135252 -2.0708961486816402 11257.500000000002 97.500000000000014 -1.6382113695144651 1.6221304535865786 5126.4748535156259 0.66746801137924205 -767.49999999999989 7.6002125740051278 0.52749997377395641 0.90000000596046459 1.4122610688209536 -337.49999999999994 67.500000000000014 -12.775535106658934 5.5216758251190194 1.4728745818138125 8.4837203025817889 1.5606444478034975 1.1764692068099978 0.37250000238418585 609590.00000000012 -4.9302642345428458 458772.50000000006 0.99175503849983226
decision_type=2 2 2 2 2 2 2 2 2 2 2 2 2 2 2 2 2 2 2 2 2 2 2 2 2 2 2 2 2 2
left_child=1 13 4 5 -3 23 7 12 -9 10 17 24 -7 14 19 -16 29 -6 -19 -1 21 -15 -13 -4 -12 26 28 -28 -23 -17
right_child=-2 2 3 -5 9 6 -8 8 -10 -11 11 22 -14 20 15 16 -18 18 -20 -21 -22 25 -24 -25 -26 -27 27 -29 -30 -31
leaf_value=-0.041106176397359119 0.013203360003327835 0.049125453506436004 -0.016072673098369392 -0.062751044518413096 0.029901150597714407 -0.027756890932660039 -0.048923997531000706 0.079465762737605694 -0.030850840610026183 -0.014360101226969506 -0.02226755503123326 0.071020489086796992 0.0068659990418581431 0.0039180624159606331 -0.046906354411071029 0.10536223540696044 -0.043861104529593013 -0.043296386079653658 0.0074812172586739825 0.0049030444910094784 0.0037468010720180158 -0.00040663256254650122 0.01496231371396912 -0.073225522357406356 0.020497391180121061 0.0019086398621219515 0.016479726398760535 -6.72431331964875e-06 -0.0085697520773545168 0.013588541603948094
leaf_weight=1515.8607218265533 23921.431498527527 2146.4852065145969 1459.9322054833174 1866.7329446077347 1679.9683961123228 3344.8054327517748 2331.6055022329092 378.43493704497814 7669.6492005437613 10565.474010720849 2008.2402039319277 2373.2289618551731 23692.413310974836 381637.16000327468 3956.4196398705244 336.18518477678299 1347.7838561311364 3032.9348333328962 3320.584190890193 11449.726607657969 864266.44528831542 372356.25106650591 1206.2803645282984 1528.2663424313068 3828.8736010491848 880452.61560501158 25525.369638621807 58137.401055127382 75271.066622301936 1299.6602245122194
leaf_count=5407 65575 4882 4822 7031 4299 11333 8411 701 26200 33916 6746 4951 66675 1022461 14762 623 5418 10736 9762 33850 2181182 1192512 3381 6181 10464 2742147 73553 185891 252325 4020
internal_value=0.00208022 0.00198346 -0.00532216 -0.0119103 0.00391103 -0.00955986 -0.00670279 -0.00389551 -0.0256537 0.000445004 0.00940961 0.0234082 0.00258171 0.00218109 -0.00993591 -0.0276012 -0.00199304 -0.00699933 -0.0167603 -0.000478455 0.00227186 0.00156104 0.05214 -0.045319 0.0057821 0.000923865 -0.000708094 0.00502334 -0.00177933 0.032505
internal_weight=2.77391e+06 2.74999e+06 72433.9 42271.8 30162.1 40405.1 37416.9 35085.3 8048.08 28015.6 17450.1 9416.62 27037.2 2.67755e+06 19905.6 6940.05 2983.63 8033.49 6353.52 12965.6 2.65765e+06 1.79338e+06 3579.51 2988.2 5837.11 1.41174e+06 531290 83662.8 447627 1635.85
internal_count=8000217 7934642 220491 131354 89137 124323 113320 104909 26901 84255 50339 25542 78008 7714151 64080 24823 10061 24797 20498 39257 7650071 5468889 8332 11003 17210 4446428 1704281 259444 1444837 4643
is_linear=0
shrinkage=0.05


Tree=63
num_leaves=31
num_cat=0
split_feature=86 77 55 54 38 104 55 94 94 77 54 42 25 94 55 42 37 77 87 54 55 94 25 38 25 100 39 42 36 54
split_gain=1126.78 1660.17 1083.1 957.843 902.869 846.272 846.004 946.847 2009.49 2358.32 1445.48 1059.29 1008.68 1025.87 926.956 899.794 871.723 825.513 1807.21 1642.73 2121.86 1435.09 1307.39 1060.39 1325.14 977.988 914.494 1619.42 892.825 1484.97
threshold=6.0000000000000009 2.3664708137512211 -685682.49999999988 677322.50000000012 -2.0070477724075313 7.6002125740051278 14322.500000000002 4360.1445312500009 4841.5100097656259 1.5606444478034975 1352.5000000000002 1.0078324079513552 3.0152827501297002 4936.5300292968759 13727.500000000002 0.99204003810882579 -4.5827810764312735 4.2621526718139657 1.0000000180025095e-35 650307.50000000012 -665332.49999999988 2685.769653320313 1.9714748263359072 -11.111951828002928 2.4716013669967656 329474.51562500006 6.3795323371887216 1.0008050799369814 -5.4018282890319815 456500.00000000006
decision_type=2 2 2 2 2 2 2 2 2 2 2 2 2 2 2 2 2 2 2 2 2 2 2 2 2 2 2 2 2 2
left_child=2 -2 -1 6 -5 -3 7 11 9 10 -9 14 -10 -14 15 -4 -8 -7 21 23 22 26 -21 25 -25 -20 27 -19 -23 -30
right_child=1 5 3 4 -6 17 16 8 12 -11 -12 -13 13 -15 -16 -17 -18 18 19 20 -22 28 -24 24 -26 -27 -28 -29 29 -31
leaf_value=-0.0072953451415163836 0.0043513636911901767 -0.013281182068774672 -0.0080195281319510783 0.053478709542343621 0.0074431807908062631 0.00068285431350108446 -0.024198266043910469 0.055339989988334462 -0.011503718100792796 -0.0030683279024804433 0.015120777536266339 -0.0097611929611711792 -0.0086382326640230371 0.031186727998937566 0.066266269588660789 0.0012702345348493316 -0.003399333958413249 0.0070153077303361068 -0.0050563810604134117 0.0095264351022178815 0.052388810882942408 0.0048648127076137701 0.06408927032229321 0.0044527047500559618 0.018933671533096261 -0.06139760344628236 -0.019571379340785969 -0.018058129921647469 -0.0056891623548845464 0.013520902325138457
leaf_weight=45828.076886415482 784845.67413285375 9658.545542486012 27971.544002577662 1609.7967981100082 3145.8514605462551 893445.28673326969 5770.6638161987066 2365.581462264061 19762.255717530847 21172.980336651206 39971.341654032469 25591.756095141172 3237.9837861657143 3228.2219964116812 537.73562268912792 382416.15249410272 39630.86851875484 15531.929910615087 14160.336494341493 22987.042388319969 3786.3543351441622 101739.72305035591 1152.0322947800159 190292.53378921747 17227.977579906583 813.58543574810028 12990.324896112084 10999.379484131932 59279.311727210879 12115.112065494061
leaf_count=149832 2102989 32003 87208 3797 9438 2643790 20640 5552 64268 64468 111211 81558 10240 8343 1125 1154794 126847 47974 39839 58300 7437 306841 2074 505928 42763 2919 45747 38614 187440 36238
internal_value=0.00197663 0.00251869 0.000102753 0.000690964 0.0230353 0.00146584 0.000505032 0.00107001 0.00574758 0.0105558 0.0173694 0.000108385 -0.00589494 0.0112452 0.00072308 0.000637025 -0.00604352 0.00157086 0.00328413 0.00616253 0.0175932 -0.00010541 0.0121332 0.00472776 0.005655 -0.00812183 -0.00870226 -0.00337977 0.00185702 -0.00242914
internal_weight=2.77327e+06 2.15103e+06 622241 576413 4755.65 1.36618e+06 571657 526256 89738.4 63509.9 42336.9 436517 26228.5 6466.21 410925 410388 45401.5 1.35652e+06 463076 250420 27925.4 212656 24139.1 222494 207521 14973.9 39521.6 26531.3 173134 71394.4
internal_count=8000217 6100896 1899321 1749489 13235 3997907 1736254 1588767 264082 181231 116763 1324685 82851 18583 1243127 1242002 147487 3965904 1322114 659260 67811 662854 60374 591449 548691 42758 132335 86588 530519 223678
is_linear=0
shrinkage=0.05


Tree=64
num_leaves=31
num_cat=0
split_feature=79 79 81 90 90 55 85 55 22 55 55 53 26 48 35 85 36 49 49 29 77 49 49 31 46 85 25 85 79 55
split_gain=1087.02 1096.59 787.555 730.633 917.003 842.979 1028.18 1351.73 1107.3 875.098 924.83 840.419 909.322 1016.68 824.453 798.185 1198.16 762.791 985.646 707.739 788.512 664.244 975.111 872.601 802.057 813.447 678.888 620.305 615.584 589.392
threshold=4.8466784954071054 3.0790755748748784 1.0000000180025095e-35 5184.8300781250009 5032.3100585937509 20912.500000000004 0.90000000596046459 1687.5000000000002 2.5000000000000004 7022.5000000000009 20372.500000000004 0.87837970256805431 1.2145145535469057 0.47136868536472326 -8.8226356506347638 0.90000000596046459 -10.382286071777342 0.61734244227409374 -0.86046862602233876 0.84750002622604381 1.5606444478034975 0.61734244227409374 -0.74455857276916493 397.08212280273443 0.13496974110603335 0.90000000596046459 2.2274266481399541 0.90000000596046459 6.407212734222413 14322.500000000002
decision_type=2 2 2 2 2 2 2 2 2 2 2 2 2 2 2 2 2 2 2 2 2 2 2 2 2 2 2 2 2 2
left_child=1 3 29 4 -1 6 7 -5 19 14 -11 21 13 27 -9 16 -7 18 -17 20 -8 22 26 -24 -23 -26 -6 -13 -2 -3
right_child=28 2 -4 5 11 15 8 9 -10 10 -12 12 -14 -15 -16 17 -18 -19 -20 -21 -22 24 23 -25 25 -27 -28 -29 -30 -31
leaf_value=0.0020587880273201095 0.0046203739266150491 0.00035854656527850842 -0.0064325188256338641 -0.067213126506666457 -0.006101187111127432 0.039592179940068251 0.031837332277562407 -0.072161855547964643 0.02924646771691641 -0.020748602859141319 0.066937634075634744 -0.041691990246622151 -0.063039025000399582 0.010365154093343553 0.061622853411773662 -0.039084841866222159 -0.03868795360214549 -0.039798320409207645 0.053352934897604148 0.03746604302683481 -0.075206859413154525 -0.035666057454080836 0.017157138380214172 -0.010036654381618187 -0.021962208208137178 0.025657302909106689 -0.048966699346375188 -0.0068145254317518826 0.002018005979510479 -0.0070715388528739881
leaf_weight=1286753.6450136527 446313.74425800145 442687.27129901946 54606.315901264548 290.27519354224205 6612.9549109041691 636.65058317780495 217.04820272326469 118.43336737155914 1478.6742309182882 876.24305309355259 456.53896777331829 2946.6833634227514 1039.3261511176825 2895.4465008229017 3336.7462633103132 361.51011015474796 2094.0041378587484 428.16334857046604 1411.5490895360708 274.13899737596512 818.72681337594986 2841.4285624176264 10928.775143235922 4039.4898661971092 1957.6894823163748 1653.2015103399754 1072.8159036487341 2247.8536749184132 462986.91664075851 28401.93160033226
leaf_count=3715950 1119123 1472751 251476 1073 20399 1572 479 439 3862 2842 947 10684 4125 8422 6619 1271 7458 1561 3354 673 3329 10284 30615 12796 6738 4627 4002 7225 1182344 103177
internal_value=0.00187811 0.00118656 -0.000748323 0.00194689 0.00183204 0.0138356 0.0239948 0.0373876 -0.000397332 0.0437429 0.00931187 -0.0057985 -0.0190337 -0.0133726 0.0570161 -0.0023699 -0.0204273 0.0200275 0.0344915 -0.0338608 -0.0527617 -0.00164654 0.00238452 0.00981783 -0.0157985 -0.000157756 -0.0120908 -0.0266045 0.00329534 -8.94162e-05
internal_weight=2.77278e+06 1.86348e+06 525696 1.33779e+06 1.32499e+06 12798.7 7866.83 5078.24 2788.59 4787.96 1332.78 38235.7 9129.31 8089.98 3455.18 4931.88 2730.65 2201.22 1773.06 1309.91 1035.78 29106.4 22654 14968.3 6452.32 3610.89 7685.77 5194.54 909301 471089
internal_count=8000217 5698750 1827404 3871346 3835867 35479 20263 11920 8343 10847 3789 119917 30456 26331 7058 15216 9030 6186 4625 4481 3808 89461 67812 43411 21649 11365 24401 17909 2301467 1575928
is_linear=0
shrinkage=0.05


Tree=65
num_leaves=31
num_cat=0
split_feature=94 90 87 49 38 26 38 49 36 11 54 53 54 94 54 45 9 49 36 86 31 65 87 54 46 22 99 54 54 94
split_gain=1044.83 1359.93 1480.76 1916.34 2259.45 2607.71 1677.11 1823.97 1573.74 1479.81 1455.25 1417.3 1724.94 1342.52 2312.98 1274.54 1183.79 1140.6 1112.49 1725.67 1034.87 1317.43 1634.17 3544.61 2130.44 1739.19 1733.58 1530.93 1444.41 1261.72
threshold=5184.8549804687509 5032.3100585937509 1.0000000180025095e-35 0.24825246632099154 7.8827278614044198 -0.10499340295791625 -11.426255226135252 -0.69930991530418385 0.14981732517480853 0.090510379523038878 11257.500000000002 1.0000000180025095e-35 7477.5000000000009 5126.4748535156259 607.50000000000011 1.0045195221900942 0.39113542437553411 -0.74455857276916493 -7.4195833206176749 6.0000000000000009 397.08212280273443 0.47765444219112402 1.0000000180025095e-35 2302.5000000000005 0.21488393843173983 1.0000000180025095e-35 260432.37500000003 749052.50000000012 749052.50000000012 4908.6718750000009
decision_type=2 2 2 2 2 2 2 2 2 2 2 2 2 2 2 2 2 2 2 2 2 2 2 2 2 2 2 2 2 2
left_child=1 20 6 4 5 11 7 -3 10 18 -7 12 -4 -8 -15 17 -9 -16 19 -5 21 22 27 -24 25 -25 -26 29 -23 -1
right_child=-2 2 3 9 -6 8 13 16 -10 -11 -12 -13 -14 14 15 -17 -18 -19 -20 -21 -22 28 23 24 26 -27 -28 -29 -30 -31
leaf_value=0.0022892777118509815 0.012155565554170607 -0.067987324573122385 0.039118039484455948 -0.013396591234269672 -0.046576495938679172 0.028541490316844921 -0.010098380108521304 -0.022298174091139947 -0.039784307692680793 0.077798000029623837 -0.060347814872054831 -0.026581403576189364 -0.019658636130390969 0.064588059314826959 -0.018927458450326538 -0.034630451349213547 0.082891712415192748 0.021089850416639477 -0.01552175022397771 -0.065644319583827992 0.00090286449857090003 0.0014576805920983552 -0.014303692111123034 -0.0080651983778260699 -0.00022259957730125235 0.0073045406744810032 0.03090571690897741 -0.03818498882573066 -0.021110845503486235 -0.018301251359991451
leaf_weight=252011.7932832092 23946.701749294996 301.41668646037579 2291.3647564947605 2742.076259970665 2725.7990765422583 10071.631619513035 14992.788342252374 323.71180936694145 1046.232488065958 336.18845649063587 481.55055868625641 8217.2228357046843 2739.5477070510387 1791.7615430653095 2388.8954672366381 1838.5491713732481 1526.3718081265688 6984.0904592722654 7850.9701820015907 3732.2748463004827 1388962.0513134822 605587.2260119617 19750.342720627785 19426.874111160636 6165.2947793006897 349805.54640197754 16288.095009431243 2429.6799111887813 7172.5973378643394 7665.1951360702515
leaf_count=742002 65663 1161 5365 9469 9689 25342 47305 1061 3621 620 1801 27504 8577 3792 7745 6451 2694 19055 25456 14214 4034921 1741289 62535 57552 17404 960720 39034 9116 24015 24572
internal_value=0.00175689 0.00166626 -0.00509628 -0.0111383 -0.00337145 0.00136966 0.00336812 0.045898 0.0186798 -0.0257435 0.0244796 -0.0137861 0.00711308 9.7991e-05 0.0118547 0.00342166 0.0644817 0.0108892 -0.0281791 -0.0435221 0.00184923 0.00287112 0.00439737 0.00636309 0.00740524 0.00649584 0.0223586 0.00131168 0.00119346 0.0016814
internal_weight=2.77159e+06 2.74765e+06 72382.4 42234.9 27573.3 24847.5 30147.6 2151.5 11599.4 14661.5 10553.2 13248.1 5030.91 27996.1 13003.3 11211.5 1850.08 9372.99 14325.3 6474.35 2.67526e+06 1.2863e+06 673543 411436 391686 369232 22453.4 262107 612760 259677
internal_count=7999745 7934082 220922 131658 81899 72210 89264 4916 30764 49759 27143 41446 13942 84348 37043 33251 3755 26800 49139 23683 7713160 3678239 1912935 1137245 1074710 1018272 56438 775690 1765304 766574
is_linear=0
shrinkage=0.05


Tree=66
num_leaves=31
num_cat=0
split_feature=86 77 55 22 94 94 77 38 37 12 45 49 54 46 38 54 54 54 55 13 13 28 73 49 36 79 79 87 38 53
split_gain=1052.38 1456.62 941.705 818.803 1371.9 3526.24 2703.88 1072.15 1487.39 1245.46 1058.25 1005.04 1052.04 978.824 971.543 1196.28 2409.63 1031.83 941.346 893.281 850.318 807.576 784.764 777.548 751.515 742.878 742.727 899.781 1444.02 1418.79
threshold=6.0000000000000009 2.3664708137512211 -726327.49999999988 1.5000000000000002 3024.5419921875005 2984.1674804687505 1.5606444478034975 5.3476808071136483 -3.9066495895385738 0.013927428983151914 1.001752555370331 0.65106672048568737 316897.50000000006 0.074658837169408812 0.19287435710430148 506307.50000000006 497222.50000000006 659562.50000000012 27427.500000000004 0.036835856735706336 0.033027224242687232 0.075000001117587103 1.9531008601188662 -0.79989895224571217 -0.1796048507094383 5.5597002506256112 4.6630313396453866 1.0000000180025095e-35 -32.930110931396477 0.6078576147556306
decision_type=2 2 2 2 2 2 2 2 2 2 2 2 2 2 2 2 2 2 2 2 2 2 2 2 2 2 2 2 2 2
left_child=2 -2 22 4 5 14 20 8 9 -6 13 12 -10 -5 17 16 -16 23 -13 -11 25 24 -1 -4 -15 -7 27 29 -29 -3
right_child=1 26 3 10 7 6 -8 -9 11 19 -12 18 -14 21 15 -17 -18 -19 -20 -21 -22 -23 -24 -25 -26 -27 -28 28 -30 -31
leaf_value=-0.022084398988779723 0.0039108259403100405 -0.0041651439656702535 0.032149199896840917 -0.0028901991243512545 0.030652215764608776 0.09030461354487633 -0.011511895624820145 -0.0074108089703172498 0.011744771453023682 -0.02668936994560266 -0.0053316728621924702 -0.0057902821954536228 -0.01148129590859443 -0.0029391755700218726 0.0017533794525960687 -0.0065764537470452732 0.061206916592054864 0.029221641968381236 0.057363420319193142 0.0017086200081413796 -0.019605714927699639 0.0051828669077920997 -0.0027627150575797424 0.00165708837409464 0.025814073894589853 0.041285704500194427 0.0028676020272050532 -0.046549400140088404 0.0019873763334835566 0.001641304539623999
leaf_weight=8597.1587156206369 784059.98300261796 213972.95042247325 2465.3424805700779 127663.88022579253 1523.4145960360765 2551.9517757147551 1404.5823255926371 35269.199505791068 47706.524557009339 8309.0298409759998 105185.43937817216 19127.291203528643 5429.4880028814077 59424.531985089183 8388.8300885260105 22577.187245264649 2137.8469606637955 7046.0495751649141 607.82863137125969 4152.5163202136755 251.01084616780281 121332.56867198646 13519.159866929054 13730.736608639359 2361.8385935425758 1113.0420818030834 450931.01756866276 1536.1729950159788 492132.78117187321 206961.24323989451
leaf_count=30999 2103370 747152 6202 397494 4148 5057 4325 110441 135479 28780 329885 60222 16921 182483 25048 69736 4783 18585 1459 12619 796 359290 44064 41148 6353 2277 1141881 5670 1419326 683752
internal_value=0.0016691 0.00219315 -0.000142352 0.000231279 0.00301059 0.00908972 0.0479952 -5.90412e-05 0.00292625 -0.0120089 -0.000996729 0.0057927 0.00937124 0.000470444 0.00541511 -8.6139e-05 0.0138329 0.0132505 -0.00384213 -0.0172266 0.0693378 0.00281339 -0.0102744 0.00630056 -0.00183958 0.0754345 0.00120689 0.000388093 0.00183624 -0.00131027
internal_weight=2.77147e+06 2.14959e+06 621876 599760 183792 61666.6 5320.59 122125 86856.1 13985 415968 72871.1 53136 310783 56346 33103.9 10526.7 23242.1 19735.1 12461.5 3916 183119 22116.3 16196.1 61786.4 3664.99 1.36553e+06 914603 493669 420934
internal_count=7999745 6101151 1898594 1823531 548026 177957 12455 370069 259628 45547 1275505 214081 152400 945620 165502 99567 29831 65935 61681 41399 8130 548126 75063 47350 188836 7334 3997781 2855900 1424996 1430904
is_linear=0
shrinkage=0.05


Tree=67
num_leaves=31
num_cat=0
split_feature=79 79 55 90 49 54 54 55 53 54 99 22 55 54 25 48 48 104 90 38 37 25 46 25 54 54 46 54 54 11
split_gain=956.292 1043.12 787.076 1071.29 901.844 1679.53 1253.33 2435.56 1869.75 1217.01 1059.16 970.471 802.427 2484.64 1337.25 1589.52 889.488 760.335 741.153 1095.4 811.229 918.53 754.025 885.541 1152.69 933.887 711.196 670.459 614.425 573.991
threshold=4.8466784954071054 2.8426212072372441 14322.500000000002 5184.8300781250009 0.58244305849075328 110617.50000000001 163947.50000000003 -234527.49999999997 0.6078576147556306 4807.5000000000009 346298.84375000006 1.5000000000000002 -264057.49999999994 256725.00000000003 0.52920734882354747 0.5464349389076234 -0.91959547996520985 7.7415733337402353 4503.4677734375009 10.937521457672121 3.8382912874221806 0.74431604146957409 0.22995076328516009 0.78210642933845531 1832.5000000000002 292.50000000000006 0.078261770308017745 10982.500000000002 2482.5000000000005 0.045463688671588905
decision_type=2 2 2 2 2 2 2 2 2 2 2 2 2 2 2 2 2 2 2 2 2 2 2 2 2 2 2 2 2 2
left_child=1 -1 3 4 12 9 8 -8 -7 10 -6 -11 14 26 17 -16 -15 -3 19 22 28 -22 23 24 -4 -25 -14 -5 -20 -23
right_child=-2 2 18 27 5 6 7 -9 -10 11 -12 -13 13 16 15 -17 -18 -19 20 -21 21 29 -24 25 -26 -27 -28 -29 -30 -31
leaf_value=0.0018313890865131997 0.0029169516887226524 0.012035355811409115 -0.042621704195369099 0.037444225460555668 0.015530984416048322 0.033614795881872044 0.00072865730898079577 -0.023513560352858027 -0.0093143571083099379 -0.0047788121651433542 -0.020845611287160382 -0.021252047910522487 -0.0021961876601477499 -0.018563757502866027 -0.0003232775477427707 -0.010769864381648805 0.05758226187366583 -0.0020311801373016679 -0.042049007335961952 -0.037830027958911133 -0.033356665366438186 0.0023786031546887882 0.057140619924501104 0.048554038646836002 0.035691068557517767 -0.006731870980291957 0.0041516326902680681 -0.053241112037806251 -0.014480939026571807 -0.024034984107682129
leaf_weight=1186275.1661458313 907537.49473640323 26623.956880882382 552.38135240972042 2629.2264111489058 6698.239076808095 6258.0092334747314 97357.740211695433 11593.662596136332 4263.7397612780333 14045.932863727212 2852.2785096764565 24604.048524111509 61331.385968416929 445.53537425398827 147256.15810982883 48374.555912867188 2731.6327885836363 15028.161800950766 3266.9469498246908 1720.7951348870993 2688.4244875609875 13231.532601118088 639.93168400228024 808.27596190571785 3115.3003947287798 13603.387028023601 157262.65726535022 220.02509939670563 5304.4217826277018 2434.2944625467062
leaf_count=3361091 2301304 86125 2449 6879 22472 18823 339435 44842 15342 49438 11593 96468 211512 1670 503078 174612 7100 51225 15661 7469 11632 47018 1649 2169 9252 49294 518822 874 20797 9650
internal_value=0.00158599 0.000937697 -0.000628404 -0.000160753 -0.000299851 -0.00343816 -0.000259584 -0.00185114 0.0162189 -0.0113165 0.00466548 -0.0152659 0.000846437 0.00300876 -0.00117452 -0.00290652 0.0469002 0.00696008 -0.00684411 0.000334197 -0.0122934 -0.00636153 0.0038446 0.00195481 0.0238868 -0.00362767 0.00237059 0.0304233 -0.0249927 -0.00172673
internal_weight=2.77076e+06 1.86322e+06 676943 629577 626728 167674 119473 108951 10521.7 48200.5 9550.52 38650 459054 221771 237283 195631 3177.17 41652.1 47365.7 20440.1 26925.6 18354.3 18719.3 18079.3 3667.68 14411.7 218594 2849.25 8571.37 15665.8
internal_count=7999745 5698441 2337350 2160310 2152557 598413 418442 384277 34165 179971 34065 145906 1554144 739104 815040 677690 8770 137350 177040 72282 104758 68300 64813 63164 11701 51463 730334 7753 36458 56668
is_linear=0
shrinkage=0.05


Tree=68
num_leaves=31
num_cat=0
split_feature=86 77 54 55 55 25 55 53 54 54 26 54 90 13 55 46 90 49 55 25 6 22 49 25 25 85 77 79 55 94
split_gain=952.836 1345.11 1186.95 3127.31 2082.79 1980.43 1503.88 2553.62 2325.26 1494.84 1412.15 1415.53 1367.54 1277.46 1219.98 1185.29 1058.15 917.864 850.335 856.356 849.601 855.05 840.246 1117.76 937.369 781.683 1034.88 1210.22 741.547 876.549
threshold=6.0000000000000009 1.5606444478034975 650307.50000000012 -665332.49999999988 -644622.49999999988 1.9576467275619509 -635692.49999999988 0.87837970256805431 616127.50000000012 665857.50000000012 -0.69646063446998585 1682.5000000000002 2617.1777343750005 0.0085381162352859991 -667792.49999999988 0.058860380202531822 2573.7055664062505 -0.56457334756851185 -726327.49999999988 2.0182205438613896 0.003684684401378036 1.0000000180025095e-35 -0.74455857276916493 0.97525641322135936 1.3297770023345949 0.90000000596046459 0.96901690959930431 5.6950502395629892 14322.500000000002 4360.1445312500009
decision_type=2 2 2 2 2 2 2 2 2 2 2 2 2 2 2 2 2 2 2 2 2 2 2 2 2 2 2 2 2 2
left_child=18 2 4 5 12 9 7 -6 10 -4 16 -12 15 -11 -15 17 -8 -2 19 22 21 -10 23 -1 -25 -5 -27 -28 29 -20
right_child=1 -3 3 25 6 -7 8 -9 20 13 11 -13 -14 14 -16 -17 -18 -19 28 -21 -22 -23 -24 24 -26 26 27 -29 -30 -31
leaf_value=-0.019400058977877818 -0.072716116436865388 0.0012618701764047671 -0.1031592845374691 0.051987522021627 0.048576711829093941 0.047146506145176598 0.043879833230693582 -0.03761464891875195 0.023078797193893972 0.055206910239342724 -0.0094465457535473918 0.0059268137982820979 -0.053713440344074659 0.0021513631336253919 0.040845931617912834 -0.049833278477085838 -0.0017163346740711575 0.054067852813368761 -0.00023449317034579249 0.024436019938454265 0.03513857414305839 -0.030496515501034271 -0.018715036508326354 0.048492018854137044 -0.011957584537082814 -0.066665425646866824 0.052999836935678869 -0.023030640622830962 -0.006016059716313327 0.0051588284124105023
leaf_weight=2562.5319759845734 167.44665369391441 1587169.9672065526 320.9073723256588 5012.0046113431454 4077.9784093350172 2833.2405705153942 1286.4748455286026 1087.8494594544172 821.52697363495827 1232.3549781888723 15637.322647899389 352099.73569735885 2640.1544992029667 50145.333576440811 2122.2885612845421 660.06486605107784 108764.13223306835 937.25897507369518 464450.61024405062 1681.1323746591806 619.03499053418636 7888.7392298132181 15068.94811488688 1755.7761591523886 1009.2935401052237 312.51278787851334 1712.4606487303972 752.79308894276619 45255.791966050863 89920.573460787535
leaf_count=8836 589 4667538 1251 9512 7939 5584 2589 3322 1881 2290 43872 890927 8645 128067 4339 2130 287451 1758 1411448 4858 1332 23654 53372 4498 3499 1093 3231 2157 147515 264568
internal_value=0.00150692 0.00200579 0.00410996 0.0104941 0.0032816 0.00640943 0.00358791 0.0304213 0.00330328 0.00426402 0.00378602 0.00527305 -0.030943 0.00491038 0.00372337 0.00313055 -0.00118288 0.0347976 -0.000216899 -0.00985356 -0.0214173 -0.0254408 -0.0126811 0.00438507 0.0264288 0.0401964 0.0189085 0.0297811 0.000137922 0.000640318
internal_weight=2.77001e+06 2.1483e+06 561132 64443.9 496688 56654.1 492283 5165.83 487117 53820.9 477788 367737 4404.92 53500 52267.6 1764.77 110051 1104.71 621705 22077.7 9329.3 8710.27 20396.5 5327.6 2765.07 7789.77 2777.77 2465.25 599627 554371
internal_count=7999745 6101151 1433613 157524 1276089 141531 1262967 11261 1251706 135947 1224839 934799 13122 134696 132406 4477 290040 2347 1898594 75063 26867 25535 70205 16833 7997 15993 6481 5388 1823531 1676016
is_linear=0
shrinkage=0.05


Tree=69
num_leaves=31
num_cat=0
split_feature=30 100 55 55 87 53 49 54 13 55 62 104 25 86 54 49 55 38 85 28 30 42 38 54 54 55 55 85 54 39
split_gain=950.757 2093.74 1342.13 1611.48 2549.61 3511.67 4427.76 6723.22 1992.87 2062.68 1869.9 1828.94 2111.25 1657.32 1591.85 1469.25 1879.4 1330.14 1296.85 1819.21 1440.73 1466.11 1151.76 1021.16 1691.97 2648.77 2055.27 1673.52 3380.77 2887.33
threshold=0.3575000017881394 98852.460937500015 14322.500000000002 30682.500000000004 1.0000000180025095e-35 0.87837970256805431 -0.076279435306787477 10747.500000000002 0.031066239811480049 23002.500000000004 11.876179218292238 8.1904664039611834 2.2274266481399541 6.0000000000000009 977.50000000000011 -0.65106672048568714 27427.500000000004 -11.810427665710447 0.90000000596046459 1.0000000180025095e-35 0.79250001907348644 1.0011488795280459 -1.2913619279861448 609590.00000000012 458772.50000000006 -382772.49999999994 -477777.49999999994 0.90000000596046459 604507.50000000012 0.55595308542251598
decision_type=2 2 2 2 2 2 2 2 2 2 2 2 2 2 2 2 2 2 2 2 2 2 2 2 2 2 2 2 2 2
left_child=23 -2 -3 4 8 6 10 -8 15 14 -6 13 -13 -7 -10 -4 -17 -11 19 22 21 -21 -5 24 25 -1 27 28 29 -26
right_child=1 2 3 18 5 11 7 -9 9 17 -12 12 -14 -15 -16 16 -18 -19 -20 20 -22 -23 -24 -25 26 -27 -28 -29 -30 -31
leaf_value=0.0095040457490582608 -0.020778709656415446 0.002654166391637576 -0.025003863260740111 -0.058552473235967323 0.030794665434169255 -0.020278069979118962 -0.015783213451077194 0.048313256033000095 0.075258160498757096 0.081056723251777985 -0.032650422953102824 -0.0080752726924540382 0.03829041165753172 0.071948879920467654 0.0011300427392146757 -0.0036737229731417867 0.057100278782838722 0.025409352948080461 -0.006702599001289793 -0.013436887536086621 0.060987488853687412 0.044878624154014966 0.019325863332621027 0.003984381718856532 0.013447940703102141 -0.00053565852772283586 -0.023723907320937349 -0.011110566862835687 -0.049018268877478434 -0.0068197759344264851
leaf_weight=73141.90311011672 9917.034075461328 1624333.6240807474 7516.9581316560507 945.09582263231277 1210.6596302390099 655.90776036679745 17221.525278583169 5364.8269231617451 753.01881676912308 1265.0687982439995 28054.308029219508 11141.486750289798 3148.0717118382454 1886.8002437353134 18337.786881655455 13071.43817396462 1408.2404029816389 7093.2718726396561 5303.2138015329838 2095.9930256009102 3159.0962260663509 2216.7262940704823 952.06621958315372 151480.68973219395 35535.029049918056 645299.3681229502 14075.628168851137 44989.59706133604 3212.4748336672783 34760.106042385101
leaf_count=200331 34719 4628502 25146 3507 3029 2202 55404 12342 1590 2360 96810 34127 7409 3371 55173 39875 3053 18894 16170 6423 6424 4946 2495 435966 94950 1896712 47355 145588 11482 103390
internal_value=0.00143196 0.00212974 0.00225905 -0.00257373 -0.0045149 -0.0107474 -0.0171889 -0.000557003 0.00414242 0.0131281 -0.0300246 0.00909508 0.00214097 0.0481578 0.00405801 -0.00707051 0.00224012 0.0338411 0.013054 0.024237 0.0353385 0.0165394 -0.019478 0.000202015 -0.000471245 0.000486452 -0.00566122 -0.00351542 0.00113313 0.00342577
internal_weight=2.76955e+06 1.76705e+06 1.75714e+06 132802 118129 68683.6 51851.3 22586.4 49445.8 27449.1 29265 16832.3 14289.6 2542.71 19090.8 21996.6 14479.7 8358.34 14672.2 9368.98 7471.82 4312.72 1897.16 1.00249e+06 851014 718441 132573 118497 73507.6 70295.1
internal_count=7999745 5063971 5029252 400750 360785 214694 167585 67746 146091 78017 99839 47109 41536 5573 56763 68074 42928 21254 39965 23795 17793 11369 6002 2935774 2499808 2097043 402765 355410 209822 198340
is_linear=0
shrinkage=0.05


Tree=70
num_leaves=31
num_cat=0
split_feature=79 79 31 65 54 55 39 62 54 46 54 43 30 35 55 45 22 38 36 25 62 22 36 42 54 100 55 100 55 9
split_gain=963.169 984.112 768.229 1249.77 1186.96 1296.75 1177.38 1112.59 1070.91 1067.8 1057.7 1911.8 1387.85 975.346 1237.26 976.463 967.699 866.112 850.903 813.698 805.412 792.061 1034.25 1481.43 1418.4 1378.42 1345.83 1296.13 912.674 843.929
threshold=5.5216758251190194 1.9891678094863894 397.08212280273443 0.48292568325996404 1832.5000000000002 6102.5000000000009 -5.7175881862640372 46.696384429931648 749052.50000000012 0.20855080336332324 659562.50000000012 0.99753746390342724 0.13250000029802325 -0.54132387042045582 6602.5000000000009 1.0056932568550112 1.0000000180025095e-35 12.340201854705812 -2.2133258581161495 1.6768950819969179 19.400238037109379 1.5000000000000002 -2.4579650163650508 1.0022956728935244 314582.50000000006 117754.37109375001 -697127.49999999988 313579.65625000006 -547522.49999999988 0.093406591564416899
decision_type=2 2 2 2 2 2 2 2 2 2 2 2 2 2 2 2 2 2 2 2 2 2 2 2 2 2 2 2 2 2
left_child=1 -1 3 4 5 -3 7 10 13 16 12 -12 -4 14 15 -5 -6 20 -7 -14 -11 29 23 28 -25 26 -24 -27 -23 -8
right_child=-2 2 6 8 9 18 21 -9 -10 17 11 -13 19 -15 -16 -17 -18 -19 -20 -21 -22 22 25 24 -26 27 -28 -29 -30 -31
leaf_value=0.0020192227348742901 0.0026675121481747172 0.040751916928978824 -0.0069728210607522337 0.0043985185638800639 -0.0099259334737796124 -0.010437842509674578 0.006233301694128484 -0.022725276350323394 -0.03364786956061961 0.029082139044563377 -0.030242801870155191 0.021546565524080033 0.0068050954822197881 -0.0041961632245476011 -0.0080494647910816838 0.068914798461646401 0.0040114853196703097 -0.052694043392625879 -0.05568845618252969 -0.017576260217296781 0.0082448324849152613 0.0020369216100188654 0.002595439662747159 -0.007640723288446072 -0.026669756298163656 0.0038138355690445214 -0.031445757703269524 -0.021214244500859319 -0.0064907011458996203 -0.0022690177275201252
leaf_weight=788394.31236247718 898808.53567947447 1171.5059611052275 31917.901089921594 89910.815255820751 13163.428798690438 13703.987557172775 41752.274917885661 4157.6770346462727 2568.6546727269888 8040.717587724328 2027.3969790041447 14669.163461662829 67673.617022961378 127902.43046712875 23533.167106732726 589.35365387797356 230804.26229571551 454.64806275069714 1123.294910877943 3603.2683700174093 10959.477456450462 43472.914571598172 5283.167378038168 26408.564117535949 15565.40515100956 79182.787425801158 6444.0103152990341 5533.4089582115412 112746.41526924074 96962.982559740543
leaf_count=2161679 2280476 3420 109167 284854 45229 49909 132137 15040 10583 21975 7983 43295 213347 426312 81419 1368 739446 1828 4976 13157 33265 142294 17736 91040 58298 258223 24654 20411 384789 320817
internal_value=0.00132242 0.000675807 -0.000303672 0.00107095 0.0033553 -0.00986756 -0.00159575 0.00269926 -0.0015396 0.00415844 0.00358117 0.0152563 0.00169201 -0.00119855 0.00216361 0.00481947 0.00325943 0.0154312 -0.0138698 0.00557224 0.0170643 -0.00282523 -0.00429195 -0.00635842 -0.0146979 -4.5237e-05 -0.0161106 0.00217879 -0.00411759 0.000290108
internal_weight=2.76853e+06 1.86972e+06 1.08133e+06 523926 279421 15998.8 557401 124049 244504 263423 119891 16696.6 103195 241936 114033 90500.2 243968 19454.8 14827.3 71276.9 19000.2 433352 294637 198193 41974 96443.4 11727.2 84716.2 156219 138715
internal_count=7999127 5718651 3556972 1704584 900048 58305 1852388 401989 804536 841743 386949 51278 335671 793953 367641 286222 784675 57068 54885 226504 55240 1450399 997445 676421 149338 321024 42390 278634 527083 452954
is_linear=0
shrinkage=0.05


Tree=71
num_leaves=31
num_cat=0
split_feature=49 55 87 37 37 53 25 54 38 8 36 86 53 26 55 37 26 55 25 37 39 25 87 22 37 104 26 53 54 99
split_gain=917.797 1677.39 1547.93 4209.84 4116.1 2899.21 2505.97 2564.81 2565.39 2401.99 2128.22 1659.32 1788.37 1590.83 1768.65 1397.85 1287.95 1248.34 1217.25 1451.5 1432.86 1620.9 1722.83 2805.21 2840.16 2196.87 2159.89 1567.5 1975.75 2747.7
threshold=0.16288578510284427 14322.500000000002 1.0000000180025095e-35 -4.5827810764312735 18.059901237487797 0.87837970256805431 4.4416120052337655 4107.5000000000009 -0.95159149169921864 0.004720840835943819 -14.06146192550659 6.0000000000000009 0.87837970256805431 1.0955417752265932 20912.500000000004 -8.0169959068298322 0.27463155984878546 13727.500000000002 4.4416120052337655 1.3715155720710757 -2.6771029233932491 0.60049545764923107 1.0000000180025095e-35 1.5000000000000002 7.4377591609954843 7.9831306934356698 1.5053213834762575 0.87837970256805431 607020.00000000012 119693.74218750001
decision_type=2 2 2 2 2 2 2 2 2 2 2 2 2 2 2 2 2 2 2 2 2 2 2 2 2 2 2 2 2 2
left_child=1 17 13 5 6 -4 7 9 -9 -5 16 -12 -13 15 -15 -3 -6 -1 20 -20 21 22 27 26 -25 -26 -24 -2 29 -29
right_child=18 2 3 4 10 -7 -8 8 -10 -11 11 12 -14 14 -16 -17 -18 -19 19 -21 -22 -23 23 24 25 -27 -28 28 -30 -31
leaf_value=0.0023939754006728421 -0.0050897629140165121 0.033247948734606618 -0.057600034148008676 0.02575127684582831 -0.069815248400026786 0.018080904496258751 -0.069540687716222502 0.011028750904583133 -0.023003222826259728 -0.012745898671880805 -0.012780510525525932 -0.066112899338486172 -0.012263259012905509 -5.4086607578047888e-05 0.043973629942525294 -0.0038556980472174533 0.049450421383403463 0.021516941522142514 0.0023232837978864247 0.029332840383866313 -0.0012924349839017876 -0.00010628528094361134 0.02618172500073573 -0.015608809992319393 0.016408261335906137 -0.0061882803941730423 -0.045274414522578216 -0.055150533441624509 0.047322369995576263 0.013315056704059539
leaf_weight=1453913.7335435748 44263.364782243967 2727.9337418973446 6416.1636271029711 17465.677339732647 275.4214044958353 1575.6778240352869 1155.0551397353411 10417.580164805055 11818.943511858582 5274.8152514994144 5103.54256772995 5125.5645449310541 2206.0651347488165 4569.6425092071295 4553.01619528234 36363.520584478974 1250.0678922683001 8583.6752014756203 13967.813128069043 7724.8703126907349 760316.60970208049 250817.08181025833 28041.998147889972 13479.090738654137 38398.080176919699 14940.611993417144 1098.0393651127815 1691.8346054852009 3348.7717144936323 10907.513402789831
leaf_count=4135297 135599 6999 25675 44236 1047 4136 5089 29074 38420 16716 17046 19073 6492 13619 10941 111198 2752 22014 40242 19334 2249431 737852 69573 41816 101631 44909 3810 6456 8075 30575
internal_value=0.0012565 0.00204664 -0.00373274 -0.00858694 -0.00405243 -0.0426777 0.0031463 0.00501459 -0.00705959 0.0168212 -0.027839 -0.0346768 -0.0499143 0.00312195 0.0219215 -0.00126557 0.0278825 0.00250623 0.000207321 0.0119427 -1.077e-05 0.00238357 0.00638244 0.0105424 0.00489654 0.0100787 0.0234875 -0.000247195 0.0131923 0.00411748
internal_weight=2.76779e+06 1.5788e+06 116299 68084.6 60092.7 7991.84 46132.1 44977 22236.5 22740.5 13960.7 12435.2 7331.63 48214.1 9122.66 39091.5 1525.49 1.4625e+06 1.189e+06 21692.7 1.1673e+06 406986 156169 95957.8 66817.8 53338.7 29140 60211.5 15948.1 12599.3
internal_count=7999127 4509824 352513 209756 179945 29811 133535 128446 67494 60952 46410 42611 25565 142757 24560 118197 3799 4157311 3489303 59576 3429727 1180296 442444 261739 188356 146540 73383 180705 45106 37031
is_linear=0
shrinkage=0.05


Tree=72
num_leaves=31
num_cat=0
split_feature=45 36 36 49 54 35 55 85 55 86 39 85 35 36 54 13 13 75 55 46 43 55 54 53 54 62 94 94 85 7
split_gain=896.091 1242.85 1736.27 1785.02 1484.29 1766.13 1653.8 1518.77 3141.6 2581.49 1455.78 1431.92 1411.67 2118.53 1448.7 1247.73 1310.49 1174.33 1237.16 1140.46 1129.62 1092.95 1977.93 1280.52 1429.22 2123.2 1272.07 1440.35 1956.59 1252.11
threshold=1.0020413398742678 -1.7129203081130979 -21.355381965637203 0.94331136345863353 474192.50000000006 4.3446862697601327 -394032.49999999994 0.90000000596046459 -332927.49999999994 6.0000000000000009 5.4916617870330819 0.90000000596046459 -4.609912395477294 -27.922172546386715 7477.5000000000009 0.082292746752500548 0.07107932493090631 33.497337341308601 11202.500000000002 0.29204910993576055 1.0050199031829836 19762.500000000004 14432.500000000002 0.87837970256805431 1152.5000000000002 27.924824714660648 4609.1462402343759 4687.0700683593759 0.90000000596046459 -0.013442568946629761
decision_type=2 2 2 2 2 2 2 2 2 2 2 2 2 2 2 2 2 2 2 2 2 2 2 2 2 2 2 2 2 2
left_child=21 2 3 11 6 -6 -4 8 9 -8 -10 12 20 -14 -15 16 19 18 -9 -3 -2 23 -23 24 25 26 -1 28 -28 -25
right_child=1 15 4 -5 5 -7 7 17 10 -11 -12 -13 13 14 -16 -17 -18 -19 -20 -21 -22 22 -24 29 -26 -27 27 -29 -30 -31
leaf_value=-0.030526697815686194 0.025214293544154543 0.0013067046511954332 0.017059648061735776 -0.024578449441856359 -0.00012300661775996221 -0.021948667545122574 -0.0048214715892325863 -0.00036607090888395835 -0.0032461278992365751 -0.056048341739061092 -0.027140549557787708 -0.0023985240203579367 0.035308738883791338 0.031390884911646835 -0.025007236642462044 0.03431875999476796 -0.031217855218719299 -0.025707993284877606 0.015475870104909951 0.057633458180646302 0.072783460334126318 -0.0027070807595601094 -0.066665449807997851 -0.01520643850443926 0.002448176719580396 0.033974278176428827 -0.0062824997456803842 0.00085274850870156954 0.097373720615893763 0.00011334895609181732
leaf_weight=2414.3340075612068 3270.9065277725458 359939.67418222129 10032.904746025801 3571.0005845576525 15236.3048633039 23666.681708849967 4294.9597887545824 57001.412479549646 94764.902779504657 5754.588112026453 6833.2834648191929 9322.0186549127102 5059.5273057967424 1579.8303481936455 4069.6921464055777 2859.9756916761398 3095.804936543107 3728.6047724634409 15722.192806586623 899.90561319887638 2019.275175049901 95140.3445340693 1223.3742470890284 13727.761026829481 1535441.6746409535 8982.1404336541891 838.99431936442852 8070.8058438748121 993.8030449450016 468016.20181716979
leaf_count=7953 8444 1043238 26751 11802 44763 76905 13427 169514 275796 20089 22157 28312 12022 3851 13044 6877 10430 12949 43711 1894 3790 289947 4897 42180 4398181 22391 2564 23739 1773 1355736
internal_value=0.00119372 -0.000458892 -0.00306146 0.00851041 -0.004472 -0.013401 -0.00271872 -0.00377377 -0.0074916 -0.0341582 -0.00485352 0.0131778 0.0222534 0.0118121 -0.00923244 0.00142797 0.00116939 0.00165556 0.00305891 0.00144735 0.0433828 0.00168352 -0.00351979 0.0019295 0.00262662 0.0154892 0.002008 0.00994221 0.049943 -0.000323224
internal_weight=2.76757e+06 632723 265928 28892.3 237036 38903 198133 188100 111648 10049.5 101598 25321.3 15999.2 10709 5649.52 366795 363935 76452.2 72723.6 360840 5290.18 2.13485e+06 96363.7 2.03849e+06 1.55674e+06 21300.1 12317.9 9903.6 1832.8 481744
internal_count=7999127 1849766 787327 81265 706062 121668 584394 557643 331469 33516 297953 69463 41151 28917 16895 1062439 1055562 226174 213225 1045132 12234 6149361 294844 5854517 4456601 58420 36029 28076 4337 1397916
is_linear=0
shrinkage=0.05


Tree=73
num_leaves=31
num_cat=0
split_feature=90 90 49 12 49 25 85 73 25 62 53 31 48 29 8 49 30 85 13 25 104 90 8 53 13 42 53 13 90 85
split_gain=877.558 1106.08 1531.96 1130.71 911.272 1306 1697.3 1839.17 1318.1 1041.95 1029.35 1179.5 856.57 813.921 808.995 1447.71 1149.9 1518.96 2404.17 1973.48 1681.95 1057.28 2336.04 1161.63 888.477 754.83 1100.09 2713.34 2389.99 1457.51
threshold=5184.8300781250009 4990.8000488281259 0.5464349389076234 0.028363966383039955 -0.74455857276916493 2.9390091896057133 0.90000000596046459 31.6303825378418 2.2934081554412846 31.66057109832764 0.87837970256805431 405.55740356445318 -0.95032352209091175 0.52249997854232799 -0.0035647037439048286 0.96863394975662243 0.92250001430511486 0.90000000596046459 0.02579872123897076 2.5391438007354741 8.2391757965087908 3409.689331054688 -0.010743834543973206 0.87837970256805431 0.01705192402005196 0.99533188343048107 -1.0000000180025095e-35 0.046578589826822288 3133.390014648438 0.90000000596046459
decision_type=2 2 2 2 2 2 2 2 2 2 2 2 2 2 2 2 2 2 2 2 2 2 2 2 2 2 2 2 2 2
left_child=1 14 4 -4 13 8 7 -7 10 -8 11 -6 -12 -3 15 16 21 18 20 -20 -18 22 23 -1 -24 26 27 -16 -29 -28
right_child=-2 2 3 -5 5 6 9 -9 -10 -11 12 -13 -14 -15 25 -17 17 -19 19 -21 -22 -23 24 -25 -26 -27 29 28 -30 -31
leaf_value=-0.033260498703835149 0.010676623553571128 0.0016494985404566769 -0.027700528565730815 -0.0060900552832075308 0.013771482691095644 0.029937800494273872 0.075250856603677696 -0.059573082557075191 -0.02798186558338412 -0.0035809094817819986 -0.04510940508272307 -0.0083670012620005903 -0.0043015188693871238 -0.017753451121485662 0.00010526581021642 -0.011417624430737232 0.019551411634798812 -0.0032318955935961464 -0.0031649938879626683 0.030106974713039004 0.064339959298826327 0.0013359628234838683 -0.0072993675570265431 0.0064710007150714363 0.00018368304227052302 0.0021210956656387116 -0.0046639696756338089 0.05420673161085221 0.011489249497404836 0.002480764679822613
leaf_weight=9304.3525628596544 23883.855252236128 9977.9107534885406 10184.500774487853 14922.182341814041 21702.378309443593 1672.7229517549276 1883.0645899623632 872.28342986106873 3667.081699848175 538.83770568668842 1614.9914110004902 8322.9285063445568 6298.888941526413 11790.430753707886 64962.936611101031 28705.144022345543 15726.118059068918 29851.275472857058 25655.427134528756 5392.621693700552 2418.0738769769669 237235.67239814997 58859.660172969103 2292.3629751503468 121641.11594060808 1734957.2103055269 175901.30968315899 4405.3868320137262 12750.265045240521 120126.12496770173
leaf_count=31497 65706 29116 34799 46836 59448 4206 3502 3253 12814 1581 5837 25463 19061 37587 187701 89404 40293 89738 73368 12952 4750 685669 177719 6499 354939 4984421 515193 9665 34295 351815
internal_value=0.00113405 0.00105098 -0.00429529 -0.0148573 -0.000414888 0.0035323 0.0277627 -0.000750824 0.000638977 0.0577156 0.00340617 0.00763452 -0.0126345 -0.00885986 0.00123949 -0.000493285 0.000123562 0.0056656 0.0110649 0.00261451 0.0255239 -0.000896768 -0.00365415 -0.0254063 -0.00225647 0.00167991 -0.000344255 0.00477604 0.0224615 -0.00176466
internal_weight=2.76752e+06 2.74363e+06 93448.2 25106.7 68341.5 46573.2 4966.91 2545.01 41606.3 2421.9 37939.2 30025.3 7913.88 21768.3 2.65019e+06 537082 508377 79043.5 49192.2 31048 18144.2 429333 192097 11596.7 180501 2.1131e+06 378146 82118.6 17155.7 296027
internal_count=7999127 7933421 283503 81635 201868 135165 12542 7459 122623 5083 109809 84911 24898 66703 7649918 1566828 1477424 221101 131363 86320 45043 1256323 570654 37996 532658 6083090 1098669 231661 43960 867008
is_linear=0
shrinkage=0.05


Tree=74
num_leaves=31
num_cat=0
split_feature=80 80 49 42 55 54 54 22 54 62 54 36 22 42 54 54 25 54 46 46 9 49 31 37 94 104 94 35 55 65
split_gain=882.439 900.025 761.025 1371.38 1204.7 1903.62 2063.3 1317.58 1269.44 1245.66 1200.39 1098.42 1534.97 1878.87 1050.64 1649.44 1011.68 967.069 890.396 876.745 854.31 851.619 776.929 1045.31 1456.97 1436.96 1463.12 1336.59 1189.23 984.297
threshold=5.5216758251190194 1.9891678094863894 0.91959547996521007 1.0025334954261782 -245864.99999999997 163947.50000000003 83660.000000000015 2.5000000000000004 740237.50000000012 30.786308288574222 13272.500000000002 -28.666570663452145 3.5000000000000004 0.99796155095100414 20342.500000000004 225122.50000000003 0.21097004413604739 334682.50000000006 0.05852997116744519 0.042576750740408904 0.042961055412888534 0.29026740789413458 376.03404235839849 6.5689973831176767 2649.450805664063 7.6884052753448495 2496.169555664063 -4.7074198722839347 -717222.49999999988 0.47765444219112402
decision_type=2 2 2 2 2 2 2 2 2 2 2 2 2 2 2 2 2 2 2 2 2 2 2 2 2 2 2 2 2 2
left_child=1 -1 11 4 7 6 10 8 16 -8 -6 12 13 -3 -14 -16 -4 18 -9 -15 -19 -21 29 25 28 26 -24 -26 -25 -13
right_child=-2 2 3 -5 5 -7 9 17 -10 -11 -12 22 14 19 15 -17 -18 20 -20 21 -22 -23 23 24 27 -27 -28 -29 -30 -31
leaf_value=0.0017437466515385636 0.0023661463089892573 -0.007749677874300441 0.024060815668999449 -0.012868849612819859 -0.00043075002292848244 -0.033096336134967146 0.01252430149092983 -0.010269278026983934 -0.042694467455282728 0.069384963325019741 -0.021347005260323387 0.0033743659640880046 0.056086216356167007 -0.014121133867265719 -0.032314284611455239 0.027472298601102868 0.0051236246131802334 0.0077488599047094769 0.045205903859806065 0.010523309316329145 -0.019643302428584457 0.0437841571933162 -0.008402996937921646 0.0030605187670564378 0.011409908462249364 -0.0079444588055701537 0.022129955963264739 3.6972498937952131e-06 -0.011642437655498427 -0.0013318930537243815
leaf_weight=788301.00997699797 897496.18621352315 16861.257933363318 11676.410987496376 33183.57394246757 18391.467153862119 6056.9745320677757 4813.0659609586 1342.5213084220886 1073.9270565956831 1203.515442058444 10939.260362356901 236320.41113003343 2161.7553355395794 1540.6014499515295 1406.3178336173296 6399.7724414020777 17812.040791839361 3939.6057180762291 1566.1543418318033 3842.4377337992191 10250.844235539436 3857.2590594291687 7198.7785071730614 19770.975056327879 28442.340101569891 103365.39481948316 8621.3226435482502 264723.42635193467 45175.774078398943 209668.74728006124
leaf_count=2161679 2280476 57892 33546 119205 63322 23150 15293 4700 4487 2805 40741 756947 5263 5332 5229 18413 56471 12515 4437 11616 37174 10345 25609 65994 88454 351100 24909 870182 155461 686380
internal_value=0.00107739 0.000458827 -0.000477649 -0.004193 -0.000960441 -0.0071994 -0.00276085 0.00445937 0.0106775 0.0239088 -0.00823236 -4.19888e-06 0.00855544 0.00218082 0.0252455 0.016698 0.0126228 -0.00665447 0.0196045 0.020301 -0.0120382 0.0271899 -0.000338607 -0.00174065 -0.00039073 -0.00579661 0.00823627 0.00111036 -0.00716653 0.00116185
internal_weight=2.7674e+06 1.86991e+06 1.08161e+06 122249 89065.8 41404.3 35347.3 47661.5 30562.4 6016.58 29330.7 959357 36069.4 26101.6 9967.85 7806.09 29488.5 17099.1 2908.68 9240.3 14190.4 7699.7 923287 477298 358113 119185 15820.1 293166 64946.7 445989
internal_count=7999127 5718651 3556972 417846 298641 145311 122161 153330 94504 18098 104063 3139126 114090 85185 28905 23642 90017 58826 9137 27293 49689 21961 3025036 1581709 1180091 401618 50518 958636 221455 1443327
is_linear=0
shrinkage=0.05


Tree=75
num_leaves=31
num_cat=0
split_feature=49 25 37 87 54 49 39 25 87 22 54 94 7 26 37 53 54 90 104 78 87 25 54 25 54 37 25 9 35 25
split_gain=820.555 1363.76 2250.58 1727.03 1539.95 1570.04 1085.47 1500.84 1431.33 2650.98 2447.98 1787.26 2021.52 1690.58 1619.35 1447.26 1739.25 2441.16 1721.39 2096.94 1366.02 2242.48 2144.45 1933.17 2020.07 2759.15 2572.28 2058.4 1634.75 1512.66
threshold=0.20576497167348864 4.4416120052337655 -8.636741638183592 1.0000000180025095e-35 9792.5000000000018 -0.79989895224571217 -2.6771029233932491 0.60049545764923107 1.0000000180025095e-35 1.5000000000000002 737792.50000000012 3344.902221679688 -0.00058194377925246943 1.2317430973052981 7.5490424633026132 0.87837970256805431 607020.00000000012 2673.4978027343755 7.9811480045318612 1.5606444478034975 1.0000000180025095e-35 0.999141424894333 777.50000000000011 3.05855405330658 659562.50000000012 20.658179283142093 1.5623154044151308 0.26480449736118322 0.91619491577148449 1.0397757291793825
decision_type=2 2 2 2 2 2 2 2 2 2 2 2 2 2 2 2 2 2 2 2 2 2 2 2 2 2 2 2 2 2
left_child=1 -1 -3 4 -4 -6 7 8 15 13 11 14 -13 -10 -11 18 17 -17 19 -2 21 -9 -23 24 27 26 -26 -22 -27 -24
right_child=6 2 3 -5 5 -7 -8 20 9 10 -12 12 -14 -15 -16 16 -18 -19 -20 -21 23 22 29 -25 25 28 -28 -29 -30 -31
leaf_value=0.0019804925860252834 0.012786720708472336 0.02797784979903575 -0.017041200013612999 -0.032206905956847935 -0.048173653877696281 0.0486856781243859 -0.0010438285796297625 -0.0089279463923594825 0.025703717812579897 -0.011460499409428629 -0.052798190152378771 -0.025955338981367024 0.006320598734792425 -0.025670568587815384 0.015836572905823711 -0.052154763159648891 0.045390875692585896 0.013098202947421193 0.0082284902947425895 -0.020080505054365202 -0.0096098627869300162 0.077384795739982887 0.036723281579661655 0.018741345103658297 -0.019651761484211633 -0.095575939192486026 0.037991410596044356 0.0090391688255355932 0.054013281864574207 0.0057713339716000114
leaf_weight=1601491.3494540527 6325.0895127058029 3123.6414138674736 4874.7373193502426 9621.1641303598881 517.07397323846817 2174.8184262663126 752379.20411609858 24205.651315391064 26799.677000999451 6378.9899215102196 1820.1772831827402 7913.4957092404366 12533.546349778771 1702.2234104573727 36607.537252351642 1651.8972497433424 3272.5379399210215 10786.63840636611 16043.215343624353 20838.420834764838 103327.16275848448 1115.1663158684969 4187.1643418967724 9240.9460038542747 6274.9589324742556 190.46645639836788 2797.2879245728254 17268.299503207207 3997.0176008492708 68692.833815708756
leaf_count=4571267 15395 7670 16109 33181 1866 4831 2223122 75297 66185 19334 6800 25836 35580 5498 96727 6314 7856 30163 46192 70722 312430 2244 10576 24461 19912 802 6544 47936 8442 201279
internal_value=0.00109345 0.0018172 -0.011057 -0.0181525 -0.000279445 0.0300676 6.95197e-05 0.00219573 0.00607543 0.00991319 0.00435636 0.00599726 -0.00617138 0.0226345 0.0117855 -3.15777e-05 0.0129633 0.0044284 -0.00475717 -0.0124269 -0.000259025 0.00428222 0.00860372 -0.00337553 -0.00490258 0.0136206 -0.0018756 -0.00693938 0.0471869 0.00755016
internal_weight=2.76815e+06 1.6218e+06 20311.4 17187.8 7566.63 2691.89 1.14635e+06 393970 152673 93755.6 65253.7 63433.6 20447 28501.9 42986.5 58917.8 15711.1 12438.5 43206.7 27163.5 241297 98200.8 73995.2 143096 133855 13259.7 9072.25 120595 4187.48 72880
internal_count=8000571 4634924 63657 55987 22806 6697 3365647 1142525 432602 255960 184277 177477 61416 71683 116061 176642 44333 36477 132309 86117 709923 289396 214099 420527 396066 35700 26456 360366 9244 211855
is_linear=0
shrinkage=0.05


Tree=76
num_leaves=31
num_cat=0
split_feature=94 90 87 37 46 31 37 48 94 53 62 36 53 45 31 37 73 11 39 37 65 31 87 94 90 38 38 36 37 50
split_gain=790.192 957.888 1292.19 1826.38 1349.6 1407.32 1312.47 1457.82 2401.35 1076.37 2514.62 1546.54 1007.2 998.497 984.183 910.142 810.738 1125.46 802.614 1819.53 1330.09 1996.63 1516.22 1745.19 1744.45 3008.32 1435.86 1366.69 1323.74 1492.02
threshold=5184.8549804687509 5032.3100585937509 1.0000000180025095e-35 28.9063835144043 0.093963567167520537 498.71913146972662 -8.0169959068298322 0.82531082630157482 5126.4748535156259 1.0000000180025095e-35 24.260077476501468 -15.801918506622313 1.0000000180025095e-35 1.0048808455467226 493.03727722167974 7.2155025005340585 9.2823548316955584 0.045463688671588905 -3.0424934625625606 -2.0708961486816402 0.47765444219112402 721.43743896484386 1.0000000180025095e-35 2461.859985351563 4447.0749511718759 -7.5094816684722892 7.6261832714080819 -29.458876609802243 1.1850264668464663 -627.49999999999989
decision_type=2 2 2 2 2 2 2 2 2 2 2 2 2 2 2 2 2 2 2 2 2 2 2 2 2 2 2 2 2 2
left_child=1 18 6 4 -4 9 -3 12 16 11 -11 -6 -8 14 -14 -10 -9 -18 19 -1 21 22 23 -20 27 -26 -25 -24 -21 -30
right_child=-2 2 3 -5 5 -7 7 8 15 10 -12 -13 13 -15 -16 -17 17 -19 20 28 -22 -23 24 26 25 -27 -28 -29 29 -31
leaf_value=-0.0056513757207709153 0.010109460592215513 0.056173617435215421 -0.034836858603841239 -0.058908220605367545 -0.021715808685141686 -0.031379985740215714 -0.02256193475098877 0.031104377018213482 0.083541413421342081 0.0048070638591824234 -0.030545786693158467 0.025561049240424856 -0.00033877355288086447 -0.044306187621182158 0.036120838282237826 0.03073473971047401 -0.044100113987779119 0.052707436496295626 -0.021807529484033653 0.011266657186179335 -0.001140065874489936 -0.001281702930660561 0.020967713258124292 0.0024026990341807363 -0.020753385384435458 0.0028906874681097305 -0.0079684004808020861 0.0058913881942356805 -0.0014048654229012569 0.0039113329139712346
leaf_weight=64225.252397201955 23803.059186786413 1123.0278209149837 4237.6531627029181 1853.4029266834259 2333.87482842803 4432.2130722850561 5937.6860498487949 809.45756277441978 1271.0969289541245 14879.304482519627 7597.3889694362879 6674.713918119669 13449.29644843936 1113.6686709821224 2145.2700089216232 2282.9025872051716 1766.1759209185839 360.74732713401318 8656.2398355305195 46727.622606500983 720642.05969029665 392577.25892173499 15725.886256918311 243815.80147618055 16060.05481466651 82846.111636295915 38665.044136837125 340474.95847909153 176281.30529453605 525172.70474521816
leaf_count=192990 65486 2289 14777 7081 7331 15348 19647 1884 2248 43062 26841 17048 40700 4187 5483 5796 6519 848 29833 128727 2101550 1153784 40143 715291 51839 233359 119580 939268 519090 1488542
internal_value=0.00103885 0.000960167 -0.00471993 -0.0103943 -0.00815353 -0.00500432 0.0031576 0.00111212 0.0220016 -0.00129036 -0.00714322 0.0133113 -0.00487534 0.0014107 0.00467847 0.0496408 -0.0114548 -0.0276612 0.0011138 0.00242487 0.000540993 0.00160476 0.00312326 0.000305384 0.00492587 -0.000948679 0.000983096 0.00655706 0.00311816 0.00257532
internal_weight=2.76794e+06 2.74414e+06 72267.9 42008.6 40155.1 35917.5 30259.3 29136.3 6490.38 31485.3 22476.7 9008.59 22645.9 16708.2 15594.6 3554 2936.38 2126.92 2.67187e+06 812407 1.85946e+06 1.13882e+06 746244 291137 455107 98906.2 282481 356201 748182 701454
internal_count=8000571 7935085 221089 131488 124407 109630 89601 87312 17295 94282 69903 24379 70017 50370 46183 8044 9251 7367 7713996 2329349 5384647 3283097 2129313 864704 1264609 285198 834871 979411 2136359 2007632
is_linear=0
shrinkage=0.05


Tree=77
num_leaves=31
num_cat=0
split_feature=86 77 55 35 40 40 37 50 13 54 77 81 90 94 55 40 94 39 42 39 54 94 100 100 42 99 6 37 40 90
split_gain=823.526 1283.68 914.056 822.337 901.45 910.785 919.358 805.446 949.33 753.355 749.317 1530.91 1394.11 1112.91 1111.52 1305.73 1584.39 1040.33 1420.45 1106.48 956.829 1701.01 1158.13 1031.07 954.929 1031.74 897.298 839.287 814.061 801.072
threshold=6.0000000000000009 2.3664708137512211 -685682.49999999988 -14.077559471130369 0.81174489855766307 1.0000000180025095e-35 3.9889371395111088 -482.49999999999994 0.018540601246058944 677322.50000000012 4.2621526718139657 1.0000000180025095e-35 2685.734497070313 2691.536499023438 -525607.49999999988 1.0000000180025095e-35 2667.490112304688 6.3795323371887216 1.0011488795280459 1.0000000180025095e-35 616127.50000000012 2706.109985351563 122192.02343750001 139067.23437500003 0.9879833757877351 117597.51953125001 0.0019657652592286472 -3.5691387653350826 0.81174489855766307 4866.7253417968759
decision_type=2 2 2 2 2 2 2 2 2 2 2 2 2 2 2 2 2 2 2 2 2 2 2 2 2 2 2 2 2 2
left_child=2 -2 3 -1 5 -5 -7 -8 -9 -4 -3 13 17 14 24 16 -16 18 27 -20 22 -22 -15 -24 -12 -26 -17 -13 -23 -14
right_child=1 10 9 4 -6 6 7 8 -10 -11 11 12 29 20 15 26 -18 -19 19 -21 21 28 23 -25 25 -27 -28 -29 -30 -31
leaf_value=0.022166218573249866 0.0030669517851895454 -0.00031735476039296284 -0.00024026185134561669 -0.011964794608588207 -0.041533543730611126 0.033525718324208233 -0.024335569189808098 -0.0049921102176569716 0.036778852626290048 0.019736811363770083 -0.059868665982813589 -0.022934197377292197 0.0019447852507150363 -0.041323001750978618 -0.077967971357847832 0.033438104479402493 0.0031651496068652862 -0.020771109378932756 -0.032729122256426539 0.00092432361529901075 0.077284117280846887 -0.037398847754331881 0.015002052897897701 0.0026771290703312503 0.009574151779692168 0.026035760869280469 -0.090943062955261958 0.0091561375012487144 0.038643863005491143 -0.011331846734383887
leaf_weight=2232.8409022837877 781573.03811688721 899048.64568282664 571290.78498958051 29875.970713868737 2021.79216375947 2213.2030607759953 2873.5661296397448 4567.0546474605799 1935.9672971814871 4757.5923144668341 444.30115348100662 2352.0062040239573 160657.14830479026 1425.5726695805788 1207.4456000477076 1428.0243933945894 1198.1634147763252 13263.291260704398 5866.0500532239676 4183.797942712903 406.45699223875999 3599.1773401796818 18830.638803914189 171605.14665919542 38251.484566912055 12672.560097336769 160.39205354452133 15194.261113613844 389.21219812333584 12225.061707660556
leaf_count=6431 2102533 2666267 1736065 100845 7558 5627 9914 14478 5062 13183 1569 8464 490282 4577 4476 3204 3168 47287 21874 13760 657 11375 46617 461693 96887 29207 622 46335 837 39717
internal_value=0.000986959 0.0014512 -0.000615334 -0.00742007 -0.00893975 -0.00734945 0.00454747 -0.00229473 0.00744619 -7.52282e-05 0.000525652 0.0021543 -0.000957235 0.00479746 0.0110583 -0.0143461 -0.0375713 -0.00926334 -0.00373172 -0.0187198 0.00303126 -0.0200333 0.00355971 0.00389594 0.0130339 0.0136712 0.0208261 0.00485321 -0.029969 0.00100586
internal_weight=2.76775e+06 2.14598e+06 621769 45720.4 43487.6 41465.8 11589.8 9376.59 6503.02 576048 1.36441e+06 465360 213742 251619 55362.4 3994.03 2405.61 40859.4 27596.1 10049.8 196256 4394.85 191861 190436 51368.3 50924 1588.42 17546.3 3988.39 172882
internal_count=8000571 6101408 1899163 149915 143484 135926 35081 29454 19540 1749248 3998875 1332608 667719 664889 139133 11470 7644 137720 90433 35634 525756 12869 512887 508310 127663 126094 3826 54799 12212 529999
is_linear=0
shrinkage=0.05


Tree=78
num_leaves=31
num_cat=0
split_feature=80 80 77 80 86 77 77 87 94 99 35 25 55 54 80 54 55 99 55 53 99 30 13 55 54 53 38 28 39 97
split_gain=797.551 867.632 647.891 633.154 598.019 1214.01 699.904 636.886 641.563 1561.27 2269.3 1264.55 1145.2 870.065 584.467 552.33 1648.91 1670.71 1264.22 1218.97 1083.57 1076.22 980.834 721.052 1379.17 1041.54 548.352 502.695 638.805 597.527
threshold=5.5216758251190194 2.8426212072372441 0.96901690959930431 6.407212734222413 6.0000000000000009 1.5606444478034975 0.84770509600639354 1.0000000180025095e-35 4472.3913574218759 317767.04687500006 -11.122538089752195 3.0152827501297002 13727.500000000002 4572.5000000000009 4.8466784954071054 650307.50000000012 -667792.49999999988 113708.82421875001 -644622.49999999988 1.0000000180025095e-35 115419.64062500001 0.35249999165534979 0.011056306306272747 -635692.49999999988 616127.50000000012 0.87837970256805431 -32.930110931396477 1.0000000180025095e-35 2.8492115736007695 2.058341503143311
decision_type=2 2 2 2 2 2 2 2 2 2 2 2 2 2 2 2 2 2 2 2 2 2 2 2 2 2 2 2 2 2
left_child=1 -1 -2 -4 6 15 14 8 11 12 -11 13 -10 -7 -3 18 17 19 20 -17 21 -6 -19 25 -25 -20 -9 29 -29 -28
right_child=2 4 3 -5 5 7 -8 26 9 10 -12 -13 -14 -15 -16 16 -18 22 23 -21 -22 -23 -24 24 -26 -27 27 28 -30 -31
leaf_value=0.0011686483608064119 0.0051354233123733556 -0.0074638353313521005 0.0030203152120657217 0.00010253861821446684 0.05776787929875446 0.011957684749156212 -0.0013386900359685311 -0.049468163282341708 0.021833703201873708 0.046715478415837036 -0.014307008026939474 -0.028694594681311466 -0.0069226082978082115 -0.0053984819127971548 -0.038404042514645513 0.027610650463810865 0.04188031902818791 0.053303272629538857 0.053893639178495482 -0.0013596363881002434 -0.085650482451585824 -0.08188061870008255 -0.089581156869087797 0.0030340264460091888 -0.031868398029760367 -0.042039988034835329 -0.0016924879913559959 0.0036345108723179866 -0.0033355448740562386 -0.018138890254072199
leaf_weight=1186114.122163713 152309.97198416293 52903.146894752979 370475.03613290191 373255.12871401012 364.02667278051376 7631.2497880905867 102130.28654375672 553.08103488385677 11580.732350304723 1688.9665643125772 15468.336843177676 5595.9230941832066 4937.6398616731167 133906.56962949038 1570.862772449851 5377.8576722741127 3571.2540125697851 144.84865529835224 1400.8965639322996 11172.829656481743 754.43053902685642 220.7898276001215 685.06208381056786 133185.95490907133 2890.837124735117 353.60977797210217 24516.171440452337 108157.66931249201 47224.701392948627 7128.039626210928
leaf_count=3361757 381490 207625 936186 961480 663 29982 388794 2253 42654 4775 67093 24929 21080 578611 5900 11940 7254 272 2634 28967 2792 808 2586 346134 8786 1098 75955 325982 146371 23720
internal_value=0.000937773 0.000350383 0.00216443 0.00155598 -0.00106624 -0.000262108 -0.00377999 -0.001842 -0.00395953 0.00226586 -0.00829728 -0.00538442 0.0132377 -0.00446258 -0.00835684 0.00337267 0.010941 0.00458142 0.00223317 0.00805455 -0.0460933 0.00498711 -0.0646026 0.0027031 0.00229229 0.034543 0.000199078 0.000346246 0.00151609 -0.00539775
internal_weight=2.76727e+06 1.87123e+06 896040 743730 685116 528511 156604 368389 180809 33675.7 17157.3 147134 16518.4 141538 54474 160122 20951.9 17380.6 139171 16550.7 1339.25 584.817 829.911 137831 136077 1754.51 187580 187027 155382 31644.2
internal_count=8000571 5721415 2279156 1897666 2359658 1757339 602319 1343405 769124 135602 71868 633522 63734 608593 213525 413934 51019 43765 362915 40907 4263 1471 2858 358652 354920 3732 574281 572028 472353 99675
is_linear=0
shrinkage=0.05


Tree=79
num_leaves=31
num_cat=0
split_feature=30 90 6 54 25 54 50 54 22 26 81 35 38 50 54 54 53 90 54 49 30 29 25 81 77 31 54 48 42 25
split_gain=729.585 1942.93 1385.72 1138.12 1478.9 1917.27 1891.97 1926.23 1200.24 1170.35 1409.21 1219.97 1206.41 1160.3 1502.08 1608.8 1702.88 1079.61 1277.11 2562.59 1272.45 1239.31 1145.29 1122.37 1343.46 1064.83 1251.63 1045.97 1004.08 1406.57
threshold=0.42249999940395361 2397.977661132813 -0.0046686972491443149 9792.5000000000018 2.7789710760116582 103917.50000000001 -572.49999999999989 386697.50000000006 2.5000000000000004 -0.4491844624280929 1.0000000180025095e-35 -12.206748485565184 -1.3589964509010313 -722.49999999999989 657032.50000000012 292467.50000000006 0.87837970256805431 4585.7136230468759 4107.5000000000009 -0.56457334756851185 0.83249998092651378 0.85250002145767223 1.9206761717796328 1.0000000180025095e-35 3.0000000000000004 1103.0334472656252 2617.5000000000005 -0.91959547996520985 0.9907115399837495 2.0321861505508427
decision_type=2 2 2 2 2 2 2 2 2 2 2 2 2 2 2 2 2 2 2 2 2 2 2 2 2 2 2 2 2 2
left_child=27 2 -2 17 13 9 7 -7 -9 -6 11 -11 -12 14 15 16 -5 18 21 23 -21 25 -23 24 -20 26 -3 -1 29 -15
right_child=1 3 -4 4 5 6 -8 8 -10 10 12 -13 -14 28 -16 -17 -18 -19 19 20 -22 22 -24 -25 -26 -27 -28 -29 -30 -31
leaf_value=-0.0041129797754113039 0.018587163433900669 -0.0074012227081292729 -0.023406797110626407 -0.0096104651887745501 0.0091442603374984697 -0.00019239202951200566 -0.017332402196383077 0.00038300252825164562 0.060358657669819543 -0.011255409637935776 0.016940877133580983 0.035585852569755931 -0.05458876531302586 -0.013206549806068939 0.010523687662353842 -0.017373038096818852 0.011447063732877566 -0.0048345623191108937 -0.018963284207079757 0.009857147802576214 -0.020721803438021776 0.023458857214216849 -0.0020063157095015064 0.006310463412681446 -0.059540325934736682 0.023182962999909001 0.0089404422652141491 0.00049296883050918127 0.0025667169750734262 0.0050943703036722028
leaf_weight=140136.85580866039 2341.675157636404 27897.600685849786 12169.271424077451 23667.078980699182 31897.396538823843 12300.049328297377 11249.546994850039 1243.5352318733931 2534.1768285781145 1545.6374970376492 1598.8988779187202 13757.607328817248 932.36107009649277 24118.135658085346 14558.627519622445 24400.466764077544 16152.332845240831 118075.07427637279 11124.878635585308 21452.935751885176 4042.1142758727074 15156.944697827101 6229.3651077449322 3245.0549143105745 2497.7108978927135 5246.2148089110851 20200.804044663906 1023408.3200581595 1154346.5807945281 18591.518470183015
leaf_count=417284 6626 85560 42288 71943 86190 35441 34686 3579 5205 4569 4435 31732 3504 74103 40607 76541 44707 356942 34914 59259 12852 39074 18300 9532 8806 13390 55765 2988245 3282391 52101
internal_value=0.000891221 0.00158314 -0.0166289 0.00174957 0.00230764 0.00903416 -0.00160508 0.00939935 0.0406227 0.0148804 0.0251381 0.0308541 -0.00941544 0.00190135 -0.00397635 -0.00726369 -0.0010685 -0.00146091 0.00194099 -0.00499435 0.00500819 0.0058725 0.0160414 -0.0201127 -0.0264073 0.00179537 -0.000537755 -6.17683e-05 0.00228817 -0.00524011
internal_weight=2.76612e+06 1.60257e+06 14510.9 1.58806e+06 1.35289e+06 77059.2 27327.3 16077.8 3777.71 49731.9 17834.5 15303.2 2531.26 1.27583e+06 78778.5 64219.9 39819.4 235169 117094 42362.7 25495.1 74730.9 21386.3 16867.6 13622.6 53344.6 48098.4 1.16355e+06 1.19706e+06 42709.7
internal_count=8000571 4595042 48914 4546128 3851734 209341 78911 44225 8784 130430 44240 36301 7939 3642393 233798 193191 116650 694394 337452 125363 72111 212089 57374 53252 43720 154715 141325 3405529 3408595 126204
is_linear=0
shrinkage=0.05


Tree=80
num_leaves=31
num_cat=0
split_feature=94 55 85 54 54 77 86 35 85 49 12 46 97 73 49 54 45 49 86 45 53 55 49 54 104 54 42 49 55 55
split_gain=759.006 1191.89 2727.1 2427.16 1387.14 1980.08 1344.16 1500.4 1088.9 1200.57 1199.53 1333.34 1525.52 1070.77 948.398 934.316 867.649 834.201 830.022 821.669 1031.48 1440.62 1490.76 2486.09 2143.95 1483.23 1922.04 1806.66 1417.47 1413.6
threshold=5184.8549804687509 7022.5000000000009 0.90000000596046459 10982.500000000002 2782.5000000000005 1.5606444478034975 6.0000000000000009 -8.8226356506347638 0.90000000596046459 -0.91080963611602772 0.023475911468267444 0.12211093679070474 5.7844600677490243 8.0813879966735858 0.50938662886619579 12482.500000000002 1.0016009211540224 -0.92794367671012867 6.0000000000000009 1.0020413398742678 0.87837970256805431 17192.500000000004 0.16288578510284427 2142.5000000000005 8.4569163322448748 1152.5000000000002 1.0045605301856997 -0.89194178581237782 17942.500000000004 32112.500000000004
decision_type=2 2 2 2 2 2 2 2 2 2 2 2 2 2 2 2 2 2 2 2 2 2 2 2 2 2 2 2 2 2
left_child=19 2 3 6 5 -4 13 -8 10 -10 -3 -12 18 -2 15 -11 -16 -9 -13 20 21 25 24 -24 29 26 27 -1 -25 -23
right_child=1 8 4 -5 -6 -7 7 17 9 14 11 12 -14 -15 16 -17 -18 -19 -20 -21 -22 22 23 28 -26 -27 -28 -29 -30 -31
leaf_value=-0.010077099537838807 -0.036513427272339416 -0.050551088421366658 0.03641348168594663 -0.066244406176079032 0.017262191204643614 -0.083061349840882703 -0.11392974874321629 -0.10695595660670834 -0.048419406739324593 0.04372554873805691 0.029478336964737575 -0.00056381657218272142 0.091550066729628468 0.041158446033666612 0.028341243800845586 -0.083536922170138958 -0.042475378926535273 0.071753007372957839 -0.049241218895496749 -0.00082330827311889558 -0.00072951848876469307 -0.023494068699571408 -0.021486084769777522 -0.014013043093052522 0.0049226627665102888 0.002012318950298539 -0.031916301290455938 0.027747831914435979 0.015287581603813877 0.007908293381924501
leaf_weight=3965.5282820761204 674.12464363873005 1625.9833969771862 495.57377347350121 491.95529192686081 1704.1655399501324 1150.0770714879036 114.1962047368288 65.455299615859985 643.72413219511509 3453.9313806593418 2142.4953551292419 1523.9700926542282 284.52570259571075 1293.6367582976818 874.99257832765579 149.57861389219761 853.36963850259781 4232.4156943261623 2058.5769716054201 622984.84303886443 505200.64771072567 24471.588793694973 8149.1091936528683 5048.9182333946228 14090.2989192307 1514526.5008817837 1959.4164533019066 15468.544443532825 22599.595088839531 4197.8619549423456
leaf_count=11915 2309 5932 1047 1784 4454 4766 471 263 2310 8158 5407 4848 503 2975 2292 635 3055 7236 7145 1824520 1469307 83447 27508 15838 41778 4340937 6627 39906 62787 11538
internal_value=0.000850243 0.00973445 0.0226365 0.0406665 -0.0143497 -0.0470792 0.0489203 0.0642452 4.40556e-05 0.0160292 -0.0124657 -0.00215359 -0.0196832 0.0145417 0.0238187 0.0384199 -0.00662554 0.0690059 -0.0285418 0.000773037 0.00124221 0.00185921 -0.00474492 0.00278278 -0.011047 0.002197 0.0152701 0.0200293 0.00993648 -0.0188958
internal_weight=2.7665e+06 23832.7 10221.6 6871.78 3349.82 1645.65 6379.83 4412.07 13611.1 5975.6 7635.55 6009.57 3867.07 1967.76 5331.87 3603.51 1728.36 4297.87 3582.55 2.74266e+06 2.11968e+06 1.61448e+06 78557.4 35797.6 42759.7 1.53592e+06 21393.5 19434.1 27648.5 28669.5
internal_count=8001698 65590 25305 15038 10267 5813 13254 7970 40285 16450 23835 17903 12496 5284 14140 8793 5347 7499 11993 7936108 6111588 4642281 242896 106133 136763 4399385 58448 51821 78625 94985
is_linear=0
shrinkage=0.05


Tree=81
num_leaves=31
num_cat=0
split_feature=86 77 54 53 22 48 51 54 38 54 26 54 36 53 37 37 54 90 54 54 90 54 104 94 104 37 26 13 54 35
split_gain=721.594 1102.58 1026.56 2433.93 1462.77 2535.98 1225.4 1131.84 1570.82 1031.51 997.985 1107.51 1131.67 1318.56 1086.51 1196.95 1032.74 1913.6 1169.83 1012.09 988.058 951.772 909.877 860.453 1329.64 1834.4 843.729 804.596 760.135 718.953
threshold=6.0000000000000009 1.5606444478034975 717542.50000000012 1.0000000180025095e-35 2.5000000000000004 -1.0000000180025095e-35 -282.49999999999994 740237.50000000012 6.6342971324920663 760452.50000000012 -0.69646063446998585 1682.5000000000002 -27.922172546386715 0.87837970256805431 4.8751423358917245 13.888517856597902 2782.5000000000005 4752.4665527343759 7477.5000000000009 4572.5000000000009 2424.079956054688 292.50000000000006 8.3475947380065936 2496.169555664063 7.6884052753448495 7.9871478080749521 2.7200781106948857 0.032788652926683433 686167.50000000012 -14.077559471130369
decision_type=2 2 2 2 2 2 2 2 2 2 2 2 2 2 2 2 2 2 2 2 2 2 2 2 2 2 2 2 2 2
left_child=28 2 10 7 6 -6 20 -4 -9 -8 21 14 13 19 -12 22 17 -14 -18 -13 -5 27 -16 -23 25 -25 -17 -2 -1 -30
right_child=1 -3 3 4 5 -7 9 8 -10 -11 11 12 16 -15 15 26 18 -19 -20 -21 -22 23 -24 24 -26 -27 -28 -29 29 -31
leaf_value=-0.00020276566120279254 0.067720169973718936 0.00056964526567244544 0.052312108716051978 -0.047055018065669738 0.012235534451486741 -0.058965756350489895 0.022562681518141711 0.029257639810296901 -0.047724921631264933 -0.050556353396167243 -0.03738399601265157 -0.069575396281179591 -0.0034359313745025511 -0.012423891875574118 0.027961756372818638 -0.027671903241354476 -0.0070333836938539984 0.037989188528024645 0.0041213278608673975 0.027113870578401745 0.0085589346517491362 -0.049797350099521735 -0.0063970663425040042 0.039670863828479987 -0.0025755123185798911 -0.030229617985379716 0.046995543697159241 -0.025567211163554978 0.020790662406153279 -0.0083732170665388513
leaf_weight=576445.8721434027 875.58975008130074 1586025.0450773686 4264.8807076364756 1443.4637695252895 2677.6368525475264 2344.8882356882095 9826.8835016936064 4280.9879329055548 782.99674607813358 506.26644805073738 2805.1121114492416 275.94168131053448 5201.257022574544 2925.3802981078625 3556.2215569019318 4747.0660833418369 25227.193921148777 6006.1436521410942 343901.96364687383 11981.553404763341 1785.4565002173185 925.72113864123821 4203.031105324626 3991.8469896316528 112230.3669834286 1226.1225744187832 410.14968982338905 313.21248708665371 2221.5778545290232 42947.667651087046
leaf_count=1751520 1508 4668499 8100 4631 6522 7890 22502 9512 2521 1644 9427 977 14095 8122 7963 14407 68584 13029 874837 26943 4397 2973 11535 8229 297673 3630 839 934 6380 141875
internal_value=0.000807769 0.00124252 0.00315257 0.0124985 0.00203713 -0.0210106 0.0105738 0.0333362 0.0173465 0.0189752 0.00266107 0.00383007 0.0043474 0.0177332 -0.00918404 -0.00305696 0.00381299 0.0187651 0.00335896 0.0249313 -0.0163082 -0.00135972 0.0093512 -0.00180699 -0.00142827 0.023242 -0.0217247 0.0431368 -0.000692217 -0.0069383
internal_weight=2.76636e+06 2.14474e+06 558717 27913.5 18584.6 5022.53 13562.1 9328.87 5063.98 10333.1 530804 411241 395519 15182.9 15721.6 12916.5 380337 11207.4 369129 12257.5 3228.92 119563 7759.25 118374 117448 5217.97 5157.22 1188.8 621615 45169.2
internal_count=8001698 6101923 1433424 67719 47586 14412 33174 20133 12033 24146 1365705 1050758 1006587 36042 44171 34744 970545 27124 943421 27920 9028 314947 19498 312505 309532 11859 15246 2442 1899775 148255
is_linear=0
shrinkage=0.05


Tree=82
num_leaves=31
num_cat=0
split_feature=79 79 49 55 55 94 13 29 28 46 39 26 35 13 100 90 22 90 90 62 53 25 54 87 86 90 54 94 25 55
split_gain=731.326 825.157 700.162 1760.69 1728.48 2172.61 1918.52 1833.75 1592.73 1480.77 1244.57 1637.62 1121.3 981.573 968.177 946.982 925.863 1909.16 1371.6 853.97 1067.14 930.997 1523.5 1660.29 1742.49 1311.68 1310.85 2321.03 2483.1 1204.91
threshold=5.5216758251190194 1.4728745818138125 0.60003554821014415 -257359.99999999997 -443802.49999999994 2747.8063964843755 0.01740655675530434 0.60250002145767223 0.22500000149011615 0.074242185801267638 -5.8227295875549308 -1.1715998053550718 23.729685783386234 0.010464576538652183 122192.02343750001 3342.541870117188 2.5000000000000004 4632.5349121093759 3330.426391601563 10.911376953125002 0.87837970256805431 0.52920734882354747 33987.500000000007 1.0000000180025095e-35 6.0000000000000009 4585.7136230468759 312322.50000000006 3255.609985351563 1.029855012893677 -346412.49999999994
decision_type=2 2 2 2 2 2 2 2 2 2 2 2 2 2 2 2 2 2 2 2 2 2 2 2 2 2 2 2 2 2
left_child=1 -1 19 4 5 10 9 -8 -5 13 11 -4 16 -6 -12 -9 18 -18 -10 20 -3 22 25 -24 -25 -21 -23 28 -28 -29
right_child=-2 2 3 8 6 -7 7 15 12 -11 14 -13 -14 -15 -16 -17 17 -19 -20 21 -22 26 23 24 -26 -27 27 29 -30 -31
leaf_value=0.0022243139461532659 0.0019427321223440934 -0.0035142111486392946 -0.027925516789657545 0.0011953831279577568 0.033748978742813018 -0.017020442261038472 -0.008302583898785066 0.021147840594676785 -0.054202134802646088 0.060393935000780774 -0.005262821770670406 0.012445775985981107 0.010463793240142957 0.0096931855047858728 0.013429509491932098 -0.0033408309366785649 0.00029835871748188541 -0.022283621225257715 -0.012370014848187711 -0.047462324759368568 -0.028683646504124794 0.0015137035118731081 -0.0023161915415336101 -0.00054597027492020347 0.015433815915813746 0.019041848523085755 -0.0049719346824696076 -0.02097393345659461 0.003768620547130193 -0.0049736205909815577
leaf_weight=398239.63317248225 895411.83350174129 20587.720998361707 2755.2830124348402 59331.601149827242 5111.7367288917303 21320.06962056458 25510.587992459536 11466.553403228521 2016.6433390825987 1806.7694955021143 61773.945810817182 28332.041152328253 7224.1225389242172 24876.919436439872 7801.2198493629694 6019.411147415638 41194.339050874114 12110.218472823501 68229.001816362143 2489.1375967562199 5293.5975573807955 564445.12661506236 42513.422174751759 25803.57355581224 50337.896176889539 1055.012200281024 170483.03644768894 22691.293864458799 155251.82376886159 24441.322467461228
leaf_count=1070749 2280352 65999 10095 190210 12715 74477 84785 33421 8025 4216 203217 83676 22654 74512 23508 19550 133131 44156 233184 9631 18781 1753124 143007 87743 129581 3131 546459 77456 481996 78157
internal_value=0.000767634 0.000205113 -0.000341065 -0.0021674 0.00114798 -0.00252139 0.00713259 0.000246031 -0.00559909 0.0164447 0.000549559 0.00886671 -0.00868172 0.0137948 -0.00316668 0.0127178 -0.0098013 -0.00483225 -0.0135718 0.000309915 -0.00866331 0.000529122 0.00463397 0.00559897 0.0100184 -0.0276644 -6.03419e-06 -0.00230662 -0.000805995 -0.0126771
internal_weight=2.76592e+06 1.87051e+06 1.47227e+06 386880 196775 121983 74792 42996.6 190106 31795.4 100662 31087.3 130774 29988.7 69575.2 17486 123550 53304.6 70245.6 1.08539e+06 25881.3 1.05951e+06 122199 118655 76141.5 3544.15 937313 372867 325735 47132.6
internal_count=8001698 5721346 4650597 1255532 624172 394973 229199 137756 631360 91443 320496 93771 441150 87227 226725 52971 418496 177287 241209 3395065 84780 3310285 373093 360331 217324 12762 2937192 1184068 1028455 155613
is_linear=0
shrinkage=0.05


Tree=83
num_leaves=31
num_cat=0
split_feature=94 55 85 54 54 78 35 86 73 85 12 12 97 90 12 100 85 37 54 54 37 86 50 54 37 50 25 26 86 13
split_gain=692.222 1069.01 2484.32 2194.41 1288.18 1757.97 1227.26 1291.15 1095.67 981.246 1091.69 1157.62 1039.64 958.515 822.055 808.625 1176.51 1602.48 1274.42 1548.01 1313.48 1914.56 1423.74 1208.46 1240.37 1150.79 1263.01 1164.26 1092.7 1035.41
threshold=5184.8549804687509 7022.5000000000009 0.90000000596046459 10982.500000000002 2782.5000000000005 1.5606444478034975 -8.8226356506347638 6.0000000000000009 8.1550173759460467 0.90000000596046459 0.023475911468267444 0.031588872894644744 5.9584763050079355 5206.6298828125009 0.11590581014752389 354529.60937500006 0.90000000596046459 28.9063835144043 11257.500000000002 10982.500000000002 -2.0708961486816402 6.0000000000000009 97.500000000000014 11567.500000000002 -8.0169959068298322 -72.499999999999986 1.1764692068099978 -0.43587499856948847 6.0000000000000009 0.025219935923814777
decision_type=2 2 2 2 2 2 2 2 2 2 2 2 2 2 2 2 2 2 2 2 2 2 2 2 2 2 2 2 2 2
left_child=15 2 3 6 5 -4 -2 8 -8 10 -3 13 -13 -12 -6 -1 17 18 19 20 21 -17 -22 24 -18 26 -26 -27 -20 -28
right_child=1 9 4 -5 14 -7 7 -9 -10 -11 11 12 -14 -15 -16 16 23 -19 28 -21 22 -23 -24 -25 25 27 29 -29 -30 -31
leaf_value=0.00079690541134791156 -0.069681444806860379 -0.048232129353467601 0.03364722559974237 -0.062749271256528807 0.037600946777415725 -0.07960906058075197 -0.034210522989453429 0.066093550763991593 0.045311024395014651 0.01524669744259044 0.043734411721926582 -0.025945554470368629 0.087722826509135168 -0.03166231901551219 -0.040706349691574981 0.0048542004140208449 0.052125985402775035 -0.055297464789632315 -0.0044636000204934367 0.090050460850032321 0.0014955814605297855 -0.076490267971938031 -0.022671305599329325 0.043977503804138424 -0.048829102699745608 0.043291410422114388 0.037294224022696276 0.002702095250537921 -0.074417476478464972 -0.0089271670189381199
leaf_weight=2669238.7161772996 217.80523079633713 1620.094989657402 488.76233853399754 492.7204615175724 1244.5760935544968 1140.9408757686615 683.01807798445225 4246.1667385399342 1180.2238554656506 5967.0012113898993 1762.2080902457237 3478.3515737950802 212.5204276740551 553.09839424490929 457.5560063123703 1341.1002585887909 1117.7644654363394 1863.1027347445488 982.83760061860085 416.56347519159317 26624.402237519622 1568.8189575076103 7902.3705106675625 1694.189437136054 1830.9058833271265 2255.0225674211979 1327.2170502096415 8147.8929528445005 1292.0605702996254 13799.551386892796
leaf_count=7714927 795 5932 1047 1784 2932 4766 2338 7499 2622 16450 4028 11602 383 1890 1522 4442 2309 7134 3288 711 77625 6587 26789 4139 6762 5306 3292 24437 5026 43334
internal_value=0.000729337 0.00922946 0.0215049 0.0387916 -0.0138789 -0.0456396 0.0467084 0.0508693 0.016155 6.06273e-05 -0.0118211 -0.00199249 -0.0193772 0.025715 0.0165364 0.000655707 -0.0045669 -0.00997854 -0.00787299 -0.00568783 -0.00675563 -0.0390104 -0.00403601 0.00296442 0.0005229 -0.00158689 -0.0096184 0.0115044 -0.0442123 -0.00486919
internal_weight=2.76515e+06 23745 10151.8 6819.93 3331.84 1629.7 6327.21 6109.41 1863.24 13593.3 7626.27 6006.18 3690.87 2315.31 1702.13 2.7414e+06 72163.8 41991.3 40128.2 37853.3 37436.7 2909.92 34526.8 30172.5 28478.4 27360.6 16957.7 10402.9 2274.9 15126.8
internal_count=8001698 65590 25305 15038 10267 5813 13254 12459 4960 40285 23835 17903 11985 5918 4454 7936108 221181 131602 124468 116154 115443 11029 104414 89579 85440 83131 53388 29743 8314 46626
is_linear=0
shrinkage=0.05


Tree=84
num_leaves=31
num_cat=0
split_feature=39 25 85 49 25 30 87 22 49 8 42 86 30 36 54 25 90 42 77 62 41 54 12 31 30 77 25 30 13 54
split_gain=684.015 1782.01 2458.7 2001.81 2156.33 2673.21 1745.61 2351.82 2827.81 3421.05 2681.28 2080.31 1862.61 1926.96 1901.31 1749.53 1991.25 1920.77 2657.39 2190.05 1907.59 1720.77 1633.99 1767.92 1556.2 1453.32 1451.08 1442.46 1437.25 1408.04
threshold=-5.5203673839569083 0.62730306386947643 0.90000000596046459 -0.87137606739997853 1.2392559647560122 0.31250000000000006 1.0000000180025095e-35 1.5000000000000002 -0.2693240344524383 -0.003320853458717465 0.99836823344230663 6.0000000000000009 0.88249999284744274 1.5385484695434573 216087.50000000003 0.61264580488204967 2771.599975585938 0.9973869025707246 1.5606444478034975 41.685695648193366 1.0011147260665896 564005.00000000012 0.020459565334022049 414.40623474121099 0.11749999970197679 1.2470506429672243 0.57919371128082286 0.73750001192092907 0.012039686087518932 616127.50000000012
decision_type=2 2 2 2 2 2 2 2 2 2 2 2 2 2 2 2 2 2 2 2 2 2 2 2 2 2 2 2 2 2
left_child=1 6 3 4 5 -3 15 8 28 -10 21 -11 13 14 -12 16 17 -1 -19 -20 26 -9 23 -7 -6 -5 -18 -15 -8 -22
right_child=-2 2 -4 25 24 22 7 10 9 11 12 -13 -14 27 -16 -17 20 18 19 -21 29 -23 -24 -25 -26 -27 -28 -29 -30 -31
leaf_value=0.030269532487163759 0.00033691717032769813 0.051758813703136987 0.0055532481326612572 -0.00096270051734598672 0.038917089856380677 -0.020004981398017395 -0.045700432919111592 -0.0049275577180594053 -0.043420127626705156 0.012347726406698251 -0.0055348986791716182 0.042688828050175223 0.039685464348038657 -0.036274089905033016 0.015303606170211726 0.043031474221343499 0.0024616635531815303 0.013476029173861688 -0.033508306428027601 0.029904592660798163 0.01657136346417452 -0.046700177179648313 0.032520986358186774 0.01187435631159767 -0.029647232410436056 -0.011454779119968643 -0.029612719739880517 0.016354656809232915 0.0070782777158557783 0.076859710104269507
leaf_weight=2305.7489188909531 2294769.5241193026 3833.516379788518 114460.68439213187 60214.147056013346 975.59390233457088 6938.260963767767 1914.44828748703 11011.361199110746 1571.6330117434263 8476.4310548305511 14575.377918958664 16947.796710982919 4780.9926175475121 4109.2545360922813 43950.471186488867 2296.2232760637999 30471.451401337981 5170.8096334040165 14777.362769126892 1498.8881504535675 10869.226783812046 3175.8056001663208 4864.8520123511553 11649.432153686881 5424.2679773271084 73042.069608166814 3986.7049398422241 1904.7147339880466 3948.7182442843914 1062.4330847710371
leaf_count=6119 6653244 8140 333652 173648 2267 21286 6496 32155 5458 23948 43076 36090 10930 13653 115155 5502 89165 12471 53082 4044 29993 11277 11541 30826 17546 220109 13113 4933 10637 2142
internal_value=0.000692906 0.00243023 -9.10482e-05 -0.00396099 0.00692853 0.0130552 0.00618804 0.00998123 0.0213128 0.0281484 0.0055222 0.0325742 0.0095754 0.00734425 0.0101139 9.44781e-05 -0.00131165 -0.0130846 -0.017747 -0.0276668 0.00471647 -0.0142814 0.00672665 -2.54673e-05 -0.0191901 -0.00671383 -0.00124985 -0.019605 -0.0101591 0.021946
internal_weight=2.76498e+06 470209 281403 166942 33685.9 27286.1 188806 116367 32859 26995.9 83508 25424.2 69320.8 64539.8 58525.8 72438.8 70142.6 23752.8 21447.1 16276.3 46389.8 14187.2 23452.5 18587.7 6399.86 133256 34458.2 6013.97 5863.17 11931.7
internal_count=8001698 1348454 819015 485363 91606 71793 529439 313808 82629 65496 231179 60038 187747 176817 158231 215631 210129 75716 69597 57126 134413 43432 63653 52112 19813 393757 102278 18586 17133 32135
is_linear=0
shrinkage=0.05


Tree=85
num_leaves=31
num_cat=0
split_feature=30 104 48 36 87 22 86 24 26 7 49 22 90 49 36 48 38 44 37 6 87 78 49 38 86 90 48 12 44 73
split_gain=732.216 1530.87 1019.72 1014.96 1717.94 3420.08 2516.57 1892.66 1713.08 1526.76 1450.73 1683.8 1421.67 1275.54 1207.52 2446.22 1820.47 1923.43 1760.63 1651.49 1428.39 1186.51 1175.28 1078.89 1074.37 1068.98 1199.96 1048.86 990.543 922.804
threshold=0.3275000005960465 7.6002125740051278 -0.91959547996520985 -26.14581203460693 1.0000000180025095e-35 2.5000000000000004 6.0000000000000009 77.935527801513686 -2.441405057907104 -0.0017809971468523143 -0.52803644537925709 1.5000000000000002 4765.8798828125009 -0.98279649019241322 -18.09620380401611 -0.11969653144478797 -0.68102857470512379 1.0022086501121523 5.2297472953796396 -0.00090570244356058527 1.0000000180025095e-35 1.5606444478034975 -0.24825246632099149 -9.7131614685058576 6.0000000000000009 2885.9780273437505 0.6835516393184663 0.034165859222412116 0.99011489748954784 2.8060975074768071
decision_type=2 2 2 2 2 2 2 2 2 2 2 2 2 2 2 2 2 2 2 2 2 2 2 2 2 2 2 2 2 2
left_child=2 -2 -1 4 9 7 29 13 22 10 -3 23 -10 27 15 16 17 20 25 -20 -5 -11 -8 -12 -15 26 -17 -6 -27 -7
right_child=1 3 -4 14 5 6 8 -9 12 21 11 -13 -14 24 -16 18 -18 -19 19 -21 -22 -23 -24 -25 -26 28 -28 -29 -30 -31
leaf_value=-0.0049503738328056631 -0.017753162001553423 -0.019675088423452246 0.00010254710016424266 0.015143051567070265 -0.0065375955217310787 -0.029699235557363198 0.054544774395605448 0.047927803401384181 0.050662444398728447 0.014964406602218747 0.01087522027046986 0.002976091761256646 -0.090516415730935329 0.0022916988643350926 0.0015147201049118364 0.01774616946497708 -0.016006572940018029 0.043191430461741905 0.015002603440524551 -0.008688267197279595 -0.0019416562073409534 -0.038955460315744879 -0.092349644651874147 0.078802326977462367 -0.03181750545580711 0.0011310451294758608 -0.02211816019552559 0.086831332730881519 -0.020687375366007271 0.015649766177753901
leaf_weight=113812.94786483049 10584.811521410942 3694.1928746253252 813638.2090421617 21015.419024795294 647.30920296907425 1570.1387854069471 212.46870923042297 1526.6403204649687 10718.133336395025 1353.2386562973261 953.08166235685349 5590.6054803133011 180.43231375515461 3937.8149199038744 1633065.9814961851 4864.9163324087858 9516.4139360338449 3566.5523190200329 12021.666061788797 18951.327373251319 29275.357040762901 4138.3646600395441 375.42843724787235 1513.0685570538044 5577.6570026874542 6039.6251762360334 3083.2084155827761 560.50354066491127 37481.666015848517 3921.2699593305588
leaf_count=340955 36984 11885 2383442 57508 1893 5287 408 3278 21471 3243 2706 16299 728 11745 4680977 13000 29654 8289 32474 57108 84128 14855 1464 2779 17569 17331 9905 910 119931 10756
internal_value=0.000627593 0.00120607 -0.000517526 0.00131602 0.00861065 0.0159944 0.0305221 -0.00414077 0.0438313 -0.0039055 0.00626542 0.0181613 0.0483166 -0.0115578 0.00112545 -0.00323407 0.00415228 0.00771461 -0.00891203 0.000506987 0.00519773 -0.0256673 -0.0392504 0.0525679 -0.0177027 -0.0145802 0.00228067 0.0368235 -0.0176595 0.00267933
internal_weight=2.76339e+06 1.83594e+06 927451 1.82535e+06 46470.3 29227.8 16977.9 12249.9 11486.5 17242.6 11750.9 8056.76 10898.6 10723.3 1.77888e+06 145816 63373.7 53857.3 82442.4 30973 50290.8 5491.6 587.897 2466.15 9515.47 51469.4 7948.12 1207.81 43521.3 5491.41
internal_count=7998962 5274565 2724397 5237581 127276 75509 40114 35395 24071 51767 33669 21784 22199 32117 5110305 429328 179579 149925 249749 89582 141636 18098 1872 5485 29314 160167 22905 2803 137262 16043
is_linear=0
shrinkage=0.05


Tree=86
num_leaves=31
num_cat=0
split_feature=49 25 37 85 54 49 25 37 85 36 55 54 40 54 85 86 37 54 13 54 39 90 36 55 54 13 45 55 85 55
split_gain=684.8 1131.07 1854.89 1521.47 1279.79 1431.62 1015.21 1407.79 1187.62 2208.16 1487.49 1111.35 1788.97 2299.82 4003.93 3097.33 3841.14 2132.11 1624.72 1695.85 1554.03 1551.65 2236.04 2785.26 1687.71 1669.51 1415.61 1455.95 1551.56 1452.45
threshold=0.24825246632099154 4.4416120052337655 -8.636741638183592 0.90000000596046459 9792.5000000000018 -0.79989895224571217 4.4416120052337655 1.3715155720710757 0.90000000596046459 -1.9648141860961912 10392.500000000002 113032.50000000001 1.0000000180025095e-35 17917.500000000004 0.90000000596046459 6.0000000000000009 13.888517856597902 103917.50000000001 0.028678487055003647 65432.500000000007 -1.0743530392646787 3654.2009277343755 -12.110949993133543 -133132.49999999997 155242.50000000003 0.021748366765677932 0.99742424488067638 27427.500000000004 0.90000000596046459 6392.5000000000009
decision_type=2 2 2 2 2 2 2 2 2 2 2 2 2 2 2 2 2 2 2 2 2 2 2 2 2 2 2 2 2 2
left_child=1 -1 -3 -4 -5 -6 11 -8 9 -9 -10 12 13 -2 15 -15 -17 26 20 -20 -16 -13 23 -23 -24 -25 -14 29 -29 -28
right_child=6 2 3 4 5 -7 7 8 10 -11 -12 21 17 14 18 16 -18 -19 19 -21 -22 22 24 25 -26 -27 27 28 -30 -31
leaf_value=0.0013847302729161066 -0.0010194745426829568 0.024069557121402449 -0.029733279109289797 -0.015257832316096188 -0.049819502903365953 0.044128971780389659 0.00086178239052893055 0.064269977485329352 -0.023224169980338119 -0.011993368573448746 0.06422440311983145 -4.1143522729622394e-05 0.010163635155983439 -0.0051717569498227686 -0.02247271182035588 -0.041534701882928529 -0.0095807773454807746 -0.04831584167209324 0.022594407758475574 -0.0063847179793783907 0.0026354632768445536 0.049199064110329212 6.8623314808141696e-05 -0.043236520796587435 0.038826493606634885 0.018749427345385108 0.0031540736845741958 -0.0030747636594683622 0.07083157040693154 -0.010208247529220385
leaf_weight=1640313.6729428023 142660.76263648272 3302.2238069623709 9899.8648455888033 4971.5465346872807 493.41781261563301 2255.3297635018826 12862.202787637711 3421.9954263716936 1803.1407651007175 1312.8046629577875 664.71433053910732 645807.83254867047 43176.849090382457 25190.083774015307 10680.633950442076 21787.69692184031 16549.483559384942 2075.8212766498327 12455.136432379484 8488.0133493840694 14565.707639306784 6737.2823692262173 35089.80152580142 1534.6115851402283 3052.1906287223101 3711.4289299398661 52189.940652891994 1402.6989629268646 1436.8957147449255 33318.443672314286
leaf_count=4691756 425819 8235 34236 16414 1808 5074 37189 6685 5853 4029 1407 1892738 119289 81150 35186 73064 48531 7321 33584 26101 43521 14918 101850 5332 7295 9631 150152 4174 2826 103794
internal_value=0.000596293 0.00123738 -0.0103143 -0.0167595 -0.000120759 0.0272508 -0.000370142 0.0107735 0.0284702 0.0431255 0.000344465 -0.000576824 -0.00272863 -0.0052053 -0.0106479 -0.0187924 -0.0277415 0.00194989 0.000553768 0.0108495 -0.00798699 0.000616604 0.00909086 0.0279305 0.00317117 0.00061109 0.00274362 -0.000882655 0.0343334 -0.00205257
internal_weight=2.76321e+06 1.66124e+06 20922.4 17620.2 7720.29 2748.75 1.10198e+06 20064.9 7202.66 4734.8 2467.86 1.08191e+06 385978 252378 109717 63527.3 38337.2 133601 46189.5 20943.1 25246.3 695933 50125.3 11983.3 38142 5246.04 131525 88348 2839.59 85508.4
internal_count=7998962 4757523 65767 57532 23296 6882 3241439 55163 17974 10714 7260 3186276 1154512 766956 341137 202745 121595 387556 138392 59685 78707 2031764 139026 29881 109145 14963 380235 260946 7000 253946
is_linear=0
shrinkage=0.05


Tree=87
num_leaves=31
num_cat=0
split_feature=86 81 99 55 55 87 53 22 13 55 49 44 39 24 39 53 36 55 55 94 85 36 50 12 85 55 41 90 39 55
split_gain=662.193 1012.37 2095.69 1564.34 2416.34 1989.23 2944.38 8208.43 5087.14 2881.74 2783.4 2586.34 1549.94 2173.4 1808.18 1565.18 2483.71 2257.3 1498.09 2293 2395.38 2342.01 1848.78 1449.2 2072.33 4493.75 2419.29 2237.77 1442.7 1394.31
threshold=6.0000000000000009 1.0000000180025095e-35 121077.90234375001 -708497.49999999988 -737592.49999999988 1.0000000180025095e-35 1.0000000180025095e-35 2.5000000000000004 0.019624817185103897 -717222.49999999988 -0.2693240344524383 1.000159025192261 6.6454937458038339 69.128227233886733 1.0000000180025095e-35 1.0000000180025095e-35 -8.2063817977905256 -525607.49999999988 -688184.99999999988 2557.704956054688 0.90000000596046459 4.3339214324951181 207.50000000000003 0.0088210105895996111 0.90000000596046459 -697127.49999999988 1.0032958984375002 2491.143920898438 13.54208564758301 -617742.49999999988
decision_type=2 2 2 2 2 2 2 2 2 2 2 2 2 2 2 2 2 2 2 2 2 2 2 2 2 2 2 2 2 2
left_child=-1 3 12 4 -2 -6 9 11 -9 -7 -11 -8 13 15 -15 16 -3 -18 23 20 21 22 -20 -5 25 27 -27 -25 29 -4
right_child=1 2 28 18 5 6 7 8 -10 10 -12 -13 -14 14 -16 -17 17 -19 19 -21 -22 -23 -24 24 -26 26 -28 -29 -30 -31
leaf_value=-0.00087138457780891595 -0.00053829003281258346 -0.036784604937852843 0.020946507960070221 0.013311616455383875 0.0015479909506007205 0.058311246443532111 0.046047392256303069 -0.088524769860088157 0.0086872698223838616 -0.079982454987956697 0.02956921050708693 0.0050695675554343058 -0.017413357660873881 -0.02671405009317275 0.0016896769560152168 0.0092691122842859085 -0.0071753733425673916 0.070357097320725911 0.06666582055488042 0.0012648150144119112 -0.013868684629627641 -0.065887596668068996 -0.030005097345654336 -0.075053656682682116 0.002833036685301799 -0.07539242037181787 0.044645263277222645 0.0007452349592571467 0.02227954474434464 -0.00030239233222111793
leaf_weight=620797.72609024495 45671.04569157213 5386.7636518850923 7887.4076781123877 5624.7940071672201 17092.325107127428 8344.2513956874609 9600.2430681288242 2793.6276125758886 2595.3414325267076 779.41342295706272 2254.4667091220617 6429.8665877431631 28845.267911419272 14279.593920148909 9220.4079328328371 30317.980106651783 3780.6517501026392 1247.7866268455982 4492.2146407067776 1537301.458206147 2344.8784230798483 426.38615055382252 555.09756745398045 1087.5853914469481 10145.769205138087 4654.0021013766527 460.64879956841469 9225.8723179847002 7514.261715605855 361919.21680632234
leaf_count=1898373 130312 20305 22017 14624 49710 16022 19996 10692 6666 2902 5148 16816 99641 51054 29611 90568 12372 2782 8159 4283519 7251 1532 1720 3978 29406 17051 984 24687 20638 1100426
internal_value=0.000566511 0.000983192 -0.00106594 0.00155974 0.00777149 0.0153786 0.022586 0.0116657 -0.0417133 0.0431399 0.00140631 0.0296124 -0.00778531 -0.00346135 -0.0155698 0.00352442 -0.0131968 0.0120732 0.00118316 0.00140219 0.0284094 0.046521 0.0560292 -0.00966414 -0.014718 -0.0262596 -0.0645737 -0.007254 0.000591615 0.000150856
internal_weight=2.76308e+06 2.14228e+06 470399 1.67188e+06 95560.6 49889.5 32797.2 21419.1 5388.97 11378.1 3033.88 16030.1 93078.5 64233.2 23500 40733.2 10415.2 5028.44 1.57632e+06 1.54512e+06 7818.58 5473.7 5047.31 31198.7 25573.9 15428.1 5114.65 10313.5 377321 369807
internal_count=7998962 6100589 1449414 4651175 258264 127952 78242 54170 17358 24072 8050 36812 306333 206692 80665 126027 35459 15154 4392911 4302181 18662 11411 9879 90730 76106 46700 18035 28665 1143081 1122443
is_linear=0
shrinkage=0.05


Tree=88
num_leaves=31
num_cat=0
split_feature=80 80 77 80 65 39 50 38 6 90 26 54 8 45 35 42 42 50 39 42 25 25 90 85 53 37 87 36 39 25
split_gain=648.646 837.335 610.135 588.257 516.323 1070.86 675.915 830.195 736.626 610.627 604.058 672.676 951.011 872.672 751.854 798.87 693.433 652.13 597.125 539.835 1602.14 1332.16 1050.98 775.028 1367.54 794.086 633.708 1354.7 1364.97 1187.64
threshold=5.5216758251190194 3.4584752321243291 0.84770509600639354 6.407212734222413 0.48292568325996404 -2.6771029233932491 -1.0000000180025095e-35 5.3476808071136483 0.0046455836854875096 2781.3750000000005 1.7836166024208071 263527.50000000006 -0.0097128953784704191 1.0040651559829714 18.555648803710941 1.0166700482368471 1.0072832107543948 -827.49999999999989 -10.424201488494871 0.99533188343048107 2.9390091896057133 3.0152827501297002 3016.141479492188 0.90000000596046459 1.0000000180025095e-35 1.0000000180025095e-35 1.0000000180025095e-35 -29.458876609802243 9.2932434082031268 2.3690960407257085
decision_type=2 2 2 2 2 2 2 2 2 2 2 2 2 2 2 2 2 2 2 2 2 2 2 2 2 2 2 2 2 2
left_child=1 4 -2 -4 10 6 18 8 -8 -9 19 14 -13 -14 15 17 -15 -12 -6 20 23 -22 -23 24 -1 -25 29 28 -28 -21
right_child=2 -3 3 -5 5 -7 7 9 -10 -11 11 12 13 16 -16 -17 -18 -19 -20 26 21 22 -24 25 -26 -27 27 -29 -30 -31
leaf_value=0.0036957512682393237 0.0045342361335439577 -0.0022393169749922444 0.0024691836456006274 -0.00034707231868743151 -0.009481638906115317 -0.002104606283562517 0.0052427337731696874 0.00060014820585671351 -0.024775660991262868 0.026352823371570633 -0.034365852911931137 -0.031940243512868047 -0.014193701136390794 0.01686141346264201 0.020419122416028737 -0.029543098184541278 -0.009418078730220136 0.0033289990660121289 0.0016119822535813255 0.00093999957848465141 0.04108418855055701 -0.026548313586743189 0.0078957016554206654 -0.0054401293029770906 -0.013090713533627424 0.0089172591226659402 0.023580958715046618 0.002673334052302205 -0.019642462108760906 -0.013662992371290839
leaf_weight=17061.627477630973 151829.35089047253 339096.13363850862 369331.90341185033 372363.91114069521 13905.85131303966 399514.94791273028 51256.601901248097 3225.381987862289 2127.5130577385426 8041.6322356015444 1217.7020832598209 4012.0048801153898 12937.178944319487 5736.7542131096125 4455.592587262392 2363.9353096783161 4461.4075262993574 19604.706379652023 94932.230334453285 283018.21048954129 2813.0788780450821 2411.0720815658569 27056.970334209502 22045.549660786986 41991.117443338037 17099.809202685952 13406.21480473876 458665.69122800231 2113.6934739798307 14642.696231156588
leaf_count=48645 381647 1200298 936500 961051 42839 1194839 147802 9687 7159 21021 4306 13931 41688 15817 12182 8213 14096 57244 276422 860904 6449 8223 76955 69331 131525 49624 34562 1311509 6759 47734
internal_value=0.00053835 8.65024e-06 0.00164645 0.00105529 0.000506836 -0.000680213 0.00259988 0.00664915 0.00404588 0.0189818 0.0012175 -0.00387997 -0.00947029 -0.00557224 0.00161028 -0.00200462 0.00536459 0.00112281 0.00019447 0.00152703 -0.00144744 0.00821567 0.00507652 -0.00462414 -0.00824067 0.000831527 0.00202987 0.00316497 0.017693 0.000221581
internal_weight=2.76274e+06 1.86922e+06 893525 741696 1.53012e+06 573004 173489 64651.1 53384.1 11267 957115 54789.3 27147.3 23135.3 27641.9 23186.3 10198.2 20822.4 108838 902326 130479 32281.1 29468 98198.1 59052.7 39145.4 771847 474186 15519.9 297661
internal_count=7998962 5719764 2279198 1897551 4519466 1699769 504930 185669 154961 30708 2819697 167477 85532 71601 81945 69763 29913 61550 319261 2652220 390752 91627 85178 299125 180170 118955 2261468 1352830 41321 908638
is_linear=0
shrinkage=0.05


Tree=89
num_leaves=31
num_cat=0
split_feature=30 99 48 36 85 22 86 54 62 22 46 77 28 26 55 36 48 35 44 87 37 39 48 54 53 50 26 55 62 54
split_gain=647.008 1535.76 1055.14 985.042 1215.58 2567.2 1912.36 1867.39 2263.3 1443.91 1492.37 1709.81 1378.73 1329.7 1042.12 1019.68 2358.59 1932.46 2121.06 1473.07 1394.81 1031.21 1232.23 1017.65 1956.4 1577.53 1002.46 978.395 1979.18 1125.37
threshold=0.37250000238418585 98852.460937500015 -0.91959547996520985 -26.14581203460693 0.90000000596046459 2.5000000000000004 6.0000000000000009 386697.50000000006 35.061016082763679 2.5000000000000004 0.12372758612036706 1.5606444478034975 0.37500000000000006 0.36562685668468481 7772.5000000000009 -18.09620380401611 -0.18436925113201139 -0.67893293499946583 1.0022086501121523 1.0000000180025095e-35 5.2297472953796396 -3.0424934625625606 0.96863394975662243 566475.00000000012 1.0000000180025095e-35 -652.49999999999989 -1.1264265179634092 7547.5000000000009 45.474523544311531 21682.500000000004
decision_type=2 2 2 2 2 2 2 2 2 2 2 2 2 2 2 2 2 2 2 2 2 2 2 2 2 2 2 2 2 2
left_child=2 -2 -1 4 5 13 -7 8 -8 12 11 -11 14 -3 -6 16 17 18 19 -5 27 22 23 25 -25 -17 -22 29 -29 -18
right_child=1 3 -4 15 9 6 7 -9 -10 10 -12 -13 -14 -15 -16 21 20 -19 -20 -21 26 -23 -24 24 -26 -27 -28 28 -30 -31
leaf_value=-0.0047712392897483824 -0.01883832810388586 -0.009905092306643928 0.00011668907497662874 0.015850173813683009 0.034050283451177353 0.0032345671199468448 0.036637504058259461 0.062346814036153442 -0.047545014640829608 0.015992279331467917 0.016349631195845787 -0.049153266299692064 -0.028618527242401257 0.045727410318175329 -0.020888421229327141 -0.0059982405990614343 0.012848259287685357 -0.017934103235414344 0.047343870550752884 -0.0021494505951801042 0.021340913615636427 0.0006119954692725524 0.012947721442594672 0.011316624489486509 -0.0068376701224119336 0.0053648043094675826 -0.0041940113176765397 -0.034149554421297086 0.020102495179773767 -0.013087752713843052
leaf_weight=125617.21110239625 9598.3163574635983 9201.2701560854912 911832.14127713442 19604.549734562635 4849.5148419886827 4866.2367477566004 3839.8626047670841 5169.1053548902273 1007.0074057132006 1355.9806597977877 2239.1406025141478 3909.0798760503531 1556.166736587882 1215.0036111474037 1049.2128918766975 34488.340690180659 4803.17181250453 8296.3408870846033 3223.7604300528765 27047.710346758366 4711.4081858694553 1128363.5464301109 32053.466702163219 19778.963218227029 59421.046327412128 267007.57400807738 20846.490692153573 10849.535984575748 1988.5036808550358 32317.268320068717
leaf_count=376135 34091 27376 2668977 53221 11828 14125 8392 9442 3334 3229 6099 14873 5160 2615 3419 102829 13204 26162 7208 77788 12287 3249706 86555 54498 176544 745953 61578 37744 5459 99131
internal_value=0.000511514 0.00110504 -0.000475154 0.00121666 0.00894545 0.0156263 0.0289509 0.041443 0.0191401 -0.00235301 -0.0178352 -0.0323747 0.0132312 -0.00341161 0.0242755 0.00103088 -0.0031579 0.00440878 0.00812567 0.00541455 -0.00898678 0.00139425 0.00353274 0.00273998 -0.00230377 0.00406495 0.000513617 -0.013847 -0.0257451 -0.00973139
internal_weight=2.76211e+06 1.72466e+06 1.03745e+06 1.71506e+06 40257.6 25298.5 14882.2 10016 4846.87 14959.1 7504.2 5265.06 7454.89 10416.3 5898.73 1.6748e+06 133689 58172.4 49876 46652.3 75516.4 1.54111e+06 412749 380696 79200 301496 25557.9 49958.5 12838 37120.4
internal_count=7998962 4953850 3045112 4919759 109892 65284 35293 21168 11726 44608 24201 18102 20407 29991 15247 4809867 393782 164379 138217 131009 229403 4416085 1166379 1079824 231042 848782 73865 155538 43203 112335
is_linear=0
shrinkage=0.05


Tree=90
num_leaves=31
num_cat=0
split_feature=79 79 22 36 37 37 54 54 55 49 36 94 90 54 37 28 54 54 13 48 54 46 62 7 49 8 12 90 49 37
split_gain=637.199 789.299 483.681 1447.21 2062.33 1190.21 1122.72 2345.31 2213.84 2031.87 1158.43 1368.97 1079.5 1071.54 1233.43 1010.53 958.477 944.856 933.38 1076.61 1051.09 828.723 813.766 683.269 671.74 638.761 634.522 631.304 612.568 935.452
threshold=4.8466784954071054 3.4584752321243291 1.5000000000000002 -0.76872324943542469 -2.3415509462356563 -7.0173587799072257 397757.50000000006 517592.50000000006 -477777.49999999994 -0.05451125651597976 25.229186058044437 3422.7250976562505 2735.023071289063 717542.50000000012 26.863406181335453 0.57500001788139354 1522.5000000000002 2782.5000000000005 0.01651598792523146 -0.58244305849075306 4572.5000000000009 0.15490964055061343 19.236563682556156 0.0094986227340996283 0.33172981441020971 -0.0089987232349812967 0.010698069818317892 2461.880004882813 0.94331136345863353 19.447296142578129
decision_type=2 2 2 2 2 2 2 2 2 2 2 2 2 2 2 2 2 2 2 2 2 2 2 2 2 2 2 2 2 2
left_child=1 2 3 4 5 16 10 8 12 -10 11 25 -8 14 -9 21 -1 -13 19 -17 -20 -6 -23 24 -7 -5 -18 -15 29 -4
right_child=-2 -3 28 6 15 23 7 13 9 -11 -12 17 -14 27 -16 18 26 -19 20 -21 -22 22 -24 -25 -26 -27 -28 -29 -30 -31
leaf_value=-0.040675678266398209 0.0015992619619748108 -0.0022353908149977731 -0.00061919344370971977 -0.052396743361987963 0.0094615363209706056 -0.019140373102999576 0.014868004617881207 -0.0046057144494736357 -0.017108873389139679 0.018052212400345904 0.016159847768476922 0.014738692223639506 0.055805894028649362 -0.029856437496431923 -0.032306548421513405 -0.025129517675157659 0.028084766818188996 -0.0058696547445620017 -0.01069218933450544 -0.00087101957659388007 0.0078312438226410559 0.02426866270314906 -0.0086427985610327586 0.062027102374990942 -0.0033441793342385341 -0.017067554850196107 0.0015980740083738705 0.023100498980814645 -0.0040582966447476583 0.003038430380181408
leaf_weight=1264.4510971009731 901529.33137147129 330696.37065430731 746635.8370339945 1396.5723588168621 135485.87474773079 17078.122486911714 2711.2230968922377 15665.042221203446 6399.1616673022509 11475.195207029581 5684.0797692090273 6097.2012901604176 3969.6412672251463 659.60820628702641 5404.5976791530848 5209.4141544699669 2458.3154987841845 63229.15215703845 8740.8569200187922 37434.215204000473 61784.472909241915 2237.0656157433987 11679.600286945701 306.4654778689146 11109.627957768738 15199.535823136568 28073.712409868836 3800.2822393327951 90722.700952589512 228246.99484370649
leaf_count=4834 2301949 1177667 2212868 5228 377165 55483 7534 46897 19970 30446 16112 17299 8627 2341 18644 17358 6377 192044 27732 109761 173387 5701 35054 591 33793 48384 83926 10036 281396 671025
internal_value=0.000508245 -2.03184e-05 0.000458399 0.00180476 0.00365352 -0.00468587 -0.00240785 0.00361131 0.0146434 0.00546373 -0.00569881 -0.00714507 0.039198 -0.00699971 -0.0117127 0.00556841 0.00196436 -0.00405691 0.00200434 -0.00383511 0.00553527 0.00826805 -0.00335065 -0.0121068 -0.0129151 -0.0200438 0.00373169 0.0152622 -0.000128547 0.000237154
internal_weight=2.76238e+06 1.86086e+06 1.53016e+06 464553 322862 60290.7 141691 50084.8 24555.2 17874.4 91606.5 85922.5 6680.86 25529.5 21069.6 262571 31796.5 69326.4 113169 42643.6 70525.3 149403 13916.7 28494.2 28187.8 16596.1 30532 4459.89 1.06561e+06 974883
internal_count=7999629 5697680 4520013 1354724 931162 185004 423562 144495 66577 50416 279067 262955 16161 77918 65541 746158 95137 209343 328238 127119 201119 417920 40755 89867 89276 53612 90303 12377 3165289 2883893
is_linear=0
shrinkage=0.05


Tree=91
num_leaves=31
num_cat=0
split_feature=49 25 37 87 54 49 46 87 26 48 36 25 54 25 37 87 36 36 39 54 54 54 87 87 25 90 35 13 35 44
split_gain=581.916 998.973 1686.19 1350.4 1120.77 1285.24 967.428 1713.8 1305.28 1659.55 932.664 1057.52 1176.8 928.619 1246.79 1123.03 2066.58 1376.76 1079.23 1345.06 2358.98 2120.42 1720.01 1428.06 2418.46 1641.17 2122.65 1219.87 1124.81 1554.54
threshold=0.24825246632099154 4.4416120052337655 -8.636741638183592 1.0000000180025095e-35 9792.5000000000018 -0.79989895224571217 0.29204910993576055 1.0000000180025095e-35 -0.66986635327339161 -0.14132478833198545 -12.221573352813719 5.3673434257507333 1152.5000000000002 4.4416120052337655 1.3715155720710757 1.0000000180025095e-35 -1.9648141860961912 2.591514110565186 -2.6771029233932491 659562.50000000012 645227.50000000012 726662.50000000012 1.0000000180025095e-35 1.0000000180025095e-35 1.7623610496520998 2496.220092773438 2.1015876531600957 0.011804715730249883 9.9477992057800311 1.0020324587821963
decision_type=2 2 2 2 2 2 2 2 2 2 2 2 2 2 2 2 2 2 2 2 2 2 2 2 2 2 2 2 2 2
left_child=1 6 -3 4 -4 -6 -1 -8 9 -9 -5 -12 -13 18 -15 17 -17 -16 19 20 -2 23 27 24 -21 26 -25 -22 -20 -30
right_child=13 2 3 10 5 -7 7 8 -10 -11 11 12 -14 14 15 16 -18 -19 28 21 22 -23 -24 25 -26 -27 -28 -29 29 -31
leaf_value=0.0010975860646111259 0.00098913746641386951 0.022963427470909969 -0.014446130186422887 -0.040234700965020749 -0.047362228198960653 0.04145928700247653 -0.0091916656222824702 0.025046694755802637 0.050580617022266176 -0.043124241863105886 0.016335091940592791 0.090674527323150261 -0.050066757940443421 0.00090621455739287146 -0.025429730959126425 0.06165834694194669 -0.01215383432310412 0.055081077576994333 -0.0025763776184573287 -0.005255897197819194 0.10247306037837195 -0.003448030569859155 -0.065961535041158065 -0.014165080183412729 0.084651492086842237 0.040779986169737298 0.059779998646395008 -0.017012380075559896 0.00921971207310502 -0.003255791844850735
leaf_weight=1625060.8237347901 333327.73687417805 3305.4672924429178 4966.1324076652527 6119.5208394378424 496.4903499186039 2246.4373702853918 5123.9019366949797 4722.8117306828499 3565.2100401222706 1099.8026468902826 1994.4507318735123 162.91668075323105 1586.4662449061871 12818.393925443292 1705.7999973446131 3417.0102536678314 1311.8292294591665 769.78683391213417 603744.32027943432 7674.0373752266169 244.53582070767879 16648.010393247008 2287.924559995532 3629.0223906040192 827.7384577691555 10037.909278526902 1323.6618772894144 1641.8383631110191 51322.023373678327 48629.688100650907
leaf_count=4654716 971090 8234 16445 22352 1816 5078 15428 11534 7346 3698 5467 282 6063 37051 5607 6689 4039 1703 1797909 23363 416 51514 8385 10926 1431 22324 2641 5347 144203 146532
internal_value=0.000482877 0.00107397 -0.00979391 -0.015957 -0.000277682 0.0253687 0.00121237 0.0140645 0.026758 0.0121642 -0.0282099 -0.00854787 -0.0369126 -0.00040827 0.0102609 0.026902 0.0411828 -0.000380643 -0.000605842 0.0015504 0.000521282 0.0102029 -0.0368282 0.0198767 0.00350588 0.02916 0.00560466 -0.00147442 -0.00176301 0.00314996
internal_weight=2.76181e+06 1.66045e+06 20877.9 17572.4 7709.06 2742.93 1.63957e+06 14511.7 9387.82 5822.61 9863.35 3743.83 1749.38 1.10136e+06 20022.8 7204.43 4728.84 2475.59 1.08134e+06 377642 337502 40140.4 4174.3 23492.4 8501.78 14990.6 4952.68 1886.37 703696 99951.7
internal_count=7999629 4758459 65737 57503 23339 6894 4692722 38006 22578 15232 34164 11812 6345 3241170 55089 18038 10728 7310 3186081 1097437 985238 112199 14148 60685 24794 35891 13567 5763 2088644 290735
is_linear=0
shrinkage=0.05


Tree=92
num_leaves=31
num_cat=0
split_feature=79 79 79 31 22 54 54 25 25 104 25 25 63 46 12 42 94 65 54 36 37 38 55 55 22 49 54 55 94 30
split_gain=578.731 695.371 467.973 446.294 574.119 1262.69 1720.46 1119.02 927.822 833.416 1090.41 882.309 725.806 705.928 691.265 628.542 588.842 556.704 637.478 495.671 496.49 491.988 679.169 520.59 489.93 713.552 622.025 742.303 554.567 484.314
threshold=5.5216758251190194 3.0790755748748784 6.407212734222413 380.34997558593756 1.5000000000000002 397757.50000000006 506307.50000000006 2.1142456531524663 1.5874979496002199 8.2278680801391619 1.3883602619171145 2.5971509218215947 0.36624829471111303 0.079474680125713362 0.028571708127856258 1.0078324079513552 5009.5949707031259 0.52747833728790294 749052.50000000012 6.5168063640594491 45.265787124633796 0.19287435710430148 3482.5000000000005 832.50000000000011 3.5000000000000004 0.58244305849075328 720102.50000000012 -665332.49999999988 2398.0166015625005 0.54250001907348644
decision_type=2 2 2 2 2 2 2 2 2 2 2 2 2 2 2 2 2 2 2 2 2 2 2 2 2 2 2 2 2 2
left_child=1 -1 -2 17 5 9 7 13 12 11 16 14 -8 -7 -5 -10 -11 19 21 24 -21 22 23 -19 25 28 27 -26 -3 -6
right_child=2 3 -4 4 29 6 8 -9 15 10 -12 -13 -14 -15 -16 -17 -18 18 -20 20 -22 -23 -24 -25 26 -27 -28 -29 -30 -31
leaf_value=0.00056743095669971517 0.0026859768405625099 -0.038219047357121311 0.00039556707418579823 -0.0099262840092499277 -0.0063395630409585875 0.017737888129352789 0.0049077831673380061 -0.058816383185290033 -0.049144856242095428 0.021656935012528421 -0.0080694990320483093 0.014768190115388564 -0.018636267614183032 0.047721788540405541 -0.037184292679243988 0.017042497856701502 -0.030951592999575225 0.0025773598080460619 -0.038821264634213537 -0.016034769854972545 0.02469495810989665 -0.0059501701310456755 -0.0091666626313984239 0.024559762964859032 -0.037203294333822627 -0.0069319015024673029 0.043691745127574004 0.00853574408158588 0.0038670400581242563 -0.0012647479001743395
leaf_weight=1336107.066509448 432861.16752190888 789.90591391921043 460038.81754995883 28728.965348497033 122978.44616919756 12252.297467246652 25039.636966392398 434.24545319378376 1516.1010512411594 7189.5834249556065 8614.65499573946 3376.0568457394838 3764.6171731054783 2337.648215264082 2530.247146204114 469.06998419761658 573.44181375205517 38029.752305880189 1207.2295065671206 5980.1089636385441 854.20672945678234 48204.688962563872 12535.828785806894 2897.7197907567024 915.98210850358009 21215.717231817544 1206.6550550684333 27163.228823587298 75681.614993587136 76115.633500359952
leaf_count=3870919 1097061 3504 1182410 104437 446626 37515 83345 1953 6757 22524 31235 10839 14107 6256 10011 1516 2411 126974 5471 21861 2637 169220 45505 8279 3694 76730 3467 88816 250323 263226
internal_value=0.000458802 -4.15263e-05 0.00150592 -0.00156919 -0.0028636 0.000294375 0.00631945 0.0201896 -0.00044899 -0.00511653 0.0041769 -0.00951117 0.00182994 0.0225453 -0.0121339 -0.0335024 0.0177667 4.91838e-05 -0.00271634 0.00217545 -0.0109404 -0.0022872 0.00101544 0.00413443 0.00288153 0.00118088 0.00855389 0.00704222 0.00343176 -0.00439945
internal_weight=2.76161e+06 1.86871e+06 892900 532603 295921 96826.6 45813.6 15024.2 30789.4 51012.9 16377.7 34635.3 28804.3 14589.9 31259.2 1985.17 7763.03 236683 102875 133807 6834.32 101668 53463.3 40927.5 126973 97687.2 29285.9 28079.2 76471.5 199094
internal_count=7999629 5720158 2279471 1849239 1042758 332906 151449 45724 105725 181457 56170 125287 97452 43771 114448 8273 24935 806481 355449 451032 24498 349978 180758 135253 426534 330557 95977 92510 253827 709852
is_linear=0
shrinkage=0.05


Tree=93
num_leaves=31
num_cat=0
split_feature=94 90 87 49 38 26 36 31 54 11 54 25 62 94 54 49 48 36 86 46 31 35 37 62 73 36 54 85 85 86
split_gain=571.088 743.594 1058.07 1521.91 1888.03 1965.99 1295.51 1278.68 1221.68 1125.54 1050.39 1116.65 1423.08 1203.92 1924.77 1126.55 1124.15 1018.53 1499.81 870.858 830.615 765.143 764.782 761.899 746.876 680.821 844.274 3621.18 1981.1 1531.56
threshold=5184.8549804687509 5032.3100585937509 1.0000000180025095e-35 0.24825246632099154 7.8827278614044198 -0.10499340295791625 0.28535890579223638 258.40061950683599 11257.500000000002 0.090510379523038878 11567.500000000002 2.9390091896057133 31.66057109832764 5126.4748535156259 607.50000000000011 -0.72982063889503468 0.8491516411304475 -7.4195833206176749 6.0000000000000009 0.21488393843173983 493.03727722167974 6.6588077545166025 27.839842796325687 19.741275787353519 12.573323726654055 -10.382286071777342 2782.5000000000005 0.90000000596046459 0.90000000596046459 6.0000000000000009
decision_type=2 2 2 2 2 2 2 2 2 2 2 2 2 2 2 2 2 2 2 2 2 2 2 2 2 2 2 2 2 2
left_child=1 -1 10 4 5 7 8 21 -7 17 11 13 15 20 -15 22 -16 18 -5 -6 24 -4 -13 -9 -3 -2 27 29 -28 -27
right_child=25 2 3 9 19 6 -8 23 -10 -11 -12 12 -14 14 16 -17 -18 -19 -20 -21 -22 -23 -24 -25 -26 26 28 -29 -30 -31
leaf_value=0.00050452383301173597 0.028557191033097468 -0.00086726371933957224 -0.028366082864149517 -0.011292260193329842 -0.049181895672566117 0.025381674552464713 -0.038605352219436881 -0.04157734574132152 -0.056210902485018137 0.068508856917510949 0.040926570091164315 -0.058366462183623014 -0.024282699491269474 0.055578335258916811 -0.0090601226513716219 0.067966757132339836 0.034126609736470109 -0.012909934573213072 -0.060474437023750993 0.080247822045899919 0.011216294269309368 0.058787432949519026 0.040158882408715478 0.013340931674444508 -0.02907939783729124 -0.001041690062036292 -0.020119103443977333 -0.036801819411641061 0.018589615098549853 0.062067736176304622
leaf_weight=2665694.6249407008 3494.8916359394789 3472.4251079708338 7198.0367285013199 2672.1302606165409 2552.5192336440086 10071.541424453259 972.87418566644192 724.02834543585777 479.70529505610466 328.46816055476665 1679.1621563732624 352.91888816654682 1000.5768609791994 1817.262284591794 7653.8488791137934 1786.2499832957983 1875.1273119151592 7840.5128296613693 3693.3769013434649 136.02413626015186 2674.5247690975666 260.01668456196785 443.11170791089535 4896.5293829739094 7233.2105266302824 1361.1110923141241 7307.8661655187607 2011.5267204940319 6033.5316776782274 3270.8076643049717
leaf_count=7713413 8491 9912 24437 9427 9425 25387 3432 2556 1806 616 4109 1352 3348 3899 24187 3328 4651 25630 14313 248 7770 549 1100 13797 25658 3996 23574 7011 16242 5965
internal_value=0.000435865 0.000369264 -0.00465135 -0.00979026 -0.00282944 0.00151844 0.0165751 -0.0117485 0.0216667 -0.0228591 0.00251597 0.000236106 0.0263196 -0.0035441 0.00843624 0.0459306 -0.000558554 -0.0249767 -0.0398344 -0.0426043 -0.0137035 -0.0253194 -0.00353432 0.00625945 -0.0199301 0.00820033 0.00463888 0.019201 -0.00261296 0.0435254
internal_weight=2.76099e+06 2.73751e+06 71814.2 41825.8 27291.3 24602.7 11524.1 13078.6 10551.2 14534.5 29988.4 28309.3 3582.86 24726.4 11346.2 2582.28 9528.98 14206 6365.51 2688.54 13380.2 7458.05 796.031 5620.56 10705.6 23479.7 19984.8 6643.45 13341.4 4631.92
internal_count=7999629 7934350 220937 131623 81637 71964 30625 41339 27193 49986 89314 85205 9128 76077 32737 5780 28838 49370 23740 9673 43340 24986 2452 16353 35570 65279 56788 16972 39816 9961
is_linear=0
shrinkage=0.05


Tree=94
num_leaves=31
num_cat=0
split_feature=31 36 42 53 87 25 53 48 12 25 100 11 45 62 77 85 50 21 94 25 25 73 50 22 36 50 48 26 62 25
split_gain=550.065 1127.61 976.361 1193.3 1984.93 2566.91 1970.31 1541.76 1310.57 1142.15 1028.97 894.822 889.684 885.44 883.223 864.995 1004.6 973.029 959.505 1082.51 901.29 1178.26 841.364 786.607 2075.14 1275.99 923.784 1593.15 1619.78 982.306
threshold=397.08212280273443 -4.4484536647796622 0.99108222126960765 1.0000000180025095e-35 1.0000000180025095e-35 1.2535648941993716 0.87837970256805431 -0.86046862602233876 0.024785546585917476 1.1072242856025698 243835.89843750003 0.017957075498998169 0.99345913529396068 16.050211906433109 1.5606444478034975 0.90000000596046459 167.50000000000003 6.5000000000000009 2621.768188476563 3.9965246915817265 4.8566527366638192 11.989504814147951 332.50000000000006 3.5000000000000004 -27.922172546386715 357.50000000000006 0.95032352209091198 -1.1934705376625059 49.925611495971687 1.1477553248405459
decision_type=2 2 2 2 2 2 2 2 2 2 2 2 2 2 2 2 2 2 2 2 2 2 2 2 2 2 2 2 2 2
left_child=1 14 3 9 6 12 7 8 -5 -2 11 -8 -6 -9 -1 16 20 -17 -19 -20 21 -11 -3 26 -25 -26 -4 29 -29 -28
right_child=2 22 23 4 5 -7 10 13 -10 15 -12 -13 -14 -15 -16 17 -18 18 19 -21 -22 -23 -24 24 25 -27 27 28 -30 -31
leaf_value=0.0043473548252416219 -0.033629890277808161 -0.00047870690980367334 0.00012190333567460533 0.071251389108732452 -0.015042821476664312 -0.024404401318741217 0.043853574163088278 0.062031630571483434 0.0010748212895566086 0.0071612329232208054 0.045174367117074052 -0.0074666840563912956 0.043691793969230591 -0.024169614007118881 0.0010289775592296588 0.041232338301082035 -0.075692163075894353 0.031015718229564743 -0.028461214551869302 0.027128355117136755 -0.043293525129809593 0.037882931223043093 -0.013058802451745434 0.015184861081916759 -0.002534011357845744 -0.018206498977822824 0.01183536293170445 0.00063729775306279625 0.031397370863076965 0.03908118171623845
leaf_weight=308161.57229042053 1964.9964521229267 455398.80421985686 925362.2679701224 841.18956908583641 948.38691559433937 24893.129739612341 1171.9088372737169 307.19423840939999 3168.3567092865705 8729.8918299078941 2937.3220039457083 3078.1160543859005 2009.3152989298105 8947.9131372720003 574078.91742024571 948.72026570141315 307.92688499391079 1088.9867752492428 5519.3425356149673 1039.9714868366718 623.34416732192039 4857.5855771303177 13689.566729560494 16035.789740130305 256802.93908886611 13678.068112999201 19188.535761609674 96532.03829587996 4477.3467765897512 3997.1315937042236
leaf_count=842048 6863 1317007 2694793 1771 2930 80607 2852 644 9205 24200 6865 9414 4549 29645 1684302 2297 1209 2995 18475 2640 2104 11044 42725 43458 757984 44063 52524 279909 11019 9488
internal_value=0.000414109 0.00113489 -0.000276947 -0.0058921 -0.0104865 -0.0191719 0.00134122 -0.0100821 0.015813 0.00295601 0.0224227 0.00669026 0.0248581 -0.0213015 0.00218808 0.00606759 0.0135101 -0.0065009 -0.0124272 -0.019644 0.0154485 0.0181467 -0.000845874 3.14651e-05 -0.00229052 -0.00332664 0.000665347 0.0047144 0.00200112 0.0165341
internal_weight=2.76079e+06 1.35133e+06 1.40946e+06 73383.6 48302.8 27850.8 20452 13264.7 4009.55 25080.8 7187.35 4250.02 2957.7 9255.11 882240 23115.8 14518.7 8597.02 7648.3 6559.31 14210.8 13587.5 469088 1.33607e+06 286517 270481 1.04956e+06 124195 101009 23185.7
internal_count=7999629 3886082 4113547 220309 148482 88086 60396 41265 10976 71827 19131 12266 7479 30289 2526350 64964 38557 26407 24110 21115 37348 35244 1359732 3893238 845505 802047 3047733 352940 290928 62012
is_linear=0
shrinkage=0.05


Tree=95
num_leaves=31
num_cat=0
split_feature=62 53 36 54 44 55 22 36 37 25 8 54 37 25 25 54 90 48 41 54 21 87 54 99 42 13 87 13 85 90
split_gain=593.694 1006.66 984.298 907.717 673.784 715.809 594.121 1568.39 2576.26 1725.51 2024.3 1649.51 1637.86 1568.2 1584.01 1483.21 3493.72 2205.47 2253.08 1866.75 1640.39 1470.93 1359.11 1351.56 1343.06 1868.13 2429.18 1362.54 1384.61 1334.86
threshold=10.086773395538332 0.87837970256805431 0.90253022313117992 629947.50000000012 1.000430762767792 9862.5000000000018 1.5000000000000002 -0.76872324943542469 -2.3415509462356563 0.92491778731346141 -0.0028071175329387184 4572.5000000000009 -7.0173587799072257 2.7789710760116582 1.6021302938461306 397757.50000000006 2712.619506835938 -0.3317298144102096 1.0046154856681826 717542.50000000012 3.5000000000000004 1.0000000180025095e-35 2142.5000000000005 182624.92187500003 1.004968583583832 0.035451980307698257 1.0000000180025095e-35 0.015863521955907348 0.90000000596046459 2747.772094726563
decision_type=2 2 2 2 2 2 2 2 2 2 2 2 2 2 2 2 2 2 2 2 2 2 2 2 2 2 2 2 2 2
left_child=1 2 4 -4 5 -1 7 8 12 10 -10 -12 22 14 -14 23 19 18 29 -17 -19 -13 -2 -9 25 26 -25 28 -26 -18
right_child=6 -3 3 -5 -6 -7 -8 15 9 -11 11 21 13 -15 -16 16 17 20 -20 -21 -22 -23 -24 24 27 -27 -28 -29 -30 -31
leaf_value=-0.010075942457608636 -0.021137578301283644 -0.021095289501881977 -0.02284765802692543 0.025274128836677623 0.010703944403164094 0.024133638123131816 -1.218548033399766e-05 -0.013430440752575008 -0.0099174896685498212 0.0079652682728589812 -0.022386534779181049 -0.00097607274357408135 -0.0070794642031270505 0.0087119505513137581 -0.027160176507244862 -0.014678204882451638 0.035374162915045478 0.02579816777238066 0.057762014662051379 0.012679731638805886 -0.0072025070756130813 0.0076536205815696812 0.0045397741340582748 0.0010051312629545824 0.057125380570398399 0.0086420147887828185 -0.021226607105579762 0.0012902817880321455 -0.011961808288593343 0.0092708260971687533
leaf_weight=10890.135595425963 5728.7453584074974 8289.2799439281225 7404.5901547670364 1128.4694600105286 13771.486302539706 1777.8473328053951 1898122.5878147781 33926.47002594173 31923.894174471498 214203.5316516757 5945.8273196071386 80460.079539038241 27131.841502606869 8917.3414219915867 15392.657310381532 27966.529870226979 6400.7804303765297 4767.2299703508615 3547.2118165940046 8023.3078863322735 17908.44180200994 127821.00582337379 51230.098557017744 21343.85957531631 2201.6249574273825 14381.069080755115 28954.594963505864 59216.909368336201 1080.6064877659082 20853.905623018742
leaf_count=33129 20226 26647 23933 2880 38092 4597 5522454 105238 97049 591232 19286 238257 82927 24732 50251 86779 15417 12171 7355 21990 52999 345872 145899 62590 4783 39931 91195 172058 3364 56948
internal_value=0.000381023 -0.00543015 -0.00171651 -0.0164809 0.00304879 -0.00527299 0.00047354 0.00159882 0.00305084 0.00468379 0.00182817 0.00357856 -0.00388388 -0.010351 -0.0143487 -0.00169699 0.00346506 0.0115706 0.0202826 -0.00857891 -0.000263543 0.00431991 0.00195681 -0.0045637 -0.00219826 -0.00724908 -0.0117928 0.00302872 0.0343816 0.0154025
internal_weight=2.76071e+06 43261.8 34972.5 8533.06 26439.5 12668 2.71745e+06 819328 568755 460354 246151 214227 108401 51441.8 42524.5 250573 89467.4 53477.6 30801.9 35989.8 22675.7 208281 56958.8 161105 127179 64679.5 50298.5 62499.1 3282.23 27254.7
internal_count=8000281 129278 102631 26813 75818 37726 7871003 2348549 1615731 1291696 700464 603415 324035 157910 133178 732818 253659 144890 79720 108769 65170 584129 166125 479159 373921 193716 153785 180205 8147 72365
is_linear=0
shrinkage=0.05


Tree=96
num_leaves=31
num_cat=0
split_feature=65 39 50 35 42 13 87 94 50 39 100 25 42 25 37 87 53 50 86 55 87 43 28 37 12 55 25 37 36 87
split_gain=585.39 1253.66 906.114 1079.26 980.568 935.557 1942.19 1312.62 921.391 868.776 851.998 650.754 1581.76 1417.81 1274.03 1259.15 2225.25 1478.83 1834.46 1253.99 1272.56 1227.79 1173.82 1141.44 2067.79 1317.08 1440.06 1164.57 1132.51 2439.44
threshold=0.52747833728790294 -2.6771029233932491 -1.0000000180025095e-35 5.6691951751708993 1.0015380978584292 0.01364848203957081 1.0000000180025095e-35 3382.319946289063 57.500000000000007 -10.424201488494871 174916.40625000003 2.9390091896057133 0.99533188343048107 3.0152827501297002 30.111252784729007 1.0000000180025095e-35 1.0000000180025095e-35 -607.49999999999989 6.0000000000000009 10727.500000000002 1.0000000180025095e-35 0.99652737379074108 0.82500001788139354 1.0000000180025095e-35 0.018509035930037502 -746422.49999999988 1.7745926976203921 12.391767024993898 -28.666570663452145 1.0000000180025095e-35
decision_type=2 2 2 2 2 2 2 2 2 2 2 2 2 2 2 2 2 2 2 2 2 2 2 2 2 2 2 2 2 2
left_child=11 2 9 4 5 6 8 -8 -4 -2 -5 12 15 19 22 23 -17 18 -18 20 -13 -20 -15 24 -1 -25 -27 -28 29 -14
right_child=1 -3 3 10 -6 -7 7 -9 -10 -11 -12 13 28 14 -16 16 17 -19 21 -21 -22 -23 -24 25 -26 26 27 -29 -30 -31
leaf_value=0.017397144399274946 -0.0090051716975541717 -0.0018074724888816494 0.039852500934798002 0.0069356040147713384 -0.0041208480634103073 0.0026610695728252927 0.031046297684812291 -0.027094873495842126 -0.011423011792904504 0.0012722795404977272 0.028962251581705917 0.036905416846479695 -0.0061083148574569614 0.0049099408697313024 0.021040599538879996 0.0040605998643992542 -0.0052820284532516118 -0.0070120077554055695 -0.022617502915159321 0.047474784905639084 -0.022184963977747559 -0.053126476124148718 -0.007759223076632034 0.081699299559194388 -0.0098844666381048222 -0.00047812099154483914 0.028991670510275316 -0.018784652024047294 0.00094641005929254154 0.01751409516596894
leaf_weight=8783.5651565343142 23609.990600965917 678101.9130686149 1007.3864754885435 9613.6306940764189 28891.995230697095 42305.639922462404 12808.455843791366 1049.5148549973965 6677.9612837284803 159261.26562259346 8081.4929820150137 1721.3283412307501 17279.885645747185 65071.401655688882 9034.5158498883247 31338.209012165666 9903.9206348508596 52534.237789452076 9542.6031860858202 3515.1915735155344 1933.5091915279627 5041.3857146948576 25425.832831159234 599.10379448533058 33175.252570837736 21452.03033401072 8936.965506374836 1486.9820129871368 1452646.8414973244 29732.371001556516
leaf_count=24431 71284 1986624 2481 27217 85732 121491 30683 3388 20836 456094 20296 4176 53156 184150 23931 87513 31498 156749 29498 7537 6163 17687 77647 1243 103870 63542 22812 4773 4196193 77586
internal_value=0.000361998 -0.000626135 0.002105 0.00568114 0.0035219 0.00698037 0.0154616 0.0266411 -0.00469692 -5.46278e-05 0.0169967 0.0008985 0.000658353 0.00468501 0.00313788 -0.00373283 -0.00717217 -0.0117425 -0.0218901 0.0261576 0.0056461 -0.0331671 0.00135035 0.00127411 -0.004173 0.008312 0.00693002 0.0221747 0.0011936 0.00883136
internal_weight=2.76056e+06 971409 293307 110436 92741 63849 21543.3 13858 7685.35 182871 17695.1 1.78916e+06 1.68245e+06 106702 99531.8 182794 108360 77022.1 24487.9 7170.03 3654.84 14584 90497.2 74433.9 41958.8 32475.1 31876 10423.9 1.49966e+06 47012.3
internal_count=8000281 2826126 839502 312124 264611 178879 57388 34071 23317 527378 47513 5174155 4870551 303604 285728 543616 322945 235432 78683 17876 10339 47185 261797 220671 128301 92370 91127 27585 4326935 130742
is_linear=0
shrinkage=0.05


Tree=97
num_leaves=31
num_cat=0
split_feature=81 54 53 90 25 37 22 24 49 29 48 31 90 54 25 25 77 36 22 39 54 55 25 90 55 49 54 13 90 55
split_gain=554.913 2169.58 2048.45 1827.85 1454.24 1573.42 1392.41 2424.74 1978.26 1380.19 1362.8 1550.33 1528.36 1356.42 1301.77 1219.05 1214.81 1132.24 959.299 1292.07 930.283 2086.7 1476.7 955.708 978.418 1093.78 1040.46 925.914 921.791 915.361
threshold=1.0000000180025095e-35 720102.50000000012 1.0000000180025095e-35 2491.143920898438 0.43787427246570593 52.654771804809577 1.5000000000000002 62.110750198364265 -0.75894212722778309 0.14249999821186068 0.61734244227409374 493.03727722167974 2649.430053710938 668312.50000000012 0.89453914761543285 2.3387008905410771 4.2621526718139657 -35.985050201416009 3.5000000000000004 15.248707771301271 650307.50000000012 -665332.49999999988 1.9714748263359072 2594.3249511718755 -667792.49999999988 0.69930991530418407 665857.50000000012 0.0475531853735447 2641.7395019531255 -649692.49999999988
decision_type=2 2 2 2 2 2 2 2 2 2 2 2 2 2 2 2 2 2 2 2 2 2 2 2 2 2 2 2 2 2
left_child=16 3 17 -2 10 6 7 13 14 -9 18 -12 -13 -6 -8 -10 -1 -3 19 28 29 22 23 -22 25 -25 -26 -19 -5 -18
right_child=1 2 -4 4 5 -7 8 9 15 -11 11 12 -14 -15 -16 -17 20 27 -20 -21 21 -23 -24 24 26 -27 -28 -29 -30 -31
leaf_value=0.00026111295244330004 0.050298664549593475 0.042718031350273973 -0.0077602274416192253 -0.026439528221325406 0.0096100543916051023 -0.037402115800536644 -6.1066374357045852e-05 -0.020228680678533936 0.002683503335915053 0.00077782490862170813 -0.031686257415295162 -0.034632120727096448 0.0039555015039836171 0.041126538751316583 -0.013904705530882756 -0.0093136849373844904 -0.11178371595527055 -0.058283625779297146 -0.016872324121297386 0.036251941153285942 0.0076309026255103529 0.04722526532836907 0.058598090614695932 -0.082904169976990849 -0.11592092766956918 0.024125828643278998 0.029263353916904128 0.030881619763839813 0.0029359022090387752 0.0029282190115839032
leaf_weight=2039585.0157283768 1759.2344541251659 336.08219435811043 12540.245786689222 3060.9968815594912 65009.448604553938 2740.4048001468182 27734.757212921977 9432.3482307344675 169980.04061755538 45700.548675738275 10490.737352073193 3459.2015298455954 9929.2737856209278 3602.4569143652916 43800.030066221952 24185.742824971676 173.04141667485237 4292.2741733118892 8062.1730253845453 2605.2244753539562 22058.980965584517 3733.2379274815321 1325.5615897923708 942.00073187053204 141.82796639204025 319.00638082623482 906.33501163125038 311.65234811604023 20889.491099298 221361.18729138374
leaf_count=5885620 3926 939 42500 10722 183938 10035 85152 31684 516275 138634 37023 12755 30288 8922 141975 77555 703 18517 27313 6979 56331 7464 2447 3496 583 739 2031 913 63488 591334
internal_value=0.000343931 -0.00122118 -0.018505 -0.000553366 -0.000751989 0.000344922 0.000610644 0.00499153 -0.00142966 -0.00281626 -0.00810604 -0.0172946 -0.00601591 0.0112655 -0.00853753 0.00118904 0.000665028 -0.0457726 -0.00176736 0.0028187 0.00394765 0.0123002 0.00722379 0.00442667 -0.0261705 -0.0558264 0.0095218 -0.0522413 -0.000819169 0.00283809
internal_weight=2.76047e+06 469922 17480.3 452442 450683 392186 389445 123745 265701 55132.9 58497.1 23879.2 13388.5 68611.9 71534.8 194166 2.29055e+06 4940.01 34617.9 26555.7 250961 29427 25693.7 24368.2 2309.17 1261.01 1048.16 4603.93 23950.5 221534
internal_count=8000281 1449533 62869 1386664 1382738 1194170 1184135 363178 820957 170318 188568 80066 43043 192860 227127 593830 6550748 20369 108502 81189 665128 73091 65627 63180 6849 4235 2614 19430 74210 592037
is_linear=0
shrinkage=0.05


Tree=98
num_leaves=31
num_cat=0
split_feature=45 25 36 53 90 36 85 35 62 25 25 90 35 37 50 42 94 37 85 85 90 21 62 62 51 13 13 55 35 50
split_gain=544.553 1121.92 1064.1 3000.18 2031.37 1663.59 1711.13 2624.74 1188.49 1251.51 1129.12 1625.96 1246.54 1028.6 974.381 964.39 1189.82 944.828 938.849 938.231 1687.66 1501.92 860.152 841.985 761.236 752.653 1005.13 1136.63 1179.96 966.022
threshold=1.0020413398742678 0.73161095380783092 -4.6424884796142569 0.6078576147556306 4055.9396972656255 -27.922172546386715 0.90000000596046459 -2.1442407369613643 17.58271408081055 2.7789710760116582 2.2024819850921635 4734.4499511718759 36.175628662109382 -2.923258781433105 -272.49999999999994 1.0084443688392641 4558.4348144531259 10.631875991821291 0.90000000596046459 0.90000000596046459 4686.9499511718759 22.500000000000004 24.695431709289554 11.354195117950441 -222.49999999999997 0.082292746752500548 0.033241445198655135 24497.500000000004 18.555648803710941 -662.49999999999989
decision_type=2 2 2 2 2 2 2 2 2 2 2 2 2 2 2 2 2 2 2 2 2 2 2 2 2 2 2 2 2 2
left_child=-1 17 3 4 5 18 7 -7 24 15 11 14 -12 -8 -6 16 -10 -2 -3 21 -21 -11 -19 -4 -5 26 29 28 -28 -25
right_child=1 2 23 8 10 6 13 -9 9 19 12 -13 -14 -15 -16 -17 -18 22 -20 20 -22 -23 -24 25 -26 -27 27 -29 -30 -31
leaf_value=0.0007091031517970388 0.0071819362161095737 0.043246819726130308 -0.015675981417408294 -0.028719710232693686 -0.015878695473849697 0.0072325011871909239 -0.065952838279073708 -0.035519537777893018 0.0047945292652890256 0.045001241649119061 -0.018304544574242385 0.01831514928231073 0.062592773467186072 -0.0048068346223502471 0.0039814265068635691 0.025079363261291138 -0.021639873011204458 -0.014411555090445735 -0.02237560217405072 -0.018906579233125442 0.06221919826353467 -0.034413128563480604 -0.0041639042862570003 -0.0013471075411376678 -0.0011778472569866309 0.026760525244481997 -0.0047284683624730173 0.033632059506743049 0.019664950022147923 0.005412385770873049
leaf_weight=2129124.1156075075 12950.353496365249 1722.6429179757833 6967.9758971184492 3721.1438415497541 10979.291575595737 4372.6149936318398 716.45448756217957 20049.2278739959 38209.863900646567 5315.2118977159262 12016.905890569091 11042.089312642813 494.84521117806435 16649.276883296669 14113.849803820252 4985.108704611659 4789.4128069877625 29029.17129188031 796.23841388523579 2394.7729184478521 874.28348816931248 669.64625841379166 69513.266074746847 76055.495395965874 7698.0791139304638 3011.366784542799 91358.023951098323 2115.9130167961121 5240.8868095874786 173273.72987562418
leaf_count=6150169 36739 3872 21932 12272 34169 12138 2939 67124 107789 11729 39148 29277 1014 51721 40565 12727 15540 91451 2668 7643 1807 2309 209230 226461 22420 7470 271696 5180 14027 487055
internal_value=0.000326741 -0.00096316 1.3322e-05 -0.00335434 -0.00920922 -0.0169542 -0.0193331 -0.0278648 0.00457235 0.00751072 -0.00215498 0.00232731 -0.0150999 -0.00733346 -0.00470829 0.00426354 0.00184962 -0.00551425 0.0225004 0.0243455 0.00280074 0.0361105 -0.00718288 0.0015335 -0.010155 0.00187514 0.00165974 -0.00261053 -0.00340478 0.00335045
internal_weight=2.76025e+06 631127 519634 161611 92953.4 44306.5 41787.6 24421.8 68657.5 57238.3 48647 36135.2 12511.8 17365.7 25093.1 47984.4 42999.3 111493 2518.88 9253.91 3269.06 5984.86 98542.4 358023 11419.2 351055 348044 98714.8 96598.9 249329
internal_count=8000281 1850112 1512692 478871 284635 140462 133922 79262 194236 159544 144173 104011 40162 54660 74734 136056 123329 337420 6540 23488 9450 14038 300681 1033821 34692 1011889 1004419 290903 285723 713516
is_linear=0
shrinkage=0.05


Tree=99
num_leaves=31
num_cat=0
split_feature=86 77 104 77 42 39 22 55 39 30 37 77 81 54 94 54 55 25 99 55 35 25 99 55 22 99 22 26 36 22
split_gain=539.922 961.04 684.923 1143.61 1014.81 1626.51 750.763 753.939 714.462 967.055 696.472 650.567 1191.77 1908.02 1613.93 1522.38 3627.31 2510.02 1483.21 1466.37 1436.73 2335 1787.56 1273.22 2390.6 1535.18 1230.58 1031.64 885.907 876.712
threshold=6.0000000000000009 2.3664708137512211 7.7329246997833261 0.96901690959930431 1.0008050799369814 5.3749639987945566 1.5000000000000002 -579462.49999999988 1.0000000180025095e-35 0.90749999880790722 4.3758461475372323 3.0000000000000004 1.0000000180025095e-35 720102.50000000012 2491.1965332031255 650307.50000000012 -665332.49999999988 1.997237026691437 113708.82421875001 -649692.49999999988 -11.122538089752195 2.4716013669967656 329494.56250000006 -717222.49999999988 2.5000000000000004 121077.90234375001 1.0000000180025095e-35 -2.441405057907104 -5.4972059726715079 3.5000000000000004
decision_type=2 2 2 2 2 2 2 2 2 2 2 2 2 2 2 2 2 2 2 2 2 2 2 2 2 2 2 2 2 2
left_child=2 -2 3 4 5 -1 7 10 -6 -10 -7 -3 15 14 -14 19 17 18 -17 -13 22 -22 -21 24 -16 -25 -15 -28 -18 -29
right_child=1 11 -4 -5 8 6 -8 -9 9 -11 -12 12 13 26 23 16 28 -19 -20 20 21 -23 -24 25 -26 -27 27 29 -30 -31
leaf_value=0.0054469829591575333 0.0020884336577888874 -0.0016832092363621935 -0.00015894512858360756 -0.0012763162986570869 -0.0353344237309055 0.050953456074525498 -0.040046699490152105 -0.039907651355223769 -0.020145313351700569 0.020703311523533996 -0.023270789209368013 -0.10120970241842514 0.049059325002195758 -0.078107269431982471 -0.002875863224393906 0.0055845514508817834 0.02981871168285959 0.054335103748941439 -0.024347814943702677 -0.0064635027717708654 0.0010233374288821085 0.014791911452143975 -0.062249871797974032 -0.0081521978583827467 0.10228339984121643 0.00028520151891498369 0.063401817353433254 -0.0103485774545281 0.066369249827971932 -0.039096526703492694
leaf_weight=13383.644714660943 778349.12704460323 444807.03497815877 496895.54615227878 88412.109754666686 5725.3395982682705 779.09001173079014 3651.3854124695063 833.68075115978718 8720.149740755558 1736.6031237095594 530.41569457948208 347.45603981614113 1626.5158114284277 817.84429439902306 1456.3745694309473 42888.882272481918 4445.9628368467093 2474.9994354397058 4579.6510594636202 27159.109352633357 370081.51314243674 33586.575144082308 1515.1921469867229 63962.236653536558 858.20488160848618 343064.20188777149 405.67755937576294 10889.518558062613 2646.6564672142267 3505.7905487716198
leaf_count=40745 2103014 1332562 1508929 272883 20720 1836 13775 2976 30264 4845 1823 1385 3640 3980 4589 112636 10071 4783 13738 78316 1011807 86341 5695 213590 1606 1055147 965 38218 4765 14637
internal_value=0.000310419 0.000687078 -0.000987932 -0.00431591 -0.0119155 -0.00413408 -0.0262613 -0.00276484 -0.0211364 -0.0133596 0.0208903 -0.000114277 0.000647328 -0.00128471 -0.000632779 0.00233028 0.0100086 0.00525634 0.00269619 0.00131811 0.00140075 0.00216898 -0.00941358 -0.000830362 0.0361405 -0.0010407 -0.018437 -0.0151345 0.0434659 -0.0173523
internal_weight=2.76014e+06 2.13947e+06 620668 123772 35360.3 19178.2 5794.57 2143.19 16182.1 10456.8 1309.51 1.36112e+06 916312 426586 410968 489726 57036.2 49943.5 47468.5 432690 432342 403668 28674.3 409341 2314.58 407026 15618.8 14801 7092.62 14395.3
internal_count=8000281 6101485 1898796 389867 116984 61155 20410 6635 55829 35109 3659 3998471 2665909 1336372 1278572 1329537 145993 131157 126374 1183544 1182159 1098148 84011 1274932 6195 1268737 57800 53820 14836 52855
is_linear=0
shrinkage=0.05


Tree=100
num_leaves=31
num_cat=0
split_feature=30 48 55 54 14 87 50 55 54 54 49 40 90 99 54 77 90 87 21 36 62 87 40 86 97 26 40 35 8 36
split_gain=628.226 1493.63 1912 1142.37 1284.84 976.442 1379.55 1531.08 2550.77 2207.21 1273.86 1342.31 1396.5 1137 1833.58 1014.15 859.377 1231.25 1658.71 1068.21 837.167 886.871 1184.84 1397.16 1314.51 1132.08 1154.28 903.764 834.605 876.703
threshold=0.90249997377395641 0.56457334756851207 30682.500000000004 5337.5000000000009 48.534948348999031 1.0000000180025095e-35 -627.49999999999989 -667792.49999999988 706442.50000000012 557502.50000000012 -0.58244305849075306 1.0000000180025095e-35 4672.7949218750009 169506.89062500003 386697.50000000006 1.5606444478034975 5206.6298828125009 1.0000000180025095e-35 17.500000000000004 -5.4018282890319815 46.082304000854499 1.0000000180025095e-35 -0.56174489110708226 6.0000000000000009 -1.8271610140800474 0.4897251576185227 -0.56174489110708226 10.153825283050539 -0.0035647037439048286 17.044054031372074
decision_type=2 2 2 2 2 2 2 2 2 2 2 2 2 2 2 2 2 2 2 2 2 2 2 2 2 2 2 2 2 2
left_child=28 2 3 4 16 10 -7 8 -8 -9 11 15 -13 14 -12 -5 17 19 -19 -2 21 25 24 -24 -23 26 -3 -25 29 -1
right_child=1 20 -4 5 -6 6 7 9 -10 -11 13 12 -14 -15 -16 -17 -18 18 -20 -21 -22 22 23 27 -26 -27 -28 -29 -30 -31
leaf_value=-0.0022979711141610094 0.010574779952050178 -0.018237518588245957 0.044151077228082952 0.0051825549053234029 0.0033782335824645072 -0.010510525581730391 -0.027405821831549611 0.0059381377908328502 0.008503334421903758 0.021605582219299643 0.064900436154333871 0.0098369710074040131 -0.059589693114920607 0.0002844520666335223 0.011816797456832267 -0.0098611667679778161 0.047767067604772728 -0.040274172977872877 0.023903618412019934 -0.0338624884783831 0.0038825160724764683 0.034086102313392999 -0.0093102888343443557 -0.057009794876943701 -0.020137455854464237 -0.029006134711165216 0.024720436445498609 0.036528439678769384 0.00047584736484088878 0.0088709162886336478
leaf_weight=456937.73797061294 4608.2660884857178 2446.53702621907 2810.2248216122389 14253.508510842919 16696.052675440907 12181.952482715249 8315.2069266438484 142356.12097632885 12199.828860893846 26694.782748922706 1825.730665743351 21634.636130020022 748.40002344548702 21789.124473080039 14872.497858606279 52327.304876871407 500.3920161575079 7270.98075273633 1167.7997741550207 1912.9341793358326 10154.622480988503 1628.2885347902775 3386.7541054785252 4388.0285567045212 3558.6184331327677 2713.0946709662676 4329.4808432161808 273.6555442661047 1887772.0934388191 18271.519647777081
leaf_count=1350085 13114 7862 6310 35907 47608 36522 26430 386967 33632 67030 3956 60129 2728 63694 42226 167239 1144 25785 2967 6526 28914 3881 10626 15304 11080 9106 11309 609 5470382 51916
internal_value=0.0003136 0.00215387 0.00307536 0.00275578 -0.00623904 0.00363443 0.00579879 0.00684694 -0.00605184 0.00841232 0.000208315 -0.00307948 0.00751284 0.0078081 0.0176246 -0.00664053 -0.0166249 -0.0187821 -0.0313906 -0.00246291 -0.00805208 -0.0133853 -0.0217486 -0.0337571 -0.00311119 -0.00171874 0.00920897 -0.0515111 4.38168e-06 -0.00186851
internal_weight=2.76003e+06 397045 364166 361356 32156.4 329199 201748 189566 20515 169051 127451 88963.8 22383 38487.4 16698.2 66580.8 15460.4 14960 8438.78 6521.2 32879.1 22724.5 13235.3 8048.44 5186.91 9489.11 6776.02 4661.68 2.36298e+06 475209
internal_count=8000988 1128605 1029914 1023604 97144 926460 550581 514059 60062 453997 375879 266003 62857 109876 46182 203146 49536 48392 28752 19640 98691 69777 41500 26539 14961 28277 19171 15913 6872383 1402001
is_linear=0
shrinkage=0.05


Tree=101
num_leaves=31
num_cat=0
split_feature=31 54 55 25 7 49 85 36 39 55 25 54 85 35 55 55 37 54 45 49 24 24 60 30 90 77 25 54 27 49
split_gain=574.025 1119.31 1393.86 1354.52 1189.99 2068.26 1141.57 1054.11 1049.74 1014.61 1093.38 998.379 2407.49 2798.83 2248.4 2191.33 2039.32 1591.68 1082.32 1367.34 1018.06 1215.3 1188.94 1073.15 1076.25 1013.55 1123.07 907.945 892.349 891.79
threshold=397.08212280273443 777.50000000000011 22362.500000000004 1.997237026691437 0.0047573845367878684 0.16288578510284427 0.90000000596046459 -4.4484536647796622 -5.7175881862640372 24497.500000000004 0.71136632561683666 2482.5000000000005 0.90000000596046459 -3.0312805175781246 6102.5000000000009 6392.5000000000009 -9.2721652984619123 1832.5000000000002 0.98682391643524181 0.45201864838600164 10.566533565521242 51.067039489746101 0.14407725632190707 0.7475000023841859 4546.2265625000009 1.5606444478034975 2.4716013669967656 2142.5000000000005 -0.95700883865356434 -0.3317298144102096
decision_type=2 2 2 2 2 2 2 2 2 2 2 2 2 2 2 2 2 2 2 2 2 2 2 2 2 2 2 2 2 2
left_child=7 3 8 28 5 6 -4 11 -3 -6 -11 12 13 20 17 -15 -16 -14 -17 -20 23 -22 -23 24 -1 26 29 -7 -2 -13
right_child=1 2 4 -5 9 27 -8 -9 -10 10 -12 25 14 15 16 18 -18 -19 19 -21 21 22 -24 -25 -26 -27 -28 -29 -30 -31
leaf_value=-0.042476055482315894 0.052180789628696572 0.0022167864288160119 -0.059908135186838622 -0.030051572291616997 -0.030422011859336368 -0.026126116115396919 -0.018746989507293681 -0.00088135461226554164 -0.0011346027564132579 -0.029615710332311942 0.027448353363020601 0.0068788577739627588 0.073450391626415992 -0.04076241847353021 0.053600188810560993 0.078130495576987535 -0.0010742713678103175 0.0055237722002031767 0.0086958837592380576 -0.0169918141511733 -0.038728217629658862 0.059888867099987364 -0.069781688420061008 -0.033118169090455195 0.057323299009023138 0.0012696673959185067 0.013269351637088809 0.0081556679735346159 0.010951713296019037 0.0008601785660689483
leaf_weight=368.98027344048023 1396.2124237120152 299572.47976155579 3732.4927372485399 1938.9621884077787 1581.0811824649572 3020.9514264911413 3072.4517939388752 469062.53974847496 1061834.1189024895 1061.8231651335955 3993.2589730471373 119757.03670942038 2031.2429816573858 3235.491726025939 1818.8368767797947 467.94270423054695 27147.707662343979 1498.7947913110256 18436.3799687922 7203.7873866558075 11568.344278417528 616.08172708749771 246.77931153774261 1288.035367757082 1000.9841889888048 523541.32489141077 35746.675705879927 5350.8259856402874 21671.253454819322 126622.21627020091
leaf_count=1293 3013 861164 14753 6362 5492 10428 10028 1360193 3113029 3799 10094 317548 4007 11116 4156 860 82726 4323 50760 23436 43409 1335 1004 4745 2210 1528088 92308 15551 59505 354253
internal_value=0.000297945 -0.000408512 -0.000598053 0.0100753 -0.013137 -0.0208591 -0.04133 0.00103397 -0.000397137 0.00452294 0.0154575 0.00205189 -0.00339017 -0.0109545 0.00695243 -0.00195527 0.00236035 0.044621 0.00285516 0.00147817 -0.0284534 -0.0344584 0.0227593 -0.00036433 0.0304288 0.00257154 0.00498738 -0.00421594 0.0134496 0.0037857
internal_weight=2.75989e+06 1.40823e+06 1.38322e+06 25006.4 21812.9 15176.7 6804.94 1.35166e+06 1.36141e+06 6636.16 5055.08 882597 76929.4 44432.8 32496.6 29343.6 28966.5 3530.04 26108.1 25640.2 15089.2 12431.2 862.861 2658 1369.96 805667 282126 8371.78 23067.5 246379
internal_count=8000988 4113218 4044338 68880 70145 50760 24781 3887770 3974193 19385 13893 2527577 235380 140168 95212 86172 86882 8330 75056 74196 53996 45748 2339 8248 3503 2292197 764109 25979 62518 671801
is_linear=0
shrinkage=0.05


Tree=102
num_leaves=31
num_cat=0
split_feature=30 55 48 26 36 54 62 54 87 90 50 39 25 36 36 65 42 42 31 54 55 87 77 87 25 55 36 24 25 36
split_gain=557.699 1358.01 1193.95 1054.75 1646.92 1452.61 1398.86 1365.41 1526.25 1250.68 1003.35 771.816 766.728 1226.35 794.071 743.472 740.062 733.632 732.448 1143.69 1597.39 1649.76 2631.11 1194.74 2015.04 1823.37 1728.82 2705.75 1583.85 1547.43
threshold=0.90249997377395641 30682.500000000004 0.56457334756851207 1.4383708834648135 -7.5138485431671134 314582.50000000006 25.630069732666019 476597.50000000006 1.0000000180025095e-35 2696.430053710938 -377.49999999999994 -3.8963720798492427 0.66617482900619518 -4.9380626678466788 -3.5633875131607051 0.71658039093017589 0.99645286798477184 1.0086629986763003 498.71913146972662 1352.5000000000002 2242.5000000000005 1.0000000180025095e-35 1.5606444478034975 1.0000000180025095e-35 3.05855405330658 -748937.49999999988 2.591514110565186 36.360511779785163 0.43787427246570593 13.174917697906496
decision_type=2 2 2 2 2 2 2 2 2 2 2 2 2 2 2 2 2 2 2 2 2 2 2 2 2 2 2 2 2 2
left_child=15 2 3 6 5 -5 10 -6 17 -10 12 -4 13 -2 -14 18 -8 -9 19 20 21 -1 -23 25 -25 -21 27 -26 -27 -28
right_child=1 -3 11 4 7 -7 16 8 9 -11 -12 -13 14 -15 -16 -17 -18 -19 -20 23 -22 22 -24 24 26 28 29 -29 -30 -31
leaf_value=0.0692824810022898 0.0068330785116627948 0.034856828470866158 0.010421847298676451 0.0085859834179717511 0.0061577113706417722 -0.07500068417325452 0.0019346361614207327 0.0097344772722063669 0.023347902515559397 0.063918046714822763 -0.0055712522360360705 -0.010736967046665805 0.0091960590435164729 0.036202217926047095 0.0011920767573009717 -0.0016657048861743998 -0.0048981574401994526 -0.053014576398620242 -0.00052358405000928611 -0.035900565263637434 -0.010180378221939002 0.05060363690540684 -0.092523063737734487 0.0024466917558606093 0.0046101819189785787 -0.009222184355382369 -0.056543517622788177 0.031788036656474936 0.0011864968631314001 0.029330934121083452
leaf_weight=1334.5035205930471 10540.283500671387 3122.3693033605814 5111.8644813373685 1035.4126527756453 27706.165754005313 1042.15756046772 74217.472039461136 3638.0325497239828 4930.7182120531797 3091.8888169229031 19992.215105369687 27441.999557942152 60225.983978129923 5362.8824223130941 63831.791767016053 525977.41006070375 85028.680068664253 533.17633349448442 926261.53716780245 3592.4114719182253 33584.336375318468 762.47511225938797 553.16622899472713 492898.65541417152 20350.174028329551 41679.5375950858 1547.7999253422022 16651.625695064664 296786.24194350839 792.4386188685894
leaf_count=2730 28950 7383 14120 2863 77182 4081 211574 10484 12370 5979 59008 83498 165398 12864 181751 1543502 249071 2029 2711425 13620 106374 1761 2269 1382451 57413 130354 5604 39756 873167 1957
internal_value=0.00028304 0.0020174 0.00175688 0.00258352 0.0100343 -0.0333565 0.00160363 0.0122945 0.0262363 0.0389902 0.00490629 -0.00741407 0.00640298 0.0167389 0.00507783 -8.26356e-06 -0.00171368 0.00170172 0.000466353 0.00147339 -0.00723098 0.0301336 -0.00959528 0.00183415 0.0033159 -0.000471421 0.0142053 0.0168415 -9.52633e-05 -0.0274629
internal_weight=2.75963e+06 396853 393731 361177 41977.6 2077.57 319199 39900 12193.8 8022.61 159953 32553.9 139961 15903.2 124058 2.36277e+06 159246 4171.21 1.83679e+06 910533 36234.5 2650.14 1315.64 874299 532241 342058 39342 37001.8 338466 2340.24
internal_count=8000988 1128605 1121222 1023604 114988 6944 908616 108044 30862 18349 447971 97618 388963 41814 347149 6872383 460645 12513 5328881 2617456 113134 6760 4030 2504322 1487181 1017141 104730 97169 1003521 7561
is_linear=0
shrinkage=0.05


Tree=103
num_leaves=31
num_cat=0
split_feature=86 77 55 39 73 45 46 22 49 48 25 77 81 54 90 54 54 25 99 55 55 54 13 42 25 42 55 22 99 22
split_gain=573.618 818.232 637.578 1035.74 1099.14 1001.38 970.405 653.506 890.359 715.155 622.289 610.003 968.273 1767.27 1401.11 1389.88 2793.6 1953.65 1879.05 1752.68 1582.1 2195.36 1411.08 1396.01 1242.31 1757.02 1118.39 2230.76 1373.86 1106.2
threshold=6.0000000000000009 2.3664708137512211 -656412.49999999988 -4.9302642345428458 2.1679099798202519 1.001710116863251 0.052052509039640434 1.5000000000000002 0.18436925113201144 0.8491516411304475 1.0344496965408327 3.0000000000000004 1.0000000180025095e-35 720102.50000000012 2491.143920898438 629947.50000000012 616127.50000000012 1.997237026691437 117597.51953125001 -667792.49999999988 -608842.49999999988 607020.00000000012 0.011056306306272747 0.994318187236786 0.57030043005943309 1.0028834939002993 -717222.49999999988 2.5000000000000004 121077.90234375001 1.0000000180025095e-35
decision_type=2 2 2 2 2 2 2 2 2 2 2 2 2 2 2 2 2 2 2 2 2 2 2 2 2 2 2 2 2 2
left_child=2 -2 3 6 5 7 -1 8 9 -5 -8 -3 15 14 -14 16 20 18 22 -20 23 -22 -17 -13 25 -18 27 -16 -28 -15
right_child=1 11 -4 4 -6 -7 10 -9 -10 -11 -12 12 13 29 26 17 24 -19 19 -21 21 -23 -24 -25 -26 -27 28 -29 -30 -31
leaf_value=0.021772417193272376 0.0019508131646942763 -0.0016016369381944996 -0.00053332092028812803 0.0026793019036497473 -0.0014294361856180989 -0.037714808540353383 -0.018321416279160042 -0.017427983988595949 -0.01596603004593045 0.055231735632196993 0.0087771018913769105 -0.097636202156598503 0.046230457134764452 -0.075334399060213372 -0.0042053915824043523 0.025489620963774575 0.009195874459019697 0.052618378354307785 -0.039218775647943113 0.027549519853957701 0.0015442379459218376 -0.071945792181506651 -0.00056118135644801261 0.04526325010607344 -0.050284141779096396 -0.092895964214946392 -0.0075662603653541263 0.096783132319832113 0.00041533409990133292 -0.014526268089066244
leaf_weight=5780.448682025075 777880.03850200027 444667.38758839667 558250.03900174052 1657.212580755353 22904.356989346445 4576.774884738028 4243.8279159888625 14879.719674959779 3104.249919116497 1061.7224642336369 4228.3076485395432 180.45269736647606 1599.6327355355024 786.77657128870487 1447.8275228589773 5897.3028873205185 2598.8762181401253 2456.616375297308 1057.311216160655 13802.545839935541 411558.98551808298 1017.7373924702406 43787.182834208012 2955.0063354969025 3691.9503035545349 501.96704106032848 63960.039480000734 877.53659248352051 343230.68041540682 14828.856049694121
leaf_count=15857 2102747 1332518 1697389 4943 71730 17451 14566 51704 10356 2473 13128 724 3585 3917 4589 13750 6744 4771 3440 31720 1125616 3781 118458 6123 12488 1983 213644 1626 1055016 54151
internal_value=0.000268917 0.000657267 -0.00106926 -0.00586099 -0.00936343 -0.0165514 0.00597926 -0.011871 0.00232828 0.0232152 -0.00479695 -8.21092e-05 0.000655342 -0.00108552 -0.000458379 0.00217296 0.00111197 0.00886338 0.00719715 0.0227962 0.00163173 0.00136277 0.00253127 0.037009 -0.0306916 -0.00735384 -0.000640878 0.0339283 -0.000838389 -0.017595
internal_weight=2.75947e+06 2.13878e+06 620687 62436.6 48184 25279.7 14252.6 20702.9 5823.18 2718.94 8472.14 1.3609e+06 916237 426731 411116 489506 422505 67001 64544.3 14859.9 415712 412577 49684.5 3135.46 6792.79 3100.84 409516 2325.36 407191 15615.6
internal_count=8000988 6101391 1899597 202208 158657 86927 43551 69476 17772 7416 27694 3998644 2666126 1336528 1278460 1329598 1157459 172139 167368 35160 1136244 1129397 132208 6847 21215 8727 1274875 6215 1268660 58068
is_linear=0
shrinkage=0.05


Tree=104
num_leaves=31
num_cat=0
split_feature=79 79 65 39 31 81 36 53 25 25 39 13 55 50 35 94 55 55 39 25 53 36 38 55 94 26 55 36 55 35
split_gain=564.074 665.575 562.254 1199.49 801.628 874.042 773.762 857.089 1288.74 1182.32 764.825 838.011 876.794 751.696 961.438 769.446 755.03 928.989 732.953 676.189 1025.87 663.637 661.925 637.324 1742.05 1285.59 880.026 1146.13 850.089 607.139
threshold=4.8466784954071054 1.4728745818138125 0.48292568325996404 -2.6771029233932491 397.08212280273443 1.0000000180025095e-35 6.5168063640594491 -1.0000000180025095e-35 0.29166035354137426 2.9390091896057133 -7.0743756294250479 0.022057426162064079 -656412.49999999988 -1.0000000180025095e-35 5.3624529838562021 4169.6599121093759 -656412.49999999988 -574507.49999999988 -10.424201488494871 2.8934686183929448 0.87837970256805431 -44.525583267211907 6.7342450618743905 -717222.49999999988 2491.1965332031255 -0.95863410830497731 -665332.49999999988 1.0617913007736208 -608842.49999999988 -5.76745581626892
decision_type=2 2 2 2 2 2 2 2 2 2 2 2 2 2 2 2 2 2 2 2 2 2 2 2 2 2 2 2 2 2
left_child=1 -1 4 13 5 6 7 8 -3 -9 11 12 -6 18 16 -16 29 -18 -4 20 -8 -5 -14 24 25 -12 27 -25 -28 -15
right_child=-2 2 3 21 10 -7 19 9 -10 -11 23 -13 22 14 15 -17 17 -19 -20 -21 -22 -23 -24 26 -26 -27 28 -29 -30 -31
leaf_value=0.0015721696134112101 0.0012832837627348795 0.030441915008014016 -0.011832031546119663 -0.029773524246853641 0.017188824687982159 -0.00407838466628389 -0.011898960011051981 0.00077330796227932153 0.0060983780826006639 0.013179483995914299 0.022347879189376144 -0.013715992292912524 0.0058001157818535131 -0.079828438706086025 0.011809107042476091 0.042730146566937383 -0.018756724605583863 0.0035623073775939229 0.00055730705015666164 -0.036492792741955701 0.018263594904810856 -0.0033988995786610587 -0.0044329882538829742 -0.0058619556140478372 0.033403115055552782 -0.0069983802662953428 0.0068545347450568207 -0.031035603814717722 -0.0025553858045775546 0.025022297748252938
leaf_weight=397553.4843583703 899673.95556783676 5924.7985095083714 13760.92430447042 2399.3721102327108 11548.772430099547 54620.703095123172 11058.551124557853 216495.84254850447 65912.385202392936 21072.851897843182 4800.6398652717471 6905.4107546955347 46550.121189281344 141.31785000115633 8320.9063134118915 2653.4387195259333 5247.3243502378464 41751.772984519601 90051.636699706316 1820.3408004641533 3782.3132219016552 375420.70755046606 23923.093787416816 20724.855226442218 4609.1739858388901 16750.873102299869 25667.76213696599 5782.7624550163746 369398.2310314551 4646.5819667205215
leaf_count=1071142 2301885 15801 45637 8970 33198 197710 35844 658377 194075 61322 14339 23969 142270 666 25003 6695 17699 129605 279756 6635 10506 1205735 77114 67395 12369 57775 78040 21621 1186922 12913
internal_value=0.000255513 -0.000241802 -0.000735155 -0.0020081 2.02622e-05 0.00177518 0.00275575 0.00332098 0.00810659 0.00187383 -0.0012246 0.00301074 0.00441917 0.00152656 0.00584635 0.019289 0.00299726 0.00106999 -0.00108502 -0.00774004 -0.00421074 -0.00356649 0.00232626 -0.00206582 0.0055067 -0.00046048 -0.00253576 -0.0113549 -0.00194399 0.0219105
internal_weight=2.75897e+06 1.8593e+06 1.46174e+06 544394 917349 380688 326067 309406 71837.2 237569 536662 88927.4 82022 166574 62761.3 10974.3 51787 46999.1 103813 16661.2 14840.9 377820 70473.2 447734 26160.7 21551.5 421574 26507.6 395066 4787.9
internal_count=8000988 5699103 4627961 1732679 2895282 1180270 982560 929575 209876 719699 1715012 276551 252582 517974 192581 31698 160883 147304 325393 52985 46350 1214705 219384 1438461 84483 72114 1353978 89016 1264962 13579
is_linear=0
shrinkage=0.05


Tree=105
num_leaves=31
num_cat=0
split_feature=79 79 77 79 76 65 97 54 35 85 14 30 26 54 8 43 90 90 54 90 54 62 29 85 50 25 13 54 54 46
split_gain=536.296 667.497 488.203 494.231 445.838 404.111 678.142 616.357 549.425 785.434 1037.34 540.689 517.371 585.155 816.792 741.622 731.908 592.695 567.129 617.543 557.195 542.995 530.916 529.965 889.535 482.038 452.936 721.703 654.202 502.188
threshold=5.5216758251190194 3.7942829132080083 0.84770509600639354 7.0962600708007821 273.55223083496099 0.51134309172630321 -5.2697584629058829 749052.50000000012 -15.33886671066284 0.90000000596046459 31.837003707885746 0.61250001192092907 1.7836166024208071 263527.50000000006 -0.0097128953784704191 1.0040985941886904 4072.3886718750005 2661.8945312500005 1522.5000000000002 4632.5349121093759 292.50000000000006 23.224849700927738 0.39249999821186071 0.90000000596046459 -142.49999999999997 1.7279940247535708 0.011197697371244432 447682.50000000006 534600.00000000012 0.056099751964211471
decision_type=2 2 2 2 2 2 2 2 2 2 2 2 2 2 2 2 2 2 2 2 2 2 2 2 2 2 2 2 2 2
left_child=1 5 -2 -4 -3 12 -7 26 -9 11 -11 -10 -1 16 23 17 22 -16 20 -20 -18 -17 -14 -15 -25 -24 27 29 -29 -8
right_child=2 4 3 -5 -6 6 7 8 9 10 -12 -13 13 14 15 21 18 -19 19 -21 -22 -23 25 24 -26 -27 -28 28 -30 -31
leaf_value=0.0010845684406634551 0.0038422991193132238 -0.0025136899480874293 0.0017768756978899073 -0.00086148679337790912 0.013823824001798105 0.0081540549650451679 0.011595274764527132 0.022116902291767795 -0.017130918092916194 0.062965141816195141 -0.016883774080228727 -0.056638796924535731 0.019612565132380855 -0.045119780556432357 0.0015049926729153152 -0.024770255945672039 -0.034031150318800163 -0.021871531684455575 -0.018104075373850576 0.0026263964957513055 0.027696585802266856 0.0074840144927552548 0.0064029852683200258 -0.038014566377093925 0.035443667462474723 -0.03337666082775248 -0.0013937520296375665 -0.013810205318132415 0.006049525273526821 0.060426260466300764
leaf_weight=930967.66709655523 151177.03750196099 319874.01298775524 444896.48946541548 295325.08954077959 4230.0220538079739 20006.917938172817 12793.872719675303 816.00853688269854 1734.9902684912086 517.3146650493145 1888.5790959894657 1731.4602557271719 6986.5576690584421 2347.024404451251 4060.6410187408328 1491.0085177123547 443.77350082993507 8157.0677017569542 8238.0724891722202 6368.7808324098587 2053.2356884181499 10399.940321758389 3330.9582381397486 1025.9128797799349 687.36998170614243 986.16228370368481 497821.43346840143 6896.5006055980921 10396.575705334544 548.26363000273705
leaf_count=2741537 381683 1143729 1133351 764416 11078 56887 35719 2270 5872 1243 7109 6798 19118 8561 12494 5032 1502 27362 26608 18850 5415 30174 9546 3833 1838 3373 1481321 22370 29915 1143
internal_value=0.000244106 -0.00023767 0.00125306 0.000724246 -0.0023004 0.000195687 -0.000883634 -0.00122154 -0.0163037 -0.0216463 0.000302269 -0.0368768 0.000802437 -0.0038399 -0.00894623 -0.00545127 0.00122351 -0.0141023 -0.00530066 -0.00906541 0.016715 0.00343748 0.0110954 -0.0296904 -0.00853668 -0.00268837 -0.00103062 0.00487004 -0.00187061 0.0136066
internal_weight=2.7582e+06 1.8668e+06 891399 740222 324104 1.5427e+06 555152 535145 6688.35 5872.34 2405.89 3466.45 987544 56576.5 28169 24108.7 28407.5 12217.7 17103.9 14606.9 2497.01 11890.9 11303.7 4060.31 1713.28 4317.12 528457 30635.2 17293.1 13342.1
internal_count=8000147 5720697 2279450 1897767 1154807 4565890 1650647 1593760 23292 21022 8352 12670 2915243 173706 89294 75062 84412 39856 52375 45458 6917 35206 32037 14232 5671 12919 1570468 89147 52285 36862
is_linear=0
shrinkage=0.05


Tree=106
num_leaves=31
num_cat=0
split_feature=30 99 48 6 36 36 48 35 45 87 25 25 46 94 55 37 85 55 38 85 62 22 42 55 22 46 77 99 94 55
split_gain=507.303 1319.11 1122.6 1033.03 905.734 1038.62 2456.12 1568.33 1627.05 1291.4 1159.27 1034.27 1678.1 1582.53 1266.78 1329.84 1216.12 1522.55 1457.46 961.673 1593.09 1775.15 1412.25 1893.84 1220.14 1178.63 1201.27 1091.02 1104.77 1049.05
threshold=0.42750000953674322 99441.300781250015 -0.71473535895347584 -0.0037488981615751977 -24.668292999267575 -18.09620380401611 -0.11969653144478797 -0.46461370587348932 1.0010487437248232 1.0000000180025095e-35 2.2934081554412846 0.62730306386947643 0.06090796738862992 2502.119995117188 -706092.49999999988 6.5689973831176767 0.90000000596046459 -434742.49999999994 -10.205312728881834 0.90000000596046459 36.66325759887696 2.5000000000000004 0.99575290083885204 -243512.49999999997 2.5000000000000004 0.12372758612036706 1.5606444478034975 116033.80078125001 4050.2485351562505 7772.5000000000009
decision_type=2 2 2 2 2 2 2 2 2 2 2 2 2 2 2 2 2 2 2 2 2 2 2 2 2 2 2 2 2 2
left_child=-1 2 -2 -4 19 6 7 8 9 -6 -8 13 16 -7 -15 -16 18 -18 -13 20 21 27 23 -23 29 26 -26 -3 -29 -21
right_child=1 4 3 -5 5 11 10 -9 -10 -11 -12 12 -14 14 15 -17 17 -19 -20 24 -22 22 -24 -25 25 -27 -28 28 -30 -31
leaf_value=-0.00055711322633414677 -0.033499753420967164 -0.033292310338890352 0.0269494447255068 -0.01300990903559417 0.015340876650508468 -0.016061652807652784 -0.0082873586184135789 -0.018230434629477012 0.043599514147441266 -0.002736953714862119 -0.028673844018572966 0.046764954439466926 0.00079977544997310291 0.022940261392775631 -0.0025790989258928708 0.0056782480114206026 -0.010738761924271261 0.018741642908482129 -0.018214737450772473 0.020093172715183447 -0.013300671530630033 0.0420422533879845 0.054048464008338286 -0.0027087593037040409 0.011828160049585087 0.011827009601065796 -0.04041174747802443 0.027930462071134407 -0.0081144531654180237 -0.026200133311327995
leaf_weight=1171636.1817764565 4969.3126133456826 1729.6755087226629 2082.5871791243553 7227.5673447474837 17074.878799930215 9770.3521196842194 47240.196675904095 6871.2772552073002 2907.439740896225 23437.580129273236 8180.7009869292378 892.37432777881622 1078850.3776257932 8925.6172804236412 63069.719387337565 214875.91619981825 11226.811494402587 7179.7048005014658 25348.8446367383 7014.0257922559977 4650.013108253479 4703.5977781563997 4325.447951823473 4751.6786568462849 1465.3503090292215 2841.9451776742935 4412.1498357057571 4334.79380017519 4169.6275241523981 1481.3933686167002
leaf_count=3438877 18522 5612 5678 24373 46270 30982 143742 21775 6572 67745 27172 1964 3096247 22867 184161 603905 35401 19276 77974 18429 13983 10404 8847 13375 3569 7883 16489 10416 12655 4982
internal_value=0.00023191 0.000814789 -0.014313 -0.00406894 0.000952239 0.000744102 -0.00403715 0.00396335 0.00747601 0.00488242 -0.0112972 0.00110001 0.00040666 0.00372599 0.0044 0.00380452 -0.00909212 0.000760581 -0.0160031 0.0078741 0.0134838 0.0186707 0.0303849 0.0195545 -0.00146668 -0.0146054 -0.0273869 0.00289496 0.0102586 0.012018
internal_weight=2.75765e+06 1.58601e+06 14279.5 9310.15 1.57173e+06 1.52585e+06 105712 50291.2 43419.9 40512.5 55420.9 1.42014e+06 1.1235e+06 296642 286871 277946 44647.7 18406.5 26241.2 45879.7 28664.8 24014.8 13780.7 9455.28 17214.9 8719.45 5877.5 10234.1 8504.42 8495.42
internal_count=8000147 4561270 48573 30051 4512697 4386053 313276 142362 120587 114015 170914 4072777 3230862 841915 810933 788066 134615 54677 79938 126644 75292 61309 32626 23779 51352 27941 20058 28683 23071 23411
is_linear=0
shrinkage=0.05


Tree=107
num_leaves=31
num_cat=0
split_feature=100 55 85 55 22 55 55 35 85 36 49 49 78 29 12 31 36 49 75 21 100 87 46 31 12 53 48 49 25 49
split_gain=504.578 753.072 1136.64 1540.55 1437.4 1075.39 1422.26 1060.54 950.037 1421.6 962.162 1268.65 935.251 1327.9 805.375 744.028 665.75 1322.5 651.582 636.279 622.871 919.717 1419.41 1268.59 1615.92 1397.03 1447.26 1097.84 1090.66 1433.54
threshold=373299.65625000006 20912.500000000004 0.90000000596046459 1687.5000000000002 2.5000000000000004 7207.5000000000009 20372.500000000004 -8.8226356506347638 0.90000000596046459 -10.382286071777342 -0.88186877965927113 0.61734244227409374 1.5606444478034975 0.84750002622604381 0.11590581014752389 134.0771179199219 -8.7118201255798322 -0.8253108263015746 10.105995178222658 14.500000000000002 354529.60937500006 1.0000000180025095e-35 0.093963567167520537 397.08212280273443 0.033884122967720039 1.0000000180025095e-35 -0.49049438536167139 -0.54643493890762318 1.4565114974975588 0.45201864838600164
decision_type=2 2 2 2 2 2 2 2 2 2 2 2 2 2 2 2 2 2 2 2 2 2 2 2 2 2 2 2 2 2
left_child=20 2 3 -2 12 7 18 -5 9 15 -10 -12 -4 -14 -6 -3 -9 -18 -7 -15 -1 -22 -23 24 28 26 -26 -25 -24 -30
right_child=1 8 4 5 14 6 -8 16 10 -11 11 -13 13 19 -16 -17 17 -19 -20 -21 21 22 23 27 25 -27 -28 -29 29 -31
leaf_value=0.00028116655858995571 -0.057362085396088405 -0.089408171409654097 0.020122854384949183 -0.070246659328060124 0.032989895603729343 -0.00082544238422168736 0.05301792294163226 0.068289793034882348 -0.042516666072731246 -0.032195672218310538 0.041084099055612881 -0.02974933633714686 -0.073012553907448582 0.067803060033666637 -0.03908681809562764 0.043865810195490913 -0.061490772852258894 0.041681309172285845 -0.06873045408916495 -0.079052804428454998 0.0022554974091345916 -0.035581198155944974 0.00054322019088142044 0.013154774541602904 0.037003239242863417 -0.020906824087247439 -0.018131069506845149 -0.034033663004016897 0.041558180563566839 -0.034839635685921501
leaf_weight=2662336.8545883745 530.3305200189352 115.36247883737087 635.52763845026493 206.36752000451088 2281.8030475825071 858.88408462703228 835.27607347071171 2015.7817617803812 632.41546003520489 3974.3536874651909 2687.3555426448584 825.58196172118187 1408.7547375112772 293.43573120236397 465.88681311905384 1049.4009216576815 337.57921394705772 3769.1752486377954 599.30361983180046 97.463055565953255 29826.31048220396 4555.7543260455132 8067.9866446107626 1551.2881850153208 2535.409570991993 11818.292561113834 2241.7073528915644 5986.7061400413513 4204.3114535063505 718.15570321679115
leaf_count=7713757 1899 475 1478 759 5570 2658 1792 3617 2207 13880 6313 2838 5874 587 1543 2371 1189 8099 2281 405 89045 16322 23808 4229 5949 40190 7114 21493 9787 2618
internal_value=0.000220349 0.00749675 0.0146813 0.0252751 -0.00402708 0.0303644 0.00102799 0.0409927 -0.00359632 -0.01796 0.0142095 0.0244323 -0.0319911 -0.0503983 0.0207573 0.0305962 0.0447539 0.0331863 -0.0287653 0.0310663 0.000157478 -0.00444762 -0.0092445 -0.00601151 -0.00134563 -0.0116839 0.0111315 -0.0243214 0.0118611 0.0304064
internal_weight=2.75746e+06 23620 14335.6 9152.7 5182.87 8622.37 2293.46 6328.9 9284.47 5139.12 4145.35 3512.94 2435.18 1799.65 2747.69 1164.76 6122.54 4106.75 1458.19 390.899 2.73384e+06 71505.9 41679.6 37123.9 29585.9 16595.4 4777.12 7537.99 12990.5 4922.47
internal_count=8000147 65835 37751 22294 15457 20395 6731 13664 28084 16726 11358 9151 8344 6866 7113 2846 12905 9288 4939 992 7934312 220555 131510 115188 89466 53253 13063 25722 36213 12405
is_linear=0
shrinkage=0.05


Tree=108
num_leaves=31
num_cat=0
split_feature=65 97 54 31 54 85 55 25 25 104 94 36 86 21 42 54 46 86 26 13 30 40 55 42 25 104 94 7 54 51
split_gain=498.812 935.562 778.62 715.212 902.088 1138.4 1294.73 1204.12 2184.43 2094.68 2717.12 2417.78 2780.76 1851.31 1553.22 1593.06 1169.29 1142.21 1125.28 957.172 921.767 1840.66 1723.09 1422.31 1119.96 850.343 835.452 832.195 1020.99 988.506
threshold=0.52747833728790294 -5.2697584629058829 749052.50000000012 397.08212280273443 1352.5000000000002 0.90000000596046459 -748937.49999999988 2.9390091896057133 2.7125750780105595 8.3295311927795428 4585.6965332031259 3.3682899475097661 6.0000000000000009 17.500000000000004 0.99645286798477184 755512.50000000012 0.10119544714689256 6.0000000000000009 0.34225344657897955 0.040263932198286063 0.53750002384185802 1.0000000180025095e-35 23002.500000000004 1.0125252008438113 2.1658914089202885 8.3240089416503924 3277.2336425781255 0.013584398198872806 101487.50000000001 92.500000000000014
decision_type=2 2 2 2 2 2 2 2 2 2 2 2 2 2 2 2 2 2 2 2 2 2 2 2 2 2 2 2 2 2
left_child=3 -2 -3 4 18 7 -7 8 14 11 17 12 -9 -12 16 -16 -6 -11 -1 -13 23 26 -23 24 -8 -10 -22 -5 29 -29
right_child=1 2 -4 27 5 6 20 9 25 10 13 19 -14 -15 15 -17 -18 -19 -20 -21 21 22 -24 -25 -26 -27 -28 28 -30 -31
leaf_value=-0.001695388959478893 0.0073253904422800765 -0.00083864181616988905 -0.013616572698599087 4.0728159922710905e-05 -0.018689645021027209 -0.034799820502447266 -0.001497566416816744 0.00069910012052327097 -0.01221310503813218 -0.013089208100729194 -0.010806680569394982 0.02569796302004218 0.039628894014488186 0.026498218467376745 0.004226676787545171 0.037402483714541475 -0.00039245244565245629 -0.084191044400984127 -0.026013842740755286 -0.063865184884998302 0.0056712583235644974 0.0093752706230181351 0.053491936611205521 0.044346451191088682 -0.014510193751559467 -0.050915178816152012 -0.0041633547890146906 0.0067968048246421697 -0.03120628350344903 -0.021434265282153402
leaf_weight=22466.561931222677 34974.569999203086 923123.06636247039 12076.927568458021 1018484.3209412023 12019.980784609914 2685.7897115275264 122224.96860671788 6875.0231735259295 3760.848166719079 1030.5587812513113 6985.3967536091805 411.03998835384846 13784.829866081476 6346.1205249279737 348996.38213950396 3655.474241361022 31911.859760709107 1250.5627377480268 6033.9336215406656 1081.6733254790306 32949.785981856287 38360.783956483006 2347.9789479076862 1585.6592755764723 19121.576021030545 2279.8545296341181 62657.307624474168 8248.896245598793 4580.1835722699761 4966.8636002242565
leaf_count=68374 97729 2688836 39941 2971262 37326 10259 366343 19881 11258 3405 22035 1037 29787 15764 965190 8677 91197 5038 20885 4016 95916 106615 5144 3810 60193 8010 187149 23244 15489 16337
internal_value=0.00020934 -0.000703399 -0.00100367 0.000704847 0.00187997 0.00222423 -0.000256579 0.00381244 0.00301168 0.0123491 -0.00167738 0.0222345 0.026675 0.00695162 0.00346625 0.00457069 -0.00539909 -0.0520909 -0.00684484 -0.0391986 7.57607e-05 0.00301732 0.0119212 -0.0027296 -0.00325806 -0.0268267 -0.000773903 -0.000146568 -0.0108654 -0.00381369
internal_weight=2.75728e+06 970175 935200 1.7871e+06 750824 722323 281934 440390 402624 37765.2 15612.6 22152.6 20659.9 13331.5 396584 352652 43931.8 2281.12 28500.5 1492.71 279248 136316 40708.8 142932 141347 6040.7 95607.1 1.03628e+06 17795.9 13215.8
internal_count=8000147 2826506 2728777 5173641 2147309 2058050 835429 1222621 1121658 100963 46242 54721 49668 37799 1102390 973867 128523 8443 89259 5053 825170 394824 111759 430346 426536 19268 283065 3026332 55070 39581
is_linear=0
shrinkage=0.05


Tree=109
num_leaves=31
num_cat=0
split_feature=79 79 77 79 49 55 55 104 13 54 54 53 25 36 54 54 54 65 46 13 22 54 94 62 46 54 22 38 37 54
split_gain=493.031 604.774 439.938 447.044 408.321 478.378 692.525 900.31 680.11 581.83 1274.41 821.428 634.353 544.612 536.085 673.197 518.681 503.062 501.793 437.697 435.196 433.807 593.86 406.885 380.674 372.501 364.027 1132.5 1969.77 924.434
threshold=5.5216758251190194 3.7942829132080083 0.84770509600639354 6.407212734222413 0.58244305849075328 -257359.99999999997 -443802.49999999994 7.7631618976593026 0.017586180940270427 163947.50000000003 121672.50000000001 0.6078576147556306 1.6373031735420229 -2.3410195112228389 12832.500000000002 22027.500000000004 737792.50000000012 0.39777457714080816 0.06090796738862992 0.082292746752500548 2.5000000000000004 193277.50000000003 3409.724731445313 19.149180412292484 0.069457136094570174 627510.00000000012 1.5000000000000002 1.8880060315132143 -1.7785716056823728 397757.50000000006
decision_type=2 2 2 2 2 2 2 2 2 2 2 2 2 2 2 2 2 2 2 2 2 2 2 2 2 2 2 2 2 2
left_child=1 26 -2 -4 -3 6 7 16 18 10 14 -12 -13 17 19 -16 25 -10 20 -7 -8 -11 -23 -9 -15 -6 27 28 -1 -29
right_child=2 4 3 -5 5 9 8 23 13 21 11 12 -14 24 15 -17 -18 -19 -20 -21 -22 22 -24 -25 -26 -27 -28 29 -30 -31
leaf_value=-0.0038986100367217054 0.0036263988158421142 -0.001158201424180467 0.0019003269253153505 -0.00055777069808060306 -0.006865011565363505 -0.0056299502700969846 0.020019481330729883 -0.050979224234936948 -0.023132315416410757 -0.042255554396806047 0.037913014302776514 -0.025806761360715632 0.04629000460588592 -0.050659588567436326 -0.034643737945283512 -0.010244089110901959 -0.026116264185177474 0.0038560037464451663 0.042508318104920041 0.030656134963452548 -0.010081792778532508 -0.018378560768885117 0.058123176863950167 -0.017135393613932785 0.022478264268309147 0.0065057820626127907 -0.00035848781625136354 -0.0038744601665919708 0.0062450242428029731 0.002786841540954545
leaf_weight=64588.260153725743 150974.81711530685 237693.5284024775 367968.16813032329 371910.83630263805 10523.658599689603 15971.129107296467 3977.4079575687647 1324.843863427639 3472.2395737618208 1921.9049442559481 2485.4483856409788 1219.7147102504969 405.75535374879837 191.07336062192917 3892.714558839798 10327.375138923526 2135.3814467042685 3432.6569467484951 1615.0446741580963 875.65800674259663 1718.8604477345943 4999.2267558723688 266.24734492599964 2697.4109847992659 2416.4936836957932 10312.358975023031 1073174.3005375117 135035.06569638848 184768.71842291951 84782.690850518644
leaf_count=198168 381683 834769 936782 960985 38938 61480 12206 5970 13701 8273 7420 4886 1157 843 16563 39630 9262 12241 4752 2278 6299 19882 728 10663 8097 34769 3194969 406523 520987 245243
internal_value=0.000198907 -0.00026305 0.00116665 0.000664723 -0.00222725 -0.00517561 -0.00151249 -0.00647493 0.00644933 -0.00896405 -0.00631489 0.0198435 -0.00778925 -0.00236383 -0.00977698 -0.0169258 -0.00265317 -0.00971617 0.0179152 -0.00374188 0.0109353 -0.0219267 -0.014499 -0.028294 0.0170997 -0.000247177 0.000149408 0.00131116 0.0036176 -0.0013052
internal_weight=2.75708e+06 1.86623e+06 890854 739879 323876 86182.6 43817.4 26993.7 16823.8 42365.2 35177.8 4110.92 1625.47 9512.46 31066.9 14220.1 22971.4 6904.9 7311.31 16846.8 5696.27 7187.38 5265.47 4022.25 2607.57 20836 1.54235e+06 469175 249357 219818
internal_count=8000147 5720697 2279450 1897767 1154807 320038 157741 99602 58139 162297 133414 13463 6043 34882 119951 56193 82969 25942 23257 63758 18505 28883 20610 16633 8940 73707 4565890 1370921 719155 651766
is_linear=0
shrinkage=0.05


Tree=110
num_leaves=31
num_cat=0
split_feature=86 77 90 77 42 26 100 55 48 99 36 35 99 77 54 77 25 55 30 25 22 36 77 42 25 46 35 22 30 25
split_gain=517.34 722.038 593.683 1020.08 890.813 688.768 648.454 1014.67 901.26 1461.68 1094.31 954.722 883.546 879.828 796.969 1037.66 703.235 1198.27 1258.82 849.99 723.019 685.136 1202.28 1248.61 676.578 656.802 643.336 600.79 807.961 618.614
threshold=6.0000000000000009 2.3664708137512211 2685.734497070313 0.96901690959930431 1.0008050799369814 0.93540370464324962 125418.14843750001 -486857.49999999994 -0.52803644537925709 122695.03125000001 1.0617913007736208 -1.7758820056915281 123798.41406250001 1.5606444478034975 503850.00000000006 1.5606444478034975 1.2068288922309878 -466402.49999999994 0.30250000953674322 1.2251005768775942 1.0000000180025095e-35 -9.4755334854125959 1.5606444478034975 0.99784114956855785 1.1944887042045595 0.054964622482657439 23.729685783386234 1.5000000000000002 0.53750002384185802 1.7380998134613039
decision_type=2 2 2 2 2 2 2 2 2 2 2 2 2 2 2 2 2 2 2 2 2 2 2 2 2 2 2 2 2 2
left_child=2 -2 3 4 5 27 8 -8 9 11 -11 -4 14 -12 15 -10 21 18 -18 25 -20 22 23 -9 -23 -19 -21 28 -1 -29
right_child=1 -3 6 -5 -6 -7 7 16 12 10 13 -13 -14 -15 -16 -17 17 19 20 26 -22 24 -24 -25 -26 -27 -28 29 -30 -31
leaf_value=-0.010314837582650048 0.0017721921771550854 -0.00013857564455429968 0.04027946475221722 -0.0013136728079040552 -0.020046849904963374 0.039608748795497389 -0.016928922591542481 0.0005851231771207251 0.076671134001400298 0.014750359968896693 0.070585805917018171 -0.022434749136938145 -0.01683597986301431 0.011389361177933599 0.0034294867533626178 -0.041060793695980272 -0.020022308420047825 -0.062162814913596889 -0.052295006494753597 -0.0030015228022043199 0.040418710267387213 -0.001073802057279099 -0.0030842700073537401 0.015007824832592243 0.030065638307211186 -0.014845609738400517 0.011018569361112732 -0.017149205134807808 0.023999589036657585 0.020743739148008186
leaf_weight=3720.3850632458925 776860.89944000542 1359798.9362327382 780.61660727858543 88385.233320526779 16090.213847346604 859.92991450428963 9478.1179316937923 25963.779435575008 810.24064239859581 4394.0195427536964 2193.5505395233631 2713.0809310972691 5366.8965162783861 880.05996188521385 8497.0966627001762 242.52383582293987 1389.0384942144156 869.29698318243027 221.84657900035381 208078.62260793149 3761.2999115139246 138446.82025554031 31544.473540112376 35558.92435066402 1765.6131356209517 4674.1619960963726 8516.1295675337315 10253.892540991306 3181.395126953721 1202.5044099092484
leaf_count=11989 2102293 3999403 1969 273052 55822 2259 30988 79250 1599 12312 4603 9049 17175 2472 25501 837 4810 3446 818 640670 9187 421077 97015 101032 4647 15035 25039 35138 8485 3507
internal_value=0.000187215 0.000556152 -0.00108455 -0.00418366 -0.0113675 -0.00409993 -0.000311894 -0.000735942 0.00739362 0.0182781 0.0307656 -0.00841321 -0.000604999 0.0536471 0.00851688 0.0495314 -0.000402817 -0.00238073 0.0209507 -0.00294509 0.0352418 0.00152616 0.00485209 0.00892135 -0.000681434 -0.0222764 -0.00245021 -0.00614964 0.00550296 -0.0131699
internal_weight=2.7565e+06 2.13666e+06 619840 123694 35308.3 19218.1 496146 470268 25878.1 10961.3 7467.63 3493.7 14916.8 3073.61 9549.86 1052.76 460790 227510 5372.18 222138 3983.15 233280 93067.2 61522.7 140212 5543.46 216595 18358.2 6901.78 11456.4
internal_count=8000479 6101696 1898783 390252 117200 61378 1508531 1433014 75517 30405 19387 11018 45112 7075 27937 2436 1402026 699005 14815 684190 10005 703021 277297 180282 425724 18481 665709 59119 20474 38645
is_linear=0
shrinkage=0.05


Tree=111
num_leaves=31
num_cat=0
split_feature=54 46 54 55 24 5 25 50 25 37 81 73 26 55 50 38 38 79 7 30 37 79 8 37 2 30 90 36 9 36
split_gain=501.633 1619.11 1592.16 2178.87 1328.42 1208.89 1192.94 1062.31 1042.99 988.352 922.102 1172.21 695.7 712.524 1018.07 687.174 688.625 671.871 795.015 650.699 646.733 604.885 571.489 638.079 530.217 512.11 1186.64 1136.51 960.896 950.998
threshold=777.50000000000011 0.10969065502285959 1352.5000000000002 6102.5000000000009 12.441953182220461 -0.0058687645941972724 1.3297770023345949 -462.49999999999994 1.5204119682312014 19.447296142578129 1.0000000180025095e-35 10.32237768173218 2.1385573148727421 24497.500000000004 -47.499999999999993 -11.426255226135252 17.909616470336918 4.8466784954071054 -0.014642911963164805 0.91250002384185802 3.252930879592896 2.6304042339324956 0.0025374207179993395 7.9871478080749521 0.0013184985728003087 0.42750000953674322 2397.977661132813 -25.634305953979489 0.47511409223079687 -18.09620380401611
decision_type=2 2 2 2 2 2 2 2 2 2 2 2 2 2 2 2 2 2 2 2 2 2 2 2 2 2 2 2 2 2
left_child=1 4 3 10 -1 -5 9 -3 -8 22 11 -2 13 14 15 -9 -17 18 24 -12 -16 -20 23 -6 -7 -4 28 -28 -27 -29
right_child=2 7 25 5 6 17 8 12 -10 -11 19 -13 -14 -15 20 16 -18 -19 21 -21 -22 -23 -24 -25 -26 26 27 29 -30 -31
leaf_value=0.041500259722387703 0.031330423904656846 0.016882177996572639 -0.00059600906404908493 0.03011289285120285 0.025476793014215501 0.062691314231925629 -0.091233417630238525 0.022781549363928191 -0.0054855894395135366 0.044835187156998392 0.090828624283885995 -0.051941143084862598 0.03477179877519964 0.005992354565820702 0.04561366813208366 -0.038582937538864555 0.037328455048333743 -0.0078006648640151464 -0.019539781323561104 -0.080559458072091195 -0.008238767635080772 -0.040258446722890501 -0.012318908808775623 0.0043051053202638112 -0.072138921505307305 -0.016671267246203412 0.0098442707615375886 -0.0037364675475179778 0.040980628233712603 0.0010864413660995676
leaf_weight=3620.5096492171288 1901.3775993734598 4857.3971935659647 1134652.2065941244 1332.8743918538094 6795.840733602643 396.77551551163197 379.94585585594177 560.81141555309296 5139.0259153395891 2421.1050533056259 672.40137825906277 542.33229422569275 864.76000410318375 4695.4719211012125 601.24176070094109 6129.9447682052851 313.2206177264452 8954.6478771567345 9889.7404115796089 59.55051277577877 7503.8137186914682 5476.2655951678753 2328.7418809682131 7472.5788424611092 88.369144469499588 13452.392689675093 34998.337504327297 110393.1800698936 762.80064408481121 1378980.2418383136
leaf_count=8289 4793 12980 3329657 3508 17142 1145 1537 1486 15542 5556 1203 1957 2204 13504 1344 21234 784 24045 33304 253 23304 25044 7197 21022 445 46591 94950 326982 1882 3951595
internal_value=0.000177836 0.00496374 8.27636e-05 -0.0115063 0.0132312 -0.0162579 0.00905835 -0.00415585 -0.0114051 0.0149973 0.0275957 0.0128342 -0.00910073 -0.0110183 -0.0163052 -0.0302658 -0.0348867 -0.0187509 -0.0249357 0.076787 -0.00423818 -0.0269261 0.0106419 0.0143903 0.0380238 0.000209853 0.000804151 0.000938249 -0.0135746 0.000728959
internal_weight=2.75624e+06 53684.4 2.70255e+06 29314.3 28157.7 26138.7 24537.2 25526.7 5518.97 19018.3 3175.66 2443.71 20669.3 19804.5 15109 7003.98 6443.17 24805.8 15851.2 731.952 8105.06 15366 16597.2 14268.4 485.145 2.67324e+06 1.53859e+06 1.52437e+06 14215.2 1.48937e+06
internal_count=8000479 153125 7847354 95697 76285 87491 67996 76840 17079 50917 8206 6750 63860 61656 48152 23504 22018 83983 59938 1456 24648 58348 45361 38164 1590 7751657 4422000 4373527 48473 4278577
is_linear=0
shrinkage=0.05


Tree=112
num_leaves=31
num_cat=0
split_feature=39 25 85 49 30 25 31 87 62 86 54 25 54 104 50 54 37 25 37 90 29 78 26 78 25 55 54 75 54 54
split_gain=492.479 1444.12 2561.68 1882.27 2015.41 3165.01 1809.75 1534.44 2200.5 2298.53 3075.7 2149.52 2396.21 2190.04 1730.39 2631.64 2429.31 2095.64 1497.65 1436.65 1425.37 1374.83 1373.92 1168.4 1146.07 1735.58 3134.41 1181.93 1133.57 2034.64
threshold=-5.3040635585784903 0.62730306386947643 0.90000000596046459 -0.84915164113044728 0.19249999523162845 1.711192309856415 414.40623474121099 1.0000000180025095e-35 44.204217910766609 6.0000000000000009 155242.50000000003 0.57919371128082286 616127.50000000012 7.737462282180787 -167.49999999999997 195672.50000000003 10.838963985443117 0.52920734882354747 29.326134681701664 3330.426391601563 0.31749999523162847 1.2470506429672243 -1.691569924354553 1.5606444478034975 0.93309912085533153 -638237.49999999988 697502.50000000012 3.2061462402343754 697502.50000000012 627510.00000000012
decision_type=2 2 2 2 2 2 2 2 2 2 2 2 2 2 2 2 2 2 2 2 2 2 2 2 2 2 2 2 2 2
left_child=1 7 3 4 -3 6 19 14 9 -9 20 13 -13 -12 15 16 -1 -16 -8 -6 -11 -5 -10 -17 25 26 27 -4 29 -26
right_child=-2 2 24 21 5 -7 18 8 22 10 11 12 -14 -15 17 23 -18 -19 -20 -21 -22 -23 -24 -25 28 -27 -28 -29 -30 -31
leaf_value=0.053204853028205094 -0.00014237512616655659 0.043387337689638816 0.006769361752670797 -0.0016265756812520573 -0.02018146952264499 -0.061222221168566272 0.018868939971143427 0.00024116831030644755 0.024462739559756901 -0.053566555317599233 0.027073686074573666 0.050429157008537763 -0.032264178697074923 0.0072712967596199095 -0.0015702533987130174 0.00017325725306216618 -0.039641147711890007 0.022803896974889815 -0.041287941291017205 0.014590173745795755 -0.00028427521234833711 -0.011632935484890958 -0.04351771063173622 -0.045188229632983024 0.0081732047240913683 -0.0069974952541202104 -0.026680745851690432 0.0686196998776019 0.026518797949516754 -0.030887048021348819
leaf_weight=1978.5880787521601 2264772.4638321176 3207.7681729048491 1097.5394224524498 62499.794775307178 8877.8296463936567 1873.4540817737579 18089.662811666727 40919.70000179112 972.57925628125668 2126.4285382330418 21883.820080563426 7704.9888134747744 987.64292500913143 38574.485913977027 52959.453322172165 1860.8791753649712 1092.8643393665552 10579.251812897623 1096.399901047349 4463.1106604039669 3061.841368958354 76156.205813840032 3142.45763656497 5981.8082462325692 73073.245670929551 31150.410612478852 2052.7939303964376 2609.7896934151649 7698.0237763077021 3492.302377641201
leaf_count=4392 6586904 7164 3022 180982 27383 6976 46135 123708 2446 7347 50579 15742 3085 100758 159535 4803 3712 27969 3683 11584 8477 230325 10826 21975 209879 95116 7166 5666 21088 12052
internal_value=0.000168914 0.00160399 -0.00058437 -0.00443168 0.00548916 0.00195394 0.00559461 0.00496217 0.00847552 0.00975833 0.0149969 0.0177827 0.0410305 0.0144395 -0.000670934 -0.0190619 0.0201652 0.00248828 0.015429 -0.00854828 -0.0221293 -0.00712261 -0.0274474 -0.0344258 0.00501201 -0.00233492 0.022876 0.0503173 0.00823029 0.00639115
internal_weight=2.75604e+06 491265 297438 176264 37608.2 34400.5 32527 193827 119374 115259 74339.2 69150.9 8692.63 60458.3 74452.8 10914.1 3071.45 63538.7 19186.1 13340.9 5188.27 138656 4115.04 7842.69 121174 36910.5 5760.12 3707.33 84263.6 76565.5
internal_count=8000479 1413575 868221 514232 102925 95761 88785 545354 322968 309696 185988 170164 18827 151337 222386 34882 8104 187504 49818 38967 15824 411307 13272 26778 353989 110970 15854 8688 243019 221931
is_linear=0
shrinkage=0.05


Tree=113
num_leaves=31
num_cat=0
split_feature=37 54 85 62 54 22 86 54 25 43 22 60 22 38 37 38 25 25 46 90 99 54 48 25 49 25 25 25 9 22
split_gain=481.408 1224.97 631.294 1029.4 848.941 978.14 921.353 631.332 619.071 613.888 590.912 527.551 503.059 1454.75 1853.32 2230.11 1403.39 2123.95 1301.45 1487.59 2355.27 2234.56 2178.23 1783.31 1559.5 1455.32 4023.44 1400.99 1262.56 1236.14
threshold=-16.694643020629879 659562.50000000012 0.90000000596046459 23.320396423339847 24977.500000000004 3.5000000000000004 6.0000000000000009 23337.500000000004 2.8366353511810307 0.98679092526435863 2.5000000000000004 0.086154218763113036 1.5000000000000002 1.8880060315132143 -1.7785716056823728 -14.709507942199705 2.8366353511810307 1.3388304710388186 0.29204910993576055 3332.3464355468755 182624.92187500003 506307.50000000006 0.86046862602233898 0.84468731284141552 -0.61734244227409352 0.66617482900619518 0.94690698385238659 0.98046860098838817 0.66736483573913585 1.0000000180025095e-35
decision_type=2 2 2 2 2 2 2 2 2 2 2 2 2 2 2 2 2 2 2 2 2 2 2 2 2 2 2 2 2 2
left_child=1 2 4 7 5 9 -6 -4 -8 -1 -5 -3 13 14 15 -2 17 -17 19 21 -21 25 23 -22 27 -15 -27 -23 29 -18
right_child=12 11 3 10 6 -7 8 -9 -10 -11 -12 -13 -14 18 -16 16 28 -19 -20 20 22 24 -24 -25 -26 26 -28 -29 -30 -31
leaf_value=-0.07670091878646125 0.010085591331252974 0.0087532216519096394 -0.04554115651410115 0.024846370140221438 -0.0087095089305085673 0.051457452019577334 -0.030160472966729815 -0.0037045287775175975 -0.071956993346733958 -0.0068842455553152562 -0.028285423756104922 0.057029358775216477 -0.0002266668494935847 0.020522279225540455 0.0051062012156790531 -0.00050905184564123667 -0.0077177859960466007 -0.018770811545337281 0.036226929809233234 -0.015680159787327976 -0.019015832171757872 -0.0001425192151664996 0.011830782107406611 -0.0019524491743371586 -0.0076892074467000962 -0.015222066593135556 0.011395610600916057 0.025679632006731797 -0.024643462346265733 0.026451635653504009
leaf_weight=344.07471600174904 26121.700376838446 1626.4335190653801 1446.6002661734819 3411.2470770031214 2564.5724510550499 690.9311034232378 2097.2639925032854 2392.732439622283 1537.0929854214191 3602.3023388683796 617.15034683048725 867.49483248591423 1910580.0288235918 17642.714841008186 327037.36535888165 30783.220846444368 4083.2037836238742 32981.180911362171 2339.2083597779274 36091.246868595481 17385.8004193753 20143.720548264682 25579.841555729508 128338.85243912041 64081.372892603278 19113.590958788991 55182.173843964934 7104.523688569665 2514.9131567627192 7520.4642084091902
leaf_count=1360 73084 4582 5278 9179 8295 1401 6605 7367 5941 11159 2093 1830 5569953 45447 913539 90871 12104 105712 5585 112636 54790 57802 70097 376613 193478 59076 149253 17879 8598 18872
internal_value=0.000160517 -0.00734521 -0.0117346 -0.000953233 -0.0195612 -0.00337808 -0.0316642 -0.019477 -0.0478539 -0.0129905 0.0167003 0.0255639 0.000218704 0.00125132 0.0032573 -0.00255642 -0.00679665 -0.0099549 -0.000948816 -0.00117152 -0.00407189 0.00211067 -0.0016261 -0.00398836 -0.00342871 0.0076134 0.00454767 0.00659069 0.00746645 0.0144277
internal_weight=2.75582e+06 21197.9 18704 7867.73 10836.2 4637.31 6198.93 3839.33 3634.36 3946.38 4028.4 2493.93 2.73463e+06 824045 431042 104005 77883 63764.4 393003 390664 207396 183268 171304 145725 91329.6 91938.5 74295.8 27248.2 14118.6 11603.7
internal_count=8000479 65090 58678 23917 34761 13920 20841 12645 12546 12519 11272 6412 7935389 2365436 1222780 309241 236157 196583 1142656 1137071 614136 522935 501500 431403 269159 253776 208329 75681 39574 30976
is_linear=0
shrinkage=0.05


Tree=114
num_leaves=31
num_cat=0
split_feature=98 95 38 46 25 44 7 54 50 26 35 25 25 90 25 25 25 22 65 90 62 54 54 50 63 54 39 48 87 30
split_gain=462.963 531.955 462.994 520.41 636.261 553.983 486.585 516.831 455.569 1066.03 878.023 712.517 807.683 1309.6 936.932 705.538 821.21 760.594 708.38 674.766 672.253 660.052 527.147 893.68 492.026 450.815 435.163 428.241 567.17 427.754
threshold=5.3219726085662851 34.30652046203614 22.382680892944339 0.10783771425485612 3.2148519754409794 1.0060341954231264 0.00052510245586745452 735337.50000000012 -577.49999999999989 2.1977169513702397 -11.445125102996824 3.5123126506805424 2.5971509218215947 4525.3015136718759 2.2934081554412846 3.4180858135223393 3.1183236837387089 1.0000000180025095e-35 0.18479424715042117 4703.0737304687509 17.834207534790043 292.50000000000006 9792.5000000000018 147.50000000000003 0.35474370419979101 10747.500000000002 6.1137259006500253 -0.90159028768539418 1.0000000180025095e-35 0.052500000223517425
decision_type=2 2 2 2 2 2 2 2 2 2 2 2 2 2 2 2 2 2 2 2 2 2 2 2 2 2 2 2 2 2
left_child=1 2 8 4 6 -5 -4 26 9 15 21 12 14 -14 -12 16 18 29 -1 -18 -19 -10 24 -24 -13 -6 -8 28 -7 -17
right_child=-2 -3 3 5 25 27 7 -9 10 -11 11 22 13 -15 -16 17 19 20 -20 -21 -22 -23 23 -25 -26 -27 -28 -29 -30 -31
leaf_value=-0.00020103545764659322 0.0036742226847957765 0.00077197355807754296 -0.006356933489545572 0.059123708165736956 0.0079683120630475914 0.038234400065803441 0.013744318814399324 -0.04905692756951098 0.021475148247675775 -0.016507664733962226 0.00014542059442876557 -0.030164534212990229 0.016127516297213193 -0.0079639923770567292 -0.011881846966193675 0.0097629977833770479 -0.026844033801743241 -0.0069157627667850623 -0.0048498136959025748 0.019146869408417651 0.012356908224430743 -0.012430194197813309 -0.0086699322606342399 0.057794669857664786 0.016823350002426015 -0.048618080466475755 -0.0033004582389332192 0.028844475599415467 -0.063278155402286651 -0.026855357515233172
leaf_weight=205025.11372032762 90262.712945140898 1273021.7493011355 7003.4060040265322 877.46524982154369 551.89915427565575 221.64722396433353 16357.692290775478 378.09671323001385 1542.348263785243 12636.74232853204 891734.75258490443 4486.3792639672756 18465.297742158175 8120.9545940309763 16490.96288189292 1148.3544087335467 5466.222055837512 5713.3900048956275 136507.65911648422 932.87683263421059 21731.230839371681 20527.242027156055 5436.2226737588644 556.61999204754829 635.31129622459412 968.7774700820446 4855.2652772292495 1057.068277746439 359.45290353894234 2604.9022087901831
leaf_count=607532 253999 3639229 21415 1844 1598 571 45963 1418 3941 40915 2611010 16004 48647 25283 50913 3343 18234 17298 413844 2504 60132 64697 16051 1083 1769 3564 14889 2688 1366 8735
internal_value=0.000152502 3.3238e-05 -0.000642161 0.00524338 0.00341774 0.0270864 0.00509425 0.00880897 -0.000783407 -0.002222 -0.000201173 2.88409e-05 0.000178484 0.00876839 -7.29699e-05 -0.00174579 -0.00239168 0.00545717 -0.00205913 -0.0201366 0.00834446 -0.0100596 -0.0125556 -0.0024872 -0.0243329 -0.0280862 0.00984287 0.00989734 -0.0245508 -0.0156506
internal_weight=2.75568e+06 2.66542e+06 1.39239e+06 32630.8 30115.1 2515.63 28594.5 21591.1 1.35976e+06 391766 967996 945927 934812 26586.3 908226 379130 347932 31197.9 341533 6399.1 27444.6 22069.6 11114.5 5992.84 5121.69 1520.68 21213 1638.17 581.1 3753.26
internal_count=8000479 7746480 4107251 95316 88847 6469 83685 62270 4011935 1172537 2839398 2770760 2735853 73930 2661923 1131622 1042114 89508 1021376 20738 77430 68638 34907 17134 17773 5162 60852 4625 1937 12078
is_linear=0
shrinkage=0.05


Tree=115
num_leaves=31
num_cat=0
split_feature=13 39 49 37 54 55 54 55 7 53 27 97 90 54 6 54 62 54 90 7 79 97 25 46 49 90 13 26 38 53
split_gain=517.625 835.558 567.446 843.594 1399.79 1152.71 1117.58 967.139 1129.37 923.236 1230.62 871.389 739.944 1479.44 936.591 758.376 718.338 703.507 1480.24 698.101 656.121 633.216 813.103 799.78 780.465 597.091 991.776 705.447 594.408 557.042
threshold=0.0079125771299004572 4.1246385574340829 0.9279436767101289 12.853094577789308 60692.500000000007 10392.500000000002 163947.50000000003 -245864.99999999997 0.0026836972683668141 0.87837970256805431 0.50463372468948375 5.3209919929504403 2461.880004882813 650307.50000000012 -0.00014050641766516489 4807.5000000000009 8.5228114128112811 234025.00000000003 3422.779907226563 0.0035344134084880356 5.5216758251190194 -5.2697584629058829 1.504488527774811 0.067974239587783827 -0.8253108263015746 5206.6298828125009 0.042954158037900932 -0.75257468223571766 -1.4276449084281919 0.6078576147556306
decision_type=2 2 2 2 2 2 2 2 2 2 2 2 2 2 2 2 2 2 2 2 2 2 2 2 2 2 2 2 2 2
left_child=1 -1 16 4 5 25 9 8 11 -6 -11 -8 -5 15 -15 -14 -2 20 -19 -7 -17 22 23 -18 -25 26 27 -4 -26 -10
right_child=2 -3 3 12 6 19 7 -9 29 10 -12 -13 13 14 -16 17 21 18 -20 -21 -22 -23 -24 24 28 -27 -28 -29 -30 -31
leaf_value=0.029120186421903473 -0.014331446295511209 0.00083650783644283275 0.0039040288524875137 -0.023757148934286421 0.024450963570049899 0.0073481785619070568 0.0089866372555624345 -0.013759794265893063 -0.024044330917874696 -0.025673798147269514 0.055489430581661892 -0.027532846505922321 0.0054546043175289667 -0.0076844656018250426 0.018743046577070703 -0.015266702566093077 -0.00013543211053108735 -0.0047544472722314971 0.041849127120476684 -0.017965177521471507 -0.0034491238774863528 0.00020393953302713088 -0.0035364276694254976 0.021061853442409739 0.015805927399964156 0.043574342378636548 -0.035341312480139921 -0.013173523008613986 0.00098328811318994171 0.0025388164661777099
leaf_weight=4007.1034419089556 8347.3234873265028 7493.7716902047396 8311.3514267504215 4865.0223646387458 11160.819519996643 19248.844124570489 45969.265138931572 8063.8930521756411 4567.0408953130245 2138.6659508049488 596.4313775151968 1692.6036384180188 13761.981800563633 4851.6629089564085 10844.326722234488 34738.246778845787 23190.80319236964 64841.267074592412 1748.8235849440098 3171.5413940176368 17747.875847101212 2357541.8806447014 23266.329143553972 14028.783066794276 10966.218709565699 497.33828000724316 3885.0706162005663 22189.413015365601 17648.160765267909 3465.0139976590872
leaf_count=9776 26046 22071 24357 16496 29109 55485 128923 25370 15132 7041 1275 5629 40500 14704 29203 117170 67209 194982 4144 10396 46446 6828784 68867 36243 29373 1068 13357 69928 50760 10028
internal_value=0.000108283 0.0106931 6.39028e-05 -0.00203432 0.000848921 -0.00507878 0.00522326 0.00242274 0.0047661 0.0180713 -0.00795923 0.00768907 -0.00457095 -0.00394234 0.010574 -0.00565767 0.000310357 -0.00694203 -0.00352983 0.00376654 -0.0112709 0.000360319 0.00449792 0.00733742 0.0114014 -0.010764 -0.0115513 -0.00851981 0.00666447 -0.0125769
internal_weight=2.75485e+06 11500.9 2.74335e+06 288356 134957 57303.6 77653.7 63757.8 55693.9 13895.9 2735.1 47661.9 153399 148534 15696 132838 2.45499e+06 119076 66590.1 22420.4 52486.1 2.44664e+06 89100.3 65834 42643.2 34883.2 34385.8 30500.8 28614.4 8032.05
internal_count=7999872 31847 7968025 860743 397098 174591 222507 185082 159712 37425 8316 134552 463645 447149 43907 403242 7107282 362742 199126 65881 163616 7081236 252452 183585 116376 108710 107642 94285 80133 25160
is_linear=0
shrinkage=0.05


Tree=116
num_leaves=31
num_cat=0
split_feature=13 39 85 54 77 49 36 22 26 87 90 85 49 27 25 54 90 48 49 25 86 54 39 90 85 54 77 39 24 77
split_gain=467.611 756.696 729.104 747.891 683.999 512.356 741.978 1499.59 1911.95 3323.94 1970.32 1553.97 1595.09 1772.72 1578.75 1295.65 1124 1048.32 930.213 1082.92 927.519 891.939 870.117 861.201 904.101 813.017 1032.89 786.535 1579.14 1250.61
threshold=0.0079125771299004572 4.1246385574340829 0.90000000596046459 456500.00000000006 1.5606444478034975 0.9279436767101289 -28.666570663452145 3.5000000000000004 0.44347910583019262 1.0000000180025095e-35 3315.4792480468755 0.90000000596046459 -0.7866188883781432 -0.70024749636650074 1.8539155125617983 274707.50000000006 2685.734497070313 0.9015902876853944 -0.24825246632099149 2.0182205438613896 6.0000000000000009 101487.50000000001 3.424888134002686 2613.804809570313 0.90000000596046459 7792.5000000000009 1.5606444478034975 7.2543137073516855 47.813705444335945 1.5606444478034975
decision_type=2 2 2 2 2 2 2 2 2 2 2 2 2 2 2 2 2 2 2 2 2 2 2 2 2 2 2 2 2 2
left_child=1 2 -1 -4 -5 6 7 8 18 27 17 12 20 -14 25 -12 -15 -11 19 22 -9 -21 -2 -20 -25 -13 -27 29 -29 -10
right_child=5 -3 3 4 -6 -7 -8 11 9 10 15 14 13 16 -16 -17 -18 -19 23 21 -22 -23 -24 24 -26 26 -28 28 -30 -31
leaf_value=0.043346918497920689 -0.015979192508411233 0.00079468275443096551 0.043855684941029441 0.038012777655013 -0.060310303951264577 -0.0019334908075853319 0.00012439641624659452 0.014700446025876265 0.019421460920448327 0.052823021581822872 0.017241916295365534 0.043751919975926645 -0.032790679424630625 -0.016027517756675432 0.020226183621035156 -0.059314580059350079 0.030551992445717241 -0.083591145480028703 0.014773082207704978 0.048580364479120224 0.071157081883350626 -0.012588687009293505 -0.05757174063100208 -0.011672639827446055 0.0051354666651999724 0.014555885055400076 -0.043815311801616026 0.058487709908653908 -0.050441623207305081 -0.038598050845205144
leaf_weight=2604.1093054562807 2941.1623094007373 7493.8205622285604 550.04760111868382 251.12971992790699 592.43389540910721 288245.98326242715 2364075.2902565524 1031.5998623371124 1234.5192376971245 6002.4338532239199 5567.913971722126 420.84682103991508 1598.5911607444286 1515.7171412557364 4272.7094459235668 612.55556833744049 8871.5280165374279 143.33091589808464 6903.4322200641036 815.86619655787945 2473.8977086693048 2202.5485648065805 2197.5690790489316 19149.60598757863 13739.931409612298 1010.3082391172647 3025.7968107461929 892.92309419810772 528.99673879146576 3741.7782738506794
leaf_count=5678 9020 22071 1239 529 2330 860743 6848665 2813 2934 12663 14684 1028 5282 4646 11643 2232 21310 564 18773 1762 4254 6681 8118 58637 40030 2435 11417 2032 1997 13662
internal_value=0.000102864 0.0101675 0.0277311 -0.00145521 -0.0310232 6.06973e-05 0.000294844 0.00472786 0.000856906 0.0144059 0.0295829 0.015383 0.0248896 0.0162097 -0.00148753 0.00964511 0.0237537 0.0496277 -0.00443404 -0.0198145 0.0545533 0.00395404 -0.0337749 -0.00128065 -0.00465079 -0.0223046 -0.0292027 -0.0148321 0.0179523 -0.0242026
internal_weight=2.75471e+06 11491.5 3997.72 1393.61 843.564 2.74322e+06 2.45497e+06 90895.6 66674.6 18724.5 12326.2 24221 15491.3 11985.8 8729.66 6180.47 10387.2 6145.76 47950.1 8157.15 3505.5 3018.41 5138.73 39793 32889.5 4456.95 4036.11 6398.22 1421.92 4976.3
internal_count=7999872 31847 9776 4098 2859 7968025 7107282 258617 193789 50768 30143 64828 38305 31238 26523 16916 25956 13227 143021 25581 7067 8443 17138 117440 98667 14880 13852 20625 4029 16596
is_linear=0
shrinkage=0.05


Tree=117
num_leaves=31
num_cat=0
split_feature=86 77 55 55 87 22 36 90 55 22 77 25 22 99 49 25 55 94 87 39 94 90 77 55 21 45 85 99 77 77
split_gain=440.137 660.188 608.65 624.016 2045.88 2460.41 1890.24 831.082 581.565 673.218 1065.82 767.389 645.723 750.715 670.675 572.422 1297.97 959.2 2756.04 791.876 686.078 986.526 1875.14 758.948 714.444 643.247 580.511 1332.81 1091.84 561.398
threshold=6.0000000000000009 2.3664708137512211 30682.500000000004 21857.500000000004 1.0000000180025095e-35 1.5000000000000002 1.0617913007736208 4513.4152832031259 -685682.49999999988 1.0000000180025095e-35 1.5606444478034975 2.0321861505508427 1.5000000000000002 98852.460937500015 -0.11969653144478797 1.494839668273926 -196077.49999999997 3339.1064453125005 1.0000000180025095e-35 -6.5444881916046134 4009.1975097656255 4107.3364257812509 1.5606444478034975 -92937.499999999985 21.500000000000004 1.0027094483375552 0.90000000596046459 182624.92187500003 0.84770509600639354 4.2621526718139657
decision_type=2 2 2 2 2 2 2 2 2 2 2 2 2 2 2 2 2 2 2 2 2 2 2 2 2 2 2 2 2 2
left_child=8 2 3 15 -5 -6 7 -7 9 10 -1 12 13 -11 -15 16 26 18 -18 -19 23 22 -22 25 -23 -17 27 -2 -28 -3
right_child=1 29 -4 4 5 6 -8 -9 -10 11 -12 -13 -14 14 -16 20 17 19 -20 -21 21 24 -24 -25 -26 -27 28 -29 -30 -31
leaf_value=-0.061982735598490039 0.0045975343112316233 -0.00095717265471265969 0.016867733232640687 0.0053513073658857293 -0.06884113250098739 0.028344529466817175 -0.084685188851918725 -0.017790256189864313 -0.00064509483525539797 -0.041890296730455107 0.0071103650109851776 0.030377743620711436 -0.010259489898785116 0.019099241095928372 -0.0058754282294828548 0.0041720150501093683 0.0028718005222992016 0.0099267539066731289 -0.094792476093465125 -0.0029201202363153089 0.022833592509725144 0.0054532387207054233 -0.0077413972018357093 -0.018453304964760005 -0.008886099791508539 -0.0057500982480378415 -0.011699306943800678 0.062458300716147802 0.00195925475603721 0.0011875229476715375
leaf_weight=1326.8619350194931 149196.2864780426 895597.57140461355 6473.3716360926628 11609.869013652205 2483.1781250983477 2037.6502220481634 668.19285024702549 1872.0138973742723 574361.47885110229 839.20598022639751 962.3794612288475 1469.2562362253666 29943.92980761081 5631.3751321434975 5141.3637025207281 66085.547845326364 2188.3022862672806 12885.474530830979 1077.202893614769 173380.98744452 19449.42433719337 85241.547955170274 6755.7574849426746 4922.9976886361837 9671.1053858101368 21696.374029070139 15910.517812505364 1000.9732410311699 181871.17942794412 462797.30151539296
leaf_count=5511 377428 2665145 16303 32821 9657 4632 2561 5662 1749700 3300 2998 4013 101958 15504 16447 176463 6070 33324 4116 480316 44829 226770 21002 14656 27988 61291 44694 1800 510590 1332323
internal_value=9.7765e-05 0.000438281 0.00160124 0.00147287 -0.00755616 -0.0287773 -0.00703397 0.00625423 -0.00107535 -0.00652863 -0.0329439 -0.0051223 -0.00637826 0.00362992 0.00718001 0.00169726 0.000826796 -0.00250241 -0.0293627 -0.00203133 0.00388542 0.00636327 0.0149511 0.000648049 0.003992 0.00171955 0.00264011 0.00498359 0.000860415 -0.000226483
internal_weight=2.75455e+06 2.13487e+06 776478 770005 18670.9 7061.04 4577.86 3909.66 619676 45314.4 2289.24 43025.1 41555.9 11611.9 10772.7 751334 537511 189532 3265.51 186266 213823 121118 26205.2 92704.9 94912.7 87781.9 347979 150197 197782 1.35839e+06
internal_count=7999872 6100441 2102973 2086670 55333 22512 12855 10294 1899431 149731 8509 141222 137209 35251 31951 2031337 1458338 523826 10186 513640 572999 320589 65831 252410 254758 237754 934512 379228 555284 3997468
is_linear=0
shrinkage=0.05


Tree=118
num_leaves=31
num_cat=0
split_feature=90 55 87 54 86 35 54 77 49 12 87 48 86 36 54 65 49 54 49 9 77 99 49 12 49 35 87 86 77 29
split_gain=449.215 726.44 1766.34 1847.02 1077.17 1081.36 980.819 1508.67 873.31 678.152 672.077 1336.29 1366.32 1027.88 1060.18 1010.5 1010.14 777.272 754.754 584.773 600.047 567.612 936.989 953.693 688.573 634.183 1385.2 2244.97 964.533 618.809
threshold=5184.8300781250009 7022.5000000000009 1.0000000180025095e-35 10982.500000000002 6.0000000000000009 -8.8226356506347638 2782.5000000000005 1.5606444478034975 -0.90159028768539418 0.11590581014752389 1.0000000180025095e-35 0.66746801137924205 6.0000000000000009 -1.0000000180025095e-35 1522.5000000000002 0.42291216552257543 -0.94331136345863331 12482.500000000002 0.9279436767101289 0.74244892597198497 1.5606444478034975 349505.06250000006 0.5464349389076234 0.028363966383039955 -0.74455857276916493 -11.81345224380493 1.0000000180025095e-35 6.0000000000000009 1.5606444478034975 0.57749998569488536
decision_type=2 2 2 2 2 2 2 2 2 2 2 2 2 2 2 2 2 2 2 2 2 2 2 2 2 2 2 2 2 2
left_child=21 2 6 4 19 -6 7 -2 -7 -8 16 13 -13 14 -12 -16 -3 18 -18 20 -4 -1 24 -24 29 26 -26 28 -28 -23
right_child=1 10 3 -5 5 8 9 -9 -10 -11 11 12 -14 -15 15 -17 17 -19 -20 -21 -22 22 23 -25 25 -27 27 -29 -30 -31
leaf_value=0.00016881046353378848 0.033239542068380333 -0.055939879825997123 -0.031158833411518906 -0.060304644406511558 -0.1013533661799929 -0.078694113392261192 0.032961308006855317 -0.07216796804872512 0.062390035287040194 -0.038592269452444407 -0.09313513463399356 0.00039518437079823026 -0.082991409231964214 -0.023690406068042753 0.052622002328312024 -0.0045137100972412088 0.026570228250902973 -0.085804095884245035 -0.052772152378338578 0.064982783626951521 0.031133217655453699 -2.3734477051630265e-05 -0.024044493023958186 -0.0040560701875142725 0.065111313777174731 0.0013394311603976785 0.08489093394256246 -0.093441640000326384 -0.077956581615481829 -0.016989809338247744
leaf_weight=2638151.157288976 484.91050283610821 499.0177107155323 893.37857826054096 497.33092863857746 107.81579403579235 111.99492467939854 1248.1841603964567 1126.55297999084 3918.2423712462187 449.59294199943542 194.41309337317944 889.7004858404398 1095.5438222289085 2288.1648004204035 1718.8292710781097 1406.3866551965475 4939.9567677676678 172.50520946085453 318.1364730745554 377.5232450067997 679.91527937352657 11211.153489872813 10014.314550876617 14768.144626796246 1204.3042210042477 43986.899851500988 463.49490174651146 477.38458493351936 112.19237346947193 10323.30256062746
leaf_count=7650590 1041 1866 2984 1812 441 411 2956 4836 7067 1495 777 2934 4414 7731 3652 4364 12587 749 1202 699 1612 33099 34712 46974 2237 129831 894 2030 478 33397
internal_value=9.29183e-05 0.00698829 0.0172821 0.0322547 0.0398243 0.0542614 -0.0125161 -0.0404454 0.0584497 0.0139985 -0.000544751 -0.0103949 -0.0456372 0.00208641 0.0198572 0.0269154 0.0120675 0.0183267 0.0217596 0.00918569 -0.00423282 3.37805e-05 -0.00381471 -0.012134 -0.000772651 0.0026663 0.0285073 -0.0133707 0.0530657 -0.00815767
internal_weight=2.75413e+06 23418.1 9895.44 6586.2 6088.87 4138.05 3309.24 1611.46 4030.24 1697.78 13522.7 7593.04 1985.24 5607.79 3319.63 3125.22 5929.62 5430.6 5258.09 1950.82 1573.29 2.73071e+06 92561.2 24782.5 67778.7 46244.3 2257.38 1053.07 575.687 21534.5
internal_count=7999872 65630 25354 15026 13214 7919 10328 5877 7478 4451 40276 23872 7348 16524 8793 8016 16404 14538 13789 5295 4596 7934242 283652 81686 201966 135470 5639 3402 1372 66496
is_linear=0
shrinkage=0.05


Tree=119
num_leaves=31
num_cat=0
split_feature=39 36 54 13 22 42 85 94 94 86 48 94 26 8 7 22 25 25 85 50 77 86 24 28 7 12 8 94 46 85
split_gain=426.099 1340.26 1378.23 1006 953.459 1117.32 1908.76 2258.16 1718.01 1881.13 1613.61 1216.93 972.242 1039.43 961.222 900.142 1225.61 1201.76 3012.88 1318.51 1514.49 1303.63 2071.59 1036.43 957.359 814.838 1183.35 869.535 1087.52 868.568
threshold=5.165482997894288 -9.6754460334777814 757972.50000000012 0.0079125771299004572 2.5000000000000004 0.99731555581092846 0.90000000596046459 2509.4750976562505 3367.5021972656255 6.0000000000000009 0.5464349389076234 4022.759887695313 -1.8406950831413267 0.0019380371668376031 -0.0042566785123199216 3.5000000000000004 1.3388304710388186 1.0058351755142214 0.90000000596046459 -622.49999999999989 1.5606444478034975 6.0000000000000009 31.535253524780277 1.0000000180025095e-35 -0.0041560060344636432 0.015950017608702186 -0.0041035574395209542 3373.156616210938 0.041340842843055732 0.90000000596046459
decision_type=2 2 2 2 2 2 2 2 2 2 2 2 2 2 2 2 2 2 2 2 2 2 2 2 2 2 2 2 2 2
left_child=3 4 15 -1 5 6 7 14 9 -9 12 -10 -8 -14 -2 17 24 -3 21 20 -20 -19 -23 -18 -17 27 -27 29 -29 -6
right_child=1 2 -4 -5 25 -7 10 8 11 -11 -12 -13 13 -15 -16 16 23 18 19 -21 -22 22 -24 -25 -26 26 -28 28 -30 -31
leaf_value=0.025335947729213451 -0.061359066403593558 5.7793694658395085e-07 -0.025442149674178374 0.00034387125339941 -0.02306033133252049 0.0017270215462346025 0.044795222341286994 -0.010546369805521566 0.023488796453345485 -0.048921374809851571 -0.026475669309497407 -0.029365260532760687 0.022878792376398387 -0.011796234858664083 0.071607386113585608 -0.058737152716831588 0.050899020824143187 0.0040194637008043746 0.012076577395892969 0.0085345399716863224 -0.019560943795758717 -0.033208058932743097 0.022687075259691512 -0.023214343112937533 -0.00041207164368149674 -0.027829971683897461 -0.00057744800911109235 0.03788099123042462 -0.008292902432494852 -0.0071397440971756477
leaf_weight=4032.8401801586151 159.42265762388706 157661.66335336864 4936.3500510901213 2227984.7761050239 20930.86995267868 80122.462225086987 2072.7486806362867 5451.2772886306047 2753.8756153285503 7712.9878522306681 3185.1221316158772 1800.0098993033171 4627.1512590348721 4053.5653389841318 894.02636647224426 710.59346552193165 494.55281282961369 19746.799711585045 4931.999479830265 12053.647537648678 16221.387641638517 1740.6304544955492 34410.242236420512 9823.9390993639827 62384.43253543973 4462.1126237288117 37053.255670204759 1673.4436918050051 5347.4772635698318 14506.444402143359
leaf_count=9980 583 460731 16644 6454918 66782 230135 4927 17537 7121 26445 10523 6161 12602 12683 1644 2639 1127 59360 12107 34291 55505 5551 83515 32221 183343 15011 109387 4028 16156 46215
internal_value=8.82914e-05 -0.00119786 0.000773469 0.000389041 -0.00445443 -0.00145205 -0.00923903 -0.0196466 -0.0238761 -0.0330328 0.0047772 0.00259427 0.0140362 0.0066868 0.0514412 0.00117774 -0.00368273 0.00262377 0.00726513 -0.00466335 -0.0121841 0.0143515 0.0199948 -0.0196571 -0.00106994 -0.00848852 -0.0035073 -0.0133588 0.00271581 -0.0165437
internal_weight=2.75394e+06 521922 325116 2.23202e+06 196806 112833 32710.2 18771.6 17718.2 13164.3 13938.6 4553.89 10753.5 8680.72 1053.45 320180 73413.5 246766 89104.7 33207 21153.4 55897.7 36150.9 10318.5 63095 83973.6 41515.4 42458.2 7020.92 35437.3
internal_count=7999872 1534974 947034 6464898 587940 330361 100226 59491 57264 43982 40735 13282 30212 25285 2227 930390 219330 711060 250329 101903 67612 148426 89066 33348 185982 257579 124398 133181 20184 112997
is_linear=0
shrinkage=0.05


Tree=120
num_leaves=31
num_cat=0
split_feature=46 12 8 31 49 29 13 54 50 35 44 104 55 87 54 85 46 90 49 6 36 104 42 36 53 54 54 49 36 42
split_gain=450.949 1395.24 931.276 899.979 1013.55 923.623 854.642 1171.93 1232.24 1084.26 897.713 854.631 1145.05 1136.18 913.737 1809.35 849.059 840.772 1581.52 800.833 791.916 785.013 762.171 715.984 925.213 1529.27 788.414 868.562 711.047 704.461
threshold=0.06090796738862992 0.012764794286340477 -0.0045930768828839055 999.19808959960949 -0.89194178581237782 0.80250000953674328 0.019265153445303444 777.50000000000011 -362.49999999999994 11.931084632873537 0.99990627169609081 7.9927399158477792 -498497.49999999994 1.0000000180025095e-35 40177.500000000007 0.90000000596046459 0.076639451086521163 2397.977661132813 0.45201864838600164 -0.004158131778240203 18.938914299011234 8.2021713256835955 0.99533188343048107 -24.208925247192379 1.0000000180025095e-35 4572.5000000000009 10747.500000000002 0.45201864838600164 -10.892305850982664 0.99533188343048107
decision_type=2 2 2 2 2 2 2 2 2 2 2 2 2 2 2 2 2 2 2 2 2 2 2 2 2 2 2 2 2 2
left_child=1 2 20 5 22 -3 7 -2 10 23 -9 12 -12 -14 -13 -16 21 18 19 -18 -1 -8 -5 26 28 -26 -10 -28 -25 -4
right_child=6 3 29 4 -6 -7 16 8 9 -11 11 14 13 -15 15 -17 17 -19 -20 -21 -22 -23 -24 24 25 -27 27 -29 -30 -31
leaf_value=-0.019161299410372142 0.023084229908247773 -0.00063151380205592157 -0.015115688785933099 -0.064377782934832165 -0.0058741171384576376 -0.011324732225116638 -0.0012289356659085902 -0.00046272253162841446 0.040715114500260212 -0.014395927252330992 0.0049012517357785584 0.016290282962084412 0.0063943023256281158 0.024966731823925597 -0.020361254625470192 0.013297449127170249 0.0083235643621401238 0.00046547492652689135 0.021425254953942999 -0.029052957227707888 0.026266584641240927 -0.0090472197520428607 -0.017953693977191234 -0.01273905027646704 -0.025826611990830535 0.0028430585250805835 0.012153583605994363 -0.044744396798696642 -0.0012832650963308123 0.0014383799869264295
leaf_weight=8909.9575631543994 6805.6061982959509 169247.43941773474 6527.6449538767338 961.83409406244755 67976.40082847327 22928.881153397262 108377.52259414643 34829.309286221862 2186.1511967182159 11868.215120479465 31252.969903446734 6640.9388195574284 13125.016691192985 22107.967171564698 9179.0680496543646 7064.8539126962423 1754.7812204435468 1462924.3138635233 2654.9108577594161 7803.2897108793259 1074.1231884434819 45622.398895323277 10859.983610533178 19141.350052952766 4759.6107046604156 202639.26089456677 7042.0945237874985 740.31903001666069 46330.947961725295 411376.13665044308
leaf_count=28633 17231 495832 20820 3622 206316 69705 319029 100257 5198 36547 88817 17947 37625 54881 28431 19549 5232 4229435 7618 29041 2804 140419 34123 58995 16246 577106 19093 2601 135712 1191802
internal_value=0.000135499 -0.000960671 0.000819187 -0.00376087 -0.00822436 -0.00190742 0.000508846 0.00250361 0.00216919 0.000408715 0.00634645 0.00900013 0.0118687 0.0180486 0.000665878 -0.00572209 -1.24083e-05 0.000356401 -0.0127075 -0.0221903 -0.0142714 -0.00354517 -0.0217363 0.00103 0.000549126 0.00218497 0.0141911 0.00673534 -0.00463268 0.00117976
internal_weight=2.75471e+06 699862 427888 271975 79798.2 192176 2.05485e+06 425714 418908 294708 124200 89370.8 66486 35233 22884.9 16243.9 1.62914e+06 1.47514e+06 12213 9558.07 9984.08 154000 11821.8 282840 272871 207399 9968.56 7782.41 65472.3 417904
internal_count=8000667 2053657 1244059 809598 244061 565537 5947010 1216236 1199005 851498 347507 247250 181323 92506 65927 47980 4730774 4271326 41891 34273 31437 459448 37745 814951 788059 593352 26892 21694 194707 1212622
is_linear=0
shrinkage=0.05


Tree=121
num_leaves=31
num_cat=0
split_feature=94 55 87 54 38 77 49 35 87 48 49 54 49 54 36 27 54 45 36 49 77 30 94 25 54 87 37 54 12 11
split_gain=423.672 687.328 1655.48 1694.89 881.379 1068.75 947.942 858.324 746.858 1153.96 980.39 746.665 809.252 824.894 679.399 615.396 1179.79 580.801 574.112 1124.74 557.52 514.381 555.282 491.095 488.307 2047.62 3424.67 2350.06 2009.67 1984.16
threshold=5184.8549804687509 7022.5000000000009 1.0000000180025095e-35 10982.500000000002 -5.9917895793914786 1.5606444478034975 -0.79989895224571217 -8.8226356506347638 1.0000000180025095e-35 0.83743050694465648 -0.90159028768539418 12482.500000000002 0.61734244227409374 11862.500000000002 -25.124265670776364 1.0000000180025095e-35 10747.500000000002 1.0016009211540224 -8.6156659126281721 -0.81279832124710072 1.5606444478034975 0.83249998092651378 5206.6298828125009 1.9206761717796328 2482.5000000000005 1.0000000180025095e-35 2.4155629873275761 1352.5000000000002 0.020874279551208023 0.068273182958364501
decision_type=2 2 2 2 2 2 2 2 2 2 2 2 2 2 2 2 2 2 2 2 2 2 2 2 2 2 2 2 2 2
left_child=24 2 4 7 -2 -6 23 -4 10 14 -3 12 -12 -14 -10 21 -17 -18 -9 -20 -11 -16 -23 -7 25 28 27 29 -1 -27
right_child=1 8 3 -5 5 6 -8 18 9 20 11 -13 13 -15 15 16 17 -19 19 -21 -22 22 -24 -25 -26 26 -28 -29 -30 -31
leaf_value=0.019733210515853975 0.03216161142189429 -0.044285052678234717 -0.059802808494295992 -0.056998842165091393 0.02674161460781338 -0.043420887715972883 -0.064474287746215164 0.065253915309741992 0.06179325781777463 -0.020077199115218103 0.034977979396343728 -0.081800356714930897 -0.032037304845568979 0.061879136668363172 -0.0019101414173583688 -0.034652277943151163 -0.0081625787498893227 0.060961807388846247 -0.068783157559798094 0.038739422422338181 -0.083004591316268514 -0.057404310427325383 0.073900270267198143 0.084035088896723439 0.00023226408970756975 -0.020767797375162923 -0.002628228720637235 -0.046523936852868986 -0.00098606439056053447 0.039143188073902054
leaf_weight=15636.743803441525 836.84861235320568 668.95554456114769 211.64351132512093 498.22566351294518 664.35215403139591 127.49105730652809 1458.5386255681515 1875.8454052060843 395.00240142643452 701.57261326909065 3827.2197081744671 173.59661975502968 1015.3999021053314 302.65749810636044 1086.750960111618 2782.4401646256447 645.95686911046505 572.30740314722061 259.60263781249523 3658.100223749876 707.60439021885395 93.632077679038048 545.26778724789619 182.76768590509892 2581934.1466385946 7790.440387442708 69395.92020598799 8355.5093731060624 46517.295360669494 1678.9624706208706
leaf_count=42578 1977 2401 772 1813 1482 475 6020 3423 750 2392 9188 759 3512 657 3275 9846 1991 1133 950 7996 3009 367 1080 317 7479685 26951 205979 34145 141548 4196
internal_value=0.000128723 0.00684348 0.0169443 0.0315349 -0.0120727 -0.0272955 -0.0475981 0.0388892 -0.000459519 -0.0109389 0.0127186 0.0198959 0.0233432 -0.0104375 -0.00154417 -0.00592407 -0.0166888 0.0243294 0.0425051 0.0315975 -0.0517156 0.0190249 0.0545899 0.0316738 7.14577e-05 -0.00270802 -0.00764976 -0.027198 0.00422665 -0.0101418
internal_weight=2.7546e+06 23291.8 9773.42 6503.42 3270 2433.15 1768.8 6005.19 13518.4 7530.53 5987.83 5318.87 5145.28 1318.06 6121.36 5726.36 4000.7 1218.26 5793.55 3917.7 1409.18 1725.65 638.9 310.259 2.73131e+06 149375 87220.8 17824.9 62154 9469.4
internal_count=8000667 65585 25225 14954 10271 8294 6812 13141 40360 23843 16517 14116 13357 4169 18442 17692 12970 3124 12369 8946 5401 4722 1447 792 7935082 455397 271271 65292 184126 31147
is_linear=0
shrinkage=0.05


Tree=122
num_leaves=31
num_cat=0
split_feature=62 45 50 54 85 13 54 36 77 39 86 22 85 39 25 25 38 39 46 25 85 49 25 30 87 86 54 42 54 39
split_gain=492.03 715.907 590.941 791.393 2185.12 912.278 906.82 904.736 823.709 713.669 817.33 713.458 668.615 853.98 723.135 778.538 630.949 443.802 1016.99 994.891 2178.4 1679.5 1859.25 2181.9 1433.1 1922.8 2520.01 2635.48 2714.53 1934.39
threshold=10.086773395538332 1.002929747104645 -212.49999999999997 629947.50000000012 0.90000000596046459 0.022577768191695217 607020.00000000012 11.888302326202394 1.5606444478034975 16.933432579040531 6.0000000000000009 1.5000000000000002 0.90000000596046459 20.360011100769047 2.2665302753448491 1.997237026691437 -5.4798004627227774 -5.3040635585784903 0.06090796738862992 0.62730306386947643 0.90000000596046459 -0.87137606739997853 1.2392559647560122 0.31250000000000006 1.0000000180025095e-35 6.0000000000000009 155242.50000000003 0.99751809239387523 564005.00000000012 -9.3444576263427717
decision_type=2 2 2 2 2 2 2 2 2 2 2 2 2 2 2 2 2 2 2 2 2 2 2 2 2 2 2 2 2 2
left_child=1 2 3 6 5 9 12 8 -6 10 -5 -4 13 16 15 -14 -1 19 -19 24 21 22 23 -21 -2 -26 -27 28 -28 -29
right_child=17 -3 11 4 7 -7 -8 -9 -10 -11 -12 -13 14 -15 -16 -17 -18 18 -20 20 -22 -23 -24 -25 25 26 27 29 -30 -31
leaf_value=-0.041122046633981994 -0.0010962671923156499 -0.030469665347909389 0.027102786814383512 0.0050774488599907262 0.011049986422363552 -0.06150802435634526 -0.042262920970728216 0.081949874247118609 -0.071218832094582005 -0.055531282932491127 0.060145523391549494 -0.0017615042801322246 0.0013238767690667535 0.047001646286149071 -0.047893473894242401 0.052460911611152267 -0.012418787845077852 -0.0022350960245212429 0.00044114403586970654 0.046435076585614264 0.0049714632919081519 -0.0063497655299004615 -0.016920157136691559 0.0061097967258021725 -0.00078545893619860394 -0.020218358433700123 0.001917118255645474 0.0098867751121016166 -0.078002800843332429 0.027330371233506845
leaf_weight=2339.0745150595903 72954.487836614251 2626.0404402166605 3052.3637767881155 953.63859938085079 419.92797459661961 243.27185513079166 2094.4533774852753 144.71408553421497 1100.3260386288166 189.75497920811176 2298.6112484633923 7162.2282024472952 7962.1514273285866 531.17502447962761 666.08828607201576 820.08797566592693 10546.18551376462 442857.33909934759 1788985.2268645316 3902.2776591181755 118045.94137984514 136760.51192477345 7081.9600100070238 23863.281307473779 41617.441965267062 5422.6244998723269 4579.4068963974714 33607.44008345902 1382.4154578745365 30156.813337415457
leaf_count=8104 218505 8926 7686 2874 1032 901 7372 306 4709 685 4334 20973 23804 1206 2437 1936 32044 1312260 5179428 8390 344373 404973 21905 64782 126536 16484 12395 85900 5191 70216
internal_value=0.000122271 -0.00517486 -0.00353487 -0.00704006 0.0104085 0.0318847 -0.0107808 -0.0371151 -0.0484987 0.0385029 0.0440063 0.00686515 -0.00789502 -0.0150699 0.00229308 0.00610507 -0.0176325 0.000206581 -8.98922e-05 0.00158689 -0.000256572 -0.00385288 0.00594602 0.0117789 0.00440139 0.0078363 0.0126111 0.0151645 -0.0166237 0.018137
internal_weight=2.75437e+06 43150.1 40524.1 30309.5 5350.24 3685.28 24959.2 1664.97 1520.25 3442 3252.25 10214.6 22864.8 13416.4 9448.33 8782.24 12885.3 2.71122e+06 2.23184e+06 479375 289654 171608 34847.5 27765.6 189721 116766 75148.7 69726.1 5961.82 63764.3
internal_count=8000667 129329 120403 91744 14841 8794 76903 6047 5741 7893 7208 28659 69531 41354 28177 25740 40148 7871338 6491688 1379650 844423 500050 95077 73172 535227 316722 190186 173702 17586 156116
is_linear=0
shrinkage=0.05


Tree=123
num_leaves=31
num_cat=0
split_feature=79 79 55 55 25 44 37 55 25 55 37 41 35 35 26 25 37 49 55 38 94 49 43 55 42 94 99 42 55 39
split_gain=425.023 630.067 496.229 1966.95 1527.56 1076.26 1081.96 2060.89 1601.44 999.231 825.542 1985.74 854.718 925.352 754.865 736.357 725.619 1061.82 1251.12 1042.67 981.14 932.255 879.106 680.251 1510.38 1017.89 1003.05 2186.72 787.829 692.968
threshold=4.8466784954071054 1.4498866200447085 -708497.49999999988 -726327.49999999988 1.997237026691437 0.99634447693824779 5.5795168876647958 -717222.49999999988 0.41535611450672155 -688184.99999999988 -0.4514957964420318 0.99904802441596996 -12.206748485565184 -1.8416019082069395 1.8156529664993288 3.9965246915817265 20.108923912048343 0.75894212722778331 -740017.49999999988 0.45305283367633825 2461.859985351563 -0.68355163931846608 0.99925121665000927 -679397.49999999988 1.0063152313232424 2557.704956054688 116259.01171875001 1.0026876926422121 -665332.49999999988 9.2932434082031268
decision_type=2 2 2 2 2 2 2 2 2 2 2 2 2 2 2 2 2 2 2 2 2 2 2 2 2 2 2 2 2 2
left_child=1 -1 3 4 16 -5 -7 14 -9 10 -4 -12 -13 -14 -8 -6 20 19 -19 -18 21 -3 -22 24 29 -25 27 -27 -28 -11
right_child=-2 2 9 5 15 6 7 8 -10 23 11 12 13 -15 -16 -17 17 18 -20 -21 22 -23 -24 25 -26 26 28 -29 -30 -31
leaf_value=0.0014806639194715995 0.0010095182459594143 0.0067554325830608969 0.017586184052157092 -0.036428100623733618 0.035942501453227506 0.031616845196626824 0.015341664659029232 0.02076261328762426 -0.035299845377400406 0.027554940615309043 -0.04216735608925555 -0.072784266866765188 0.018619672101184717 -0.0096150545979697601 0.048572710090794155 -0.018660212959318492 -0.0050155651060925701 -0.045204578991539457 0.011293221261451106 0.026573345541165666 0.026453945940696312 -0.011499041669627872 -0.050370001243647433 0.034846958172981578 -0.030858788056683035 -0.0028155578297055024 -0.014162117336846986 -0.028189553316769696 -0.00057852572840991548 0.00070775720263267208
leaf_weight=386518.61486718059 897577.37435184419 9866.4933224469423 2423.1529002040625 1003.8142300546169 3525.5487636476755 7932.9279897660017 9505.9128732383251 1961.0712837129831 3630.5936670899391 6852.4737118929625 4741.1442951112986 472.466917142272 3491.9539637714624 17146.634590819478 2083.3224152997136 747.71150397509336 4603.984292536974 1999.6498071700335 1919.6905313208699 6035.9671409726143 445.97655165195465 24017.34029994905 2236.646091490984 1984.7597082853317 1847.1923261284828 45917.028352230787 10763.271843090653 10416.536098264158 1278776.4284039512 3702.4962139427662
leaf_count=1042609 2301346 31730 6769 3587 9431 20607 27615 5321 13463 18084 17759 1968 9806 57441 5095 2719 14997 8390 5894 17589 1229 86996 8929 5120 7202 146471 36346 38049 4036469 11636
internal_value=0.000116207 -0.00031567 -0.000787982 0.00300338 -0.00232942 0.0143148 0.0163446 0.00929124 -0.0156369 -0.00101057 -0.0103136 -0.0129294 -0.00636123 -0.00483696 0.0213195 0.0263851 -0.00473004 0.00470959 -0.0175349 0.0129049 -0.00848869 -0.00618341 -0.0375913 -0.000817176 0.0108388 -0.000924439 -0.000977221 -0.00750792 -0.000691917 0.0181389
internal_weight=2.75415e+06 1.85657e+06 1.47005e+06 81516.7 55399 26117.6 25113.8 17180.9 5591.66 1.38854e+06 28275.4 25852.2 21111.1 20638.6 11589.2 4273.26 51125.7 14559.3 3919.34 10640 36566.5 33883.8 2682.62 1.36026e+06 12402.2 1.34786e+06 1.34587e+06 56333.6 1.28954e+06 10555
internal_count=8000667 5699321 4656712 263592 187904 75688 72101 51494 18784 4393120 93743 86974 69215 67247 32710 12150 175754 46870 14284 32586 128884 118726 10158 4299377 36922 4262455 4257335 184520 4072815 29720
is_linear=0
shrinkage=0.05


Tree=124
num_leaves=31
num_cat=0
split_feature=62 53 36 54 42 38 38 25 25 90 65 39 30 85 42 31 85 54 54 90 25 28 38 99 53 90 38 37 99 25
split_gain=448.996 819.199 839.581 707.294 606.267 772.241 704.516 469.987 490.48 428.501 425.962 974.498 762.618 911.706 1186.89 695.02 818.403 2009.06 1275.22 1862.52 997.109 984.69 866.581 841.766 1156.94 973.893 1165.18 1294.4 1047.3 975.266
threshold=10.086773395538332 0.87837970256805431 0.90253022313117992 629947.50000000012 1.0011910200119021 1.8880060315132143 7.8827278614044198 1.4186038970947268 1.5623154044151308 4113.0200195312509 0.48292568325996404 -2.3963172435760494 0.072500001639127745 0.90000000596046459 0.9980820119380952 397.08212280273443 0.90000000596046459 1352.5000000000002 755512.50000000012 2407.221557617188 2.9390091896057133 0.42499999701976782 -13.037439823150633 366081.21875000006 0.87837970256805431 4908.6716308593759 -11.810427665710447 32.747795104980476 246615.52343750003 1.4565114974975588
decision_type=2 2 2 2 2 2 2 2 2 2 2 2 2 2 2 2 2 2 2 2 2 2 2 2 2 2 2 2 2 2
left_child=1 2 4 -4 5 7 -7 -1 -9 -6 15 12 13 -12 -15 16 17 21 19 -19 -21 22 -2 25 -25 28 -27 -28 29 -18
right_child=10 -3 3 -5 9 6 -8 8 -10 -11 11 -13 -14 14 -16 -17 23 18 -20 20 -22 -23 -24 24 -26 26 27 -29 -30 -31
leaf_value=0.0072492199834861895 0.057265439518351217 -0.019103522666664631 -0.02088004409554637 0.021886211291087525 0.016702195771389781 -0.041722899460679343 0.016880420610333846 -0.047412964885572645 -0.0033419857464533648 -0.01056049290088424 -0.017268017194758994 -0.0016717618923746864 0.0022162818115018172 0.030279373634943992 -0.0094083043984470646 -0.00017337280180130789 -0.00030068985161577446 -0.040689500677525997 0.032202709096665345 0.003136211729244197 0.011900374100642428 -0.02782893131557131 -0.0069498368447089816 0.026830953769753377 -0.01120361888018933 0.03341211702478334 -0.021920638694365471 0.033352699283432582 0.0042044672241580913 -0.009573196788411821
leaf_weight=9804.7692539989948 565.14893800020218 8265.2574888914824 7372.3373192101717 1111.7594047188759 8696.3646410480142 2087.2123989388347 679.03933477401733 842.8283434137702 2508.8612979501486 1726.6435322910547 11209.468363240361 697355.94352949411 312713.835748218 2915.191993124783 5320.1657123938203 984876.31505570561 118679.12234485894 2353.3632940724492 3948.3914491310716 366657.32588118315 35604.839727267623 7300.0801006630063 7293.7429949939251 6235.1186372041702 2942.0031628161669 1233.5612793117762 12639.537878200412 1155.1175237596035 92258.039333179593 37260.282000556588
leaf_count=27333 1215 26646 23935 2881 23451 7276 1852 3092 7456 5407 35337 2047387 893732 7482 16749 2879296 353448 8298 9841 1019904 95730 25483 22831 15932 9413 2915 41835 2967 266097 115446
internal_value=0.000110334 -0.00495312 -0.00159457 -0.0152734 0.00281064 -0.0033258 -0.0273347 0.00172357 -0.0144366 0.0121849 0.000190843 -0.000610089 0.00161884 -0.00798862 0.0046419 0.000681369 0.00189066 0.00326525 0.00392846 0.00365245 0.00391198 -0.0146081 -0.00232465 -0.000247505 0.0146374 -0.000766526 -0.0131257 -0.0172898 -1.81121e-05 -0.00251635
internal_weight=2.75361e+06 43095.1 34829.8 8484.1 26345.7 15922.7 2766.25 13156.5 3351.69 10423 2.71052e+06 1.02951e+06 332159 19444.8 8235.36 1.681e+06 696126 423723 408564 404616 402262 15159 7858.89 272403 9177.12 263226 15028.2 13794.7 248197 155939
internal_count=8000667 129329 102683 26816 75867 47009 9128 37881 10548 28858 7871338 3000687 953300 59568 24231 4870651 1991355 1183302 1133773 1123932 1115634 49529 24046 808053 25345 782708 47717 44802 734991 468894
is_linear=0
shrinkage=0.05


Tree=125
num_leaves=31
num_cat=0
split_feature=54 55 54 55 37 85 24 54 45 55 21 85 54 48 7 54 54 7 90 85 55 55 55 48 90 64 86 55 85 86
split_gain=419.202 1374.26 1280.39 1508.32 1539.41 2191.49 1330.27 1465.13 1590.13 1166.39 1145.05 1342.08 1054.94 1371.44 1376.81 1028.17 1591.3 2332.27 1112.22 1476.95 3737.12 3546.15 1067.31 1020.95 985.603 959.652 919.856 900.155 956.188 1606.97
threshold=777.50000000000011 8372.5000000000018 2482.5000000000005 1122.5000000000002 6.7856910228729257 0.90000000596046459 47.813705444335945 1352.5000000000002 0.99270001053810131 14907.500000000002 15.500000000000002 0.90000000596046459 1522.5000000000002 -0.37256073951721186 -0.0059063527733087531 4107.5000000000009 5052.5000000000009 -0.00091306192916817952 4734.4499511718759 0.90000000596046459 9427.5000000000018 7967.5000000000009 29562.500000000004 0.39271505177021032 5032.3100585937509 7.548966884613038 6.0000000000000009 27427.500000000004 0.90000000596046459 6.0000000000000009
decision_type=2 2 2 2 2 2 2 2 2 2 2 2 2 2 2 2 2 2 2 2 2 2 2 2 2 2 2 2 2 2
left_child=1 25 3 -2 5 6 7 8 -5 10 -3 -12 -7 -14 -15 24 17 22 19 21 -21 -19 -17 -8 -4 -1 -9 -18 29 -29
right_child=2 9 15 4 -6 12 23 26 -10 -11 11 -13 13 14 -16 16 27 18 -20 20 -22 -23 -24 -25 -26 -27 -28 28 -30 -31
leaf_value=0.026805479055093624 -0.033153787486730917 -0.016763417847306263 0.0078656761818838693 0.033711524734215605 0.00065168828239412912 -0.012718365395048054 -0.019927553884945288 -0.023387189159809661 -0.026429818636782638 0.0059251096487275617 -0.028260626929256745 0.087637737184858039 0.045791571876985487 0.02128016238089487 -0.026215378114512817 -0.023780098777075875 0.00015178845041692048 0.015530121429901515 0.024284269744764223 -0.021604623897154611 0.036221868345438224 -0.034479146681488555 -0.073814130605672185 0.02982070730501174 -0.0041457476089669185 0.003704684987405719 -0.05455786220626916 0.07231653325275253 0.08617460340153707 -0.10338558811739751
leaf_weight=9361.2786312550306 4712.5085687935352 12696.057418212295 77075.470779716969 1518.3023524805903 60633.910948492587 7206.6509770303965 2426.683391533792 3961.1220374852419 3972.5609104707837 21903.106071785092 434.41015785932541 585.34136086702347 2347.5344272702932 3564.8169389814138 2666.113074362278 10149.423038572073 2457476.1799013093 5616.7447377890348 3451.4402681589127 5473.8266573250294 5704.8480418622494 9606.098648160696 1190.4771964550018 1791.9941516667604 21938.854851558805 8650.6969722062349 5891.2483294904232 293.59066832065582 624.17646464705467 232.11003808677197
leaf_count=23557 16066 40281 214584 4305 180200 23907 8319 15770 14601 62877 1461 997 5522 10084 9156 33323 7121400 14577 8914 17670 14090 32130 4774 4613 66990 24213 23553 637 1087 971
internal_value=7.97528e-05 0.00445697 -7.20826e-06 -0.00553922 -0.004183 -0.0124763 -0.0236595 -0.0304961 -0.00979585 -0.0012346 -0.0126681 0.0382813 0.00138288 0.0132298 0.000955849 0.000207133 9.20195e-06 -0.00973668 -0.00240355 -0.00589339 0.0079063 -0.0160272 -0.0290392 0.0012052 0.00520421 0.0157119 -0.0420299 0.000172494 0.0443817 -0.00529986
internal_weight=2.75316e+06 53630.9 2.69953e+06 100693 95980.9 35347 19561.9 15343.2 5490.86 35618.9 13715.8 1019.75 15785.1 8578.46 6230.93 2.59883e+06 2.49982e+06 41192.9 29853 26401.5 11178.7 15222.8 11339.9 4218.68 99014.3 18012 9852.37 2.45863e+06 1149.88 525.701
internal_count=8000629 153386 7847243 316096 300030 119830 71161 58229 18906 105616 42739 2458 48669 24762 19240 7531147 7249573 125478 87381 78467 31760 46707 38097 12932 281574 47770 39323 7124095 2695 1608
is_linear=0
shrinkage=0.05


Tree=126
num_leaves=31
num_cat=0
split_feature=79 77 77 50 54 54 36 84 99 73 12 8 79 36 22 48 54 7 36 24 54 79 36 54 94 35 99 94 12 45
split_gain=415.434 662.426 1980.39 658.433 829.115 1049.28 786.8 845.112 799.853 781.635 753.573 803.228 626.217 613.501 681.743 673.843 554.31 533.997 533.866 496.003 632.272 494.17 476.925 445.547 547.922 439.973 1014.6 1007.28 438.343 417.238
threshold=5.5216758251190194 0.84770509600639354 1.2470506429672243 -197.49999999999997 8437.5000000000018 9467.5000000000018 -17.245342254638668 -1.0000000180025095e-35 289198.79687500006 5.9115841388702401 0.02955728676170111 0.0058347252197563657 3.0790755748748784 -7.0481073856353751 1.5000000000000002 -0.47136868536472315 22752.500000000004 -0.0013447958626784382 -26.682415962219235 29.116335868835453 8437.5000000000018 4.8466784954071054 -6.952228069305419 4572.5000000000009 4654.3813476562509 -6.0211524963378897 245540.89062500003 4461.2099609375009 0.0061361363623291263 0.99847498536109935
decision_type=2 2 2 2 2 2 2 2 2 2 2 2 2 2 2 2 2 2 2 2 2 2 2 2 2 2 2 2 2 2
left_child=1 -1 3 9 10 29 8 -8 -7 16 11 18 -4 25 15 -15 19 -16 -5 20 -3 -14 -21 -12 -25 27 -27 -11 -18 -6
right_child=-2 2 12 4 5 6 7 -9 -10 13 23 -13 21 14 17 -17 28 -19 -20 22 -22 -23 -24 24 -26 26 -28 -29 -30 -31
leaf_value=-0.0024043644026754329 0.00096496314998776905 -0.00045795951753009584 -0.00021295242420922187 0.036960774432258252 -0.012574561239744181 -0.011019902002536313 -0.0015736213441442254 0.0076745640708822203 0.022274756964783288 0.021574414096323036 -0.012400744434149716 0.038801342886600643 -0.0030855980897664627 0.00015318581196687028 -0.0035462944575224754 -0.037754638829015523 0.047847809983763881 0.015253512165226033 -0.0078658989130652966 0.0076861090565096728 -0.043581073333612878 0.016157439418158809 -0.0094856509690740623 -0.015794537903397271 -0.062374401005881736 -0.0016534270186878046 0.032142213242239905 -0.0069130107888264987 0.004522368169506988 0.065878180942288464
leaf_weight=323763.65512551367 889193.10705451667 1727.4901520013809 910857.43491251767 710.46427021920681 208.67400194704533 16697.574572436512 43020.816304214299 58009.848199501634 2021.2895530760288 7657.7696563899517 5454.2330561429262 1165.7185330241919 291171.07245195657 5323.126954048872 5164.7828632891178 1502.3006115108728 585.62188430130482 14051.206598550081 9994.4025541618466 8301.5453717112541 1672.8979985564947 3373.9471926391125 7881.3921216577291 1339.7809723317623 1195.1449170857668 2988.9384584724903 8636.5706241130829 5215.5538334697485 123207.11959938705 892.30085399746895
leaf_count=951417 2278878 5319 2708078 1700 669 51087 142813 144540 5302 19338 17765 2826 1101981 15216 14939 5126 1310 37206 30732 23282 5896 8156 24078 4213 4595 8415 20979 16473 346533 1767
internal_value=7.57208e-05 -0.000348524 8.36782e-05 0.00348672 0.000882969 0.0024389 0.00199191 0.00373648 -0.00742343 0.00537601 -0.00858458 -0.000593544 -0.000861022 0.0107227 0.00537892 -0.00819404 0.00349121 0.0102004 -0.00488719 -0.004325 -0.0216814 -0.0028651 -0.000676618 -0.0204558 -0.0377735 0.0164023 0.0234535 0.0100329 0.00472775 0.0510061
internal_weight=2.75299e+06 1.86379e+06 1.54003e+06 334627 140710 120851 119750 101031 18718.9 193916 19859.7 11870.6 1.2054e+06 50540.2 26041.4 6825.43 143376 19216 10704.9 19583.3 3400.39 294545 16182.9 7989.16 2534.93 24498.8 11625.5 12873.3 123793 1100.97
internal_count=8000629 5721751 4770334 952119 408009 346178 343742 287353 56389 544110 61831 35258 3818215 137692 72487 20342 406418 52145 32432 58575 11215 1110137 47360 26573 8808 65205 29394 35811 347843 2436
is_linear=0
shrinkage=0.05


Tree=127
num_leaves=31
num_cat=0
split_feature=98 95 25 22 54 55 50 54 13 94 35 87 25 42 35 37 12 25 39 45 65 10 62 65 55 94 37 55 62 87
split_gain=389.11 430.084 420.084 414.309 939.209 2228.48 1398.29 931.224 899.712 1134.99 1059.63 2099.51 1088.57 786.748 771.604 1168.73 1072.79 943.08 854.483 761.808 700.999 694.235 661.455 654.682 639.221 742.569 621.625 617.234 564.875 535.926
threshold=5.3219726085662851 33.812957763671882 1.2693248987197878 1.5000000000000002 397757.50000000006 -437307.49999999994 232.50000000000003 415837.50000000006 0.015588526614010336 2398.0166015625005 3.3512802124023442 1.0000000180025095e-35 1.3710262775421145 1.0034707784652712 0.52170434594154369 -3.5691387653350826 0.014276167377829553 2.8366353511810307 3.2732547521591191 0.99025413393974315 1.9033783078193667 0.33128809928894049 36.390153884887702 2.9997026920318608 29562.500000000004 3990.130004882813 2.5867465734481816 -245864.99999999997 12.183169841766359 1.0000000180025095e-35
decision_type=2 2 2 2 2 2 2 2 2 2 2 2 2 2 2 2 2 2 2 2 2 2 2 2 2 2 2 2 2 2
left_child=1 3 -2 4 14 8 13 -8 10 20 11 -6 -12 -7 15 16 27 -18 19 -17 -10 24 -11 28 25 -16 -20 -1 -23 -15
right_child=2 -3 -4 -5 5 6 7 -9 9 22 12 -13 -14 29 21 18 17 -19 26 -21 -22 23 -24 -25 -26 -27 -28 -29 -30 -31
leaf_value=0.037893033550336103 0.0059757216067869798 0.00062684508532982741 -0.0010524452991101372 -0.0012165936129458043 -0.017143048381711486 0.022361581418535444 0.019165654927867908 0.080466739484164829 -0.034698139130952425 0.0046681933404958149 -0.01502377880928342 0.0096039474699351028 0.014084737828842217 0.021686678574071819 -0.017980409957062422 -0.012341548948826209 -0.015990165162907858 0.0029769513044188055 -0.016789857916958102 0.0073292829244029625 0.045939961776520793 -0.015061598787858427 0.01830770871270114 -0.032089952039429277 -0.060788696529230683 -0.0017442554298092731 0.0012362904872818799 -0.0029257385291161348 -0.00035116381418841703 -0.015342500919312319
leaf_weight=1962.5153640955687 55880.425461232662 1272096.3706451133 34316.67389857024 966784.63307058066 9950.3895098567009 10286.621286988258 1063.6376996487379 1486.2320976704359 2466.2270198240876 58043.745016939938 21407.481712125242 27923.329529076815 3777.7768161818385 1468.6115140318871 13683.868252083659 5234.7324504852295 20221.80572309345 9694.8599640801549 7361.5469950139523 82118.944055661559 301.64187330007553 7023.1921958774328 10495.985625728965 1767.1396885067225 623.07169564068317 14510.15877263248 13646.622612923384 1752.2685195207596 92008.958169296384 2914.7930174469948
leaf_count=4852 154980 3641315 99218 2870639 32590 25761 2648 2554 9193 164852 67755 75962 10567 3894 43184 15999 66113 28542 23534 229724 659 22197 28056 5966 2450 42802 39392 5469 270890 8872
internal_value=7.1953e-05 -3.74782e-05 0.00330173 -0.000645464 0.000659261 0.00381224 0.0207463 0.0549155 0.00164187 0.00548938 -0.00270887 0.00257643 -0.0106569 0.0148035 -0.00110042 0.00144574 -0.0066966 -0.00984358 0.0039729 0.00615031 -0.025895 -0.00388974 0.00675722 -0.00193309 -0.0107334 -0.00962495 -0.00508058 0.0186418 -0.00139459 -0.00293302
internal_weight=2.75227e+06 2.66208e+06 90197.1 1.38998e+06 423196 151586 17219.9 2549.87 134367 71307.6 63059 37873.7 25185.3 14670 271610 141993 33631.4 29916.7 108362 87353.7 2767.87 129616 68539.7 100799 28817.1 28194 21008.2 3714.78 99032.2 4383.4
internal_count=8000629 7746431 254198 4105116 1234477 433363 43729 5202 389634 202760 186874 108552 78322 38527 801114 413625 104976 94655 308649 245723 9852 387489 192908 299053 88436 85986 62926 10321 293087 12766
is_linear=0
shrinkage=0.05


Tree=128
num_leaves=31
num_cat=0
split_feature=37 54 85 62 54 62 86 22 36 54 22 46 8 36 39 48 54 22 48 87 54 54 26 9 22 31 86 90 50 85
split_gain=383.283 1027.26 514.766 881.109 748.383 838.443 806.5 575.112 553.886 539.615 525.549 516.403 682.965 514.418 1863.52 1409.42 1292.49 1140.82 942.171 1265.17 3114.33 2666.42 1856.47 1387.27 919.178 910.1 894.567 866.357 818.287 2038.99
threshold=-16.694643020629879 659562.50000000012 0.90000000596046459 23.320396423339847 24977.500000000004 34.81929016113282 6.0000000000000009 3.5000000000000004 -22.640521049499508 23337.500000000004 2.5000000000000004 0.033578187227249152 0.00047991212341003125 -28.666570663452145 9.2932434082031268 -0.58244305849075306 564005.00000000012 3.5000000000000004 -0.94331136345863331 1.0000000180025095e-35 17917.500000000004 20002.500000000004 -0.99190732836723317 0.094246655702590956 1.5000000000000002 331.08531188964849 6.0000000000000009 3212.2197265625005 -147.49999999999997 0.90000000596046459
decision_type=2 2 2 2 2 2 2 2 2 2 2 2 2 2 2 2 2 2 2 2 2 2 2 2 2 2 2 2 2 2
left_child=1 2 4 9 5 7 -6 -1 11 -4 -5 -8 -13 14 15 18 17 24 -2 21 26 -20 -22 -23 -17 -16 -21 -26 29 -19
right_child=13 -3 3 10 6 -7 8 -9 -10 -11 -12 12 -14 -15 25 16 -18 28 19 20 22 23 -24 -25 27 -27 -28 -29 -30 -31
leaf_value=-0.0020587898096513214 -0.00039981198378434671 0.02350015957750105 -0.042189162168924002 0.023088175478422374 -0.007648013842083694 -0.051402111227572392 0.022259602769704571 0.04850806580002695 0.023753244409270135 -0.0035171198353825903 -0.026945533389950666 -0.086152004748912603 -0.037513836539559038 -1.5486444035437614e-05 -0.048696203179369284 0.0040498188442236703 0.012141696589572662 0.050551948253174273 0.049883024619016655 0.0078757536618570129 0.0031579095596705382 -0.047102839011743995 0.046264607021151934 0.0025489918205780842 -0.038948614987189212 -0.0096627301508932246 -0.057466298260738416 -0.010421325074360173 -0.0009404259267825802 -0.026090908600791364
leaf_weight=3178.9009897857904 8511.7165931016207 2494.5653188452125 1444.4117448925972 3412.7204303443432 2580.1909474730492 733.33274441957474 230.99986051023006 682.06303511559963 276.45227003097534 2400.9499144256115 619.23820242285728 1131.5121824890375 2000.4706078916788 2627969.6525574997 1801.2828083187342 9416.0746725946665 18408.315032735467 2898.9762067645788 2380.6335845738649 929.78912107646465 3273.0151273310184 1955.8187998831272 10548.394211277366 5004.0659954696894 3150.0368672460318 8719.9046439379454 1197.6191110163927 17146.546002522111 6365.8977722227573 1237.511435598135
leaf_count=9708 24725 6409 5286 9168 8374 2775 578 1396 674 7395 2116 4551 6792 7640198 6574 26570 50154 6036 5475 2843 9360 7055 23297 14847 10992 27089 4305 53078 18687 4122
internal_value=6.8359e-05 -0.00663077 -0.0106534 -0.000930367 -0.0177349 -0.00242834 -0.0290385 0.00688311 -0.0441957 -0.0180518 0.0153979 -0.0497883 -0.0551092 0.000120334 0.00358753 0.00585733 0.00116875 -0.00385414 0.0139886 0.0188314 0.0273895 0.00421658 0.0360579 -0.0114079 -0.00886095 -0.0163499 -0.0289158 -0.0148507 0.0103098 0.0276208
internal_weight=2.7521e+06 21185.8 18691.2 7877.32 10813.9 4594.3 6219.63 3860.96 3639.43 3845.36 4031.96 3362.98 3131.98 2.73092e+06 102946 92424.4 58623.4 40215 33801.1 25289.3 15948.8 9340.52 13821.4 6959.88 29712.7 10521.2 2127.41 20296.6 10502.4 4136.49
internal_count=8000629 65222 58813 23965 34848 13879 20969 11104 12595 12681 11284 11921 11343 7935407 295209 261546 169639 119485 91907 67182 39805 27377 32657 21902 90640 33663 7148 64070 28845 10158
is_linear=0
shrinkage=0.05


Tree=129
num_leaves=31
num_cat=0
split_feature=54 46 27 54 55 45 85 77 30 50 36 38 79 25 49 26 85 55 49 30 50 55 85 90 77 49 24 54 55 37
split_gain=382.739 1250.76 1188.57 1171.79 1946.52 996.086 909.063 2153.04 1057.67 883.901 752.589 669.747 666.67 619.538 1390.43 609.026 704.483 611.615 922.721 689.14 692.237 593.07 2274.95 925.775 814.962 965.702 688.881 660.589 1997.42 1759.92
threshold=777.50000000000011 0.10969065502285959 -0.52797096967697132 1352.5000000000002 6102.5000000000009 0.98542892932891857 0.90000000596046459 1.5606444478034975 0.28749999403953558 -462.49999999999994 -11.427251815795897 13.637613296508791 4.8466784954071054 3.5123126506805424 0.47136868536472326 2.1385573148727421 0.90000000596046459 24497.500000000004 -0.45201864838600153 0.73750001192092907 -267.49999999999994 32112.500000000004 0.90000000596046459 4447.0749511718759 1.5606444478034975 -0.99275061488151539 28.359889030456547 2482.5000000000005 4797.5000000000009 3.701085209846497
decision_type=2 2 2 2 2 2 2 2 2 2 2 2 2 2 2 2 2 2 2 2 2 2 2 2 2 2 2 2 2 2
left_child=1 2 -1 4 6 -6 7 -2 -8 -3 -9 -4 13 -7 -15 17 -17 18 19 20 -11 27 23 -23 -24 -26 -27 28 -5 -30
right_child=3 9 11 21 5 12 8 10 -10 15 -12 -13 -14 14 -16 16 -18 -19 -20 -21 -22 22 24 -25 25 26 -28 -29 29 -31
leaf_value=0.031348319334182716 0.050163183496700382 0.015485749821313056 0.0087907511723939926 -0.035687858481710931 0.042747374044192488 -0.026990688913587125 0.085214364950033206 0.078140244660066083 -0.0031819230814791755 0.013823190027022007 -0.082808959581359837 -0.022804472338912495 -0.0054675757559955688 -0.037495431322834165 0.031706623197570671 -0.014039741772650187 0.075894894520125739 0.0057240365316751744 -0.0035201164176717212 -0.043775640597167355 -0.031611706689793025 -0.075257185868883025 0.026721114633433296 0.044493189472291528 0.075241230934906686 0.019096935954677041 -0.08517076718768847 0.00018291132680442522 -0.017117746150029339 0.0024664937604131094
leaf_weight=5953.0454524606466 966.76848208904266 4821.943397551775 20368.994884967804 4872.1053515076637 736.76396252214909 13103.400296807289 992.15609396994114 81.240664333105087 513.01327137649059 1455.2865696847439 630.57779005169868 1826.7632825374603 9199.9740949571133 1393.407830260694 1512.917054027319 419.21749225258827 451.32543484866619 4666.1186800301075 8112.8178638368845 3545.6131123304367 1974.7068705409765 168.32939644157887 445.72426623106003 3479.8273319602013 132.29670989513397 190.85011926293373 919.61189909279346 2597850.7498973832 15291.075602315366 45913.275362670422
leaf_count=14579 2197 12932 55978 16889 1790 50774 1782 156 1536 4086 2572 6010 24482 6054 4272 1330 900 13441 24701 12646 6783 697 1006 7623 259 519 3847 7531147 55100 134541
internal_value=6.49537e-05 0.00424885 0.0115111 -1.81471e-05 -0.0099919 -0.0145197 0.0268994 0.00159108 0.0551005 -0.00378441 -0.0643488 0.00618925 -0.0161952 -0.0223587 -0.00147136 -0.00829036 0.0326139 -0.0100947 -0.0149871 -0.0283204 -0.0123346 9.07002e-05 0.0167407 0.0389473 -0.0312309 -0.0520246 -0.0672452 5.73372e-05 -0.00487957 -0.00242648
internal_weight=2.75199e+06 53595.8 28148.8 2.69839e+06 29130.2 25946.5 3183.76 1678.59 1505.17 25447 711.818 22195.8 25209.7 16009.7 2906.32 20625.1 870.543 19754.5 15088.4 6975.61 3429.99 2.66926e+06 5336.64 3648.16 1688.48 1242.76 1110.46 2.66393e+06 66076.5 61204.4
internal_count=8000629 153386 76567 7847243 95615 87372 8243 4925 3318 76819 2728 61988 85582 61100 10326 63887 2230 61657 48216 23515 10869 7751628 13951 8320 5631 4625 4366 7737677 206530 189641
is_linear=0
shrinkage=0.05


Tree=130
num_leaves=31
num_cat=0
split_feature=33 13 39 85 54 77 39 36 46 12 31 49 29 13 50 28 38 54 25 46 46 35 54 49 90 54 27 85 104 54
split_gain=394.454 389.969 659.418 802.369 694.871 700.562 515.547 478.8 447.301 1117.63 798.533 1159.75 838.34 717.431 984.467 1036.73 979.394 1058.29 1063.85 933.434 889.454 1206.62 1022.38 1331 1121.3 1043.84 912.274 1504.55 885.287 839.297
threshold=0.30000000447034841 0.0079125771299004572 4.1246385574340829 0.90000000596046459 456500.00000000006 1.5606444478034975 14.03979015350342 -17.465009689331051 0.06090796738862992 0.012574619613587858 1026.5747680664065 -0.41268247365951533 0.80250000953674328 0.019534566439688209 -362.49999999999994 0.27500000596046453 12.070437908172609 777.50000000000011 1.0238543152809145 0.080748952925205245 0.090726088732481017 20.934859275817875 584422.50000000012 -0.9738190472126006 2407.221557617188 735337.50000000012 0.035740928724408157 0.90000000596046459 7.9927399158477792 256725.00000000003
decision_type=2 2 2 2 2 2 2 2 2 2 2 2 2 2 2 2 2 2 2 2 2 2 2 2 2 2 2 2 2 2
left_child=1 2 3 7 -5 -6 -4 -1 9 -3 12 -12 -11 14 15 19 17 -16 -19 -10 22 -22 -15 24 -24 -25 27 -23 29 -17
right_child=-2 8 6 4 5 -7 -8 -9 13 10 11 -13 -14 20 16 28 -18 18 -20 -21 21 26 23 25 -26 -27 -28 -29 -30 -31
leaf_value=-0.05217514256578714 -0.020967069955028499 0.0007116177223368146 -0.026422462138307113 0.038563748505105827 0.036405773723912523 -0.066884634391771433 0.0071642500366157439 0.047664088256989173 0.0027656473899733656 -0.00055868402244303207 -0.019132831833659294 -0.0045040147929655801 -0.010356047622280033 -0.0032176512059790205 0.020342072066298612 0.023787671622929305 -0.012784828759653883 -0.00014762375669978963 0.010087430279188653 -0.017314257119376585 0.00047859972792433552 0.062238013182810172 -0.044253768310959438 0.0058591490782231503 0.044365750299738965 -0.0088842049330032421 0.008143752922977884 -0.013012150910519963 0.00045094141633586081 0.0087992076308546063
leaf_weight=125.55634278059006 2217.5498040020466 396228.68001586944 1416.7286389023066 529.15079733729362 234.4907573312521 541.89006695151329 5885.1686673760414 2402.4687805771828 23079.48062966764 184027.66593598574 17079.126558415592 65533.538151979446 24773.026918835938 331812.83921429515 7100.1005723923445 10881.130479201674 12926.795704476535 270852.47839391977 28013.446923561394 7723.5609433203936 1188547.5080738962 2203.4968692809343 403.73565260320902 45268.363114319742 3029.4522195756435 16337.395256176591 8627.4763501733541 950.13779011368752 27378.3526173383 65952.329629071057
leaf_count=438 7226 1153471 4669 1209 498 2200 16889 5034 65629 539387 54209 198447 75223 982057 18070 27528 39653 785619 76869 23846 3439937 4300 1606 127924 6940 52141 24353 2976 78909 182537
internal_value=0.00010748 0.000124485 0.00946199 0.0262515 -0.00557444 -0.0356746 0.000644279 0.0426848 8.65139e-05 -0.00101707 -0.00336754 -0.00752859 -0.00172115 0.000456501 0.00221063 0.00578926 0.000695453 0.00126504 0.000811747 -0.00226943 -4.20074e-05 0.000636441 -0.00209407 0.00363805 0.033933 0.00194916 0.0165586 0.0395679 0.0081713 0.0109222
internal_weight=2.75208e+06 2.74987e+06 11135.5 3833.56 1305.53 776.381 7301.9 2528.03 2.73873e+06 687642 291413 82612.7 208801 2.05109e+06 453908 135015 318893 305966 298866 30803 1.59718e+06 1.20033e+06 396852 65038.9 3433.19 61605.8 11781.1 3153.63 104212 76833.5
internal_count=7999794 7992568 30937 9379 3907 2698 21558 5472 7961631 2020737 867266 252656 614610 5940894 1298660 378449 920211 880558 862488 89475 4642234 3471566 1170668 188611 8546 180065 31629 7276 288974 210065
is_linear=0
shrinkage=0.05


Tree=131
num_leaves=31
num_cat=0
split_feature=30 55 48 26 36 55 55 85 37 62 37 50 35 37 25 25 48 62 13 13 55 44 55 55 38 90 55 85 97 27
split_gain=405.555 1223.12 1045.13 1040.41 1468.81 1292.64 1198.21 1379.5 1144.06 1044.92 1420.96 876.499 842.89 725.229 1233.81 724.387 709.619 709.467 681.948 770.056 672.117 658.994 651.377 862.042 758.327 644.353 1029.59 722.442 926.557 676.372
threshold=0.90249997377395641 30682.500000000004 0.56457334756851207 1.4383708834648135 -7.5138485431671134 -257359.99999999997 -475472.49999999994 0.90000000596046459 12.734952449798586 25.630069732666019 1.9216369390487673 -377.49999999999994 -5.0368199348449698 3.9889371395111088 2.4450352191925053 1.3710262775421145 0.33172981441020971 45.474523544311531 0.017498034052550796 0.014262465294450523 -556442.49999999988 0.99853593111038219 -211692.49999999997 -690699.99999999988 -4.1504042148590079 2706.160034179688 -559002.49999999988 0.90000000596046459 -5.7441558837890616 0.56436225771904003
decision_type=2 2 2 2 2 2 2 2 2 2 2 2 2 2 2 2 2 2 2 2 2 2 2 2 2 2 2 2 2 2
left_child=-1 2 3 9 5 -5 7 8 -6 11 12 13 -11 20 -15 -9 -3 25 19 -8 -2 -13 23 -12 -24 26 29 28 -27 -4
right_child=1 16 17 4 6 -7 18 15 -10 10 22 21 -14 14 -16 -17 -18 -19 -20 -21 -22 -23 24 -25 -26 27 -28 -29 -30 -31
leaf_value=-0.00014668100829362025 0.023189528269354307 0.046221873164567454 0.010190123780610162 -0.071300167710918516 -0.0033041972302351218 0.0080424877567810589 0.016256440201384257 0.011495279622506897 0.045728907004522062 -0.00011532233477664174 -0.018914474307392473 -0.030975652813057159 0.012245216040110009 0.0042012991631187107 -0.030268155281516392 -0.041531731730094501 -0.0091918924663067902 0.0034309218744171832 0.0087525416158676598 -0.034143526363034304 0.0074587421950090731 -0.002526472982315175 -0.028272227133138331 0.00033767253391541732 -0.0076147707039584999 0.080428282317265898 0.033531821210973083 -0.0045572792135621524 -0.026854489604656376 -0.049341985819462579
leaf_weight=2356050.3371827677 9272.9689367115498 2367.1620714366436 969.73787119984627 1028.2073934674263 1452.691988915205 1023.5949017256498 1198.1540851145983 3373.9533512741327 6560.2638746351004 37964.211724735796 6571.7732960730791 2300.6981245279312 21660.303935214877 102037.13066011667 2662.8367916494608 794.92797147482634 763.58485448360443 10466.150746814907 24408.044748365879 2058.7977396994829 25367.035452663898 17611.467342033982 5036.455928131938 50394.362681731582 37658.723685234785 204.28983570635319 1812.773155272007 7625.1715739965439 10328.579381845891 937.46390607953072
leaf_count=6870965 23811 5148 2732 4050 4165 2831 3166 9599 14216 109968 21171 7713 58923 285756 8703 2907 2290 30026 67221 6792 70117 51271 16046 144044 111614 359 4432 22995 33406 3357
internal_value=0.000102135 0.00158283 0.00133466 0.00210729 0.00951416 -0.031731 0.0116388 0.0247045 0.0368396 0.00113299 -0.0017304 0.00399701 0.00437504 0.00539928 0.00332431 0.00137528 0.0327063 -0.00727502 0.00588471 -0.0156018 0.0116705 -0.0058152 -0.00538316 -0.00188351 -0.0100523 -0.0123967 0.00655887 -0.0162805 -0.0247658 -0.0190801
internal_weight=2.75196e+06 395912 392781 360437 41898.6 2051.8 39846.8 12181.8 8012.96 318538 159286 159252 59624.5 139340 104700 4168.88 3130.75 32344.2 27665 3256.95 34640 19912.2 99661.3 56966.1 42695.2 21878 3719.97 18158 10532.9 1907.2
internal_count=7999794 1128829 1121391 1024084 114947 6881 108066 30887 18381 909137 461766 447371 168891 388387 294459 12506 7438 97307 77179 9958 93928 58984 292875 165215 127660 67281 10521 56760 33765 6089
is_linear=0
shrinkage=0.05


Tree=132
num_leaves=31
num_cat=0
split_feature=79 79 77 79 25 25 25 35 25 94 36 22 22 36 46 29 49 46 6 38 54 87 41 49 13 39 25 25 22 54
split_gain=364.062 565.113 418.603 408.33 403.594 1604.63 1150.26 2284.72 1029.04 1213.05 952.794 952.05 1403.84 1447.14 1137.07 861.779 836.567 792.622 776.558 683.909 982.971 859.618 914.64 860.094 830.053 733.873 892.895 856.143 702.162 674.891
threshold=5.5216758251190194 1.9487571120262148 0.96901690959930431 6.407212734222413 1.029855012893677 1.048332750797272 1.0696927905082705 -0.12515586614608762 1.2693248987197878 4991.0808105468759 -34.201484680175774 2.5000000000000004 1.5000000000000002 -9.1017322540283185 0.11301479861140253 0.15125000476837161 -0.98658463358879078 0.097808305174112334 -0.00053099275100976218 9.0108575820922869 15012.500000000002 1.0000000180025095e-35 1.0028499364852907 -0.010907442308962435 0.0085381162352859991 -6.1758568286895743 0.76469475030899059 0.75113144516944896 1.5000000000000002 8857.5000000000018
decision_type=2 2 2 2 2 2 2 2 2 2 2 2 2 2 2 2 2 2 2 2 2 2 2 2 2 2 2 2 2 2
left_child=1 -1 -2 -4 19 11 7 17 9 10 -8 12 14 -14 -6 18 -9 -7 -10 25 -21 -22 24 -24 -23 26 27 28 -3 -17
right_child=2 4 3 -5 5 6 8 16 15 -11 -12 -13 13 -15 -16 29 -18 -19 -20 20 21 22 23 -25 -26 -27 -28 -29 -30 -31
leaf_value=0.00074598863724951536 0.0033314643933303927 0.010500059840337762 0.0016222785746321374 -0.0007294620074915168 0.04052035527306419 0.022762514616563988 -0.037895915092326891 0.033311767070026942 0.010380635394370097 -0.029653278908632036 0.0054003789447929877 0.027415775170367335 -0.057186213294165095 0.015172729239762886 -0.029784569614270603 -0.0065466130758565421 -0.035350470666497644 -0.018914572594633663 -0.00014752279604799139 0.04068438172800698 0.00019765999541480688 0.025060664095765045 0.0088557393320321566 -0.026236327546366608 -0.029605418920699535 -0.002494913074640719 -0.0082811706908332058 0.031974992416540865 0.0004369385513924181 -0.0011820406177888978
leaf_weight=762449.55954520404 150656.1804651469 24486.336096830666 366974.97740070522 371344.42089203 2434.3450551629066 3817.3337641656399 1284.6894252598286 469.64019349217415 26553.603365465999 2599.8403428643942 108778.85052268952 8307.5003750249743 1535.157969802618 1255.1259307265282 752.04082795977592 75856.756603002548 7767.6870113313198 1625.8683954924345 51448.635017186403 958.06162077188492 11309.193729534745 741.426802277565 4870.6176777034998 2720.5209260135889 10767.181925162673 412975.02811365575 16946.269586928189 2700.3451401293278 59348.258765347302 258137.94534812868
leaf_count=2097874 381912 72717 936373 960778 6050 10914 4970 1272 84385 10097 345032 23632 6317 3909 2638 265595 29040 5709 172764 2408 40452 1943 14464 9822 37940 1370925 56651 7206 190831 845174
internal_value=9.70502e-05 -0.000300225 0.000929568 0.000439443 -0.0010251 -7.17204e-05 -0.000510619 -0.0148229 -0.000137387 0.00409709 0.00489463 0.016468 0.00124779 -0.0246421 0.0239215 -0.00129535 -0.0314316 0.0103116 0.00343651 -0.00198683 -0.00915526 -0.010727 -0.0171955 -0.00372174 -0.0260813 -0.00155143 0.00221379 0.00426916 0.00337632 -0.00240047
internal_weight=2.75187e+06 1.8629e+06 888976 738319 1.10045e+06 552625 538341 13680.5 524660 112663 110064 14284.2 5976.67 2790.28 3186.39 411997 8237.33 5443.2 78002.2 547823 31367 30408.9 19099.7 7591.14 11508.6 516456 103481 86534.9 83834.6 333995
internal_count=7999794 5720731 2279063 1897151 3622857 1817498 1774952 46935 1728017 360099 350002 42546 18914 10226 8688 1367918 30312 16623 257149 1805359 107029 104621 64169 24286 39883 1698330 327405 270754 263548 1110769
is_linear=0
shrinkage=0.05


Tree=133
num_leaves=31
num_cat=0
split_feature=65 39 50 35 90 42 85 13 54 99 8 90 44 26 90 8 94 85 50 6 42 54 54 36 7 37 42 90 36 94
split_gain=356.347 760.505 805.474 960.117 731.351 722.072 1037.4 1543.9 2398.81 1474.57 977.561 897.401 815.693 604.921 640.958 1445.28 1052.82 868.508 1346 845.145 812.481 936.965 754.008 750.347 734.332 1036.13 1213.65 732.41 726.35 716.828
threshold=0.52747833728790294 -2.2889952659606929 12.500000000000002 5.6691951751708993 2781.3750000000005 1.0015380978584292 0.90000000596046459 0.01381143555045128 575537.50000000012 99441.300781250015 -0.00010707822730182669 3382.2749023437505 0.99742558598518383 1.7836166024208071 3375.6450195312505 -0.0097128953784704191 4077.1374511718755 0.90000000596046459 -222.49999999999997 0.003940137568861247 1.0096644163131716 124055.00000000001 1522.5000000000002 25.229186058044437 0.0113820000551641 35.807725906372077 1.0041056871414187 2673.4978027343755 -12.931394100189207 4632.6889648437509
decision_type=2 2 2 2 2 2 2 2 2 2 2 2 2 2 2 2 2 2 2 2 2 2 2 2 2 2 2 2 2 2
left_child=13 2 -2 5 -5 6 7 11 -9 10 -8 -4 -11 -1 15 -15 17 18 23 27 -20 -22 -18 28 25 26 -19 -17 -16 -24
right_child=1 -3 3 4 -6 -7 9 8 -10 12 -12 -13 -14 14 16 19 22 24 20 -21 21 -23 29 -25 -26 -27 -28 -29 -30 -31
leaf_value=0.00073945561882812446 -0.00055084609919530769 -0.0016623247852586961 0.027895902934848366 -0.0011064234973868481 0.021697146629860213 -0.0036401958554464577 -0.048879893789213348 0.008845432463966867 -0.038710543291732062 -0.02419860023366411 0.088471194410879472 -0.016319232263880112 -0.00030052653618160651 -0.026475599032411524 0.066905939543493845 0.0026726987312803638 0.014292051597189159 -0.013179428387759979 -0.044032692445861006 0.0093120500141009796 0.058679516231764199 -0.038715992519516386 -0.015162123221932937 0.054730240528330809 -0.011234909304782685 -0.0092260714226159151 0.051834450256114467 -0.012290000135463898 0.0019581543641240067 0.0015220893839735091
leaf_weight=1679884.4806943759 205476.39569427818 649301.75263806432 12870.338108703494 4850.7199990153313 12773.475577265024 30437.794728659093 158.94904966652393 23586.680208794773 2986.5501233041286 4353.418100386858 685.34962058067322 1259.1229209303856 19838.694051936269 8066.4234303385019 463.54481984674931 12519.056724660099 4473.557173460722 866.58517029881477 2105.3506028056145 10018.237357474864 502.78809271752834 483.34577505290508 14822.405476003885 932.78234601020813 1275.8047604262829 1312.7480239868164 4167.465223684907 23583.235057428479 5875.190402507782 11379.322614878416
leaf_count=4864580 594637 1908903 31112 14385 33162 90498 616 64828 10214 14316 1321 3904 59003 27309 870 37015 12242 2691 7349 28122 1013 1664 46574 2016 3970 4106 9595 73729 16866 33184
internal_value=9.21247e-05 -0.000679864 0.00131811 0.00469267 0.0154209 0.00272656 0.00567451 0.0106006 0.0034992 -0.00233388 0.0625801 0.0239545 -0.00460206 0.000511558 -0.00321077 -0.00695123 0.000954417 0.010559 0.00113472 -0.00353584 -0.0264959 0.0109459 -0.00467696 0.0128846 0.0233689 0.0303263 0.0406413 -0.00710137 0.00671831 -0.00791625
internal_weight=2.75131e+06 968579 319277 113801 17624.2 96176.9 65739.1 40702.7 26573.2 25036.4 844.299 14129.5 24192.1 1.78273e+06 102848 54187 48660.9 17985.6 10363 46120.5 3091.48 986.134 30675.3 7271.52 7622.6 6346.8 5034.05 36102.3 6338.74 26201.7
internal_count=7999794 2826899 917996 323359 47547 275812 185314 110058 75042 75256 1937 35016 73319 5172895 308315 166175 142140 50140 29778 138866 10026 2677 92000 19752 20362 16392 12286 110744 17736 79758
is_linear=0
shrinkage=0.05


Tree=134
num_leaves=31
num_cat=0
split_feature=64 14 53 20 99 36 11 85 46 50 13 7 43 36 13 39 53 50 62 85 13 46 28 104 36 49 53 62 62 13
split_gain=346.206 369.681 823.162 724.693 529.104 465.95 476.669 560.754 581.251 462.074 398.591 410.732 390.531 888.564 1246.65 1021.18 977.257 1473.81 1327.97 1312.25 949.65 834.167 773.511 765.477 1035.68 647.606 590.556 1014.91 1019.04 934.481
threshold=168.83372497558597 76.202754974365249 0.6078576147556306 9.5000000000000018 120627.66796875001 -2.3410195112228389 0.010024293325841429 0.90000000596046459 0.1205924116075039 -812.49999999999989 0.017321940511465076 0.0055872176308184871 1.0029183030128481 -0.48350800573825831 0.082292746752500548 5.0560843944549569 0.6078576147556306 -262.49999999999994 17.75244235992432 0.90000000596046459 0.07107932493090631 0.29204910993576055 0.82500001788139354 8.2097578048706072 -27.922172546386715 0.79989895224571239 0.87837970256805431 57.43872261047364 11.160633087158205 0.06128328666090966
decision_type=2 2 2 2 2 2 2 2 2 2 2 2 2 2 2 2 2 2 2 2 2 2 2 2 2 2 2 2 2 2
left_child=1 12 5 4 -4 6 -3 -8 -9 -6 11 -7 26 15 20 16 23 18 -18 -19 21 22 -15 24 -14 -25 -1 28 -28 -30
right_child=-2 2 3 -5 9 10 7 8 -10 -11 -12 -13 13 14 -16 -17 17 19 -20 -21 -22 -23 -24 25 -26 -27 27 -29 29 -31
leaf_value=0.00086720298874858525 -0.0030532596814029124 0.023251589979829249 -0.012246886201227459 -0.060424671813345335 -0.010230193522585813 0.0059835630544062199 -0.038363269005216437 -0.019170005222310223 0.044151842034533345 0.021542888876851726 0.013609883177538704 -0.024591528882032823 0.031085986367371744 -0.010177282254794216 0.040219366877289324 -0.013716952929977398 -0.018202000369818113 -0.012021130591093269 0.01222332194540335 0.0057534383258221839 -0.033363387854128158 0.060507700305106951 0.0013403180149328022 0.00041557087265765825 -0.011748966305926178 -0.013489170788807264 -0.013851983122539803 -0.036046919766904537 -0.00018761899882968657 -0.013610609891830489
leaf_weight=1656211.049847126 85027.018689118326 672.39421471953392 1553.8946386128664 321.15513657033443 1262.0264981091022 2553.6279899924994 2310.813543818891 1257.9113091528416 507.90339669585228 12187.946080297232 4764.2107037454844 1925.846989646554 1456.2805915772915 15543.70847915113 1988.6051445901394 22288.351421393454 4013.1499439775944 24832.994080647826 33652.742361202836 17844.377373218536 2054.2810491323471 581.88658821582794 234267.30663105845 51214.104525364935 44562.872990436852 10009.506957136095 14814.333195023239 2064.6366997808218 486156.42159364372 13320.506992518902
leaf_count=4788792 251517 1712 4813 1201 4028 7327 8023 4214 1259 31738 13070 6300 3584 47585 4568 70463 12520 75789 91070 51889 7190 1173 680321 150166 139324 31865 46480 7041 1414132 40640
internal_value=8.75287e-05 0.000187694 0.00577124 0.0137766 0.0153691 -0.00299634 -0.0157243 -0.0221582 -0.000939156 0.0185607 0.00354318 -0.00716293 0.00012561 -0.00119063 0.000795914 -0.00359897 -0.00239669 0.00177274 0.0089811 -0.0045891 0.000485185 0.000763039 0.000623614 -0.00552035 -0.0103927 -0.00185783 0.000406912 -0.00106946 -0.000928962 -0.000545632
internal_weight=2.75122e+06 2.66619e+06 29317.7 15325 15003.9 13992.7 4749.02 4076.63 1765.81 13450 9243.69 4479.47 2.63688e+06 464310 254436 209874 187586 80343.3 37665.9 42677.4 252447 250393 249811 107243 46019.2 61223.6 2.17257e+06 516356 514291 499477
internal_count=7999794 7748277 83685 41780 40579 41905 15208 13496 5473 35766 26697 13627 7664592 1367507 740837 626670 556207 231268 103590 127678 736269 729079 727906 324939 142908 182031 6297085 1508293 1501252 1454772
is_linear=0
shrinkage=0.05


Tree=135
num_leaves=31
num_cat=0
split_feature=97 30 12 85 39 49 31 49 90 25 25 25 29 31 97 49 4 22 13 65 39 50 25 97 35 42 13 85 90 39
split_gain=380.562 766.746 888.349 1338.83 1001.27 949.378 952.976 789.894 765.686 746.776 573.216 605.324 538.873 572.862 548.581 525.515 604.307 511.281 497.665 465.647 782.616 599.462 758.344 744.355 673.045 745.404 705.312 1595.4 644.878 646.265
threshold=-5.2697584629058829 0.22249999642372134 0.025067780166864399 0.90000000596046459 8.4429798126220721 -0.97854062914848317 1695.7363891601565 -0.83743050694465626 4161.3720703125009 1.5456657409667971 1.3059243559837344 1.3388304710388186 0.15375000238418582 372.02418518066412 -5.3479554653167716 -0.90159028768539418 -0.00037183992390055204 1.5000000000000002 0.025946777313947681 0.48292568325996404 -3.0424934625625606 -1.0000000180025095e-35 0.86209020018577587 -5.1549003124237052 5.6691951751708993 1.0015380978584292 0.01364848203957081 0.90000000596046459 2781.3750000000005 -5.7175881862640372
decision_type=2 2 2 2 2 2 2 2 2 2 2 2 2 2 2 2 2 2 2 2 2 2 2 2 2 2 2 2 2 2
left_child=1 -1 3 4 5 6 18 9 -9 -7 15 -12 -13 17 -15 -4 -17 -14 -3 -2 21 22 -21 -24 25 26 27 -23 29 -26
right_child=19 2 10 -5 -6 7 -8 8 -10 -11 11 12 13 14 -16 16 -18 -19 -20 20 -22 24 23 -25 28 -27 -28 -29 -30 -31
leaf_value=-0.0049525523127105448 0.00042908717297026369 -0.024138714691589541 0.038316366372392462 -0.001151970330916197 -0.011008829858326224 0.042720410214099537 0.062834700014962927 0.022768201981845274 -0.0061976778589599088 -0.080571962997177754 -0.056636665509862363 0.02191138916301736 -0.015369199053312979 -0.025144075950286244 0.028449704618308248 0.016189935300351916 -0.0075001544273895927 0.00565841058386422 0.08411616819086655 -0.0052452949014846831 -0.0018158461333621695 0.022914998994683466 -0.055465325571508788 0.0020992893188354995 0.009242949550739666 -0.004297499015041094 0.0015969977904244561 -0.0051835304857586993 0.020048357552255605 -0.031204628820261301
leaf_weight=23125.182413615286 1657623.1387234554 2319.0458756089211 1272.6698107272387 16754.304928228259 2913.5257153809071 5363.3281727582216 413.49415743350983 13946.042153798044 2726.9273770153522 124.77675728499889 566.95707930624485 1788.4075255542994 4262.7759168744087 5113.0892357826233 525.73379075527191 5385.5825955867767 5379.9824751913548 8976.2941429764032 110.2728920429945 56578.30303170532 714330.64870967716 14038.624803483486 563.32481421530247 115117.46054693311 3812.2209341153502 27408.963334865868 39006.774931363761 7890.2943272739649 11558.844652354717 1331.7065567523241
leaf_count=69496 4811938 7210 2983 50112 8720 11960 815 35171 8068 482 2052 4626 13105 16708 1338 14474 16108 25466 183 165994 2101440 34858 2087 330574 10706 81584 112588 24029 30035 4525
internal_value=3.12585e-05 0.00304248 0.00541465 0.0100213 0.0167268 0.0199591 -0.00723974 0.0234486 0.0180303 0.0399022 -0.000770408 -0.00571204 -0.00431207 -0.00679766 -0.0201422 0.00794507 0.00435099 -0.00111243 -0.0191901 -8.36179e-05 -0.000940662 0.00131376 -0.000501617 0.00181845 0.00429068 0.00255032 0.00563057 0.0128048 0.0134948 -0.00123154
internal_weight=2.75033e+06 101068 77943.2 44671.7 27917.4 25003.9 2842.81 22161.1 16673 5488.1 33271.5 21233.3 20666.3 18877.9 5638.82 12038.2 10765.6 13239.1 2429.32 2.64926e+06 991637 277307 172259 115681 105047 88344.7 60935.7 21928.9 16702.8 5143.93
internal_count=7999435 289077 219581 122721 72609 63889 8208 55681 43239 12442 96860 63295 61243 56617 18046 33565 30582 38571 7393 7710358 2898420 796980 498655 332661 298325 253059 171475 58887 45266 15231
is_linear=0
shrinkage=0.05


Tree=136
num_leaves=31
num_cat=0
split_feature=86 54 87 99 55 25 36 36 13 90 48 54 46 22 49 94 54 36 55 78 39 39 12 25 36 62 42 46 13 25
split_gain=363.648 558.807 2324.42 3510.06 4143.3 4090 3297.08 4061.13 2665.19 2529.56 2441.86 2419.71 4962.44 2497.71 2011.67 1890.94 2215.83 2004.79 2067.78 2861.03 2428.96 1852.4 1600.87 2000.33 1664.8 1546.85 1518.36 1340.57 1322.75 1676.17
threshold=6.0000000000000009 629947.50000000012 1.0000000180025095e-35 117597.51953125001 -667792.49999999988 1.997237026691437 7.6960623264312753 -7.4195833206176749 0.042954158037900932 2660.019409179688 -0.72982063889503468 699955.00000000012 0.049734009429812438 2.5000000000000004 0.31107263267040258 2656.4587402343755 720102.50000000012 8.3596601486206072 -667792.49999999988 1.5606444478034975 12.340370655059816 13.106884956359865 0.0098513127304613608 0.36613479256629949 -44.525583267211907 15.872315406799318 0.99544364213943493 0.064515411853790297 0.010763588827103378 0.2256952375173569
decision_type=2 2 2 2 2 2 2 2 2 2 2 2 2 2 2 2 2 2 2 2 2 2 2 2 2 2 2 2 2 2
left_child=-1 -2 15 5 14 8 7 9 11 -6 -8 12 -4 -13 -5 16 28 18 27 -20 -21 -9 -18 26 -25 -12 -24 -17 -3 -30
right_child=1 2 3 4 6 -7 10 21 -10 -11 25 13 -14 -15 -16 17 22 -19 19 20 -22 -23 23 24 -26 -27 -28 -29 29 -31
leaf_value=-0.0010376099038175623 2.5794858097985548e-05 -0.012566458058979517 0.01225046186793914 -0.087217606309313592 0.018144315801496488 0.046925741960181941 -0.10686635590640195 0.048622918233030096 -0.085968628562757443 -0.044604019184726451 0.078332819780555077 0.015919612498110452 -0.023002517487415629 -0.0041160264559157627 0.0089717952244601027 -0.027782302026303642 -0.056620951421139244 0.025126653382580806 0.0092500567227056501 -0.055740899005201662 -0.00065466167164485655 -0.0091562856366328334 0.085366432490009497 0.060163227029835821 -0.012656217491498889 -0.040314406447646861 0.010548778635886127 0.063394461817895764 0.036958784649396066 0.0055587016644893118
leaf_weight=618553.66634327173 1853502.0648073629 9136.883619338274 17258.664817124605 1223.3779337853193 6430.5522849112749 4992.6845541745424 755.55099469423294 17317.746608927846 880.3172120153904 2139.7134330123663 470.71507351100445 36752.561583384871 23675.549461334944 26968.360005602241 977.05384323000908 651.25928612053394 1695.3418789803982 2445.3781608939171 3568.2299075424671 8227.9116164296865 2644.4068321436644 1507.4908838123083 822.03767691552639 801.75300770998001 35268.403069004416 656.76477243006229 3854.8735643476248 1055.0053156465292 4565.0412342995405 61448.036268085241
leaf_count=1898805 5307892 29447 43318 4734 15597 10178 3070 35195 3370 6965 787 91584 71046 74901 2613 2242 6754 6707 8835 32270 8454 4207 1614 1779 118688 2133 11989 2321 11625 180315
internal_value=2.97167e-05 0.000339426 0.00242902 0.00690475 0.0216344 0.00270948 0.0266077 0.031007 0.000617217 0.00247416 -0.0373754 0.0013464 -0.00813911 0.00744 -0.0445199 -0.00223804 0.000104695 -0.0170549 -0.0234446 -0.0295954 -0.0423444 0.0439956 -0.00902814 -0.00704651 -0.0110359 0.00924108 0.0237156 0.0285946 0.00526276 0.00773073
internal_weight=2.75025e+06 2.13169e+06 278192 142007 31479 110528 29278.5 27395.5 105535 8570.27 1883.03 104655 40934.2 63720.9 2200.43 136185 117592 18592.2 16146.8 14440.5 10872.3 18825.2 42442.4 40747.1 36070.2 1127.48 4676.91 1706.26 75150 66013.1
internal_count=7999435 6100630 792738 369698 75301 294397 67954 61964 284219 22562 5990 280849 114364 166485 7347 423040 362211 60829 54122 49559 40724 39402 140824 134070 120467 2920 13603 4563 221387 191940
is_linear=0
shrinkage=0.05


Tree=137
num_leaves=31
num_cat=0
split_feature=90 55 85 55 54 86 86 54 35 53 77 29 75 12 85 36 49 49 50 49 30 37 12 9 45 13 21 90 87 37
split_gain=363.234 568.773 941.375 1222.46 1246.98 1377.58 1339.5 1101.75 982.853 959.976 733.199 1030.64 729.7 726.621 687.081 1004.2 755.634 958.953 608.363 528.826 518.543 504.351 652.307 503.735 535.847 528.984 498.438 414.328 850.086 1305.22
threshold=5184.8300781250009 20912.500000000004 0.90000000596046459 1687.5000000000002 11257.500000000002 6.0000000000000009 6.0000000000000009 1522.5000000000002 -8.8226356506347638 0.6078576147556306 1.5606444478034975 0.84750002622604381 8.1550173759460467 0.11590581014752389 0.90000000596046459 -10.382286071777342 -0.88186877965927113 0.61734244227409374 -312.49999999999994 -0.8253108263015746 0.8725000023841859 9.5061192512512225 0.02153221890330315 0.25150756537914282 1.0011371374130251 0.041226597502827651 14.500000000000002 5032.3100585937509 1.0000000180025095e-35 28.9063835144043
decision_type=2 2 2 2 2 2 2 2 2 2 2 2 2 2 2 2 2 2 2 2 2 2 2 2 2 2 2 2 2 2
left_child=27 2 3 -2 6 -6 12 -8 -9 13 -11 -12 -5 21 15 18 -16 -18 -3 -20 -14 -4 -23 -17 -25 -26 -13 -1 -29 -30
right_child=1 14 9 4 5 -7 7 8 -10 10 11 26 20 -15 16 23 17 -19 19 -21 -22 22 -24 24 25 -27 -28 28 29 -31
leaf_value=7.6256589532517716e-05 -0.051963786155683193 -0.085767316478479697 0.049467281488334409 -0.030436983517944896 0.035002271845903314 -0.067206250830099165 -0.10428738443366768 -0.09553384579564328 0.057558898921532958 0.018318469698944715 -0.064500846194375877 0.06141730705647569 0.038900758939278753 -0.042151752245106928 -0.039146946062557211 -0.048615023254343567 0.035135448516583408 -0.026819380137902762 0.059046250741056752 -0.023846912503194276 -0.052537350467989352 0.03631543312849931 -0.043780069881515261 -0.044677687216347899 -0.015644239444154145 0.047914833592298645 -0.071657011475013188 0.0026537666982457825 -0.0065258885693298928 -0.049968609720666121
leaf_weight=2655516.6149512976 519.68664155900478 109.0207357853651 1206.2340369224548 924.07214598357677 639.05474473536015 678.89096094667912 111.58210355043411 106.40480567514896 4571.3468500971794 634.81710822880268 1371.9239311218262 285.00897115468979 1192.4538553804159 448.39043846726418 618.58068762719631 1655.9327015280724 2689.3631466627121 812.51455345749855 757.33051143586636 257.09701216220856 177.27356120944023 590.58782352507114 444.71676458418369 822.11037723720074 972.1012290418148 492.30583158135414 92.380258738994598 29775.815887004137 39593.861064977944 1807.0121600627899
leaf_count=7712949 1871 452 2611 3115 1785 2617 457 437 8640 1495 5903 573 2675 1518 2190 6320 6395 2784 1497 862 625 1406 1532 3126 3256 1222 401 89119 124494 7108
internal_value=2.83362e-05 0.00626063 0.0126058 0.0223851 0.0269906 -0.0176539 0.0352995 0.0503446 0.0540558 -0.00458749 -0.0276832 -0.0443807 0.00387565 0.0158835 -0.00340557 -0.015737 0.0117542 0.0207556 0.0259466 0.03803 0.0270333 0.0275085 0.00189641 -0.02762 -0.0123983 0.00573782 0.0287258 -2.46486e-05 -0.00378932 -0.0084233
internal_weight=2.74987e+06 23181.2 13994.8 8920.77 8401.08 1317.95 7083.13 4789.33 4677.75 5074.06 2384.13 1749.31 2293.8 2689.93 9186.36 5065.9 4120.46 3501.88 1123.45 1014.43 1369.73 2241.54 1035.3 3942.45 2286.52 1464.41 377.389 2.72669e+06 71176.7 41400.9
internal_count=7999435 65765 37661 22222 20351 4402 15949 9534 9077 15439 8372 6877 6415 7067 28104 16735 11369 9179 2811 2359 3300 5549 2938 13924 7604 4478 974 7933670 220721 131602
is_linear=0
shrinkage=0.05


Tree=138
num_leaves=31
num_cat=0
split_feature=37 54 39 13 85 54 86 73 30 73 12 36 39 22 87 13 30 48 7 12 54 48 86 39 27 31 22 26 37 90
split_gain=359.521 921.66 578.943 677.025 627.606 1009.94 927.12 644.368 501.569 479.196 477.442 458.78 1707.19 1269.85 1251.77 1201.72 1265 1201.35 1179.89 1188.94 1131.3 1081.72 1044.43 1445.55 1004.28 925.468 892.858 887.554 803.895 779.908
threshold=-16.694643020629879 659562.50000000012 1.9941572546958926 0.016423074528574947 0.90000000596046459 577962.50000000012 6.0000000000000009 1.7737035751342776 0.417499989271164 1.7380505800247195 0.010308456141501667 -28.666570663452145 9.2932434082031268 3.5000000000000004 1.0000000180025095e-35 0.027684256434440616 0.062499998137354858 -0.58244305849075306 -0.0011679370072670279 0.01730822212994099 564005.00000000012 0.47136868536472326 6.0000000000000009 -18.460609436035153 0.76502400636672985 331.08531188964849 1.5000000000000002 -1.9046620726585386 8.8636145591735858 3212.2197265625005
decision_type=2 2 2 2 2 2 2 2 2 2 2 2 2 2 2 2 2 2 2 2 2 2 2 2 2 2 2 2 2 2
left_child=1 2 10 -4 5 -5 7 -7 -8 -3 -1 12 13 17 15 16 28 24 19 27 26 -21 -20 -24 -2 -14 -19 -16 -15 -28
right_child=11 9 3 4 -6 6 8 -9 -10 -11 -12 -13 25 14 18 -17 -18 20 22 21 -22 -23 23 -25 -26 -27 29 -29 -30 -31
leaf_value=0.016461871243216967 0.0076147960121804347 0.054792518821286273 -0.037087641298888856 0.020935034363410279 0.025507959617812128 0.064850644845565117 -0.084437686562148229 -0.028589737359545998 0.016152355654184995 0.0073584215527658873 -0.020222149293974912 -5.1219021557091201e-05 -0.048510726844733884 -0.0073206585138383771 0.0245977096684778 0.036589898632659157 -0.025066564238603057 0.0042839231805266503 0.011141665278570237 0.0396847263930247 0.0086894415423430776 -0.0095430001701957562 -0.087637372457720686 0.056125507458289273 0.041742252111521681 -0.0090199246528277887 -0.037163583069553474 -0.040780525639635329 0.052436085669071868 -0.010116872480609967
leaf_weight=966.8864044547081 22567.636654727161 772.18097206950188 997.3226475417614 1645.3200714290142 2659.5741404891014 290.05106963217258 767.07690985500813 502.9789802134037 147.32496102154255 1712.3006297573447 10620.959390535951 2625613.4955511019 1785.8351868763566 1189.9350720047951 772.84579922258854 1789.9641051888466 4424.4318794161081 9445.9578212350607 2417.9931458085775 3440.2972558662295 14322.720577962697 1650.7430581599474 180.39345440268517 4929.9725047647953 2382.5718530267477 8749.3738023564219 3155.7099031209946 1576.4542763084173 1066.3442877084017 17142.067755393684
leaf_count=2617 63353 1615 3509 4344 7248 707 3296 1813 401 4782 34779 7638645 6612 3777 2004 4386 14912 26613 6770 7780 39597 4907 688 9545 5545 27175 11027 5353 2466 53169
internal_value=2.69285e-05 -0.00647728 -0.0102988 0.0010432 0.00737428 -0.0070121 -0.033942 0.00561846 -0.0682256 0.0221191 -0.0171597 7.71861e-05 0.00335071 0.00552381 0.0155786 0.000217755 -0.00953071 0.00210877 0.0242702 0.0101467 -0.00285491 0.0237232 0.0382248 0.0510336 0.0108755 -0.0157185 -0.00841422 -0.0192697 0.0209296 -0.0143237
internal_weight=2.74969e+06 21082 18597.5 7009.65 6012.33 3352.75 1707.43 793.03 914.402 2484.48 11587.8 2.7286e+06 102991 92456 23439.4 8470.68 6680.71 69016.7 14968.7 7440.34 44066.5 5091.04 7528.36 5110.37 24950.2 10535.2 29743.7 2349.3 2256.28 20297.8
internal_count=7999435 65111 58714 21318 17809 10561 6217 2520 3697 6397 37396 7934324 295679 261892 62588 25541 21155 199304 37047 20044 130406 12687 17003 10233 68898 33787 90809 7357 6243 64196
is_linear=0
shrinkage=0.05


Tree=139
num_leaves=31
num_cat=0
split_feature=13 39 85 90 77 90 85 22 43 86 43 36 46 12 8 31 49 48 13 90 97 87 36 29 87 48 38 39 13 50
split_gain=354.388 550.263 582.953 629.441 558.655 438.803 1163.38 1169.71 824.159 542.013 580.055 418.018 403.371 998.967 788.161 754.727 847.507 734.517 921.963 751.989 1365.91 1313.87 731.358 726.622 708.492 784.669 1037.99 712.353 703.503 887.323
threshold=0.0079125771299004572 4.1246385574340829 0.90000000596046459 2984.3454589843755 1.5606444478034975 2758.069946289063 0.90000000596046459 2.5000000000000004 1.0002807974815371 6.0000000000000009 1.0003612637519839 -17.465009689331051 0.06090796738862992 0.012764794286340477 -0.0045930768828839055 892.77584838867199 -0.91959547996520985 0.8491516411304475 0.013561540748924019 3334.0485839843755 2.764958500862122 1.0000000180025095e-35 18.938914299011234 0.80750000476837169 1.0000000180025095e-35 0.95688340067863475 14.763888359069826 6.7872190475463876 0.019534566439688209 -362.49999999999994
decision_type=2 2 2 2 2 2 2 2 2 2 2 2 2 2 2 2 2 2 2 2 2 2 2 2 2 2 2 2 2 2
left_child=1 2 11 4 -4 -3 9 8 -8 -7 -11 -1 13 14 22 23 -17 -16 19 21 -21 -19 -2 -15 -18 26 -26 -27 29 -14
right_child=12 5 3 -5 -6 6 7 -9 -10 10 -12 -13 28 15 17 16 24 18 -20 20 -22 -23 -24 -25 25 27 -28 -29 -30 -31
leaf_value=-0.051509048613365693 -0.018153198989891383 0.013823867861865536 0.034222478881225309 0.040213228378964239 -0.05553642225981148 -0.0058469994419615701 0.053276448907594399 -0.085375252182606665 -0.03363413429077055 -0.080632069516185775 -0.0078639935203303653 0.042711208833840691 0.0054734244329726475 -0.00035029468620257975 -0.00038294822485353828 -0.01940889775560484 0.00041568879399651344 -0.0054053355059135878 -0.013663536071969344 0.019486320996468326 -0.015759003462216471 0.0086542729924851316 0.025532781750559411 -0.01022164636437474 -0.016447544534130745 0.014721103248690921 0.0029264885341017885 -0.016656280308062293 -0.00015320356243168063 0.0006379988222725327
leaf_weight=122.85826773941517 8861.4257538318634 3474.8632770180702 244.0231487005949 530.94813384115696 592.46157684922218 896.75500263273716 1240.9747550189495 233.71528874337673 348.72698909044266 837.09433203935623 407.36480844020844 2424.1785186678171 135104.2299689576 157687.65810976177 307174.72536496073 12107.413973547518 32966.584943287075 26577.176624104381 6472.2897212952375 18009.368581905961 3243.0956429541111 44333.866920635104 1073.1947971954942 21140.708284802735 30523.48121034354 5719.4074433743954 8936.8261719942093 2644.2683010548353 1596994.5708001927 318630.83825334162
leaf_count=429 28542 9676 526 1198 2365 2880 2798 1001 1246 3187 1167 5225 378908 461979 900113 38637 100099 82683 20144 47358 10033 119984 2780 64310 95867 15238 25884 8253 4647019 919906
internal_value=2.56059e-05 0.00884052 0.0240125 -0.00231804 -0.029336 0.000854568 -0.0105119 0.0188314 0.0341989 -0.0354996 -0.0568414 0.038146 -1.09466e-05 -0.00105908 0.000481795 -0.00341665 -0.00707271 0.000822448 0.00457635 0.00585745 0.0141072 0.00338472 -0.0134314 -0.00151734 -0.00522371 -0.00911116 -0.0120597 0.00479939 0.00034042 0.00207782
internal_weight=2.74956e+06 11354 3914.47 1367.43 836.485 7439.49 3964.63 1823.42 1589.7 2141.21 1244.46 2547.04 2.7382e+06 687471 415745 271726 92898 405811 98635.8 92163.5 21252.5 70911 9934.62 178828 80790.6 47824 39460.3 8363.68 2.05073e+06 453735
internal_count=7999435 31698 9743 4089 2891 21955 12279 5045 4044 7234 4354 5654 7967737 2021904 1211637 810267 283978 1180315 280202 260058 57391 202667 31322 526289 245341 145242 121751 23491 5945833 1298814
is_linear=0
shrinkage=0.05


Tree=140
num_leaves=31
num_cat=0
split_feature=80 77 77 50 46 46 55 37 54 54 42 54 37 38 22 84 80 13 13 62 55 84 104 80 46 42 55 16 48 80
split_gain=388.687 503.538 1813.24 636.958 812.321 794.921 674.377 622.299 939.628 559.751 534.559 553.012 530.394 791.888 760.993 659.208 510.471 498.243 497.662 469.968 453.795 646.451 455.487 436.24 428.307 424.117 401.091 394.07 378.179 349.154
threshold=5.5216758251190194 0.84770509600639354 1.2470506429672243 -192.49999999999997 0.12717249244451526 0.1281208619475365 12082.500000000002 3.9889371395111088 24977.500000000004 2782.5000000000005 0.99400657415390026 726662.50000000012 -2.6267323493957515 -7.1763291358947745 3.5000000000000004 -1.0000000180025095e-35 3.0697556734085087 0.037852231413125999 0.11023845896124841 25.037553787231449 10097.500000000002 -1.0000000180025095e-35 8.4908876419067401 4.8466784954071054 0.31721168756484991 1.0108618140220644 24497.500000000004 26.198443412780765 -0.89194178581237782 6.407212734222413
decision_type=2 2 2 2 2 2 2 2 2 2 2 2 2 2 2 2 2 2 2 2 2 2 2 2 2 2 2 2 2 2
left_child=1 -1 3 5 12 10 20 9 24 27 11 -3 -5 14 -14 -15 -4 -10 -11 28 22 -22 -6 -18 -9 -21 -8 -7 -12 -2
right_child=29 2 16 4 6 7 26 8 17 18 19 -13 13 15 -16 -17 23 -19 -20 25 21 -23 -24 -25 -26 -27 -28 -29 -30 -31
leaf_value=-0.0022037696302611037 0.001883520240769494 -0.01210647446437705 -0.00033437985366911754 -0.02135141225503193 -0.0076902510534456008 0.020091013636493724 -0.037885053489974889 0.012464114303460011 0.0046038787714021926 0.021197039127994678 0.0010676191191669132 0.03342493553821204 0.030711239131533053 -0.0026658245517460185 -0.013904712169660084 0.0052010390538236861 -0.0028922423177218217 -0.014779913125844802 -0.017209998941260875 0.000487993660409528 -0.020055279400743017 0.042612336491043581 0.065952484737661424 0.015219204608063511 0.054916555598614705 -0.026377369647524442 -0.001991435960103414 -0.024227569684369878 0.0079616134243245592 -0.00010050260794392766
leaf_weight=323520.21199954301 430108.66558375955 8429.9042864963412 895698.79119806737 2321.0518823638558 16447.71113242954 804.94559215754271 2665.7308955639601 14355.044851660728 7475.1016540527344 18804.937062144279 28361.793801240623 723.16150653362274 4416.5793783515692 46496.9051232934 1218.792132511735 62317.217555090785 304502.0049360171 5955.2233986854553 882.17932930588722 39127.779703423381 645.83396728336811 1130.5553660839796 211.68011359870434 3360.3935412913561 619.00040355324745 1525.3631811141968 1099.6632454693317 1327.1018794700503 66634.193604975939 457740.30223070085
leaf_count=951037 1096973 26074 2658505 7773 49762 2371 9812 38505 20610 47930 81515 1870 10887 156034 3723 157653 1151334 18055 2863 112394 2336 2355 389 8162 1232 5078 3428 5034 184293 1180688
internal_value=-1.64439e-07 -0.00041082 -3.35576e-05 0.00322589 0.000639192 0.00506908 -0.00812751 0.0104893 0.00561074 0.0168395 0.00318901 -0.00850534 0.00230607 0.00278608 0.0210603 0.00183944 -0.000938084 -0.0039913 0.019475 0.00397819 -0.00418821 0.0198273 -0.00675032 -0.00269449 0.0142229 -0.000520534 -0.0274072 -0.00749136 0.00590344 0.000860631
internal_weight=2.74893e+06 1.86108e+06 1.53756e+06 333997 138972 195026 22201.2 50223.5 28404.4 21819.2 144802 9153.07 116771 114449 5635.37 108814 1.20356e+06 13430.3 19687.1 135649 18435.8 1776.39 16659.4 307862 14974 40653.1 3765.39 2132.05 94996 887849
internal_count=7998675 5721014 4769977 951976 404152 547824 68082 136600 78402 58198 411224 27944 336070 328297 14610 313687 3818001 38665 50793 383280 54842 4691 50151 1159496 39737 117472 13240 7405 265808 2277661
is_linear=0
shrinkage=0.05


Tree=141
num_leaves=31
num_cat=0
split_feature=98 95 30 48 55 26 22 38 39 55 42 42 55 13 85 38 92 65 55 35 48 55 55 55 42 93 4 29 55 43
split_gain=345.891 378.655 352.06 919.134 963.644 604.905 563.809 847.139 994.777 1010.28 839.061 734.18 745.815 695.807 639.84 570.66 569.557 488.401 685.495 510.446 544.461 462.169 1459.78 512.459 451.642 468.825 461.835 421.708 420.982 415.767
threshold=5.3219726085662851 32.924772262573249 0.90249997377395641 0.5464349389076234 30682.500000000004 1.4383708834648135 1.5000000000000002 1.9588455557823183 -15.576344490051268 -685682.49999999988 1.0015777945518496 0.99611741304397594 -95392.499999999985 0.033470503985881812 0.90000000596046459 -14.709507942199705 8.5719875642098499e-11 1.1271840333938601 -448802.49999999994 -8.6036357879638654 -0.58244305849075306 -196077.49999999997 -264057.49999999994 -184647.49999999997 1.0152000784873965 0.067174039781093611 0.0023138723336160187 0.36250001192092901 8757.5000000000018 1.0119082331657412
decision_type=2 2 2 2 2 2 2 2 2 2 2 2 2 2 2 2 2 2 2 2 2 2 2 2 2 2 2 2 2 2
left_child=1 2 6 4 5 21 7 8 9 -1 13 12 -10 14 -9 -13 29 24 -19 -20 -21 22 -4 -23 25 -8 -27 -18 -15 -12
right_child=-2 -3 3 -5 -6 -7 17 10 11 -11 16 15 -14 28 -16 -17 27 18 19 20 -22 23 -24 -25 -26 26 -28 -29 -30 -31
leaf_value=-0.061418932774452976 0.0030496519638176824 0.00051933774872684694 0.00082345966537619567 -0.0097930960996423094 0.043886565497722324 0.0099166979051713792 -0.0017535681533110475 -0.013645704201690746 -0.0083589202146271812 0.031358633429008381 -0.0026877096906893971 0.016284866414431467 0.0028470050364824743 0.020243248612335937 -0.00029089748145412741 0.0034805939521079469 0.010031007525415223 -0.011921038488736831 0.010742417605537961 -0.017364182169531488 -0.00218688693215234 -0.032688429954622948 0.019555468064025652 -0.0015932192655984765 -0.013644482613562199 0.00081526472610154207 0.013058635633444927 0.00034203790234782299 -0.013833613421153685 0.037688611399103428
leaf_weight=312.9339437931776 89925.257285311818 1272663.3660150543 81585.998402476311 17196.359751984477 1381.2030391842127 21211.739950850606 594152.4849248901 29711.711915418506 27410.389198988676 4500.9168636202812 78245.433713577688 9369.5188256576657 32395.61239207536 3315.3035742491484 12847.782857447863 122005.27192740887 20291.031597353518 26651.800003521144 6625.3320748507977 6654.707474693656 52691.535524636507 1351.0624507218599 11919.348230347037 66239.552691422403 7331.013668268919 114894.42434737831 8254.9763317480683 25151.484668925405 1246.1850261688232 641.80888059735298
leaf_count=1270 253733 3647351 235753 53154 3061 58606 1791871 91510 83524 10913 235657 26102 94669 8629 38362 348531 56679 84394 18862 21258 157762 4439 31166 194095 23745 322926 21900 73002 4106 1645
internal_value=-1.50145e-07 -0.000103324 -0.000675243 0.00126024 0.00229509 0.00197972 -0.00100344 0.000623274 0.0028687 0.0253149 -0.00194357 0.00230336 -0.00228888 -0.00762519 -0.0096144 0.00439394 0.000209767 -0.00173483 -0.00515366 -0.0024195 -0.00388912 0.000934556 0.00321151 -0.00221533 -0.00129782 -0.00117161 0.0016361 0.0046686 0.0109315 -0.00235868
internal_weight=2.74818e+06 2.65825e+06 1.38559e+06 200885 183689 182308 1.1847e+06 367445 195995 4813.85 171451 191181 59806 47121 42559.5 131375 124330 817256 92623.4 65971.6 59346.2 161096 93505.3 67590.6 724633 717302 123149 45442.5 4561.49 78887.2
internal_count=7998675 7744942 4097591 580274 527120 524059 3517317 1074599 565009 12183 509590 552826 178193 142607 129872 374633 366983 2442718 282276 197882 179020 465453 266919 198534 2160442 2136697 344826 129681 12735 237302
is_linear=0
shrinkage=0.05


Tree=142
num_leaves=31
num_cat=0
split_feature=79 79 49 42 36 42 87 90 86 37 13 77 54 54 55 54 54 42 13 29 54 8 85 53 50 94 54 36 36 54
split_gain=353.119 471.409 377.381 1267.6 922.281 1073.58 1292.7 1269.63 1043.37 948.647 939.593 901.691 1363.76 822.874 1513.68 1488.39 2365.28 1521.97 1286.21 1066.16 995.551 928.507 898.615 822.724 1019.63 769.105 1177.54 677.352 651.745 603.088
threshold=5.5216758251190194 1.4498866200447085 0.8491516411304475 1.0023443698883059 -28.666570663452145 0.99710282683372509 1.0000000180025095e-35 3315.4792480468755 6.0000000000000009 -12.04527425765991 0.015963150188326839 1.5606444478034975 365447.50000000006 254102.50000000003 -443802.49999999994 163947.50000000003 110617.50000000001 0.99710282683372509 0.01740655675530434 0.51749998331069957 13272.500000000002 0.0035487362183630471 0.90000000596046459 -1.0000000180025095e-35 -147.49999999999997 2656.4587402343755 720102.50000000012 -4.9380626678466788 -2.0882333517074581 735337.50000000012
decision_type=2 2 2 2 2 2 2 2 2 2 2 2 2 2 2 2 2 2 2 2 2 2 2 2 2 2 2 2 2 2
left_child=1 -1 4 13 5 10 11 8 -8 -9 -3 -7 -13 15 25 16 20 -18 21 -20 -4 -16 -17 24 -12 26 -15 -24 -5 -30
right_child=-2 2 3 28 -6 6 7 9 -10 -11 23 12 -14 14 18 22 17 -19 19 -21 -22 -23 27 -25 -26 -27 -28 -29 29 -31
leaf_value=0.0011642970530400651 0.00082043218058306961 -0.042572521623705208 0.0010664701866015566 -0.01489301178988996 -0.00073001589183269567 0.028493083482828294 0.010520505266049383 -0.05177638570076909 0.055890885401038259 0.015747022272609407 0.02491829601028487 0.004299590517160507 -0.054934703676795794 0.0079438707310141628 0.023140631282626042 -0.03256921257033888 0.05841221075213187 0.0096121626007014474 -0.011986121390942807 0.016996285546136497 -0.012487508574951997 -0.052559222542498098 0.0038211433714266923 -0.0038290976758857866 -0.017514230099596358 -0.010071445523138064 -0.016654946999236232 -0.052029996411594809 -0.0038289388267408022 -0.066051528714420077
leaf_weight=385842.85594727099 887595.22194626927 1225.3077940195799 32809.430251464248 25470.781672522426 1214253.4344560206 1670.1884983181953 1835.8628270477057 571.13896532356739 4095.6500981152058 5724.2349713742733 6302.2228863537312 3053.967907205224 1423.9633338004351 23523.583934798837 16427.615029126406 6643.2599853724241 2402.7944371849298 4767.1715962439775 7464.7752355635166 5517.8291984200478 23074.969438105822 414.35877726972103 3969.9004660993814 17687.97449618578 1824.9202279150486 18793.840732306242 6132.4761673286557 627.82045042514801 36489.376422092319 392.64381018280983
leaf_count=1042842 2277661 4779 108435 89719 3832924 3741 5558 2338 8130 15794 16958 10683 6384 71044 44412 24116 5436 14421 25458 16148 80325 1630 13236 58367 6269 63042 22206 2570 122318 1731
internal_value=-1.42573e-07 -0.000391634 -0.000798764 -0.00273524 -0.00046836 0.00652717 0.0158525 0.025256 0.0418533 0.00961301 0.000189752 -0.00284878 -0.0145436 -0.000280396 0.00329699 -0.00404945 -0.00106116 0.0259726 0.0121589 0.000331873 -0.00453007 0.0212749 -0.0208097 0.00222122 0.0153886 -0.00215822 0.00285661 -0.00381392 -0.00874176 -0.00449327
internal_weight=2.74803e+06 1.86043e+06 1.47459e+06 214923 1.25967e+06 45415.4 18375 12226.9 5931.51 6295.37 27040.4 6148.12 4477.93 152570 78274.5 74295.3 63054.4 7169.97 29824.6 12982.6 55884.4 16842 11241 25815.1 8127.14 48449.9 29656.1 4597.72 62352.8 36882
internal_count=7998675 5721014 4678172 706247 3971925 139001 52628 31820 13688 18132 86373 20808 17067 492479 243940 248539 208617 19857 87648 41606 188760 46042 39922 81594 23227 156292 93250 15806 213768 124049
is_linear=0
shrinkage=0.05


Tree=143
num_leaves=31
num_cat=0
split_feature=62 53 48 90 85 24 25 39 85 35 77 31 35 50 37 54 39 25 85 62 87 62 50 37 22 50 54 37 25 53
split_gain=346.255 684.548 646.544 962.665 1864.96 905.071 626.518 616.742 600.768 733.124 598.978 577.436 536.724 581.622 511.552 434.408 397.416 844.768 1935.29 1304.23 1292.38 1794.28 1570.45 2029.67 2592.71 1482.98 2172.07 2247.09 1720.74 1975.66
threshold=10.086773395538332 0.87837970256805431 -0.39271505177021021 2660.019409179688 0.90000000596046459 35.415727615356452 1.9714748263359072 6.7872190475463876 0.90000000596046459 -2.1442407369613643 1.5606444478034975 345.44648742675787 -0.3318947553634643 -687.49999999999989 52.654771804809577 645227.50000000012 -5.3040635585784903 0.62730306386947643 0.90000000596046459 47.381399154663093 1.0000000180025095e-35 44.204217910766609 -387.49999999999994 7.5490424633026132 1.5000000000000002 -167.49999999999997 195672.50000000003 10.838963985443117 0.61264580488204967 0.87837970256805431
decision_type=2 2 2 2 2 2 2 2 2 2 2 2 2 2 2 2 2 2 2 2 2 2 2 2 2 2 2 2 2 2
left_child=1 2 3 4 5 -1 7 8 14 -10 -6 -9 -7 -14 -5 -12 17 20 19 -19 25 22 -22 24 -24 26 27 -2 29 -27
right_child=16 -3 -4 6 10 12 -8 11 9 -11 15 -13 13 -15 -16 -17 -18 18 -20 -21 21 -23 23 -25 -26 28 -28 -29 -30 -31
leaf_value=-0.043523216522317235 0.052242335826919797 -0.017443270821916521 0.0066506678257890577 -0.035172330460338991 0.017457183784967713 0.064035468542363513 0.0078496728065204514 -0.042110692811495605 0.024148243645368859 -0.020967503152038443 -0.014223580435521872 0.027345081771551722 0.0031458231829035797 0.06665694071085701 0.048931231113578735 -0.07662274048447254 -0.00021038148022207396 -0.0030453878310749034 0.0046141883468899039 -0.032203168943720641 0.031829936980071714 -0.025158261988776499 0.017320150624939228 0.010400135185279774 -0.019519687881070672 -0.0054078220649515854 -0.032642242749970261 -0.038874092743020845 0.05481016447822569 0.014428236740699096
leaf_weight=351.98543557524681 1812.9397982060909 8202.9331876039505 14557.660074561834 6049.8080127686262 428.66784659028053 1392.2128071784973 2819.8778824955225 394.34655933082104 1232.3920907229185 3334.7173682898283 466.10863484442234 1230.0632150024176 1200.3800591379404 514.37477187812328 185.48125714063644 696.37167750298977 2225950.4883265644 167426.65577040613 117681.66935665905 3924.1402440965176 6736.0856758058071 4122.5135694891214 7263.4535543173552 84570.339284211397 13940.69193623215 43049.995995551348 7613.504851102829 1078.2895860075951 1486.3540107011795 17718.413721479475
leaf_count=1208 4008 26568 41091 20499 1019 2728 8132 1364 3322 11015 1582 3053 3325 993 423 3105 6490120 486904 343807 13044 15770 13262 18317 225943 43830 131993 26068 3679 3295 49208
internal_value=-2.07086e-07 -0.00444866 -0.00138985 -0.00715711 0.0117612 0.0323674 -0.013424 -0.0182521 -0.0225715 -0.00878972 -0.0330231 0.0104652 0.0409778 0.0222279 -0.0326623 -0.0516412 7.06182e-05 0.00137802 -0.00032271 -0.00371335 0.00397353 0.00723577 0.00842299 0.00693202 -0.00689979 -0.00125579 -0.0186323 0.0182569 0.00167647 0.000375893
internal_weight=2.74743e+06 43057.4 34854.4 20296.8 5050.1 3458.95 15246.7 12426.8 10802.4 4567.11 1591.15 1624.41 3106.97 1714.75 6235.29 1162.48 2.70438e+06 478425 289032 171351 189393 116633 112511 105774 21204.1 72759.5 10504.7 2891.23 62254.8 60768.4
internal_count=7998675 129427 102859 61768 13960 8254 47808 39676 35259 14337 5706 4417 7046 4318 20922 4687 7869248 1379128 843755 499948 535373 317122 303860 288090 62147 218251 33755 7687 184496 181201
is_linear=0
shrinkage=0.05


Tree=144
num_leaves=31
num_cat=0
split_feature=30 90 62 25 48 25 49 22 13 25 87 62 25 37 54 42 25 87 55 37 39 53 26 39 42 87 90 39 30 53
split_gain=344.228 849.859 929.704 832.509 748.945 1002.68 1117.91 1292.95 1341.22 1757.61 1855.2 1089.2 1172.92 1522.02 1015.65 889.362 1137.19 1032.91 2028.57 1542.44 1441.17 1427.2 943.878 822.934 856.577 786.464 739.841 717.994 713.86 699.942
threshold=0.42750000953674322 2397.977661132813 33.30064773559571 1.1562688350677492 -0.92794367671012867 0.85700520873069774 -0.94331136345863331 2.5000000000000004 0.023467214778065685 2.0837367773056035 1.0000000180025095e-35 18.406864166259769 0.91940233111381542 25.963153839111332 467662.50000000006 1.0024391412734988 0.60702574253082286 1.0000000180025095e-35 -731097.49999999988 5.4808168411254892 -1.178947865962982 1.0000000180025095e-35 0.93540370464324962 0.67457681894302379 0.99976086616516124 1.0000000180025095e-35 2621.8195800781255 -16.659986495971676 0.1475000008940697 0.87837970256805431
decision_type=2 2 2 2 2 2 2 2 2 2 2 2 2 2 2 2 2 2 2 2 2 2 2 2 2 2 2 2 2 2
left_child=4 2 3 -2 -1 15 7 11 -9 10 -10 12 25 -14 -13 16 22 19 -19 28 -21 -20 -6 24 -24 -7 -25 -3 -18 -8
right_child=1 27 -4 -5 5 6 29 8 9 -11 -12 14 13 -15 -16 -17 17 18 21 20 -22 -23 23 26 -26 -27 -28 -29 -30 -31
leaf_value=-0.0041889111606882457 -0.0047744697019640589 0.022435405661720718 0.01444921267491087 -0.03183243042692184 -0.00015846839188644499 -0.0044060194412945284 0.0013104874130938488 -0.008420529497627666 -0.0055179872153969904 -0.014596030859387788 0.033591242173791024 0.018880091140293237 0.0070608992919545602 -0.035999606255571061 0.057592441641198248 -0.005912083909732968 -0.044477979395443325 0.04481405265298196 -0.024967123934319033 -0.0070777695584150679 0.014644469212190562 -0.0065995867465702997 0.040357545627576666 0.015752980181723251 0.011268443678553973 0.050469877393073626 -0.0064391760529174009 0.00053819960200121011 -0.010103942724024456 -0.003495712535073821
leaf_weight=132630.71026489884 5806.0315592885017 3751.5472324043512 2732.4021876826882 5570.6039846017957 238338.69770591706 957.52714218199253 395689.74189193547 19181.708653070033 4650.8214832320809 5070.1027270630002 8709.852148219943 14924.864820748568 10025.342592790723 2579.2048673629761 1910.8762900233269 106513.43884839863 2017.3971602618694 1657.3963155671954 14218.712564677 12885.481042325497 18737.889601826668 41283.647271692753 3143.4076711088419 5691.5944749638438 12980.298261627555 2049.2760237455368 11036.087000638247 1562848.6369456053 6007.3991945534945 93687.650710768998
leaf_count=397788 18717 9561 8083 21652 697445 2943 1157390 57790 14079 15890 20522 38920 27682 8700 4006 325418 7223 3707 45828 39585 52789 122189 7329 15992 35922 4400 33817 4503135 18826 281347
internal_value=-1.82784e-07 0.000480624 -0.0117355 -0.0180256 -0.000651678 -0.000197927 0.00123606 0.00714327 0.000834225 0.0104663 0.0199776 0.0144563 0.00494208 -0.00175211 0.0232774 -0.00188858 -0.000723985 -0.00537602 -0.0096774 0.000825132 0.00579327 -0.0113055 0.000936668 0.00888186 0.016942 0.0329971 0.0011119 0.000590654 -0.0187505 0.000390361
internal_weight=2.74729e+06 1.58071e+06 14109 11376.6 1.16658e+06 1.03395e+06 559437 70059.6 37612.5 18430.8 13360.7 32447.1 15611.4 12604.5 16835.7 474511 367998 96807.9 57159.8 39648.2 31623.4 55502.4 271190 32851.4 16123.7 3006.8 16727.7 1.5666e+06 8024.8 489377
internal_count=7998675 4561148 48452 40369 3437527 3039739 1633669 194932 108281 50491 34601 86651 43725 36382 42926 1406070 1080652 290147 171724 118423 92374 168017 790505 93060 43251 7343 49809 4512696 26049 1438737
is_linear=0
shrinkage=0.05


Tree=145
num_leaves=31
num_cat=0
split_feature=98 7 41 46 30 54 55 54 55 6 55 31 34 25 105 80 85 48 27 36 48 85 35 26 30 85 86 39 80 80
split_gain=337.281 357.83 473.41 437.393 372.577 347.271 1044.48 1014.71 1647.18 1351.23 977.712 1073.93 913.945 827.335 814.084 712.036 704.769 611.667 600.07 829.179 740.207 664.752 1818.33 1396.76 591.641 719.7 1835.96 571.078 586.867 554.109
threshold=5.3219726085662851 -0.0029042363166809078 1.0028499364852907 0.094999905675649657 0.95749998092651378 777.50000000000011 8372.5000000000018 1352.5000000000002 6102.5000000000009 -0.0076215961016714564 14907.500000000002 118.46135711669923 0.50493022799491893 1.4428256154060366 0.95226702094078075 4.8466784954071054 0.90000000596046459 -0.77296444773674 -0.95700883865356434 -23.379806518554684 0.82531082630157482 0.90000000596046459 6.7612833976745614 1.8482134342193606 0.28749999403953558 0.90000000596046459 6.0000000000000009 -1.5116188526153562 4.8466784954071054 2.6304042339324956
decision_type=2 2 2 2 2 2 2 2 2 2 2 2 2 2 8 2 2 2 2 2 2 2 2 2 2 2 2 2 2 2
left_child=5 -2 3 -3 -4 6 12 8 14 -10 11 13 -1 16 -7 29 -8 -14 -12 20 -20 22 -21 -23 25 26 -16 -13 -29 -11
right_child=1 2 4 -5 -6 7 10 -9 9 15 18 27 17 -15 24 -17 -18 -19 19 21 -22 23 -24 -25 -26 -27 -28 28 -30 -31
leaf_value=0.02600367642947482 -0.0034498887076814307 0.0043354372984100772 -0.0046911577316209457 0.014676332101024701 0.015335835265369246 -0.030419027163659292 -0.05819339905833916 -5.0890292873880721e-05 0.027686053873649252 -0.016651801611402776 0.036959627576460562 -0.0037401791364825628 0.044025881871268838 0.029988717323036759 0.07756241344777226 -0.0056457091536859837 0.018133820105708222 -0.00090239139044959388 -0.045164371265663528 0.0083857314593017551 0.034802869932886636 0.00915186452429082 -0.045354433263719837 0.07114346286953642 0.0076590488934153815 0.085899434588127752 -0.099316238258238113 -0.040805947591131896 -0.008954363843258201 -0.037018536026755651
leaf_weight=8257.4950510561466 17190.187339931726 39029.51635556668 17254.224785111845 13856.989475980401 2682.4456356316805 552.35013371706009 624.2945161908865 2578614.263497673 1816.2730913609266 9575.1383625045419 1417.1992798745632 3342.0363010019064 831.24971425533295 2247.5518184006214 422.43800699710846 8597.1876630634069 584.88175880908966 8438.7197035104036 1436.4851857721806 8295.5887514054775 361.45475278794765 6633.6863965839148 1941.5733308047056 1052.0118086785078 1056.2315036952496 875.23258571326733 223.49102494120598 4013.8184858262539 2262.1412663906813 5131.4475230053067
leaf_count=20667 50159 109052 51028 36698 6977 1828 2353 7506553 4820 32798 3456 9921 1812 5663 859 22911 1608 24252 5444 22886 891 18773 7144 2103 3017 1531 940 15209 6123 24528
internal_value=2.82769e-05 0.00303837 0.00457004 0.00704521 -0.00199567 -7.36362e-05 0.00398255 -0.000154146 -0.00957868 -0.0138406 -0.00110215 -0.011849 0.0139074 0.0120505 0.0246204 -0.0170784 -0.0212851 0.00313016 0.00554524 0.00328569 -0.0290747 0.00653365 -0.00180954 0.017646 0.0364248 0.0563772 0.0162959 -0.0204395 -0.0293292 -0.0237606
internal_weight=2.74862e+06 90013.4 72823.2 52886.5 19936.7 2.6586e+06 51740.2 2.60686e+06 28249.8 25120 34212.7 13074.7 17527.5 3456.73 3129.74 23303.8 1209.18 9269.97 21138 19720.8 1797.94 17922.9 10237.2 7685.7 2577.39 1521.16 645.929 9618 6275.96 14706.6
internal_count=8002004 253914 203755 145750 58005 7748090 148305 7599785 93232 85057 101574 40877 46731 9624 8175 80237 3961 26064 60697 57241 6335 50906 30030 20876 6347 3330 1799 31253 21332 57326
is_linear=0
shrinkage=0.05


Tree=146
num_leaves=31
num_cat=0
split_feature=97 30 12 85 53 46 54 54 39 31 97 37 26 8 22 62 22 26 47 65 38 46 5 37 87 62 46 42 85 51
split_gain=342.777 631.06 749.922 1183 1038.6 1117.17 705.334 683.978 667.99 664.198 954.862 722.125 555.374 536.977 551.41 497.352 486.452 494.71 639.095 442.166 419.622 915.788 682.259 722.286 1288.47 827.194 785.611 657.964 937.225 959.583
threshold=-5.2697584629058829 0.22249999642372134 0.025067780166864399 0.90000000596046459 0.6078576147556306 0.069843929260969176 717542.50000000012 213697.50000000003 8.4429798126220721 360.60232543945318 -5.845078468322753 10.040425777435305 -2.0973871946334834 -0.0045930768828839055 3.5000000000000004 16.231318473815922 1.0000000180025095e-35 2.0437731742858891 -0.25617590546607966 0.57084825634956371 22.382680892944339 0.1029815971851349 0.0033569061197340493 52.654771804809577 1.0000000180025095e-35 13.552884578704836 0.048492534086108215 1.0141565799713137 0.90000000596046459 -462.49999999999994
decision_type=2 2 2 2 2 2 2 2 2 2 2 2 2 2 2 2 2 2 2 2 2 2 2 2 2 2 2 2 2 2
left_child=1 -1 3 4 5 6 7 -3 9 11 -11 -6 -4 19 -15 -5 -14 -18 -19 -7 -2 22 23 26 -25 -26 -22 28 -23 -30
right_child=20 2 12 15 8 13 -8 -9 -10 10 -12 -13 16 14 -16 -17 17 18 -20 -21 21 27 -24 24 25 -27 -28 -29 29 -31
leaf_value=-0.0043519997311026381 -0.00018022008091734136 -0.025956385360949435 -0.03632048630862391 -0.018805167766986319 -0.028966800336662241 -0.058054025620791788 -0.063812826714257948 0.020254727948325068 -0.031237542628048912 0.039243315958647482 0.0037756487625405215 0.012319117191387631 -0.043069256375829881 0.052564760561108564 0.024532409609455103 0.0029973866918850994 0.0029119545973259092 0.031486782660131739 -0.040774311746050201 0.032184537290415566 0.014241622157118133 0.055801201274042082 -0.029369800232772608 -0.03136237667251672 0.040455933098434545 -0.0037936871213349378 0.00050172095758711636 0.0045137974141518638 -0.046063044292472197 0.049867617124762974
leaf_weight=23195.714154101908 2584807.6287294924 939.59418265521526 1055.5561216622591 3241.84398008883 1992.3590589165688 255.40402112901211 309.39747634530067 5385.1609296947718 1128.5205871015787 3082.4551261663437 4936.0120599791408 2258.7972182631493 626.48447120189667 4342.7434239089489 2949.2872264534235 13523.867263831198 29720.847739711404 394.41559873521328 1353.1771695464849 287.48796887695789 16974.552430905402 2240.4302601963282 1682.6632259637117 3951.2867364808917 1290.3987389355898 5796.5766631513834 26874.499412618577 2780.2253643870354 560.33379718661308 485.69628447294235
leaf_count=69721 7531362 2961 3630 10430 6347 941 1162 13726 3673 7055 13692 5935 2206 9152 7318 39761 84913 992 4808 708 46313 4617 5704 13768 2980 17037 79991 7934 2027 1140
internal_value=2.68248e-05 0.00288593 0.00504444 0.00927545 0.0155892 0.0248774 0.00977573 0.0133859 0.00555703 0.00894395 0.0174139 -0.00703114 -0.000652053 0.0376612 0.0412326 -0.00121896 0.00052197 0.0013913 -0.0244541 -0.0102878 -8.22266e-05 0.0039615 0.00198135 0.00294308 -0.00848812 0.00426716 0.00582094 0.0224216 0.0375634 -0.00151033
internal_weight=2.74842e+06 100979 77783.4 44632.9 27867.2 14469.1 6634.15 6324.76 13398.1 12269.6 8018.47 4251.16 33150.5 7834.92 7292.03 16765.7 32094.9 31468.4 1747.59 542.892 2.64744e+06 62636.7 56570 54887.3 11038.3 7086.98 43849.1 6066.69 3286.46 1046.03
internal_count=8002004 289131 219410 122861 72670 35968 17849 16687 36702 33029 20747 12282 96549 18119 16470 50191 92919 90713 5800 1649 7712873 181511 165793 160089 33785 20017 126304 15718 7784 3167
is_linear=0
shrinkage=0.05


Tree=147
num_leaves=31
num_cat=0
split_feature=46 99 48 94 42 85 37 79 25 25 54 54 51 22 27 86 38 85 25 6 54 54 48 42 51 73 8 81 36 25
split_gain=322.823 755.278 917.908 711.477 1056.96 1693.49 759.606 717.952 706.846 956.488 671.974 613.37 613.026 607.736 1287.77 1034.98 871.164 1417.74 1543.9 1349.83 1499.98 1721.05 1346.92 983.118 836.528 727.486 722.255 712.699 1672.28 889.328
threshold=0.076639451086521163 99441.300781250015 -0.94331136345863331 4687.0700683593759 1.0033593177795412 0.90000000596046459 0.21827566623687747 5.5597002506256112 2.0321861505508427 1.3297770023345949 977.50000000000011 21002.500000000004 452.50000000000006 1.0000000180025095e-35 0.45042912662029272 6.0000000000000009 21.086927413940433 0.90000000596046459 2.8366353511810307 0.0023594482336193327 377947.50000000006 3912.5000000000005 -0.79989895224571217 1.0141565799713137 -372.49999999999994 8.9155855178833026 -0.010190323926508425 1.0000000180025095e-35 17.044054031372074 2.5971509218215947
decision_type=2 2 2 2 2 2 2 2 2 2 2 2 2 2 2 2 2 2 2 2 2 2 2 2 2 2 2 2 2 2
left_child=3 2 -2 10 6 12 -5 -8 9 -4 -1 -7 -6 14 15 -3 -15 19 -19 23 21 -21 -20 -18 -22 -24 -16 -17 29 -29
right_child=1 13 8 4 5 11 7 -9 -10 -11 -12 -13 -14 16 26 27 17 18 22 20 24 -23 25 -25 -26 -27 -28 28 -30 -31
leaf_value=0.013988202836754058 -0.035966818167790078 -0.014528415930687566 0.004160058807249384 0.0062513019160070895 0.026993733713905923 -0.01514468109894219 -0.031662812131762773 -0.0063148725024054914 0.033928656290116259 -0.030039944590659326 -0.00053040212735213949 -0.076273392702166515 -0.035848502094082232 0.00067290783343977936 -0.058230625748368729 0.0068099326153030259 0.051009154823841329 -0.066202289393154243 0.031743442174861983 0.050097057159690678 0.069956963551467535 -0.031003275265256553 0.0086153982682970129 -0.028466639163572754 -0.074191193117104717 -0.052663868872635147 -0.014594463795770491 -0.0061156458146860394 0.067710136864544954 -0.045183369894743169
leaf_weight=8024.8547081947327 2972.3060059845448 10316.931298673153 5318.6939633414149 2809.4844280779362 4864.0330034196377 2372.6298109740019 7806.3924928978086 4351.7031670659781 1078.5159758105874 3319.4845626205206 1138919.3966622576 495.5016523450613 420.79292275011539 1488960.4503144473 1025.5726506412029 30405.5299218297 4225.0583547502756 933.80744594335556 2200.5672456026077 871.70153936743736 1013.9316584169865 2611.4027823954821 875.68813206255436 427.85658791661263 110.87773250043392 1081.680253893137 12478.354657113552 5437.1980768889189 637.97085615992546 1989.1718243956566
leaf_count=21688 11514 33868 16636 8261 12574 7747 28907 11598 2692 13118 3334706 1993 1478 4303730 3935 83189 9034 3673 5683 1881 1909 8674 2390 1401 428 4168 39342 16872 1449 7466
internal_value=2.54993e-05 0.000492082 -0.0116569 -0.000603866 -0.00928764 0.0051965 -0.0171774 -0.0225918 -0.00421709 -0.00898372 -0.000428803 -0.02573 0.0219833 0.000590558 -0.00424888 -0.000466361 0.000791089 0.0130502 -0.00814123 0.0247017 0.00551604 -0.0106967 0.00490996 0.0436954 0.0556899 -0.0252558 -0.0179129 0.00330498 -0.00990857 -0.0165854
internal_weight=2.74836e+06 1.57829e+06 12689 1.17006e+06 23120.5 8152.96 14967.6 12158.1 9716.69 8638.18 1.14694e+06 2868.13 5284.83 1.5656e+06 62290.7 48786.8 1.50331e+06 14352.6 5091.74 9260.83 4607.91 3483.1 4157.94 4652.91 1124.81 1957.37 13503.9 38469.9 8064.34 7426.37
internal_count=8002004 4573052 43960 3428952 72558 23792 48766 40505 32446 29754 3356394 9740 14052 4529092 186121 142844 4342971 39241 15914 23327 12892 10555 12241 10435 2337 6558 43277 108976 25787 24338
is_linear=0
shrinkage=0.05


Tree=148
num_leaves=31
num_cat=0
split_feature=94 55 85 54 86 35 75 38 77 5 49 7 85 48 86 49 47 49 36 54 50 31 6 49 77 38 80 48 48 80
split_gain=324.986 542.28 1390.3 1417.35 969.061 923.42 768.182 698.268 856.109 878.558 657.224 1005.77 516.017 996.234 958.935 814.245 666.6 729.095 567.008 733.022 777.212 1247.39 496.598 504.177 470.645 443.602 429.399 423.542 435.131 411.066
threshold=5184.8549804687509 7022.5000000000009 0.90000000596046459 10982.500000000002 6.0000000000000009 -8.8226356506347638 5.9659976959228525 -7.0363693237304679 1.5606444478034975 0.0015733463806100192 -0.79989895224571217 0.00085570930968970071 0.90000000596046459 0.83743050694465648 6.0000000000000009 -0.91080963611602772 -0.26052400469779963 0.9279436767101289 -1.0000000180025095e-35 1522.5000000000002 -142.49999999999997 124.71661758422853 0.0030151947867125277 -0.18436925113201139 1.5606444478034975 5.1467833518981942 5.5216758251190194 0.010907442308962408 -0.75894212722778309 1.8381475806236269
decision_type=2 2 2 2 2 2 2 2 2 2 2 2 2 2 2 2 2 2 2 2 2 2 2 2 2 2 2 2 2 2
left_child=-1 2 3 4 6 -6 -2 -4 26 -10 11 -7 13 18 -15 -14 -17 24 19 -3 21 -21 23 -20 -18 -26 29 28 -11 -9
right_child=1 12 7 -5 5 10 -8 8 9 27 -12 -13 15 14 -16 16 17 -19 22 20 -22 -23 -24 -25 25 -27 -28 -29 -30 -31
leaf_value=-2.5632972188144425e-05 -0.060918475040099118 -0.079917018816119206 0.03348668369382328 -0.053011533373871073 -0.091396435539528476 0.070460039541531946 0.021159177826206469 -0.059714104262344386 -0.068538234796790734 -0.059486179238084996 0.059971518677305297 -0.10809993608465125 -0.043454551219082579 -0.0021483085319083748 -0.086216603374765305 -0.057602181874677118 -0.010183052027775221 -0.051789601838550414 0.066396616000159156 -0.068743088078132522 -0.011741764545250201 0.049571081901680566 -0.044578664547832991 -0.014359501115280933 0.044969721501157307 0.0089471249817334418 -0.046208863292010828 -0.07468900152927585 0.044561363490501917 0.064665690171980858
leaf_weight=2725304.7069692612 346.88538512587547 207.59969034790993 674.15017908811569 490.05620381236076 111.86124350130558 162.91943153738976 1577.7292133122683 77.21020396053791 1142.1259410530329 128.63805961608887 3513.0306022763252 150.99143451452255 623.053824827075 624.11508136987686 742.52210149168968 282.52081344276667 742.96692183613777 318.85013742744923 241.51231642067432 251.62288054823875 1451.6620747596025 1889.3198320418596 1095.5672085136175 950.84991574287415 2622.1691037416458 1269.082056120038 164.66425551474094 142.91149735450745 446.2475918084383 444.74403713643551
leaf_count=7936602 1333 822 1569 1799 463 279 3956 259 4979 543 6532 613 2296 2128 3207 1081 2059 1227 524 1068 4727 4066 4108 3142 6056 3620 528 646 1000 772
internal_value=2.4194e-05 0.00595723 0.0150322 0.0285966 0.035426 0.0496322 0.00633926 -0.0117254 -0.0237049 -0.0413145 0.0537786 -0.0154821 -0.000569176 -0.00929546 -0.0478576 0.0105333 0.0169661 0.0212312 -0.000631938 0.0112061 0.0164938 0.0356378 -0.0202932 0.00203535 0.0262665 0.033228 0.0239798 0.00203073 0.0212078 0.0461782
internal_weight=2.74819e+06 22887.6 9574.17 6353.47 5863.42 3938.8 1924.61 3220.69 2546.54 1859.92 3826.94 313.911 13313.4 7454.77 1366.64 5858.64 5235.59 4953.07 6088.13 3800.2 3592.6 2140.94 2287.93 1192.36 4634.22 3891.25 686.618 717.797 574.886 521.954
internal_count=8002004 65402 25271 14975 13176 7887 5289 10296 8727 7168 7424 892 40131 23792 5335 16339 14043 12962 18457 10683 9861 5134 7774 3666 11735 9676 1559 2189 1543 1031
is_linear=0
shrinkage=0.05


Tree=149
num_leaves=31
num_cat=0
split_feature=47 49 37 30 48 55 26 36 54 85 51 39 54 37 62 16 31 53 62 85 22 86 25 53 90 36 85 26 30 85
split_gain=316.17 584 575.645 368.667 995.089 1246.9 883.132 1329.69 1051.12 1013.9 1320.2 1257.03 943.562 1311.1 1424.65 1011.45 938.826 830.476 718.828 791.044 1093.82 1387.64 1282.46 933.733 848.284 671.841 670.836 620.32 531.38 526.851
threshold=0.41439855098724371 -0.99275061488151539 -2.6267323493957515 0.90249997377395641 0.56457334756851207 30682.500000000004 1.4383708834648135 -7.5138485431671134 314582.50000000006 0.90000000596046459 -207.49999999999997 1.0806960463523867 5337.5000000000009 1.9216369390487673 25.630069732666019 59.346818923950202 445.11547851562506 1.0000000180025095e-35 46.696384429931648 0.90000000596046459 2.5000000000000004 6.0000000000000009 0.67808216810226452 0.87837970256805431 3180.4152832031255 10.292000770568849 0.90000000596046459 0.50044065713882457 0.94249999523162853 0.90000000596046459
decision_type=2 2 2 2 2 2 2 2 2 2 2 2 2 2 2 2 2 2 2 2 2 2 2 2 2 2 2 2 2 2
left_child=3 2 -2 -1 5 6 12 8 -8 10 -9 -11 15 16 -15 26 -14 -17 19 20 21 -6 -22 28 -24 -23 -5 -25 -21 -7
right_child=1 -3 -4 4 18 29 7 9 -10 11 -12 -13 13 14 -16 17 -18 -19 -20 23 22 25 24 27 -26 -27 -28 -29 -30 -31
leaf_value=-0.00013144337964027998 0.075006263835413367 -0.0044993932897327308 0.0096368389635477364 -0.024354930530645497 -0.0070275740420807009 0.05142558720299948 0.0098776013011555031 -0.0010921519344664679 -0.066237484050099521 -0.011526166357157169 0.025424792241696154 0.019973921575675235 0.010359351077823268 0.0033876816554973977 -0.0049959843157042268 0.027631020329773739 -0.0054091568199170891 -0.0049082335983418116 0.0045263231878960837 0.0046149439843625019 0.057365802876064548 -0.054323824374851851 -0.055614431018245584 0.036546641895356835 -0.0010378296394811428 0.045976278217256188 -0.0038504345936865741 -0.022035811043865525 -0.024372335092105426 0.0048713343358875484
leaf_weight=2304635.7460557371 384.09405447542667 61459.98996823281 2690.703493848443 9279.0855549573898 3190.5248033553362 1825.0698183774948 818.17228400707245 6605.8682992011309 1015.9230222553015 8337.2932519242167 16212.700342208147 5105.7705014646053 59763.241343028843 125820.66571687907 84842.108602799475 2849.951665148139 11208.83068843931 6279.6209238246083 9376.9695157557726 2898.2204362377524 769.1080678999424 4217.4019539952278 906.89059966802597 2104.6550202518702 3300.5960610732436 173.0557437390089 6998.0923839360476 574.50630111992359 3476.2134787961841 911.58281143009663
leaf_count=6730024 731 183229 7385 31333 10109 3737 2228 18646 3999 25859 39769 13855 162410 353480 248916 7066 32949 19089 26754 8434 1560 14811 3321 5199 9536 361 21307 1878 11486 2543
internal_value=2.29988e-05 -0.00343535 0.0178259 0.000106171 0.0015516 0.00231641 0.00204979 0.00923008 -0.0322937 0.0113313 0.0177483 0.000438013 0.00115886 0.00199139 1.12212e-05 -0.00806929 0.00786887 0.00525082 -0.00703388 -0.01205 -0.020172 -0.0321269 -0.00195686 -0.00078305 -0.012813 -0.0503597 -0.0155405 0.0239791 -0.0111934 0.0359276
internal_weight=2.74803e+06 64534.8 3074.8 2.6835e+06 378862 347874 345137 38095.7 1834.1 36261.6 22818.6 13443.1 307042 281635 210663 25406.8 70972.1 9129.57 30988.1 21611.2 12557.6 7580.98 4976.59 9053.6 4207.49 4390.46 16277.2 2679.16 6374.43 2736.65
internal_count=8002004 191345 8116 7810659 1080635 987186 980906 104356 6227 98129 58415 39714 876550 797755 602396 78795 195359 26155 93449 66695 39698 25281 14417 26997 12857 15172 52640 7077 19920 6280
is_linear=0
shrinkage=0.05


Tree=150
num_leaves=31
num_cat=0
split_feature=62 45 50 46 13 22 90 54 30 55 87 8 13 87 25 31 97 45 65 97 90 42 90 54 25 25 42 25 87 62
split_gain=332.223 592.399 456.083 724.841 701.37 552.222 885.289 724.199 519.948 505.636 442.958 552.867 505.119 440.856 428.08 402.366 395.194 345.941 335.464 755 868.775 756.73 539.575 507.537 514.762 507.183 1285.23 1189.11 1126.97 1557.64
threshold=10.086773395538332 1.002929747104645 -212.49999999999997 0.074242185801267638 0.030648377723991874 2.5000000000000004 2653.841430664063 607020.00000000012 0.23749999701976779 -196077.49999999997 1.0000000180025095e-35 -0.0014635073603130875 0.013102276250720026 1.0000000180025095e-35 0.53826016187667858 1249.7462158203127 0.84807482361793529 0.99800589680671703 0.52747833728790294 -4.5743167400360099 4936.5246582031259 1.0152000784873965 4344.6865234375009 746567.50000000012 2.2934081554412846 2.9390091896057133 0.99533188343048107 3.0152827501297002 1.0000000180025095e-35 28.070757865905765
decision_type=2 2 2 2 2 2 2 2 2 2 2 2 2 2 2 2 2 2 2 2 2 2 2 2 2 2 2 2 2 2
left_child=1 2 5 9 -5 6 -1 10 17 -4 12 -12 -8 14 -11 -10 -3 -7 25 20 21 23 -23 24 -20 26 28 -27 -2 -30
right_child=18 16 3 4 -6 8 7 -9 15 13 11 -13 -14 -15 -16 -17 -18 -19 19 -21 -22 22 -24 -25 -26 27 -28 -29 29 -31
leaf_value=0.0072321569660322542 0.0010728339631211133 -0.038070094096465217 0.0031814132920691659 0.037097009945344504 -0.01074807691890957 -0.035048294833365717 -0.055954968934329788 -0.04450131545406965 -0.0043349068528327666 -0.044460334698361678 -0.00016630133984642964 -0.029141572501679421 0.0025944307431768187 -0.057824943478218607 0.040434199973773177 -0.060423379658754883 0.0077828081509617748 0.017867099243531217 0.0061176259924412687 -0.0010801504175253294 -0.023715378659148603 0.091107322137333732 0.02171006272984605 -0.024304271388031748 -0.0080275819451065458 0.023647421905153527 0.0007855010968678928 0.0024447295901568393 -0.01179133954412085 0.00058640823342567241
leaf_weight=5195.7253213152289 73594.606799714267 2010.5415589436889 5100.1460764706135 2721.267887160182 1065.1535996645689 328.58891277015209 395.82795348763466 2025.2196641415358 4036.8923103064299 280.43258810043335 2386.8678001612425 5307.5148484185338 5135.7063197493553 721.0934115499258 313.3566362708807 346.31216317415237 612.53343021869659 4918.8878355398774 69496.035135604441 885077.78150646389 2746.1124273836613 393.6037272810936 969.59458555281162 1525.8780368939042 7086.5211557596922 7093.3179618418217 1453044.4035428613 97430.061029233038 65216.657716438174 41647.155639402568
leaf_count=14797 218732 7189 14588 6476 3228 1141 1537 7359 12072 1003 6997 17619 15271 2631 758 1330 1792 13430 195145 2592781 9292 712 2512 5118 21382 17829 4207077 281686 200195 120489
internal_value=2.27043e-05 -0.00434269 -0.00284286 0.00629221 0.0236372 -0.00594149 -0.010591 -0.0166634 0.00392953 -0.00394683 -0.0123973 -0.020155 -0.00160373 -0.031581 0.000324774 -0.00878031 -0.0273619 0.0145466 9.19359e-05 -0.000654393 0.0039288 0.00488438 0.0418033 0.00423946 0.00480855 0.000507307 0.000291244 0.00388388 -0.00368845 -0.00696745
internal_weight=2.74822e+06 42902.1 40279 10201.5 3786.42 30077.5 20446.9 15251.1 9630.68 6415.03 13225.9 7694.38 5531.53 1314.88 593.789 4383.2 2623.07 5247.48 2.70532e+06 967296 82217.7 79471.6 1363.2 78108.4 76582.6 1.73803e+06 1.6335e+06 104523 180458 106864
internal_count=8002168 129218 120237 28684 9704 91553 63580 48783 27973 18980 41424 24616 16808 4392 1761 13402 8981 14571 7872950 2826942 234161 224869 3224 221645 216527 5046008 4746493 299515 539416 320684
is_linear=0
shrinkage=0.05


Tree=151
num_leaves=31
num_cat=0
split_feature=90 55 85 55 54 86 86 49 44 38 40 73 12 29 77 85 54 31 49 49 37 12 30 86 31 45 79 79 9 90
split_gain=317.252 454.79 766.039 1015.27 1016.38 1280.87 1192.63 1031.27 1248.15 901.326 830.384 699.065 642.904 604.149 873.875 527.776 960.296 895.63 676.887 804.974 484.812 615.286 472.901 453.037 620.366 863.565 437.233 428.688 386.178 369.992
threshold=5184.8300781250009 20912.500000000004 0.90000000596046459 1687.5000000000002 11257.500000000002 6.0000000000000009 6.0000000000000009 -0.7866188883781432 0.99966198205947887 -8.8183698654174787 -0.56174489110708226 8.1550173759460467 0.11590581014752389 0.84750002622604381 1.5606444478034975 0.90000000596046459 4572.5000000000009 130.91938018798831 -0.86046862602233876 0.52803644537925731 9.5061192512512225 0.02153221890330315 0.8725000023841859 6.0000000000000009 388.50161743164068 1.0004041790962221 4.1846790313720712 1.3979040980339053 0.26935695111751562 4990.8000488281259
decision_type=2 2 2 2 2 2 2 2 2 2 2 2 2 2 2 2 2 2 2 2 2 2 2 2 2 2 2 2 2 2
left_child=29 2 3 -2 6 -6 11 8 -8 -9 12 -5 20 14 26 16 17 -3 -17 -20 -4 -22 -13 -18 25 -25 27 -12 -21 -1
right_child=1 15 10 4 5 -7 7 9 -10 -11 13 22 -14 -15 -16 18 23 -19 19 28 21 -23 -24 24 -26 -27 -28 -29 -30 -31
leaf_value=8.1402412528466022e-05 -0.047587762400668844 -0.071738115985812367 0.047946122116321821 -0.031368198356663268 0.035209226221780937 -0.063927446851780062 0.058625516162577697 -0.087957813360883166 -0.093049429584403986 0.059341209443831422 -0.086944922235333053 0.036629558517309674 -0.038842684330865067 0.02589918173241201 -0.059875492311551308 -0.035849170808702931 -0.0055658771506621411 0.040923242900345977 0.035753205823979263 0.0095646529243620122 0.034227015687373318 -0.043760098944167727 -0.050213183198727918 -0.072078786944631004 -0.080944222759036441 0.005831242981277171 -0.065632266376928011 0.06201322088962017 -0.051139582744481715 -0.0031408717501570289
leaf_weight=2633108.7068973482 513.37691205739975 208.81394128501415 1184.966653585434 902.51974946260452 633.74504439532757 668.48788338899612 267.91785196959972 105.74505268037319 272.6994813233614 3998.6911254972219 55.15858767926693 1194.1530134528875 458.55189560353756 452.55956049263477 1339.9376151263714 658.10626867413521 1505.6995006203651 1107.9122151881456 2362.0725614577532 608.19893229007721 594.21682254970074 438.77458146214485 179.49667818844318 567.98529866337776 677.28210416436195 948.06769306957722 123.9483195245266 347.20267207920551 458.7767022550106 92204.151960991323
leaf_count=7652830 1867 931 2562 3095 1757 2613 502 442 1079 7556 207 2685 1545 1164 5927 2332 5270 2559 5535 1735 1422 1524 635 2325 2837 2768 428 624 1757 283655
internal_value=2.15599e-05 0.00589037 0.0116352 0.0205641 0.0248245 -0.0156877 0.0324488 0.0469754 -0.017904 0.0555245 -0.00398143 0.00279418 0.0149897 -0.0258783 -0.038444 -0.00277573 -0.0136429 0.0230121 0.0105593 0.0194754 0.0261341 0.001086 0.0252498 -0.0266948 -0.0411881 -0.0233825 0.0161192 0.0414156 -0.0165556 -2.76145e-05
internal_weight=2.74815e+06 22835.1 13732.1 8736.83 8223.46 1302.23 6921.22 4645.05 540.617 4104.44 4995.32 2276.17 2676.51 2318.81 1866.25 9102.92 5015.76 1316.73 4087.15 3429.05 2217.96 1032.99 1373.65 3699.03 2193.34 1516.05 526.31 402.361 1066.98 2.72531e+06
internal_count=8002168 65683 37634 22231 20364 4370 15994 9579 1581 7998 15403 6415 7053 8350 7186 28049 16690 3490 11359 9027 5508 2946 3320 13200 7930 5093 1259 831 3492 7936485
is_linear=0
shrinkage=0.05


Tree=152
num_leaves=31
num_cat=0
split_feature=54 55 54 55 6 55 49 85 37 13 38 54 43 37 85 86 29 77 30 64 79 46 8 62 27 36 48 85 50 39
split_gain=313.868 975.238 895.679 1516.67 1315.98 833.373 1013.45 1001.66 951.533 938.058 931.2 811.046 1051.84 780.981 753.718 1880.61 1382.75 1201.14 895.391 738.604 670.869 611.594 604.29 595.182 590.634 798.445 744.781 615.358 1832.83 1590.69
threshold=777.50000000000011 8372.5000000000018 1352.5000000000002 6102.5000000000009 -0.0076215961016714564 14907.500000000002 -0.50938662886619557 0.90000000596046459 4.8751423358917245 0.022904654964804653 17.909616470336918 142.50000000000003 1.0031948685646059 29.697675704956058 0.90000000596046459 6.0000000000000009 0.93750000000000011 1.5606444478034975 0.28749999403953558 10.29249143600464 4.8466784954071054 0.25967712700366979 0.0029325254727154975 57.43872261047364 -0.95700883865356434 -23.765388488769528 0.81279832124710094 0.90000000596046459 -112.49999999999999 0.85285496711730968
decision_type=2 2 2 2 2 2 2 2 2 2 2 2 2 2 2 2 2 2 2 2 2 2 2 2 2 2 2 2 2 2
left_child=1 11 3 14 -5 6 7 10 -8 -9 13 12 -1 -3 15 17 -17 -2 -16 -13 23 -11 -21 -6 -7 26 -26 28 -27 -30
right_child=2 5 -4 4 20 24 8 9 -10 21 -12 19 -14 -15 18 16 -18 -19 -20 22 -22 -23 -24 -25 25 27 -28 -29 29 -31
leaf_value=-0.043068187753791176 0.082170423099047207 -0.049138205587402409 4.0382282798365211e-05 0.027940463886371694 -0.024296826335582743 0.035765945483610347 0.037082671998119515 0.035666344111496197 -0.0078074543527997158 -0.029457334964798687 0.060466152828897862 0.027130392857144497 0.035701806941590239 0.035007784462491476 0.077748921096346138 -0.09398519158903075 0.053968512384405601 -0.064902553181118539 -0.0035441829568781899 0.011103835789494207 -0.0050467193426869707 0.049194526873072714 -0.031121291625123546 0.028715987038673042 -0.047007179342313771 0.018045285228203659 0.030296574000843058 0.016465379249053416 -0.045514533698462964 0.011212247222927893
leaf_weight=1293.0678521990776 681.10923106968403 3930.1164216399193 2665757.2281588465 1839.5835873037577 14510.910166986287 1461.4050848484039 1672.8799113929272 1114.8932003676891 4003.7962881028652 2061.3712764382362 227.24835416674614 8507.8088803738356 629.2375250607729 295.78493547439575 978.57677261531353 586.78602713346481 215.13574555516243 173.45985996723175 517.45194058120251 6356.1549640744925 8899.559340596199 279.86068022251129 976.59476609528065 548.60806085169315 1358.2667221426964 5560.4427662789822 403.39984774589539 7936.6184263080359 3151.5304183959961 2031.832427367568
leaf_count=4387 1286 14326 7753539 4838 57559 3554 3944 2734 12427 7156 488 21164 1454 721 1768 2447 455 693 1555 17012 23661 689 3350 1499 5268 14633 1011 21580 11401 5569
internal_value=2.05029e-05 0.0038217 -5.46152e-05 -0.00880163 -0.0128024 -0.000965224 -0.0106935 -0.0222618 0.0054247 -0.00206105 -0.0379347 0.0133856 -0.0172763 -0.0432405 0.0239308 0.000689389 -0.0542689 0.0522708 0.049644 0.0171077 -0.0159319 -0.0200365 0.00547602 -0.0223635 0.00506888 0.00287246 -0.0292956 0.00590776 -0.00189166 -0.0232793
internal_weight=2.74796e+06 53252.3 2.69471e+06 28951.2 25798.7 35489.4 13586 7909.27 5676.68 3456.13 4453.15 17762.9 1922.31 4225.9 3152.52 1656.49 801.922 854.569 1496.03 15840.6 23959.1 2341.23 7332.75 15059.5 21903.5 20442.1 1761.67 18680.4 10743.8 5183.36
internal_count=8002168 152868 7849300 95761 87557 105501 42485 26114 16371 10579 15535 47367 5841 15047 8204 4881 2902 1979 3323 41526 82719 7845 20362 59058 63016 59462 6279 53183 31603 16970
is_linear=0
shrinkage=0.05


Tree=153
num_leaves=31
num_cat=0
split_feature=64 81 54 53 25 94 48 39 37 37 39 90 53 54 22 90 49 37 77 28 94 90 37 41 27 90 49 54 54 53
split_gain=312.123 308.649 1422.74 1587.11 1200.02 1466.17 1321.21 1322.71 1250.89 1189.99 1095.47 1117.26 991.358 983.135 949.417 2220.82 1679.61 926.289 872.251 843.282 1280.16 1052.25 899.304 832.176 745.332 812.765 743.051 693.196 1080.18 875.834
threshold=228.82798004150393 1.0000000180025095e-35 720102.50000000012 1.0000000180025095e-35 0.43787427246570593 2496.169555664063 0.60003554821014415 -13.353066444396971 52.654771804809577 21.019829750061039 2.7842309474945073 3360.074584960938 0.87837970256805431 740237.50000000012 1.5000000000000002 4722.9724121093759 -0.75894212722778309 9.6184239387512225 4.2621526718139657 0.47499999403953558 2582.6564941406255 2641.7395019531255 13.066172599792482 0.99663481116294872 -0.80222374200820912 2415.141479492188 -0.37256073951721186 717542.50000000012 737792.50000000012 1.0000000180025095e-35
decision_type=2 2 2 2 2 2 2 2 2 2 2 2 2 2 2 2 2 2 2 2 2 2 2 2 2 2 2 2 2 2
left_child=1 18 4 13 6 17 19 9 14 -8 12 -12 -9 -4 15 -7 -16 23 -1 21 -21 -3 -23 -6 25 26 -5 -20 29 -29
right_child=-2 2 3 24 5 8 7 10 -10 -11 11 -13 -14 -15 16 -17 -18 -19 27 20 -22 22 -24 -25 -26 -27 -28 28 -30 -31
leaf_value=-3.6247077526803764e-05 -0.0059645720368322712 -0.045427049072151768 -0.069127176290152179 -0.078943991804025046 0.0031117729799378089 0.0060042957719860885 0.0013269892310438171 -0.038953283771783975 -0.033957285678786114 0.09079640208289888 -0.015226210572339966 0.029084026320881525 -0.0051792874677118721 -0.022197487383243224 -0.0078652154443860627 -0.019562898409103475 0.0011600434743734072 -0.068004239617770593 0.002495084478407579 0.043252204275400004 0.0013220407624900676 0.0059916875060397543 -0.023523903804523058 0.069686090688016331 -0.0098572191225292649 -0.037008445224785011 0.071007925693944193 0.057169658582010612 0.00099128825646477444 0.016319060997023686
leaf_weight=2014306.562594533 21618.645250849426 1880.6815903186798 1782.8185581937432 91.16836329549551 684.54145312309265 112667.42578335106 1647.6457278132439 8624.5416667312384 2661.9837734997272 478.95314465463161 8997.5585822165012 1688.7319722920656 2905.2372410148382 2986.2584929540753 70476.640640243888 9184.9494086652994 191944.01177533716 183.22442483901978 234900.42585059255 2016.4802628904581 18632.951084449887 6943.4841061234474 4105.9177476912737 1494.3200662732124 11106.336825013161 319.88991478085518 806.62544648349285 1995.5737324953079 6809.9511051177979 3832.513481810689
leaf_count=5839817 65213 7200 8211 416 1966 328238 5154 31443 9806 893 30709 4516 9216 12029 224452 30705 588566 737 628757 5242 58032 20793 14073 2819 38961 1171 1760 3728 18286 9259
internal_value=1.94508e-05 6.69085e-05 -0.00110732 -0.0152641 -0.000566188 0.000432853 -0.00728076 -0.0161498 0.000193044 0.0215129 -0.019756 -0.00822142 -0.0304446 -0.039753 0.000429715 0.00407691 -0.00126381 0.0396973 0.000307957 -0.000850954 0.00541879 -0.0108638 -0.00497688 0.0487835 -0.00578469 0.0313338 0.0557043 0.00310887 0.0145157 0.0303148
internal_weight=2.74778e+06 2.72616e+06 464312 17093.1 447219 389297 57922.2 24342.7 386935 2126.6 22216.1 10686.3 11529.8 4769.08 384273 121852 262421 2362.09 2.26185e+06 33579.5 20649.4 12930.1 11049.4 2178.86 12324 1217.68 897.794 247538 12638 5828.09
internal_count=8002168 7936955 1437108 62548 1374560 1187289 187271 81931 1181767 6047 75884 35225 40659 20240 1171961 358943 813018 5522 6499847 105340 63274 42066 34866 4785 42308 3347 2176 660030 31273 12987
is_linear=0
shrinkage=0.05


Tree=154
num_leaves=31
num_cat=0
split_feature=94 55 85 55 86 36 73 55 77 49 7 12 85 48 86 49 47 49 36 31 50 12 80 77 6 49 86 48 74 38
split_gain=294.383 451.78 1216.77 1169.23 859.632 788.33 658.51 565.968 950.56 562.957 838.896 522.29 438.993 836.358 867.224 678.214 584.352 613.056 475.722 620.361 796.334 432.694 426.767 418.201 403.59 409.091 402.132 399.852 390.062 372.78
threshold=5184.8549804687509 7022.5000000000009 0.90000000596046459 1687.5000000000002 6.0000000000000009 -14.733944892883299 5.9659976959228525 5882.5000000000009 1.5606444478034975 -0.79989895224571217 0.00085570930968970071 0.11590581014752389 0.90000000596046459 0.83743050694465648 6.0000000000000009 -0.90159028768539418 -0.23992503434419629 0.9279436767101289 -1.0000000180025095e-35 136.95806121826175 -182.49999999999997 0.025675050914287571 5.573042869567872 1.5606444478034975 0.0030151947867125277 -0.18436925113201139 6.0000000000000009 0.22706275433301928 11.979469299316408 5.1467833518981942
decision_type=2 2 2 2 2 2 2 2 2 2 2 2 2 2 2 2 2 2 2 2 2 2 2 2 2 2 2 2 2 2
left_child=-1 2 3 -2 6 -6 -5 11 22 10 -7 -4 13 18 -15 -14 -17 23 19 27 21 -21 28 -18 25 -20 -26 -3 -9 -25
right_child=1 12 7 4 5 9 -8 8 -10 -11 -12 -13 15 14 -16 16 17 -19 24 20 -22 -23 -24 29 26 -27 -28 -29 -30 -31
leaf_value=-2.8696369799604656e-05 -0.045464071674374607 -0.063839635396344144 0.025486537415496155 -0.057306090738822271 -0.084824578745754609 0.06591395867356091 0.019652020956986704 -0.079577053046321844 -0.061163748911027854 0.057071626270228749 -0.097100226876515469 -0.036818018881975022 -0.038183981829660929 -0.00082757124907868176 -0.081132532217261424 -0.046470059343691819 -0.0093353775514471316 -0.045649030192654261 0.061275290581177005 -0.019995956652070875 -0.010478743596124468 0.051061149082431916 -0.064354415491798572 0.042754376534374867 -0.0057074657014405611 -0.012804799535834561 -0.06719132032316727 0.01185953410428783 0.074155130646390857 0.0094927360621915504
leaf_weight=2724959.0189835876 510.80887281894684 407.79332728683949 1224.7630994394422 336.86724825203419 108.93455493450165 162.35615219175816 1566.7497592717409 47.013020932674408 1002.5818805173039 3372.2649043649435 151.69621479511261 462.57155531644821 649.50413611531258 627.20511555671692 723.94108723104 348.90127896517515 735.58759737014771 326.60492983460426 230.80509604513645 247.4519988745451 1249.1603957861662 1568.6250670403242 98.962206527590752 2562.6573546528816 469.97451515495777 949.56264618039131 612.75085565447807 303.65733487904072 297.35362793505192 1256.2905353009701
leaf_count=7936636 1867 1704 3043 1303 462 292 3950 172 4651 6518 608 1556 2388 2125 3219 1294 2032 1250 503 824 4103 3241 338 5929 1634 3161 2454 869 483 3559
internal_value=1.84499e-05 0.00569964 0.0141217 0.0269378 0.0334351 0.0471855 0.00600782 -0.0112769 -0.0342227 0.0511099 -0.0128689 0.00839151 -0.000230079 -0.00834102 -0.0438867 0.00996468 0.0159512 0.0204227 -0.000382409 0.0104785 0.0202426 0.0413707 0.0266935 0.0251708 -0.0185061 0.00171594 -0.0405378 -0.0315518 0.0529835 0.0318192
internal_weight=2.74757e+06 22613.4 9342.92 6209.68 5698.87 3795.25 1903.62 3133.25 1445.91 3686.32 314.052 1687.33 13270.5 7390.93 1351.15 5879.55 5230.04 4881.14 6039.78 3776.69 3065.24 1816.08 443.329 4554.54 2263.09 1180.37 1082.73 711.451 344.367 3818.95
internal_count=8002168 65532 25243 15000 13133 7880 5253 10243 5644 7418 900 4599 40289 23837 5344 16452 14064 12770 18493 10741 8168 4065 993 11520 7752 3664 4088 2573 655 9488
is_linear=0
shrinkage=0.05


Tree=155
num_leaves=31
num_cat=0
split_feature=79 77 77 12 50 46 25 25 8 37 54 55 90 37 35 104 90 54 85 62 8 79 36 7 54 90 55 79 99 77
split_gain=319.711 502.95 1612.5 592.923 559.036 793.85 730.911 1555.23 1052.06 562.478 759.33 520.325 512.125 493.289 516.116 490.678 478.445 548.123 636.687 493.061 449.944 446.853 439.58 436.579 528.204 416.145 579.347 393.563 390.825 350.248
threshold=5.5216758251190194 0.84770509600639354 1.2470506429672243 0.0061361363623291263 -197.49999999999997 0.1281208619475365 1.6768950819969179 1.494839668273926 -0.0081605836749076826 3.9889371395111088 24977.500000000004 19762.500000000004 4472.0109863281259 -16.694643020629879 -17.773034095764157 8.4730353355407733 2634.889038085938 445252.50000000006 0.90000000596046459 19.911253929138187 0.00022074332082411277 3.0839793682098393 -29.458876609802243 -0.013442568946629761 393050.00000000006 2452.7902832031255 -667792.49999999988 4.8466784954071054 99441.300781250015 0.96901690959930431
decision_type=2 2 2 2 2 2 2 2 2 2 2 2 2 2 2 2 2 2 2 2 2 2 2 2 2 2 2 2 2 2
left_child=1 -1 3 -3 5 25 7 11 -9 12 -11 -6 -7 20 16 22 -15 19 -19 -18 -4 23 -8 24 -16 28 -27 -23 -5 -2
right_child=29 2 13 4 6 9 15 8 -10 10 -12 -13 -14 14 21 -17 17 18 -20 -21 -22 27 -24 -25 -26 26 -28 -29 -30 -31
leaf_value=-0.002161000860496004 0.0029848714458905802 0.035051563553094765 -0.028185887708140147 -0.0034076958511194233 0.0012270685753777337 0.021221263523679961 -0.07183582174167695 -0.02415434274948762 0.045544776514614638 0.013236453306333688 -0.0031598725814147295 -0.016311649977889846 0.0044419750664702953 0.03068000976183078 -0.0052003788524154675 0.037914187518706371 -0.0032773666428994406 -0.044723519629948701 0.0067118244594652808 0.015604247405943803 -0.0044366529083292748 -0.002841310613576389 -0.012604495267005196 -0.00017081067557102089 -0.03560552157375084 -0.0093182978296771132 0.0031665026018829396 0.014489752428917016 0.025516363598936748 0.00033715323460128493
leaf_weight=323038.07535209507 150382.91035334766 1443.2596020251513 3041.2217225059867 1705.0712862983346 120769.57234281301 15141.718469262123 322.84090089797974 655.8111374527216 3085.6810539439321 14915.684720858932 13407.038535535336 4381.2470009624958 6501.2906286269426 1978.8894831091166 20076.162447944283 465.92260618507862 5610.5226891338825 1129.4880894869566 1285.3511809408665 9006.030952885747 5793.2624802440405 275936.80682551861 9661.9034878909588 873331.87028363347 1536.9594397544861 10020.744809776545 127613.2707900852 3313.9873296022415 3702.6133144497871 737185.01104594767
leaf_count=951263 382250 3482 11551 5522 349679 38296 1229 2172 6963 39720 38492 14855 19534 5240 61796 1125 18379 4288 4339 26846 19421 1049315 30098 2602813 5392 30388 361399 8098 9806 1896713
internal_value=5.06325e-06 -0.000367704 9.48496e-06 0.00308394 0.002945 0.00468739 0.000531512 0.00156272 0.0333233 0.010113 0.00547496 0.000612912 0.0161816 -0.000844256 -0.00075709 -0.0121853 0.0074153 0.00471022 -0.0173524 0.00835652 -0.012615 -0.000889412 -0.0145271 -0.00034455 -0.00736434 0.0027921 0.00225742 -0.00263557 0.0163966 0.000785771
internal_weight=2.74644e+06 1.85887e+06 1.53583e+06 333794 332350 193007 139343 128892 3741.49 49965.7 28322.7 125151 21643 1.20204e+06 1.19321e+06 10450.7 19010.3 17031.4 2414.84 14616.6 8834.48 1.1742e+06 9984.74 894945 21613.1 143042 137634 279251 5407.68 887568
internal_count=8000464 5721501 4770238 952760 949278 543157 406121 373669 9135 136042 78212 364534 57830 3817478 3786506 32452 59092 53852 8627 45225 30972 3727414 31327 2670001 67188 407115 391787 1057413 15328 2278963
is_linear=0
shrinkage=0.05


Tree=156
num_leaves=31
num_cat=0
split_feature=33 54 55 54 55 6 55 49 37 87 25 104 87 86 77 29 17 37 55 80 62 80 48 55 87 86 75 49 37 49
split_gain=317.276 294.581 851.156 829.646 1318.21 1124.15 808.93 916.426 872.86 866.084 961.454 821.475 796.134 2052.79 1107.81 911.995 722.026 717.306 710.273 618.583 571.907 581.521 535.622 519.674 2100.73 920.902 747.091 893.537 739.485 747.795
threshold=0.30000000447034841 777.50000000000011 8372.5000000000018 1352.5000000000002 6102.5000000000009 -0.0076215961016714564 14907.500000000002 -0.50938662886619557 4.8751423358917245 1.0000000180025095e-35 5.3673434257507333 8.4799499511718768 1.0000000180025095e-35 6.0000000000000009 1.5606444478034975 0.93750000000000011 50.493024826049812 29.326134681701664 1402.5000000000002 4.8466784954071054 57.43872261047364 2.6304042339324956 -0.77296444773674 32112.500000000004 1.0000000180025095e-35 6.0000000000000009 7.9997234344482431 -0.99275061488151539 -2.923258781433105 -0.99275061488151539
decision_type=2 2 2 2 2 2 2 2 2 2 2 2 2 2 2 2 2 2 2 2 2 2 2 2 2 2 2 2 2 2
left_child=1 2 16 4 12 -6 7 9 -9 11 17 -4 18 14 -14 -15 -1 -11 -3 20 21 -7 -18 -5 26 -26 -25 -28 -27 -30
right_child=-2 3 6 23 5 19 -8 8 -10 10 -12 -13 13 15 -16 -17 22 -19 -20 -21 -22 -23 -24 24 25 28 27 -29 29 -31
leaf_value=0.023357273362918613 -0.018897863017949476 0.0025435637584531622 -0.014343310350997205 6.7493506185184048e-06 0.025539190499412241 -0.016026454847218673 0.0051747350033968537 0.035184974310434193 -0.0077131153184609603 -0.046883491438719026 0.083630706162499846 0.04788814863891061 0.081201595015364211 -0.090862997220076624 -0.065963226371441822 0.043304600519894425 0.041396051764571215 0.023858542586716255 0.075501985496989943 -0.0046671801663066689 0.027732271383323123 -0.037270778169633596 -0.00054005067259797854 0.021517882034527785 -0.00063158291140275947 -0.077519775483272005 0.066903383747744002 -0.068298945961463464 -0.10521541856853872 0.064318472524336825
leaf_weight=8334.0218618959188 2217.0932446867228 520.01325310766697 2792.0126677304506 2656665.7260015532 1824.5269912928343 9302.4672166407108 21924.437848225236 1680.6123128384352 4020.5583358108997 3906.658679574728 161.20047256350517 653.56295624375343 658.67926618456841 585.71280440688133 157.78755253553391 160.82088996469975 834.22823628783226 393.80962482094765 930.61119924485683 8773.8458537012339 568.08741776645184 4930.2477967813611 8613.3007931560278 481.33637863397598 1117.1294011324644 101.67565248906612 137.67626956105232 1036.4564810246229 66.022076368331909 2327.7687350660563
leaf_count=20967 7257 1504 9184 7731577 4817 32448 63069 3968 12506 14299 285 1441 1213 2470 647 357 1826 1018 1689 23292 1536 24527 24710 1152 3298 413 279 4155 265 4295
internal_value=4.79924e-06 2.00828e-05 0.00370039 -5.28492e-05 -0.00855143 -0.0122614 -0.000768656 -0.0103441 0.00493562 -0.0213607 -0.0359001 -0.00252722 0.0227089 -0.00204925 0.052709 -0.0619342 0.0126307 -0.0404002 0.0493714 -0.0151881 -0.0214238 -0.023388 0.00316642 3.78638e-05 0.0157248 0.0370962 -0.0309033 -0.0523977 0.053981 0.0595986
internal_weight=2.74588e+06 2.74366e+06 53314.4 2.69035e+06 28412.8 25399.2 35532.9 13608.4 5701.17 7907.24 4461.67 3445.58 3013.62 1563 816.467 746.534 17781.6 4300.47 1450.62 23574.6 14800.8 14232.7 9447.53 2.66193e+06 5268.06 3612.6 1655.47 1174.13 2495.47 2393.79
internal_count=8000464 7993207 153273 7839934 94500 86620 105770 42701 16474 26227 15602 10625 7880 4687 1860 2827 47503 15317 3193 81803 58511 56975 26536 7745434 13857 8271 5586 4434 4973 4560
is_linear=0
shrinkage=0.05


Tree=157
num_leaves=31
num_cat=0
split_feature=86 55 39 77 53 54 54 55 46 43 38 80 39 48 99 35 54 87 99 55 36 36 53 55 53 22 50 46 42 22
split_gain=290.662 553.983 819.597 1028.11 1245.02 1137.22 1291.96 774.789 746.455 740.538 754.271 729.407 562.404 535.382 537.357 530.227 516.976 1964.84 3147.19 3759.82 3003.04 3660.46 4069.29 2857.62 3249.2 6141.71 3738.26 3130.72 3660.6 3432.01
threshold=6.0000000000000009 -656412.49999999988 -4.9302642345428458 1.5606444478034975 1.0000000180025095e-35 677322.50000000012 679842.50000000012 -688184.99999999988 0.052052509039640434 0.99218016862869274 -20.790212631225582 5.6828379631042489 13.106884956359865 -0.71473535895347584 98852.460937500015 -10.506715774536131 629947.50000000012 1.0000000180025095e-35 117597.51953125001 -667792.49999999988 7.6960623264312753 -7.4195833206176749 0.87837970256805431 -708497.49999999988 1.0000000180025095e-35 2.5000000000000004 -377.49999999999994 0.048924589529633529 1.0035293698310854 1.5000000000000002
decision_type=2 2 2 2 2 2 2 2 2 2 2 2 2 2 2 2 2 2 2 2 2 2 2 2 2 2 2 2 2 2
left_child=1 2 8 4 9 12 -7 -8 13 -4 -11 -12 -6 -1 -15 -5 -2 -18 23 -20 21 -21 -23 24 -19 26 -26 28 -25 -29
right_child=16 -3 3 15 5 6 7 -9 -10 10 11 -13 -14 14 -16 -17 17 18 19 20 -22 22 -24 27 25 -27 -28 29 -30 -31
leaf_value=-0.035289376344483328 -1.9669618249617138e-05 -0.00044989131000402891 0.059235476695482174 0.029744902841471146 -0.038299900242558957 0.039900097662180257 -0.0046267193778860996 -0.051681721647916956 -0.0044204241343507684 0.052575475819504447 -0.050822323131734487 -0.018328314922175074 0.036434790478710469 -0.028530009222498431 0.027931496313390897 -0.0016611806594488009 -0.0020003387214822498 0.026028113547588508 -0.042703345476518023 0.0023542483432822899 -0.035483025331436539 0.051021936858221921 -0.018304564819855814 0.014776591077464533 -0.010710941766473366 -0.031254635046078658 0.026074349586336198 -0.044381726626502027 -0.088852234090016441 -0.0063410179498946569
leaf_weight=422.21297313272953 1850811.9852140546 555911.23140972108 216.3239526450634 1462.4038362726569 3572.5481830537319 1591.8071908801794 15955.655682303011 924.61141268908978 8413.3508359491825 240.06822465360165 4173.3508839830756 2949.6827986687422 269.96995666623116 459.84139521420002 4936.213166564703 16458.186347037554 135673.6558033675 20274.466448754072 2190.6737581342459 8525.0851173698902 1903.0843605399132 16136.901823922992 2435.617683455348 17532.026665523648 10702.438719883561 10574.561609879136 19468.859760642052 8045.0638093352318 894.71421240270138 22538.926303163171
leaf_count=1452 5309303 1697243 481 4002 13161 4127 53261 3713 27798 577 18850 8364 776 1726 12770 51355 422472 47963 7330 22487 6056 32166 7074 43368 30446 33530 45763 26307 3500 63043
internal_value=4.53918e-06 -0.000950048 -0.00543111 -0.00856627 -0.0142428 -0.00829486 -0.00314571 -0.00720735 0.00510173 -0.03175 -0.0344315 -0.0373716 -0.0330397 0.0188702 0.0231146 0.00090294 0.000281786 0.00229677 0.00642506 0.0204439 0.0252154 0.0294797 0.0419296 0.00245083 0.00967222 0.00153324 0.0130257 -0.00654001 0.00974005 -0.0163488
internal_weight=2.74567e+06 617957 62046.2 47814.6 29894 22314.6 18472.1 16880.3 14231.6 7579.43 7363.1 7123.03 3842.52 5818.27 5396.05 17920.6 2.12771e+06 276896 141222 31191.4 29000.7 27097.6 18572.5 110031 61020.3 40745.9 30171.3 49010.7 18426.7 30584
internal_count=8000464 1899656 202413 158667 103310 75038 61101 56974 43746 28272 27791 27214 13937 15948 14496 55357 6100808 791505 369033 75113 67783 61727 39240 293920 157702 109739 76209 136218 46868 89350
is_linear=0
shrinkage=0.05


Tree=158
num_leaves=31
num_cat=0
split_feature=30 54 54 7 46 97 85 45 54 25 46 94 54 9 9 31 25 85 25 35 85 24 25 29 85 43 53 85 36 64
split_gain=290.127 824.549 1208.23 1232.73 1046.46 782.473 954.828 1387.95 1707.16 1341.92 1193.66 1094.25 886.558 737.838 731.743 752.605 648.228 658.52 672.819 651.264 905.373 1068.82 605.746 740.557 626.514 598.75 719.515 918.329 843.788 612.888
threshold=0.052500000223517425 303620.00000000006 325852.50000000006 0.0066132361534982928 0.079112749546766295 -3.2596098184585567 0.90000000596046459 0.99983268976211559 363185.00000000006 1.5326495766639712 0.063176721334457411 2573.712524414063 625137.50000000012 0.087049271911382689 0.20033982396125796 1229.4036865234377 3.0152827501297002 0.90000000596046459 3.4180858135223393 -13.485929012298582 0.90000000596046459 20.850201606750492 2.3187674283981328 0.69249999523162853 0.90000000596046459 1.0009269118309023 0.6078576147556306 0.90000000596046459 -9.6754460334777814 174.67520904541018
decision_type=2 2 2 2 2 2 2 2 2 2 2 2 2 2 2 2 2 2 2 2 2 2 2 2 2 2 2 2 2 2
left_child=1 4 25 5 13 -4 7 8 -7 12 -11 -9 -8 -1 15 -6 19 18 -18 20 21 -15 -16 -24 -25 -3 -27 29 -29 -28
right_child=-2 2 3 -5 14 6 9 11 -10 10 -12 -13 -14 16 22 -17 17 -19 -20 -21 -22 -23 23 24 -26 26 27 28 -30 -31
leaf_value=-0.0025760451871251742 0.00017361573003881595 0.0018705040803044242 -0.0078647771296672334 -0.02740992672923467 0.01165274052703389 -0.055833737034977793 -0.018414884910815405 -0.0044246995384827695 0.0004579347789256583 0.023160986964149994 -0.0091960606048998531 0.01692047526778407 0.00062147454193664563 -0.041569124980486684 0.0051440205273485589 -0.021497351661244612 0.06008680475765811 -0.026485194067190028 -0.036450593225141291 -0.014628308863744914 0.019746175529982975 0.0079361376224384803 -0.021620209708353766 -0.017081765461376151 0.075980999086605536 0.010511279944197783 0.068235931337461059 -0.03531970640038179 0.056824661650235898 -0.098664005986794756
leaf_weight=51030.688308499753 2476834.12142355 3524.7181926071644 21107.073901988566 3987.8559629917145 19963.1173459813 1438.5200381428003 14111.317133739591 7527.9686444327235 20924.978782720864 7144.3383718281984 4740.6978853493929 29649.17815387249 10793.381433293223 1967.7408784627914 6369.7802292704582 1871.729433119297 912.44275285303593 528.27476616203785 224.14391121268272 41439.952684879303 3556.9218321889639 2442.647039949894 6318.8761923760176 344.05098250508308 379.38932283222675 3052.1308910101652 2023.5274746865034 559.85571981966496 445.02231813967228 55.671832904219627
leaf_count=153219 7199687 10265 64525 13566 55500 5284 46620 22346 60367 19702 14945 78141 33436 7040 18373 6149 1848 1770 794 131752 9679 7009 20740 1054 709 8720 4056 1908 1024 236
internal_value=4.39705e-06 -0.00155694 0.00127959 -7.44404e-05 -0.00426415 0.000853981 0.00276447 0.00667744 -0.00316511 -0.00356816 0.0102543 0.0125982 -0.0101649 -0.00682839 0.00316375 0.00880996 -0.0110771 0.0196002 0.0410292 -0.0121113 0.000980086 -0.0141544 -0.00602787 -0.0161328 0.0317532 0.0182968 0.0277296 0.044759 0.00549849 0.0637194
internal_weight=2.74527e+06 268436 131086 121425 137350 117437 96330.4 59540.6 22363.5 36789.7 11885 37177.1 24904.7 102103 35246.9 21834.8 51072.1 1664.86 1136.59 49407.3 7967.31 4410.39 13412.1 7042.32 723.44 9660.93 6136.21 3084.08 1004.88 2079.2
internal_count=8000464 800777 385141 358932 415636 345366 280841 166138 65651 114703 34647 100487 80056 313111 102525 61649 159892 4412 2642 155480 23728 14049 40876 22503 1763 26209 15944 7224 2932 4292
is_linear=0
shrinkage=0.05


Tree=159
num_leaves=31
num_cat=0
split_feature=97 30 25 85 90 25 50 39 90 90 97 50 22 97 50 77 50 47 25 36 26 44 86 85 37 35 7 21 36 36
split_gain=291.951 599.218 714.273 1064.9 1497.91 1167.51 972.257 876.206 721.523 709.773 664.639 611.871 570.305 810.143 797.741 789.899 562.03 557.471 504.331 498.35 533.207 685.058 467.069 461.748 861.156 630.258 464.699 783.075 452.554 429.387
threshold=-5.2697584629058829 0.22249999642372134 1.504488527774811 0.90000000596046459 4536.1350097656259 1.4626069664955141 -722.49999999999989 8.0896415710449237 2735.023071289063 4789.3439941406259 -5.4469037055969229 -577.49999999999989 3.5000000000000004 -5.4469037055969229 -652.49999999999989 1.5606444478034975 -172.49999999999997 0.26790824532508856 2.5391438007354741 17.044054031372074 -1.3362759947776792 1.0035948157310488 6.0000000000000009 0.90000000596046459 27.839842796325687 7.4184792041778573 0.013584398198872806 8.5000000000000018 -16.298377990722653 8.3596601486206072
decision_type=2 2 2 2 2 2 2 2 2 2 2 2 2 2 2 2 2 2 2 2 2 2 2 2 2 2 2 2 2 2
left_child=1 -1 3 4 5 6 8 -8 -3 12 -11 19 13 17 -14 -16 -6 -5 23 20 -4 -22 -18 26 25 -25 27 -13 -7 -15
right_child=-2 2 11 9 16 28 7 -9 -10 10 -12 18 14 29 15 -17 22 -19 -20 -21 21 -23 -24 24 -26 -27 -28 -29 -30 -31
leaf_value=-0.004421206363665389 -9.6487604204578757e-05 0.0053734451983641421 -0.030774511103650939 -0.0086021704794240327 0.0078315291094930902 -0.028232332830974267 0.018474308511640596 -0.010030774273402154 -0.075565432590426376 0.052038753496369154 -0.074063932134963706 0.014828614852624759 0.054887596745681992 0.02315508981199672 0.013264088345566053 -0.03643315673596699 -0.0069927279004728289 0.027544821709034453 0.0079263483587011067 -0.074512869743371249 0.027228379643832457 -0.0067546338207393579 -0.05461934839418095 -0.0021627545877308638 0.055818788451990113 -0.058034864500093812 -0.079709214056660982 -0.032987571521190674 0.072243908004545429 -0.086232958032844309
leaf_weight=23115.2766854316 2644414.6906585097 596.33219091594219 723.25438365340233 11167.340826675296 1219.8419237732887 123.39114053547382 27787.458598606288 2984.6598659157753 510.16954290866852 961.89872737973928 116.29592694342136 1112.2989520132542 341.60406221449375 3938.6821605339646 1055.3766228407621 3290.1463816836476 883.64018394052982 1178.2445524036884 2776.7086311280727 178.43339274823666 3962.4665355235338 2368.8112351447344 1234.1914880126715 2655.3178062587976 530.56338815391064 622.29089029878378 374.73537804186344 3709.3718309551477 1164.3894263505936 90.821464285254478
leaf_count=69668 7711430 1642 2441 34449 3328 395 71005 8909 1993 2225 478 2981 789 10500 2551 11868 2839 3003 7834 719 10016 7165 4366 7960 1175 2402 1545 12263 2141 384
internal_value=4.16901e-06 0.00264553 0.00474905 0.00747949 0.0127266 0.0159398 0.0140529 0.0157091 -0.0319747 -0.00117173 0.0383764 -0.00367197 -0.00319821 0.00120363 -0.0185746 -0.024362 -0.0191963 -0.00515 -0.0106996 0.00777414 0.00986644 0.014514 -0.0347627 -0.0164441 -0.00321496 -0.0127867 -0.0261355 -0.0219552 0.0625983 0.0206676
internal_weight=2.74519e+06 100774 77658.7 58644.5 36504.1 33166.4 31878.6 30772.1 1106.5 22140.4 1078.19 19014.3 21062.2 16375.1 4687.13 4345.52 3337.67 12345.6 11781.3 7232.97 7054.53 6331.28 2117.83 9004.58 3808.17 3277.61 5196.41 4821.67 1287.78 4029.5
internal_count=8000464 289034 219366 162865 96618 86085 83549 79914 3635 66247 2703 56501 63544 48336 15208 14419 10533 37452 36160 20341 19622 17181 7205 28326 11537 10362 16789 15244 2536 10884
is_linear=0
shrinkage=0.05


Tree=160
num_leaves=31
num_cat=0
split_feature=13 39 85 8 77 39 50 36 36 36 49 37 54 85 55 90 97 39 26 7 55 54 12 8 46 22 54 90 85 35
split_gain=307.874 452.1 472.948 518.161 497.576 409.444 412.868 467.738 407.279 360.192 352.217 840.503 1090.2 1035.54 1942.53 1824.4 1212.59 1140.46 1551.57 1000.71 996.909 971.531 865.351 822.107 574.726 569.909 959.792 1053.35 1916.97 834.269
threshold=0.0079125771299004572 4.1246385574340829 0.90000000596046459 0.00010903894508373925 1.5606444478034975 14.03979015350342 227.50000000000003 -12.110949993133543 -17.465009689331051 14.629497528076174 0.9279436767101289 12.853094577789308 60692.500000000007 0.90000000596046459 -92937.499999999985 3983.8200683593755 5.417173147201539 15.248707771301271 -0.66986635327339161 -0.0069837116170674554 8757.5000000000018 728907.50000000012 0.019059236161410812 0.0059962349478155383 0.08367165178060533 2.5000000000000004 234025.00000000003 3409.689331054688 0.90000000596046459 19.673149108886722
decision_type=2 2 2 2 2 2 2 2 2 2 2 2 2 2 2 2 2 2 2 2 2 2 2 2 2 2 2 2 2 2
left_child=1 2 8 -4 -5 -3 -7 -8 -1 -10 -2 12 20 16 15 19 17 18 -14 -15 -12 -19 -16 -24 -22 26 -13 -28 -29 -27
right_child=10 5 3 4 -6 6 7 -9 9 -11 11 25 13 14 22 -17 -18 21 -20 -21 24 -23 23 -25 -26 29 27 28 -30 -31
leaf_value=-0.051430241716848506 0.00018340234195440743 -0.022893777432665005 0.022624747616020974 0.032295087178389255 -0.073503381187503866 0.015316435094990439 0.038164554453558118 -0.025927619442775302 0.042266420148723262 -0.095708615507979128 -0.0099031250066681665 -0.0073976503785445338 -0.01041962746357631 0.041855954159098915 -0.046948800434218951 -0.062043768112272135 -0.044907176610737717 -0.038482322401522231 0.010500847248826228 0.0079095623504589051 0.013772360898809698 0.048982117184613476 0.077937302300778638 -0.0090226719349853681 -0.0020888160834078343 -0.010181360588959326 0.001423235202925329 0.07110116304986254 -0.04273544023135311 0.0083069708780481883
leaf_weight=128.90970940887928 2447418.2585255802 1440.5787235945463 834.64133091270924 159.88318754732609 359.55979228019714 4221.2595679610968 353.58334295451641 1442.8986246734858 2351.9701802283525 47.335434406995773 31877.190202139318 41752.168829001486 12953.659586600959 2365.3765599653125 187.09597884118557 887.36390256881714 1439.4195342957973 2647.3897183537483 28057.441567264497 26322.707752346992 8730.8063110858202 359.82361929118633 1821.3381232172251 319.08009035885334 16508.194181792438 52525.921109072864 49529.284273870289 1343.8773078173399 509.26240754127502 6902.5866890177131
leaf_count=453 7109120 4730 2181 349 1536 11605 832 4864 5062 200 100169 129701 39756 5804 691 3379 5113 9110 76723 76375 24770 805 3719 978 49909 164932 144927 2610 1798 19788
internal_value=2.31623e-05 0.00824408 0.0220788 -0.00176406 -0.0409298 0.00103997 0.00677311 -0.013296 0.0348465 0.0395035 -1.09334e-05 -0.00166793 0.00121387 0.00508217 0.0119873 0.00852498 0.000235757 0.00171305 0.00389275 0.01071 -0.00402542 -0.0280024 0.0559581 0.0649734 0.00339809 -0.00420812 -0.0017669 0.00280848 0.0398088 -0.00803376
internal_weight=2.7458e+06 11340.6 3882.3 1354.08 519.443 7458.32 6017.74 1796.48 2528.22 2399.31 2.73446e+06 287040 134477 77360.7 31903 29575.4 45457.7 44018.3 41011.1 28688.1 57116.2 3007.21 2327.51 2140.42 25239 152563 93134.6 51382.4 1853.14 59428.5
internal_count=8001989 31812 9781 4066 1885 22031 17301 5696 5715 5262 7970177 861057 397301 222453 90946 85558 131507 126394 116479 82179 174848 9915 5388 4697 74679 463756 279036 149335 4408 184720
is_linear=0
shrinkage=0.05


Tree=161
num_leaves=31
num_cat=0
split_feature=30 42 55 13 55 36 97 38 42 37 87 9 37 87 37 37 48 38 48 36 63 87 97 37 49 62 90 87 53 39
split_gain=289.591 1029.64 610.159 1054.63 1044.75 798.085 946.832 1009.84 683.769 995.756 850.138 653.2 774.979 1488.18 785.349 708.815 609.087 598.868 639.545 537.933 533.975 885.699 525.411 503.491 507.161 501.661 595.768 741.225 2281.87 1822.36
threshold=0.06749999895691873 1.0152000784873965 -304292.49999999994 0.022577768191695217 -326507.49999999994 -40.696199417114251 4.5163595676422128 1.3183125257492068 0.99592676758766185 2.4155629873275761 1.0000000180025095e-35 0.087049271911382689 6.3479454517364511 1.0000000180025095e-35 0.40896001458168035 0.21827566623687747 -0.39271505177021021 36.208147048950202 0.79989895224571239 -13.411054611206053 -0.11662099137902258 1.0000000180025095e-35 -2.7068475484848018 18.652165412902836 0.79989895224571239 10.40143918991089 3296.2897949218755 1.0000000180025095e-35 1.0000000180025095e-35 0.066227540373802199
decision_type=2 2 2 2 2 2 2 2 2 2 2 2 2 2 2 2 2 2 2 2 2 2 2 2 2 2 2 2 2 2
left_child=1 2 4 11 5 22 8 -8 9 -7 -10 -4 13 15 -15 -13 -9 18 -5 -20 21 -3 -1 24 -14 -6 -27 29 -29 -28
right_child=-2 20 3 17 25 6 7 16 10 -11 -12 12 23 14 -16 -17 -18 -19 19 -21 -22 -23 -24 -25 -26 26 27 28 -30 -31
leaf_value=-0.013435891133310996 0.00020362935656006813 0.065305072800451974 -0.0025641133543345112 -0.00037546600943987279 -0.020424993507868198 -0.032010049162652876 -0.0038432653407698848 0.033900686466680437 -0.0074230392262961244 0.0028715365175460482 0.0019974753707450231 0.024497852224362838 -0.028932871549449513 -0.024868012165750696 0.0075912006061032494 -0.012858780429487755 0.0041558818221960952 0.046699790649781789 0.03063925052837841 0.001615319121187384 -0.042615429290795835 -0.055472354002589819 0.017110353971209816 -0.0098296014029816726 -0.007381562266323043 -0.010030574938001056 0.049471121915167615 -0.035848536225356491 0.050554318946042544 -0.028185374715925079
leaf_weight=1645.817392706871 2440391.4427787662 331.25292430818081 52663.580573581159 49651.147473596036 861.11423157155514 4610.7444235086441 6140.651181794703 4900.7925658077002 38739.302793473005 3676.7521632909775 62720.686085522175 5331.0959887206554 9344.07250662148 6258.2512457966805 2652.6266505718231 1665.8358477950096 2653.4215274453163 742.89646711945534 3260.2409149259329 3128.3507505431771 2241.1701143234968 278.47660030424595 9697.6703100800514 18343.300203710794 3858.5241158157587 1469.8566352576017 1316.1145719736814 922.16155986487865 4439.2348992228508 1770.6498729139566
leaf_count=5321 7090921 707 158292 147470 2826 15789 18596 11978 123322 10913 178353 14316 31333 20946 7457 5254 7650 1624 8242 9180 8252 1035 26465 57259 11858 4591 3127 3151 9788 5973
internal_value=2.20003e-05 -0.00142974 -0.00114777 -0.00331085 0.0011837 -1.42025e-05 -0.00118059 0.0112152 -0.00272753 -0.0165357 -0.00159944 -0.00639802 -0.0106526 -0.00165408 -0.0152051 0.0156027 0.0234554 0.00213229 0.00154056 0.0164301 -0.0313323 0.0101347 0.0126772 -0.01519 -0.0226358 0.0161618 0.0193406 0.024452 0.0356882 0.00492898
internal_weight=2.74571e+06 305316 302465 156900 145565 134786 123442 13694.9 109747 8287.5 101460 100117 47453.7 15907.8 8910.88 6996.93 7554.21 56782.6 56039.7 6388.59 2850.9 609.73 11343.5 31545.9 13202.6 10779.1 9918.02 8448.16 5361.4 3086.76
internal_count=8001989 911068 901074 473231 427843 398387 366601 38224 328377 26702 301675 306715 148423 47973 28403 19570 19628 166516 164892 17422 9994 1742 31786 100450 43191 29456 26630 22039 12939 9100
is_linear=0
shrinkage=0.05


Tree=162
num_leaves=31
num_cat=0
split_feature=13 39 87 8 77 62 87 49 26 8 25 36 25 36 86 54 39 49 37 54 87 54 90 97 26 26 5 39 12 24
split_gain=278.585 413.202 428.954 471.207 454.841 375.75 480.678 784.714 749.922 535.922 427.135 369.873 349.849 328.529 316.689 347.262 312.403 311.639 758.055 988.455 940.3 1620.83 1642.7 1099.33 1040.99 1263.68 874.793 695.06 692.882 658.309
threshold=0.0079125771299004572 4.1246385574340829 1.0000000180025095e-35 0.00010903894508373925 1.5606444478034975 24.809826850891117 1.0000000180025095e-35 0.96298784017562877 -0.17467366158962247 -0.00048720567428972567 0.30101998150348669 -17.465009689331051 1.095211446285248 14.629497528076174 6.0000000000000009 456500.00000000006 14.03979015350342 0.9279436767101289 12.853094577789308 60692.500000000007 1.0000000180025095e-35 95052.500000000015 3983.8200683593755 5.417173147201539 1.1634945273399355 -0.66986635327339161 -0.0017458279617130754 -3.963414072990417 0.017763683572411541 51.067039489746101
decision_type=2 2 2 2 2 2 2 2 2 2 2 2 2 2 2 2 2 2 2 2 2 2 2 2 2 2 2 2 2 2
left_child=1 2 3 -1 -5 6 7 8 10 -8 -3 -4 -9 14 15 -13 -7 -2 19 27 21 28 26 24 25 -22 -23 -19 -21 -26
right_child=17 5 11 4 -6 16 9 12 -10 -11 -12 13 -14 -15 -16 -17 -18 18 -20 20 23 22 -24 -25 29 -27 -28 -29 -30 -31
leaf_value=0.021601690732191474 0.00017128910289562782 0.081707584583127144 -0.048773067126078623 0.031068239622191064 -0.070581936573522505 -0.024976163308571692 0.0044684008821571702 0.06081050558219972 -0.041390881027645314 -0.042406707037413276 -0.066134858356408588 0.061520754827413662 -0.045846255078391074 -0.091797740462097266 0.053690536243358393 -0.0087322305295850413 0.020865529794780294 0.0099078829118521092 -0.003983071735608322 -0.062356876442479829 -0.0090114143090080714 0.034777529371471605 -0.059085314866335628 -0.042793397706787549 -0.0058710244178138242 0.0094087397364227693 0.0069035945186905123 -0.0060385218909034342 0.053344928567227758 -0.063376680267087371
leaf_weight=833.30107998847961 2447339.011844568 236.42475055158138 129.0808440297842 158.44503457844257 355.37417556345463 431.69116641581059 1049.1365425735712 693.9925072491169 808.24868896603584 1453.7884068191051 60.665855213999748 262.96910144388676 85.661518946290016 46.94997826218605 1541.025069206953 526.35934902727604 2634.9789585024118 7935.1799327209592 152522.69856002182 135.13809910416603 13913.332173012197 3171.2843371108174 885.4218794554472 1436.3994622677565 1030.5003154575825 28141.429942592978 24998.260502159595 49170.594148002565 2667.5343329757452 962.32069958746433
leaf_count=2181 7109120 467 453 349 1536 1422 2954 1504 3008 5079 236 496 328 200 3027 1539 7033 22643 463756 534 42530 7958 3379 5113 3112 77245 72824 152205 6127 3631
internal_value=2.08932e-05 0.00785228 0.0211436 -0.00160786 -0.0392272 0.000979016 -0.00840412 0.0106604 -0.0164275 -0.0227624 0.0513808 0.0333697 0.0490419 0.0378505 0.040503 0.0147148 0.0144048 -1.14955e-05 -0.00157033 0.00116675 0.00485064 0.011438 0.00793415 0.000236512 0.00164078 0.00331446 0.0100429 -0.00382245 0.047744 -0.0336605
internal_weight=2.74562e+06 11308.1 3853.5 1347.12 513.819 7454.59 4387.92 1884.99 1105.34 2502.92 297.091 2506.38 779.654 2377.3 2330.35 789.328 3066.67 2.73431e+06 286970 134447 77341.6 31857.6 29055 45484 44047.6 42054.8 28169.5 57105.8 2802.67 1992.82
internal_count=8001989 31812 9781 4066 1885 22031 13576 5543 3711 8033 703 5715 1832 5262 5062 2035 8455 7970177 861057 397301 222453 90822 84161 131631 126518 119775 80782 174848 6661 6743
is_linear=0
shrinkage=0.05


Tree=163
num_leaves=31
num_cat=0
split_feature=64 38 46 9 37 87 62 62 42 42 48 42 85 25 25 77 53 25 48 87 85 86 8 30 85 54 12 54 25 49
split_gain=277.456 288.869 812.242 555.665 595.58 1008.53 751.065 630.793 553.41 511.986 567.332 502.761 823.836 1106.37 792.189 623.228 472.15 400.032 378.885 1482.54 858.203 401.938 378.101 784.155 1132.05 1609.72 2928.59 2678.3 1502.38 1297.82
threshold=228.82798004150393 22.382680892944339 0.1029815971851349 0.27198968827724462 52.654771804809577 1.0000000180025095e-35 13.552884578704836 12.029551029205324 1.0021581053733828 0.99967458844184887 -0.75894212722778309 1.0141565799713137 0.90000000596046459 3.1183236837387089 3.1183236837387089 1.5606444478034975 0.6078576147556306 1.2627160549163821 -0.74455857276916493 1.0000000180025095e-35 0.90000000596046459 6.0000000000000009 -0.0035647037439048286 0.88749998807907116 0.90000000596046459 30717.500000000004 0.029788983985781673 22352.500000000004 2.0321861505508427 -0.69930991530418385
decision_type=2 2 2 2 2 2 2 2 2 2 2 2 2 2 2 2 2 2 2 2 2 2 2 2 2 2 2 2 2 2
left_child=1 22 3 4 7 16 -7 -3 -8 -9 -11 12 13 -4 -14 -16 17 -6 19 -13 21 -20 23 -1 25 27 -27 28 -25 -28
right_child=-2 2 11 -5 5 6 8 9 -10 10 -12 18 14 -15 15 -17 -18 -19 20 -21 -22 -23 -24 24 -26 26 29 -29 -30 -31
leaf_value=-0.0021116059960711721 -0.0056342810841025805 -0.015328769455612977 -0.05148445790503129 -0.022914190626112552 0.030103808780219073 0.038153237880120844 0.017226345596911122 -0.056586819564848345 -0.015201738749579183 -0.00032191807205122038 0.011968601989445533 0.037577367472252356 0.070973808252288481 0.063581918475882696 0.040283302090531499 -0.056944027484548181 -0.042342483073604761 -0.023637500973691817 -0.0019221407791585904 -0.061690144144241482 -0.040017053033166619 0.074042953518996979 0.00028679118817100867 -0.001050410627094447 -0.0039474679559924125 0.013235908626057039 0.0049682215944719934 0.061109344623944239 0.025975243862177338 -0.02333637603426357
leaf_weight=439807.53364821523 21525.999145530164 3456.5643369033933 232.72111405432224 2225.8061885088682 496.12752349674702 1279.6806546151638 1997.4389526098967 313.90713416039944 3849.6468343734741 14913.365584932268 25344.126562908292 755.9853545576334 273.02556626498699 1980.6462129354477 234.59103238582611 548.25319413840771 2342.0912947803736 1140.0364144071937 242.02295815944672 746.58500851690769 350.69506670534611 618.10685417056084 2117999.2067718878 11786.70182043314 39191.838045813143 21418.166372619569 6043.9180537760258 3019.6473379731178 9120.9038353860378 12270.682851575315
leaf_count=1308264 65043 11088 843 7430 1368 2965 5172 1199 12078 44089 70874 1877 573 3753 485 2159 8590 3969 727 2806 1235 1077 6152709 33451 118369 56105 16495 5908 22554 38734
internal_value=1.98485e-05 6.45333e-05 0.00340159 0.00157275 0.00256181 -0.00778512 0.00347253 0.00517182 -0.00412199 0.00691886 0.00741557 0.0209317 0.034134 0.0514634 -0.00220242 -0.0277878 -0.0279495 -0.00733025 0.00501639 -0.0117508 0.0258202 0.0526847 -1.49104e-05 -0.00119246 0.00273786 0.00685372 0.0006835 0.0170991 0.0107399 -0.0139957
internal_weight=2.74553e+06 2.724e+06 63341.4 57358.8 55133 11105 7126.77 44028 5847.09 40571.4 40257.5 5982.63 3269.24 2213.37 1055.87 782.844 3978.26 1636.16 2713.4 1502.57 1210.82 860.13 2.66066e+06 542659 102852 63660 39732.8 23927.3 20907.6 18314.6
internal_count=8001989 7936946 184357 168822 161392 34142 20215 127250 17250 116162 114963 15535 7813 4596 3217 2644 13927 5337 7722 4683 3039 1804 7752589 1599880 291616 173247 111334 61913 56005 55229
is_linear=0
shrinkage=0.05


Tree=164
num_leaves=31
num_cat=0
split_feature=100 55 85 55 54 86 86 54 40 36 73 29 78 12 29 48 48 79 37 12 79 78 36 100 28 25 25 54 85 51
split_gain=280.506 419.144 634.739 855.411 869.793 1092.98 967.197 883.795 719.99 674.413 543.897 534.136 731.72 500.396 485.897 437.178 708.082 418.201 378.286 516.75 357.058 346.874 335.662 332.284 725.92 524.715 1085.03 807.111 664.311 834.56
threshold=373299.65625000006 20912.500000000004 0.90000000596046459 1687.5000000000002 11257.500000000002 6.0000000000000009 6.0000000000000009 1522.5000000000002 -0.56174489110708226 -14.733944892883299 5.4006805419921884 0.80750000476837169 1.5606444478034975 0.11590581014752389 0.047500001266598708 -0.88186877965927113 -0.99275061488151539 4.1846790313720712 9.5061192512512225 0.02153221890330315 1.3979040980339053 1.5606444478034975 -8.7118201255798322 354529.60937500006 0.97499999403953563 1.9576467275619509 1.4565114974975588 3912.5000000000005 0.90000000596046459 352.50000000000006
decision_type=2 2 2 2 2 2 2 2 2 2 2 2 2 2 2 2 2 2 2 2 2 2 2 2 2 2 2 2 2 2
left_child=23 2 3 -2 6 -6 10 -8 13 -9 -5 12 17 18 -3 16 -16 20 -4 -20 -10 -21 -12 -1 25 26 28 -27 -25 -30
right_child=1 14 8 4 5 -7 7 9 11 -11 22 -13 -14 -15 15 -17 -18 -19 19 21 -22 -23 -24 24 -26 27 -28 -29 29 -31
leaf_value=6.322800645596399e-05 -0.042953454678542863 0.036731717409611168 0.043881856778830643 -0.053038769363018684 0.032553699210964966 -0.059136461624284264 -0.090414532410826559 -0.082218988069080012 -0.083181873135169671 0.050739781472765089 0.042788421003610792 0.017684218134806126 -0.058999562763057234 -0.03287351286273469 -0.056584604734776889 -0.011811428381790777 0.032334795960987928 -0.066990268577745024 0.032540400646506408 0.033196606913448536 0.058906771239669913 -0.066504114859254324 -0.00087173389840225339 -0.011304083388766676 -0.014392910653794087 -0.01787388703465136 0.012475347369413118 0.0035383635430722457 -0.006798464888183091 0.021523577862330286
leaf_weight=2652067.659620747 516.24486917257309 715.03815776109695 1169.4931325614452 351.41982361674309 638.12657748162746 660.35376919806004 117.95632620155811 96.666675969958305 50.30005669593811 4256.4257003962994 678.69691875576973 577.91061310470104 1201.0089159756899 459.76907700300217 268.39783598482609 6683.9126872122288 1324.8772175014019 121.32551369071007 596.70366263389587 119.6861769258976 322.13848195970058 315.28107663989067 1248.7498924434185 14521.013516619802 12402.114273138344 9779.8277954757214 15479.424693420529 8000.0616082251072 6175.4768775552511 4492.167557194829
leaf_count=7715662 1890 1735 2573 1364 1768 2624 491 418 190 8674 1474 1618 5543 1535 1016 21834 3406 420 1431 266 599 1230 3572 46497 41502 34175 43257 23699 19204 12322
internal_value=1.88821e-05 0.00557979 0.0111507 0.0193792 0.0233829 -0.0140819 0.0305917 0.0441018 -0.00313378 0.0477679 0.00407559 -0.0237972 -0.0379472 0.0145151 -0.00278252 -0.00620065 0.0173265 0.0132653 0.0244261 0.00234527 0.0395321 -0.0390456 0.0145136 -2.70495e-05 -0.00340635 -0.00107481 0.00205756 -0.00823951 -0.00434462 0.00512844
internal_weight=2.74541e+06 22490.5 13498.3 8564.64 8048.4 1298.48 6749.92 4471.05 4933.62 4353.09 2278.87 2272.68 1694.77 2660.93 8992.23 8277.19 1593.28 493.764 2201.16 1031.67 372.439 434.967 1927.45 2.72292e+06 70850.1 58448 40668.1 17779.9 25188.7 10667.6
internal_count=8001989 65671 37680 22275 20385 4392 15993 9583 15405 9092 6410 8370 6752 7035 27991 26256 4422 1209 5500 2927 789 1496 5046 7936318 220656 179154 121280 57874 78023 31526
is_linear=0
shrinkage=0.05


Tree=165
num_leaves=31
num_cat=0
split_feature=37 55 39 13 85 55 86 73 25 40 31 35 37 42 85 55 25 44 53 86 27 28 55 37 25 85 42 27 24 25
split_gain=309.328 648.613 496.643 672.41 487.89 970.032 862.797 557.277 468.949 488.948 460.416 459.678 934.478 712.504 1558.62 1490.79 1214.66 1178.29 813.866 1382.73 969.693 716.019 868.308 693.933 671.476 731.541 1573.24 1154.18 812.942 780.405
threshold=-16.694643020629879 -617742.49999999988 1.9941572546958926 0.016423074528574947 0.90000000596046459 -513982.49999999994 6.0000000000000009 1.7380505800247195 1.8866807222366335 -0.56174489110708226 3081.416137695313 -17.773034095764157 37.633764266967781 0.99554812908172619 0.90000000596046459 7547.5000000000009 3.8001316785812382 0.99011489748954784 1.0000000180025095e-35 6.0000000000000009 -0.31306107342243189 0.57500001788139354 -608842.49999999988 -13.178963661193846 2.0837367773056035 0.90000000596046459 0.9973869025707246 -0.62036222219467152 42.737314224243171 1.3473534584045412
decision_type=2 2 2 2 2 2 2 2 2 2 2 2 2 2 2 2 2 2 2 2 2 2 2 2 2 2 2 2 2 2
left_child=1 -1 -3 -4 5 6 7 -5 -6 -10 -8 12 13 14 17 21 23 -2 20 -20 -19 22 -16 -17 25 27 29 -15 -29 -27
right_child=11 2 3 4 8 -7 10 -9 9 -11 -12 -13 -14 24 15 16 -18 18 19 -21 -22 -23 -24 -25 -26 26 -28 28 -30 -31
leaf_value=0.018038142359195607 0.030898170206483683 -0.015599519917002383 -0.036902789216765042 0.064056877978326349 -0.059858002049955367 0.022325401293033509 -0.08094289237405565 -0.024218890946328859 -0.015797624081768071 0.039679059510355948 0.01532175437498874 -2.2653047842645754e-05 -0.053311365075789797 -0.02121453574893423 0.049538154532448787 -0.015438846748169914 -0.019752958500459192 -0.022711539152108322 -0.00084763446219355111 -0.041908439889450283 0.032222364361142175 -0.053824387239805975 -0.0013502230316832129 0.067194427910216944 0.00045138233333242835 0.074404950714238846 -0.025870527249429183 0.040520965382069077 -0.039192863334544206 0.013173281355837008
leaf_weight=2468.4800137281418 1475.6595411002636 11554.453897684813 987.63590462505817 273.39138308167458 157.71940207481384 1627.7066895365715 753.36030273139477 512.08004359900951 493.70446340739727 2018.1358399838209 148.2479138225317 2680437.511114873 671.24015076458454 985.46800173819065 990.42809909582138 285.00064574182034 620.18919369578362 1597.376062899828 3532.2825759425759 4886.9696304127574 1613.9909335225821 531.50401966273785 5424.3658474981785 2307.6720474511385 6701.6241332665086 754.97383652627468 2236.86513055861 6538.3854779005051 335.45714683830738 1672.3841688483953
leaf_count=6446 3547 37413 3537 666 617 4272 3313 1851 1574 5119 408 7810791 2482 3258 2199 900 1998 5125 11325 16901 3901 1989 16287 4710 19734 1527 7429 15142 1172 4625
internal_value=1.31664e-05 -0.0060325 -0.00924077 0.00129741 0.00760778 -0.00520281 -0.0317627 0.00654242 0.0235125 0.0287711 -0.0651095 5.97736e-05 0.00517863 0.00610397 0.00021798 0.0149166 0.0430741 -0.0111754 -0.0165162 -0.0246842 0.0048974 0.00188798 0.00651253 0.0581066 0.0132263 0.0200615 0.00437223 0.0293701 0.0366249 0.0322428
internal_weight=2.74459e+06 20994.9 18526.4 6971.98 5984.35 3314.79 1687.08 785.471 2669.56 2511.84 901.608 2.7236e+06 43161.8 42490.6 23265.4 10159.2 3212.86 13106.3 11630.6 8419.25 3211.37 6946.3 6414.79 2592.67 19225.2 12523.5 4664.22 7859.31 6873.84 2427.36
internal_count=8000258 65216 58770 21357 17820 10510 6238 2517 7310 6693 3721 7935042 124251 121769 68882 28083 7608 40799 37252 28226 9026 20475 18486 5610 52887 33153 13581 19572 16314 6152
is_linear=0
shrinkage=0.05


Tree=166
num_leaves=31
num_cat=0
split_feature=98 31 36 54 25 47 19 13 30 26 25 47 24 87 90 48 37 53 85 25 85 28 26 13 25 54 13 35 55 54
split_gain=316.491 332.566 365.46 505.248 331.219 369.863 330.272 329.67 319.87 863.291 681.653 611.256 574.048 2407.09 1101.43 724.281 663.501 651.797 588.29 504.579 481.003 694.173 667.585 420.098 520.411 453.017 406.211 400.134 825.66 714.58
threshold=5.3219726085662851 4547.0129394531259 -1.5915067195892332 564005.00000000012 1.2693248987197878 0.088984344154596343 0.24153602123260501 0.011687947437167169 0.052500000223517425 1.9576817154884341 3.05855405330658 0.20002524554729464 75.07492828369142 1.0000000180025095e-35 2491.143920898438 -0.96298784017562855 10.838963985443117 0.87837970256805431 0.90000000596046459 3.5123126506805424 0.90000000596046459 0.97499999403953563 -0.43587499856948847 0.018188069574534897 1.6768950819969179 657032.50000000012 0.029733167029917244 20.934859275817875 -423234.99999999994 604507.50000000012
decision_type=2 2 2 2 2 2 2 2 2 2 2 2 2 2 2 2 2 2 2 2 2 2 2 2 2 2 2 2 2 2
left_child=1 8 3 -3 5 -2 -7 -4 9 11 23 12 15 17 -15 18 -17 -14 -1 20 22 -22 -13 24 25 -11 -25 -10 29 -29
right_child=4 2 7 -5 -6 6 -8 -9 27 10 -12 19 13 14 -16 16 -18 -19 -20 -21 21 -23 -24 26 -26 -27 -28 28 -30 -31
leaf_value=-0.023541703436493019 0.0082119031121086518 -0.016610923370701906 0.030176314718688192 0.015254880267771942 -0.00093887931905670379 0.011433260378740574 -0.0041399073121585221 0.0048159735903588723 -2.4943704593941872e-05 -0.030521553107020649 -0.043950856654117729 -0.030306447572442774 -0.012147338902471473 -0.04530520670675222 0.012253794760132051 0.0026152824293102258 -0.0044212077911590679 0.0094800150574047212 -0.0010162252734364887 0.019595767907883189 -0.0061616292991708748 0.034297444357464672 -0.0081145103728884876 0.0073672370689318633 0.023640495978690029 0.0082045453559022145 -0.038882298411265656 -0.018284712904433582 0.0098082838056871065 0.0071422377948306571
leaf_weight=6742.3425163701177 36940.495187409222 2491.289528414607 2735.5129073113203 2482.4073678925633 34240.766469709575 4473.3297315984964 14237.912603989244 2411.9299085438251 2354092.245997481 4383.3802269697189 1725.0712820589542 5082.9164097905159 21008.44726819545 847.64661009609699 40282.985282868147 66089.531242474914 67940.855828076601 4175.1957282200456 5084.7903925999999 1549.2471779510379 9851.5498653203249 1186.9937582761049 10170.492809817195 3866.770111747086 646.38091657310724 911.63420828431845 540.18507216125727 5896.7878034934402 27237.34208407253 5197.6601089537144
leaf_count=21811 101199 8063 6931 6967 99206 12032 41331 7004 6852238 15134 6424 17146 67457 3055 109981 193289 206038 12425 15364 4342 30714 3157 30698 11254 1679 2691 1980 18927 76533 15188
internal_value=1.24976e-05 -8.63055e-05 0.0089594 -0.0007056 0.0029303 0.00531094 -0.000416123 0.0182975 -0.000120931 -0.00181499 -0.0148604 -0.00115868 -0.000244601 0.00361244 0.0110664 -0.00199826 -0.000951528 -0.00856131 -0.0138587 -0.00812423 -0.0097585 -0.00180783 -0.0155114 -0.0100068 -0.018682 -0.0238529 0.0016895 5.75681e-05 0.00512491 -0.00637237
internal_weight=2.74452e+06 2.65463e+06 10121.1 4973.7 89892.5 55651.7 18711.2 5147.44 2.64451e+06 252086 12073.4 240013 212172 66314.3 41130.6 145858 134030 25183.6 11827.1 27841.2 26292 11038.5 15253.4 10348.4 5941.4 5295.01 4406.96 2.39242e+06 38331.8 11094.4
internal_count=8000258 7746490 28965 15030 253768 154562 53363 13935 7717525 754639 39162 715477 629420 192918 113036 436502 399327 79882 37175 86057 81715 33871 47844 32738 19504 17825 13234 6962886 110648 34115
is_linear=0
shrinkage=0.05


Tree=167
num_leaves=31
num_cat=0
split_feature=48 62 39 13 90 55 37 25 37 85 55 54 87 37 104 30 37 12 25 53 37 25 25 37 6 85 24 22 7 85
split_gain=294.946 1123.86 971.784 1019.6 1048.96 959.715 963.629 842.169 825.213 817.287 757.34 803.162 1008.71 1232.69 1048.23 1012.32 1194.89 1043.49 883.355 801.922 755.047 747.36 708.422 897.35 654.772 1129.92 616.789 609.778 608.773 575.627
threshold=0.96298784017562877 49.042064666748054 -1.9485043883323667 0.012897165026515724 4337.8952636718759 10392.500000000002 26.263154983520511 0.2356209680438042 21.981515884399418 0.90000000596046459 -3917.4999999999995 695167.50000000012 1.0000000180025095e-35 3.5520815849304204 7.744253635406495 0.19749999791383746 27.190182685852054 0.023475911468267444 1.0058351755142214 0.87837970256805431 29.326134681701664 1.1144084334373476 0.66617482900619518 3.4003038406372075 -0.003001631703227758 0.90000000596046459 61.225545883178718 3.5000000000000004 0.0035982436966151003 0.90000000596046459
decision_type=2 2 2 2 2 2 2 2 2 2 2 2 2 2 2 2 2 2 2 2 2 2 2 2 2 2 2 2 2 2
left_child=-1 2 3 7 5 6 21 -2 -6 -10 11 12 15 -14 -15 17 -17 -4 19 -13 22 -5 -12 -24 25 -22 -8 -25 -21 -7
right_child=1 -3 10 4 8 29 26 -9 9 -11 20 18 13 14 -16 16 -18 -19 -20 28 24 -23 23 27 -26 -27 -28 -29 -30 -31
leaf_value=-0.0001483835663268976 -0.020342809717435378 0.017819420275202735 -0.026726068686471139 -0.0088555310912608719 0.019963511210230468 0.038828567456630422 0.028824004949493894 0.015902928258113343 -0.041020453660097558 0.018722670482479775 -0.015273219789329627 0.020672644973772476 -0.033564758629084618 -0.020915115787477605 -0.0032434987471272321 0.00097139003117625584 0.031785730555029194 0.019368281066352574 -0.038647009876208588 -0.023936066719194446 -0.046002144710834865 0.0081565638265278483 -0.0064876340221651507 0.016958524526576337 -0.024317736771508704 0.088919016062150386 -0.0012488261553352316 -0.0013451271664132241 0.037956127656402265 -0.0033896954166878568
leaf_weight=2505035.4253033623 1718.1550479978323 10330.860223568976 5392.7103017941117 36282.402382910252 11013.08794015646 2274.1256522387266 3542.3910035043955 23644.667596399784 1218.5597469881177 1077.8992734700441 3494.7206714004278 7674.9230503663421 5169.5878494977951 11271.403053924441 32840.765919536352 23331.89272557199 3635.4150661602616 1588.7747461795807 914.06146941334009 2028.5575808882713 271.63498410582542 7852.0392167568207 7816.5764560103416 20164.069847345352 3610.2522460669279 359.37817840278149 3285.5966789573431 5875.419215247035 493.02087712287903 1250.9618678987026
leaf_count=7308775 5388 27590 18303 108988 29031 5432 8855 62910 4311 2928 10910 20717 17010 35386 95187 69352 9544 4266 3425 6659 963 21918 24015 53864 12028 654 9698 17133 1216 3802
internal_value=1.18617e-05 0.00168848 0.00096097 0.00489462 0.0016951 -0.0013787 -0.00312419 0.0134466 0.0142784 -0.0129804 -0.00173488 -0.00421293 -0.00589855 -0.0104671 -0.00775938 0.000733288 0.00512663 -0.0162344 0.00841319 0.0126358 0.00388579 -0.00582865 0.00615611 0.00836864 -0.0161034 0.0308501 0.0143543 0.0128285 -0.0118226 0.0238483
internal_weight=2.74446e+06 239424 229093 93159.9 67797.1 54487.5 50962.4 25362.8 13309.5 2296.46 135933 94341.1 83230.5 49281.8 44112.2 33948.8 26967.3 6981.49 11110.6 10196.5 41592.1 44134.4 37350.8 33856.1 4241.27 631.013 6827.99 26039.5 2521.58 3525.09
internal_count=8000258 691483 663893 263261 194963 158693 149459 68298 36270 7239 400632 281065 249048 147583 130573 101465 78896 22569 32017 28592 119567 130906 105922 95012 13645 1617 18553 70997 7875 9234
is_linear=0
shrinkage=0.05


Tree=168
num_leaves=31
num_cat=0
split_feature=65 54 85 38 14 48 54 38 39 50 38 99 87 90 36 85 25 25 13 30 22 31 87 54 24 50 22 37 90 25
split_gain=290.027 704.921 675.493 1677.62 1474.2 1059.59 1014.09 984.536 652.196 616.111 748.486 842.049 968.188 1127.34 644.659 1627.88 639.24 982.244 784.525 616.321 577.746 545.728 768.261 1548.64 1104.31 1661.88 1648.52 1424.96 1304.8 1857.71
threshold=0.47281815111637121 749052.50000000012 0.90000000596046459 -14.108158111572264 32.261651992797859 0.47136868536472326 760452.50000000012 1.5321086645126345 -2.3963172435760494 12.500000000000002 5.3476808071136483 116033.80078125001 1.0000000180025095e-35 2389.5190429687505 -9.4755334854125959 0.90000000596046459 1.0696927905082705 1.0765093564987185 0.025082834064960483 0.19249999523162845 3.5000000000000004 397.08212280273443 1.0000000180025095e-35 1352.5000000000002 68.308555603027358 -712.49999999999989 1.5000000000000002 7.4377591609954843 2739.195434570313 2.2934081554412846
decision_type=2 2 2 2 2 2 2 2 2 2 2 2 2 2 2 2 2 2 2 2 2 2 2 2 2 2 2 2 2 2
left_child=21 8 3 -3 20 -5 -6 -7 9 16 11 12 13 -11 15 -13 18 -18 -2 -16 -4 22 -1 -24 25 28 27 -27 -25 -30
right_child=1 2 4 5 6 7 -8 -9 -10 10 -12 14 -14 -15 19 -17 17 -19 -20 -21 -22 -23 23 24 -26 26 -28 -29 29 -31
leaf_value=-0.00058164130419531481 -0.0018836689968663605 0.032576447071883473 0.066056482618250464 -0.052899378986879179 0.0030465055499938657 -0.040928679679353333 -0.050723398629068564 0.011695658918170256 -0.0013673299384658296 0.080868777702997066 0.013015676440412242 0.014052616703806017 0.0360843926497375 -0.025370117545861132 -0.015953029024786767 -0.0071090734185604429 0.042514626222018619 0.0017543584528413503 -0.018227430922698414 -0.00017395729139731811 -0.023418839407923289 -0.00033821152964068487 -0.012993251771914223 0.0094021213704920791 0.0074507173752724337 -0.01195198098945317 0.0057435479845345597 0.0028639486139873118 -0.0195314195047789 0.0051900048929248172
leaf_weight=275362.68836250901 92140.381071694195 1212.875478900969 997.716871753335 3067.8484990894794 3044.0572842210531 1663.2638950645924 1230.5264385715127 1906.5079795271158 696136.56276404113 296.69015036523342 20108.901778362691 24411.447830066085 3701.8539910838008 1548.0729848220944 7148.7406608238816 14476.032333448529 1496.7485600858927 112401.09603017569 7977.4329762607813 46034.50287438184 219.56109078973532 999062.36598109454 14973.508465506136 9345.4439748823643 118548.12051931769 28260.817811496556 184589.83451148123 38114.708863511682 23774.881624475121 11168.168612450361
leaf_count=820219 266587 2950 2150 11869 10189 6065 4945 5500 2047678 573 54649 64965 8595 5202 22596 44450 3419 323524 24762 133898 784 2932072 49959 25278 323726 85108 506850 105133 75277 31286
internal_value=1.12736e-05 -0.000646118 -0.0120646 -0.0214734 0.00138562 -0.0313539 -0.0124393 -0.0128268 -0.000497884 0.00132657 0.00423182 0.0024222 0.0213405 -0.00824663 0.00128223 0.00617498 -0.000271546 0.00229041 -0.00318617 -0.00229529 0.0499077 0.000413161 0.00147925 0.00280278 0.0033744 0.00173767 0.00331352 -0.00344426 -0.00719182 -0.0116301
internal_weight=2.74442e+06 1.04122e+06 13342.4 7850.5 5491.86 6637.62 4274.58 3569.77 1.02788e+06 331742 117726 97617.3 5546.62 1844.76 92070.7 38887.5 214016 113898 100118 53183.2 1217.28 1.7032e+06 704138 428775 413802 295254 250965 66375.5 44288.5 34943.1
internal_count=8000258 3045350 44452 26384 18068 23434 15134 11565 3000898 953220 334928 280279 14370 5775 265909 109415 618292 326943 291349 156494 2934 4954908 2022836 1202617 1152658 828932 697091 190241 131841 106563
is_linear=0
shrinkage=0.05


Tree=169
num_leaves=31
num_cat=0
split_feature=98 95 55 55 85 42 35 25 49 55 55 99 45 97 85 22 35 86 75 49 6 85 7 36 25 50 36 50 43 9
split_gain=282.231 317.89 483.221 664.218 817.591 904.766 1106.04 1202.82 1038.6 443.419 1217.73 722.335 674.158 657.352 613.63 881.508 871.704 857.796 626.135 529.098 655.114 617.153 690.227 671.625 657.434 605.033 591.6 566.498 487.841 471.917
threshold=5.3219726085662851 45.300931930541999 -708497.49999999988 -737592.49999999988 0.90000000596046459 1.0080171227455141 3.845055460929871 1.7623610496520998 0.33172981441020971 -726327.49999999988 -717222.49999999988 102482.73828125001 0.99851197004318248 -4.3837293517423598e-10 0.90000000596046459 2.5000000000000004 -1.2144988179206846 6.0000000000000009 1.1182430386543276 -0.95032352209091175 0.00014668574294773864 0.90000000596046459 0.0048501654528081426 -4.9380626678466788 1.4896463155746462 -752.49999999999989 2.7839895486831669 -317.49999999999994 0.99071827530860912 0.23217026144266131
decision_type=2 2 2 2 2 2 2 2 2 2 2 2 2 2 2 2 2 2 2 2 2 2 2 2 2 2 2 2 2 2
left_child=1 9 3 -3 5 6 7 -5 -8 11 -11 19 14 -14 15 17 -16 -13 -17 21 25 23 26 24 -1 -21 -23 -25 -27 -15
right_child=-2 2 -4 4 -6 -7 8 -9 -10 10 -12 12 13 29 16 18 -18 -19 -20 20 -22 22 -24 27 -26 28 -28 -29 -30 -31
leaf_value=0.048645544587237056 0.0027663913472257759 -0.00061085366788909989 0.00049081918561477375 0.027245175061613544 0.00019481702597834013 0.059792563902926844 -0.034666541063762046 -0.094200832652711841 0.026642479997714547 0.013035490621598879 -0.00039397494498029416 -0.0057048673265853028 -0.031469943926458514 -0.014693063921929492 -0.038397080128781069 0.083651571092507357 0.051163046054379574 0.05518968535198842 -0.052699974479137393 0.020964401561392162 -0.0092538456259872032 -0.039294679640284401 0.048618316390708564 0.02961195599831248 -0.037408730091448371 0.036262092535491265 0.044681109082567713 -0.034422836170772103 -0.0024147449855774056 0.013454973172379387
leaf_weight=2244.2350735813379 89871.603317126632 19679.056547492743 686605.98233133554 8673.4854329526424 8715.1056410074234 1284.9106047302485 1795.205728545785 207.81167459487915 1121.4492307305336 17035.404045797884 1838314.6198226884 946.66050364077091 5315.9406736195087 8752.5350723713636 1331.0488923341036 97.51856142282486 340.3498969823122 1484.0550743937492 580.04681968688965 3859.6987833231688 21274.97689537704 1266.8945005536079 396.21391920000315 670.45936557650566 245.49385728687048 851.83641955256462 250.37839049100876 710.21191483736038 18519.450665861368 1793.2700702920556
leaf_count=4988 253768 57918 1940664 20014 26112 2427 5647 816 2620 47118 5417680 3123 18692 28874 4762 234 832 2902 2157 10694 69931 4848 998 1698 971 2176 657 2411 59302 5224
internal_value=1.07138e-05 -8.25872e-05 0.000807425 0.00604823 0.01206 0.0199629 0.01562 0.0243926 -0.0110906 -0.000418991 -0.000270659 -0.00429879 -0.0121743 -0.0171344 0.00428521 0.0174216 -0.0201371 0.0314792 -0.0329739 -0.00106601 -0.00291502 0.013159 -0.0100642 0.0246412 0.0401467 0.00289001 -0.0254135 -0.00332475 -0.000711921 -0.00990531
internal_weight=2.74424e+06 2.65436e+06 728083 41477 21798 13082.9 11798 8881.3 2916.65 1.92628e+06 1.85535e+06 70931.3 20641.4 15861.7 4779.68 3108.28 1671.4 2430.72 677.565 50289.8 44506 5783.89 1913.49 3870.4 2489.73 23231 1517.27 1380.67 19371.3 10545.8
internal_count=8000258 7746490 2056218 115554 57636 31524 29097 20830 8267 5690272 5464798 225474 66800 52790 14010 8416 5594 6025 2391 158674 142103 16571 6503 10068 5959 72172 5505 4109 61478 34098
is_linear=0
shrinkage=0.05


Tree=170
num_leaves=31
num_cat=0
split_feature=7 53 90 90 50 85 25 54 85 25 90 85 22 12 54 85 94 50 36 85 21 94 25 50 37 49 50 31 104 65
split_gain=296.693 1775.19 1446.07 893.817 1024.9 1178.14 918.008 852.732 798.035 1511.34 741.668 1175.15 1083.86 962.923 925.738 1003.82 1420.2 1110.44 1072.4 828.689 913.36 1421.68 825.46 819.559 756.214 953.239 696.228 656.049 617.623 553.989
threshold=-0.013442568946629761 1.0000000180025095e-35 3180.4152832031255 4066.545043945313 147.50000000000003 0.90000000596046459 3.9193634986877446 609590.00000000012 0.90000000596046459 2.2274266481399541 4326.8269042968759 0.90000000596046459 2.5000000000000004 0.11590581014752389 11257.500000000002 0.90000000596046459 4609.1462402343759 -67.499999999999986 -10.596905231475828 0.90000000596046459 20.500000000000004 4908.6718750000009 2.615508079528809 -167.49999999999997 -7.5007834434509268 -0.7866188883781432 107.50000000000001 713.20547485351574 7.9978909492492685 2.6132578849792485
decision_type=2 2 2 2 2 2 2 2 2 2 2 2 2 2 2 2 2 2 2 2 2 2 2 2 2 2 2 2 2 2
left_child=1 3 7 6 29 -6 8 -3 9 -1 11 13 22 24 19 16 -16 27 -18 20 21 -12 -13 -14 25 -4 -21 -17 -26 -5
right_child=-2 2 10 4 5 -7 -8 -9 -10 -11 14 12 23 -15 15 17 18 -19 -20 26 -22 -23 -24 -25 28 -27 -28 -29 -30 -31
leaf_value=-0.076331110890643455 0.00011486928612880739 -0.051493217075179266 0.050903242673422215 -0.0065460007149211567 0.065537797913568591 -0.029418084046658494 0.051819022999882794 -0.00021967932262855253 -0.014412400963452227 0.036519953808172925 -0.054199732238956314 0.029211824990123699 -0.068905852545403073 0.045578683327076049 0.047751483431891166 -0.0030484300507012483 -0.015557362493999886 -0.060901561231899687 0.06025396859756689 -0.0028099311074369429 0.053928930293768843 -0.0019395915437530758 -0.004909955562228575 0.0035583511400448368 -0.013478488222489704 -0.019565032965328487 0.048529618341562088 0.074312139632665822 -0.041787454426067683 0.043054430090724523
leaf_weight=326.09516261518002 2678875.8957649544 2943.3228572160006 640.02893666923046 11166.374874830246 1148.005823880434 455.65254057943821 1984.6994340717793 1119.3966896831989 1863.5385802388191 3193.5107917785645 2583.0085157305002 3027.1463614702225 870.38076958060265 491.05864028632641 3129.9273409247398 2245.2871404886246 2365.6740808039904 805.38004173338413 579.98706212639809 3736.2656971886754 364.16375614702702 2622.312808945775 4273.2504867315292 706.18312425911427 2831.535769417882 1908.2302913218737 801.08755543828011 311.13090518116951 6040.9333178550005 591.82523272931576
leaf_count=1283 7806458 10677 1337 32699 2179 1479 4261 3295 5935 7528 10314 7719 3414 1101 6694 6565 7162 3017 1118 11421 747 8663 12518 2075 8562 6074 1988 556 20656 1319
internal_value=3.38025e-05 -0.00330068 -0.00894151 0.00877958 0.00106913 0.038553 0.0227601 -0.0373706 0.0120378 0.0260441 -0.00607688 -0.0126508 0.00111957 -0.0229125 0.00091569 0.0121765 0.0243054 -0.00974258 -0.000613383 -0.00959892 -0.0225201 -0.0278787 0.00924019 -0.0364624 -0.0258616 -0.00185101 0.00626186 0.00639022 -0.0327561 -0.00404559
internal_weight=2.744e+06 65125.4 44395.7 20729.7 13361.9 1603.66 7367.84 4062.72 5383.14 3519.61 40333 20788.7 8876.96 11911.8 19544.2 9437.39 6075.59 3361.8 2945.66 10106.8 5569.49 5205.32 7300.4 1576.56 11420.7 2548.26 4537.35 2556.42 8872.47 11758.2
internal_count=7998814 192356 135673 56683 37676 3658 19007 13972 14746 8811 121701 63456 25726 37730 58245 25112 14974 10138 8280 33133 19724 18977 20237 5489 36629 7411 13409 7121 29218 34018
is_linear=0
shrinkage=0.05


Tree=171
num_leaves=31
num_cat=0
split_feature=62 53 36 54 42 35 35 97 25 25 24 13 94 97 37 54 85 30 39 25 37 41 46 25 8 25 94 55 36 85
split_gain=279.676 510.157 601.351 541.17 450.578 646.441 516.009 480.545 402.646 379.984 376.27 368.971 361.645 396.278 343.199 371.701 398.02 321.918 315.593 702.785 844.667 1385.32 1292.08 1142.24 1104.04 1036.98 1074.15 1147.06 1030.5 1330.55
threshold=10.086773395538332 0.87837970256805431 0.74985894560813915 629947.50000000012 1.0011910200119021 1.8225539922714236 7.9262943267822275 2.6808804273605351 1.4186038970947268 1.5623154044151308 69.845241546630874 0.010618792846798899 4936.5300292968759 1.2077424526214602 19.447296142578129 557502.50000000012 0.90000000596046459 0.93750000000000011 -5.3040635585784903 0.85700520873069774 17.919793128967289 1.0003717541694643 0.040722293779253967 0.35186377167701727 -0.0010770907974801955 0.73161095380783092 4077.1374511718755 9862.5000000000018 -5.0211682319641104 0.90000000596046459
decision_type=2 2 2 2 2 2 2 2 2 2 2 2 2 2 2 2 2 2 2 2 2 2 2 2 2 2 2 2 2 2
left_child=1 2 4 10 5 8 -7 12 11 -10 -4 -1 13 -6 -12 -16 -17 -13 -2 20 24 -22 -23 -24 -20 26 -26 -28 29 -27
right_child=18 -3 3 -5 7 6 -8 -9 9 -11 14 17 -14 -15 15 16 -18 -19 19 -21 21 22 23 -25 25 28 27 -29 -30 -31
leaf_value=-0.022210005567027152 0.0012620101137872238 -0.015203624383959273 0.0025469686903948829 0.018527005779180223 0.012473987972793969 -0.036935930274387407 0.0149088525504675 0.035045023831817616 -0.042557064286631349 -0.0035348821656114009 -0.046828178467168163 0.011713245193601264 -0.030644776181350517 -0.023653941778488948 -0.022260568425082169 0.053954847210973093 -0.05313190450640936 -0.050392425897049314 0.0027322480176283533 0.00049734903990642084 0.0014943879827157898 0.0039915163076783026 -0.018618529118844658 -0.0065150510345704212 0.0010172306774004095 -0.010071871201547513 -0.010503938496713182 0.0062424326439122577 -0.018492128437164291 0.0041542164067785263
leaf_weight=976.36424234509468 477522.52809622139 8182.1511232107878 1741.3777188658714 1189.2618326693773 7208.0334881767631 2093.7512667477131 621.8203721344471 1677.2359632328153 827.83626934885979 2524.7977765798569 1277.4156337976456 8495.682546839118 629.69285261631012 847.32964698970318 3967.2965634316206 329.11471411585808 116.77680623531342 212.90538777410984 191904.81148268282 1445620.8513432965 74479.089793853462 22724.77017069608 24584.855375155807 94126.090690389276 229280.81432707608 39784.230600610375 44168.072486303747 13304.854143612087 15481.266735523939 28004.676652617753
leaf_count=3078 1378520 26530 5112 3126 19868 7300 1713 4093 3087 7534 4672 23190 2213 2756 13268 697 463 740 557075 4199056 216229 66619 80336 285127 662313 119040 136727 38432 48302 81598
internal_value=3.21281e-05 -0.00397234 -0.00132633 -0.0127756 0.00245345 -0.00287289 -0.0250614 0.0105507 0.00174988 -0.0131816 -0.0177871 0.00692005 0.0058164 0.00867067 -0.0240097 -0.0173946 0.025842 0.0101887 9.57626e-05 -0.000154705 -0.00136655 -0.00402461 -0.00693091 -0.00902184 -0.000345206 -0.00194128 -0.000514885 -0.00662706 -0.00685315 -0.0041948
internal_weight=2.74391e+06 42918.8 34736.7 8621.24 26115.4 15753.2 2715.57 10362.3 13037.6 3352.63 7431.98 9684.95 8685.06 8055.36 5690.6 4413.19 445.892 8708.59 2.70099e+06 2.22346e+06 777844 215915 141436 118711 561929 370024 286754 57472.9 83270.2 67788.9
internal_count=7998814 129440 102910 27338 75572 46642 9013 28930 37629 10621 24212 27008 24837 22624 19100 14428 1160 23930 7869374 6490854 2291798 648311 432082 365463 1643487 1086412 837472 175159 248940 200638
is_linear=0
shrinkage=0.05


Tree=172
num_leaves=31
num_cat=0
split_feature=54 55 54 55 37 87 54 45 54 50 7 54 54 7 90 87 55 55 55 55 87 86 54 45 90 55 87 54 55 87
split_gain=280.822 820.035 792.455 1226.36 1161.91 1891.81 1816.35 1157.14 1081.72 1100.53 1071.91 1021.22 1418.9 2006.2 1060.51 1265.56 3514.97 3029.25 895.433 791.199 877.852 1431.12 780.191 788.958 765.775 764.803 795.691 763.158 1326.4 1386.57
threshold=777.50000000000011 8372.5000000000018 2482.5000000000005 1122.5000000000002 4.1179406642913827 1.0000000180025095e-35 1352.5000000000002 0.99270001053810131 1522.5000000000002 -407.49999999999994 -0.0059063527733087531 4107.5000000000009 5052.5000000000009 -0.00091306192916817952 4734.4499511718759 1.0000000180025095e-35 9427.5000000000018 7967.5000000000009 29562.500000000004 27427.500000000004 1.0000000180025095e-35 6.0000000000000009 142.50000000000003 1.0029984116554262 5032.3100585937509 9862.5000000000018 1.0000000180025095e-35 1352.5000000000002 6392.5000000000009 1.0000000180025095e-35
decision_type=2 2 2 2 2 2 2 2 2 2 2 2 2 2 2 2 2 2 2 2 2 2 2 2 2 2 2 2 2 2
left_child=1 22 3 -2 5 8 7 -7 -5 -10 -11 24 13 18 15 16 -15 -17 25 -14 -21 -22 23 -1 -4 -13 -27 28 29 -6
right_child=2 -3 11 4 27 6 -8 -9 9 10 -12 12 19 14 -16 17 -18 -19 -20 20 21 -23 -24 -25 -26 26 -28 -29 -30 -31
leaf_value=-0.038123939357354232 -0.029361627600574675 -0.00078138006660987769 0.0074648148088267991 -0.015008551968528197 0.052381195886218659 0.032910601103496223 -0.039732040378400446 -0.017504271649290085 0.046847364479603873 0.018791631757099771 -0.032932011479279627 -0.037374715585994422 6.4851857304234147e-05 -0.021576886095160175 0.02369786062901608 0.013967149376345207 0.034574515531644388 -0.032303035363219434 -0.068448906502821316 0.081702520423712885 0.06664754880465662 -0.10023037030118161 0.016026793066786942 0.03241648203240699 -0.0031610562872292844 0.010789364648211557 -0.027598643356394337 0.0033896056285367218 -0.014538289117994303 -0.011968905314106205
leaf_weight=1366.4777015596628 4696.4835857152939 35288.87144882977 76804.588242456317 5023.743969373405 1670.4714975357056 1617.7622400522232 8250.6523641496897 3832.6107245087624 1989.7789904475212 3155.6601617783308 1466.2212102413177 4629.7301918566227 2450824.089191027 5495.0314403027296 3418.3121648877859 5595.541825518012 5653.2692312300205 9612.8919879645109 1182.0642096549273 622.08796674013138 293.07382890582085 227.14557929337025 15873.325534641743 557.23846751451492 21757.701719671488 2527.8443941026926 2894.4167829602957 50264.365394882858 15556.863794244826 1676.1922494769096
leaf_count=4571 16129 105306 214230 17429 3631 4585 34635 14530 4651 9116 5330 15748 7120744 17807 8881 14586 13985 32217 4794 1088 630 953 41681 1297 67114 7122 10425 147045 53209 5345
internal_value=3.05101e-05 0.00363173 -4.05382e-05 -0.00442625 -0.00318672 -0.0123468 -0.0249368 -0.00253608 0.00247876 0.0157672 0.00237844 0.000127341 -7.00125e-05 -0.00929356 -0.00250011 -0.00589879 0.00689742 -0.015279 -0.0272968 8.4253e-05 0.0416686 -0.00625997 0.0123821 -0.0176818 0.00511909 -0.0224507 -0.00970264 0.000168711 -0.00839509 0.0201557
internal_weight=2.74382e+06 53085.9 2.69074e+06 99200.8 94504.3 25336.4 13701 5450.37 11635.4 6611.66 4621.88 2.59154e+06 2.49298e+06 41009.1 29775 26356.7 11148.3 15208.4 11234.1 2.45197e+06 1142.31 520.219 17797 1923.72 98562.3 10052 5422.26 69167.9 18903.5 3346.66
internal_count=7998814 152855 7845959 315635 299506 90276 53750 19115 36526 19097 14446 7530324 7248980 125565 87476 78595 31792 46803 38089 7123415 2671 1583 47549 5868 281344 33295 17547 209230 62185 8976
is_linear=0
shrinkage=0.05


Tree=173
num_leaves=31
num_cat=0
split_feature=79 79 78 79 65 45 42 90 36 54 22 49 25 51 37 9 26 39 90 25 31 39 81 42 25 42 35 36 30 54
split_gain=278.917 478.029 357.066 359.767 338.163 564.07 749.866 731.887 1074.85 756.13 842.712 612.092 589.836 940.22 668.843 532.99 503.004 499.579 596.89 481.726 470.188 941.981 732.456 946.047 641.874 1399.18 958.548 638.895 705.649 705.026
threshold=5.5216758251190194 1.4728745818138125 0.96901690959930431 6.407212734222413 0.52747833728790294 1.0068275332450869 1.0006130337715151 3396.346313476563 -0.1796048507094383 8437.5000000000018 1.0000000180025095e-35 0.88186877965927135 2.2934081554412846 -222.49999999999997 37.633764266967781 0.060934988781809814 1.3930267691612246 -0.41238459944725031 4536.1350097656259 0.52920734882354747 721.43743896484386 -5.7175881862640372 1.0000000180025095e-35 1.0166700482368471 2.9390091896057133 0.99620097875595104 18.555648803710941 -5.1116268634796134 0.55750000476837169 433672.50000000006
decision_type=2 2 2 2 2 2 2 2 2 2 2 2 2 2 2 2 2 2 2 2 2 2 2 2 2 2 2 2 2 2
left_child=1 -1 -2 -4 20 6 16 8 -7 17 -11 12 14 -14 -8 -13 -6 18 -9 -18 22 -22 23 24 25 -3 -26 28 29 -24
right_child=2 4 3 -5 5 7 11 9 -10 10 -12 15 13 -15 -16 -17 19 -19 -20 -21 21 -23 27 -25 26 -27 -28 -29 -30 -31
leaf_value=0.0012209640679257331 0.0029824640460172614 -0.0060255056946769327 0.0014174236680498903 -0.00079212418595752125 -0.00053747925180104019 -0.046141524718093962 -0.0030254446635773753 0.029024791397119516 0.0016217420249992375 -0.053176827594785293 0.017470218562432863 0.022950931376872256 -0.0030882587609408862 -0.034429564100344062 0.016851565004855063 -0.011772707561065753 0.041934092521901292 -0.015904694860949694 -0.01002080090598037 -0.0060612933192405894 0.0028876359101404512 -0.0031538172125346862 -0.0013903712612942576 -0.030793323853379358 0.005797264095883041 0.0020616010584021348 0.039996495431485174 -0.0092378411883917537 0.0065668197381926301 -0.0198527295101605
leaf_weight=396158.59088926017 149949.43314674497 61412.956629693508 366188.30989469588 370744.64593054354 253603.59967608005 1561.5109727084637 178653.42054838687 1925.5000945180655 4783.9209098517895 433.39135885238647 14957.230179235339 1143.7751681208611 6341.1274273246527 3842.9225751310587 4333.797744423151 31905.133247934282 1355.443703353405 4019.2893966212869 1988.6672032773495 850.04137010872364 85892.24830686301 259293.13012337685 26840.893732607365 2274.0148581787944 36445.419304333627 414223.16411987692 2170.0780427753925 31708.182740285993 22184.408442005515 6404.1434502378106
leaf_count=1071367 381476 198100 936596 960721 803039 6342 573256 5114 15168 1783 42958 3150 20968 14065 12957 111986 3700 14283 7109 2924 268323 846286 96147 8563 109688 1255478 5244 119118 75439 27466
internal_value=2.89392e-05 -0.000319484 0.000758375 0.000305813 -0.000737319 -0.00177333 -0.0021852 0.00491781 -0.0101367 0.00901393 0.0154772 -0.00428229 -0.00320645 -0.0149175 -0.00255457 -0.0105702 -0.000330653 -0.00352428 0.00918817 0.023439 -0.000178606 -0.00165051 0.000663047 0.00137841 0.00152074 0.00101739 0.00772028 -0.00357731 -0.000339023 -0.0049475
internal_weight=2.74359e+06 1.85671e+06 886882 736933 1.46055e+06 511699 482029 29669.5 6345.43 23324.1 15390.6 226220 193171 10184.1 182987 33048.9 255809 7933.46 3914.17 2205.49 948849 345185 603663 516526 514252 475636 38615.5 87137.6 55429.4 33245
internal_count=7998814 5720021 2278793 1897317 4648654 1638802 1546045 92757 21510 71247 44741 736382 621246 35033 586213 115136 809663 26506 12223 6624 3009852 1114609 1895243 1577073 1568510 1453578 114932 318170 199052 123613
is_linear=0
shrinkage=0.05


Tree=174
num_leaves=31
num_cat=0
split_feature=7 53 90 90 51 85 13 55 90 85 22 12 25 51 37 49 46 55 97 90 85 13 85 55 55 13 26 55 25 49
split_gain=276.931 1597.53 1305.92 812.086 931.962 1078.46 887.448 773.978 669.088 1052 974.561 872.334 755.262 741.931 684.891 857.869 656.646 1000.75 623.367 597.207 829.864 578.133 937.433 1639.26 1549.56 918.88 819.611 867.928 805.592 827.41
threshold=-0.013442568946629761 1.0000000180025095e-35 3180.4152832031255 4066.545043945313 447.50000000000006 0.90000000596046459 0.050542155280709274 -608842.49999999988 4326.8269042968759 0.90000000596046459 2.5000000000000004 0.11590581014752389 2.615508079528809 132.50000000000003 -7.5007834434509268 -0.7866188883781432 0.43872697651386267 1122.5000000000002 5.8664696216583261 3293.480102539063 0.90000000596046459 0.082292746752500548 0.90000000596046459 20912.500000000004 -104259.99999999999 0.11023845896124841 -0.66986635327339161 8757.5000000000018 5.3673434257507333 -0.72982063889503468
decision_type=2 2 2 2 2 2 2 2 2 2 2 2 2 2 2 2 2 2 2 2 2 2 2 2 2 2 2 2 2 2
left_child=1 3 7 6 -5 -6 19 -3 9 11 12 14 -11 -12 15 -4 -10 -18 -16 -1 -21 -2 24 28 -23 26 -26 -28 -24 -30
right_child=21 2 8 4 5 -7 -8 -9 16 10 13 -13 -14 -15 18 -17 17 -19 -20 20 -22 22 23 -25 25 -27 27 -29 29 -31
leaf_value=-0.012064792730743758 5.0160328361326215e-05 -0.00020564878219033237 0.048445834936669173 -0.0039288374633556795 0.063155616970889034 -0.027912224837125205 0.040733110967748426 -0.049075691611153716 0.0051758997708623907 0.027761201875118914 -0.06563463029055315 0.043428153682792882 -0.0048793236007114178 0.0033510774347218228 -0.032890400868618622 -0.018519754963905937 0.043522564975446751 -0.029807096805082391 0.070081300257787887 0.048718731118314408 -0.02355838005207269 -0.062606329544487416 -0.030017696611434514 0.066415432631427199 -0.015269165980820901 -0.011496591545339387 0.053970693396032103 0.017929363728702158 -0.077391535813546297 0.028142802385094135
leaf_weight=2160.4601091444492 2662769.4215781912 1119.0843886435032 637.42941781878471 11758.758866041899 1127.1691982299089 455.94183526933193 3324.3034120500088 2936.1600945740938 15915.202608808875 3026.3677153587341 868.25476448237896 490.65903507173061 4273.5978115946054 706.13502317667007 8717.1371477246284 1905.1590944677591 548.83641615509987 3025.4581521525979 148.56127098202705 1293.1191987842321 572.1526987105608 543.44162625074387 3396.0876620486379 678.84311467409134 837.71161113679409 1499.4449711441994 3582.3066107034683 3132.7966538518667 214.72094120085239 1334.9504398107529
leaf_count=6773 7764333 3295 1337 34018 2179 1479 7557 10677 46546 7719 3414 1101 12518 2075 28943 6074 1198 10501 275 2792 1885 2044 11543 1345 2636 4611 7184 8608 895 3259
internal_value=2.74281e-05 -0.00319701 -0.00855269 0.00827344 0.000920625 0.0369235 0.0216177 -0.0355941 -0.00582815 -0.0120711 0.000957446 -0.0217877 0.00865382 -0.034708 -0.0245965 -0.001717 0.000826096 -0.0185368 -0.0311566 0.0058255 0.0265451 0.000105706 0.00982244 -0.0063839 0.0193221 0.0242475 0.031345 0.0371623 -0.0163886 0.0134764
internal_weight=2.743e+06 65009.9 44318 20691.9 13341.9 1583.11 7350.04 4055.24 40262.8 20773.3 8874.36 11898.9 7299.97 1574.39 11408.3 2542.59 19489.5 3574.29 8865.7 4025.73 1865.27 2.67799e+06 15220.3 5624.6 9595.7 9052.26 7552.81 6715.1 4945.76 1549.67
internal_count=7998814 192356 135673 56683 37676 3658 19007 13972 121701 63456 25726 37730 20237 5489 36629 7411 58245 11699 29218 11450 4677 7806458 42125 17042 25083 23039 18428 15792 15697 4154
is_linear=0
shrinkage=0.05


Tree=175
num_leaves=31
num_cat=0
split_feature=79 77 77 50 25 25 8 73 46 37 104 79 82 46 12 36 25 90 87 26 104 79 62 90 42 73 49 79 86 87
split_gain=261.668 488.045 1470.12 473.013 723.935 1439.17 921.559 643.109 581.719 574.793 713.391 454.459 451.478 437.76 436.428 454.996 433.195 421.438 575.979 530.03 418.888 414.83 394.362 379.767 520.853 367.498 361.314 337.123 457.513 371.671
threshold=5.5216758251190194 0.84770509600639354 1.2470506429672243 -197.49999999999997 1.6768950819969179 1.494839668273926 -0.0081605836749076826 4.9334533214569101 0.13090057671070102 3.9889371395111088 8.194366931915285 3.0839793682098393 1.8896429878623169e-06 0.31721168756484991 0.023862572386860851 -29.458876609802243 1.4337298870086672 4472.0109863281259 1.0000000180025095e-35 -0.65652129054069508 8.4730353355407733 4.8466784954071054 57.43872261047364 2452.7902832031255 0.99400657415390026 0.89647924900054943 0.74455857276916515 4.5614850521087655 6.0000000000000009 1.0000000180025095e-35
decision_type=2 2 2 2 2 2 2 2 2 2 2 2 2 2 2 2 2 2 2 2 2 2 2 2 2 2 2 2 2 2
left_child=1 27 3 8 5 16 -7 -8 22 17 12 -4 -11 -12 -6 -16 25 19 -19 -10 -17 -13 23 26 -25 -5 -3 29 -29 -1
right_child=-2 2 11 4 14 6 7 -9 9 10 13 21 -14 -15 15 20 -18 18 -20 -21 -22 -23 -24 24 -26 -27 -28 28 -30 -31
leaf_value=-0.0065410070088907733 0.00073732690440896868 0.021448521343542724 -0.00020716270961950386 0.022213768506189894 0.023247253333959005 -0.021764227408219927 0.079058731357114151 0.028980928635342091 0.012043239054676077 -0.0018126083260359548 0.0087211734337779203 -0.0026985931072378345 -0.031165474095002185 0.052308092722676829 -0.075698718579652713 -0.015302185966171873 -0.028108720436827744 -0.018135198634057138 0.014747081506836702 0.031394265062940595 0.033864296241593192 0.015044028143683042 -0.044929905368985036 -0.0091325419482276293 0.0034669565705910048 0.00085040756804993236 -0.014961826001300058 -0.021255245390115876 -0.0025975181169084916 -0.0011049004865186793
leaf_weight=35535.377630472183 886613.62580101192 4658.3484866768122 915221.61322112381 2045.6921767890453 814.524518430233 646.46641193330288 912.63701285421848 2158.9495651051402 8230.2285810410976 6859.0930439382792 17482.737215727568 282341.28982487321 1618.4530215114355 594.79598997533321 296.76987273991108 8877.1316156759858 1272.5159297212958 1899.1814198046923 4450.5985331535339 6211.0750965029001 454.4509746581316 3332.222010910511 426.12419132888317 8747.8997577652335 131318.22276036441 122600.39043628424 797.16347703337669 5293.5396298244596 8662.5346557796001 273011.49874210358
leaf_count=97934 2278579 12865 2733058 5394 2059 2135 1622 5294 21823 19015 47584 1076874 5828 1195 1161 28236 4342 5739 13321 14737 1118 8136 1497 26861 371302 356931 2634 22730 22978 807475
internal_value=3.06597e-05 -0.000306773 6.48761e-05 0.0030024 0.000789955 0.0018102 0.0324644 0.0438827 0.00460572 0.00942158 0.00454634 -0.000750591 -0.00741998 0.0101584 -0.0118738 -0.0148475 0.000904776 0.0156476 0.00491009 0.0203679 -0.0129039 -0.00249157 0.00304334 0.00318416 0.00267995 0.00120124 0.0161255 -0.00207486 -0.00967577 -0.00173101
internal_weight=2.74339e+06 1.85677e+06 1.53427e+06 333373 140080 129637 3718.05 3071.59 193294 47346.2 26555.1 1.2009e+06 8477.55 18077.5 10442.9 9628.35 125919 20791.1 6349.78 14441.3 9331.58 285674 145948 145522 140066 124646 5455.51 322503 13956.1 308547
internal_count=8000457 5721878 4770761 952693 408292 375718 9051 6916 544401 129242 73622 3818068 24843 48779 32574 30515 366667 55620 19060 36560 29354 1085010 415159 413662 398163 362325 15499 951117 45708 905409
is_linear=0
shrinkage=0.05


Tree=176
num_leaves=31
num_cat=0
split_feature=48 62 13 55 25 37 38 37 90 90 97 46 97 25 53 54 38 36 90 49 79 54 54 90 25 87 26 90 22 90
split_gain=260.337 944.029 789.053 1517.37 1236.04 1172.64 1148 1061.68 921.174 1149.11 906.521 887.312 804.795 775.755 692.046 949.886 884.55 840.893 737.846 701.112 671.265 792.273 1115.38 651.695 651.058 867.38 631.286 613.185 612.013 603.133
threshold=0.96298784017562877 49.042064666748054 0.013561540748924019 -3917.4999999999995 0.30101998150348669 16.855576515197757 -2.5467531681060787 23.887249946594242 2594.3249511718755 2609.689575195313 4.6189136505126962 0.057835949584841735 6.3108813314061165e-11 0.60049545764923107 0.87837970256805431 5607.5000000000009 1.0000000180025095e-35 -3.6629291772842403 4866.7253417968759 0.11969653144478799 5.5362021923065194 146522.50000000003 184242.50000000003 3863.2351074218755 0.32638424634933477 1.0000000180025095e-35 -0.79687356948852528 4134.4943847656259 1.5000000000000002 4022.632446289063
decision_type=2 2 2 2 2 2 2 2 2 2 2 2 2 2 2 2 2 2 2 2 2 2 2 2 2 2 2 2 2 2
left_child=-1 2 4 5 12 20 28 14 -6 -10 27 13 -2 -8 15 16 -5 29 -17 -19 21 23 -23 -4 25 -11 -14 -9 -7 -16
right_child=1 -3 3 7 8 6 11 10 9 24 -12 -13 26 -15 17 18 -18 19 -20 -21 -22 22 -24 -25 -26 -27 -28 -29 -30 -31
leaf_value=-0.0001214301703261245 -0.020816378352189541 0.016503950261278762 -0.059223133979862813 -0.011907564390787728 0.022946101130001853 -0.002643228563844113 -0.030129225416976636 0.025429669115855192 -0.061629883284787905 -0.010484934593941972 0.027502241789281064 0.0023968758783292389 -0.052789723949135628 0.0038032357144478705 0.036819200379451987 0.019866084371969069 0.01085897059250495 0.059253748719259536 -0.0057911138609512882 -0.06834018350109726 -0.001532917891745574 0.026540578823551254 -0.010899975208641248 -0.019676626105379683 0.0051168861728672754 0.048388580298122201 0.010122188289683984 -0.023578489175088799 0.030118131492459378 -0.01065766209973493
leaf_weight=2503642.5813095346 6373.3174341320992 10178.716055817902 1157.1460562944412 7136.3164594471455 9820.7268872559071 2009.5295244157314 4480.2232697233558 709.99391715228558 619.92249235510826 914.59715506434441 1260.2260096073151 27057.618838787079 431.41852223873138 2698.0120412260294 717.83871582150459 22780.84690079093 10605.844032198191 806.11483754217625 3194.3388547301292 123.34677496552467 20884.392617151141 2139.1515428870916 28197.372457243502 10416.073719769716 36597.515351906419 1976.0602690577507 5119.2754806131124 6244.1209277287126 4900.6903702914715 9634.4478859901428
leaf_count=7309054 20483 27270 4475 22484 25595 5766 14924 1821 2337 2846 3250 77967 1552 7832 1690 59517 29265 1667 9782 474 54209 5746 91591 34214 103387 4280 14229 20766 12421 29563
internal_value=2.91318e-05 0.00160514 0.000942833 -0.000842488 0.00576757 -0.0045576 0.00200308 0.00526607 0.00922175 0.00586065 -0.0114997 -0.00174913 -0.00869509 -0.0173759 0.00777036 0.0106195 0.0017013 -0.00326982 0.0167106 0.0422604 -0.00885655 -0.0125058 -0.00825894 -0.0236359 0.00692184 0.0297622 0.00522294 -0.0185712 0.0205912 -0.00736184
internal_weight=2.74283e+06 239185 229006 167154 61852.8 103940 41146.1 63213.4 49928.8 40108.1 8214.34 34235.9 11924 7178.24 54999.1 43717.3 17742.2 11281.7 25975.2 929.462 62794.1 41909.7 30336.5 11573.2 39488.2 2890.66 5550.69 6954.11 6910.22 10352.3
internal_count=8000457 691403 664133 489424 174709 309145 118910 180279 138445 112850 25837 100723 36264 22756 154442 121048 51749 33394 69299 2141 190235 136026 97337 38689 110513 7126 15781 22587 18187 31253
is_linear=0
shrinkage=0.05


Tree=177
num_leaves=31
num_cat=0
split_feature=90 48 61 55 42 85 30 50 78 38 85 63 48 94 25 48 31 31 65 44 85 55 55 48 44 37 55 25 26 12
split_gain=260.013 1154.86 638.512 634.067 669.722 1717.7 2015.61 1210.27 1622.91 769.352 857.711 1349.71 1381.21 1000.35 784.639 648.465 544.776 475.794 532.806 404.629 402.317 398.824 1231.39 1172.51 872.708 1053.85 1774.61 1172.68 838.589 915.542
threshold=2397.977661132813 -0.91959547996520985 -0.13300985842943189 -737592.49999999988 1.0013175606727602 0.90000000596046459 0.65749999880790722 -427.49999999999994 1.5606444478034975 -14.709507942199705 0.90000000596046459 -0.34301121532917017 -0.16288578510284421 2389.569946289063 0.48451241850852972 0.96863394975662243 431.83813476562506 1294.6157836914065 0.10839928686618806 1.0007008314132693 0.90000000596046459 -708497.49999999988 -726327.49999999988 -1.0000000180025095e-35 0.99634447693824779 5.5795168876647958 -717222.49999999988 0.359796091914177 -0.99190732836723317 0.034982720389962203
decision_type=2 2 2 2 2 2 2 2 2 2 2 2 2 2 2 2 2 2 2 2 2 2 2 2 2 2 2 2 2 2
left_child=1 2 -1 4 9 6 17 -7 -9 -3 13 12 -12 15 -13 -11 -15 18 -6 -8 -4 22 23 28 -24 -26 -27 -28 -2 -30
right_child=21 3 20 -5 5 7 19 8 -10 10 11 14 -14 16 -16 -17 -18 -19 -20 -21 -22 -23 24 -25 25 26 27 -29 29 -31
leaf_value=0.036338393680304351 0.021259586792786545 0.023866892215738095 -0.049878672508785811 -0.052536960736115537 0.060636111444541479 0.034664025368221045 0.0825222436770707 0.02689027486099841 -0.06824294323810462 -0.036953878650865718 -0.03355327423135384 0.014260792685995916 0.075439211649794877 0.029823515395630669 -0.026847271595446549 0.028555409701695834 -0.013772520294096932 0.0027309122906602045 0.025789798190284076 -0.072146157263228913 -0.016067500730372983 -5.0865253189240022e-05 -0.023262213949739811 -0.0078736677310906715 0.022342449206276167 0.014168497313581606 0.01574799130447135 -0.022121749725949519 0.0043776298849112962 -0.023500758213894635
leaf_weight=333.75572276115417 6472.0166699364781 1971.7740260139108 2120.4446850344539 577.35356526076794 2258.6093866974115 746.37095234543085 44.977562606334686 643.25498053431511 1474.2958622872829 5157.8892809078097 395.76421198993921 2110.5537699386477 1088.0622112229466 1196.4686936885118 2576.9886571019888 406.80497990548611 1783.2873157709837 845.25789076089859 2138.2990442067385 545.90539974719286 1506.4302379861474 2594118.597018145 1964.8922469764948 34184.537113055587 13615.9966076985 20166.44436814636 2841.4024372845888 7279.3362826108932 28872.186376132071 3278.4604787379503
leaf_count=1001 17118 5182 8465 2195 4574 2210 83 1453 6661 19294 1420 6469 2252 2941 9833 1213 5643 2380 5620 2364 5702 7556700 6273 107738 34532 54421 7374 23813 84654 10879
internal_value=2.7671e-05 -0.00460764 -0.0297532 -0.000770364 0.000408856 0.0116581 0.0272271 -0.0200485 -0.0393426 -0.00545388 -0.00938427 0.00481836 0.0463625 -0.0196423 -0.00833831 -0.0321597 0.00373516 0.0370973 0.0437005 -0.0602449 -0.0358448 7.88027e-05 0.00291323 -0.00112928 0.00932996 0.0107892 0.00559462 -0.0114888 0.00484004 0.00153402
internal_weight=2.74272e+06 29922.5 3960.63 25961.9 25384.6 8696.97 5833.05 2863.92 2117.55 16687.6 14715.8 6171.37 1483.83 8544.45 4687.54 5564.69 2979.76 5242.17 4396.91 590.883 3626.87 2.71279e+06 118675 72807.2 45868.1 43903.2 30287.2 10120.7 38622.7 32150.6
internal_count=8000457 96955 15168 81787 79592 25345 15021 10324 8114 54247 49065 19974 3672 29091 16302 20507 8584 12574 10194 2447 14167 7903502 346802 220389 126413 120140 85608 31187 112651 95533
is_linear=0
shrinkage=0.05


Tree=178
num_leaves=31
num_cat=0
split_feature=31 36 42 27 54 7 50 22 36 49 37 47 13 22 43 13 87 54 54 77 53 29 42 35 13 48 53 39 48 39
split_gain=247.464 738.904 640.672 848.464 1279.16 755.049 1252.18 724.687 1353.87 789.458 811.389 841.107 772.291 716.497 1235.29 861.06 920.514 1892.33 880.14 1070.03 786.045 719.004 707.038 767.206 692.923 683.443 666.277 654.807 645.828 597.493
threshold=376.03404235839849 -4.4484536647796622 0.99108222126960765 -0.64117014408111561 1832.5000000000002 -0.0062415823340415946 -67.499999999999986 3.5000000000000004 -27.922172546386715 0.96298784017562877 4.9992439746856698 0.3097242414951325 0.041771318763494499 3.5000000000000004 0.99002867937088024 0.030263602733612064 1.0000000180025095e-35 8437.5000000000018 9467.5000000000018 1.5606444478034975 0.6078576147556306 0.56250000000000011 1.0001574754714968 1.1920383572578432 0.033470503985881812 -0.52803644537925709 0.87837970256805431 2.992498636245728 0.88186877965927135 -0.35355941951274866
decision_type=2 2 2 2 2 2 2 2 2 2 2 2 2 2 2 2 2 2 2 2 2 2 2 2 2 2 2 2 2 2
left_child=1 -1 3 4 -2 6 22 12 24 10 11 -10 -7 15 -15 -5 17 -17 19 -18 -19 -20 23 -4 -9 -25 29 -12 -28 -8
right_child=2 -3 5 13 -6 7 26 8 9 -11 27 -13 -14 14 -16 16 18 20 21 -21 -22 -23 -24 25 -26 -27 28 -29 -30 -31
leaf_value=0.0014041836352875886 0.051863597113278731 -0.0011127148619465722 0.00079307720768537595 0.0076358794843243141 -0.014717296058610586 0.00033693275606440408 0.022280448078036093 0.0099536542885609158 -0.013697641605172815 -0.015019251018143755 0.00013918209122591306 0.016639530459856132 -0.010455852952698391 0.039247425771608058 0.00087837014780690306 0.028832324472819238 -0.010413038215208281 -0.029493620436776981 -0.00070732975824324047 -0.05766606897107901 0.0012498516723922681 -0.026224106996499848 0.023916864592979911 -0.029907740660013945 0.071250142576601935 0.012004841127627584 0.021648279466216426 -0.0054620027243610612 -0.025502609113291344 0.0060676908411485559
leaf_weight=840805.09272966534 743.45555774867535 446435.67827028781 46196.950036495924 10688.341545641422 23281.103184394538 997504.76111906022 14855.436097882688 14554.308597110212 25238.699638664722 14148.229085765779 143904.43579337746 2511.185491964221 16854.066479936242 2682.1587216109037 9615.7622879594564 4181.3652007356286 2338.0723694041371 3717.0174727588892 8118.2895533815026 2457.9097651019692 4715.9111671745777 4182.6408829241991 2948.5105704143643 3902.9067923873663 475.21203637123108 1294.5693707689643 1138.3569375276566 81858.416912257671 2001.8482966274023 9206.1991498470306
leaf_count=2424074 1514 1300995 134014 31457 73706 2915467 38988 40399 78402 45904 420381 6779 52874 6091 27945 10735 7579 12631 23615 9593 13683 13619 7718 13021 880 3583 3031 249217 6495 26067
internal_value=2.62708e-05 0.000531279 -0.00042041 -0.00486739 -0.0126546 -0.000172918 0.00449385 -0.000466323 -0.00270508 -0.00352505 -0.00288349 -0.0109516 0.00015759 -0.00131695 0.00924952 -0.00453373 -0.00891192 0.00133369 -0.0164712 -0.0346379 -0.0123024 -0.00938554 0.000110089 -0.00125605 0.0118967 -0.019467 0.0132511 -0.00189172 -0.00840688 0.016078
internal_weight=2.74256e+06 1.28724e+06 1.45532e+06 76722 24024.6 1.37859e+06 81544.8 1.29705e+06 282690 267661 253513 27749.9 1.01436e+06 52697.5 12297.9 40399.5 29711.2 12614.3 17096.9 4795.98 8432.93 12300.9 54342.9 51394.4 15029.5 5197.48 27201.8 225763 3140.21 24061.6
internal_count=8000457 3725069 4275388 232168 75220 4043220 232917 3810303 841962 800683 754779 85181 2968341 156948 34036 122912 91455 37049 54406 17172 26314 37234 158336 150618 41279 16604 74581 669598 9526 65055
is_linear=0
shrinkage=0.05


Tree=179
num_leaves=31
num_cat=0
split_feature=86 73 55 90 55 39 55 53 43 100 24 49 50 50 42 55 53 55 36 50 38 55 90 42 53 36 90 49 55 94
split_gain=253.109 515.92 1368.32 3131.19 904.122 1287.13 1400.14 936.702 908.749 852.925 813.164 1136.01 769.54 745.531 669.594 613.328 754.46 725.609 741.023 522.985 622.798 609.007 574.773 522.005 519.486 500.532 473.253 677.072 516.246 438.059
threshold=6.0000000000000009 1.4820768833160403 -423234.99999999994 3024.5693359375005 -617742.49999999988 -5.6111323833465567 -647094.99999999988 0.87837970256805431 1.002022445201874 175343.52343750003 52.472625732421882 -0.6343555450439452 -407.49999999999994 -52.499999999999993 1.003706753253937 -223007.49999999997 -1.0000000180025095e-35 -275262.49999999994 -7.2392122745513907 117.50000000000001 -1.6517568230628965 -676767.49999999988 2637.4643554687505 0.99234041571617138 1.0000000180025095e-35 -31.434214591979977 2628.2897949218755 -0.91959547996520985 -606122.49999999988 2613.8444824218755
decision_type=2 2 2 2 2 2 2 2 2 2 2 2 2 2 2 2 2 2 2 2 2 2 2 2 2 2 2 2 2 2
left_child=1 2 4 -4 5 19 8 12 24 15 11 -11 -8 23 -12 17 -17 18 -5 20 22 -22 -1 -6 -7 -13 27 -25 -28 -15
right_child=-2 -3 3 9 13 6 7 -9 -10 10 14 25 -14 29 -16 16 -18 -19 -20 -21 21 -23 -24 26 -26 -27 28 -29 -30 -31
leaf_value=0.051954413025814321 0.00028382927820776096 -0.00036591129782917431 0.063179851679580165 0.025504558505052427 0.057908175457672274 -0.028633675798414554 0.058370646777109417 -0.036320085477795729 -0.049165593370237876 -0.072025634655192058 -0.017443849730088865 -0.025272317060219124 0.0065138414311631662 -0.063156911597896187 0.029601023651407134 -0.042002350644865113 0.028370930609312124 -0.045776845114364965 -0.031819797546967357 0.029733267565448425 -0.036299374842181237 0.0084269513390649014 -0.050166063986246283 0.026983282518002041 -0.0057561514270786061 0.044497954167315439 -0.044811000031897252 -0.052698289104259111 -0.0032927567192502782 -0.022934224825805601
leaf_weight=910.08753655850887 2125210.8020043299 551184.25283775479 2199.4963561296463 1054.2671292424202 292.12490232288837 3374.5724149048328 1341.0589590668678 635.37051975727081 1866.3244561553001 254.40450428426266 2814.6895527392626 283.38331857323647 1533.3222895860672 724.39331814646721 1033.1332959681749 523.69270858168602 1388.2723487615585 2130.1578576266766 1209.3537796139717 3283.8205191865563 1171.2578852772713 2168.8181015253067 161.46779012680054 339.94526474177837 9373.392329365015 2697.9012738466263 802.41552850604057 1224.5819170773029 11008.838661953807 10253.962165564299
leaf_count=2176 6101132 1685925 4546 2837 720 12659 3118 2338 7827 994 9590 1003 4651 2957 2895 1915 3799 8021 4162 8700 4240 6388 604 913 31269 6949 2939 4727 34819 35644
internal_value=2.49586e-05 -0.000866348 -0.00504204 0.0079055 -0.00904168 -0.00250265 -0.00977711 0.0185767 -0.0165877 -0.00117827 0.0107273 0.0291974 0.0307216 -0.0158914 -0.00480668 -0.0145527 0.00908099 -0.0248378 -0.00511966 0.0146283 0.00337947 -0.00726182 0.0365293 -0.00809622 -0.0118143 0.0378581 -0.00954234 -0.0353755 -0.00611734 -0.0255942
internal_weight=2.74245e+06 617239 66054.5 15588.8 50465.8 25819.5 18124 3509.75 14614.3 13389.3 7083.51 3235.69 2874.38 24646.3 3847.82 6305.74 1911.97 4393.78 2263.62 7695.45 4411.63 3340.08 1071.56 13667.9 12748 2981.28 13375.8 1564.53 11811.3 10978.4
internal_count=8000457 1899325 213400 46711 166689 83970 61862 10107 51755 42165 21431 8946 7769 82719 12485 20734 5714 15020 6999 22108 13408 10628 2780 44118 43928 7952 43398 5640 37758 38601
is_linear=0
shrinkage=0.05


Tree=180
num_leaves=31
num_cat=0
split_feature=55 8 64 55 55 54 55 25 25 90 49 54 104 48 104 62 6 54 90 62 49 48 54 12 50 9 31 90 54 54
split_gain=275.118 878.275 461.422 362.15 1099.28 1481.45 1474.25 2643.36 1169.06 1248.15 1275.48 1138.58 1052.9 1656.79 1042.41 1548.19 1488.88 1298.74 1374.2 1502.11 1410.29 961.747 1456.97 858.237 891.344 843.593 832.527 816.025 811.904 1399.13
threshold=32112.500000000004 -0.00066854621400125314 -115.40572357177733 14322.500000000002 9427.5000000000018 24187.500000000004 7207.5000000000009 2.0182205438613896 0.66891443729400646 4196.3198242187509 0.63435554504394542 4807.5000000000009 8.3890428543090838 -0.2693240344524383 8.3890428543090838 30.786308288574222 0.003854402457363904 292.50000000000006 4044.744995117188 22.344754219055179 -0.58244305849075306 -0.84915164113044728 8132.5000000000009 0.031588872894644744 -682.49999999999989 0.23418971151113513 112.58770751953126 4107.3364257812509 1152.5000000000002 142.50000000000003
decision_type=2 2 2 2 2 2 2 2 2 2 2 2 2 2 2 2 2 2 2 2 2 2 2 2 2 2 2 2 2 2
left_child=3 -2 -3 4 6 14 28 8 11 -10 -11 27 21 -14 17 16 -16 26 19 -19 -20 22 -9 -17 -25 -7 -6 -8 29 -1
right_child=1 2 -4 -5 5 25 7 12 9 10 -12 -13 13 -15 15 23 -18 18 20 -21 -22 -23 -24 24 -26 -27 -28 -29 -30 -31
leaf_value=-0.04086223843916717 0.021383689659790185 0.027087633879566583 -0.012973134395702241 -0.0021278952762947899 0.033685211021281275 0.041960840046961004 0.045131498591462677 -2.0050243741146979e-05 -0.028536062101509465 -0.0065143573054996439 -0.030474821495082911 -0.014433058141779987 0.021346937965309384 -0.022981167205014041 -0.020433757617370207 0.022418339902603938 0.0093728722798436057 0.0036953684529437768 0.017305964522277017 -0.030268006239708295 0.0041979918292751189 0.0035816518654569469 -0.039554496971728047 0.031185505067579423 -0.01241132186209834 -0.0032505021747081062 -0.045213113258884718 0.0051006205047196438 7.2612546108646045e-05 0.016841588825070839
leaf_weight=1142.7291526347399 5775.2576263397932 852.40403389185667 4555.1366159766912 191632.37958353013 405.09127578139305 3954.5800506025553 1643.2276793718338 6175.0117866396904 14057.763202562928 29666.276720046997 6833.2031215727329 6688.8974226862192 12689.45198610425 2526.791761264205 15691.912151634693 6405.9188776314259 5714.5809799060225 9929.5211120992899 32539.57113930583 4842.2791564762592 55555.986263662577 23878.046080753207 3742.3159678727388 1494.9473924785852 5419.4259713590145 1395.3901478946209 1895.0596877336502 5642.9351052567363 2266509.861297965 12885.467880964279
leaf_count=3908 14743 2234 14445 588442 1010 8781 3787 17964 46665 89965 24070 21235 32352 8886 50844 16612 16473 28315 84285 15831 157457 67390 12683 3738 17043 3907 6952 16933 6590262 33666
internal_value=1.00445e-07 0.00782623 -0.00665349 -3.19472e-05 0.000126224 0.00434984 -0.000130014 -0.00569061 -0.0123391 -0.0158773 -0.0110009 0.00046067 0.00306326 0.0139845 0.00336218 -0.00414867 -0.0124764 0.00584236 0.00667338 -0.00743897 0.00903984 -0.00185412 -0.0149414 0.00923407 -0.00298144 0.0301694 -0.0313072 0.0141343 0.000146838 0.0121381
internal_weight=2.74214e+06 11182.8 5407.54 2.73096e+06 2.53933e+06 145244 2.39408e+06 113544 64532.3 50557.2 36499.5 13975.1 49011.6 15216.2 139894 34726.8 21406.5 105168 102867 14771.8 88095.6 33795.4 9917.33 13320.3 6914.37 5349.97 2300.15 7286.16 2.28054e+06 14028.2
internal_count=8000878 31422 16679 7969456 7381014 411248 6969766 341930 202655 160700 114035 41955 139275 41238 398560 104710 67317 293850 285888 44146 241742 98037 30647 37393 20781 12688 7962 20720 6627836 37574
is_linear=0
shrinkage=0.05


Tree=181
num_leaves=31
num_cat=0
split_feature=31 63 46 12 7 31 42 37 29 85 48 25 13 51 38 25 9 25 26 26 46 53 25 38 13 46 35 55 55 90
split_gain=265.391 334.557 299.23 783.63 795.081 719.309 633.415 635.495 618.379 748.024 588.79 836.406 587.345 756.497 1006.83 814.445 798.996 756.218 966.396 754.321 763.603 694.852 878.456 794.121 677.474 658.748 779.144 696.328 980.284 1722.35
threshold=4547.0129394531259 0.52281674742698681 0.06090796738862992 0.012764794286340477 0.0045101863797754058 999.19808959960949 0.99533188343048107 -8.636741638183592 0.15375000238418582 0.90000000596046459 0.8491516411304475 0.2356209680438042 0.019355978816747669 -62.499999999999993 12.070437908172609 0.2356209680438042 0.15319576114416125 1.0238543152809145 0.43242672085762029 -0.06998353078961371 0.10482046380639078 0.6078576147556306 0.52920734882354747 -4.5697777271270743 0.012794164009392263 0.094497542828321471 20.934859275817875 -579462.49999999988 -737592.49999999988 2424.079956054688
decision_type=2 2 2 2 2 2 2 2 2 2 2 2 2 2 2 2 2 2 2 2 2 2 2 2 2 2 2 2 2 2
left_child=2 -2 3 4 6 -5 -1 8 9 -8 -9 -12 13 19 15 16 -15 24 -19 20 21 22 -4 -23 -17 27 -27 28 29 -14
right_child=1 -3 12 5 -6 -7 7 10 -10 -11 11 -13 25 14 -16 17 -18 18 -20 -21 -22 23 -24 -25 -26 26 -28 -29 -30 -31
leaf_value=-0.015194035898159697 0.0095153940703745169 -0.044026263330052905 0.043814774404054686 -0.0013786822428040141 -0.012217657230224652 -0.0070610384544363778 0.034553260996444547 -0.00039348384806762944 -0.0086024930085095829 -0.00077310962657530869 -0.012570347624020343 0.005311140434603792 0.00018084197833696233 0.024685173061315874 -0.013568026731519382 0.02352189472463153 -0.021020164057735005 0.016267150610972291 -0.0030808961574125032 0.0078133724628576384 -0.048148280609469268 0.0090695607260878955 0.0040521008773559079 -0.012870531237402347 -0.00037863767278665335 0.00037324092788436672 0.014211181288560243 -0.0025218568798169401 0.0059436846967949944 -0.037337424401888773
leaf_weight=6092.9957580119371 10105.238716192544 299.42747212946415 1496.0753217637539 191467.54249794036 12071.409159943461 78538.349007107317 4237.3402342796326 289527.95086286217 2193.0929437726736 2317.5922133028507 7032.6719296351075 93077.434508435428 16175.683030582964 6182.9792468398809 12108.01450304687 2998.5005338862538 1130.1920951753855 16450.626360453665 10618.98436164856 85972.691921748221 820.34418645501137 5917.2169832587242 19257.868479065597 13604.672791942954 257401.59618723392 1112676.4910173714 10265.07358893007 410443.40283293277 57713.642957083881 3771.295508980751
leaf_count=19755 28761 1119 3341 565561 38133 241637 10032 850360 6834 6879 21826 263663 50502 16234 37495 7734 3735 43568 31109 238650 2874 16292 54567 41112 748324 3232144 27751 1213991 163314 13581
internal_value=9.81952e-08 0.00797 -3.02607e-05 -0.000933446 0.000426548 -0.00303158 0.000803948 0.00104867 0.0143755 0.0220641 0.000749417 0.00405481 0.000272958 0.00190563 0.000562292 0.00114275 0.0176192 0.000723512 0.0086772 0.00514992 -0.000421927 0.000551217 0.00692066 -0.00621996 -0.000103315 -0.000166824 0.000499754 -0.00170038 0.00264114 -0.00691385
internal_weight=2.74197e+06 10404.7 2.73156e+06 686556 416550 270006 404479 398386 8748.03 6554.93 389638 100110 2.04501e+06 433960 306891 294783 7313.17 287470 27069.6 127069 41096.2 40275.8 20753.9 19521.9 260400 1.61105e+06 1.12294e+06 488104 77660.6 19947
internal_count=8000878 29880 7970998 2024680 1217482 807198 1179349 1159594 23745 16911 1135849 285489 5946318 1245035 888199 850704 19969 830735 74677 356836 118186 115312 57908 57404 756058 4701283 3259895 1441388 227397 64083
is_linear=0
shrinkage=0.05


Tree=182
num_leaves=31
num_cat=0
split_feature=33 62 53 36 11 42 35 35 97 90 55 25 85 48 97 85 97 6 54 13 9 38 22 36 37 25 37 26 21 54
split_gain=263.184 258.078 484.613 511.186 470.134 458.521 528.377 562.052 368.303 379.675 362.587 453.219 444.826 316.761 313.556 309.159 687.591 680.751 655.092 389.483 520.091 363.931 281.293 1141.43 1602.09 1570.02 1296.3 1193.52 1386.01 1328.29
threshold=0.30000000447034841 10.086773395538332 0.87837970256805431 0.90253022313117992 0.0054404286202043304 1.0011910200119021 1.8225539922714236 7.9262943267822275 2.6808804273605351 4936.5246582031259 14907.500000000002 1.4186038970947268 0.90000000596046459 0.37256073951721197 1.1402563452720644 0.90000000596046459 3.8732798099517827 0.0065899891778826722 506307.50000000006 0.013102276250720026 0.037738963961601264 13.637613296508791 1.5000000000000002 -1.7129203081130979 -2.3415509462356563 0.92491778731346141 -7.0173587799072257 1.0454947352409365 13.500000000000002 4572.5000000000009
decision_type=2 2 2 2 2 2 2 2 2 2 2 2 2 2 2 2 2 2 2 2 2 2 2 2 2 2 2 2 2 2
left_child=1 2 3 5 -5 6 10 -8 9 14 11 -1 -12 -10 -7 16 17 -4 -18 -17 -21 -22 23 24 26 27 -3 29 -29 -26
right_child=-2 22 15 4 -6 8 7 -9 13 -11 12 -13 -14 -15 -16 19 18 -19 -20 20 21 -23 -24 -25 25 -27 -28 28 -30 -31
leaf_value=0.0043068888807901093 -0.017427883107699403 0.0019291482325431233 -0.038804073281028334 0.023996761738950521 -0.015813885057336594 0.012518820155541822 -0.03537185295957769 0.016961215728344414 0.015199000858410947 -0.03118832165957628 0.060007530335333154 -0.018406165105550092 -0.022972758946989358 0.060067221919425998 -0.019410544616173114 -0.041122459642598828 0.044930490736873469 0.053497193033557627 -0.034408570215105863 0.10223890117686846 0.0061299878182459935 -0.051082924652883194 -0.00026031621816286442 -0.0018169498216822893 -0.020151850232133752 0.0067471119252552007 -0.0090891247352540717 -0.0050734559405479938 -0.040505162568053539 0.0027217581647030979
leaf_weight=9400.6081472933292 2163.5195509642363 56082.926623903215 3437.5986938029528 820.35593914985657 7636.684505328536 7201.9966405183077 2137.5057863220572 674.17980815470219 1074.0990034714341 629.12442971765995 526.1938338726759 2864.7879094406962 232.08517874777317 620.96580602228642 859.78803428262472 568.19322882592678 627.81633080542088 211.1866712719202 442.8148018270731 128.09618993103504 2407.5432522520423 313.21197962015867 1884284.2139848769 268232.84481877834 6551.2493264079094 201756.98627601564 50938.937294214964 23384.525344446301 3128.6222103983164 202509.40138554573
leaf_count=26538 7096 165612 12278 2123 24745 19784 7488 1832 2888 2236 1093 9365 747 1283 2764 2116 1476 443 1510 244 7257 1217 5518729 788512 21432 558876 157846 70151 11052 572145
internal_value=9.94232e-08 1.38704e-05 -0.00383756 -0.00126057 -0.0119492 0.00218691 -0.00316749 -0.0228202 0.0103507 0.00618991 0.00107638 -0.000998784 0.0346065 0.0316646 0.00911095 -0.0148188 -0.0231109 -0.0334472 0.0121096 -0.00336142 0.00417991 -0.000470845 7.50181e-05 0.000852622 0.00216808 0.00350994 -0.00331518 0.000737422 -0.00925605 0.00200486
internal_weight=2.74185e+06 2.73968e+06 42814.8 34678.4 8457.04 26221.3 15835.4 2811.69 10386 8690.91 13023.7 12265.4 758.279 1695.06 8061.78 8136.46 4719.42 3648.79 1070.63 3417.04 2848.85 2720.76 2.69687e+06 812585 544353 437331 107022 235574 26513.1 209061
internal_count=8000878 7993782 129427 102886 26868 76018 47063 9320 28955 24784 37743 35903 1840 4171 22548 26541 15707 12721 2986 10834 8718 8474 7864355 2345626 1557114 1233656 323458 674780 81203 593577
is_linear=0
shrinkage=0.05


Tree=183
num_leaves=31
num_cat=0
split_feature=47 6 37 28 36 6 38 90 13 104 53 63 95 7 90 27 104 97 85 41 63 42 5 90 8 86 37 90 87 39
split_gain=255.45 335.449 648.626 352.142 466.533 312.873 282.139 277.121 368.452 358.216 329.984 341.597 309.53 299.525 298.173 271.947 459.862 525.727 727.431 789.909 446.206 467.545 658.968 487.144 420.467 399.364 444.983 360.823 347.643 828.816
threshold=0.41439855098724371 0.0024554431438446049 -0.23779598623514173 0.22500000149011615 -6.6919322013854972 -0.0006169319967739283 -2.7171652317047115 3334.0485839843755 0.0475531853735447 7.8183417320251474 0.6078576147556306 0.1169274039566517 10.739734649658205 -0.010573663748800753 2984.3454589843755 1.418131470680237 8.3529767990112322 -4.6668086051940909 0.90000000596046459 1.0107549428939822 0.5806201994419099 1.0018370151519778 0.002691911300644279 2658.463012695313 -0.0022244256688281889 6.0000000000000009 13.189591407775881 5073.6799316406259 1.0000000180025095e-35 9.531280994415285
decision_type=2 2 2 2 2 2 2 2 2 2 2 2 2 2 2 2 2 2 2 2 2 2 2 2 2 2 2 2 2 2
left_child=15 3 -3 4 7 -5 -6 9 10 12 13 -12 -2 -9 -11 20 17 18 19 25 -1 -22 23 -23 -20 -17 -27 -18 -25 -30
right_child=1 2 -4 5 6 -7 -8 8 -10 14 11 -13 -14 -15 -16 16 27 -19 24 -21 21 22 -24 28 -26 26 -28 -29 29 -31
leaf_value=0.00010674316111166302 -0.053973459092247794 0.025343259004852736 -0.0015589782461671263 -0.04311590462319434 0.030301706076287533 -0.010844856192366617 0.0033426319726634944 0.022770743800250483 -0.021240338973870385 -0.063494653149955796 -0.0057770107144386592 0.031023675311907029 -0.00023299291207790987 -0.016891615449958045 -0.020477065114129247 0.012719215382044527 0.026731619808094242 -0.00018785714226612115 0.072199175515291425 0.075179947297447355 0.0090669077259392158 -0.034275430701823685 -0.0018914969026199051 -4.9768422507619252e-05 -0.047203188839519246 0.0050519461877570962 -0.10464214963256241 -0.031947691930945758 -0.027134862492190007 0.024488514198100469
leaf_weight=2615953.1141256988 290.72538824379444 2418.1266953200102 30353.00730997324 795.26688386499882 1414.3141864687204 13318.017877452075 3090.4674862623215 637.11008211970329 1572.7985861822963 508.28262692689896 967.2740915119648 1808.0006161481142 3288.9680547639728 1872.5949278324842 1940.4898741692305 316.85181197524071 3268.1250346004963 17557.898090466857 788.37745749950409 244.12456221878529 4930.306027635932 2912.3875370845199 20716.949871994555 4186.6053800210357 80.592440888285637 149.34265936911106 240.95899230241776 283.89138863235712 4897.2678656429052 923.29924830794334
leaf_count=7627825 1065 6269 89758 2794 3504 40868 8876 1663 5203 1901 2921 4439 9771 5875 6120 931 8408 51425 1604 456 13938 10086 61255 12702 301 394 1002 1076 16065 2383
internal_value=8.59713e-08 -0.00311482 0.000426653 -0.00679876 -0.00203612 -0.0126666 0.0118126 -0.00687831 -2.58083e-06 -0.0146978 0.00631961 0.0181982 -0.00461278 -0.00681594 -0.0294304 7.48661e-05 0.00549652 0.0024642 0.0280344 -0.00217721 2.80291e-05 -0.00531081 -0.0074186 -0.0162803 0.061078 -0.0289581 -0.062751 0.0220327 -0.0110397 -0.0189423
internal_weight=2.74173e+06 64275.4 32771.1 31504.3 17391 14113.3 4504.78 12886.2 6857.78 6028.47 5284.98 2775.27 3579.69 2509.71 2448.77 2.67745e+06 22930.2 19378.1 1820.25 951.278 2.65452e+06 38566.8 33636.5 12919.6 868.97 707.153 390.302 3552.02 10007.2 5820.57
internal_count=8000878 191027 96027 95000 51338 43662 12380 38958 20101 18857 14898 7360 10836 7538 8021 7809851 65597 56113 4688 2783 7744254 116429 102491 41236 1905 2327 1396 9484 31150 18448
is_linear=0
shrinkage=0.05


Tree=184
num_leaves=31
num_cat=0
split_feature=37 54 60 39 13 85 54 86 73 30 12 53 36 39 48 22 87 46 39 46 12 31 22 65 87 54 54 86 26 86
split_gain=251.735 569.974 476.991 407.044 540.771 469.693 916.654 731.924 537.619 485.253 410.817 409.596 402.028 1325.25 1034.78 895.324 803.053 2369.49 1696.86 1099.42 1234.29 724.945 721.617 786.357 718.091 2897.53 2696.07 2384.24 1572.1 1401.54
threshold=-16.694643020629879 659562.50000000012 0.086154218763113036 2.114856600761414 0.016423074528574947 0.90000000596046459 577962.50000000012 6.0000000000000009 1.7380505800247195 0.417499989271164 0.010450769215822222 1.0000000180025095e-35 -28.666570663452145 9.2932434082031268 -0.50938662886619557 3.5000000000000004 1.0000000180025095e-35 0.11605566367506982 -10.779392242431639 0.031256044283509261 0.027452650479972366 331.08531188964849 1.5000000000000002 0.071468114852905287 1.0000000180025095e-35 12482.500000000002 12482.500000000002 6.0000000000000009 -0.51516908407211293 6.0000000000000009
decision_type=2 2 2 2 2 2 2 2 2 2 2 2 2 2 2 2 2 2 2 2 2 2 2 2 2 2 2 2 2 2
left_child=1 3 -3 10 -5 6 11 8 -8 -9 -1 -6 13 14 24 22 19 18 -18 -17 -21 -15 23 -16 26 27 -2 -26 -27 -30
right_child=12 2 -4 4 5 -7 7 9 -10 -11 -12 -13 -14 21 15 16 17 -19 -20 20 -22 -23 -24 -25 25 28 -28 -29 29 -31
leaf_value=0.016615477392300185 0.047736649256114913 0.00095892922423678373 0.047054348562707467 -0.033499250597448335 0.038183065679830021 0.022538778113431232 0.060092090942240967 -0.07873449783166088 -0.02669500088053688 0.018753347045913776 -0.017051938347293568 -0.016685468208267221 -7.8067723720599708e-05 -0.042872063503070656 0.019281170817141868 0.062889034414792086 -0.031894897957877845 -0.065043698828563881 0.037602792806038635 -0.025786739164211543 0.041518663148070345 -0.0077917117403409654 -0.0081248837576563329 -0.0039003066349261768 0.017723534865578146 0.0068447132463196579 -0.0079544828458839433 -0.079606121557534049 0.010440761179322633 0.046780194134249477
leaf_weight=989.65240457653999 2678.8823021948338 1600.8307909071445 863.41817764937878 965.94840800762177 1105.9656533002853 2636.8003076314926 274.84087827801704 749.41453970223665 504.35844044387341 153.30433812737465 10620.277694523335 490.16860054433346 2618351.5601628795 1771.1437313333154 6212.1591031849384 538.82047490775585 1004.4834208339453 733.40074886381626 6950.1332224011421 3516.2406303584576 843.78717989474535 8724.1971780508757 25825.142318189144 8895.2637348920107 1190.006943359971 8699.1279370933771 11492.931569129229 1333.3286148607731 3964.9817042648792 8026.2400429546833
leaf_count=2681 6112 4567 1864 3446 2531 7201 656 3356 1861 411 34933 1664 7640275 6551 16067 1113 3320 2709 15861 12024 2018 27253 79902 25980 3573 24140 35594 5353 11149 16713
internal_value=7.7619e-08 -0.00545903 0.0171243 -0.00846973 0.00116586 0.00683254 -0.00580275 -0.031552 0.00394811 -0.0621706 -0.0141804 0.0213301 4.2127e-05 0.0031155 0.00503777 0.000644228 0.0117652 0.0208924 0.0288233 -0.00442155 -0.0127536 -0.0137157 -0.00304727 0.00563221 0.0114446 0.0168588 0.00257502 -0.0337146 0.0230282 0.0347666
internal_weight=2.74171e+06 20955 2464.25 18490.7 6880.8 5914.85 3278.05 1681.92 779.199 902.719 11609.9 1596.13 2.72075e+06 102400 91904.9 54519.4 13586.9 8688.02 7954.62 4898.85 4360.03 10495.3 40932.6 15107.4 37385.5 23213.7 14171.8 2523.34 20690.3 11991.2
internal_count=8000878 65171 6431 58740 21126 17680 10479 6284 2517 3767 37614 4195 7935707 295432 261628 158994 37045 21890 19181 15155 14042 33804 121949 42047 102634 60928 41706 8926 52002 27862
is_linear=0
shrinkage=0.05


Tree=185
num_leaves=31
num_cat=0
split_feature=64 14 94 48 46 20 54 31 13 85 37 37 38 62 20 30 21 8 38 85 39 22 30 54 42 48 94 51 42 25
split_gain=255.174 376.735 508.753 513.895 638.776 382.732 358.918 316.617 372.53 659.133 307.03 547.216 488.555 403.292 374.353 368.358 314.9 306.531 724.025 679.108 1522.51 1127.11 1037.8 800.966 1438.02 1098.18 1031.56 606.18 690.432 624.024
threshold=168.83372497558597 76.202754974365249 4320.6662597656259 0.9279436767101289 0.15490964055061343 9.5000000000000018 2142.5000000000005 473.34364318847662 0.010618792846798899 0.90000000596046459 13.888517856597902 18.946294784545902 -11.810427665710447 19.317391395568851 7.5000000000000009 0.52749997377395641 2.5000000000000004 -0.0035647037439048286 18.774312019348148 0.90000000596046459 -1.7224928736686704 2.5000000000000004 0.082499999552965178 3277.5000000000005 1.0141565799713137 -0.69930991530418385 4804.0148925781259 -607.49999999999989 1.0009216666221621 0.73161095380783092
decision_type=2 2 2 2 2 2 2 2 2 2 2 2 2 2 2 2 2 2 2 2 2 2 2 2 2 2 2 2 2 2
left_child=1 17 3 5 -5 7 -4 -3 9 -9 -2 13 -13 15 -15 -12 -17 18 27 23 21 22 -21 -20 26 -26 -25 -1 -29 -30
right_child=10 2 6 4 -6 -7 -8 8 -10 -11 11 12 -14 14 -16 16 -18 -19 19 20 -22 -23 -24 24 25 -27 -28 28 29 -31
leaf_value=-0.011995280620885193 0.0004436142354634074 0.0081207588033693056 -0.012858807899831445 0.013432526825580007 0.10154387999257992 -0.050209495661504323 0.020118325165468603 -0.016323553145755565 -0.0092816256946203456 0.057609969190283654 -0.013120018507756596 -0.065920240190747756 -0.0010852344855635538 -0.023548522453677813 0.016227549587043841 0.058555909230382445 0.0048765560935912179 0.00029364601530997209 0.043592854870277253 -0.011122503803577382 -0.019743537840239387 -0.027317171939338171 0.041849983048080922 0.0095976135774846916 -0.051461448624850165 0.022009321158111717 0.050114802275660064 0.0033339940767575359 -0.0067190734827428204 -0.0012106263752746423
leaf_weight=13437.555815964937 40535.024296864867 6296.7368320897222 930.84669560939074 3410.5036397129297 217.97234743833542 399.93999911099672 7209.3802057877183 609.3120449334383 9584.5089458450675 594.8537205606699 3717.6313618570566 292.44273103773594 29616.120383627713 7860.5630158483982 638.82228997349739 319.15892018377781 1866.8486415743828 2095349.1199462265 1809.5630195140839 1286.2810073271394 6463.6892500519753 1210.0006253942847 3282.733460098505 14133.618387922645 1585.9855720102787 747.68946976959705 1766.6060086786747 70788.079122900963 60121.007312305272 355019.89473772049
leaf_count=42952 118019 17538 3155 9258 342 1474 19230 1875 29478 1342 11613 1164 87899 25659 1746 672 5278 6094078 4109 4091 21690 4178 8048 39324 5806 1977 3795 204476 185730 1043634
internal_value=-1.79359e-06 8.44251e-05 0.00572707 0.00163238 0.0187535 -0.0019211 0.0163456 -0.000787588 -0.00598762 0.0202127 -0.00270103 -0.00557773 -0.00172153 -0.0135843 -0.0205568 -0.00354343 0.0127393 2.1585e-05 -0.00105065 0.00620582 -0.00307224 0.0155735 0.0269368 0.0118731 0.00872264 -0.0279206 0.0141025 -0.00151983 -0.00123012 -0.00200839
internal_weight=2.7411e+06 2.65626e+06 29254.1 21113.8 3628.48 17485.4 8140.23 17085.4 10788.7 1204.17 84846.6 44311.6 29908.6 14403 8499.39 5903.64 2186.01 2.627e+06 531653 32286.2 12242.7 5779.02 4569.01 20043.5 18233.9 2333.68 15900.2 499367 485929 415141
internal_count=7999630 7747580 83692 61307 9600 51707 22385 50233 32695 3217 252050 134031 89063 44968 27405 17563 5950 7663888 1569810 93018 38007 16317 12139 55011 50902 7783 43119 1476792 1433840 1229364
is_linear=0
shrinkage=0.05


Tree=186
num_leaves=31
num_cat=0
split_feature=13 35 42 46 85 29 26 78 29 78 26 46 25 25 25 37 24 25 85 55 45 55 22 55 85 78 85 35 42 26
split_gain=253.481 354.314 360.292 321.982 290.175 606.531 473.69 413.603 412.567 335.995 291.701 266.317 643.899 1392.41 1165.22 1148.01 1055.02 851.233 2011.28 1456.07 1179.04 1166.33 916.493 827.689 2292.27 990.959 788.724 1612.99 1571.56 768.061
threshold=0.0079125771299004572 3.1935888528823857 1.0016663670539858 0.034575516358017928 0.90000000596046459 0.17249999940395358 0.85019740462303173 1.5606444478034975 0.17249999940395358 1.2470506429672243 0.89062628149986278 0.06090796738862992 0.62730306386947643 0.84468731284141552 0.9010223150253297 -2.923258781433105 85.207534790039077 1.0058351755142214 0.90000000596046459 -407772.49999999994 1.0035607218742373 -597287.49999999988 2.5000000000000004 9862.5000000000018 0.90000000596046459 1.5606444478034975 0.90000000596046459 -0.39667961001396174 0.99919643998146068 1.0000000180025095e-35
decision_type=2 2 2 2 2 2 2 2 2 2 2 2 2 2 2 2 2 2 2 2 2 2 2 2 2 2 2 2 2 2
left_child=1 2 3 -1 6 10 8 -7 9 -3 -6 12 23 15 16 -14 26 18 20 -20 -16 29 -23 -2 25 -25 27 -15 -28 -19
right_child=11 4 -4 -5 5 7 -8 -9 -10 -11 -12 -13 13 14 17 -17 -18 21 19 -21 -22 22 -24 24 -26 -27 28 -29 -30 -31
leaf_value=0.0097569315051125767 0.00030948739353111254 0.011053171744840879 -0.029627155635456273 -0.020899944373788684 0.062129362718582118 0.029967203394613326 0.046039229505052806 -0.056504698912435036 0.029166447153779043 -0.093019819301762674 -0.010002398074931447 0.00025334921353829392 -0.064230626601816165 -0.010801169022667041 -0.025337292233551606 -0.0074965857523024209 -0.012236566462558723 0.018439219143741335 -0.0076965364862445103 0.029516651064137828 0.033619884089025269 0.00060770298806446673 -0.0077861792371222748 0.022505427050916297 0.079721900232292475 -0.076945528378797118 0.042912196896359299 0.041239831184409048 -0.018436567679475532 0.0026956027587341728
leaf_weight=5728.559642508626 378473.05425577611 141.101194024086 834.99385057389736 1005.9727209061384 401.51174214482307 193.47407475113869 1606.7007547914982 478.70004071295261 438.19691441953182 170.46878032386303 214.49320088326931 2044693.8311819658 900.46068871021271 1970.2819076925516 14237.79203133285 82358.527403123677 3415.6556691750884 11528.036101430655 7107.1965086758137 4170.0595923364162 900.7852323949337 93807.450298458338 49772.450438417494 538.55351217091084 1145.817031994462 466.6427658200264 1588.3058332055807 6087.5402875095606 3040.9011871889234 23618.816951483488
leaf_count=16013 1104163 381 2897 3274 843 429 3521 1961 1077 706 656 5946646 3421 5847 46291 250617 10738 30849 22979 10627 2218 276939 154003 1400 2225 1827 3814 13936 10061 69271
internal_value=-1.70149e-06 0.00749982 0.00133136 0.00517439 0.0203058 0.00121774 0.0307333 -0.0316002 -0.00207723 -0.0459875 0.0370294 -3.25225e-05 -0.000885683 -0.00259942 -0.000525252 -0.008111 0.0124256 -0.00154191 -0.00991952 0.00606496 -0.0218269 -0.000303625 -0.00230206 0.000485318 0.0314061 -0.0236884 0.0190661 0.0285145 0.00261617 0.00785997
internal_weight=2.74104e+06 11214.2 7569.53 6734.53 3644.65 1288.18 2356.47 672.174 749.767 311.57 616.005 2.72982e+06 685128 304504 221245 83259 16102.7 205143 26415.8 11277.3 15138.6 178727 143580 380624 2151.01 1005.2 12687 8057.82 4629.21 35146.9
internal_count=7999630 31758 22184 19287 9574 3889 5685 2390 2164 1087 1499 7967872 2021226 911611 657573 254038 44396 613177 82115 33606 48509 531062 430942 1109615 5452 3227 33658 19783 13875 100120
is_linear=0
shrinkage=0.05


Tree=187
num_leaves=31
num_cat=0
split_feature=100 29 55 85 29 50 49 85 55 22 9 55 8 55 29 77 12 88 65 79 55 50 49 77 16 36 21 100 27 49
split_gain=250.03 407.948 444.573 441.64 590.584 450.786 532.828 425.515 705.557 609.105 548.37 583.645 654.633 570.53 446.121 586.47 444.351 420.143 385.757 325.589 323.18 372.691 328.674 305.107 311.645 302.092 283.164 272.873 750.212 546.731
threshold=373299.65625000006 0.021250000223517421 20912.500000000004 0.90000000596046459 0.75749999284744274 217.50000000000003 -0.86046862602233876 0.90000000596046459 1687.5000000000002 2.5000000000000004 0.74244892597198497 5882.5000000000009 -0.0067930279765278092 7022.5000000000009 0.84750002622604381 1.5606444478034975 0.11590581014752389 0.5598648488521577 0.45720385015010839 4.1846790313720712 19762.500000000004 342.50000000000006 0.35222910344600683 1.5606444478034975 23.672055244445804 -23.765388488769528 14.500000000000002 349499.01562500006 0.19622971117496493 -0.24825246632099149
decision_type=2 2 2 2 2 2 2 2 2 2 2 2 2 2 2 2 2 2 2 2 2 2 2 2 2 2 2 2 2 2
left_child=27 -2 7 4 25 6 -5 8 -3 14 11 12 -10 -13 15 19 20 18 -6 -9 21 -11 -22 -8 -25 -4 -16 -1 -29 -30
right_child=1 2 3 5 17 -7 23 9 10 16 -12 13 -14 -15 26 -17 -18 -19 -20 -21 22 -23 -24 24 -26 -27 -28 28 29 -31
leaf_value=4.8815306702773854e-05 0.036599294221799326 -0.040440420004442312 0.021080040343129186 -0.029974542912828063 0.068912733106513108 -0.044337685660138487 -0.015206017027841606 0.036842279507674956 0.056235625250193891 0.043799390592840617 0.058399721596050648 0.035756566029406391 -0.041258990868542213 0.0037426347201131079 0.046812888121639085 -0.053056439948032635 -0.031066564956242573 -0.020660931508251511 0.0044545463631226277 -0.057716609270575786 0.029363858497647236 -0.031770229645229624 -0.045030922783459271 -0.02707748388495957 0.034790150009696923 -0.034204510941961738 -0.041242900448293512 0.00072283725559538919 -0.00063394504253043644 -0.013702359756717459
leaf_weight=2626909.9089946151 992.17038751393557 504.67140075564384 271.64306157827377 594.44817501306534 376.83304201066494 377.85237637162209 462.55128657817841 354.58181269466877 220.46536055207253 1401.5347459614277 849.17450501024723 3224.4557330161333 773.04375767707825 2448.9765038639307 322.35950730741024 1180.7562928721309 454.16843572258949 736.01828184723854 602.6973677650094 121.36729334294796 292.63614144921303 183.82658170163631 299.2828576117754 223.4693315923214 2200.0515806227922 2657.2859841734171 126.28308601677418 58031.129223704338 13046.109166070819 20707.811795838177
leaf_count=7650424 2454 1865 660 2104 744 1441 1318 769 441 3090 1730 7408 2652 7290 685 5454 1533 2608 1900 406 710 611 1064 722 5334 10038 489 175964 38534 69188
internal_value=-1.61033e-06 0.0052767 0.00381307 -0.00504259 -0.0154277 0.00745778 0.0130934 0.00971564 0.0167324 -0.00216581 0.0205768 0.0157505 -0.0195846 0.0219415 -0.0222063 -0.034181 0.0138684 0.00786416 0.0293022 0.0126488 0.0232539 0.0350193 -0.0082553 0.0219732 0.0290745 -0.02907 0.0219794 -4.48173e-05 -0.00272463 -0.00865165
internal_weight=2.74095e+06 22252.6 21260.4 8502.85 4644.48 3858.37 3480.52 12757.6 8020.79 4736.8 7516.12 6666.94 993.509 5673.43 2105.35 1656.71 2631.45 1715.55 979.53 475.949 2177.28 1585.36 591.919 2886.07 2423.52 2928.93 448.643 2.71869e+06 91785.1 33753.9
internal_count=7999630 65520 63066 26869 15950 10919 9478 36197 21386 14811 19521 17791 3093 14698 7803 6629 7008 5252 2644 1175 5475 3701 1774 7374 6056 10698 1174 7934110 283686 107722
is_linear=0
shrinkage=0.05


Tree=188
num_leaves=31
num_cat=0
split_feature=48 39 13 25 99 25 25 37 85 36 25 36 97 97 55 94 87 42 13 38 94 86 11 54 46 86 37 13 13 25
split_gain=247.839 773.488 739.913 759.02 750.202 1068.15 858.723 848.571 738.82 926.576 795.684 709.4 704.266 702.191 680.137 770.414 686.084 1342.24 1490.18 1287.93 1025.42 929.484 901.478 1339.51 902.17 697.144 679.521 654.161 1100.57 577.314
threshold=0.96298784017562877 -1.9485043883323667 0.012897165026515724 0.27843424677848821 274414.29687500006 1.059889614582062 1.6107554435729983 26.263154983520511 0.90000000596046459 -7.8060696125030509 1.494839668273926 -11.427251815795897 2.126430281856884e-11 3.4711670875549321 -3917.4999999999995 4196.5886230468759 1.0000000180025095e-35 0.99611741304397594 0.020570867694914344 9.5193514823913592 3373.156616210938 6.0000000000000009 0.021496896632015709 363185.00000000006 0.12372758612036706 6.0000000000000009 3.5520815849304204 0.0095380414277315157 0.013902909122407438 0.83176624774932872
decision_type=2 2 2 2 2 2 2 2 2 2 2 2 2 2 2 2 2 2 2 2 2 2 2 2 2 2 2 2 2 2
left_child=-1 2 3 12 5 7 8 11 10 -10 -7 13 -2 -4 15 16 22 18 26 20 -19 -20 27 24 -24 -21 -18 -3 -29 -16
right_child=1 14 4 -5 -6 6 -8 -9 9 -11 -12 -13 -14 -15 29 -17 17 19 21 25 -22 -23 23 -25 -26 -27 -28 28 -30 -31
leaf_value=-0.00014843714395391711 -0.036717714709099451 -0.025473017229990208 0.0056585688654667374 0.015702069821441664 0.012592777232443925 0.020953976182146585 -0.0050851880523052149 0.015299233399644382 -0.018950808981228022 0.034098682605473461 0.064023320569847456 -0.01316496492018294 0.0085617464654901328 -0.019558595845727871 -0.0046554732908779322 -0.021811063370792385 -0.013928752196736864 -0.0042869551482035998 -0.017520516413034107 -0.0055509110529481558 0.014911700860428735 -0.06691215837198404 0.015672261845264247 0.042128949923227826 -0.03155363105084031 -0.049110628814003951 0.048672831697822445 0.012987449597062231 -0.0075620822741596875 0.0078298184589748413
leaf_weight=2501894.3097631186 1402.031265810132 2487.0540123730898 13857.87181854248 22166.357513397932 14286.164768256247 4552.887455843389 5065.2463814616203 4916.9924102574587 2082.2615840733051 1359.7398415654898 1402.8564780950546 20160.647364206612 2212.7276457697153 3446.2534239888191 12984.217131562531 5246.7577652931213 1247.7312527298927 36258.530629679561 1649.4423501268029 1573.6736365705729 8604.6671854108572 2257.4531963914633 3182.0901562720537 3345.0430951863527 1481.1492396146059 2207.2158312946558 662.96481838822365 11494.386371873319 15039.558227531612 32260.763534367085
leaf_count=7308495 4735 8554 39212 58677 39136 11730 15168 13210 6666 3365 2745 61847 6140 10995 38909 16712 3835 105832 5540 5118 22916 8257 8748 8182 4986 7545 1464 32950 47133 90828
internal_value=-1.51339e-06 0.00153716 0.00498082 0.0122376 0.00235043 -0.000223749 0.0115085 -0.00422773 0.0204524 0.00200841 0.0311087 -0.00679098 -0.0090044 0.000635242 -0.000813335 -0.00318003 -0.00211131 -0.00568153 -0.0283773 -0.0029666 -0.000604331 -0.0460707 0.00313956 0.0179897 0.00066764 -0.0309879 0.00780395 -0.000958598 0.00133985 0.00424671
internal_weight=2.74079e+06 238895 96912 25781.1 71130.9 56844.8 14463 42381.8 9397.75 3442 5955.74 37464.8 3614.76 17304.1 141983 96737.7 91491 54461.7 5817.59 48644.1 44863.2 3906.9 37029.3 8008.28 4663.24 3780.89 1910.7 29021 26533.9 45245
internal_count=7999630 691135 273626 69552 204074 164938 39674 125264 24506 10031 14475 112054 10875 50207 417509 287772 271060 160507 19096 141411 128748 13797 110553 21916 13734 12663 5299 88637 80083 129737
is_linear=0
shrinkage=0.05


Tree=189
num_leaves=31
num_cat=0
split_feature=54 62 31 85 37 44 13 11 55 54 55 37 85 54 31 49 6 54 54 28 31 94 85 49 55 54 55 42 85 86
split_gain=242.819 722.181 767.147 839.772 962.952 1034.93 1088.46 755.592 736.917 718.536 1443.07 1305.77 926.306 1638.94 1073.94 989.888 987.614 839.827 1247.23 1585.3 1346.18 1014.79 1001.83 2166.9 1266.53 800.488 1257.73 1166.6 859.442 2721.93
threshold=777.50000000000011 19.741275787353519 1118.9310302734377 0.90000000596046459 12.958453178405763 0.99634447693824779 0.030648377723991874 0.021241038106381897 7392.5000000000009 2302.5000000000005 1122.5000000000002 3.9889371395111088 0.90000000596046459 1352.5000000000002 737.39758300781261 0.79989895224571239 -0.0080524566583335382 4107.5000000000009 5052.5000000000009 0.97499999403953563 488.19462585449224 4632.6889648437509 0.90000000596046459 -0.09801131114363669 8372.5000000000018 1352.5000000000002 6102.5000000000009 1.0114170312881472 0.90000000596046459 6.0000000000000009
decision_type=2 2 2 2 2 2 2 2 2 2 2 2 2 2 2 2 2 2 2 2 2 2 2 2 2 2 2 2 2 2
left_child=1 2 3 4 5 -1 7 -7 -3 10 -2 12 13 16 15 -14 -12 -11 19 20 -19 22 23 -21 -24 26 28 -27 29 -13
right_child=9 8 -4 -5 -6 6 -8 -9 -10 17 11 25 14 -15 -16 -17 -18 18 -20 21 -22 -23 24 -25 -26 27 -28 -29 -30 -31
leaf_value=-0.080233683608174317 -0.034919337785032922 0.019029203280626586 0.024155499581820068 0.0042470804048921635 -0.051139891028299259 -0.019224739550349021 -0.038548414046696323 0.030814738190808984 0.0029794703443625568 0.0043858095294035454 0.040378634196432756 0.058468197695088701 0.010365886329051371 -0.038927004519646174 -0.046482712943623487 -0.036450639575750517 -0.012913923475276673 -0.011573401000773262 4.0346824321996021e-05 -0.038013342998271145 -0.047734309817664404 0.033462142663466331 -0.027477670649118342 0.029398627528124451 0.034393517771901159 0.0026678888494493448 -0.013218832695198047 0.045589866361154266 0.052138648374036103 -0.086111492851049867
leaf_weight=480.80015526711941 3731.6769136637449 9495.2120731174946 1829.5666303187609 5518.7278011292219 2001.0481001883745 1176.8887970596552 1503.5293520987034 2097.3995867967606 28977.407596446574 108686.2861391902 1092.1704360991716 743.85631701350212 7721.4365605860949 6877.7345265522599 1217.4527267590165 1321.4261140674353 4244.8608915507793 25866.484311535954 2449315.9431905746 3579.2417559176683 2857.4757101386786 2689.0130549296737 1144.3652756512165 1786.1603688448668 2976.4372632652521 41960.64469178766 16300.826828196645 1644.1860544085503 1335.8219409584999 577.26593072712421
leaf_count=1928 13179 23827 4589 16278 7557 3781 5517 5155 84490 313104 2623 1614 23487 29761 4735 4887 16125 80677 7123788 12210 10485 6538 3822 4412 7351 122920 55681 3822 2824 2463
internal_value=-1.42599e-06 0.0033474 -0.00611682 -0.010453 -0.0216277 -0.0103889 -0.00334396 0.012827 0.00694114 -6.75673e-05 -0.00449108 -0.00315535 -0.0134923 -0.022795 -0.00241591 0.0035208 -0.00200167 8.35241e-05 -0.00010425 -0.0087636 -0.0151724 0.00635577 -0.00133014 -0.0155694 0.0172079 0.000558182 -0.00801903 0.00428745 0.0238738 -0.00471964
internal_weight=2.74075e+06 53080.6 14608 12778.4 7259.67 5258.62 4777.82 3274.29 38472.6 2.68767e+06 88769.4 85037.7 22475.1 12214.8 10260.3 9042.86 5337.03 2.5989e+06 2.49022e+06 40899.2 28724 12175.2 9486.2 5365.4 4120.8 62562.6 18957.8 43604.8 2656.94 1321.12
internal_count=7999630 153122 44805 40216 23938 16381 14453 8936 108317 7846508 284121 270942 81618 48509 33109 28374 18748 7562387 7249283 125495 91162 34333 27795 16622 11173 189324 62582 126742 6901 4077
is_linear=0
shrinkage=0.05


Tree=190
num_leaves=31
num_cat=0
split_feature=81 99 99 22 36 90 54 42 11 13 99 36 54 90 54 99 55 55 22 24 54 90 25 54 50 31 48 25 36 13
split_gain=261.837 1225.92 1165.12 1827.22 1683.06 1749.35 5722.82 2040.78 1401.07 1391.71 1601.45 1288.84 1580.98 1887.16 1795.71 2277.51 1645.64 1548.21 1525.72 1624.92 1497.86 2094.87 1413.68 1170.28 1694.18 1601.79 1063.23 1634.79 1510.21 1051.82
threshold=1.0000000180025095e-35 121077.90234375001 124427.87500000001 2.5000000000000004 -5.2142217159271231 2919.160034179688 375557.50000000006 0.99831390380859386 0.024394565261900428 0.011687947437167169 242040.25000000003 -1.0461166501045225 456500.00000000006 2913.9445800781255 213697.50000000003 222246.02343750003 -477777.49999999994 -304292.49999999994 1.5000000000000002 60.79503250122071 4107.5000000000009 3354.380004882813 0.60049545764923107 413247.50000000006 -107.49999999999999 548.38363647460949 -0.72982063889503468 0.70761629939079296 -3.2428722381591792 0.011056306306272747
decision_type=2 2 2 2 2 2 2 2 2 2 2 2 2 2 2 2 2 2 2 2 2 2 2 2 2 2 2 2 2 2
left_child=-1 29 3 -3 5 7 9 -4 -9 -7 -11 18 14 16 15 -13 -14 -16 19 22 -20 -22 -6 24 -8 -25 -5 28 -28 -2
right_child=1 2 4 26 11 6 23 8 -10 10 -12 12 13 -15 17 -17 -18 -19 20 -21 21 -23 -24 25 -26 -27 27 -29 -30 -31
leaf_value=0.00020691938919627226 -0.022050984440732516 0.03855949373725167 0.0046478356979138087 0.028758092659742482 -0.018492010761797704 0.021175064354504426 0.026978503739385047 -0.039673963205835848 0.032276369538277082 -0.0049465288695811427 0.0045396891205770375 0.020572022765659059 0.014794594507030216 0.051338472281095893 -0.0068280690811640087 -0.0039701868157488952 -0.035485187904263103 -0.033943588113445444 -0.054467722334836169 -0.016116216693328623 -0.03081007039602392 -0.0044964897474414588 0.030070130335875484 0.034100725209074895 0.067738595409946187 -0.033460820342922158 -0.01421372265952706 -0.050996619049719472 0.06453956154563277 -0.0044570878051305805
leaf_weight=2273814.4984408692 9472.4165504202247 5004.9268673956394 7312.1638478040695 2064.4672153815627 2002.709346935153 8414.3265821635723 7003.2757642567158 6752.1208742260933 751.11782930791378 79331.737651467323 101299.809842363 12054.925261318684 8490.9879609644413 2801.9145162031054 18238.304183542728 43783.885692931712 2012.1573110967875 7399.9899406284094 2428.4588746204972 6332.0341385453939 11693.424410164356 21416.703384548426 5945.2172083109617 2420.6397858560085 4010.4329400211573 1374.6558421254158 2055.3870239257812 1846.5848205536604 863.73357947170734 82271.292456641793
leaf_count=6550980 33982 12796 22083 5672 6531 22983 17856 25118 1991 246854 301135 32850 24496 6727 57516 136628 7366 26512 9541 20719 41088 66869 14913 6113 8260 4759 6897 7120 2090 271590
internal_value=-1.45252e-05 -0.00109309 0.000174038 0.015612 -0.000328947 0.00243858 0.00364424 -0.0141497 -0.0324673 0.0012994 0.000373396 -0.00451413 -0.00109175 0.0148876 -0.00370136 0.00132836 0.00515923 -0.0146556 -0.0110251 0.00277827 -0.0165716 -0.0137904 0.0178321 0.0335751 0.0418258 0.00962625 -0.00120566 -0.0141901 0.00910086 -0.00627391
internal_weight=2.74066e+06 466850 375106 11835.1 363271 218670 203855 14815.4 7503.24 189046 180632 144601 94782.2 13305.1 81477.1 55838.8 10503.1 25638.3 49818.5 14280 35538.6 33110.1 7947.93 14809 11013.7 3795.3 6830.17 4765.71 2919.12 91743.7
internal_count=8000035 1449055 1143483 34575 1108908 657152 607960 49192 27109 570972 547989 451756 292095 38589 253506 169478 31862 84028 159661 42163 117498 107957 21444 36988 26116 10872 21779 16107 8987 305572
is_linear=0
shrinkage=0.05


Tree=191
num_leaves=31
num_cat=0
split_feature=80 80 77 80 85 25 100 54 39 54 49 25 22 11 25 65 54 97 90 36 42 54 46 26 25 85 27 30 54 42
split_gain=244.564 420.451 323.295 316.119 311.128 587.416 404.325 390.173 396.46 348.051 362.772 346.462 321.209 317.689 314.04 309.926 685.309 693.896 627.972 529.457 509.753 508.201 699.863 612.766 492.231 489.945 641.344 516.325 492.569 471.947
threshold=1.4314689040184023 5.5216758251190194 0.96901690959930431 6.407212734222413 0.90000000596046459 0.60702574253082286 121444.45312500001 413247.50000000006 6.1137259006500253 8857.5000000000018 -0.22706275433301923 0.60702574253082286 1.5000000000000002 0.018167759291827682 1.3883602619171145 0.52747833728790294 749052.50000000012 -4.5743167400360099 4936.5246582031259 -29.458876609802243 1.0152000784873965 717542.50000000012 0.10482046380639078 1.8482134342193606 2.7928394079208378 0.90000000596046459 -0.89081177115440358 0.61250001192092907 760452.50000000012 0.99533188343048107
decision_type=2 2 2 2 2 2 2 2 2 2 2 2 2 2 2 2 2 2 2 2 2 2 2 2 2 2 2 2 2 2
left_child=-1 15 -3 4 5 7 11 8 -4 10 -7 12 -6 -11 -13 29 17 18 20 -18 24 -19 23 -23 -17 27 -27 -21 -28 -2
right_child=1 2 3 -5 6 9 -8 -9 -10 13 -12 14 -14 -15 -16 16 19 21 -20 25 -22 22 -24 -25 -26 26 28 -29 -30 -31
leaf_value=0.0011746758702323231 -0.003029574663572932 0.0027765768150143704 0.0029773084900185016 -0.00080037729538452859 -0.020346376200069183 -0.014228895576407666 0.0039130697853053294 0.0094117265572434897 -0.015723937629080968 -0.0038194925157393218 -0.0017732138068543169 0.0047687706460414576 -0.003389962720688651 0.0015460574587172515 -0.0086615884079138065 0.0061171881027965135 0.026799672325136071 -0.002350162673881483 -0.028803080781529794 -0.015966397322453346 0.04562052431342057 -0.0048445565652824284 0.024640978453379175 0.033751687523229434 -0.018474925929833397 0.041021763547866325 -0.0040809995197587708 -0.054858369967655744 -0.065775580517590276 0.00024439951316423237
leaf_weight=373792.43932400644 126760.91248757392 149883.13971534371 17282.872756868601 370501.00291191041 3908.842958509922 10531.734235703945 146341.66134005785 22642.104271814227 3388.8055765628815 46747.519662812352 13139.761064231396 18978.281775668263 9782.2922415435314 67305.628452628851 5646.7276923805475 39414.318528689444 591.83852066099644 454258.81470265239 1368.307911619544 1767.3825599476695 780.03990826010704 8262.3082445263863 4127.6077279895544 1173.5260846167803 2144.4935360774398 570.82706544548273 1228.4091907814145 1652.1422283649445 438.37405958026648 836088.21177957952
leaf_count=1012469 411786 381992 43835 960706 11073 29230 369944 55734 9387 122618 34290 47709 25572 171990 15194 119870 1729 1455624 5406 6545 1905 27639 11935 3176 7395 1651 5179 7181 2226 2639045
internal_value=-1.38451e-05 -0.00020156 0.00065991 0.000228965 0.00127185 -0.000201046 0.00271589 0.00487753 -8.88453e-05 -0.00179829 -0.00731548 -0.00185639 -0.00823255 -0.000653117 0.00168864 -0.000717109 -0.00170358 -0.0015025 0.00452225 -0.0181601 0.00560003 -0.00206539 0.00747123 -4.07792e-05 0.00484767 -0.0228685 -0.00467252 -0.034769 -0.0203398 -0.000186623
internal_weight=2.7405e+06 2.36671e+06 886080 736197 365696 181038 184658 43313.8 20671.7 137725 23671.5 38316.1 13691.1 114053 24625 1.48063e+06 517778 511529 43707.2 6248.97 42338.9 467822 13563.4 9435.83 41558.8 5657.14 2237.61 3419.52 1666.78 962849
internal_count=8000035 6987566 2279274 1897282 936576 467084 469492 108956 53222 358128 63520 99548 36645 294608 62903 4708292 1657461 1632950 134576 24511 129170 1498374 42750 30815 127265 22782 9056 13726 7405 3050831
is_linear=0
shrinkage=0.05


Tree=192
num_leaves=31
num_cat=0
split_feature=37 8 54 77 37 4 26 85 39 24 41 54 13 48 30 8 39 73 77 85 34 90 26 77 63 22 26 41 54 13
split_gain=235.418 503.675 454.113 397.612 384.031 722.659 722.486 966.378 1391.33 1045.82 1120.02 983.763 772.023 622.146 1025.68 732.558 578.717 555.033 535.369 399.312 932.21 912.46 364.549 354.286 343.702 340.383 365.187 332.503 314.918 797.152
threshold=-16.694643020629879 0.00022074332082411277 659562.50000000012 1.5606444478034975 -9.9600639343261701 -0.0051392568275332442 0.44347910583019262 0.90000000596046459 7.2543137073516855 31.93249607086182 1.0030642151832583 225122.50000000003 0.015316435135900976 -0.86046862602233876 0.64749997854232799 0.01126946695148945 -11.481627464294432 3.244971871376038 1.5606444478034975 0.90000000596046459 0.1635076776146889 4866.7253417968759 -0.95863410830497731 1.5606444478034975 -0.74971267580986012 1.5000000000000002 -1.0272113680839536 0.99777597188949596 746567.50000000012 0.036292867735028274
decision_type=2 2 2 2 2 2 2 2 2 2 2 2 2 2 2 2 2 2 2 2 2 2 2 2 2 2 2 2 2 2
left_child=1 22 -3 -4 5 24 13 9 16 11 12 -8 -11 14 19 25 -9 -10 -18 20 -7 -21 -1 -12 -2 27 -27 -15 -6 -30
right_child=4 2 3 -5 28 6 7 8 17 10 23 -13 -14 15 -16 -17 18 -19 -20 21 -22 -23 -24 -25 -26 26 -28 -29 29 -31
leaf_value=-0.048761200863165668 -0.021526345983627251 -0.0033507272901437558 0.050357439313895705 0.0043062063626680041 1.396430213814426e-05 -0.043342531415966584 -0.038173705513258729 0.078894682701587671 -0.0083947605933404595 0.042833957020341616 0.0095589636907971263 0.062372498973805535 -0.033034492978240688 -0.0080093491385597251 0.026533907970789878 -0.033736695193578185 0.008731217207511438 0.069552383240832627 -0.050455813560729992 0.0036996346172398311 0.00063712380155083554 0.071014901660584051 -0.012084823513233343 0.063554953619545926 0.036208957363041541 0.0013735791309175678 -0.015858185388618062 0.012601110135980177 -0.0031151523480149354 -0.044576523003913404
leaf_weight=754.93381085991859 289.06430317461491 11640.421761728823 779.36872409284115 1174.8955877423286 2620718.4981152192 1455.814299762249 271.35775780677795 115.96159669756889 351.86427707970142 433.91360048949718 473.65367402136326 2296.191622197628 1463.4230045974255 3067.0632887557149 4900.2042035460472 2074.3967243880033 510.5900265276432 648.16166463494301 1512.1400530859828 5489.8955428674817 6966.4543148726225 553.28059311211109 6559.173427246511 849.28448392450809 2328.9889486059546 5727.4614869430661 6635.6024402529001 5401.5091182291508 43430.121393233538 1190.1253819167614
leaf_count=2825 944 36104 1658 3272 7636264 5250 1050 188 994 976 1288 4437 4890 9766 12448 7211 1281 1335 5956 16255 20279 995 21377 1665 5593 17048 21193 14791 138006 4696
internal_value=-1.31578e-05 -0.00529823 0.000393786 0.0226905 2.74816e-05 0.00420917 0.00289855 0.015823 -0.00651451 0.0279365 0.0089513 0.0517334 -0.0156676 0.000168859 0.00676584 -0.00540832 -0.0292763 0.0421403 -0.0355161 6.76462e-05 -0.00696854 0.00987421 -0.0158772 0.0442483 0.0298266 -0.00258568 -0.00787532 0.00513596 -5.69512e-05 -0.00422211
internal_weight=2.74006e+06 20908.8 13594.7 1954.26 2.71916e+06 53816.3 51198.2 8926.54 3138.72 5787.82 3220.27 2567.55 1897.34 42271.7 19365.6 22906 2138.69 1000.03 2022.73 14465.4 8422.27 6043.18 7314.11 1322.94 2618.05 20831.6 12363.1 8468.57 2.66534e+06 44620.2
internal_count=8000035 65236 41034 4930 7934799 155833 149296 24060 9754 14306 8819 5487 5866 125236 55227 70009 7425 2329 7237 42779 25529 17250 24202 2953 6537 62798 38241 24557 7778966 142702
is_linear=0
shrinkage=0.05


Tree=193
num_leaves=31
num_cat=0
split_feature=81 54 90 54 28 36 48 11 22 24 55 22 41 90 39 55 48 38 22 55 54 55 13 36 22 36 48 22 78 51
split_gain=238.483 1125.34 1018.78 964.113 1081.45 1207.7 1019.39 947.662 837.829 878.445 823.244 1980.61 1289.64 995.786 1403.34 1511.8 1510.51 1376.32 1365.56 1282.49 3981.18 3048.49 1315.27 1155.87 1105.35 1013.89 844.047 785.191 748.436 705.967
threshold=1.0000000180025095e-35 720102.50000000012 2491.143920898438 737792.50000000012 0.27500000596046453 -4.8352210521697989 0.26932403445243841 0.013473404571413996 3.5000000000000004 38.067602157592781 -717222.49999999988 2.5000000000000004 1.000977694988251 2696.430053710938 7.0940771102905282 -617742.49999999988 -0.92794367671012867 22.382680892944339 1.5000000000000002 -667792.49999999988 650307.50000000012 -644622.49999999988 0.010763588827103378 -5.2142217159271231 1.5000000000000002 -6.4364402294158927 -0.86046862602233876 1.0000000180025095e-35 4.2621526718139657 457.50000000000006
decision_type=2 2 2 2 2 2 2 2 2 2 2 2 2 2 2 2 2 2 2 2 2 2 2 2 2 2 2 2 2 2
left_child=28 2 -2 8 7 -6 -7 -5 9 -3 11 12 26 19 15 16 -15 18 -16 22 21 -21 -12 -17 -24 -22 -4 -11 -1 -8
right_child=1 3 10 4 5 6 29 -9 -10 27 13 -13 -14 14 17 23 -18 -19 -20 20 25 -23 24 -25 -26 -27 -28 -29 -30 -31
leaf_value=-0.00011926147506748295 0.03774321188911222 -0.056963630221229057 0.020902487684481989 0.04844968294569045 -0.038824242713025876 0.023002180150983792 -0.064244404120919321 -0.0014999473385458324 -0.063480069604078135 -0.079095014192970117 -0.024770692092943931 0.086719520551109971 0.050094499989484946 0.07745721458230137 0.02572991556611199 0.0011073382074254553 0.012397242349338171 -0.044740547601893513 0.004330253734070583 0.03182338953640379 -0.034735264180283484 -0.010070139765356796 0.028094384978862352 -0.004923387282524074 0.0010900265982750523 -0.079490610212420168 -0.077297440557771255 0.002156769095072765 0.0027861587172324873 0.013821729793365904
leaf_weight=2024468.9329785779 1727.9986180067062 1147.1178584694862 338.6998852789402 1386.8339309170842 3371.5069171413779 2262.6888361498713 740.32788430154324 3006.2534768804908 1423.649401538074 329.94336594641209 3282.2255696877837 908.86217412352562 620.85533286631107 1063.7132828086615 11337.558046460152 201023.04040583968 5510.1914346367121 1117.2107234746218 21768.133600994945 4856.0122340917587 3621.3692978918552 40983.544007316232 5571.3250910788774 131377.30394716561 11844.993235826492 1947.4355164766312 615.05025210976601 2926.7582955807447 248905.66229275614 474.61621476709843
leaf_count=5885093 3920 4588 886 3525 14334 6960 3306 10572 6550 1666 11938 1673 1475 2144 29796 607662 15914 4257 66690 13282 13347 137740 14937 411503 37915 8523 2544 9831 665887 1577
internal_value=-1.2482e-05 -0.00104215 -0.000563617 -0.0136428 -0.00508601 -0.0175051 0.00316718 0.0142747 -0.0301459 -0.0193566 -0.000711537 0.0279902 -0.00593867 -0.000871681 0.000167619 -0.000806597 0.0229354 0.00981702 0.0116596 -0.00625069 -0.0104818 -0.00563144 0.00425786 -0.00127623 0.00972988 -0.0503988 -0.0424337 -0.00609524 0.000198844 -0.0337576
internal_weight=2.73996e+06 466585 449516 17069.7 11242.2 6849.14 3477.63 4393.09 5827.47 4403.82 447788 2483.47 1574.61 445304 373197 338974 6573.9 34222.9 33105.7 72106.9 51408.4 45839.6 20698.5 332400 17416.3 5568.8 953.75 3256.7 2.27337e+06 1214.94
internal_count=8000035 1449055 1386146 62909 40274 26177 11843 14097 22635 16085 1382226 6578 4905 1375648 1137966 1037223 18058 100743 96486 237682 172892 151022 64790 1019165 52852 21870 3430 11497 6550980 4883
is_linear=0
shrinkage=0.05


Tree=194
num_leaves=31
num_cat=0
split_feature=97 36 8 49 85 53 42 97 8 39 5 46 8 37 53 97 8 48 94 39 49 42 97 47 22 51 48 46 65 45
split_gain=230.912 464.108 464.029 366.998 815.551 1649.89 885.226 867.25 565.236 542.384 527.043 472.499 419.45 475.846 413.782 402.809 487.428 427.364 379.66 358.108 352.283 584.694 562.283 346.652 327.629 326.107 325.733 319.546 303.044 468.501
threshold=-5.2697584629058829 17.044054031372074 -0.0045037786476314059 -0.84915164113044728 0.90000000596046459 0.87837970256805431 1.0043901801109316 -5.4469037055969229 -0.0015827203751541672 -9.8725900650024396 -0.0017458279617130754 0.10180070251226427 -0.00097308499971404661 23.229204177856449 0.87837970256805431 -5.5401744842529288 0.0092089641839265841 -0.98990321159362782 4056.055053710938 3.3488037586212163 0.6835516393184663 1.0021110177040102 -5.3479554653167716 0.16963151097297671 1.0000000180025095e-35 627.50000000000011 -0.91959547996520985 0.1281208619475365 0.52747833728790294 1.0068275332450869
decision_type=2 2 2 2 2 2 2 2 2 2 2 2 2 2 2 2 2 2 2 2 2 2 2 2 2 2 2 2 2 2
left_child=1 2 25 4 5 7 9 8 -4 -7 14 -9 18 -14 -6 16 17 24 -12 -19 23 22 -22 27 -5 -1 -3 -17 -2 -30
right_child=28 26 3 15 10 6 -8 11 -10 -11 12 -13 13 -15 -16 20 -18 19 -20 -21 21 -23 -24 -25 -26 -27 -28 -29 29 -31
leaf_value=-0.0036151640261282607 0.00029363939055540079 -0.080701783940700877 0.058182200575505064 -0.021344382810217555 0.0077490774903513542 0.088906390654327622 0.0565764795096282 0.011828270803704993 0.026846042935402294 -0.044765878582502305 -0.047701767789984639 -0.043229074025514486 -0.0062153931157584753 0.05776004508858236 0.070882968664368926 0.012814663324344637 -0.026436074775408543 0.0021934918188793642 0.0021331686331246343 -0.0089063390349119944 -0.0085182738771248847 -0.030431621845348103 0.026546559003450709 0.02822302493602763 0.027879248110454641 -0.040275170324432008 -0.015563292030019091 -0.0063913264656396858 -0.0011076250453454755 0.00367617809635821
leaf_weight=15440.811550475657 1709405.7487901673 236.12529812753201 1946.5044212341309 398.23105478286743 929.81130391359329 78.857278347015381 289.0073100477457 1771.3555348515511 5534.6364311426878 1549.9531206786633 1121.7394417896867 498.50535973906517 3461.1338478326797 316.29172599315643 359.30176319181919 9845.9711152538657 1715.1508219316602 29338.873466528952 578.99954168498516 9657.4075915813446 2693.0666600242257 1402.6183281689882 1985.0701941102743 2735.9405859559774 2208.4220586568117 630.48404203355312 1012.7019199132919 2775.2667260468006 875471.91101845354 54356.893012546003
leaf_count=46114 4981719 986 3879 1294 2619 127 590 4688 13358 5293 4084 1670 10499 740 740 26795 5829 83949 1691 29697 8326 4772 5148 6768 5538 2268 3284 8339 2572670 156561
internal_value=-1.19277e-05 0.00234022 0.00272148 0.00422408 0.0104479 0.018456 -0.0239274 0.0267941 0.0350067 -0.0382406 -0.00336038 -0.000274897 -0.0101304 -0.000843404 0.0253909 0.00245193 -0.000322188 0.00075489 -0.0307417 -0.000555405 0.00805737 -0.00212765 0.00636218 0.0120904 0.0203519 -0.00505608 -0.0279382 0.00859092 -0.000101509 -0.00082796
internal_weight=2.73975e+06 100512 99263.4 83192.1 18436.1 11668.8 1917.82 9751 7481.14 1628.81 6767.28 2269.86 5478.16 3777.43 1289.11 64756 43318.1 41602.9 1700.74 38996.3 21437.9 6080.76 4678.14 15357.2 2606.65 16071.3 1248.83 12621.2 2.63923e+06 929829
internal_count=8000035 289085 284815 236433 49978 29605 6010 23595 17237 5420 20373 6358 17014 11239 3359 186455 126307 120478 5775 113646 60148 18246 13474 41902 6832 48382 4270 35134 7710950 2729231
is_linear=0
shrinkage=0.05


Tree=195
num_leaves=31
num_cat=0
split_feature=31 36 54 54 12 26 60 46 13 48 85 94 25 94 54 29 39 13 99 86 61 31 22 87 39 39 35 22 25 94
split_gain=244.224 350.053 534.22 428.207 346.569 268.243 260.777 259.441 733.138 1051.56 832.624 2897.83 2139.18 1755.28 2359.99 1245.33 1182.79 1395.74 1074.72 1006.38 806.207 798.139 862.736 1044.09 1040.98 833.118 813.112 746.986 719.454 1326.82
threshold=3498.9663085937505 2.0523322820663457 564005.00000000012 424595.00000000006 0.0093913124874234217 3.1426713466644292 -0.12265792861580847 0.06090796738862992 0.013990591280162336 0.81279832124710094 0.90000000596046459 3342.536987304688 0.60702574253082286 2649.450805664063 657032.50000000012 0.17249999940395358 -14.669861316680906 0.01192767918109894 204318.83593750003 6.0000000000000009 0.03964077681303025 841.24499511718761 1.0000000180025095e-35 1.0000000180025095e-35 13.54208564758301 14.03979015350342 -22.861236572265621 2.5000000000000004 1.7380998134613039 2895.049926757813
decision_type=2 2 2 2 2 2 2 2 2 2 2 2 2 2 2 2 2 2 2 2 2 2 2 2 2 2 2 2 2 2
left_child=7 2 4 5 -2 -3 -4 8 9 -1 12 16 13 15 -15 -11 -12 -18 20 -14 -13 -10 25 28 26 -23 -25 -21 -24 -30
right_child=1 3 6 -5 -6 -7 -8 -9 21 10 11 18 19 14 -16 -17 17 -19 -20 27 -22 22 23 24 -26 -27 -28 -29 29 -31
leaf_value=-0.0012952033426850236 -0.0013355289203910298 0.028651294863019663 -0.012994974907668131 0.0024012540920942353 -0.025446417013082007 -0.0059332593673351308 0.015404771700423725 0.00023278131993089703 -0.00070593619612417256 -0.0053780948253938435 0.020477561133600601 0.041695206263767326 0.0015131571034963122 0.0059763732579098706 -0.050218808883937441 0.024651948730661868 -0.018145303087959412 0.0012942666761150132 -0.018706062928422969 -0.02081353778248651 0.0062326977863949853 0.0011448699377874384 -0.0045625913145714847 0.013447042933237244 -0.036304556656999928 0.044805960819633756 -0.012395354952737515 -0.07511288950158429 0.044412092138068626 -0.0071560429231514724
leaf_weight=283351.86041169614 3994.1155334040523 3857.0701241344213 970.10486966371536 5019.3969015032053 2377.1675814688206 655.36428891122341 4821.1564215794206 2041294.9529523402 156887.58658692986 4107.1179185807705 3669.0026344060898 5571.714350476861 1832.2500895261765 48190.62998470664 1942.666592374444 21634.107829138637 20232.51314137131 16983.506391063333 1233.5594315379858 1309.9750194996595 2250.7278576493263 14787.267814464867 31532.917586907744 3262.8085573092103 4306.6579887494445 1178.791633233428 45168.734057620168 1227.8427351415157 2244.1156065687537 2805.89823435992
leaf_count=835267 11972 9761 3115 14870 8021 1971 13325 5939936 464231 11979 9950 13352 5704 132225 6851 53762 66852 51246 3919 3914 6437 44199 98857 9101 14914 2649 140035 4606 5566 8732
internal_value=-6.12995e-06 0.00527775 -0.000344612 0.0124517 -0.0103348 0.0236271 0.0106452 -4.83237e-05 -0.000897535 0.000413809 0.00413353 -0.000935024 0.00728803 0.0092474 0.00379775 0.0198603 -0.00660368 -0.00927414 0.0246545 -0.0267244 0.0314944 -0.00296598 -0.00633356 -0.00824713 -0.0127494 0.00437133 -0.010654 -0.0471058 -0.0017563 0.015763
internal_weight=2.7387e+06 21694.4 12162.5 9531.83 6371.28 4512.43 5791.26 2.71701e+06 675712 413537 130186 49941 80244.6 75874.5 50133.3 25741.2 40885 37216 9056 4370.07 7822.44 262175 105287 89321.1 52738.2 15966.1 48431.5 2537.82 36582.9 5050.01
internal_count=7997319 63035 36433 26602 19993 11732 16440 7934284 1994348 1206064 370797 151756 219041 204817 139076 65741 128048 118098 23708 14224 19789 788284 324053 277205 164050 46848 149136 8520 113155 14298
is_linear=0
shrinkage=0.05


Tree=196
num_leaves=31
num_cat=0
split_feature=80 80 97 30 25 25 55 90 54 65 25 54 55 38 50 22 81 38 87 22 25 77 90 12 25 94 22 94 90 12
split_gain=249.168 428.677 313.455 519.33 412.904 921.751 1008.63 846.253 1262.64 653.035 605.163 1507.08 1735.38 782.595 750.022 1031.69 625.259 543.945 673.405 984.617 787.449 553.704 674.167 530.157 527.573 486.634 2166.22 1224.32 479.724 430.12
threshold=5.5216758251190194 1.9671180844306948 -4.4679863452911368 0.087500002235174193 1.095211446285248 1.2693248987197878 22362.500000000004 2424.079956054688 564005.00000000012 2.6132578849792485 1.4565114974975588 22027.500000000004 2532.5000000000005 10.079504966735842 97.500000000000014 3.5000000000000004 1.0000000180025095e-35 9.6917076110839862 1.0000000180025095e-35 3.5000000000000004 0.95876917243003856 1.5606444478034975 2706.160034179688 0.058648055419325835 0.96719142794609081 4472.3913574218759 2.5000000000000004 4002.8066406250005 5009.5949707031259 0.015760888345539573
decision_type=2 2 2 2 2 2 2 2 2 2 2 2 2 2 2 2 2 2 2 2 2 2 2 2 2 2 2 2 2 2
left_child=1 -1 3 -3 17 6 7 9 -9 -6 11 13 -13 -7 16 -16 -12 23 21 20 -20 24 -23 25 -19 27 -27 -4 -25 -21
right_child=-2 2 4 -5 5 10 -8 8 -10 -11 14 12 -14 -15 15 -17 -18 18 19 29 -22 22 -24 28 -26 26 -28 -29 -30 -31
leaf_value=0.00056457260958445144 0.00068403502381721116 -0.0084971266595193183 -0.0012369027013104344 0.0029433993103033036 -0.038307410429835924 -0.019289825638093491 -0.067878775646228004 0.002388532625555881 0.017155613787468355 0.063118401297607346 0.0011832795756300789 -0.0028112315405523364 0.03944638093260408 0.016574070611238292 -0.026371807125314752 0.006669823112080875 -0.0055659386419705231 -0.0042338846445049158 -0.00049003679965429028 -0.053215352590133359 -0.026986451016491983 -0.01509719100745052 0.01844380338740682 -0.042735726729812927 -0.055529265191730737 0.013473782315464753 -0.0074814320610836751 -0.0088912482784259343 0.026873986848420503 -0.014245042124512967
leaf_weight=771791.05933955312 885646.89470925927 11152.860885255039 383567.56810503453 89627.906754665077 1672.5136546343565 19665.649559341371 479.14968356490135 68838.289939135313 18329.269208170474 174.39115053415298 244885.20448026061 51968.625444799662 2547.6870623677969 1647.726221576333 6158.8170586079359 3831.3546513617039 39906.893933422863 1669.155642837286 8355.1002127677202 2154.4925045073032 4219.8504709154367 2154.7653270363808 4910.0327266976237 1357.2353375405073 715.67448680102825 24568.333540759981 24761.093901999295 60478.490713246167 301.84947817027569 1056.3772169202566
leaf_count=2132250 2278413 39373 1260759 289051 7211 72497 2276 221775 55364 389 787511 173321 6604 4942 24238 12417 158797 4430 26400 8549 15211 9724 17627 5592 2371 78503 88172 209146 883 3523
internal_value=-5.81139e-06 -0.000335538 -0.000978092 0.00167722 -0.00125106 -0.000159899 0.00439426 0.00478411 0.00549392 -0.0286988 -0.00125964 -0.00524322 -0.000835646 -0.0165163 -0.000234869 -0.0137 0.000237502 -0.00221603 -0.00937647 -0.0156956 -0.00938343 0.00117976 0.00821239 -0.00185098 -0.0196463 -0.00175605 0.00295519 -0.00227944 -0.0300595 -0.0404041
internal_weight=2.73859e+06 1.85295e+06 1.08116e+06 100781 980376 460106 89493.6 89014.5 87167.6 1846.9 370612 75829.7 54516.3 21313.4 294782 9990.17 284792 520270 25235.4 15785.8 12575 9449.63 7064.8 495035 2384.83 493375 49329.4 444046 1659.08 3210.87
internal_count=7997319 5718906 3586656 328424 3258232 1527342 287015 284739 277139 7600 1240327 257364 179925 77439 982963 36655 946308 1730890 87835 53683 41611 34152 27351 1643055 6801 1636580 166675 1469905 6475 12072
is_linear=0
shrinkage=0.05


Tree=197
num_leaves=31
num_cat=0
split_feature=7 53 99 54 25 85 25 73 97 25 50 54 25 94 85 86 86 85 62 22 55 25 25 86 48 94 48 49 12 63
split_gain=234.971 1386.14 861.221 1053.7 642.287 935.146 1229.87 1071.81 915.833 845.418 1236.89 1346.14 1147.71 1652.71 768.847 1098.34 630.481 629.535 1249.42 1072.04 1064.24 1567.6 1139.9 1320.51 1316.1 956.943 743.768 710.97 614.102 685.198
threshold=-0.01253035571426153 1.0000000180025095e-35 161016.96093750003 609590.00000000012 6.6495444774627694 0.90000000596046459 3.9193634986877446 14.775993824005129 5.7844600677490243 4.186425209045411 147.50000000000003 20002.500000000004 2.2665302753448491 4378.2475585937509 0.90000000596046459 6.0000000000000009 6.0000000000000009 0.90000000596046459 14.290797233581545 2.5000000000000004 21357.500000000004 4.8566527366638192 3.9193634986877446 6.0000000000000009 0.054511256515979774 4596.8500976562509 0.52803644537925731 0.78661888837814342 0.065956201404333129 -0.20603268593549726
decision_type=2 2 2 2 2 2 2 2 2 2 2 2 2 2 2 2 2 2 2 2 2 2 2 2 2 2 2 2 2 2
left_child=1 4 3 -3 5 8 7 -7 9 12 11 -11 13 -1 15 -6 -14 18 -4 28 22 -22 23 -20 -24 27 -27 -21 29 -19
right_child=-2 2 17 -5 14 6 -8 -9 -10 10 -12 -13 16 -15 -16 -17 -18 19 20 25 21 -23 24 -25 -26 26 -28 -29 -30 -31
leaf_value=-0.040209628298921052 7.2144514010031091e-05 -0.044279181718167512 0.051051752916102755 0.0021607561528386703 0.0060299907183643609 0.0051428831789457237 0.021955435885179529 -0.042656822355330137 -0.092071206240091172 -0.055785127006784035 0.061286242680945235 0.022329078548751501 0.016365094641363317 0.043297567158161354 0.013068885018960814 -0.07956674977119782 0.046841455070114231 0.0092429786902446572 -0.0056570385570806772 -0.041654659066192229 0.037187380487744691 -0.052713248150528969 0.0092415720884089503 -0.034901479452724066 -0.051363292545014684 -0.015143503330769479 0.031688315304948249 0.044017254175807825 -0.0035218741545812887 0.041619371360076429
leaf_weight=1334.6900475174189 2663030.0505685955 3217.7286505699158 808.69882267713547 1967.9527829438448 705.07749997079372 2286.6681091785431 2920.6561971902847 2405.7049397528172 183.41138117015362 1235.4661266803741 574.14217683672905 994.75764752924442 2569.2439171671867 1063.8574695587158 1297.762167185545 798.41051119565964 5009.836680918932 5471.7116599231958 6508.9631846472621 2900.2538394629955 2172.9575497806072 623.12879867106676 6368.6441231369972 9487.346492394805 1041.4050242751837 2151.1179133653641 1397.8499690741301 263.35807991027832 5004.1267394423485 2329.9558739513159
leaf_count=4565 7774560 11651 1690 5737 2046 6446 7468 8714 745 4470 1170 2407 6981 2359 3561 3064 10508 15284 20729 10382 5864 2880 17469 30995 4199 6909 3711 619 14777 5359
internal_value=-5.63415e-06 -0.00276387 -0.00733138 -0.0266574 0.00733901 0.0103969 -0.00351206 -0.0193661 0.0185639 0.0201589 -0.0040935 -0.0209468 0.0269757 -0.00316596 -0.0151184 -0.0394446 0.0365144 -0.00517688 -0.0101206 0.00166459 -0.0120107 0.0171389 -0.0154936 -0.0230032 0.000717735 -0.0145188 0.0033047 -0.0345096 0.0101485 0.0189169
internal_weight=2.73812e+06 75094.9 51715.2 5185.68 23379.7 20578.4 7613.03 4692.37 12965.4 12782 2804.37 2230.22 9977.63 2398.55 2801.25 1503.49 7579.08 46529.5 27011.1 19518.4 26202.4 2796.09 23406.4 15996.3 7410.05 6712.58 3548.97 3163.61 12805.8 7801.67
internal_count=7997319 222759 158255 17388 64504 55833 22628 15160 33205 32460 8047 6877 24413 6924 8671 5110 17489 140867 83826 57041 82136 8744 73392 51724 21668 21621 10620 11001 35420 20643
is_linear=0
shrinkage=0.05


Tree=198
num_leaves=31
num_cat=0
split_feature=13 39 85 90 77 90 85 40 42 26 51 36 105 36 84 82 48 77 79 79 49 36 26 53 13 87 77 39 42 39
split_gain=234.341 337.343 385.749 413.326 416.685 366.573 1030.02 914.319 885.478 381.53 370.668 321.043 315.14 286.33 284.018 271.13 259.948 244.315 234.272 400.673 351.325 583.354 1078.45 1310.67 674.026 661.373 985.069 663.357 581.636 535.28
threshold=0.0079125771299004572 4.1246385574340829 0.90000000596046459 2984.3454589843755 1.5606444478034975 2758.069946289063 0.90000000596046459 -0.56174489110708226 1.0016221404075625 0.86301031708717357 657.50000000000011 -17.465009689331051 0.95226702094078075 14.629497528076174 -1.0000000180025095e-35 1.0000000180025095e-35 0.60003554821014415 1.5606444478034975 5.5216758251190194 1.9671180844306948 0.93585023283958446 -27.235975265502926 0.37747442722320562 -1.0000000180025095e-35 0.015774403698742393 1.0000000180025095e-35 1.5606444478034975 10.66403913497925 1.0025334954261782 8.8514485359191912
decision_type=2 2 2 2 2 2 2 2 2 2 2 2 8 2 2 2 2 2 2 2 2 2 2 2 2 2 2 2 2 2
left_child=1 2 11 4 -4 12 9 -8 17 14 -10 -1 -3 -13 16 -16 -7 -9 19 -2 21 22 23 24 -21 26 -24 -27 -22 -25
right_child=18 5 3 -5 -6 6 7 8 10 -11 -12 13 -14 -15 15 -17 -18 -19 -20 20 28 -23 25 29 -26 27 -28 -29 -30 -31
leaf_value=-0.046019615607708224 0.00051574778657054459 0.037398330796684726 0.031420702787231955 0.032332790462060591 -0.047703986468146137 -0.04816420244784312 -0.075812646669996625 -0.00034958229391208193 -0.056844834540304139 0.018144925582392134 0.041008103290006107 0.037754262663685222 0.0035929751910264841 -0.087181842379884231 -0.06350763503674102 0.016541002517343136 0.018979405740080234 0.065286068453417542 0.00063541472908951505 -0.027669152835276212 -0.0014447722839883543 -0.00094158496682664097 0.036911116520907339 -0.0038035158245954487 0.020158130663279098 0.030438280424938027 -0.016727336948739097 -0.028468007397811537 -0.0096654397998119854 -0.030326411948248921
leaf_weight=127.24884647130966 769499.56732916832 945.87205894291401 233.39612644910812 519.91549883782864 573.17446223646402 275.47825185954571 225.22424959391356 166.29308038949966 316.8757626414299 306.68968331813812 138.23926956951618 2290.4012203067541 2537.7811938300729 45.855637431144714 1100.0706720352173 116.51280683279037 300.222022742033 954.42377236485481 881807.13897459209 805.48967161774635 79518.720895759761 923065.09483207017 1282.8419999927282 20474.683997750282 8512.1365983784199 7194.4064215272665 2567.2553354352713 511.07774876058102 29499.024109713733 2096.3132199272513
leaf_count=442 2126200 2183 516 1214 2352 1026 992 435 1272 816 356 5080 7578 199 4067 364 869 1999 2269067 3044 272386 3048387 2760 69594 24671 18722 11057 1934 109098 8639
internal_value=-5.34095e-06 0.0072205 0.0193446 -0.00239013 -0.024791 0.000994806 -0.00953258 0.0181998 0.0316792 -0.0333285 -0.0270867 0.0310461 0.0127812 0.0352636 -0.0421444 -0.0558299 -0.0131686 0.0555509 -3.49545e-05 -0.000355352 -0.000978596 -0.000675087 0.004987 0.000244451 0.0160205 0.0180729 0.0011485 0.0265274 -0.00366931 -0.00626832
internal_weight=2.73801e+06 11173.7 3789.99 1326.49 806.571 7383.68 3900.03 1801.06 1575.83 2098.97 455.115 2463.51 3483.65 2336.26 1792.28 1216.58 575.7 1120.72 2.72683e+06 1.84503e+06 1.07553e+06 966509 43444.2 31888.6 9317.63 11555.6 3850.1 7705.48 109018 22571
internal_count=7997319 31760 9803 4082 2868 21957 12196 5054 4062 7142 1628 5721 9761 5279 6326 4431 1895 2434 7965559 5696492 3570292 3188808 140421 105948 27715 34473 13817 20656 381484 78233
is_linear=0
shrinkage=0.05


Tree=199
num_leaves=31
num_cat=0
split_feature=31 49 85 54 37 90 85 35 13 49 53 9 21 86 30 42 54 46 54 8 8 87 41 9 85 42 13 47 13 43
split_gain=219.957 361.208 1058.24 349.932 592.847 590.684 541.724 668.31 603.848 405.794 377.187 367.917 318.536 291.855 278.026 695.84 619.579 1015.24 991.681 616.954 597.555 711.997 557.664 543.596 524.085 1723.43 944.719 912.863 862.332 757.017
threshold=3498.9663085937505 -0.89194178581237782 0.90000000596046459 424595.00000000006 30.901634216308597 2739.195434570313 0.90000000596046459 12.478580951690676 0.01381143555045128 0.98990321159362804 -1.0000000180025095e-35 0.059810653328895576 4.5000000000000009 6.0000000000000009 0.052500000223517425 1.0152000784873965 303620.00000000006 0.079112749546766295 325852.50000000006 -0.006303993519395589 0.0031506378436461095 1.0000000180025095e-35 0.99856334924697887 0.20033982396125796 0.90000000596046459 1.0007683634757998 0.0085381162352859991 0.16680335998535159 0.0097810234874486941 1.0037787556648257
decision_type=2 2 2 2 2 2 2 2 2 2 2 2 2 2 2 2 2 2 2 2 2 2 2 2 2 2 2 2 2 2
left_child=14 2 -2 4 -3 -5 9 -8 11 10 13 -9 -7 -6 15 16 17 24 22 -20 21 -21 -18 -19 27 26 -26 28 -1 -27
right_child=1 3 -4 5 6 12 7 8 -10 -11 -12 -13 -14 -15 -16 -17 18 23 19 20 -22 -23 -24 -25 25 29 -28 -29 -30 -31
leaf_value=-0.04245575329123874 0.07298844500262873 -0.0018525123741231061 -0.059365828563997261 0.0065491683047372478 0.038647127882985549 -0.041829772011052459 -0.063080228999316798 0.052926144385180521 -0.03789650583313986 -0.090144533849573119 0.048004996603057348 -0.056185275469677477 -0.0091566913867440428 -0.055470632915754173 0.00011758159244246389 -0.028852183958348699 -0.072526826979921119 0.0086871305709605492 -0.020519910444314157 -0.0038731324146762816 -0.015862739052008565 0.0047032159314219744 0.018386877147713619 -0.0045312024539923522 0.068074771780941012 -0.016868352455569006 0.0056204341521598408 -0.023467445302357139 -0.0053083267175391734 0.01634581142096278
leaf_weight=1615.6901286840439 576.39307469129562 4072.0606774091721 203.6330750733614 8129.8846806138754 160.94674795866013 945.33782613277435 321.92378038167953 733.01512855291367 337.76463831961155 59.397275298833847 2343.8939611464739 85.484449371695518 3530.8902603015304 166.62417420744896 2461256.3155964799 2323.0374029949307 170.80233809351921 21013.109412811697 3580.2132013514638 39213.176064707339 5257.5280120968819 63202.958543539047 9310.3488507196307 12347.04417283833 621.91127945482731 16274.553511254489 21709.68602322787 9568.1637179255486 46483.222790829837 1916.7170507162809
leaf_count=5651 1079 12160 790 23665 405 3440 1229 1632 1169 247 5205 318 11108 588 7170747 8290 671 59207 11892 123282 16930 178045 25115 37454 1238 53434 63582 31605 141678 5463
internal_value=-5.09298e-06 0.00501256 0.038398 0.00376378 0.011748 -0.00148131 0.0249045 0.000518079 0.0182685 0.0380977 0.0409836 0.0414697 -0.0160659 -0.00923527 -4.51277e-05 -0.00161803 -0.00136712 -0.00374091 0.00121928 -0.000103597 0.000575395 0.00141944 0.0167411 0.00379471 -0.00630121 -0.00194335 0.00736292 -0.00936333 -0.00655711 -0.0133678
internal_weight=2.73753e+06 21667.2 780.026 20887.2 8281.11 12606.1 4209.05 1478.19 1156.26 2730.86 2671.46 818.5 4476.23 327.571 2.71586e+06 254608 252285 131550 120735 111254 107674 102416 9481.15 33360.2 98189.9 40522.9 22331.6 57667.1 48098.9 18191.3
internal_count=7997319 63035 1869 61166 22953 38213 10793 4348 3119 6445 6198 1950 14548 993 7934284 763537 755247 399312 355935 330149 318257 301327 25786 96661 302651 123717 64820 178934 147329 58897
is_linear=0
shrinkage=0.05


end of trees

feature_importances:
f54=583
f55=497
f25=361
f77=246
f79=228
f85=220
f90=219
f49=213
f37=200
f36=194
f22=169
f86=163
f94=163
f87=162
f39=134
f13=131
f42=119
f53=118
f48=111
f50=98
f46=97
f38=91
f35=84
f80=84
f30=83
f99=79
f26=78
f62=72
f104=70
f31=65
f12=64
f8=48
f84=45
f97=44
f81=43
f100=42
f7=40
f24=40
f45=34
f29=32
f65=32
f78=30
f73=27
f6=26
f40=24
f9=23
f28=23
f43=21
f44=21
f51=19
f21=18
f27=18
f41=18
f11=13
f47=11
f74=10
f63=9
f64=8
f82=8
f14=7
f75=7
f5=6
f95=6
f98=6
f20=5
f60=4
f93=4
f0=3
f4=3
f16=3
f33=3
f76=3
f34=2
f52=2
f61=2
f83=2
f105=2
f2=1
f10=1
f17=1
f19=1
f88=1
f91=1
f92=1

parameters:
[boosting: gbdt]
[objective: binary]
[metric: binary_logloss]
[tree_learner: serial]
[device_type: cpu]
[data_sample_strategy: bagging]
[data: ]
[valid: ]
[num_iterations: 200]
[learning_rate: 0.05]
[num_leaves: 31]
[num_threads: 4]
[seed: 42]
[deterministic: 0]
[force_col_wise: 0]
[force_row_wise: 0]
[histogram_pool_size: -1]
[max_depth: 8]
[min_data_in_leaf: 100]
[min_sum_hessian_in_leaf: 0.001]
[bagging_fraction: 0.8]
[pos_bagging_fraction: 1]
[neg_bagging_fraction: 1]
[bagging_freq: 5]
[bagging_seed: 400]
[bagging_by_query: 0]
[feature_fraction: 0.8]
[feature_fraction_bynode: 1]
[feature_fraction_seed: 30056]
[extra_trees: 0]
[extra_seed: 12879]
[early_stopping_round: 0]
[early_stopping_min_delta: 0]
[first_metric_only: 0]
[max_delta_step: 0]
[lambda_l1: 0.1]
[lambda_l2: 1]
[linear_lambda: 0]
[min_gain_to_split: 0]
[drop_rate: 0.1]
[max_drop: 50]
[skip_drop: 0.5]
[xgboost_dart_mode: 0]
[uniform_drop: 0]
[drop_seed: 17869]
[top_rate: 0.2]
[other_rate: 0.1]
[min_data_per_group: 100]
[max_cat_threshold: 32]
[cat_l2: 10]
[cat_smooth: 10]
[max_cat_to_onehot: 4]
[top_k: 20]
[monotone_constraints: ]
[monotone_constraints_method: basic]
[monotone_penalty: 0]
[feature_contri: ]
[forcedsplits_filename: ]
[refit_decay_rate: 0.9]
[cegb_tradeoff: 1]
[cegb_penalty_split: 0]
[cegb_penalty_feature_lazy: ]
[cegb_penalty_feature_coupled: ]
[path_smooth: 0]
[interaction_constraints: ]
[verbosity: -1]
[saved_feature_importance_type: 0]
[use_quantized_grad: 0]
[num_grad_quant_bins: 4]
[quant_train_renew_leaf: 0]
[stochastic_rounding: 1]
[linear_tree: 0]
[max_bin: 255]
[max_bin_by_feature: ]
[min_data_in_bin: 3]
[bin_construct_sample_cnt: 200000]
[data_random_seed: 175]
[is_enable_sparse: 1]
[enable_bundle: 1]
[use_missing: 1]
[zero_as_missing: 0]
[feature_pre_filter: 1]
[pre_partition: 0]
[two_round: 0]
[header: 0]
[label_column: ]
[weight_column: ]
[group_column: ]
[ignore_column: ]
[categorical_feature: ]
[forcedbins_filename: ]
[precise_float_parser: 0]
[parser_config_file: ]
[objective_seed: 16083]
[num_class: 1]
[is_unbalance: 1]
[scale_pos_weight: 1]
[sigmoid: 1]
[boost_from_average: 1]
[reg_sqrt: 0]
[alpha: 0.9]
[fair_c: 1]
[poisson_max_delta_step: 0.7]
[tweedie_variance_power: 1.5]
[lambdarank_truncation_level: 30]
[lambdarank_norm: 1]
[label_gain: ]
[lambdarank_position_bias_regularization: 0]
[eval_at: ]
[multi_error_top_k: 1]
[auc_mu_weights: ]
[num_machines: 1]
[local_listen_port: 12400]
[time_out: 120]
[machine_list_filename: ]
[machines: ]
[gpu_platform_id: -1]
[gpu_device_id: -1]
[gpu_device_id_list: ]
[gpu_use_dp: 0]
[num_gpu: 1]

end of parameters

pandas_categorical:null
