tree
version=v4
num_class=1
num_tree_per_iteration=1
label_index=0
max_feature_idx=92
objective=binary sigmoid:1
feature_names=spread ret_1 ret_2 ret_3 ret_5 ret_10 ret_15 ret_30 ret_60 ret_mom bb_w_20 bb_pos_20 vol_ewma_10 vol_ewma_30 vol_ewma_60 rsi_14 stoch_k stoch_d range_pos_20 body_frac wick_ratio ret_streak hour dow session daily_pos daily_range_pct vol_z trend_ema trend_slope above_ema50 bb_pctile atr_pctile trend_quality body_atr news_candle vol_spike vol_spike_bin spread_z range_pos dist_prev_close dist_prev_high dist_prev_low dist_day_open round50_dist dow_cos close_ma100 close_ma200 open_ma100 high_ma100 low_ma100 atr_pct macd_hist_atr vol_rel h1_trend d1_trend m1_h1_vol_ratio m1_d1_vol_ratio h1_pos d1_pos dist_h1_hi dist_h1_lo htf_align hour_sin hour_cos min_to_london min_to_ny min_to_close dow_sin min_to_event min_since_event pre_event post_event close_loc body_signed up_wick_frac dn_wick_frac flow_mom close_loc_mom flow_conviction adx_14 di_bias cci_20 squeeze squeeze_bin engulf doji hammer pin patt_dir obv_slope donch_pos donch_break
feature_infos=[20:84] [-0.0074346889741718769:0.014568662270903587] [-0.0081752659752964973:0.015519533306360245] [-0.010861200280487537:0.015844430774450302] [-0.014568209648132324:0.016257118433713913] [-0.021041944622993469:0.017650499939918518] [-0.022558849304914474:0.020362738519906998] [-0.021843897178769112:0.021979546174407005] [-0.024752290919423103:0.020511040464043617] [-0.020662939175963402:0.024002771824598312] [0.013373292982578278:1.7692365646362305] [-0.52063643932342529:1.5548751354217529] [0.0019960079807788134:0.22542431950569153] [0.0029327922966331244:0.13954605162143707] [0.0037148618139326572:0.1007506251335144] [9.7268648147583008:94.507476806640625] [0:100] [0.17125989496707916:100] [0:100] [0:1] [0:1] [-14:12] [0:23] [0:4] [0:3] [0:100] [0.040132280439138412:5.2106304168701172] [-3.4115297794342041:3.9952011108398438] [-3.48934006690979:3.5413861274719238] [-2.6635112762451172:3.6214644908905029] [0:1] [0.004999999888241291:1] [0.004999999888241291:1] [0.038825292140245438:14017.9521484375] [0:9.271397590637207] [0:0.40000000596046448] [-3.4115297794342041:3.9952011108398438] [0:1] [-6.7800002098083496:9.8999996185302734] [0:1] [-112.86151123046875:123.72093200683594] [-196.70407104492188:42.528312683105469] [-93.958145141601562:228.11395263671875] [-113.06609344482422:123.63726043701172] [-35.019386291503906:42.106945037841797] [-0.90096884965896606:1] [0.98277467489242554:1.0183998346328735] [0.97517269849777222:1.021068811416626] [0.98295873403549194:1.0182491540908813] [0.98422718048095703:1.0189255475997925] [0.98169589042663574:1.0172492265701294] [0.011774369515478611:0.28900042176246643] [-0.9644433856010437:1.1343227624893188] [0.059639181941747665:5.3206005096435547] [-3.9963572025299072:3.9770402908325195] none [1.5576444864273071:33.498081207275391] [0:371.23538208007812] [-4.9219746589660645:6.0862307548522949] [-2.3657529354095459:2.7682003974914551] [-13.614847183227539:30.310188293457031] [-12.50700855255127:31.034152984619141] none [-1:1] [-1:1] [-1019:420] [-719:720] [-179:1260] [-0.43388372659683228:0.97492790222167969] [0:24082] [1:34560] none [0:1] [0:1] [-1:1] [0:1] [0:1] [-0.64087593555450439:0.75947350263595581] [-0.38420730829238892:0.38339504599571228] [-2.9222919940948486:2.914722204208374] [6.9382367134094238:74.672584533691406] [-0.8999754786491394:0.92728519439697266] [-400:400] [0:3] [0:1] [0:1] [0:1] none [0:1] [-1:1] [-3:3] [0:1] [-1:1]
tree_sizes=6873 6965 6961 6960 6972 6974 7004 6981 6971 6986 6953 6978 6940 6970 6982 6987 6998 6993 6993 6979 6991 6978 6987 6977 6980 6995 7013 6971 6986 6998 7006 6978 6963 6982 6989 6990 6990 7025 6977 7018 6988 7009 7008 6997 6996 6979 6993 6974 6999 6975 6980 7006 6963 6956 6988 7007 6993 7007 6989 6995 6970 7000 6979 6993 7005 6977 7019 6983 6993 6986 6989 7007 7013 7006 6988 6970 6980 6993 6992 7029 6987 7005 6999 7003 7006 7008 7017 6999

Tree=0
num_leaves=63
num_cat=0
split_feature=83 83 5 5 83 10 83 5 29 14 83 59 53 54 12 5 5 60 63 5 59 54 63 26 30 57 54 28 18 51 53 14 29 18 56 82 18 61 8 65 5 10 4 63 53 44 43 60 43 28 18 30 25 77 57 56 10 38 63 53 26 81
split_gain=3584.01 849.742 253.784 400.899 233.917 98.9777 85.0859 73.4338 112.257 64.4328 58.0543 51.0412 49.2906 46.2798 42.8511 37.7676 44.906 35.5009 34.8058 34.5914 34.2537 34.1092 31.3109 32.3603 31.1057 31.098 30.8834 29.3367 39.3519 28.7761 28.2539 30.5554 26.876 36.0218 26.7025 24.8869 27.7073 23.7739 23.3747 23.3602 22.1911 21.8048 21.5206 21.2862 20.9509 20.3328 19.8477 21.0667 19.3356 23.8634 19.6768 19.0309 21.2101 18.855 18.7558 18.4423 23.1031 18.4349 18.4319 18.3215 18.1526 17.9858
threshold=0.13917518407106402 1.0874727964401247 -0.00086629900033585716 0.00083425932098180066 0.010669274255633356 0.056329838931560523 0.49562166631221777 0.0014380452921614053 -1.0075990557670591 0.011220230255275966 0.52618610858917247 0.8771427869796754 1.060396730899811 -0.44759947061538691 0.010007329750806095 -0.00031217074138112361 0.0002847519208444283 5.0462613105773935 0.84688794612884533 0.0022409680532291536 1.4096354246139529 -0.24197693914175031 0.33586180210113531 1.5200750231742861 0.22500000149011615 54.15705871582032 -0.67864775657653797 -0.3242842555046081 63.641098022460945 0.038917126134037978 0.88591593503952037 0.017509498633444313 -0.77029019594192494 31.951545715332035 13.106664180755617 -65.254001617431626 24.17909145355225 3.872449636459351 0.00060139788547530781 -336.49999999999994 0.0012174312723800542 0.049969855695962913 -0.00068726073368452479 0.95037782192230236 0.7804049849510194 3.5512828826904301 -3.9048842191696163 6.8535544872283944 -20.450397491455075 0.37267592549324041 48.398910522460945 1.0000000180025095e-35 43.371393203735359 -0.09456815198063849 19.563225746154789 6.4645137786865243 0.066109817475080504 -0.14209798723459241 0.17149884253740313 1.0323297381401064 1.5669384598731997 -0.030122591182589527
decision_type=2 2 2 2 2 2 2 2 2 2 2 2 2 2 2 2 2 2 2 2 2 2 2 2 2 2 2 2 2 2 2 2 2 2 2 2 2 2 2 2 2 2 2 2 2 2 2 2 2 2 2 2 2 2 2 2 2 2 2 2 2 2
left_child=4 2 10 6 5 29 14 8 -3 18 22 25 26 27 15 38 55 54 61 58 -13 24 23 -2 59 44 40 45 -29 41 46 53 -19 -34 42 -15 -37 39 51 -27 -5 43 -16 -1 -7 -8 47 -11 -44 50 -50 -4 -53 -32 -10 60 -57 -52 -14 -12 -17 -6
right_child=1 7 3 12 9 11 13 -9 17 30 21 20 19 35 34 16 -18 32 -20 -21 -22 -23 -24 -25 -26 37 -28 28 -30 -31 31 -33 33 -35 -36 36 -38 -39 -40 -41 -42 -43 48 -45 -46 -47 -48 -49 49 -51 57 52 -54 -55 -56 56 -58 -59 -60 -61 -62 -63
leaf_value=-0.085418387216389086 -0.10882029147064877 -0.16201426113698339 -0.10863532988043312 -0.12989305446286645 -0.094864022929037714 -0.098067177405355921 -0.1170451925978325 -0.16501590241854663 -0.13248494638087513 -0.10183065010598703 -0.14477043362449304 -0.11665778733178009 -0.12273173450348281 -0.14256789916825741 -0.13178953722564329 -0.10082027558271123 -0.1151362380799786 -0.14406386865108792 -0.080696201276005949 -0.15290770117108812 -0.089569763731603538 -0.15692936626968981 -0.1425567825266863 -0.13287219975055869 -0.15066999864382585 -0.079860816683798852 -0.15435348294432821 -0.13485352000208828 -0.11301029320866453 -0.073782947197517143 -0.11558263805644547 -0.11916797387794067 -0.1105827905398984 -0.13960804188401543 -0.10027318897891375 -0.10743381468548685 -0.1299323838487888 -0.11120908360603067 -0.10087999920362578 -0.10735898235525322 -0.14759788374600633 -0.098875640557527553 -0.10435945311838866 -0.065807987725461842 -0.086684610965733461 -0.098621253042113416 -0.12848414918020618 -0.12684860646990487 -0.11766602704306874 -0.11189592212404917 -0.12246240400873641 -0.11608450071400812 -0.14080979497643273 -0.096432886507834159 -0.1504314651474008 -0.113683927895148 -0.091431683718877568 -0.14085393336782476 -0.13686886469500126 -0.1239825192379163 -0.078556864156171802 -0.10955654634432277
leaf_weight=603.2747611105442 67.251934558153152 436.39033091068268 51.061654016375542 112.33563883602619 146.21068735420704 200.5103974789381 150.69414965808392 375.3654273301363 60.028578624129295 74.47529049217701 63.266634732484818 152.18863709270954 174.35686737298965 122.04980716109276 122.79705087840557 60.277659863233566 207.23559093475342 150.44506841897964 85.434865012764931 68.248259514570236 58.035928711295128 223.92403395473957 198.26866632699966 200.26131623983383 170.37156754732132 61.772147297859192 275.73293168842793 158.66474930942059 139.48549389839172 236.12901467084885 62.519391015172005 136.74560026824474 71.237234383821487 83.691296339035034 65.259284645318985 55.296035081148148 451.58428649604321 126.28418822586536 49.816247820854187 50.563491538167 147.20701231062412 99.383414402604103 80.702321469783783 54.299710124731064 530.79212053120136 83.940377578139305 138.24008770287037 51.061654016375542 197.52142260968685 212.96445943415165 104.86320166289806 54.299710124731064 73.478965535759926 178.09308595955372 412.97669443488121 92.409139707684517 76.966102883219719 92.160058468580246 158.41566807031631 96.145358294248581 72.731721818447113 153.93220576643944
leaf_count=2422 270 1752 205 451 587 805 605 1507 241 299 254 611 700 490 493 242 832 604 343 274 233 899 796 804 684 248 1107 637 560 948 251 549 286 336 262 222 1813 507 200 203 591 399 324 218 2131 337 555 205 793 855 421 218 295 715 1658 371 309 370 636 386 292 618
internal_value=-0.121351 -0.134445 -0.128069 -0.124429 -0.0954807 -0.0899056 -0.118704 -0.153418 -0.149834 -0.107281 -0.141327 -0.0957786 -0.141404 -0.124895 -0.114249 -0.108924 -0.104379 -0.143006 -0.0975904 -0.133452 -0.10918 -0.147893 -0.133522 -0.126826 -0.141758 -0.092874 -0.147362 -0.11839 -0.124634 -0.0829263 -0.11311 -0.107844 -0.135032 -0.126262 -0.118735 -0.130406 -0.127478 -0.102278 -0.119054 -0.092238 -0.139935 -0.0857785 -0.12022 -0.083799 -0.0898055 -0.110454 -0.120642 -0.112007 -0.118156 -0.119989 -0.124357 -0.124116 -0.130303 -0.101409 -0.148154 -0.0970068 -0.103572 -0.131065 -0.129462 -0.132233 -0.0886463 -0.102399
internal_weight=9522.13 6322.18 4732.05 3712.56 3199.95 2173.23 2776.26 1590.13 1214.77 1026.71 1019.49 1180.15 936.296 1161.71 1614.54 738.277 509.62 778.379 385.578 401.021 210.225 553.708 465.782 267.513 329.784 969.922 535.276 532.785 298.15 993.087 641.135 377.358 305.374 154.929 876.268 628.93 506.88 238.62 228.657 112.336 259.543 756.958 811.009 657.574 731.303 234.635 263.777 125.537 688.211 607.509 394.545 178.84 127.779 240.612 473.005 302.385 169.375 197.023 332.773 159.412 133.009 300.143
internal_count=38229 25382 18998 14905 12847 8725 11146 6384 4877 4122 4093 4738 3759 4664 6482 2964 2046 3125 1548 1610 844 2223 1870 1074 1324 3894 2149 2139 1197 3987 2574 1515 1226 622 3518 2525 2035 958 918 451 1042 3039 3256 2640 2936 942 1059 504 2763 2439 1584 718 513 966 1899 1214 680 791 1336 640 534 1205
is_linear=0
shrinkage=1


Tree=1
num_leaves=63
num_cat=0
split_feature=83 83 83 83 52 52 14 10 12 83 80 77 41 29 52 42 29 64 52 53 41 29 77 40 65 77 52 12 12 18 58 57 52 54 61 64 54 64 28 54 52 14 12 53 25 11 80 77 10 12 52 56 56 41 47 29 25 77 53 57 3 42
split_gain=3523.17 692.031 385.141 177.862 119.611 128.608 97.9012 88.0759 67.9212 61.8273 56.5074 52.8238 46.5961 45.1313 50.9166 43.607 44.1558 38.9548 38.1715 37.8515 36.6339 36.5472 34.9676 33.3228 32.4696 31.2842 31.2206 32.7726 29.5376 33.2891 31.0911 27.9629 26.1295 25.5961 23.8246 23.6547 22.6546 25.222 29.4599 22.4976 23.9715 22.4259 22.3626 20.8486 20.4284 20.1539 24.3859 20.0282 20.0188 26.8673 19.9267 19.8812 19.2423 18.8277 18.7558 18.6502 18.3557 18.3237 18.1593 18.0759 17.8933 17.6241
threshold=0.20561888813972476 1.0874727964401247 0.010669274255633356 0.4908346831798554 -0.262771725654602 0.19777349382638934 0.015590753871947529 0.056329838931560523 0.01045397110283375 1.4604680538177492 24.389298439025882 -0.17535937577486035 -6.3733410835266104 -0.60776260495185841 0.16239389777183535 -18.583329200744625 0.95454317331314098 0.93894198536872875 0.16537520289421084 1.1409778594970705 -39.358087539672844 0.48270276188850408 -0.19156140089035031 -20.800015449523922 354.50000000000006 0.13061463087797168 -0.076426096260547624 0.010699172038584949 0.0086924722418189066 68.635105133056655 -0.12706050276756284 18.748115539550785 -0.22404696047306058 0.80157276988029491 4.4208748340606698 0.11970336735248567 -0.37696772813796992 -0.90722548961639393 -1.4349214434623716 -1.344562768936157 0.19445858150720599 0.012145375367254021 0.0072108020540326842 0.88037973642349254 47.073843002319343 0.71626427769660961 22.796848297119144 -0.14647030830383298 0.18532114475965503 0.015985134057700637 0.041571209207177169 3.7535582780838017 7.5977425575256357 -12.835771083831785 0.99755457043647777 -1.0759288668632505 42.469318389892585 -0.17031217366456983 0.9664597511291505 40.76795959472657 -0.00012477846030378711 -3.6588689088821407
decision_type=2 2 2 2 2 2 2 2 2 2 2 2 2 2 2 2 2 2 2 2 2 2 2 2 2 2 2 2 2 2 2 2 2 2 2 2 2 2 2 2 2 2 2 2 2 2 2 2 2 2 2 2 2 2 2 2 2 2 2 2 2 2
left_child=2 3 7 6 59 11 10 39 22 31 13 60 25 44 26 -13 28 21 47 20 -7 23 -4 -10 41 32 42 -28 -17 30 -30 -3 -9 52 -21 -16 37 -33 -39 -1 57 55 -15 -25 -2 46 -24 -8 49 -49 -31 -34 -14 54 -51 -11 -45 -41 -47 -5 -6 -12
right_child=1 9 8 4 5 19 18 12 17 24 61 15 33 14 35 16 -18 -19 -20 34 -22 -23 45 43 -26 -27 27 -29 29 50 -32 36 51 -35 -36 -37 -38 38 -40 40 -42 -43 -44 56 -46 58 -48 48 -50 53 -52 -53 -54 -55 -56 -57 -58 -59 -60 -61 -62 -63
leaf_value=0.048641841839269513 -0.0066194834159507302 -0.0087211779449656024 -0.0019694411284920353 -0.025099689025668382 -0.01360417565119224 -0.014968573515321685 -0.01824769173278629 0.01356064026974017 0.025243718827309435 -0.041371699994205639 0.026768027540001717 0.017925165225083781 0.0011623917956327405 0.01569098536366631 -0.020569684864392198 0.0059096083849040065 -0.031160332635809834 0.029382852310998825 -0.026383170831986526 -0.0016747185635986111 -0.036130265767300135 -0.01501089213105828 0.019698601352513199 -0.0035979057663208702 -0.014132247109256545 0.012904107460890874 0.019890454024188427 0.0014197763585328917 0.0039827654615528126 0.016506715162305736 -0.01291467946304381 -0.0027856954184883724 0.014337425887694159 0.030201662330773371 -0.023554570785911843 -0.0001497425568122462 -0.033476426702235662 -0.00527347795589577 -0.029856738130528093 0.019973665062472279 0.017103527522946246 -0.041416017492482277 -0.0061620195988994304 0.00073077514880790103 -0.033042911746270491 0.0048213370509349986 0.035543224262048922 0.0047030220255914598 0.011842904242990213 -0.021467335491419409 -0.0024599678621477837 0.033190483973732393 0.023089751198554612 -0.030061820831628314 0.0023628549027639436 -0.025353923119004779 0.013364411491925706 0.038152150782534415 0.025262612383353329 -0.039692701720936335 -0.031535665554486371 0.0099571217142489041
leaf_weight=138.52542014420033 55.28887052834034 87.54667654633522 67.784342423081398 243.20086635649204 148.2666432261467 107.51667083799839 116.73462289571762 77.07374669611454 73.509545773267746 101.83030977845192 68.265719160437584 77.711132824420929 123.38917879760265 52.573854893445969 112.27414110302925 218.87195412814617 56.476596146821976 58.072669863700867 123.14496161043644 91.108325272798538 233.56382587552071 82.198505878448486 304.15825773775578 218.67317692935467 54.910929128527641 105.51641584932804 197.65172761678696 153.67164760828018 119.74846442043781 71.476566255092621 539.66927281022072 53.194440364837646 54.115828588604927 60.574521884322166 88.101712241768837 93.638555914163589 263.24589136242867 53.949472695589066 234.88924242556095 53.402346298098564 58.645503357052803 561.49255572259426 212.45221647620201 184.3657528758049 50.28019355237484 110.40352067351341 122.68276457488537 104.84655748307705 60.247113689780235 53.276868611574173 164.79464589059353 721.68410924077034 50.867178574204445 50.046684429049492 67.241961300373077 182.97468575835228 235.98861694335938 761.91906370222569 60.573174670338631 111.37829065322876 75.632419258356094 315.63102413713932
leaf_count=555 222 352 272 978 596 432 469 309 295 410 274 312 495 211 451 879 227 233 495 366 939 330 1220 878 221 423 793 617 481 287 2168 214 217 243 354 376 1059 217 945 214 235 2260 853 740 202 443 492 421 242 214 662 2893 204 201 270 736 947 3053 243 448 304 1267
internal_value=0.000104063 -0.0144586 0.0228969 -0.00811661 -0.0136292 -0.0107729 -0.0012596 0.0309015 0.011269 -0.0313071 0.0032664 -0.00624306 0.0253793 -0.000738809 0.00163196 -0.00383718 -0.00528135 0.00566357 -0.0115749 -0.0235943 -0.0294596 0.00393036 0.0184511 0.00611543 -0.0364875 0.0283138 0.00594689 0.0118112 -0.00397002 -0.00638422 -0.00984615 -0.0245686 0.0302203 0.0134028 -0.0124311 -0.0112837 -0.0268607 -0.021769 -0.0252651 0.0374093 0.035629 -0.037938 -0.00182699 0.00391503 -0.0192044 0.0207665 0.0242527 -0.00754401 -0.00382152 -0.00724815 0.00327782 0.0318754 0.00756321 -0.0145945 -0.00817158 -0.031081 0.00782335 0.0369615 0.0120632 -0.0296836 -0.0196614 0.0129465
internal_weight=9552.94 5828.82 3724.12 4234.78 2347.52 1992.94 1887.27 2205.71 1518.41 1594.03 1311.73 1472.65 1193.22 927.831 822.262 1248.75 1171.04 852.808 575.539 520.291 341.08 794.736 665.602 712.537 901.208 958.39 616.349 351.323 1114.56 895.689 659.418 692.826 852.874 234.831 179.21 205.913 605.279 342.033 288.839 1012.49 873.967 846.298 265.026 639.028 105.569 597.818 426.841 452.394 335.659 275.412 236.271 775.8 174.256 170.566 120.519 284.805 420.354 815.321 170.977 354.579 223.899 383.897
internal_count=38359 23425 14934 17011 9433 8007 7578 8841 6093 6414 5266 5916 4784 3725 3301 5016 4704 3423 2312 2091 1371 3190 2670 2860 3627 3842 2474 1410 4477 3598 2649 2787 3419 942 720 827 2435 1376 1162 4057 3502 3406 1064 2565 424 2398 1712 1817 1348 1106 949 3110 699 685 484 1146 1687 3267 686 1426 900 1541
is_linear=0
shrinkage=0.03


Tree=2
num_leaves=63
num_cat=0
split_feature=83 83 83 77 17 10 33 10 42 66 31 65 59 83 10 51 83 17 29 60 10 26 41 59 63 70 29 58 69 25 63 63 43 56 51 10 64 29 64 60 63 80 28 30 77 29 3 77 27 31 63 64 7 51 40 42 68 42 56 28 26 40
split_gain=3320.31 557.729 481.564 152.73 168.613 81.5355 69.8867 63.703 58.8126 61.7892 56.1533 65.1283 50.8763 45.1505 43.9829 41.5206 40.8899 39.1865 39.0397 40.0346 35.2415 33.3096 31.0575 27.8565 27.0214 26.4851 25.9113 25.6695 25.6579 25.2969 23.8897 27.1311 23.0864 24.6477 22.534 26.5393 26.7155 22.5192 22.1167 21.7095 20.0677 19.8391 23.0321 19.7257 19.6096 24.7899 19.4768 21.7884 22.6233 19.3142 19.0871 18.9461 30.3815 18.5987 18.3571 25.5388 19.2988 18.0898 17.9938 17.9827 17.9017 17.7052
threshold=0.26083885133266455 1.0874727964401247 0.0070535871200263509 -0.22064402699470517 85.511924743652358 0.056329838931560523 362.73524475097662 0.097329456359148039 -18.583329200744625 638.50000000000011 0.97750002145767223 354.50000000000006 0.8655015528202058 0.10351252555847169 0.092321798205375685 0.027582627721130851 0.4908346831798554 81.354038238525405 -1.0075990557670591 5.0462613105773935 0.12690073251724246 0.84779247641563427 -53.128269195556634 1.4096354246139529 0.96065577864646923 5622.5000000000009 -0.48751667141914362 -0.50217330455780018 9690.5000000000018 90.591709136962905 0.44424325227737432 -0.33174875378608698 -21.098176002502438 8.2150750160217303 0.038736866787076003 0.048885982483625419 -0.93279412388801564 -0.54078143835067738 0.96648588776588451 7.7488713264465341 0.94762688875198375 19.109164237976078 0.33681923151016241 1.0000000180025095e-35 -0.085292708128690706 0.28540015220642095 -0.00035410113923717285 -0.15528684854507444 0.06990943476557733 0.33750000596046453 0.33586180210113531 -0.90722548961639393 0.0019151376327499749 0.020234299823641781 -16.37005519866943 40.870212554931648 0.87837970256805431 27.485380172729496 5.8796191215515146 0.054300274699926383 1.4131107926368716 -19.367568016052243
decision_type=2 2 2 2 2 2 2 2 2 2 2 2 2 2 2 2 2 2 2 2 2 2 2 2 2 2 2 2 2 2 2 2 2 2 2 2 2 2 2 2 2 2 2 2 2 2 2 2 2 2 2 2 2 2 2 2 2 2 2 2 2 2
left_child=2 3 5 30 6 34 20 13 28 16 11 15 44 21 -6 -3 25 32 -17 51 26 -4 37 49 38 -10 -5 -24 -8 46 31 -2 -9 -34 35 36 -1 -18 54 41 53 42 -27 -23 -7 -46 -29 -48 -49 -14 57 52 -20 -38 -15 56 -56 -28 -22 -52 -43 -45
right_child=1 10 7 4 14 12 8 17 9 -11 -12 -13 23 24 -16 18 22 -19 19 -21 58 43 27 -25 -26 39 50 29 -30 -31 -32 -33 33 -35 -36 -37 40 -39 -40 -41 -42 60 -44 61 45 -47 47 48 -50 -51 59 -53 -54 -55 55 -57 -58 -59 -60 -61 -62 -63
leaf_value=0.053746817972004417 -0.027595139217470935 -0.0037202078936081 0.034647422676684116 -0.019516001886318534 -0.0085606016356307799 0.020206567284791425 0.033098882431529822 0.020904748692435717 -0.0068658663253310728 0.020818903972118538 -0.040596205277761865 0.0064119815165725397 0.012247693527118608 0.014772973910851486 -0.028247479503116579 -0.039887401646223689 -0.0059702943149136482 -0.016833139652538874 -0.033500795931580084 -0.017238331586630833 -0.030518634096065436 0.027047823080867027 0.011168531728460464 0.029547527623696831 0.025711939599136882 0.011427202965360249 0.012840570663503996 -0.020532804347548141 0.0072773894944954337 0.0045612663029857168 -0.034456764972367299 -0.0082642514472669286 -0.0027989194464795647 0.011767845213828256 0.044405040307039338 0.02038337595515485 0.048396202550037251 0.020787025459543564 0.025393291554872365 -0.005017916855797183 0.05175648095083956 0.02270799406737951 -0.014731463527595726 0.027769619785790057 0.033136280832801922 0.019799674876651817 -0.025702097203681093 -0.012817276306640269 1.9103115125126317e-05 -0.010356441783822813 -0.0015506420602367078 -0.034059982863546605 -0.0028217005673347542 0.030245993775124824 -0.0060345871653352343 0.012002141858341095 0.013141632983735321 -0.0065948603090029397 -0.01460899532498409 -0.021938049722847987 0.0065391088686729678 0.0098977847344807225
leaf_weight=69.959616288542747 170.84461106359959 57.065392181277275 106.30703307688236 93.22162689268589 140.77887538075447 236.73509894311428 56.321631669998169 68.814638182520866 227.66735103726387 96.613118246197701 369.7408497184515 49.625899463891983 103.7363413721323 132.15837797522545 372.07122525572777 269.89846222102642 57.749191090464592 88.852117627859116 69.209356337785721 269.37947119772434 79.300331562757492 113.51955363154411 51.037710338830948 55.923176407814026 72.535096451640129 65.254513844847679 108.07843771576881 199.38922686874866 89.941451609134674 87.556158646941185 171.32496149837971 105.81612421572208 300.1115225404501 160.42617356777191 243.17332498729229 111.39647050201893 57.21531754732132 55.526720091700554 51.13243268430233 130.97978267073631 52.48731105029583 115.38132770359516 56.541487038135529 59.3919827491045 561.13410750031471 161.55072003602982 67.308922916650772 300.74756044149399 209.75245131552219 50.622410088777542 106.99508000910282 453.51736360788345 50.067939072847366 453.97175061702728 268.17318800091743 159.30837328732014 57.330782115459442 71.690734371542931 331.17041049897671 61.215921267867088 132.28321450948715 311.79475477337837
leaf_count=280 688 230 426 375 566 948 226 276 914 388 1493 200 416 530 1498 1090 232 357 279 1085 319 455 205 224 291 262 434 802 361 352 690 426 1205 644 973 446 229 223 205 526 210 463 227 238 2247 647 271 1209 843 203 430 1830 202 1817 1076 639 230 288 1332 246 531 1250
internal_value=3.95021e-05 -0.0154205 0.020367 -0.00919782 -0.00700682 0.0301311 -0.0041588 0.00956113 -0.00109415 -0.00253917 -0.0303556 -0.0272489 0.0247711 0.0132558 -0.0228434 -0.0286777 -0.00382345 0.00160267 -0.0299583 -0.0267763 -0.0113558 0.0194396 -0.00767288 0.0114069 0.00832115 0.00161714 -0.00546957 -0.00950584 0.0172205 -0.010726 -0.0256532 -0.0202015 0.00469713 0.00227535 0.0364755 0.0338874 0.0362615 0.00714588 0.00643305 0.00547635 0.0340913 0.00919673 -0.000716463 0.0161042 0.0277002 0.030155 -0.0124483 -0.00965845 -0.00754311 0.0048346 -0.00170662 -0.0312619 -0.0206229 0.0322775 0.00486169 0.0021599 -0.00265709 0.00508985 -0.0176826 -0.0089701 0.0140718 0.0127574
internal_weight=9508.83 5401.06 4107.76 3812.56 3364.57 2157.91 2851.72 1949.86 2000.05 1853.79 1588.5 1218.76 1169.7 1331.65 512.85 1169.14 1757.18 618.204 1112.07 842.174 851.673 591.013 1029.07 210.282 740.638 728.108 441.202 915.792 146.263 864.754 447.986 276.661 529.352 460.538 988.204 745.03 633.634 113.276 668.103 500.44 563.674 369.461 121.796 484.706 959.42 722.685 777.198 577.809 510.5 154.359 347.98 572.795 119.277 511.187 616.971 484.812 325.504 179.769 410.471 168.211 247.665 371.187
internal_count=38198 21736 16462 15327 13523 8640 11459 7822 8035 7448 6409 4916 4685 5340 2064 4716 7060 2482 4486 3396 3424 2369 4137 843 2971 2923 1773 3682 587 3477 1804 1114 2125 1849 3955 2982 2536 455 2680 2009 2256 1483 489 1943 3842 2894 3125 2323 2052 619 1398 2311 481 2046 2475 1945 1306 722 1651 676 994 1488
is_linear=0
shrinkage=0.03


Tree=3
num_leaves=63
num_cat=0
split_feature=83 83 83 5 5 5 29 5 5 52 52 5 4 52 33 4 52 43 64 64 64 41 32 27 33 68 43 67 63 63 46 9 32 29 29 83 43 60 51 4 5 5 63 83 52 82 63 32 26 44 63 29 70 63 51 90 69 41 56 56 51 27
split_gain=3051.82 591.077 321.721 188.507 290.178 81.6076 103.703 75.0531 101.5 57.395 60.6916 46.6419 48.1235 45.3701 44.3384 40.6424 39.2868 36.4821 34.7641 32.5113 31.6975 30.8377 30.5353 30.3309 29.9295 26.9655 26.3203 26.2421 26.2684 26.2332 24.6796 24.6488 23.9071 23.5268 23.1549 22.8727 22.5138 22.3796 22.0578 21.9896 22.9204 21.8961 20.9169 20.9081 20.4886 20.4223 20.2202 19.279 25.4155 19.1568 19.1514 19.1207 19.099 18.9517 18.2539 18.5032 17.9755 22.3734 19.0928 20.1975 17.8552 17.5277
threshold=0.20561888813972476 1.0874727964401247 1.0000000180025095e-35 -0.00093361694598570455 0.00083425932098180066 0.0014380452921614053 -1.0075990557670591 0.00075151299824938189 -0.00059485959354788054 -0.071931503713130937 0.18146281689405444 0.00070856171078048657 -0.00068726073368452479 0.15147592872381213 1449.4182128906252 -0.00085270003182813514 -0.21393965929746625 -20.123704910278317 0.11970336735248567 0.95943480730056774 -0.96868926286697377 -40.830745697021477 0.8725000023841859 1.3126904964447024 2690.118774414063 0.6078576147556306 -23.715250015258786 410.50000000000006 0.31109040975570684 0.31109040975570684 1.0005137324333193 0.00050020698108710359 0.65749999880790722 0.31411573290824896 0.730543613433838 0.4564040750265122 -21.098176002502438 3.7357219457626347 0.04366224259138108 0.0005380527290981264 0.00019825688650598752 -0.0004909897397737949 0.10669767111539842 0.53083550930023204 -0.20065379887819287 24.223415374755863 0.9556623399257661 0.61250001192092907 0.8448101580142976 -4.3122997283935538 0.31109040975570684 0.48270276188850408 9866.5000000000018 0.8537760078907014 0.086295180022716536 -1.0563466548919676 3967.5000000000005 -25.788103103637692 7.4305298328399667 4.6230926513671884 0.044608058407902725 -0.3054912388324737
decision_type=2 2 2 2 2 2 2 2 2 2 2 2 2 2 2 2 2 2 2 2 2 2 2 2 2 2 2 2 2 2 2 2 2 2 2 2 2 2 2 2 2 2 2 2 2 2 2 2 2 2 2 2 2 2 2 2 2 2 2 2 2 2
left_child=2 3 11 16 9 6 -3 8 29 14 15 12 -1 34 32 -11 43 -17 -12 21 -14 45 54 26 25 -10 -15 30 42 49 38 -20 36 41 50 -33 44 -21 -19 46 -41 -22 -29 -2 -5 -8 47 48 -30 -4 -6 -28 -35 -31 55 -18 57 -43 59 -59 -53 -9
right_child=1 5 7 4 13 -7 19 61 24 10 18 -13 20 23 -16 17 22 27 31 37 33 -23 -24 -25 -26 -27 51 28 39 53 -32 35 -34 52 -36 -37 -38 -39 -40 40 -42 56 -44 -45 -46 -47 -48 -49 -50 -51 -52 60 -54 -55 -56 -57 -58 58 -60 -61 -62 -63
leaf_value=0.016287612864865006 -0.017444059494331553 -0.037322489810309147 -0.0074763890319823143 -0.013237862349545102 0.010733471152990112 -0.041338032353626812 -0.00063087345955077092 -0.014417798603076151 0.013195304327507387 -0.015635882829542643 -0.017511933430794695 0.015123937474259577 0.046514356467484905 -0.0051021419125125006 0.0094624193313818886 0.020938246712045284 -0.014745254076391783 0.01199189444445636 -0.01251763385356929 -0.017195237937517462 0.02355074066699938 -0.02459622766178491 0.00085997073911288271 -0.0064322728562622626 0.039138140290526209 0.023452314385206841 -0.019143304282087891 0.010961559653506368 0.026630505525105624 -0.016343311720672035 -0.015106918984071115 0.024880160328240798 0.0006090145830068165 0.013534365207630315 -0.019724495174246643 -0.0026740723893186385 -0.014577512596444065 0.011241027398803215 -0.0081493980489758013 -0.020965087140529762 0.0066359101769118394 0.037346844674295186 0.030960124229883219 -0.030637397569347906 0.013158802931124649 -0.023508596716976707 0.019318218823761491 -0.011101327759963446 0.0032207749936092084 0.01431584709898839 -0.012730941971379077 -0.02173160338795626 0.032761469849512614 0.0038884401888879738 -0.0017962230739333516 -0.031969049771208485 0.036794515634505462 0.031419941549742592 0.033624327531940924 0.0091141915422859633 -0.03593860698786492 0.00264370722893493
leaf_weight=193.3816531598568 166.65999077260494 423.65628384053707 51.131011039018631 49.734257817268372 74.113736733794212 377.41416051983833 93.716874703764915 100.11362129449844 583.84521110355854 66.667088314890862 156.88894081115723 196.59071329236031 126.71715085208416 51.663037687540054 151.4250879585743 178.57647061347961 138.08613583445549 126.33689813315868 65.931501626968384 49.530420646071434 217.63071432709694 536.21366523206234 103.14970777928829 85.655388727784157 59.689885720610619 381.35491950809956 167.72355574369431 124.27929961681366 53.568178415298462 106.18697012960911 83.922600731253624 52.830890581011772 197.03204298019409 117.44133478403091 80.228188186883926 55.698173075914383 439.61967325210571 50.107207149267197 79.875722289085388 50.782393753528595 58.009309068322182 177.4719634950161 75.765275403857231 307.69500888884068 56.560460403561592 56.162503778934479 119.56680817902088 56.263720601797104 189.02493001520634 125.20221967995167 54.199529364705086 117.24710284173489 76.971623152494431 68.583624675869942 50.174370720982552 94.586056023836136 731.5365876853466 56.713727802038193 102.96808663010597 102.68204475939274 248.06235052645206 118.1426125317812
leaf_count=774 671 1718 205 200 298 1530 378 402 2340 268 631 787 507 208 608 716 556 507 265 200 871 2167 415 345 239 1528 676 499 215 426 337 212 792 470 323 224 1768 202 321 204 233 710 304 1243 227 227 480 226 759 502 218 473 308 275 202 381 2927 227 412 411 1001 474
internal_value=6.39382e-07 -0.0135467 0.0213224 -0.00768665 -0.00448453 -0.0291594 -0.0253588 0.0111614 0.0137538 0.000749386 0.00416224 0.0290358 0.0304726 -0.019303 -0.00533316 0.00716104 -0.0202191 0.00843181 -0.00726494 -0.0189081 0.0320766 -0.0212336 -0.0131125 -0.0231048 0.0185228 0.0172479 -0.0255472 0.00623664 0.00927984 -0.000167081 -0.00139153 0.00194997 -0.00834875 0.0309212 -0.0070824 0.0107391 -0.0115818 -0.0028948 0.00419024 0.00576777 -0.00624784 0.0322893 0.0185359 -0.026002 0.000808062 -0.00920357 0.00889187 0.0047205 0.00838999 0.00799679 0.000822102 -0.0275288 0.0211467 -0.00840395 -0.018208 -0.0217471 0.0339129 0.0291201 0.0235552 0.0170507 -0.0313788 -0.00518237
internal_weight=9508.76 5814.4 3694.36 4227.6 3367.25 1586.8 1209.39 1594.25 1375.99 2488.36 1593.99 2100.11 1903.51 878.893 894.372 1262.64 860.351 1195.97 331.35 785.731 1710.13 686.093 385.996 670.351 1024.89 965.2 584.696 1017.4 727.26 351.104 290.135 174.461 742.946 1583.42 208.541 108.529 545.914 99.6376 206.213 527.215 108.792 1389 200.045 474.355 106.295 149.879 418.424 298.857 242.593 176.333 128.313 533.033 194.413 174.771 282.847 232.672 1171.37 439.836 262.364 159.396 365.309 218.256
internal_count=38223 23428 14795 17006 13538 6422 4892 6391 5515 9996 6401 8404 7617 3542 3595 5069 3468 4801 1332 3174 6843 2772 1554 2703 4107 3868 2358 4085 2920 1408 1165 701 2987 6336 839 436 2195 402 828 2117 437 5558 803 1914 427 605 1680 1200 974 707 516 2150 778 701 1139 937 4687 1760 1050 638 1474 876
is_linear=0
shrinkage=0.03


Tree=4
num_leaves=63
num_cat=0
split_feature=83 83 83 5 5 5 52 10 83 5 5 53 83 80 1 47 58 5 64 52 53 64 5 3 33 63 31 68 25 31 63 64 42 42 44 5 64 23 40 53 40 9 67 28 28 42 53 65 61 33 52 52 51 83 44 83 42 33 2 38 46 42
split_gain=2912.74 576.682 277.558 149.17 223.74 91.1264 128.002 85.2908 62.9665 53.6952 68.8995 53.4118 47.145 43.2114 41.5917 39.3155 38.5017 34.5891 34.0532 31.0678 30.7748 30.5767 29.7537 26.1713 25.0987 24.9908 24.8828 24.5801 25.4602 31.6239 23.5281 23.9368 21.8155 24.8524 26.737 21.5939 21.423 20.5595 27.2545 20.3052 20.1046 24.9456 39.6877 19.7496 19.6199 19.3017 19.0072 18.8554 18.485 18.1966 18.0581 28.9245 27.7688 21.2117 17.7497 17.6539 17.5823 16.7586 16.7035 16.5366 16.2216 16.1205
threshold=0.19386509805917743 0.92666059732437145 0.010669274255633356 -0.00093361694598570455 0.00083425932098180066 0.0014380452921614053 -0.25806505978107447 0.055291593074798591 0.49562166631221777 0.00081548857269808661 -0.00060582856531254936 1.2164460420608523 1.326517701148987 23.880478858947757 -0.00038421504723373795 1.0066549181938174 -0.137745626270771 -0.00058367359451949586 0.90905222296714794 0.2459475174546242 1.1227339506149294 0.95943480730056774 -0.00088294071611016978 -0.00032064602419268334 484.50537109375006 0.31109040975570684 0.97750002145767223 0.6078576147556306 79.295249938964858 0.096249997615814223 0.95037782192230236 -0.93279412388801564 10.550013542175295 30.635201454162601 -10.238972187042235 0.00088445039000362169 -0.48671542108058924 1.0000000180025095e-35 10.37864923477173 0.86924898624420177 -23.906067848205563 -0.00089771111379377533 440.50000000000006 -0.022230058908462521 -0.044666931033134454 2.0431228876113896 1.4007718563079836 -647.49999999999989 3.6080632209777836 552.06274414062511 -0.078980982303619371 0.10555930808186532 0.037067282944917686 0.37688775360584265 -12.658557415008543 0.52618610858917247 25.646281242370609 829.46362304687511 0.000308683273033239 -0.017095487564802166 0.99952018260955822 38.768623352050788
decision_type=2 2 2 2 2 2 2 2 2 2 2 2 2 2 2 2 2 2 2 2 2 2 2 2 2 2 2 2 2 2 2 2 2 2 2 2 2 2 2 2 2 2 2 2 2 2 2 2 2 2 2 2 2 2 2 2 2 2 2 2 2 2
left_child=2 3 7 14 8 6 -3 30 13 10 -4 19 18 21 -2 22 -10 -18 -8 58 27 40 43 -19 -16 -13 46 28 29 -12 31 -1 47 34 -34 37 -22 44 -39 -11 -5 42 -42 -9 57 -21 -14 -33 60 -31 -43 52 -52 -54 -25 -26 -29 -24 -6 -53 -35 -7
right_child=1 5 9 4 11 61 12 15 16 39 20 25 26 -15 24 -17 17 23 -20 45 36 -23 35 54 55 -27 -28 56 -30 49 -32 32 33 48 -36 -37 -38 38 -40 -41 41 50 -44 -45 -46 -47 -48 -49 -50 -51 51 59 53 -55 -56 -57 -58 -59 -60 -61 -62 -63
leaf_value=0.045285192874609907 -0.0067980534587869313 -0.03584307204864165 0.00060467440221577298 0.013883016734481664 -0.021493343542727424 -0.040522257300081375 -0.014286037863794961 0.020095747364824668 0.012342899909803378 -0.019481629208559201 0.030474939607393184 0.0039015498689052752 -0.023576945334126541 0.013231098376477343 -0.029821163974910921 -0.00048029268143264772 -0.018781661833132037 -0.014364055939114674 0.00664142884420165 -0.019267449541366076 0.014109027368961698 0.020815600106586073 -0.0020305300413662919 -0.014046885033578267 -0.0088355942781309874 -0.019192562681782037 -0.037305015985380878 0.015358754151986093 -0.0039430797280718133 -0.0014055347910738487 0.048847567128074032 0.030231308158496568 0.0048947818952644034 0.032693909302896909 0.027293331704588638 0.012793028971354444 0.03393364269679193 0.032012980261251295 0.018056247196394766 0.0023785682095868229 0.030387798184201884 -0.012642811440736373 -0.00067955426232227129 -0.0049875646633951018 0.028992379484025943 -0.03617617569024012 -0.0068472095637651881 0.047391266487985667 0.039165659155403147 0.014290488800065356 0.021962404330901221 -0.00088803485567503994 -0.0090182706536058883 0.014817629930312918 0.0013506851219880411 -0.023512303954077548 0.03107784608779288 0.021291203895973863 -0.0071269000481845894 -0.020222154006921098 0.012037656648033144 -0.023315382852916389
leaf_weight=119.6876049041748 203.46765907108784 473.46377162635326 310.91508464515209 85.040294840931892 182.42672570049763 378.51718193292618 508.65189728140831 64.982071816921234 109.5717479288578 57.970661491155624 76.925194844603539 125.63601230084896 344.27475062012672 433.62143178284168 244.71024337410927 63.923163712024689 167.78493785858154 161.81915684044361 81.142083436250687 96.761772722005844 76.144876927137375 69.343744173645973 54.722144886851311 77.837274834513664 135.05541561543941 63.479481220245361 99.386326223611832 176.79605078697205 96.570104494690895 101.54419456422329 90.694814339280128 118.47613653540611 73.241935640573502 89.237217545509338 138.97463640570641 111.69468821585178 137.91141204535961 585.67819193005562 160.41626024246216 112.37167990207672 51.573881611227989 175.57096774876118 131.0296559035778 49.9791249781847 84.224246725440025 163.30342704057693 74.312872111797333 112.21266131103039 180.474166482687 192.47426277399063 68.130975753068924 78.172018632292747 101.13641569018364 50.319089144468307 501.51717358827591 162.52295750379562 100.41584888100624 56.220169618725777 121.24641895294189 81.141171380877495 55.494563966989517 56.289651274681091
leaf_count=479 821 1924 1247 341 736 1541 2054 260 440 233 308 506 1396 1739 989 256 676 651 327 391 305 278 219 313 544 256 404 708 387 407 363 474 293 357 556 447 552 2343 642 451 207 706 526 200 337 661 301 449 722 771 273 314 406 202 2016 657 402 225 489 326 222 229
internal_value=-3.06504e-05 -0.0131375 0.0210037 -0.00631937 -0.00341845 -0.0261316 -0.022787 0.0276808 0.00115215 0.0107549 0.0128768 -0.0176466 -0.0172068 0.00546336 -0.0183643 0.0224285 -0.00445662 -0.00648175 -0.0114069 -0.0222747 0.0168564 0.00168499 0.0236824 -0.00369732 -0.022704 -0.00385034 -0.0238108 0.0139748 0.00977797 0.0133501 0.0342929 0.0328061 0.0308615 0.0275491 0.019563 0.0252646 0.0268816 0.0267445 0.0290122 -0.00506086 7.13593e-05 -0.00152217 0.008095 0.00919083 0.0180755 -0.029885 -0.0206069 0.0385783 0.0327606 0.0088696 -0.00468938 -0.001004 0.00605617 -0.00109911 -0.000718005 -0.0168513 0.0210528 0.00978779 -0.0157573 -0.0107353 0.0247737 -0.0382947
internal_weight=9508.63 5858.26 3650.37 3842.22 3096.46 2016.04 1581.23 2210.33 2343.61 1440.04 1269.7 752.854 1107.77 1325.08 745.756 1231.84 1018.53 908.959 589.794 563.738 958.782 891.458 1167.92 741.174 542.289 189.115 517.974 744.726 467.514 370.944 978.494 887.799 768.111 537.423 212.217 1052.96 214.056 941.261 746.094 170.342 822.114 737.074 182.604 114.961 195.167 260.065 418.588 230.689 325.206 294.018 554.471 378.9 219.586 151.456 579.354 297.578 277.212 110.942 303.673 159.313 144.732 434.807
internal_count=38255 23640 14615 15464 12453 8176 6406 8844 9414 5771 5087 3039 4482 5318 3011 4929 4096 3656 2381 2277 3840 3579 4673 2980 2190 762 2101 2983 1873 1486 3915 3552 3073 2150 849 4213 857 3766 2985 684 3301 2960 733 460 781 1052 1697 923 1301 1178 2227 1521 881 608 2329 1201 1110 444 1225 640 579 1770
is_linear=0
shrinkage=0.03


Tree=5
num_leaves=63
num_cat=0
split_feature=83 83 83 5 5 5 5 64 83 80 31 5 5 1 41 53 56 40 32 61 5 3 80 67 31 64 64 5 57 44 57 30 41 44 66 82 4 38 67 9 64 14 31 66 66 5 53 82 16 14 2 12 66 66 5 12 54 66 14 25 38 69
split_gain=2707.81 558.737 281.876 203.933 279.13 66.6176 65.774 55.9154 60.2996 58.7827 53.4689 51.9729 71.9593 47.0253 44.6163 43.397 42.5607 39.3664 36.9479 33.6641 34.486 34.6267 33.0093 36.6727 32.9968 37.6011 31.1487 29.3778 28.7944 27.8195 27.0583 25.8202 23.8026 31.9436 23.1198 22.0502 26.9987 22.7465 21.1662 25.4045 19.982 24.1016 19.9463 19.9104 19.7769 19.3316 18.9378 18.4594 21.3586 18.362 18.1707 18.1665 17.6771 22.3165 20.4951 27.8662 17.5318 17.5225 17.4815 17.3868 16.7247 20.5572
threshold=0.19781456142663958 1.0874727964401247 1.0000000180025095e-35 -0.00093361694598570455 0.00088445039000362169 0.00075151299824938189 -0.00059485959354788054 0.96304282546043407 0.4908346831798554 24.077158927917484 0.14249999821186068 0.0014380452921614053 -0.0011086861486546693 -0.00038421504723373795 -26.050704002380368 1.2379020452499392 6.5372276306152353 3.0966348648071294 0.092500001192092909 -1.386652886867523 -0.00058367359451949586 -0.0003471060335868969 15.056132793426515 400.50000000000006 0.97250002622604381 0.90352019667625438 0.93894198536872875 -0.002040685154497623 19.563225746154789 -7.6505184173583975 18.040932655334476 0.22500000149011615 -41.970575332641594 3.7239212989807133 -383.49999999999994 28.100089073181156 -0.00034151553700212384 -0.080326627939939485 133.50000000000003 -0.00079698447370901693 -0.89001184701919545 0.018795579671859745 0.73750001192092907 -377.49999999999994 425.50000000000006 -9.7051101874967554e-06 1.0323297381401064 48.288795471191413 48.685686111450202 0.016685397364199165 -0.00015252977755153549 0.012158456258475782 225.50000000000003 72.500000000000014 -0.00028206927527207876 0.014544290024787189 -0.93818336725234974 674.50000000000011 0.0084868371486663836 25.792143821716312 -0.060409210622310631 5344.5000000000009
decision_type=2 2 2 2 2 2 2 2 2 2 2 2 2 2 2 2 2 2 2 2 2 2 2 2 2 2 2 2 2 2 2 2 2 2 2 2 2 2 2 2 2 2 2 2 2 2 2 2 2 2 2 2 2 2 2 2 2 2 2 2 2 2
left_child=2 3 10 13 7 6 50 8 9 18 22 12 -3 27 40 34 -16 57 38 -10 42 45 29 28 25 56 30 -2 -24 44 -8 59 33 -23 -6 36 -32 -37 -5 -40 -12 -42 -21 -30 -1 -22 -7 48 -18 -11 -4 -38 53 60 -54 -56 -14 -9 -58 -15 61 -20
right_child=1 11 5 4 15 46 26 17 19 49 14 -13 24 31 16 -17 47 -19 52 20 21 32 23 -25 -26 -27 -28 -29 43 -31 35 -33 -34 -35 -36 37 51 -39 39 -41 41 -43 -44 -45 -46 -47 -48 -49 -50 -51 -52 -53 54 -55 55 -57 58 -59 -60 -61 -62 -63
leaf_value=0.034062442478801185 -0.024623446634190596 -0.034090228552689519 0.0072852353946578239 0.026417786660004085 -0.0055457772628686383 -0.011710928292647345 0.027760181984274299 0.033044241846508095 0.011129670971207562 0.017341133727579384 0.045210684159005129 -0.038058802357916116 -0.012192801888948543 -0.010200758345134403 0.0049482116188354084 -0.0067436529129889407 0.019833740693507712 -0.0041989095926095975 0.017491143070894517 -0.024466085410781515 -0.0053034620359038434 -0.0018234847070163942 0.032608400281629576 0.033815322569796566 -0.034901296430546194 0.0019916854361368033 0.034605149062658457 -0.001397453535591306 0.026821191427142791 0.042966282452792687 0.0066208518814657056 -0.029509908889650223 -0.0043923803866130892 0.024486223183596261 -0.024882196142366482 0.014408681759145552 0.026083599102525657 -0.0038265592087873427 0.020403086341261593 -0.0017942721480450157 0.031542407195107411 0.01010869005657504 -0.0027986545913408238 0.0091072553100997149 0.012217970617480624 -0.025209326614503803 0.0066668025861422826 0.0087241220342814691 0.03883359094092232 -0.00056371019303154836 -0.0070098705777721431 0.011618463223132525 -0.010179914290200459 -0.023818872518357882 0.017605666433407829 -0.0096393855803015432 -0.0093883660616680305 0.011783021467312861 -0.026735764040977886 -0.025448883739252335 -0.012650980610221853 -0.0056926993379403231
leaf_weight=147.10509884357452 70.465391770005226 475.5858369320631 203.47437980771065 52.3914595246315 61.836267948150635 135.10486455261707 135.90475891530514 87.312563985586166 104.62932412326336 310.92384004592896 63.460612893104553 357.28633557260036 193.18366995453835 145.33716569840908 196.12973739206791 195.86743299663067 139.94392938911915 60.792496487498283 51.306722104549408 135.23484958708286 81.41269363462925 106.75482288002968 125.16479869186878 400.36298057436943 101.82998107373714 85.549661219120026 83.230522438883781 160.99723376333714 85.952373653650284 307.01714950799942 162.5791406929493 362.15394698083401 517.9122022241354 67.981330424547195 556.38241076469421 131.35788463056087 240.11451657116413 115.87199850380421 67.571557357907295 148.12728542089462 198.15973567962646 61.986294895410538 53.31139087677002 170.16777068376541 49.971940323710442 95.314707398414612 80.553409650921822 63.221206173300743 85.956516712903976 61.794386669993401 131.90734119713306 115.83440169692039 78.345874667167664 67.885893329977989 103.13229562342167 50.24813811480999 64.322308599948883 58.102623477578163 279.30573418736458 125.34793642163277 129.47096122801304 104.59669110178947
leaf_count=589 285 1942 816 210 250 543 544 350 420 1246 254 1464 784 587 785 790 560 244 206 546 328 429 501 1603 415 346 333 650 344 1229 651 1469 2084 273 2254 526 961 464 271 595 793 248 215 681 200 384 323 253 344 248 529 464 315 273 414 202 261 233 1135 507 520 420
internal_value=3.56472e-05 -0.0126299 0.0203743 -0.00702353 -0.0037233 0.0106125 0.0131376 0.00108551 -0.000208566 0.00443366 0.0275324 -0.028015 -0.025024 -0.020039 0.0214893 -0.0190493 0.0157355 0.0160738 9.1231e-05 -0.00510334 -0.0067088 -0.00418636 0.0313341 0.0274739 -0.0190701 -0.0164798 0.017045 -0.00846827 0.0208152 0.0373198 0.0154241 -0.024271 -0.0011621 0.00841234 -0.0229481 0.0132347 0.0167499 0.00586217 0.00931385 0.00515945 0.0301172 0.0264353 -0.0183396 0.0150519 0.0285234 -0.0160393 -0.00484642 0.0230531 0.0270633 0.0143726 0.0016629 0.0213763 -0.00413535 -0.00835906 0.00230357 0.00868006 -0.0194235 0.024549 -0.0234886 -0.0172618 -0.00468143 0.00193694
internal_weight=9460.54 5830.01 3630.53 4272.94 3408.64 1535.93 1320.27 2594.55 2388.35 1225.8 2094.6 1557.06 1199.78 864.302 808.858 814.086 485.251 206.208 853.077 1162.55 1057.92 869.376 1285.74 781.648 724.191 622.361 984.893 231.463 381.285 504.094 901.663 632.839 692.648 174.736 618.219 765.758 518.528 247.23 268.09 215.699 323.607 260.146 188.546 256.12 197.077 176.727 215.658 289.122 225.9 372.718 335.382 355.949 584.987 353.26 231.726 153.38 536.812 145.415 343.628 270.685 285.374 155.903
internal_count=38103 23565 14538 17218 13720 6154 5288 10426 9599 4920 8384 6347 4883 3498 3237 3294 1942 827 3426 4679 4259 3498 5147 3129 2941 2526 3943 935 1526 2018 3610 2563 2786 702 2504 3066 2076 990 1076 866 1295 1041 761 1025 789 712 866 1157 904 1494 1345 1425 2350 1419 931 616 2180 583 1396 1094 1146 626
is_linear=0
shrinkage=0.03


Tree=6
num_leaves=63
num_cat=0
split_feature=83 83 83 5 5 10 5 5 5 29 12 5 52 17 30 18 68 46 58 29 29 29 27 60 54 41 52 41 67 41 52 67 73 12 54 32 44 4 14 54 29 68 7 4 83 4 81 8 38 4 38 31 44 41 41 5 67 38 2 14 54 58
split_gain=2532.45 458.492 352.609 167.389 225.762 68.4923 64.4175 66.2544 52.9949 84.6293 47.7078 58.3191 55.0633 42.419 41.5599 36.7111 35.9574 33.0095 32.2272 31.3448 31.0814 29.5539 28.3099 28.1014 27.9914 27.7945 30.8397 26.571 31.1968 26.4035 25.6135 25.2362 24.47 24.3985 23.5565 29.1411 23.0863 22.7963 22.6892 32.4809 22.3219 21.8928 20.9493 23.7884 19.6067 19.4766 21.8947 19.1092 17.9892 17.3264 16.975 16.3747 16.3473 17.3137 22.622 16.114 15.965 15.6997 15.5448 15.4972 25.347 15.3967
threshold=0.26083885133266455 1.1353052258491518 0.010669274255633356 -0.00088294071611016978 0.00080016316496767115 0.055291593074798591 0.00083425932098180066 -0.00037611019797623152 0.0014380452921614053 -1.0075990557670591 0.013095006812363865 -0.00032048574939835811 0.19445858150720599 85.190414428710952 0.22500000149011615 47.013956069946296 0.6078576147556306 1.0033392310142519 -0.16179519146680829 -0.23802866786718366 0.19461512565612796 -1.0509431362152097 0.58810159564018261 8.4011721611022967 -1.3358626365661619 -3.5716955661773677 -0.22058115899562833 -43.486059188842766 61.500000000000007 8.1451973915100115 0.14318465441465381 283.50000000000006 0.79117402434349071 0.0077201926615089187 -0.35587255656719202 0.82749998569488536 -1.8679196834564207 -0.00033279773197136814 0.0086523536592721956 -0.26842699944972986 0.42001725733280187 1.0000000180025095e-35 -0.0026054473128169771 -0.00051708373939618457 0.63788178563117992 -0.00039183367334771896 -0.1007593236863613 -0.00040827652264852071 -0.41003584861755366 -0.00078833391307853151 0.06335949152708055 0.59250000119209301 3.5512828826904301 -6.7963244915008536 -42.867071151733391 -0.00088294071611016978 555.50000000000011 -0.15163365751504895 -0.00015681176591897381 0.015590753871947529 -0.67134279012680043 0.37456355988979345
decision_type=2 2 2 2 2 2 2 2 2 2 2 2 2 2 2 2 2 2 2 2 2 2 2 2 2 2 2 2 2 2 2 2 2 2 2 2 2 2 2 2 2 2 2 2 2 2 2 2 2 2 2 2 2 2 2 2 2 2 2 2 2 2
left_child=2 3 5 14 10 31 7 32 9 -3 11 15 27 22 21 18 30 25 -5 -16 -18 -2 59 38 -20 26 -7 33 -29 -27 45 52 55 -13 35 51 -14 -26 -11 -40 41 -28 -12 47 -30 -9 -47 -44 -46 -36 -48 -23 53 54 -1 56 -4 -32 -57 60 -6 -38
right_child=1 8 6 4 13 17 -8 16 -10 23 42 12 36 -15 19 -17 20 -19 24 -21 -22 34 -24 -25 37 29 40 28 44 -31 57 -33 -34 -35 49 -37 61 -39 39 -41 -42 -43 43 -45 48 46 50 -49 -50 -51 -52 -53 -54 -55 -56 58 -58 -59 -60 -61 -62 -63
leaf_value=0.039439748504917577 -0.029820078486815872 -0.035582334052843972 0.0074380813746356585 0.010439603886812823 0.0040634590405423674 0.0043029210931426086 -0.0065279474578193511 0.0012008175062261715 -0.038056427254016971 -0.0059449485408279911 0.0087190821136150284 0.034280232079856705 -0.018920764508743262 -0.024870439910733809 -0.029335959365369001 0.017355343634133161 0.028391694719548399 0.0025378980293582244 0.0058226543583175675 -0.0092755623219402724 0.011624385638716844 -0.00015666567654689081 0.00058069087146678613 -0.0045436112166976949 -0.0067333182324731088 0.0029453205580482829 0.020467659474307266 -0.009688935708794217 0.014854767945896611 0.026223617350547197 0.009478811746701659 0.03593795953112814 -0.010823059794297299 0.012712224617061056 -0.0065746909133844221 0.01420777425732145 0.014039353250820561 -0.023570937036424759 -0.016986327725496568 -0.032316911028746259 0.0081532381048981962 0.030714317251448478 -0.028482193383865345 -0.0045382038027401966 -0.012579036894582309 0.030008587821888262 0.017863702695524737 -0.0081159852765126227 0.0085888913681919296 -0.029056971129371206 0.0029542093118703761 -0.021298772769301432 0.019631701643527812 0.046001010123792964 0.017086704705875633 0.016238107738055507 -0.0084279385095785975 -0.010186011544239457 0.0028423059615414609 -0.022986073838834237 -0.019829761986305254 -0.0084862848539051256
leaf_weight=71.842653200030327 73.580077797174454 410.89919194579124 109.32736995816231 69.256800249218941 68.812481954693794 63.729493036866188 234.73765316605568 91.091017827391624 356.98658145964146 77.881346821784973 75.410703405737877 72.120806902647018 82.440807193517685 416.48431837558746 397.02830041944981 56.95009671151638 251.04781341552734 80.697152733802795 65.367757961153984 85.133484810590744 164.82339563965797 68.295248448848724 124.62482176721096 110.40609088540077 132.97203199565411 115.42654468119144 286.54962000250816 80.194705128669739 322.57482087612152 70.7222980260849 71.156009003520012 555.76288412511349 101.92361572384834 136.63571213185787 56.063537940382957 64.742448598146439 51.489559143781662 158.78311847150326 300.90341155230999 212.02201969921589 59.479734510183334 543.80159115791321 78.684312209486961 467.04311810433865 51.199111640453339 85.680209174752235 205.01483561098576 87.65275052189827 122.78382293879986 68.602037727832794 103.38411863148212 63.741631656885147 188.45586624741554 56.401683509349823 94.142751634120941 158.22267869114876 119.43537290394306 75.105772703886032 153.69604174792767 157.44522953033447 95.300634056329727 58.154001623392105
leaf_count=288 299 1690 439 278 278 255 945 365 1472 316 303 289 332 1693 1616 229 1005 323 263 345 660 276 503 448 536 462 1147 322 1294 283 285 2229 409 548 227 261 207 640 1225 865 238 2177 317 1878 206 343 821 353 494 278 414 258 755 226 377 634 480 301 616 638 386 234
internal_value=-0.000161552 -0.013711 0.0175632 -0.00834181 -0.00500313 0.0258048 0.00819816 0.0102437 -0.0279996 -0.0247714 0.000158359 0.00325692 0.00747151 -0.0179849 -0.0198834 -0.00526761 0.0148967 0.0210799 -0.00828928 -0.025794 0.0217463 -0.0126691 -0.0115577 -0.0184363 -0.0119214 0.0223928 0.0244627 0.0109923 0.00767281 0.0117893 0.0103855 0.0317702 0.00266035 0.0201635 -0.00874315 -0.00227906 -0.00692651 -0.0158969 -0.0210325 -0.0233234 0.0259065 0.0271783 -0.00622823 -0.00800787 0.0104768 0.013703 0.0165928 -0.01775 0.00235966 -0.0189464 0.0128656 -0.0103632 0.0261323 0.0316411 0.0267617 0.0052021 -0.000845453 -0.000619122 0.00963741 -0.0162621 -0.00981136 0.00209195
internal_weight=9490.33 5378.67 4111.66 3909.57 3032.38 2187.01 1924.65 1689.91 1469.1 1112.11 2169.71 1460.92 977.593 862.667 877.187 483.33 1047.3 1220.41 426.38 482.162 415.871 395.025 446.183 701.213 357.123 1139.71 953.56 785.509 576.752 186.149 631.432 966.606 642.605 208.757 321.445 196.779 192.084 291.755 590.807 512.925 889.831 830.351 708.791 633.38 496.558 485.17 394.079 166.337 173.983 124.666 308.399 132.037 410.843 222.387 165.985 540.681 228.763 146.262 311.919 321.558 164.113 109.644
internal_count=38274 21797 16477 15781 12221 8760 7717 6772 6016 4544 8723 5872 3926 3498 3560 1946 4194 4885 1717 1961 1665 1599 1805 2854 1439 4562 3817 3153 2316 745 2529 3875 2578 837 1300 795 773 1176 2406 2090 3562 3324 2851 2548 1994 1943 1578 670 700 505 1235 534 1646 891 665 2169 919 586 1250 1302 664 441
is_linear=0
shrinkage=0.03


Tree=7
num_leaves=63
num_cat=0
split_feature=83 83 83 5 5 10 5 5 33 17 5 29 64 3 29 61 12 83 64 17 5 90 29 17 44 42 68 81 42 5 5 5 10 16 15 61 5 59 42 59 64 33 29 17 29 1 29 73 64 63 33 64 64 90 65 63 44 12 31 63 81 64
split_gain=2452.38 530.021 249.972 158.403 234.07 63.1011 57.4364 75.2224 52.1942 50.5325 48.9009 86.4193 48.6186 43.0303 35.7693 43.8542 33.3692 40.4386 33.4585 33.3049 38.2506 31.7716 46.2572 31.1393 30.7348 28.9701 28.7578 26.5715 26.0521 24.1833 32.0148 24.1351 23.5861 23.3866 23.279 22.3749 22.3126 20.4181 20.3093 20.093 19.8013 19.1992 18.8533 18.6933 18.1971 18.1955 18.1679 18.2156 18.1179 17.8977 17.777 17.7466 17.823 17.5947 16.6325 16.4663 16.4551 26.3636 15.9122 15.9437 15.6639 14.8527
threshold=0.19781456142663958 1.0874727964401247 1.0000000180025095e-35 -0.00086629900033585716 0.00088445039000362169 0.079363849014043822 0.00075151299824938189 -0.0003962278133258223 1929.9368896484377 85.190414428710952 0.0014380452921614053 -1.0075990557670591 0.9556623399257661 0.00036640102916862821 -0.16740251332521436 2.809982538223267 0.014696165919303896 0.53083550930023204 -0.86493045091629017 24.751137733459476 0.00044391734991222625 -1.4525870680809019 -0.98927167057991017 80.010749816894545 -13.248202323913572 45.173339843750007 0.6078576147556306 -0.31414954364299769 33.073249816894538 -0.002040685154497623 0.00048864472773857426 -0.00048097991384565825 0.091248355805873885 86.124702453613295 57.864406585693366 4.1974551677703866 0.00088445039000362169 0.17715624719858172 13.832550048828127 1.4522265791893008 -0.25249098241329188 501.47174072265631 0.31411573290824896 26.45436000823975 0.20117078721523288 -7.2130208081944139e-06 -0.62616702914237965 0.76321160793304454 -0.88396760821342457 -0.48671542108058924 180.73384857177737 0.90352019667625438 0.40872775018215185 0.66804954409599315 -12.499999999999998 -0.25671049952507013 8.25549364089966 0.0083471885882318037 0.12749999761581424 0.95037782192230236 -0.19450306147336957 0.24826665222644809
decision_type=2 2 2 2 2 2 2 2 2 2 2 2 2 2 2 2 2 2 2 2 2 2 2 2 2 2 2 2 2 2 2 2 2 2 2 2 2 2 2 2 2 2 2 2 2 2 2 2 2 2 2 2 2 2 2 2 2 2 2 2 2 2
left_child=2 3 5 14 8 23 7 46 12 13 11 -3 16 -6 15 21 17 19 35 32 34 22 -2 31 -19 36 39 40 -14 -13 50 -1 49 -32 56 -18 43 61 -15 45 -24 -20 58 -7 -28 -9 -4 -48 -39 -5 -31 52 53 -52 -43 -44 57 -21 59 -33 -51 -26
right_child=1 10 6 4 9 25 -8 26 -10 -11 -12 29 28 38 -16 -17 18 24 41 20 -22 -23 27 -25 37 -27 44 -29 -30 30 33 42 -34 -35 -36 -37 -38 48 -40 -41 -42 54 55 -45 -46 -47 47 -49 -50 60 51 -53 -54 -55 -56 -57 -58 -59 -60 -61 -62 -63
leaf_value=0.020928504366347651 -0.027073592688581883 -0.034962744363710517 -0.011980335400937807 0.0024891471787193073 -0.018264504676598358 0.011014749386802898 -0.0043458598942058444 0.0092010489170442564 0.016566905318170476 -0.025346338685499452 -0.036629059432366648 -0.03756012515432617 0.020138198893247212 -0.008656243794778036 0.0012559758252940353 -0.029024445372797514 0.015894913697563514 -0.020559397899774162 -0.019287918329115569 0.021138471315262222 -0.0031872815094898753 -0.023306568424296306 0.014848577075077231 0.014720767461903648 0.013250234283609833 -0.0040000198705993925 0.029935500803890153 -0.015184035602823921 -0.0048250011895680997 -0.026166290922670331 -0.030724476096854358 0.034192595238777879 0.010516621118350158 -0.010393699334634044 0.030853924074955973 -0.0093483175933049781 0.004572762892345106 0.0088468493112779933 0.012137043280239273 -0.0037237424247584302 -0.0059992470291943406 -0.013382282508448142 0.0077835924896787192 0.0263558294646811 0.015400527280466517 0.021131333683385038 0.0080836710678460245 -0.0088071403453964508 -0.0085725400355616682 -0.0074457269799097269 -0.014524983462293681 0.0037642476986549495 -0.025653314291017318 0.0022579617924798523 0.0036150605672343027 0.029128394580810676 0.01990984495901426 0.0017805746349261785 0.027434319813191433 0.049765252236737688 -0.03105298645741399 -0.0052664959344974026
leaf_weight=211.34275214374065 92.309285879135132 423.39463286101818 63.094389617443085 52.034244701266289 247.56760492920876 96.428058013319969 210.29809747636318 219.05927340686321 181.37455901503563 387.0652212202549 363.97421339154243 53.482777759432793 151.45536021888256 87.757765918970108 83.935815677046776 279.09761261940002 74.860965475440025 96.395685985684395 187.81934377551079 85.087938353419304 198.4457073956728 225.50566646456718 86.121856033802032 125.26548363268375 107.36689509451389 53.450585171580315 215.1278760433197 92.400758251547813 50.062592670321465 67.507370635867119 186.02158690989017 734.95051196217537 58.982578933238983 70.114853918552399 54.65154717862606 54.687866777181625 76.210141018033028 63.589368030428886 81.570883125066757 54.94979827105999 78.265120327472687 121.11585825681686 50.161354079842567 276.35840204358101 121.19071346521378 242.33556173741817 347.88019582629204 68.83223794400692 346.89321954548359 50.97163063287735 163.19973881542683 73.746051326394081 72.415342748165131 85.763704150915146 90.549719497561455 92.529776453971863 114.72048303484917 247.48621182143688 309.4703972786665 64.351447567343712 50.218110546469688 61.215149775147438
leaf_count=847 376 1752 253 209 1004 386 845 877 727 1578 1511 219 607 355 340 1138 301 389 757 341 797 916 349 502 432 214 861 375 201 276 760 2950 237 286 219 220 305 256 330 220 317 487 201 1107 485 970 1394 276 1398 205 665 299 295 350 364 371 460 993 1241 259 202 246
internal_value=5.76313e-05 -0.0120469 0.0193846 -0.00654823 -0.00345979 0.0261446 0.0102247 0.0125243 0.00106842 -0.0175407 -0.0270011 -0.0240701 -0.000143958 -0.0102935 -0.017431 -0.0192683 -0.00148424 0.000689629 -0.00800977 0.00480819 0.00796279 -0.0145295 -0.00885973 0.0290763 -0.00487487 0.0168783 0.0178713 -0.00231226 0.0139367 -0.0180982 -0.01665 0.0303056 -0.00560362 -0.0251591 0.012371 0.00523871 0.0193638 -0.0022639 0.00136053 0.0134248 0.00492287 -0.0123061 0.0318892 0.0223876 0.0246979 0.0154671 0.00302214 0.00529366 -0.00587404 -0.011809 -0.0119389 -0.00950818 -0.0125538 -0.00874354 -0.00611088 0.0216249 0.0101127 0.00673323 0.0332101 0.0354463 -0.0191615 0.00652648
internal_weight=9434.49 5801.2 3633.29 4241.58 3303.95 2090.52 1542.77 1332.47 2499.99 803.961 1559.62 1195.65 2318.61 416.896 937.636 853.7 2117.09 1588.06 529.034 912.598 700.392 574.603 349.097 1588.07 675.46 502.447 852.663 256.788 201.518 772.251 718.769 1462.81 212.207 256.136 501.946 129.549 448.997 579.065 169.329 516.345 164.387 399.485 1251.46 372.786 336.319 461.395 479.807 416.712 410.483 153.224 462.632 395.125 321.379 248.963 211.666 142.691 447.295 332.574 1108.77 799.302 101.19 168.582
internal_count=38103 23539 14564 17126 13315 8383 6181 5336 10048 3267 6413 4902 9321 1689 3811 3471 8513 6384 2129 3663 2810 2333 1417 6371 2721 2012 3413 1041 808 3150 2931 5869 853 1046 2013 521 1798 2332 685 2067 666 1608 5022 1493 1346 1847 1923 1670 1654 616 1885 1609 1310 1015 851 572 1794 1334 4450 3209 407 678
is_linear=0
shrinkage=0.03


Tree=8
num_leaves=63
num_cat=0
split_feature=83 83 83 52 5 5 10 5 5 5 29 43 53 65 68 80 64 64 83 70 41 12 5 73 52 4 29 57 77 64 29 64 57 29 29 4 52 31 64 59 56 28 57 53 38 56 29 60 43 54 26 56 81 57 44 15 52 27 83 77 25 57
split_gain=2240.88 411.362 280.074 140.468 188.172 78.8378 70.9293 68.5515 54.1426 53.256 77.0634 51.866 49.881 48.8306 41.389 37.6834 36.586 35.5235 33.4984 33.2355 32.945 30.4994 28.3144 26.224 25.726 25.6899 25.1773 24.8771 24.8365 24.3448 24.1563 23.7618 25.5443 23.4611 23.7925 25.1227 27.9096 23.4427 31.2953 23.0288 28.1763 22.65 22.4803 22.2737 22.2111 22.1371 20.6931 20.6485 18.2364 17.9367 22.5072 19.7701 17.9189 17.8998 17.7713 17.191 17.0087 16.7219 16.7152 16.1064 19.2003 23.2114
threshold=0.24066998809576037 1.1353052258491518 0.02615575306117535 -0.24974445998668668 0.00088445039000362169 -0.00086629900033585716 0.056329838931560523 0.00078189687337726365 -0.00031217074138112361 0.0014380452921614053 -1.0075990557670591 -22.711123466491696 1.076976001262665 354.50000000000006 0.6078576147556306 24.077158927917484 0.90905222296714794 -0.87142586708068837 0.41759657859802252 10448.500000000002 -6.7963244915008536 0.01535032829269767 -0.00089970085537061084 0.67217665910720836 0.21874769777059558 -0.00014353789447341112 0.33600695431232458 40.76795959472657 -0.17791390419006345 -0.86493045091629017 0.19461512565612796 -0.058870663866400712 19.842728614807132 0.71756768226623546 -0.49587698280811304 -0.00058903449098579575 0.14318465441465381 0.9624999761581422 0.95943480730056774 1.4096354246139529 7.4305298328399667 -0.13646268844604489 19.563225746154789 1.3302149176597597 -0.28012646734714503 6.4432559013366708 0.78141233325004589 1.947858512401581 5.1247427463531503 -0.019882387015968558 1.1682606935501101 6.1455473899841317 0.30096217989921575 40.483722686767585 7.9070920944213876 41.106483459472663 0.10555930808186532 1.3627104163169863 0.63788178563117992 -0.24053423851728437 24.537928581237797 42.49383735656739
decision_type=2 2 2 2 2 2 2 2 2 2 2 2 2 2 2 2 2 2 2 2 2 2 2 2 2 2 2 2 2 2 2 2 2 2 2 2 2 2 2 2 2 2 2 2 2 2 2 2 2 2 2 2 2 2 2 2 2 2 2 2 2 2
left_child=2 3 6 18 5 16 24 8 23 10 -3 54 27 15 31 21 17 -5 -2 55 22 33 41 -4 28 59 -24 47 -1 -23 -16 32 -10 34 -13 -36 49 38 42 40 -22 -8 -12 -44 -21 -46 57 -6 -32 50 -37 -51 -30 -20 58 -17 -34 -14 -7 -19 61 -61
right_child=1 9 7 4 12 11 20 -9 14 -11 37 13 46 -15 30 19 -18 25 53 44 39 29 26 -25 -26 -27 -28 -29 52 -31 48 -33 56 -35 35 36 -38 -39 -40 -41 -42 -43 43 -45 45 -47 -48 -49 -50 51 -52 -53 -54 -55 -56 -57 -58 -59 -60 60 -62 -63
leaf_value=0.011790524275226772 -0.0073191056207793839 -0.03342523518475124 0.0071468738326953057 0.002226497281917083 -0.010094210304935789 0.014314437670725697 0.021634140931976346 -0.0074418782999668351 0.022176823122294426 -0.036453802021093266 -0.0014398147233576893 -0.013175123705574589 -0.0084873488835518849 0.021899547076009052 0.030201836631073398 0.0087047736865961661 0.011668179294474178 -0.027150566414590533 -0.020922159473958455 0.00036269089865275826 -0.0035697871611714825 0.0010210634755087454 0.025759509425298269 -0.0073080446209195099 0.0091214313229411557 -0.032967866372583393 0.011792331042547491 -0.032989740948562475 0.033421873618945865 -0.020875723614494163 0.022845206206678612 0.016524313375668547 0.0043000011393140502 -0.022183064743584301 -0.01646834053396571 0.0019832798272488737 -0.0079081252884142059 -0.027722484261463516 0.0064644629832678853 0.025116462096047239 0.020834018168732781 -0.0060057671920674882 -0.022484375578800592 -0.0037998330649093096 0.030753120509489505 0.009460976681820301 -0.020371681096107198 -0.026522079880222465 0.00068469346557558416 0.014525883030093814 0.022597869360004474 -0.0041830891879095439 0.015488307744366239 -0.033742894373311572 0.025788420134027934 -0.0052711552671187781 -0.01465762019093448 0.011014924330649753 -0.0033912636071002913 0.012934735960338844 -0.019868028542439686 -0.014798738696548568
leaf_weight=56.032440364360809 120.59080448746681 397.46906536817551 446.14364586770535 88.647491618990898 130.84331341087818 149.44771073758602 51.420968919992447 224.49518366158009 52.208808332681656 345.72122539579868 75.111745104193687 128.9323533475399 180.10240897536278 82.091827288269997 197.28241701424122 105.50065982341766 52.434717655181885 67.478221520781517 297.06800390779972 105.22934846580029 127.42424690723419 62.638541251420975 760.27833151817322 151.25067295134068 50.077823042869568 88.929168507456779 137.09983909130096 183.52367369830608 855.23064954578876 168.95862697064877 82.441963523626328 245.07265794277191 143.09149779379368 52.007301837205887 67.283650398254395 84.644385561347008 158.67427630722523 140.58811081945896 59.962225332856178 66.166651546955109 63.950466707348824 55.464920520782471 337.34422525763512 69.199567839503288 71.186736062169075 114.84553711116314 103.03603957593441 145.36077779531479 56.206740140914917 72.253007844090462 109.11229977011681 171.47561916708946 53.267314463853836 146.26432156562805 72.116658851504326 317.86486625671387 60.646161958575249 50.710459530353546 70.683887839317322 51.846083179116249 98.604337707161903 57.043487906455994
leaf_count=225 488 1656 1789 359 534 599 206 904 209 1446 306 520 731 329 790 424 212 275 1214 423 510 252 3049 607 201 362 549 751 3442 682 330 981 573 210 271 340 639 578 243 265 256 222 1381 283 286 462 420 594 225 290 438 689 214 600 289 1278 243 205 284 210 401 231
internal_value=9.57764e-05 -0.0123556 0.0173489 -0.00745359 -0.00519286 -0.00138058 0.0241809 0.00797337 0.0103861 -0.0262062 -0.0229249 0.00110916 -0.018019 -0.000725185 0.0153104 -0.00176243 -0.0120545 -0.0148031 -0.0213386 0.00357778 0.0194323 -0.00530921 0.0218871 0.00348712 0.0300864 -0.0189516 0.0236256 -0.0244284 0.0311748 -0.0149534 0.0234577 0.00984762 0.00345459 -0.00266399 -0.00138286 0.000908825 0.00287004 -0.0168071 -0.0139738 0.00985993 0.00458508 0.00729132 -0.0165182 -0.019304 0.0113778 0.0176086 -0.00919289 -0.0187399 0.0138616 0.00677924 0.0135922 0.00136316 0.0323704 -0.025152 0.0128635 -0.00178842 -0.00134307 -0.00420263 0.00862917 -0.0144186 -0.010278 -0.00159387
internal_weight=9388.08 5452.83 3935.25 4027.43 3463.51 2669.93 2276.41 1658.84 1434.34 1425.4 1079.67 2164.95 793.577 1872.7 836.95 1790.61 504.984 452.549 563.923 714.627 1261.81 1075.98 1004.26 597.394 1014.61 363.901 897.378 459.728 964.53 231.597 335.931 501.019 255.946 844.383 792.376 663.443 596.16 682.206 541.618 257.541 191.375 106.886 481.656 406.544 291.262 186.032 333.849 276.204 138.649 437.485 193.757 243.729 908.498 443.332 292.248 423.366 203.738 230.813 220.132 274.972 207.494 108.89
internal_count=37975 22185 15790 16292 13990 10755 9139 6651 5747 5893 4447 8705 3235 7533 3351 7204 2050 1838 2302 2873 5057 4331 4026 2396 4082 1479 3598 1879 3881 934 1345 2006 1025 3397 3187 2667 2396 2791 2213 1031 766 428 1970 1664 1171 748 1356 1128 555 1757 778 979 3656 1814 1172 1702 816 936 883 1117 842 441
is_linear=0
shrinkage=0.03


Tree=9
num_leaves=63
num_cat=0
split_feature=83 83 5 5 83 5 29 52 13 31 41 40 66 52 63 53 52 5 4 1 1 14 66 4 53 4 70 30 41 80 54 18 5 5 18 60 65 63 63 1 54 68 26 47 31 43 3 40 2 47 5 41 70 26 65 31 47 15 60 5 5 63
split_gain=2236.44 484.106 156.022 239.16 129.501 55.7151 75.1163 53.1302 47.2126 46.8951 45.9131 44.788 45.6619 42.486 37.9863 33.151 32.6851 49.5306 52.6642 35.0087 33.7511 31.7625 30.697 29.4467 26.4115 26.1498 29.1849 25.8103 25.0044 24.5841 25.142 24.408 24.0999 24.3383 24.1739 23.6907 38.4522 22.8568 26.5643 22.8392 22.7308 22.2774 23.1119 21.6205 21.126 20.71 20.4549 19.4899 19.2633 19.2193 19.1959 19.0445 21.9195 21.6428 18.829 17.8354 17.7342 20.1547 17.2373 17.0884 19.6122 17.0709
threshold=0.15037757903337481 1.0874727964401247 -0.00085222619236446906 0.00083425932098180066 1.0000000180025095e-35 0.0014756770106032493 -1.1352217197418211 -0.17726532369852063 0.0097048706375062483 0.15250000357627871 -39.358087539672844 -23.906067848205563 656.50000000000011 0.15147592872381213 -0.75039777159690846 1.1074326634407046 0.16239389777183535 -0.00031217074138112361 -0.00061210774583742012 0.00014001645467942583 -5.7327175454702222e-05 0.0155107150785625 632.50000000000011 0.00076899791019968699 0.88037973642349254 -0.00047847823589108879 5669.5000000000009 0.12500000372529033 -43.486059188842766 14.227865695953371 0.81626099348068248 75.288463592529311 -0.0018387744203209875 0.00051121594151481997 86.354385375976577 2.5537178516387944 -731.49999999999989 0.95305636525154125 0.24826665222644809 -0.00031375211256090546 0.133606031537056 0.87837970256805431 0.91732764244079601 1.0017750263214114 0.7124999761581422 -20.123704910278317 -0.00012957763829035682 -8.7295837402343732 -0.00018003898730967191 1.0054941177368166 -0.002040685154497623 -13.33681011199951 6343.5000000000009 1.3404333591461184 -935.49999999999989 0.32249999046325689 0.99902802705764782 42.082880020141609 10.674014568328859 -0.0010065737878903744 0.001067844976205379 0.31109040975570684
decision_type=2 2 2 2 2 2 2 2 2 2 2 2 2 2 2 2 2 2 2 2 2 2 2 2 2 2 2 2 2 2 2 2 2 2 2 2 2 2 2 2 2 2 2 2 2 2 2 2 2 2 2 2 2 2 2 2 2 2 2 2 2 2
left_child=4 2 7 11 9 6 47 39 27 14 -11 54 16 46 29 21 17 20 -19 -18 -13 28 49 35 45 26 -9 -6 -15 -1 40 -17 -8 51 -35 36 -20 38 -16 50 -31 42 -40 56 48 -10 -5 -3 -22 58 -2 52 -34 -54 -4 -56 57 -37 -12 -26 -61 -33
right_child=1 5 3 13 8 -7 32 25 24 10 22 12 -14 15 37 31 19 18 23 -21 44 -23 -24 -25 59 -27 -28 -29 -30 30 -32 61 33 34 -36 43 -38 -39 41 -41 -42 -43 -44 -45 -46 -47 -48 -49 -50 -51 -52 -53 53 -55 55 -57 -58 -59 -60 60 -62 -63
leaf_value=0.031792975921558608 -0.026342592699362396 -0.026062492091621262 0.027720621749394561 -0.020417198500184256 0.033462858116031696 -0.035744264769873725 -0.032474738568962457 -0.016900704189796327 0.018852372490146978 0.034385790991957078 0.016856045651630357 0.0019806059072830784 0.021112771992082984 -0.0023627446542455908 0.038874024525164523 0.006224467580574526 -0.014153082522172351 -0.012897505724401317 -0.01811748299176958 0.0071996590327157986 0.00069122604176817233 -0.034618857397512304 0.036099852018250715 -0.0074012754688954595 -0.00013339488760342937 -0.014968918695333282 0.0093613844403393834 0.015872214719451827 -0.023607975906971959 0.018849387870853308 0.035255862754401103 -0.0094493480317064411 -0.017900082431895767 -0.029974203032020516 -0.010379985015794886 0.024430098629759027 0.0071884644171041892 0.045580074933602353 0.04099358524039326 -0.024876439592311003 0.00044646307741588417 0.011845020115352002 0.025115281152971111 -0.0056583388629046849 0.002444414195782273 -0.0015927859983852401 0.00033826943835244254 -0.041034439156929975 -0.018511764104372542 -0.0027745875456383633 -0.0059075917074982104 -0.021195489030163869 0.0072913836868319223 -0.011014084631254849 0.017090199351018433 0.00079017924055799205 0.019989196045884706 0.0034421256611304276 -0.0014204060136780851 0.017228728440429955 -0.0023906921935133991 -0.027909660851971701
leaf_weight=143.02115361392498 61.071929037570953 137.94678626954556 59.680947944521904 56.887883275747299 110.54079067707062 347.12508572638035 87.559157535433769 55.091472491621971 53.168318584561348 136.74307388067245 460.65290527045727 317.99410632252693 91.651231020689011 67.299389883875847 216.74815355241299 56.744505614042282 271.60977435112 135.00872845947742 63.770586371421814 92.687577858567238 58.116032019257545 175.67403706908226 57.542593628168106 114.47451892495155 80.559877336025238 179.24691474437714 123.36289502680302 233.95606319606304 192.38280811905861 206.49636977910995 56.957643389701843 124.61659200489521 142.91058132052422 171.10647386312485 84.727634325623512 54.397445052862167 354.17230406403542 96.180488228797913 109.35988506674767 460.68179053068161 85.383759990334511 80.271243244409561 335.95019707083702 51.517460227012634 80.434798374772072 276.38157477974892 171.75892429053783 180.83078829944134 246.12810605764389 61.197519555687904 128.25375297665596 151.95212797820568 103.23409706354141 133.04284870624542 120.29605984687805 121.37092770636082 267.1706795245409 169.46682722866535 51.651244983077049 386.29449577629566 52.032578602433205 70.640101477503777
leaf_count=576 250 579 239 231 443 1463 363 223 213 550 1849 1280 367 274 874 230 1094 544 256 373 234 722 231 460 323 728 499 937 789 830 229 506 586 705 348 218 1421 389 441 1889 343 323 1353 207 324 1108 696 759 992 245 522 625 423 545 482 487 1072 680 207 1547 209 288
internal_value=9.19312e-05 -0.0106122 -0.00573172 -0.00280082 0.0200427 -0.0251659 -0.0220887 -0.0161614 0.0121505 0.02453 0.0186261 0.00173714 0.000351221 -0.016028 0.0279372 -0.0197543 -0.000484468 0.00108419 0.00476318 -0.00872034 -0.00525089 -0.0247669 0.0152111 0.00698124 0.00834753 -0.00687548 0.00125389 0.0215166 -0.018102 0.0213183 0.0170238 -0.0110947 -0.0175444 -0.0158832 -0.023485 0.00869539 0.00332723 0.0318197 0.0300368 -0.0212714 0.013466 0.0263924 0.0290147 0.0128306 -0.0112288 0.00170576 -0.00482574 -0.0345555 -0.0148437 0.0131153 -0.0124994 -0.0122217 -0.00862564 -0.00301606 0.0126305 0.00890394 0.0147704 0.00854206 0.0150134 0.0125658 0.0148998 -0.0161279
internal_weight=9425.19 6134.1 4593.66 3585.95 3291.09 1540.44 1193.31 1007.71 1192.93 2098.16 767.787 2669.95 2368.6 916.004 1330.37 687.357 2276.95 1912.65 1209.98 364.297 702.673 435.356 631.044 1074.97 848.437 357.701 178.454 344.497 259.682 491.859 348.838 252.001 874.533 786.974 255.834 960.495 417.943 838.51 742.329 650.007 291.88 525.581 445.31 542.552 384.679 329.55 228.647 318.778 304.244 573.502 189.326 531.14 379.188 236.277 301.348 241.667 491.035 223.864 512.304 518.887 438.327 195.257
internal_count=38193 24973 18577 14466 13220 6396 4933 4111 4780 8440 3082 10730 9522 3736 5358 2809 9155 7688 4858 1467 2830 1785 2532 4314 3400 1450 722 1380 1063 1978 1402 1024 3595 3232 1053 3854 1677 3380 2991 2661 1173 2117 1794 2177 1550 1321 927 1338 1226 2301 772 2179 1554 968 1208 969 1970 898 2056 2079 1756 794
is_linear=0
shrinkage=0.03


Tree=10
num_leaves=63
num_cat=0
split_feature=83 83 83 83 52 52 52 82 10 12 12 64 83 53 52 12 64 41 50 40 64 64 54 64 31 67 67 56 64 41 51 13 64 64 57 18 52 82 53 12 14 54 64 10 57 31 10 53 52 64 25 60 64 29 31 64 82 16 50 56 38 42
split_gain=2019 431.831 183.422 129.376 99.7897 82.2623 68.5043 73.8487 58.0905 56.5825 53.6034 48.0156 46.5269 37.3801 36.3401 35.9249 33.3074 31.6068 31.1426 30.2195 27.8681 26.2814 26.073 26.021 25.6819 24.4483 24.0239 23.5391 21.6266 21.5938 21.4059 30.1307 25.1519 29.0057 21.1947 20.9461 20.8832 20.8784 20.6597 23.0685 20.5548 41.1989 27.7504 19.9947 19.0499 18.9511 18.8211 18.6383 18.572 18.2714 18.1966 31.6479 17.9144 22.3079 20.0465 22.1093 17.7931 22.8613 17.5605 17.517 16.8873 16.6713
threshold=0.19781456142663958 1.0874727964401247 0.003450799267739058 0.52618610858917247 -0.21719459444284436 0.19777349382638934 0.14875111728906634 -38.589807510375969 0.056329838931560523 0.013488474301993849 0.010146197862923147 0.093673683702945723 1.4604680538177492 0.88334387540817272 -0.071931503713130937 0.0086924722418189066 0.90905222296714794 -6.3733410835266104 1.0024830102920534 -1.3022845387458799 0.67074871063232433 0.93894198536872875 -1.1147301197052 -0.86493045091629017 0.97750002145767223 745.50000000000011 990.50000000000011 9.4433732032775897 0.95943480730056774 -12.361186504364012 0.038917126134037978 0.010155838914215566 0.52435624599456798 0.6411133110523225 41.65692329406739 21.609105110168461 -0.20716879516839978 76.388393402099624 0.9265238642692567 0.010797559749335052 0.0088154533877968805 -0.26842699944972986 -0.90722548961639393 0.062873769551515593 19.563225746154789 0.10125000029802324 0.091745704412460341 1.4555866718292239 -0.12693160772323606 0.2861058115959168 49.896100997924812 7.3171889781951913 0.9247100055217744 0.41228468716144567 0.13625000417232516 -0.91265374422073353 -63.278293609619134 48.274410247802741 1.0003398060798647 9.7214808464050311 0.73724818229675304 2.8413410186767583
decision_type=2 2 2 2 2 2 2 2 2 2 2 2 2 2 2 2 2 2 2 2 2 2 2 2 2 2 2 2 2 2 2 2 2 2 2 2 2 2 2 2 2 2 2 2 2 2 2 2 2 2 2 2 2 2 2 2 2 2 2 2 2 2
left_child=2 3 8 6 29 15 7 14 30 37 25 -8 40 50 47 -6 23 18 36 -18 46 -15 -11 27 28 44 -13 58 56 -5 31 32 -1 -34 48 -16 -10 -9 39 -19 -3 42 -42 -27 -4 -35 -7 -2 -25 -36 51 -12 53 54 -38 -56 -14 -58 -17 -50 -46 -48
right_child=1 12 10 4 5 20 11 9 17 22 13 26 24 21 35 16 19 38 -20 -21 -22 -23 -24 34 -26 43 -28 -29 -30 -31 -32 -33 33 45 49 -37 52 -39 -40 -41 41 -43 -44 -45 60 -47 61 -49 59 -51 -52 -53 -54 -55 55 -57 57 -59 -60 -61 -62 -63
leaf_value=0.031747729127069649 -0.0097454718466626448 -0.0048896752918989863 0.020994199326192696 -0.020528605362596802 0.0065968810499078103 -0.0092056221670020928 -0.019058770482364269 0.01637565972889261 0.0053547725752628485 0.0084653855820976901 0.015004833685906188 0.0083535659886768941 -0.035289825696471391 0.0072742511128092973 0.018136433781557635 0.0037053946030329802 0.02335022064926667 0.0157428480397028 0.0026069773014007628 -0.0069462027177032652 -0.0046061103965542157 0.029656815029853057 -0.0084275186330638602 -0.019961260220832465 -0.036255311944649551 0.036799970649246685 -0.011691555529275711 0.011518186991037196 -0.008516315461798445 -0.036162754861874466 0.036376733850778165 0.0039380862931436486 0.0053853539323211975 0.037458578532700258 -0.013832416385477601 -0.0030651855668190797 0.029847885560374283 -0.0030212769741863898 0.018010216686704633 -0.01086143208410747 0.0059218760710806322 -0.029878419311684227 -0.017585055376558873 0.017345331851581623 0.011352545954309979 0.015838457832000764 -0.017035569028379986 0.0089065813461058838 -0.0076356023978091485 -0.032938721157474322 -0.010936520811399847 -0.011995542316874205 0.040319552095022346 0.0036155206193008225 0.035136612979419279 0.015943614733315962 -0.010116573532642267 -0.027985276836797319 -0.020828897451148111 0.0096111058272778816 -0.0067660168841198404 -0.031485626321672858
leaf_weight=456.52155239880085 552.16862531006336 84.876660645008087 144.45956607162952 314.29812473058701 233.98882596194744 77.509406492114067 274.9303493052721 465.20080706477165 57.863811790943146 140.09132398664951 91.800601094961166 125.42413184046745 173.5566868185997 525.92953911423683 84.895683646202087 50.701418295502663 60.005186706781387 49.901078104972839 75.368731513619423 58.537148609757423 100.37076430022717 51.870589062571526 199.08531893789768 82.6871148198843 303.41466508805752 77.30534166097641 94.244545385241508 96.500410705804825 60.580144360661507 106.43623726069927 236.63628615438938 51.769458174705505 82.861990600824356 79.854059860110283 184.34385895729065 82.880246296525002 307.75405324995518 55.949432671070099 111.30963557958603 71.166830241680145 54.022642344236374 250.25644984841347 276.69588375091553 123.50765380263329 223.17186103761196 67.191930115222931 118.68537226319313 52.829525008797646 251.92580579221249 59.613993898034096 154.01844590902328 68.019630804657936 56.394820928573608 50.8995271474123 66.041445776820183 296.68454866111279 86.032247766852379 256.75820717215538 54.457769587635994 67.123615130782127 58.415665730834007 182.12276650965214
leaf_count=1847 2237 348 579 1293 942 315 1118 1865 232 564 368 505 731 2108 341 205 241 200 302 236 410 208 803 336 1285 310 383 389 250 439 960 209 334 323 747 333 1239 225 446 285 223 1041 1146 495 894 271 486 213 1018 242 618 273 227 204 266 1192 356 1074 220 271 234 748
internal_value=-6.85155e-05 -0.0110977 0.01744 -0.00613538 -0.0114192 -0.0081446 -0.000922052 0.00204036 0.0231445 0.00808653 0.00948266 -0.0107035 -0.0246638 0.00475658 -0.00469083 -0.00394983 -0.00650477 0.0185572 0.0210763 0.00838961 -0.0186592 0.00928359 -0.00145018 -0.00858845 -0.0291897 0.016205 -0.000246401 0.000818623 -0.0254738 -0.0244837 0.028525 0.026008 0.0276725 0.0195803 -0.0115264 0.00766297 0.0227421 0.0142933 0.00868123 0.000104168 -0.01868 -0.0206946 -0.0137452 0.0248346 0.0121375 0.0275794 -0.0223877 -0.00811674 -0.00729088 -0.0185013 -0.00357797 0.00351345 0.0240357 0.0227627 0.0242162 0.0194381 -0.0274633 -0.0235007 -0.00899994 -0.00400713 0.00759383 -0.0257843
internal_weight=9409.92 5773.2 3636.72 4227.01 2099.31 1678.57 2127.7 1633.1 2118.22 860.327 1518.5 494.599 1546.19 891.639 772.774 1199.89 965.896 1143.38 911.007 118.542 478.688 577.8 339.177 847.354 880.342 626.86 219.669 201.66 576.927 420.734 974.835 738.199 686.43 229.908 645.694 167.776 835.638 521.15 232.378 121.068 665.852 580.975 330.719 200.813 426.047 147.046 378.318 604.998 401.737 243.958 313.839 159.82 777.774 721.38 670.48 362.726 516.347 342.79 105.159 319.049 281.588 300.808
internal_count=38203 23579 14624 17125 8538 6806 8587 6581 8537 3457 6087 2006 6454 3575 3124 4847 3905 4593 3662 477 1959 2316 1367 3428 3696 2512 888 814 2411 1732 3944 2984 2775 928 2614 674 3360 2090 931 485 2758 2410 1369 805 1707 594 1549 2450 1625 989 1259 641 3128 2901 2697 1458 2161 1430 425 1289 1128 1234
is_linear=0
shrinkage=0.03


Tree=11
num_leaves=63
num_cat=0
split_feature=83 83 83 5 5 12 41 64 31 56 66 77 5 29 5 41 12 12 64 5 17 63 29 4 2 82 5 2 18 45 43 5 80 64 64 5 8 61 82 17 54 66 2 51 66 38 2 12 60 5 2 57 44 61 2 31 26 51 27 54 20 48
split_gain=1967.29 336.846 292.421 129.245 170.912 71.7635 50.5044 46.1695 44.521 46.1554 41.9334 41.9333 40.9075 73.0806 38.5333 37.9142 35.7333 32.1607 32.0962 31.3095 30.0619 29.8896 30.495 28.6614 28.5695 28.291 27.2266 31.8224 30.0305 26.8195 31.0713 25.8746 25.5727 24.3196 24.021 22.9416 22.8392 21.7875 21.081 23.7588 20.8003 20.5716 19.6103 19.5361 19.2223 18.9008 18.2661 17.8992 19.3929 20.8293 17.7633 17.5415 22.2559 17.4745 16.7478 16.3823 15.7107 15.178 15.0136 14.8548 16.79 14.8506
threshold=0.28219603002071386 1.1353052258491518 1.0000000180025095e-35 -0.00093361694598570455 0.00080016316496767115 0.01045397110283375 -67.355972290039048 0.94336524605751049 0.15250000357627871 6.5628466606140146 656.50000000000011 -0.19156140089035031 0.0014380452921614053 -1.1352217197418211 -0.00058367359451949586 -38.196931838989251 0.014696165919303896 0.0072108020540326842 -0.87142586708068837 0.00075151299824938189 85.511924743652358 0.95305636525154125 0.28540015220642095 -0.00047847823589108879 0.00022131827427074316 60.439676284790046 0.00041272236558143055 0.00013921569188823926 55.870004653930671 1.0000000180025095e-35 4.6583063602447519 -0.00031217074138112361 26.280238151550297 0.95943480730056774 0.90905222296714794 -0.00033924762101378286 -0.0011000253725796936 -1.2181568145751951 48.288795471191413 25.082938194274906 -2.0332707166671748 410.50000000000006 -0.00015252977755153549 0.040602847933769233 -383.49999999999994 -0.028451561927795407 0.00026791762502398347 0.006524082738906146 2.9014625549316411 -0.0002265207076561637 -7.6583695772569613e-05 51.764867782592781 2.8236104249954228 1.5903254747390749 -0.00020339804177638141 0.027499999850988392 1.4575569629669192 0.036211216822266586 -0.19844080507755277 -1.5291600227355955 0.64923420548439037 0.99819853901863109
decision_type=2 2 2 2 2 2 2 2 2 2 2 2 2 2 2 2 2 2 2 2 2 2 2 2 2 2 2 2 2 2 2 2 2 2 2 2 2 2 2 2 2 2 2 2 2 2 2 2 2 2 2 2 2 2 2 2 2 2 2 2 2 2
left_child=2 3 8 18 6 11 -5 19 21 15 14 -4 13 -3 37 -10 26 -15 36 35 24 22 23 -1 -6 31 28 -28 47 57 -31 42 53 -19 40 41 -2 -8 39 -11 -20 -7 -13 -39 -22 -33 -21 -16 -49 54 -45 59 -53 -18 -50 -24 61 -30 -48 -37 -61 -42
right_child=1 12 5 4 20 7 10 -9 9 38 -12 25 -14 17 16 -17 32 33 34 46 44 -23 55 -25 -26 -27 27 -29 29 30 -32 45 -34 -35 -36 51 -38 43 -40 -41 56 -43 -44 50 -46 -47 58 48 49 -51 -52 52 -54 -55 -56 -57 -58 -59 -60 60 -62 -63
leaf_value=0.014783124760563945 0.0062032890245812154 -0.03446189531153946 -0.0046512464300531237 0.014981395021709702 -0.01775872012933254 0.001876979586024058 0.0067022333596289058 0.024881592481501593 0.029118702158843088 0.010669812180786121 0.019647275236075956 0.02061458768298198 -0.033922378946833864 0.0044972838623187211 0.014329160895848542 0.0031361633228423349 -0.00082229431829951337 -0.020986738627436982 -0.0092763618043206954 -0.019057923899329279 -0.0057800367451715864 0.04215504577044997 0.027423804834282261 0.029220076446077294 -0.002619978187344091 0.005702143934632726 -0.013245816958117855 0.0064706606515967857 0.034447915892145166 0.01901851234601715 -0.0076627817381373165 0.028587228672717388 0.0024091223371320264 -0.0046857110655769436 -0.0068698603532947738 0.021467925867777255 -0.017463739355030424 -0.023852994007373351 0.010911285835756995 0.030476533614733479 -0.0081536377084891701 -0.014192292697425363 0.0022856924935395978 0.0016492511769826725 -0.02485602955854371 0.016253598983568218 -0.014146110040410312 -0.012750463925543418 0.008917087588741086 0.0090874476196802882 -0.017544046307559753 0.0099884538750942536 -0.013732722604123362 -0.019268713629170094 -0.0117822334752395 0.0076932366496124749 -0.030735972551200898 0.014269081367491944 0.0068851465207683087 0.012761596242790366 -0.0050311496861828887 -0.02518145440987599
leaf_weight=143.76230026781559 72.786419153213501 303.78597541153431 101.59311567246914 180.12455366551876 246.77772019803524 341.845747590065 50.203815594315529 78.229660093784332 63.667664304375648 66.883109778165817 79.890656858682632 91.749713823199272 340.0624066144228 57.443335831165314 74.082636088132858 245.23995821177959 62.719205543398857 622.84751872718334 78.813937574625015 94.457115665078163 55.249322190880775 101.89213904738426 54.69805520772934 889.63536967337132 205.71963328123093 195.55209338665009 186.57432442903519 121.75192484259605 54.548095390200615 70.24540351331234 89.11467333137989 237.61883589625359 123.37974034249783 94.92335569858551 90.001113221049309 100.36166515946388 74.01338504254818 122.35856588184834 94.718820780515671 294.53079928457737 67.172489657998085 90.729852870106697 122.9179650247097 84.540384098887444 340.77526023983955 211.23341725766659 51.33540765941143 106.81455729901791 49.971241369843483 176.35530067980289 89.173628449440002 78.861871168017387 64.885529965162277 175.68640471994877 118.84728415310383 123.13359490036964 268.29215231537819 87.140948832035065 75.446284130215645 166.73114463686943 66.877195209264755 146.91703763604164
leaf_count=580 297 1295 408 723 1009 1373 202 314 257 269 320 368 1456 236 298 984 253 2585 323 382 226 416 221 3604 837 785 752 490 219 282 358 953 497 389 368 402 305 498 381 1188 276 365 493 342 1410 847 208 430 201 708 361 316 260 710 479 496 1106 350 304 668 268 608
internal_value=3.07716e-05 -0.0124 0.0151548 -0.00768899 -0.00479332 0.00745341 -0.0002087 0.00259229 0.0231981 0.0174454 -0.00163124 0.013575 -0.0248493 -0.0219898 -0.00255337 0.00849132 -0.000467515 -0.0171023 -0.018401 0.0010513 -0.0161588 0.0265498 0.025237 0.0272117 -0.0108762 0.0157304 0.00214859 -0.00546017 0.00498492 0.0125414 0.00409825 0.018686 -0.00867804 -0.018831 -0.0212576 0.00351147 -0.00572913 -0.0115722 0.0235094 0.0268111 -0.0235651 -0.00149344 0.0101195 -0.0146709 -0.0221947 0.0227829 -0.00907117 0.000660629 -0.0015797 0.00187712 -0.00820336 0.00804345 -0.000718947 -0.0144159 -0.00565512 0.013762 -0.0258996 0.0220376 -0.00163066 0.011815 0.0076679 -0.0198388
internal_weight=9417.69 5169.1 4248.59 3750.04 2952.05 2170.43 2103.52 1209.76 2078.16 765.04 1923.4 960.665 1419.06 1079 1843.51 308.908 1497.23 775.214 797.997 1131.53 848.522 1313.12 1211.23 1033.4 452.497 859.072 1135.45 308.326 827.12 301.049 159.36 663.52 361.785 717.771 651.197 910.293 146.8 346.276 456.133 361.414 561.196 432.576 214.668 296.073 396.025 448.852 221.239 526.071 451.988 345.174 173.714 477.717 143.747 238.406 168.819 177.832 482.382 141.689 126.782 333.97 233.608 214.09
internal_count=38309 21199 17110 15238 11955 8714 8473 4860 8396 3079 7750 3854 5961 4505 7430 1241 6027 3210 3283 4546 3482 5317 4901 4184 1846 3446 4567 1242 3325 1209 640 2661 1460 2974 2681 3652 602 1403 1838 1457 2313 1738 861 1201 1636 1800 894 2116 1818 1388 703 1914 576 963 680 717 1990 569 512 1338 936 884
is_linear=0
shrinkage=0.03


Tree=12
num_leaves=63
num_cat=0
split_feature=84 10 29 29 29 29 61 31 53 10 33 33 66 33 33 61 57 29 41 64 57 64 47 64 67 64 64 66 33 60 26 26 31 47 33 57 29 59 70 26 42 65 61 25 42 25 17 53 4 40 41 40 64 51 57 31 26 90 41 23 4 57
split_gain=1466.96 571.181 138.903 121.193 192.927 101.374 72.5735 60.5637 67.9175 55.3417 47.5415 47.4548 37.1403 34.0293 33.6725 32.7809 31.7196 36.4685 30.9113 29.9945 35.083 31.5589 31.7326 29.8369 30.6321 35.085 29.6543 29.6285 28.3622 23.7408 21.0693 21.0605 20.7883 20.7682 21.5127 21.5157 20.7303 20.6385 22.9416 20.6177 29.3994 20.4956 20.2814 20.0476 26.3437 19.9497 19.7928 23.5233 25.4151 26.4651 19.7895 28.3214 19.6857 20.5954 19.6907 25.8557 19.6266 19.4505 19.3314 18.4138 18.4058 22.47
threshold=1.0000000180025095e-35 0.11988709867000581 -0.68535742163658131 0.63475203514099132 -0.97107404470443714 0.58226454257965099 -3.870863556861877 0.31749999523162847 0.9946962594985963 0.056329838931560523 406.32836914062506 2174.9396972656255 644.50000000000011 726.95037841796886 2776.1865234375005 5.4954235553741464 46.402479171752937 -0.54907664656639088 -3.1515893936157222 -0.90722548961639393 40.76795959472657 0.62080430984497081 1.0036688446998598 -0.7238691747188567 460.50000000000006 -0.97768935561180104 -0.9543684422969817 656.50000000000011 351.47776794433599 4.2895150184631357 0.80721908807754528 1.1298636198043825 0.64249998331069957 1.0066549181938174 822.28228759765636 50.339452743530281 -1.0509431362152097 0.28306055068969732 4917.5000000000009 1.2697480320930483 17.978167533874515 18.500000000000004 7.8045654296875009 79.915096282958999 73.234706878662124 30.563585281372074 25.758304595947269 0.88591593503952037 0.00039004164864309138 -23.34560394287109 8.1451973915100115 12.841619014739992 -0.92799669504165638 0.037067282944917686 32.420658111572273 0.092500001192092909 1.7325391769409182 1.4785192012786867 -5.9660210609436026 1.5000000000000002 -0.0008199710864573716 36.950096130371101
decision_type=2 2 2 2 2 2 2 2 2 2 2 2 2 2 2 2 2 2 2 2 2 2 2 2 2 2 2 2 2 2 2 2 2 2 2 2 2 2 2 2 2 2 2 2 2 2 2 2 2 2 2 2 2 2 2 2 2 2 2 2 2 2
left_child=1 2 11 4 26 7 -6 14 29 52 16 36 23 57 43 18 17 -8 -11 -5 21 22 -21 24 45 -26 -3 28 31 41 -15 -10 -25 34 35 -17 -1 -31 -39 40 -34 -9 -23 44 46 -12 -4 48 49 -48 51 -45 -2 54 58 -56 -33 -7 -54 -32 -19 -62
right_child=9 3 5 19 6 13 10 8 27 15 12 -13 -14 30 -16 33 -18 60 -20 20 -22 42 -24 32 25 -27 -28 -29 -30 37 59 56 39 -35 -36 -37 -38 38 -40 -41 -42 -43 -44 50 -46 -47 47 -49 -50 -51 -52 -53 53 -55 55 -57 -58 -59 -60 -61 61 -63
leaf_value=-0.03306194247722722 0.038702486612926135 -0.0088532932495973531 0.0026971992290446508 -0.013480263186023413 0.016871918247630239 -0.029879235244294908 -0.022102906256320724 -0.012914123655523397 -0.012991048189047054 0.024800432039368176 0.025813921898982989 0.012541029130323478 0.019202042586869035 0.015336948701104407 0.033933549113618205 0.014027451482723351 -0.021297514042207293 -0.017590770152053865 0.0062408926028138549 -0.03359469202512471 -0.03482047146357841 -0.019932393269728097 -0.01043104551318092 -0.0044387792614500408 0.0080231591611016461 -0.018581871467757076 -0.031746927240307088 0.024026808350254523 0.009831817824969738 0.0095223609245459993 -0.012764113363516785 0.017728109576959337 -0.016361844025899186 -0.0054369679408413727 0.019803114013460799 -0.0078150318246563433 -0.014400210344516374 -0.019194539346552641 0.001139263067559147 -0.021929636366864947 0.011638058396489544 0.0032714747601533122 0.006087197760990485 -0.011632098024022625 0.030803707516075599 0.0024560918241985463 0.031094318788169307 0.019700589636427457 -0.0053188880744752766 0.0082491605695300934 -0.011058223857895079 0.014904820404757588 0.023509894096533316 0.032894075127463007 0.021755788096855484 -0.0037531801145364984 -0.0071168723692458915 -0.010876959143215617 0.041618280425202846 0.0024202855701394238 -0.0063983002538207778 0.012204235376456775
leaf_weight=62.91492035984993 122.83354994654655 57.770194351673126 229.06844249367714 161.58066186308861 100.5166864991188 77.170502915978432 148.28741678595543 318.47969287633896 102.5353726297617 547.6338849812746 55.766812339425087 54.614093154668808 54.397306367754936 50.59749761223793 53.50135463476181 109.65472629666328 358.83606569468975 74.797066748142242 94.737343072891235 188.73476986587048 336.53572104871273 57.929647445678711 74.134945690631866 316.82175354659557 79.996271088719368 100.85009345412254 429.52465164661407 92.116000711917877 510.26151095330715 154.79441255331039 153.42004945874214 59.228064745664597 100.59975516796112 56.421884924173355 239.32735089957714 64.43905021250248 360.79191409051418 68.608177959918976 183.5056909173727 183.23589843511581 50.788071870803833 90.397696644067764 50.43371145427227 50.31642672419548 60.222850769758224 80.28821374475956 56.096573188900948 272.39770746231079 94.601173892617226 244.79036466777325 73.14593106508255 128.97536364197731 347.05803580582142 258.11889836192131 120.07253623008728 50.929666846990585 55.366252034902573 130.39951375126839 62.632415950298309 135.23398768901825 195.23504166305065 83.40344212949276
leaf_count=265 503 245 921 679 408 316 614 1285 415 2212 226 220 220 205 215 442 1474 305 380 791 1416 242 311 1283 325 412 1825 370 2053 624 622 239 412 226 963 259 1472 277 741 752 208 365 211 202 242 326 225 1093 380 982 294 518 1411 1054 488 206 224 533 255 548 796 339
internal_value=-3.83973e-05 -0.00639181 0.00137036 -0.0155089 -0.0121196 0.0034736 -0.00796514 0.0057088 0.00189751 0.0222154 -0.00929076 -0.0137787 -0.00491852 -0.00837403 0.0106431 0.0176585 -0.014487 -0.0096161 0.0220633 -0.0251429 -0.0278054 -0.021446 -0.027062 -0.0062735 0.00127672 -0.0068133 -0.0290328 0.00799746 0.00596752 -0.00423026 -0.00252012 -0.00311369 -0.00994638 0.0116363 0.0139664 0.00594268 -0.0171712 0.000899876 -0.00439421 -0.015161 -0.00696835 -0.00933569 -0.00782254 0.00961294 0.0115963 0.0120301 0.0103067 0.0129166 0.00824406 0.0125084 0.00209242 0.0074575 0.0274858 0.0258433 0.0227092 0.0141584 0.00572425 -0.0179416 0.0262783 -0.00565025 -0.00437714 -0.000830098
internal_weight=9337.88 7264.02 3923.55 3340.46 2471.11 3445.23 1983.82 2898.41 1635.29 2073.86 1883.3 478.321 1022.74 546.822 1263.12 1112.21 860.559 501.723 642.371 869.349 707.769 371.233 262.87 968.347 316.901 180.846 487.295 819.507 727.391 815.786 339.252 217.13 651.445 469.843 413.421 174.094 423.707 406.908 252.114 334.624 151.388 408.877 108.363 1209.61 957.177 136.055 896.954 667.886 395.488 300.887 252.438 179.292 961.645 838.812 580.693 171.002 114.594 207.57 409.69 288.654 353.436 278.638
internal_count=38065 29666 15846 13820 10170 13889 8100 11665 6593 8399 7692 1957 4164 2224 5072 4482 3528 2054 2592 3650 2971 1555 1102 3944 1289 737 2070 3301 2931 3292 1375 878 2655 1890 1664 701 1737 1642 1018 1372 620 1650 453 4857 3843 552 3601 2680 1587 1207 1014 720 3917 3414 2360 694 463 849 1666 1170 1440 1135
is_linear=0
shrinkage=0.03


Tree=13
num_leaves=63
num_cat=0
split_feature=83 83 83 5 5 10 5 4 10 17 12 2 5 29 5 12 2 59 51 57 31 59 64 83 27 64 18 29 63 58 5 74 77 69 33 61 46 59 80 59 70 61 17 17 77 17 42 70 17 56 27 32 10 54 27 78 90 31 57 41 10 67
split_gain=1745.22 369.214 153.624 105.159 166.665 53.6751 50.5125 55.2188 46.9011 46.3104 42.1893 39.2489 33.7802 52.249 33.0997 42.7924 32.0135 31.9474 29.5539 34.1203 32.2675 28.0176 27.7045 30.7517 26.6446 26.1327 26.0684 25.8512 25.6987 24.5161 24.3054 24.2946 24.1451 23.597 22.7066 21.0233 20.5332 19.6044 19.2931 18.676 18.6289 21.1396 18.4955 19.7612 18.3081 23.7821 18.0827 18.0106 17.9638 26.3633 17.8893 17.6318 17.5115 17.4905 17.4652 17.3847 16.8718 16.7275 16.2289 15.9687 16.4684 23.2631
threshold=0.19781456142663958 1.0874727964401247 0.02615575306117535 -0.00093361694598570455 0.00069463954423554252 0.056329838931560523 -0.00031217074138112361 -0.00061210774583742012 0.11988709867000581 85.511924743652358 0.010944090783596041 -1.2558319667732574e-05 0.0014756770106032493 -1.0075990557670591 0.00043380583520047372 0.014614903368055822 0.00022131827427074316 0.8655015528202058 0.037392448633909232 35.037940979003913 0.10125000029802324 1.4096354246139529 -0.87142586708068837 0.63788178563117992 -0.39477299153804774 0.78396254777908336 52.728328704833991 0.076131496578454985 0.94480377435684215 -0.137745626270771 -0.00053875608136877407 -0.48209707438945765 0.12597830593585971 5861.5000000000009 484.50537109375006 5.4954235553741464 0.99830764532089245 -0.6122756004333495 23.684583663940433 0.36657333374023443 6951.5000000000009 5.4467215538024911 17.693722724914554 71.02915191650392 -0.19156140089035031 67.441879272460952 -8.4992008209228498 11433.500000000002 41.426567077636726 7.766564369201661 0.023739456199109558 0.9624999761581422 0.079363849014043822 -1.5291600227355955 -0.65530318021774281 0.03908959403634072 -2.1172388792037959 0.71624997258186351 26.105343818664554 -7.2238264083862296 0.032456129789352424 735.50000000000011
decision_type=2 2 2 2 2 2 2 2 2 2 2 2 2 2 2 2 2 2 2 2 2 2 2 2 2 2 2 2 2 2 2 2 2 2 2 2 2 2 2 2 2 2 2 2 2 2 2 2 2 2 2 2 2 2 2 2 2 2 2 2 2 2
left_child=2 3 5 22 6 18 11 -8 55 16 28 26 13 37 15 46 -6 30 19 59 33 27 39 34 -12 -25 -5 -19 44 -13 35 -16 40 -21 -24 -7 51 -10 -33 -2 41 -32 -26 -44 -4 48 -9 -48 49 -46 -49 -15 -11 -42 -18 -3 -36 -31 -47 60 -1 -62
right_child=1 8 10 4 9 17 7 14 12 52 24 29 -14 36 31 -17 54 21 -20 20 -22 -23 23 25 42 -27 -28 -29 -30 57 32 38 -34 -35 56 -37 -38 -39 -40 -41 53 -43 43 -45 45 58 47 50 -50 -51 -52 -53 -54 -55 -56 -57 -58 -59 -60 -61 61 -63
leaf_value=0.033429760727196459 0.0051152978009423103 -0.015613123302002256 -0.0048422654729424206 -0.0015617509123623584 -0.01458596645247741 0.017076581857120184 -0.013325388287280082 0.023014794024088434 -0.013286236682298176 -0.0041558985448165685 -0.0040686613111150932 0.007284536031545474 -0.0333398975157937 -0.00056890086376950655 -0.016955269548617799 -0.0033846518458789648 -0.014518625213703781 0.011326521750110268 0.034352338270040916 0.004164536767926174 -0.0051662374702672225 0.022716221440928185 -0.02033745831610503 -0.029576255728149179 -0.0081606400127464899 -0.0080024377421404631 0.020808961257575677 -0.012385500951242068 0.029971890606245787 -0.01876739576088491 0.024794031521627485 -0.0040797464134230575 0.0099512782183338276 0.030274122580064428 0.004678763926072518 -0.0015140079608387564 -0.020164367253101292 -0.03410535539764014 0.012534883636716097 -0.015840915629610149 0.038297488304298723 0.0085524911747900875 0.014756447119856256 -0.0012014172682862452 0.020404671575389974 0.014255148198645828 0.0065845233682561236 0.010312041028544435 0.025755225307872314 -0.0022038492055861478 0.026916906526545239 -0.022112616297977918 -0.022915062756886321 0.024054595923825282 0.003582764104161292 0.0035475207316789845 -0.012531038654796371 -0.0022434715533012333 -0.0041808884212247285 0.038381752843979468 0.015099018813167855 0.032496027585780247
leaf_weight=132.30968442559242 89.612913325428963 125.91343280673027 55.647126600146294 460.46370567381382 306.57139754295349 167.11380460858345 142.86554118990898 118.01124709844589 46.804173678159714 50.532536715269089 280.88871790468693 50.81626769900322 331.7422798126936 104.84639796614647 74.341963171958923 198.80461779236794 61.89843775331974 88.293695673346519 283.6905946880579 49.208684518933296 64.219972223043442 71.106988832354546 171.703753516078 237.8367370814085 55.605164617300034 64.166052624583244 52.195204377174377 77.877618789672852 76.95543859899044 251.05637793242931 193.10850997269154 159.71386277675629 130.21295936405659 84.903280332684517 85.072408646345139 81.419587314128876 471.08118872344494 312.49661898612976 103.77131018042564 66.807092189788818 117.13989749550819 115.12205430865288 258.75199593603611 95.660265177488327 123.64255598187447 78.778958693146706 429.98472818732262 150.24503590166569 147.19717600941658 74.321873247623444 95.51655787229538 50.734055534005165 393.80415858328342 229.87637603282928 213.22884225845337 64.422804549336433 129.02526639401913 70.655081450939178 94.548470064997673 90.385728567838669 210.74053519964218 102.98092280328274
leaf_count=540 366 525 223 1859 1254 674 577 473 202 206 1128 204 1442 433 300 801 253 354 1165 200 260 286 709 993 223 265 210 312 309 1017 782 643 524 347 347 327 1966 1351 417 276 475 464 1037 384 496 316 1725 603 591 298 383 211 1635 929 865 266 528 286 379 370 858 421
internal_value=-1.44269e-06 -0.0103038 0.0162724 -0.00575881 -0.00339603 0.0209961 0.000994994 0.00439819 -0.0230483 -0.0134892 0.00821287 -0.00466909 -0.0250591 -0.0222729 0.00630146 0.00906211 -0.00791883 0.0168849 0.0261279 0.0229524 0.0123204 0.00695719 -0.0152311 -0.0178228 0.00304921 -0.0249925 0.000715872 0.000213678 0.0136923 -0.0120797 0.0191631 -0.00180956 0.0217504 0.0206939 -0.0122104 0.0109863 -0.0170436 -0.0313934 0.00246378 -0.00383512 0.0240951 0.0187279 0.00792542 0.0104492 0.0115102 0.0132653 0.0121795 0.0102873 0.0178183 0.0119167 0.0167656 -0.00759421 -0.0207817 0.0288625 -0.000489706 -0.00912785 -0.00569267 -0.0151384 0.00419846 0.0268834 0.0245533 0.0208097
internal_weight=9368.45 5736.74 3631.71 4228.7 3384.48 2289.71 2358.44 1473.25 1508.04 1026.04 1342 885.187 1317.7 985.962 1330.39 992.562 581.699 1271.27 1018.44 734.749 198.332 237.278 844.224 687.804 690.906 302.003 512.659 166.171 651.092 372.528 1033.99 337.827 785.46 134.112 385.801 248.533 626.662 359.301 263.485 156.42 655.247 308.231 410.017 354.412 574.136 518.489 793.758 675.746 345.162 197.964 245.762 155.58 444.337 347.016 275.127 190.336 214.098 321.711 173.327 536.417 446.031 313.721
internal_count=38263 23591 14672 17195 13711 9288 9498 5922 6396 4213 5384 3576 5605 4163 5345 3985 2372 5127 4161 2996 807 952 3484 2842 2772 1258 2069 666 2612 1507 4175 1360 3174 547 1584 1001 2610 1553 1060 642 2650 1246 1644 1421 2303 2080 3184 2711 1385 794 986 644 1841 1404 1118 791 875 1303 695 2189 1819 1279
is_linear=0
shrinkage=0.03


Tree=14
num_leaves=63
num_cat=0
split_feature=84 10 52 52 52 52 29 29 29 40 66 13 10 33 54 69 64 64 64 54 69 64 10 33 70 54 52 57 12 54 54 69 30 30 10 56 14 52 41 70 33 69 56 52 70 69 64 64 52 64 57 8 56 67 51 66 7 29 64 46 41 41
split_gain=1363.97 551.347 136.657 130.507 160.822 116.942 74.9956 75.253 74.2807 50.4086 56.4605 52.8381 47.1138 45.9351 45.2861 47.7029 47.6271 34.0107 33.0619 30.1686 32.4968 29.4775 29.4336 26.6532 26.2049 25.8664 27.6698 24.0909 23.8515 25.7659 32.4134 23.7482 23.5377 22.9837 22.8113 23.6962 22.2351 22.2185 22.085 21.7766 26.8829 25.7539 23.5019 29.1404 21.3199 28.8579 20.6641 28.0301 20.2312 19.3923 24.5254 23.4125 18.952 18.4208 18.3703 17.7908 27.5453 17.6859 17.3421 16.9497 20.8133 16.4807
threshold=1.0000000180025095e-35 0.11988709867000581 -0.18573043495416638 0.29968844354152685 -0.29122687876224512 0.17853766679763797 0.80883890390396129 -0.97107404470443714 -0.61663898825645436 -19.367568016052243 656.50000000000011 0.010676356963813307 0.079363849014043822 351.47776794433599 -1.8053607344627378 18258.500000000004 0.10669767111539842 0.87355786561965953 0.65110388398170482 -0.58292472362518299 3035.5000000000005 0.7702331840991975 0.092804130166769042 2053.198120117188 11433.500000000002 -1.344562768936157 0.19777349382638934 51.287576675415046 0.012977143283933403 -2.1480826139450069 -1.8053607344627378 14594.500000000002 0.67499998211860668 0.82500001788139354 0.048885982483625419 7.0921897888183603 0.023800566792488102 0.28744994103908544 -16.128276824951168 5622.5000000000009 385.07366943359381 4437.5000000000009 8.029391288757326 -0.085708718746900545 11933.500000000002 13897.500000000002 -0.79202145338058461 -0.92799669504165638 -0.11173857003450392 -0.90164175629615773 35.483316421508796 0.0041153670754283675 6.5628466606140146 455.50000000000006 0.041590636596083648 -335.49999999999994 -0.00028137711342424149 0.64619597792625438 -0.93279412388801564 0.99896571040153515 -32.433742523193352 -42.549798965454094
decision_type=2 2 2 2 2 2 2 2 2 2 2 2 2 2 2 2 2 2 2 2 2 2 2 2 2 2 2 2 2 2 2 2 2 2 2 2 2 2 2 2 2 2 2 2 2 2 2 2 2 2 2 2 2 2 2 2 2 2 2 2 2 2
left_child=1 2 8 4 33 9 7 21 -1 31 11 17 25 27 -7 16 37 18 22 20 -15 -6 24 -10 46 -2 34 -9 -22 -30 -31 -4 -14 -3 58 44 -21 -16 57 41 -41 -13 -42 -44 45 54 47 -11 -26 -8 51 -51 -34 -29 -36 56 -48 61 -27 -43 -61 -18
right_child=12 3 5 -5 6 14 49 13 23 10 -12 39 32 19 15 -17 38 -19 -20 36 28 -23 -24 -25 48 26 -28 53 29 30 -32 -33 52 -35 35 -37 -38 -39 -40 40 42 59 43 -45 -46 -47 55 -49 -50 50 -52 -53 -54 -55 -56 -57 -58 -59 -60 60 -62 -63
leaf_value=-0.021435404813103097 0.032136240256153706 -0.032336984700420991 0.023402011679278589 -0.030236202371716672 -0.028168923198920216 0.019648516513027667 -0.0077833321430138928 -0.0073411623079984488 -0.0050114292595542786 0.010933114223774791 0.02876853250833155 -0.024994215718795228 0.018994670207384653 0.016991848234720833 -0.0075995341358401879 -0.024848788321779752 0.029968945248545067 -0.005643234847719716 0.033918351292433098 -0.0098831655891602477 0.011306250266379141 -0.0023556480506497571 -0.003580498773294514 0.017975685840672891 0.0032416032066043721 0.041425319173461893 0.0061942475479524967 -0.010898309565583988 -0.023016888368555925 0.019880124075822406 -0.0050844591412820489 0.0078114907994493825 -0.0034400375213319593 -0.016506399702724772 -0.011015384819550387 0.026582514351474129 0.0090215696911213946 -0.025424423182740553 -0.00623398906323903 -0.0074814805538012978 8.623559125150664e-06 -0.015142901623215391 -0.0061281392992427654 0.019804386295430448 0.026261927532683069 0.02414150732447673 0.016536291034242964 -0.017954071109776752 0.023652182371870247 -0.026917735128252639 -0.033279883942916526 0.00027472760088164484 0.014240834095038672 -0.027704320141802588 0.0096591902423978256 0.016000706356924372 -0.014875887299745818 -0.0037505757172775511 0.025649337983120388 -0.0096068804067132758 0.011855199525038707 0.0076730236865542234
leaf_weight=311.21326811611652 281.83327578008175 372.46595613658428 226.75276851654053 457.5013403147459 198.41258034110069 56.355984419584274 64.954548388719559 418.87481115758419 409.78973233699799 62.524784460663795 88.605467781424522 60.529263198375702 291.66192699968815 116.42013807594776 194.23104105889797 128.36070683598518 50.127264469861984 125.25825347006321 53.47353507578373 412.51841022074223 117.62224563956261 49.810337737202644 129.31502570211887 51.052032873034477 55.101219952106476 71.686995759606361 91.448533967137337 116.78161658346653 55.580791518092155 55.987502738833427 285.48273083567619 143.63224594295025 102.36422979831696 106.0400658249855 56.273019671440125 242.22524151206017 64.788082405924797 93.105364963412285 119.78978161513805 183.56354439258575 259.86897453665733 72.608309477567673 51.58204585313797 159.86275289952755 100.89869982004166 88.208252713084221 50.452311232686043 58.532178789377213 211.36695691943169 67.153868466615677 168.18369780480862 49.503296062350273 116.8401535898447 118.01645618677139 123.72057172656059 232.38689479231834 50.046411454677582 54.963562577962875 500.91658329963684 73.554994896054268 90.951827451586723 73.717395260930061
leaf_count=1290 1155 1600 912 1958 848 228 273 1716 1659 251 356 244 1180 472 790 522 202 504 215 1688 478 212 525 205 222 297 371 480 226 227 1159 577 411 439 228 987 263 383 487 739 1045 292 208 642 410 358 203 235 849 283 715 208 471 486 500 934 201 225 2054 296 366 298
internal_value=-0.00018223 -0.00629087 0.00122046 -0.0153668 -0.0129703 0.00394554 -0.00975499 -0.00752424 -0.0101119 0.00716327 0.0053391 0.00429114 0.0213176 -0.00534571 -0.00624216 -0.00828487 -0.00465621 0.00900633 0.011038 -0.00162597 0.00267833 -0.022989 0.00959811 -0.00246492 0.0119637 0.0239112 0.0220936 -0.0116531 -0.000559417 -0.0040745 -0.000991263 0.0173561 0.0134121 -0.0288288 0.0233217 0.0192915 -0.0073171 -0.0133753 0.00373406 -0.000799948 0.00225813 -0.00752833 0.00605143 0.0134781 0.0145067 0.0100844 0.00757995 -0.00303411 0.0194316 -0.0225753 -0.0259484 -0.0153787 0.00598421 -0.0193455 0.00319551 0.0114399 0.000893636 0.010412 0.0276244 -0.00306974 0.00225898 0.0166975
internal_weight=9346.85 7278.77 3982.68 3296.1 2838.6 3210.62 2360.09 2010.3 772.055 2439.97 2069.58 1980.98 2068.08 1762.07 770.651 714.295 585.934 1028.46 903.199 1108.4 631.093 248.223 849.726 460.842 720.411 1557.21 1275.38 653.673 514.673 397.051 341.47 370.385 510.866 478.506 1183.93 611.326 477.306 287.336 298.598 952.522 654.877 297.644 471.314 211.445 369.101 268.202 453.943 121.057 266.468 349.795 284.841 116.657 219.204 234.798 179.994 332.886 100.499 178.808 572.604 237.115 164.507 123.845
internal_count=38258 29836 16105 13731 11773 12951 9734 8255 3154 9816 8327 7971 8422 7195 3135 2907 2385 4139 3635 4513 2562 1060 3420 1864 2895 6360 5205 2682 2090 1612 1386 1489 2062 2039 4834 2483 1951 1173 1212 3832 2634 1198 1895 850 1496 1086 1824 486 1071 1479 1206 491 882 966 728 1338 404 725 2351 954 662 500
is_linear=0
shrinkage=0.03


Tree=15
num_leaves=63
num_cat=0
split_feature=83 83 83 5 5 5 5 5 10 5 77 12 3 52 12 40 59 32 52 54 57 80 51 54 65 36 52 38 44 64 25 14 31 57 52 39 39 65 69 83 77 39 23 38 59 64 54 58 57 54 68 25 14 36 3 7 54 12 58 59 43 59
split_gain=1560.6 315.07 161.832 98.4779 135.468 47.7036 47.4649 53.1829 44.4032 44.0427 68.9707 39.7714 39.2325 36.3492 35.2882 34.508 31.9975 31.6116 28.8898 28.2773 25.6879 24.7949 24.3432 22.1134 21.9763 23.5769 20.9618 20.7756 20.45 20.3177 20.1426 19.1741 19.1094 28.687 19.0675 24.4433 20.8264 19.6974 19.0381 18.9422 18.7435 18.4022 18.25 18.0908 17.9293 17.9198 17.7118 17.4491 21.6852 17.3573 17.3509 22.78 17.0421 16.8832 16.848 16.5494 16.2876 16.204 15.9787 15.7772 15.5562 15.4489
threshold=0.21659358590841296 1.0874727964401247 0.010669274255633356 -0.0011280011385679243 0.00083425932098180066 -0.00057247525546699752 0.00075151299824938189 -0.00027349703304935241 0.055291593074798591 0.0014380452921614053 -0.18560015410184857 0.014696165919303896 -0.00032064602419268334 0.15147592872381213 0.0072773778811097154 -23.906067848205563 0.8655015528202058 0.90749999880790722 0.19445858150720599 0.80157276988029491 82.358360290527358 25.14615631103516 0.037392448633909232 -0.22005594521760938 -701.49999999999989 0.44096246361732488 -0.22058115899562833 -0.017095487564802166 6.5243084430694589 -0.85828685760498036 14.766046047210695 0.0096020204946398752 0.096249997615814223 36.950096130371101 -0.037091201171278947 0.31583642959594732 0.55870005488395702 -81.499999999999986 17323.500000000004 0.57344415783882152 0.12597830593585971 0.4146182388067246 1.5000000000000002 -0.039231697097420686 0.74762064218521129 -0.87142586708068837 0.20279850065708163 -0.66880580782890309 30.419652938842777 -0.37696772813796992 1.0000000180025095e-35 26.163513183593754 0.015590753871947529 -0.14174171537160871 0.00022815192642156037 0.00096105487318709504 0.14464386552572253 0.010347495321184398 0.37982290983200079 0.25852656364440924 8.6820869445800799 0.25852656364440924
decision_type=2 2 2 2 2 2 2 2 2 2 2 2 2 2 2 2 2 2 2 2 2 2 2 2 2 2 2 2 2 2 2 2 2 2 2 2 2 2 2 2 2 2 2 2 2 2 2 2 2 2 2 2 2 2 2 2 2 2 2 2 2 2
left_child=2 3 8 17 5 12 7 54 22 10 -3 15 -5 42 -12 30 26 39 34 56 27 29 32 47 -15 52 -10 -9 -20 -13 -7 -25 55 46 36 -36 38 43 -17 -2 50 -29 -6 53 -14 -19 -34 -16 -49 -23 51 -28 -26 -37 -4 -1 -18 -8 -53 -31 -52 -39
right_child=1 9 6 4 13 11 57 20 16 -11 14 21 44 24 23 18 19 45 28 -21 -22 49 -24 31 25 -27 40 41 -30 59 -32 -33 33 -35 35 37 -38 61 -40 -41 -42 -43 -44 -45 -46 -47 -48 48 -50 -51 60 58 -54 -55 -56 -57 -58 -59 -60 -61 -62 -63
leaf_value=0.026923935878768832 -0.01385330568492516 -0.029766298254451019 0.0050214193889330482 0.0018749944864905523 -0.015760761962019185 0.0043792025744949174 0.0094912682797042378 0.021515929431080251 0.004520488272494249 -0.031352415463026966 0.0091567862076133572 0.0027762967064426276 -0.0097625402424615804 -0.0022694024194446724 0.0057551055937714772 -0.00026919844585126493 0.0070401797774542691 0.010601656324396577 -0.014581199861455518 0.022228883173995014 -0.001627500364451914 0.010864202142272661 0.033256840000794236 -0.007149338860823834 -0.018569320432090686 -0.011506756526552442 0.0057840574563587698 0.023934015373106774 0.0059872004313278621 -0.0076625956694194464 0.024784646621815093 -0.025838488039948787 0.033601547885808394 -0.0045834772121434017 0.021377682095868978 -0.0012854620313038148 0.01233535560709274 0.024689905225766383 -0.018054809313474415 -0.025586109564691699 0.0089517870659235211 0.0069993862868641754 0.0032917310252519308 -0.0069705099475289222 -0.024652447901348507 -0.01227429334232517 0.0099313060846860299 -0.0044187762216773693 -0.019308123717191907 -0.0085538561722433241 0.02769522336157652 0.036164069687908182 -0.031604251605185554 0.017831545303096281 -0.009830371588410821 0.008873324571910703 -0.012862405499178938 -0.0094917323765739432 0.016232784366501142 -0.024037697823839767 0.014191028569808877 0.007211383338530798
leaf_weight=464.63993084430695 228.61391064524651 372.10086926817894 518.89250908792019 248.16532677412033 68.967918649315834 73.099993735551834 52.774389192461967 379.2840815782547 84.341151058673859 346.3976234048605 54.779464930295944 68.643712729215622 307.17361418902874 71.58455628156662 47.558634117245674 297.3743212223053 92.802463755011559 49.41657155752182 135.24834662675858 68.801174476742744 75.60945226252079 102.96257846057415 248.20272515714169 62.185020804405212 200.97191381454468 195.20253238081932 117.45056147873402 76.160720095038414 64.134379416704178 103.96044632792473 107.65760239958763 240.41812710464001 58.110151812434196 53.723758116364479 100.04614324867725 92.908075526356697 93.959518581628799 62.547021046280861 66.229938477277756 270.22595311701298 116.71957090497017 238.91996383666992 131.56413900852203 153.65818910300732 95.381542474031448 81.889633893966675 55.743856340646744 143.61477667093277 227.47527222335339 69.32452817261219 408.80639770627022 55.657486721873283 163.88208678364754 75.254884853959084 79.241613104939461 50.701494917273521 61.551786363124847 173.57958985865116 103.5514087677002 107.93302771449089 94.52433905005455 167.11220818758011
leaf_count=1915 942 1616 2082 1010 282 293 212 1524 339 1531 226 277 1254 294 202 1198 373 203 548 277 303 414 1031 259 838 808 476 306 259 421 432 1020 239 218 401 373 377 251 267 1136 471 959 537 617 392 338 228 600 956 280 1665 227 689 302 318 208 247 700 420 438 384 671
internal_value=-0.000116053 -0.010202 0.014891 -0.00586247 -0.00385714 -0.000476988 0.00765941 0.00976481 0.0202909 -0.0219765 -0.0191477 0.0018785 -0.00750687 -0.0143886 -0.0140562 0.00424584 0.0164869 -0.0167617 0.00254851 0.00623339 0.0149781 -0.0059071 0.0252107 -0.0158192 -0.0179214 -0.019922 0.0188192 0.0167862 -0.00796507 -0.0114084 0.0165325 -0.0219979 0.0222864 0.013486 0.00443855 0.00773499 -0.00025526 0.00526002 -0.00350882 -0.0202091 0.0201641 0.0110928 -0.00326089 0.000470464 -0.0132906 -0.00366502 0.0220124 -0.0113532 -0.0135458 0.0030508 0.0218419 0.0158067 -0.0244242 0.00726962 0.00305383 0.025148 -0.000896367 -0.00506585 0.0232005 -0.0160036 0.0251592 0.0119716
internal_weight=9279.41 5549.62 3729.79 4055.09 3424.95 2592.78 1594.46 1368.11 2135.33 1494.53 1148.13 1942.05 650.72 832.173 776.031 1489.23 1204.21 630.146 1308.47 223.155 769.974 452.824 931.122 721.252 631.641 560.057 981.051 694.365 199.383 280.537 180.758 302.603 682.919 167.578 1109.09 651.527 457.564 551.48 363.604 498.84 896.71 315.081 200.532 321.821 402.555 131.306 113.854 418.649 371.09 172.287 779.99 276.659 364.854 168.163 598.134 515.341 154.354 226.354 159.209 211.893 503.331 229.659
internal_count=38074 22952 15122 16542 13923 10475 6404 5492 8718 6410 4879 7819 2656 3448 3263 5989 4879 2619 5264 897 3092 1830 3839 3037 2629 2335 3982 2789 807 1136 725 1279 2808 685 4457 2615 1842 2214 1465 2078 3643 1265 819 1292 1646 541 467 1758 1556 694 3172 1123 1527 675 2400 2123 620 912 647 859 2049 922
is_linear=0
shrinkage=0.03


Tree=16
num_leaves=63
num_cat=0
split_feature=83 83 83 52 5 5 10 12 5 12 2 27 1 66 5 63 18 57 18 40 53 54 53 51 57 31 10 6 58 41 83 49 74 83 52 38 63 68 70 75 52 42 52 29 18 5 70 12 63 2 52 41 63 44 31 26 5 5 41 10 63 49
split_gain=1485.22 296.225 178.513 120.271 145.261 67.4608 46.6911 46.6807 39.7196 40.5752 35.6605 34.453 32.5019 31.8959 31.4963 31.4914 31.4306 27.9145 27.7854 26.1797 25.8256 25.6236 25.4423 24.7893 24.77 25.2156 24.1837 24.0022 22.9512 22.889 22.6521 22.4273 22.0851 21.3391 20.1996 19.9708 19.6808 19.3337 18.9925 18.3906 17.2672 17.1018 16.2863 34.3089 16.271 16.1682 16.1166 15.5931 15.5323 15.4037 15.1575 15.0106 14.9208 14.403 16.4415 15.4119 14.3988 14.3828 14.3449 16.1473 19.5987 24.1097
threshold=0.26083885133266455 1.2428888678550722 0.010669274255633356 -0.262771725654602 0.00095907328068278741 -0.00085222619236446906 0.056329838931560523 0.010403099469840528 0.00049942667828872811 0.014696165919303896 -4.1377857996849336e-05 1.2458739876747134 0.00010044015289167875 656.50000000000011 -0.00024519252474419767 0.86051779985427868 53.126302719116218 56.616611480712898 14.203176975250246 -21.149574279785153 0.76020276546478283 -0.56541106104850758 1.096885681152344 0.038917126134037978 35.037940979003913 0.096249997615814223 0.11988709867000581 0.00011816689584520647 -0.44050981104373926 -7.5793690681457511 0.53083550930023204 0.99874004721641552 -0.5013657510280608 0.10351252555847169 0.27730427682399755 -0.039231697097420686 0.94762688875198375 1.0000000180025095e-35 5669.5000000000009 0.054277142509818084 0.15147592872381213 14.306409835815431 0.26252925395965582 -0.97107404470443714 33.619150161743171 0.00027510193467605864 19764.500000000004 0.0096811186522245424 0.45593219995498663 0.00023058963415678593 -0.12461410835385321 -28.846224784851071 -0.85149618983268727 -7.5276317596435538 0.20749999582767489 0.60957142710685741 0.00075151299824938189 -0.0013579669175669549 -7.5793690681457511 0.032456129789352424 -0.74168145656585682 0.99962124228477489
decision_type=2 2 2 2 2 2 2 2 2 2 2 2 2 2 2 2 2 2 2 2 2 2 2 2 2 2 2 2 2 2 2 2 2 2 2 2 2 2 2 2 2 2 2 2 2 2 2 2 2 2 2 2 2 2 2 2 2 2 2 2 2 2
left_child=2 3 6 30 5 10 23 15 9 14 28 34 38 26 16 33 18 20 50 -9 51 -20 39 24 36 27 -3 -26 -5 31 41 44 45 -4 49 -34 58 -32 -10 -21 -24 -2 43 -28 -11 -16 47 -40 -30 -6 -7 -8 -25 -22 -55 -56 -45 -39 59 -1 -61 -62
right_child=1 13 7 4 11 8 17 19 12 29 -12 -13 -14 -15 32 -17 -18 -19 21 22 53 -23 40 52 25 -27 42 -29 48 -31 37 -33 35 -35 -36 -37 -38 57 46 -41 -42 -43 -44 56 -46 -47 -48 -49 -50 -51 -52 -53 -54 54 55 -57 -58 -59 -60 60 61 -63
leaf_value=0.029856988931852374 -0.020689075446855297 -0.0112760664912694 0.015779766404727114 0.011140942187889564 -0.021005853352028248 -0.00087633787795756378 0.017051426301561371 0.01643375794291144 -0.023227377961630508 0.021566958852815399 -0.021952231282235848 -0.0008781246893736198 0.0025844536019607916 -0.0043348189409569615 0.0058984355256827313 0.02399065008633449 0.019394836078271138 0.0075074214917367601 0.0030478671728294145 0.0066764211435777331 0.011453492386724185 -0.014439283634698041 0.011754867182813787 0.018115215118284896 0.030569381784908051 -0.0030590578590758764 -0.031900909999353751 0.0045279941200226381 -0.0036936788562782993 -0.019478187431748031 -0.033353228034149217 -0.0071763037071254808 0.017424262971613414 0.0048484857520358412 -0.025473554672403583 0.0063217671896896119 0.042361601628745818 -0.026145224638307471 0.011018794549024935 -0.0050193712491713883 -0.0056901430015191103 -0.00092789629170789503 -0.033315011373626795 -0.014902631589495608 -0.0017872546494734152 -0.013981281000286172 -0.020058491637353567 -0.0090490219025864214 -0.017535063396786291 -0.0086040207673833066 0.018959506497112012 0.00093504389068702369 0.03666591220775519 0.028495845957122654 0.031896197696449351 0.014435834103680045 -0.026763607929647625 -0.011522250964488159 0.034145331389047358 0.0046962833555915691 0.039053598813973758 0.015691458685687647
leaf_weight=122.18028807640076 77.046366199851036 100.45273485779762 272.93997836112976 60.630667939782143 175.82410478591919 75.440610140562057 103.47251471877098 113.49139009416103 101.62772768735886 51.859146907925606 182.32743759453297 106.74520820379257 213.91991621255875 69.495555773377419 127.61497171223164 164.90927904844284 64.755565121769905 297.46337361633778 121.58082361519337 160.10869804024696 115.34819070994854 198.59429638087749 251.20548184216022 49.325117811560631 78.070944204926491 63.55725185573101 317.50165940821171 53.809090912342072 188.38481184840202 82.154214695096016 132.34692116081715 225.31473612785339 309.58802089095116 390.91507749259472 272.15230639278889 275.63416169583797 52.525793373584747 125.59310384094715 52.336883425712585 495.33404260873795 64.093700438737869 80.697436168789864 251.58481226861477 279.48147456347942 55.671625405550003 51.751678690314293 65.567090153694153 104.28363689780235 119.09349405765533 184.94836685061455 64.156100317835808 104.58264657855034 186.82103180885315 263.63224211335182 57.321935415267944 220.56917318701744 137.40044815838337 116.86489209532738 86.661133140325546 84.513173133134842 54.061282396316528 150.25162324309349
leaf_count=505 317 422 1097 248 734 306 422 456 414 209 757 441 867 297 513 664 261 1202 490 644 469 805 1009 205 323 258 1405 221 774 334 563 913 1244 1571 1153 1108 221 536 212 1993 258 332 1118 1175 225 209 267 425 493 767 258 422 783 1074 234 894 599 490 360 346 223 620
internal_value=-5.62318e-05 -0.010638 0.0135595 -0.00682699 -0.00482312 -0.0016918 0.0195034 0.0068973 0.000618759 0.00286189 -0.0111024 -0.016644 -0.00648987 -0.0240385 0.00548841 0.0122575 -0.000173141 0.0154349 -0.00292915 0.0028001 0.0181613 -0.00779885 0.00120616 0.0243204 0.0216377 0.0124633 -0.0252988 0.0199441 -0.00572836 -0.00529686 -0.020117 -0.00179658 0.00937237 0.00934282 -0.019303 0.0121951 0.0248966 -0.024131 -0.0124846 -0.00216237 0.00820866 -0.0105798 -0.0267275 -0.0244708 0.00947584 0.00016265 -0.00757087 -0.00234309 -0.00905477 -0.0146481 0.00823985 0.00895024 0.0327911 0.0210787 0.023129 0.0180375 -0.0188119 -0.0190969 0.0230533 0.0207145 0.016847 0.0218731
internal_weight=9277.59 5220.42 4057.16 4064.51 3531.96 2792.29 2144.17 1913 2241.85 1704.12 550.436 739.67 537.735 1155.92 1289.12 828.764 524.527 1162.39 459.772 1084.23 864.927 320.175 970.742 981.777 745.631 195.437 1086.42 131.88 368.109 415 532.549 332.846 764.589 663.855 632.925 585.222 550.193 374.805 323.815 655.443 315.299 157.744 985.968 734.384 107.531 179.367 222.188 156.621 307.478 360.772 139.597 208.055 236.146 656.872 541.523 277.891 416.882 242.458 497.667 411.006 288.826 204.313
internal_count=38155 21681 16474 16665 14427 11332 8782 7692 9060 6875 2272 3095 2185 5016 5194 3332 2120 4717 1859 4360 3515 1295 3904 4065 3077 802 4719 544 1515 1681 2238 1347 3074 2668 2654 2352 2275 1589 1318 2637 1267 649 4297 3179 434 722 904 637 1267 1501 564 844 988 2671 2202 1128 1774 1026 2054 1694 1189 843
is_linear=0
shrinkage=0.03


Tree=17
num_leaves=63
num_cat=0
split_feature=84 10 5 5 29 5 30 5 52 5 10 54 63 39 29 56 29 16 29 70 90 64 51 51 52 33 29 64 68 52 5 25 64 66 12 69 54 70 10 51 10 1 34 42 39 82 68 53 32 51 53 26 63 63 63 64 5 33 52 32 39 25
split_gain=1052.76 459.569 128.689 117.597 160.477 110.687 55.7131 53.298 53.1936 49.5167 40.0783 39.1168 37.2809 36.3685 34.1748 32.0277 31.9468 30.7263 30.6905 30.4783 29.0458 28.4307 27.8826 27.5182 27.2994 25.793 29.1159 24.1733 24.0431 23.6309 23.1812 23.129 22.8737 37.4799 22.3899 22.2165 22.0252 27.3549 25.6093 24.1303 21.5548 20.8838 20.1637 20.0868 20.0537 23.01 20.0301 21.9145 21.7941 19.8872 19.6932 19.5778 18.9981 18.7628 20.5315 18.1544 17.9009 17.6001 17.3282 17.1276 16.7411 16.7381
threshold=1.0000000180025095e-35 0.11988709867000581 -0.00069532523048110295 0.0014756770106032493 -0.93283227086067189 0.00051121594151481997 0.22500000149011615 -0.0013579669175669549 0.15387640148401263 -0.00031217074138112361 0.055291593074798591 -1.8053607344627378 0.96304282546043407 0.69837301969528209 -0.61663898825645436 8.4401888847351092 0.35830152034759527 14.043425083160402 0.95454317331314098 5622.5000000000009 -1.0322263240814207 0.10669767111539842 0.080363985151052489 0.021792345680296425 0.24138317257165912 2256.335571289063 -0.4417105764150619 -0.96535655856132496 0.87837970256805431 0.20153444260358813 0.00070856171078048657 7.1306891441345224 -0.8959035575389861 -63.499999999999993 0.01824819948524237 3073.5000000000005 -1.8274565935134885 8608.5000000000018 0.079363849014043822 0.070885591208934798 0.11148353666067125 0.00014001645467942583 1.1405797600746157 10.312611103057863 0.7248714566230775 80.112300872802749 0.6078576147556306 0.69787836074829113 0.10249999910593034 0.030192729085683826 0.82953315973281871 1.6389505267143252 0.9556623399257661 0.27353890240192419 -0.045798758044838898 -0.93279412388801564 -0.00045099077397026116 641.21414184570324 -0.18573043495416638 0.72750002145767223 0.46133349835872656 47.424863815307624
decision_type=2 2 2 2 2 2 2 2 2 2 2 2 2 2 2 2 2 2 2 2 2 2 2 2 2 2 2 2 2 2 2 2 2 2 2 2 2 2 2 2 2 2 2 2 2 2 2 2 2 2 2 2 2 2 2 2 2 2 2 2 2 2
left_child=1 2 14 4 27 9 20 -8 13 25 29 -7 16 17 31 36 23 -9 -15 30 28 24 34 -11 50 26 61 -3 60 43 -13 -1 33 -5 56 59 37 -12 -38 57 -41 -32 -34 -2 -18 -46 47 48 -25 -28 -21 -23 55 54 -49 -45 -22 -40 -29 -19 -6 -4
right_child=10 3 5 32 6 11 7 8 -10 12 15 19 -14 18 -16 -17 44 35 -20 21 22 51 -24 46 -26 -27 49 58 -30 -31 41 -33 42 -35 -36 -37 38 -39 39 40 -42 -43 -44 52 45 -47 -48 53 -50 -51 -52 -53 -54 -55 -56 -57 -58 -59 -60 -61 -62 -63
leaf_value=0.0026514705553078327 0.032569194038176902 -0.0071784751739834328 -0.00038988049315227 0.0072781248042913319 0.0033312154311004641 0.015526105131556925 -0.022934525334396653 0.0082726445609131276 -0.019934060769818362 0.031719916510473262 0.012929033040164279 -0.0014933665688519385 0.025250254620947266 0.0096692757120678263 -0.0035177763450756705 0.024348133867222729 -0.0057160588363056822 0.0095326847162718505 -0.016536657500116132 -0.014463889988360143 -0.021610682074596193 0.012100050161863879 0.0078249430978806194 0.0077963041040159109 -0.021130992095219108 0.021147199380835143 -0.011994522027939923 -0.031543638462396176 0.016470403909615742 0.0050227369211135161 -0.028667487914997153 -0.019332839372539171 -0.030586171175540355 -0.026251993112574597 -0.028607549011401039 -0.014364680988664627 0.015126482423110042 0.039978668785450734 0.0089954195848863782 0.024739679354553141 0.0018996534422613595 -0.0093068345326640812 -0.012107760138041683 0.033709372034837953 0.01743223784808845 -0.0051204704855720351 0.016024337660496518 0.011105249464287823 -0.014985095933999482 0.008426968158133763 0.0041493108608701371 -0.0045722072805222174 0.040356190729987085 0.0031610145509774882 0.030705379359368873 0.018456970931705119 0.00080454730198198962 -0.012390030486134932 -0.018832731792019126 -0.011552255468937431 -0.01562545469227412 -0.01508769253809277
leaf_weight=50.070787653326988 230.93357929587364 56.750515341758728 137.93716643750668 46.88861095905304 264.66729930043221 82.157976448535919 259.12098456919193 86.67081992328167 257.67337234318256 59.749279677867889 87.762679249048233 91.483395636081696 146.6087209880352 217.3799939006567 402.32703936100006 269.21439653635025 174.56941896677017 72.670645654201508 49.35162927210331 78.321951597929001 49.229690164327621 153.11675342917442 74.573069006204605 83.582169517874718 100.04698456823826 52.982603311538696 50.617952242493629 336.86013755202293 112.83996857702732 56.723003402352333 108.26626621186733 308.03414338827133 432.37541449069977 83.316962853074074 62.252291485667229 420.04888717830181 426.29999648034573 54.569248452782631 53.810796588659286 67.8116495013237 82.34368072450161 93.401866242289543 60.596148163080215 82.113788783550262 105.42540158331394 66.334111392498016 393.28273165225983 206.73739632964134 68.988681465387344 282.13918583095074 147.50664338469505 108.17186696827412 47.804015249013901 180.24832117557526 62.68440106511116 485.47419886291027 91.964092567563057 97.195348411798477 135.29323033988476 66.313241258263588 49.820152372121811 141.032102689147
leaf_count=206 967 247 557 200 1080 332 1091 358 1088 241 359 369 590 888 1633 1100 703 298 208 318 202 622 303 336 414 213 204 1494 458 233 446 1284 1886 366 255 1725 1735 224 218 275 332 383 263 346 424 267 1584 831 277 1134 597 440 203 724 252 2010 376 393 580 273 204 574
internal_value=2.92571e-05 -0.00534805 0.00156727 -0.0136293 -0.0108844 0.00422191 -0.00721887 -0.0106237 -0.00789745 0.00791579 0.0190481 -0.00427104 0.0108562 -0.00449829 -0.00951789 0.0153058 0.00935062 -0.00834778 0.00482056 -0.00611867 -0.000319746 -0.00217443 -0.00786728 0.0119453 -0.00808554 0.001067 -0.000672177 -0.0256779 0.00459067 0.0237682 -0.0140187 -0.016259 -0.025361 -0.0141774 -0.0136193 -0.0109246 0.0125071 0.0232997 0.0103954 0.00369855 0.0122144 -0.0197007 -0.0283148 0.0250245 0.00144455 0.0087223 0.0107585 0.00731969 -0.00250487 0.00532052 -0.00230613 0.00519784 0.0221933 0.0106531 0.0156655 0.0206636 -0.00701092 -0.00476936 -0.0279014 -0.000527551 0.000328157 -0.00782032
internal_weight=9264.54 7222.48 3935.83 3286.66 2663.48 3175.39 2134.58 1429.23 1170.11 2212.92 2042.06 962.474 1548.21 912.435 760.432 1139.01 1401.6 645.704 266.732 880.316 705.347 587.164 278.019 1055.27 325.876 664.709 611.726 528.904 427.327 903.049 293.152 358.105 623.177 130.206 203.446 559.033 869.793 142.332 727.461 301.161 150.155 201.668 492.972 846.326 346.329 171.76 995.524 602.241 152.571 332.757 225.829 261.289 615.392 449.67 269.422 567.588 141.194 151.006 472.153 138.984 314.487 278.969
internal_count=38193 29798 15955 13843 11128 12832 8807 5929 4838 8911 8395 3921 6229 3750 3123 4636 5639 2654 1096 3589 2878 2391 1136 4245 1329 2682 2469 2321 1742 3759 1198 1490 2715 566 833 2296 3536 583 2953 1218 607 829 2149 3526 1394 691 4004 2420 613 1338 915 1062 2559 1807 1083 2356 578 611 2074 571 1284 1131
is_linear=0
shrinkage=0.03


Tree=18
num_leaves=63
num_cat=0
split_feature=31 10 66 10 29 29 29 29 33 32 80 65 70 7 41 32 29 29 77 77 51 10 51 42 81 41 14 25 12 16 10 12 51 64 59 78 43 4 64 64 70 64 41 69 14 67 23 58 38 64 31 64 43 10 31 69 29 41 41 80 78 32
split_gain=1001.23 313.883 119.454 112.738 104.267 137.475 94.9037 71.579 64.3307 44.2715 42.7778 42.6382 42.3423 38.459 37.2284 34.0995 33.8809 34.8754 32.7007 30.6736 30.4018 38.7888 38.0049 28.1436 27.4329 31.8803 25.9398 25.6353 32.3769 27.0223 24.6042 24.3533 26.8842 23.9548 23.9009 23.4272 23.0171 22.9154 22.564 22.2632 21.9862 21.4824 25.7665 21.0565 20.9878 20.5761 19.4508 23.989 19.3846 19.1032 19.072 18.7316 18.5558 17.9288 17.7701 17.5769 17.3417 17.3262 17.2668 17.1452 16.9794 16.6758
threshold=0.27250000834465032 0.12224081903696062 656.50000000000011 0.055291593074798591 0.95454317331314098 -0.93283227086067189 -0.59946727752685536 0.49057345092296606 416.94113159179693 0.27750000357627874 19.855093955993656 354.50000000000006 31648.500000000004 -0.0028899508761242028 -95.179996490478501 0.85250002145767223 -0.61663898825645436 0.58226454257965099 0.20403659343719485 -0.12456554174423216 0.038394669070839889 0.035724675282835967 0.02840026002377272 78.910533905029311 0.29645919799804693 6.0091137886047372 0.025813775137066845 63.619501113891609 0.0098706427961587923 15.502520561218263 0.095629077404737486 0.0078764627687633055 0.028127788566052917 -0.98285266757011402 1.3335422873497011 0.006407785927876831 12.400374412536623 3.6931030990672305e-05 -0.9543684422969817 0.7702331840991975 7726.5000000000009 -0.82288655638694752 -7.5793690681457511 20385.500000000004 0.014872390776872637 580.50000000000011 2.5000000000000004 0.34143374860286718 -0.41595742106437678 0.84688794612884533 0.027499999850988392 0.33586180210113531 17.744327545166019 0.095629077404737486 0.16250000149011615 4484.5000000000009 -0.726608246564865 -37.603395462036126 -19.43394565582275 13.744263648986818 0.085844777524471297 0.042500000447034843
decision_type=2 2 2 2 2 2 2 2 2 2 2 2 2 2 2 2 2 2 2 2 2 2 2 2 2 2 2 2 2 2 2 2 2 2 2 2 2 2 2 2 2 2 2 2 2 2 2 2 2 2 2 2 2 2 2 2 2 2 2 2 2 2
left_child=3 2 6 20 5 38 35 15 10 12 41 13 14 56 -5 19 -16 23 26 37 21 -1 -23 27 60 36 33 29 61 -18 -17 32 -21 -15 52 46 53 51 -3 -40 -41 55 49 48 -32 -12 47 -2 -35 57 -31 -8 -24 -26 -11 -7 -10 -43 -30 -33 -9 -29
right_child=1 4 -4 9 -6 8 7 24 11 54 45 -13 -14 18 16 30 17 -19 -20 31 -22 22 34 -25 25 -27 -28 28 58 50 44 59 -34 43 -36 -37 -38 -39 39 40 -42 42 -44 -45 -46 -47 -48 -49 -50 -51 -52 -53 -54 -55 -56 -57 -58 -59 -60 -61 -62 -63
leaf_value=0.02828639364935126 -0.0055024093223968555 -0.0084213980540412507 0.023480356376398968 0.032979829690398477 -0.026983712618040223 0.017719004056148385 0.002945534204370279 -0.0087406986065165886 -0.0036931759940874134 0.02484051929155064 -0.014431958355930327 0.02162632076731219 -0.019144395127482308 0.010027587603347845 -0.0096565130569191346 0.020478424017469712 -0.0014546709458998336 -0.009326309787023368 -0.02382306077508517 0.00082719596954100626 0.032371184400620145 0.0058778341923732443 0.019823169506067145 0.031963589874994695 0.0084921603590107069 0.017997316596759811 0.0086277844879485595 0.0045988282885900999 0.0050769424245991155 0.029554962667678524 -0.009536671553414906 0.011700718053703367 0.020807384125991341 -0.018441684907890086 0.001096053714591179 0.003241543630593141 -0.020620646242976721 -0.022774318998599743 -0.031457166151521852 -0.031199961137129625 -0.0042949979481183564 0.00094449790546145287 -0.029455614638770816 0.0067145882263298399 0.014884868780827253 -0.026058794077704454 -0.023278288427717914 -0.024551353963498404 -0.0070367861754051875 0.0070480687083502996 0.013001685284845932 -0.014804605534658418 0.036020610822350793 -0.0097185362616169207 0.012843713658613859 -0.0050380685196527953 0.014782512137444779 -0.018732757999532272 -0.012645581658203705 0.00038914666684138841 -0.023799474395770785 0.025204101260129105
leaf_weight=302.89604602754116 217.51192817091942 62.447485163807869 180.26920904219151 50.909544795751572 448.82264888286591 49.333963364362717 178.7558009326458 160.64217659831047 75.155716881155968 180.90766137838364 339.23762790858746 58.172455504536629 54.564982503652573 65.707881838083267 103.08301930129528 171.64069636166096 102.87334844470024 92.181405991315842 95.530884683132172 103.66887791454792 196.23527809977531 242.46010883152485 281.3647498190403 49.703152224421501 92.242525815963745 57.759183332324028 105.28231497108936 85.087991401553154 84.049089297652245 73.386110067367554 61.434784933924675 140.81044082343578 145.92255562543869 197.74374490976334 48.642161205410957 69.837580099701881 75.491894632577896 61.454890891909599 341.29829822480679 48.391225144267082 62.823927342891693 61.698426142334938 55.442594334483147 69.508049622178078 65.371706917881966 229.77240698039532 176.08541661500931 81.903730988502502 416.91251575946808 65.558640003204346 427.90326887369156 76.366137340664864 82.265920042991638 102.97318667173386 288.06865032017231 80.207583695650101 116.75159257650375 115.97526687383652 120.28518779575825 840.14471261203289 116.08533178269863 60.469894558191299
leaf_count=1262 899 272 732 206 1990 203 727 653 307 740 1431 237 221 269 420 696 416 375 406 418 832 986 1163 201 376 237 429 343 341 301 249 568 588 816 200 284 310 249 1518 213 275 256 230 285 264 972 731 343 1716 269 1732 310 341 425 1167 330 475 481 486 3392 478 244
internal_value=-0.000196043 -0.00689812 -0.000237367 0.014315 -0.0135896 -0.0113738 -0.00166441 0.000854232 -0.00810497 0.00956621 -0.0137368 -0.00342778 0.0067242 -0.00470335 0.00785348 0.00379016 0.00678663 0.00833326 -0.00717622 0.00199914 0.0216139 0.0194095 0.0153028 0.00995505 -0.00809903 -0.00223643 -0.00531657 0.00880848 0.00234652 0.0125508 0.0130747 0.00414169 0.0125085 -0.00727436 0.0208457 -0.0129833 -0.00655357 -0.00632906 -0.0253258 -0.0276586 -0.0160017 -0.00657434 -0.0109996 -0.00893606 0.0030532 -0.019127 -0.0153662 -0.0107132 -0.0107059 -0.00679269 0.015425 -0.00236765 0.0234876 -0.00111369 0.0174715 0.00362862 0.00754697 -0.0118997 -0.00535575 0.00201286 -0.0150578 0.013159
internal_weight=9265.49 6338.15 3176.37 2927.34 3161.78 2712.95 2996.1 2450.76 2197.99 1773.47 997.227 1200.77 1304.5 1142.59 1249.93 1845.57 1199.02 1095.94 950.685 1547.12 1153.86 957.629 654.733 1003.76 605.194 328.467 855.155 954.055 349.892 604.163 298.447 1230.55 249.591 749.872 412.273 545.339 270.708 316.577 514.961 452.513 111.215 428.216 298.675 684.164 126.806 569.01 475.501 299.416 614.656 243.232 501.289 255.122 363.631 195.216 468.976 129.542 191.907 177.674 204.334 980.955 276.728 145.558
internal_count=38286 26309 12929 11977 13380 11390 12197 9940 9112 7193 4172 4940 5286 4703 5065 7461 4859 4439 3921 6252 4784 3952 2690 4064 2479 1348 3515 3863 1414 2449 1209 4966 1006 3086 1704 2257 1111 1286 2278 2006 488 1769 1236 2817 513 2403 1973 1242 2532 1006 2033 1037 1504 801 1907 533 782 737 827 3960 1131 587
is_linear=0
shrinkage=0.03


Tree=19
num_leaves=63
num_cat=0
split_feature=83 83 83 5 5 54 31 57 64 64 17 65 29 3 69 77 13 60 56 29 1 60 17 29 43 51 5 5 47 63 65 56 65 40 51 63 63 57 54 64 14 77 63 25 65 26 64 17 41 54 63 31 18 64 44 57 69 1 77 17 3 56
split_gain=1245.85 337.945 95.6353 74.9511 79.8425 64.4873 48.2479 45.5029 41.8505 53.6943 37.7272 35.0868 33.9367 32.8766 32.869 31.9644 36.5961 32.9953 30.186 29.9809 29.2356 28.5591 27.0527 26.4292 26.9483 25.5382 25.058 27.8928 24.8856 23.5646 26.21 25.5689 32.0795 29.0513 25.6354 24.9229 37.6707 22.4511 22.4223 21.865 26.4667 20.5992 20.3922 20.1823 20.0153 19.3448 19.2723 18.5217 17.886 23.8476 25.0611 24.4622 17.7564 17.5598 17.2892 19.498 17.2534 17.227 16.9446 18.349 16.3144 16.0162
threshold=0.10351252555847169 0.63788178563117992 1.2592110037803652 0.00069463954423554252 -0.00060582856531254936 -0.26310922205448145 0.042500000447034843 54.15705871582032 -0.87142586708068837 0.95943480730056774 23.780755996704105 354.50000000000006 -0.17456021904945371 -0.00090317020658403624 10805.500000000002 -0.16274311393499372 0.01307463087141514 6.6921555995941171 10.511068820953371 0.26403526961803442 -0.00037615418841596687 5.7082412242889413 70.662349700927749 0.096103176474571242 -23.715250015258786 0.034326132386922843 -0.00057247525546699752 0.00080016316496767115 0.99810913205146801 0.94480377435684215 334.50000000000006 6.4645137786865243 -821.49999999999989 -21.149574279785153 0.029183354228734974 0.19722913205623629 0.54646614193916332 21.486812591552738 -0.80761635303497303 -0.90722548961639393 0.013882819563150408 -0.17031217366456983 -0.16719855368137357 45.550985336303718 30.500000000000004 1.808242976665497 0.10669767111539842 78.244953155517592 -19.838800430297848 0.96427923440933239 -0.79202145338058461 0.146249994635582 40.63044738769532 -0.29028397798538202 -0.35685446858406061 34.623971939086921 9090.5000000000018 0.00010349574949941599 -0.15528684854507444 72.880077362060561 0.00053809318342246126 7.5977425575256357
decision_type=2 2 2 2 2 2 2 2 2 2 2 2 2 2 2 2 2 2 2 2 2 2 2 2 2 2 2 2 2 2 2 2 2 2 2 2 2 2 2 2 2 2 2 2 2 2 2 2 2 2 2 2 2 2 2 2 2 2 2 2 2 2
left_child=6 3 5 4 12 8 58 10 21 15 -8 25 20 -6 -11 -10 17 57 19 48 -2 38 56 -5 -25 41 -7 -28 -26 30 31 32 -15 -33 -35 -36 -37 -34 -3 40 -27 -4 -42 44 54 -21 -31 -39 -12 50 -50 -52 -14 -53 55 -22 -9 -17 -1 -60 -29 -45
right_child=1 2 11 23 13 26 7 22 9 14 18 -13 52 29 -16 16 -18 -19 -20 45 43 -23 -24 24 28 39 27 60 -30 46 -32 33 37 34 35 36 -38 47 -40 -41 42 -43 -44 61 -46 -47 -48 -49 49 -51 51 53 -54 -55 -56 -57 -58 -59 59 -61 -62 -63
leaf_value=0.0063613031587518515 0.0026470856640020087 -0.0089862002366921725 -0.02759990594409896 0.0062088665491101674 -0.018694853309966477 -0.023960354188725465 0.0064751314377479233 0.016227547973804556 -0.023637887636322047 0.024780883087574163 0.023311103370784687 -0.0010418063133594778 -0.0018570549705459324 0.031529798689551559 -0.0067535862742112221 -0.013884496728841756 -0.015348223466206021 0.018676601724432928 0.029899570023211561 0.014113127473254022 0.0021780368323253739 0.024959664558643759 -0.0053387719576941184 0.0088468931812899689 -0.028432972146716206 -0.00074058428418313945 -0.0077312329600578321 -0.02810713950704704 -0.011016802790064813 0.0076491648781447236 0.023250382961463562 0.014453419571971939 0.016164499503889491 -0.013432367035324915 0.0071384400339083659 -0.0187071594436727 0.0024954101713972662 0.0052525735021508981 0.015896376955642572 -0.027383786739252371 -0.0092929895413084856 -0.0030781712791416731 -0.034175936106298349 -0.024240960614834783 -0.016745825641704987 -0.0017245060526700049 0.026504319019238547 -0.01367465297912154 -0.0089562455700879159 0.030632932888265067 0.028450861406397528 -0.0026341389216109944 0.019491971378825659 0.01930498577749826 0.0061479342915304993 -0.024009554936002517 0.0042426169561216708 0.0049419382135464261 0.026873996365706393 0.012907978122060213 -0.011076287033806921 -0.0089852567332334935
leaf_weight=49.205545693635941 168.19355252385139 93.924954876303673 46.067982599139214 83.238325521349907 50.95778001844883 290.36928658187389 270.89094786345959 221.29865244030952 158.09615130722523 63.440054193139076 527.017213717103 68.863837629556656 79.52727022767067 50.399231553077698 56.013666406273842 108.47423310577869 300.5304793715477 64.543079763650894 187.85349573194981 222.49903839826584 52.547582596540451 55.638926923274994 127.75397861003876 52.175732627511024 87.154841795563698 66.847910150885582 339.44916133582592 131.72297395765781 483.29017229378223 118.81323090195656 64.047540202736855 116.72543972730637 149.42753233015537 135.91386903822422 303.93774698674679 114.29951222240925 221.69698466360569 296.8524008244276 49.914796456694603 717.07934753596783 49.540664359927177 93.217871755361557 73.79594349861145 149.04290625452995 118.16309182345867 100.88147446513176 82.78045329451561 55.181370720267296 49.391497060656548 64.666910484433174 75.488612979650497 74.21554808318615 62.710228934884071 58.885961040854454 121.84533393383026 49.875180244445801 211.34966847300529 73.305242732167244 529.39696972072124 100.78461009263992 82.220093280076981 105.97249481081963
leaf_count=203 686 390 205 339 206 1237 1102 898 677 260 2172 298 322 203 230 445 1255 262 773 906 214 229 517 213 365 294 1382 561 1993 478 258 469 601 547 1223 460 892 1194 206 3196 219 394 328 617 485 408 333 222 201 265 313 301 254 240 497 205 859 302 2218 417 351 436
internal_value=-6.93408e-05 -0.00747686 -0.0148335 -0.000974087 0.00132513 -0.0106824 0.0163313 0.0141665 -0.00562183 -0.00860533 0.0166994 -0.0217842 -0.00590159 0.00505077 0.00999389 -0.011757 -0.00832217 0.0002501 0.0187346 0.0169466 -0.00840157 0.00670831 0.00679112 -0.00966762 -0.0117901 -0.0231491 -0.0168232 -0.0130783 -0.0136777 0.00575836 0.00447096 0.00363827 0.00871443 0.000499773 -0.00159954 0.000913605 -0.00471729 0.00642138 -0.00035153 -0.0249853 -0.0159421 -0.0111886 -0.0241812 -0.011512 -0.00675368 0.00917243 0.0153917 0.00228573 0.0199054 0.0143425 0.0102591 0.014809 0.00755539 0.00707204 -0.00148899 -0.0105741 0.0103729 -0.00629246 0.0233165 0.0246404 -0.021562 -0.0179014
internal_weight=9229.41 6357.83 2983.06 3374.77 2668.91 1867.64 2871.58 2192.19 1023.88 824.403 1631.79 1115.41 907.878 1761.03 119.454 704.949 546.853 246.323 1360.9 1173.05 765.64 199.479 560.402 705.859 622.621 1046.55 843.762 553.392 570.445 1710.08 1508.48 1444.43 551.861 892.574 775.848 639.934 335.996 501.461 143.84 907.264 190.185 139.286 123.337 597.447 342.431 323.381 201.594 352.034 849.666 322.649 257.982 208.59 142.237 133.102 224.268 102.423 432.648 181.779 679.387 630.182 213.943 255.015
internal_count=38226 26433 12721 13712 10802 7787 11793 8955 4256 3431 6681 4934 3716 7086 490 2941 2264 1009 5579 4806 3140 825 2274 2910 2571 4636 3531 2294 2358 6880 6069 5811 2220 3591 3122 2575 1352 2017 596 4037 841 599 547 2454 1401 1314 811 1416 3492 1320 1055 854 576 541 916 419 1757 747 2838 2635 912 1053
is_linear=0
shrinkage=0.03


Tree=20
num_leaves=63
num_cat=0
split_feature=83 83 83 52 52 64 5 57 5 5 13 64 42 5 77 4 5 32 14 68 64 64 61 40 57 3 70 5 63 64 17 4 83 42 4 81 18 17 54 53 76 64 64 42 69 73 68 81 38 8 50 18 3 54 40 77 61 81 18 64 69 57
split_gain=1157.42 242.43 137.993 94.0603 82.0216 52.1522 51.1128 47.0047 43.2735 65.8025 36.8919 35.4437 34.6202 34.1154 51.2221 32.7468 33.8935 31.155 30.3357 30.1088 29.0104 27.7267 26.2543 25.6577 25.3838 25.1859 24.5874 23.6995 22.8482 22.1758 21.7487 21.6768 21.0736 29.1862 20.8791 20.1011 20.0376 19.9222 19.8172 19.4771 19.368 19.2316 19.2239 19.0016 24.3247 18.872 17.7031 17.2456 28.0668 18.0685 16.8943 16.2099 16.1926 16.0192 19.2608 22.6374 22.0132 34.3961 15.829 15.9609 21.5901 15.1846
threshold=0.26083885133266455 1.0874727964401247 1.0000000180025095e-35 -0.262771725654602 0.19445858150720599 0.95172616839408886 -0.00085222619236446906 23.871623039245609 0.00075151299824938189 -0.0003962278133258223 0.01363502908498049 0.10669767111539842 5.0164856910705575 0.0014756770106032493 -0.1884173974394798 -0.00068726073368452479 0.0005241590552031995 0.90749999880790722 0.012236319482326509 0.6078576147556306 -0.84455960988998402 -0.96868926286697377 3.0462080240249638 -3.3837733268737789 18.875786781311039 0.00028324895538389688 6647.5000000000009 -0.00031217074138112361 -0.36852931976318354 0.95943480730056774 75.493972778320327 -0.00019023605273105201 0.53083550930023204 14.306409835815431 -0.00049615607713349153 0.15288811922073367 43.142608642578132 81.706600189208999 -0.22005594521760938 1.2436743378639223 0.29708628356456762 0.43247817456722265 -0.90164175629615773 1.3143076896667483 8338.5000000000018 0.75547564029693615 1.0000000180025095e-35 -0.12131069600582121 0.73724818229675304 -0.0017225461779162286 1.0022828578948977 75.704154968261733 6.4193725847871988e-05 0.88303765654563915 7.2049489021301278 -0.08189069107174872 3.4711639881134038 -0.023595131933689114 26.846114158630375 -0.2100446820259094 2083.5000000000005 45.367223739624031
decision_type=2 2 2 2 2 2 2 2 2 2 2 2 2 2 2 2 2 2 2 2 2 2 2 2 2 2 2 2 2 2 2 2 2 2 2 2 2 2 2 2 2 2 2 2 2 2 2 2 2 2 2 2 2 2 2 2 2 2 2 2 2 2
left_child=2 3 15 32 5 6 17 -7 9 25 12 39 -8 14 -3 40 21 31 22 47 28 -17 -13 -9 -16 36 -24 52 -12 38 -21 -5 33 -2 -29 -20 41 51 42 43 -1 45 -26 44 -6 -4 -34 -11 49 -49 53 -36 -14 54 55 -23 57 -56 -22 -60 -61 -62
right_child=1 13 8 4 11 7 10 23 -10 19 20 18 27 -15 24 16 -18 -19 35 30 58 50 26 -25 29 -27 -28 34 -30 -31 -32 -33 46 -35 37 -37 -38 -39 -40 -41 -42 -43 -44 -45 -46 -47 -48 48 -50 -51 -52 -53 -54 -55 56 -57 -58 -59 59 60 61 -63
leaf_value=-0.000799225019258954 -0.022321634324848551 -0.026634119718197909 0.0074975202624093223 -0.010361254851859691 -0.025958483049836657 -0.011071524397261175 0.012780571402129515 0.036490284152872143 -0.0041187850931012496 0.018055876449616783 0.022173218313473957 0.02184145591043897 -0.0023698186695490474 -0.028188861202265238 0.0012992661284646854 0.035612872725064137 0.0097730370492041061 0.0056504972816567665 -0.0017252697229491461 0.022463402869997956 0.0040958013642907838 0.01387075834406482 -0.017817487015405115 0.011964711184021527 0.00092868347157214063 -0.01736798747181886 0.0082824397232785073 -0.01411723637169434 -0.001717277156916936 -7.4099684439608298e-05 0.0050093250876712056 -0.026582091537734876 -0.03230522982991485 0.0037499180536714957 0.0049790188763435142 -0.02344556496388665 0.02007431346143224 -0.0082960020028124866 -0.023449882183746735 -0.0049276169970937462 0.01908033492444253 -0.0080481136058610653 -0.016041814422018807 -0.026800802195535805 0.0016674208651193359 -0.01091789213254502 -0.017156410416104825 -0.0070146238309545597 -0.0088971236161373736 0.011987619703014363 0.0051299627030497036 0.018762745657371457 -0.019111840875871835 0.031283147008143511 0.015953185058764564 0.025092165104095641 0.018909126465767343 -0.015833972100828795 -0.017430796918597596 0.01186108769410938 -0.0041063860898314219 -0.021227261670865583
leaf_weight=127.70319464802742 75.051188722252846 353.72564639151096 320.23421171307564 286.69654707610607 55.270035579800606 53.80088284611702 271.94471618533134 61.846100851893425 288.65324030816555 144.48425494134426 50.845893695950508 50.154695212841034 179.27179719507694 325.23407000303268 99.303713634610176 106.06103147566319 299.25225457549095 83.498416617512703 64.790636539459229 345.07833884656429 72.580554604530334 220.91559953987598 60.002588152885437 101.22435019910336 76.672512874007225 61.582934960722923 70.831660956144333 54.029655411839485 123.63056188821793 79.743897691369057 78.951769933104515 100.01205436885357 107.22556686401367 79.663867622613907 382.45286956429482 93.954945355653763 54.78707055747509 81.540240854024887 246.18111397325993 80.362369999289513 67.379984185099602 150.7451945990324 277.52052335441113 209.55278186500072 59.636609748005867 59.368806347250938 196.95405246317387 51.47695392370224 89.860458523035049 359.90494778752327 68.091405674815178 96.07736499607563 73.231737971305847 112.50628887116909 81.142272293567657 604.62573997676373 276.05826978385448 49.222154274582863 195.65740376710892 49.015811085700989 128.03137984871864 73.322319656610489
leaf_count=522 311 1596 1287 1193 234 217 1095 249 1169 583 207 203 726 1503 418 450 1225 343 268 1395 294 919 247 409 326 248 289 218 502 334 318 419 464 329 1537 399 220 332 1069 334 276 607 1194 887 250 239 844 207 361 1447 277 387 298 469 339 2529 1151 204 801 200 522 301
internal_value=0.000115485 -0.00925641 0.0121987 -0.00519418 -0.00340581 -0.000819868 -0.00214492 0.013244 0.00662832 0.00843562 0.000120114 -0.0121536 0.003442 -0.0196243 -0.0171661 0.0177475 0.0190009 -0.0109681 -0.0050086 0.0130027 -0.00533684 0.0208194 0.00338703 0.0212663 -0.0128692 0.000881075 -0.00368739 0.000511506 0.00524489 -0.0149379 0.0192136 -0.0145563 -0.0179115 -0.00889721 0.00369273 -0.0145806 0.00280171 0.00541085 -0.0169122 -0.0181499 0.006067 0.00101738 -0.0123682 -0.0214248 -0.0116206 0.0046174 -0.0224965 0.00892421 0.00629199 0.00960983 0.0197086 0.00774646 -0.00722538 0.0204469 0.0194573 0.0220893 0.0141112 0.0039512 -0.00889688 -0.0110111 -0.00599433 -0.0103409
internal_weight=9198.63 5180.54 4018.09 3722.16 3263.27 2518.71 2301.84 216.871 2005.13 1716.47 1831.63 744.556 1138.55 1458.38 1133.15 2012.96 1817.88 470.207 339.735 1069.76 693.084 1518.62 180.989 163.07 779.422 646.718 130.834 866.604 174.476 680.118 424.03 386.709 458.895 154.715 614.1 158.746 585.135 560.07 600.374 404.822 195.083 530.348 354.193 324.459 114.907 379.603 304.18 645.727 501.242 411.382 1412.56 478.53 252.504 1344.47 1231.96 825.541 406.423 130.364 518.607 446.027 250.37 201.354
internal_count=38191 21749 16442 15309 13361 10250 9375 875 8081 6912 7420 3111 4593 6440 4937 8361 7563 1955 1406 4311 2827 6338 739 658 3341 2601 536 3498 709 2923 1713 1612 1948 640 2474 667 2353 2256 2589 1705 798 2133 1520 1371 484 1526 1308 2598 2015 1654 5888 1924 1024 5611 5142 3448 1694 543 2118 1824 1023 823
is_linear=0
shrinkage=0.03


Tree=21
num_leaves=63
num_cat=0
split_feature=83 83 83 83 17 4 52 52 54 64 80 12 33 80 9 52 63 63 13 77 60 82 4 12 57 59 77 82 81 69 52 26 25 56 63 53 80 77 14 53 23 64 54 14 82 69 12 64 52 77 82 64 54 63 80 31 59 63 66 46 3 56
split_gain=1141.84 294.674 90.3177 72.1491 57.6859 58.3115 56.4374 64.1375 44.5446 36.7063 34.7044 32.416 31.0163 30.9882 29.71 40.879 32.3661 30.5071 28.5763 27.3875 27.0975 26.3602 25.672 23.9702 23.9255 23.5793 23.1285 23.4169 22.5597 21.8568 21.6367 21.3376 20.9241 20.008 19.9864 22.5188 19.7867 19.7474 24.6756 22.542 19.6785 30.4931 19.1434 18.3839 17.6454 17.583 17.4907 19.2736 21.9671 17.1304 17.0469 16.7543 16.456 19.3226 22.4151 21.0066 19.5923 19.4322 17.1955 16.4962 16.1492 15.7384
threshold=0.15037757903337481 0.63788178563117992 1.2923802733421328 0.010669274255633356 82.646514892578139 -0.00061210774583742012 -0.31866346299648279 0.30542688071727758 -0.26842699944972986 -0.87142586708068837 24.477552413940433 0.010146197862923147 301.07777404785162 13.651201248168947 -0.00070170024991966773 -0.074232209473848329 0.34816221892833715 0.76181921362876903 0.025301138870418075 -0.10402451083064078 5.1394126415252694 57.193212509155281 -0.00067445283639244724 0.016891034319996837 33.251674652099616 0.88642415404319774 -0.2141681686043739 22.322423934936527 -0.33327469229698176 19254.500000000004 0.2459475174546242 1.5657908916473391 48.074979782104499 8.80059862136841 0.86051779985427868 1.1498339772224428 16.430171966552738 -0.16274311393499372 0.0084868371486663836 1.0355905890464785 3.5000000000000004 -0.90164175629615773 -0.14816154539585111 0.014736090321093799 -24.772889137268063 2681.5000000000005 0.0098706427961587923 0.94762688875198375 0.21195309609174731 -0.16006059944629666 -81.461601257324205 -0.084981974214315401 0.8545438051223756 -0.74168145656585682 23.780121803283695 0.046250000596046455 0.52903836965560924 0.26092512905597692 190.50000000000003 0.99919670820236217 0.00062062812503427278 8.115509510040285
decision_type=2 2 2 2 2 2 2 2 2 2 2 2 2 2 2 2 2 2 2 2 2 2 2 2 2 2 2 2 2 2 2 2 2 2 2 2 2 2 2 2 2 2 2 2 2 2 2 2 2 2 2 2 2 2 2 2 2 2 2 2 2 2
left_child=3 4 6 13 5 28 -3 8 9 20 14 34 -4 25 16 32 36 -18 19 -11 -8 22 -15 44 -23 -1 -14 31 -2 43 50 42 -16 -13 35 -5 -7 -10 -39 -40 41 -29 -28 -6 -17 -30 -21 48 -48 -34 -12 -35 53 54 59 -55 -56 -57 -59 -24 -52 -47
right_child=1 2 12 11 29 10 7 -9 37 18 30 33 26 21 15 23 17 -19 -20 46 -22 24 52 -25 -26 -27 27 40 45 -31 -32 -33 49 51 -36 -37 -38 38 39 -41 -42 -43 -44 -45 -46 61 47 -49 -50 -51 60 -53 -54 55 56 57 -58 58 -60 -61 -62 -63
leaf_value=0.027685551998559814 0.0013152588304257437 -0.025239892356368542 -0.031135170796729148 0.0077200315301943108 -0.0030340203073952743 0.030339770078013924 0.0023155790084117486 -0.024034827214792946 -0.022845076801861097 -0.01295045716248501 -0.0053914651390376432 0.00036463356300026783 -0.028379574187186795 0.006383778884091011 -0.0041107906813382736 0.01536127927477083 -0.015927315036811402 0.0091957254202550721 -0.026403969484754337 0.011475966421882698 0.028700361012919319 0.015220546463019241 0.0023941733391949459 -0.010437304646786433 -0.0034009869949030011 0.013170822788880652 0.011071449466966905 -0.0052447873922927034 0.0010524231011219912 -0.025298351713987043 -0.01036096835771007 -0.01732268175631602 -0.032798266955814115 0.004323584346279637 0.026591254075348143 0.026981024989192269 0.0096027814425013423 0.005423264549132124 -0.018395117559035105 -0.0052051940972493611 -0.0061207881340717358 -0.029604506468663454 -0.012537873826770822 -0.016776427674734352 0.0017452839094961609 -0.019976822740377233 -0.0017299416562240068 0.013954315224973791 -0.024123057863918218 -0.011692795310088431 0.013948945220983659 0.022580382141734492 0.029377060559533968 0.028682384374582131 0.012540943737767934 0.023928891903055804 -0.013463567493817155 -0.0030216107535840581 0.015552978251232998 0.022805275852103981 -0.0021825546502415001 -0.0067660607708604891
leaf_weight=390.60874955356121 175.11900517344475 213.34325385093689 240.51772080361843 312.98949015140533 242.32530443370342 58.693757966160774 105.15538121759892 218.97224140167236 129.3186891078949 180.28847762942314 55.85057720541954 451.7454786747694 176.96107448637486 171.56960968673229 165.98646742105484 107.56566499173641 78.117194890975952 98.166840061545372 51.805039539933205 107.37776699662209 52.533158540725708 134.06089119613171 48.688851192593575 117.99958489835262 115.68088132143021 135.73116397857666 64.385386124253273 58.239318311214447 80.68722577393055 79.537115812301636 49.053422048687935 141.23935148119926 55.520266309380531 106.56932225823402 93.152538150548935 66.181468397378922 140.64437715709209 81.463579937815666 259.08179615437984 212.0661296993494 63.599458694458008 224.63268275558949 59.449913963675499 137.22061610221863 420.60641121864319 197.44588279724121 209.08340778946877 52.729672729969025 48.588662296533585 91.905049353837967 469.43228763341904 78.610327184200287 119.1635087877512 192.32635293900967 53.589304715394974 229.17492389678955 50.787351280450821 53.375852286815643 281.0134699344635 132.93100564181805 63.395441576838493 137.80756151676178
leaf_count=1639 720 935 1089 1262 993 237 433 946 553 758 228 1816 817 701 676 433 317 398 217 436 214 557 201 483 472 564 280 262 330 329 201 618 230 428 378 268 570 330 1079 883 285 1012 261 579 1698 809 858 214 207 374 1894 317 500 819 222 954 209 221 1165 554 256 564
internal_value=-2.77708e-05 -0.00778814 -0.0145321 0.0143788 -0.00120534 0.000548206 -0.0106916 -0.00887484 -0.00664615 -0.00187874 0.00302448 0.00818528 -0.0217047 0.0176369 0.000274674 -0.00252516 0.00742728 -0.00193711 -0.00502931 -0.00317783 0.0111055 0.0155394 0.0172156 0.00178718 0.00659502 0.0239425 -0.0188282 -0.0160643 -0.00771751 -0.010999 0.00878169 -0.00935276 -0.0114161 0.00376894 0.0141407 0.0110819 0.0157086 -0.0122918 -0.00982225 -0.0124583 -0.0211991 -0.0245892 -0.000262736 -0.00800244 0.00451827 -0.0115205 0.00103945 -0.00257087 -0.00595256 -0.0196411 0.0103768 0.0120737 0.0188163 0.0176084 0.0109665 0.0201214 -0.000112271 0.0171998 0.0125881 0.0173334 0.0120296 -0.0145465
internal_weight=9191.86 5973.91 2950.83 3217.95 3023.08 2564 1921.81 1708.46 1489.49 807.562 1972.94 1109.25 1029.02 2108.7 1335.21 959.583 375.622 176.284 649.873 598.068 157.689 1582.36 1332.62 646.172 249.742 526.34 788.507 611.546 591.06 459.083 637.732 265.075 313.412 636.925 472.323 379.171 199.338 681.93 552.612 471.148 346.471 282.872 123.835 379.546 528.172 415.941 417.78 310.402 257.672 147.425 588.678 185.18 1161.05 1041.89 285.997 755.891 104.377 563.564 334.389 181.62 532.828 335.253
internal_count=38253 25006 12687 13247 12319 10418 8063 7128 6182 3337 7995 4469 4624 8778 5416 3894 1522 715 2690 2473 647 6575 5546 2614 1029 2203 3535 2718 2423 1901 2579 1159 1280 2561 1908 1530 807 2845 2292 1962 1559 1274 541 1572 2131 1703 1715 1279 1065 604 2378 745 4845 4345 1186 3159 431 2340 1386 755 2150 1373
is_linear=0
shrinkage=0.03


Tree=22
num_leaves=63
num_cat=0
split_feature=83 83 83 77 52 5 5 61 31 56 13 41 5 64 65 53 52 9 4 64 46 23 4 53 17 64 65 77 65 13 64 64 52 9 50 64 13 64 4 54 64 31 18 64 23 77 61 58 4 53 54 0 5 41 64 69 22 83 64 81 64 18
split_gain=1057.03 285.124 98.779 61.0425 73.8566 59.4527 56.9586 51.3608 50.2636 40.3769 36.8107 35.8007 33.9583 32.2577 31.5253 30.3711 28.9736 32.7523 31.4062 26.8428 24.4341 24.7186 24.2269 23.5295 23.025 24.4807 36.7353 30.5554 22.4836 23.6755 22.3945 35.771 21.8817 24.2639 21.6387 20.7181 19.2144 18.8333 18.7555 18.7245 18.6101 18.3821 17.6223 17.4146 17.3619 17.3119 16.9404 19.2711 16.8632 18.493 16.5775 16.3815 16.3741 16.3013 16.2793 16.1138 17.911 15.7771 20.7203 15.4494 15.4455 15.4162
threshold=0.13917518407106402 0.63788178563117992 1.4604680538177492 -0.18059515208005902 0.24994840472936633 0.001089315162971616 -0.00086629900033585716 -0.75791576504707325 0.042500000447034843 10.432330608367922 0.01005947031080723 -41.398454666137688 0.00051121594151481997 0.94336524605751049 354.50000000000006 1.0513971447944643 -0.076426096260547624 -0.0010794047848321495 0.00066959625110030185 0.10669767111539842 1.0033392310142519 1.0000000180025095e-35 -0.00066010066075250496 1.0869449973106386 26.089282989501957 -0.058870663866400712 -496.49999999999994 0.13973071426153186 -36.499999999999993 0.012655237689614298 0.50188699364662182 0.62080430984497081 0.10555930808186532 0.00081437683547846984 0.99993830919265758 -0.95037782192230214 0.010409417096525432 -0.94190874695777882 0.00018956226267619061 0.34097796678543096 -0.99115538597106922 0.97750002145767223 68.635105133056655 0.38469719886779791 2.5000000000000004 -0.15528684854507444 4.1577265262603769 0.14368472248315814 0.00036498416739050304 1.096885681152344 -1.0000000180025095e-35 20.500000000000004 0.0016456681769341233 -1.6410508155822752 0.21004468202590945 13612.500000000002 14.500000000000002 0.051035249605774886 0.17149884253740313 -0.35362857580184931 0.10669767111539842 74.487880706787124
decision_type=2 2 2 2 2 2 2 2 2 2 2 2 2 2 2 2 2 2 2 2 2 2 2 2 2 2 2 2 2 2 2 2 2 2 2 2 2 2 2 2 2 2 2 2 2 2 2 2 2 2 2 2 2 2 2 2 2 2 2 2 2 2
left_child=8 5 3 37 7 6 23 38 45 10 30 28 16 20 41 -7 17 -8 22 35 21 34 -18 -2 57 26 -26 44 29 -9 55 -32 42 -34 46 -14 -35 -3 54 -33 -13 -4 48 -21 -28 -1 47 -12 49 -24 -45 -46 61 -37 -5 56 -10 58 -23 -19 -6 -42
right_child=1 2 14 4 60 15 12 11 9 -11 13 40 19 -15 -16 -17 18 59 -20 43 -22 24 32 -25 25 -27 27 -29 -30 -31 31 39 33 36 -36 53 -38 -39 -40 -41 52 -43 -44 50 51 -47 -48 -49 -50 -51 -52 -53 -54 -55 -56 -57 -58 -59 -60 -61 -62 -63
leaf_value=0.0047837004200441957 -0.012796488641399243 -0.0046172116107800684 -0.021464775042945628 0.0045827399508635925 -0.025600141568247713 -0.020698233190479483 0.0083848259853479094 0.016489434197677896 0.0302563249019101 0.02228053816200214 -0.010351053544155338 0.0063545075426449851 0.0071920513346135787 0.026085969484356882 0.00038215484280334014 -0.0026295148416667215 -0.0061174142008051085 0.00723675583188457 -0.0065894863421480897 0.019143239637656038 -0.0071860353440861991 0.015591885913355233 0.010178511119846191 -0.00029280909217395667 -0.0058728474755989635 0.020413433400423446 0.02370488037869771 -0.0074927098986122117 -0.012156863412729651 -0.004657175206352668 -0.012168024965121168 0.026030995558837745 -0.0065988834306309327 0.026318838518795452 0.011174381025603346 -0.017191295735641248 0.0031689498752745251 -0.022921277499133773 -0.0077890478279961329 0.0049333726719350069 -0.013146333875292751 -0.031632860095623334 0.025163404684207816 0.0080322577400423079 0.015970903882313238 0.022833639171832922 -0.019879101221005696 0.010733028138534247 -0.0028927161683138308 0.02446357178262485 -0.011296607383262798 -0.0045390809694967702 -0.028496280960391598 0.0014797410800295033 0.023224368055084484 0.011903483775886733 0.015167754586594327 -0.0097021261992193165 -0.0082589390827203287 -0.0083567480591690557 -0.013266335535682822 -0.0031784294990779725
leaf_weight=51.822754517197609 351.56248381733894 58.11204007267952 505.20544339716434 90.956951305270195 200.49420043826103 192.38849645853043 243.17867548763752 111.31225256621838 184.74478170275688 310.61314745247364 79.211946681141853 55.07088902592659 53.951107665896416 84.9614427536726 48.088896051049232 148.23079121112823 78.85809400677681 69.390822768211365 119.49803592264652 52.550651535391808 100.72958368062973 96.938877791166306 297.93682365119457 220.3447812050581 114.1179980635643 261.35942399501801 166.711201146245 53.998021751642227 72.279962554574013 83.314351618289948 54.78209213912487 80.492913827300072 111.1093727350235 53.407861679792404 119.16498027741909 200.78735554218292 81.521430477499962 390.905885592103 49.36043256521225 71.483267158269882 538.85611660778522 234.1902509778738 111.74134042859077 87.943128883838654 122.76253353059292 619.58855378627777 51.016226828098297 76.885394230484962 60.372344717383385 112.30581641197205 73.153180286288261 49.052286267280579 48.904759630560875 53.245397865772247 78.589371770620346 132.33211979269981 114.80583320558071 71.041844010353088 49.531994134187698 325.03385327756405 167.90785369277 188.48570826649666
leaf_count=215 1462 249 2280 378 881 816 980 453 769 1280 321 227 219 351 212 615 319 280 482 212 405 396 1198 907 464 1071 688 219 299 345 225 336 447 215 485 820 328 1713 203 294 2240 1097 449 356 504 2627 206 314 243 452 297 202 215 218 323 547 472 285 202 1316 720 785
internal_value=-7.85451e-06 -0.0073505 -0.0140734 -0.0107231 -0.00810462 -0.00101054 0.000449876 -0.00478343 0.0141694 0.0121741 0.0107045 -0.00742832 0.00265509 0.00813271 -0.0231545 -0.0128351 0.00474838 -0.000274545 0.00786757 -0.00402391 0.00705284 0.00814621 0.00977177 -0.00797906 0.0105158 0.0129561 0.00910911 0.0134648 0.00213097 0.00743715 0.016735 0.00861573 0.0112843 0.00378303 0.000989106 -0.00969202 0.0123322 -0.0205524 0.00848558 0.0161076 -0.0104975 -0.0246853 0.0144535 0.00414698 0.0168077 0.0214405 -0.0048711 3.38635e-05 0.0119106 0.0140891 -0.000744901 0.0101154 -0.011693 -0.0132778 0.0132236 0.0206219 0.0244735 0.0018993 0.00752626 -0.0056134 -0.0199787 -0.0105632
internal_weight=9138.7 6020.55 2922.04 2134.55 1685.53 3098.51 2757.89 1317.13 3118.15 2446.74 2136.12 1098.22 2185.99 1497.48 787.485 340.619 1664.35 637.603 1026.75 521.631 1412.52 1311.79 907.253 571.907 985.514 768.001 506.642 392.524 266.907 194.627 638.641 206.758 828.395 246.039 326.279 307.984 134.929 449.018 218.907 151.976 831.317 739.396 582.356 213.647 338.526 671.411 207.114 156.097 470.615 410.243 161.096 171.815 776.247 254.033 169.546 431.883 299.551 217.513 146.471 394.425 368.402 727.342
internal_count=38129 25251 12620 9031 7069 12631 11200 5468 12878 10036 8756 4564 8831 6113 3589 1431 6709 2576 4133 2122 5762 5357 3651 2369 4031 3148 2077 1613 1097 798 2643 855 3332 990 1326 1257 543 1962 904 630 3467 3377 2342 865 1394 2842 841 635 1893 1650 653 706 3240 1038 701 1788 1241 883 598 1596 1601 3025
is_linear=0
shrinkage=0.03


Tree=23
num_leaves=63
num_cat=0
split_feature=83 83 83 52 52 64 12 5 5 64 65 41 5 10 29 12 3 41 64 68 4 65 69 41 33 40 52 77 56 41 42 7 52 77 2 16 69 41 10 57 70 90 2 25 40 42 9 4 17 77 41 80 52 5 57 29 18 28 64 64 50 10
split_gain=997.734 183.077 176.88 106.88 86.4115 51.905 59.0651 47.6494 55.7901 36.1412 43.0544 42.6147 38.815 32.5262 31.0936 37.4697 30.6075 28.6456 25.5187 25.8032 26.908 25.0126 24.5034 27.2351 24.1192 21.6037 21.0776 28.0793 20.8608 21.0371 20.4062 19.5121 19.4787 19.7303 19.3873 18.884 18.75 21.2249 21.7125 18.614 20.9609 18.3747 18.3153 18.0973 22.6986 17.8244 17.5101 17.1925 20.9902 17.0592 17.0185 24.9406 20.5549 16.504 16.4222 16.1567 15.9787 15.9373 15.3253 18.9076 16.5142 15.9169
threshold=0.30446651577949529 1.326517701148987 0.010669274255633356 -0.262771725654602 0.25422888994216924 0.95943480730056774 0.008090095594525339 0.00069463954423554252 -0.0003962278133258223 -0.87142586708068837 -221.49999999999997 -63.824895858764641 -0.00060582856531254936 0.056329838931560523 0.730543613433838 0.016171379014849666 -0.00024699268396943802 -12.361186504364012 0.98120620846748363 0.6078576147556306 0.00066959625110030185 -821.49999999999989 17697.500000000004 -41.671667098999016 1141.392517089844 -20.17571926116943 0.16537520289421084 -0.15528684854507444 8.4027581214904803 -37.310976028442376 34.003080368041999 0.001687823736574501 0.21527059376239779 -0.17535937577486035 -2.0766253328474701e-05 27.185934066772464 17323.500000000004 -17.123537063598629 0.096764523535966887 35.281518936157234 7495.5000000000009 -1.7550322413444517 -3.6629198802984313e-05 80.51474761962892 18.048095703125004 9.840675354003908 -0.00041375249566044653 -0.00040958546742331231 74.433845520019545 -0.10012289509177207 -19.838800430297848 29.945054054260257 0.35662204027175909 -0.0006306501745712011 58.212251663208015 -0.63588276505470265 73.250091552734389 -0.83460053801536549 0.31109040975570684 0.63101285696029674 1.0000604987144472 0.043555550277233131
decision_type=2 2 2 2 2 2 2 2 2 2 2 2 2 2 2 2 2 2 2 2 2 2 2 2 2 2 2 2 2 2 2 2 2 2 2 2 2 2 2 2 2 2 2 2 2 2 2 2 2 2 2 2 2 2 2 2 2 2 2 2 2 2
left_child=2 3 13 54 5 6 22 8 25 10 41 49 16 32 15 36 -13 39 19 43 47 -6 23 -5 26 -4 27 -3 29 -15 -28 57 33 -1 -9 -29 37 38 -14 40 -7 -8 55 44 -10 -35 -45 -21 -49 -11 51 -23 -52 -26 -2 -27 -37 -17 61 -60 -61 -47
right_child=1 24 7 4 21 17 9 34 18 11 -12 12 14 28 -16 31 -18 -19 -20 20 -22 50 -24 -25 53 42 30 35 -30 -31 -32 -33 -34 45 -36 56 -38 -39 -40 -41 -42 -43 -44 46 -46 58 -48 48 -50 -51 52 -53 -54 -55 -56 -57 -58 -59 59 60 -62 -63
leaf_value=0.0043158601867070599 -0.016707081866990985 -0.026417184053506782 0.012212564918671913 0.024021398721185149 0.0055207034298562583 -0.0057051905198168967 0.015290207603876763 -0.018025831725996169 0.0057470781463187428 -0.0050637241718747006 -0.024140255591319135 -0.0087657119894805728 -0.0040571833506656343 0.018119119045181341 -0.01697975938141091 -0.0043748559288057272 -0.024524346339903611 -0.0094862526931759096 0.030972050240628435 0.0031554567591953052 -0.004859282314554036 -0.016655014915387852 -0.01014859447147474 0.0049191534704897651 -0.020946496674380213 -0.012275780116651539 -0.032711368082079972 -0.00034259642441183122 0.020442554167915686 0.0079709242403882014 -0.013758938035838943 0.0016449794268861976 0.002189209671111754 0.030163286346534066 -0.0015606067878677944 -0.022408239653702353 -0.010716367372108829 -0.0040475856896382903 0.013523706498840556 0.026602497072152644 0.020838369181570417 0.0011402661317599554 -0.009729065972001797 0.0061431142120874967 0.022570933857485327 0.030266889592951658 -0.015778205190920505 0.02533817439511616 0.0056701135534393057 0.01523165923747177 -0.015736001274352457 0.0072084437268901021 -0.034905462717508856 0.0034786132320139295 -0.030879712635721569 0.0039827520639394752 -0.0037230484312258698 -0.023332239646975204 0.0058046112599290725 0.011680264351024434 0.034327544615365635 0.018026969858955577
leaf_weight=54.299289599061012 429.91384482383728 254.41821675002575 111.0952610373497 92.640245050191879 46.660067290067673 52.563094943761826 115.90191555023193 82.501216351985931 431.68359057605267 61.08268204331398 50.641696706414223 223.3344729244709 92.949923157691956 263.76811321079731 194.76224802434444 55.466920033097267 220.38957431912422 49.329090163111687 53.540870517492294 55.226998120546341 50.431347027420998 242.46637889742851 63.477600067853928 244.36657583713531 44.299928441643715 65.34952948987484 252.08612343668938 79.810685068368912 281.35598209500313 606.73104971647263 64.139038681983948 58.976692318916321 47.796843752264977 226.81142500042915 292.7197308242321 155.73222942650318 119.93105411529541 247.96058070659637 197.67752330005169 85.223588436841965 54.576023161411285 287.41634260118008 195.8496085703373 71.747017562389374 86.665919184684753 187.46022637188435 60.403962016105652 241.3037001490593 61.226595610380173 95.629188269376755 115.72609914839268 47.068606823682785 89.105440899729729 56.847556591033936 88.776643812656403 347.63347432017326 56.001440599560738 142.31878690421581 117.73168879747391 58.634283468127251 57.293332114815712 195.17109939455986
leaf_count=228 1859 1186 447 375 193 213 472 337 1739 253 207 933 375 1099 826 227 930 201 219 223 203 1038 258 993 203 265 1183 354 1167 2479 294 243 199 984 1191 684 487 1008 805 345 221 1177 791 288 350 808 243 979 247 388 495 201 392 245 390 1401 249 591 497 248 244 839
internal_value=-1.62217e-05 -0.00937663 0.0104864 -0.0064611 -0.00449772 -0.00238152 -0.00363388 0.00455891 0.00655359 -0.00559214 0.00193275 -0.00758924 -0.00909307 0.0167257 -0.00609519 -0.00377907 -0.0165927 0.010909 0.0107654 0.00974346 0.0156559 -0.0154756 0.00694962 0.0101702 -0.0210781 4.6735e-05 -0.022704 -0.0191342 0.0133412 0.0110459 -0.0288673 -0.0134999 0.0208502 0.0218441 -0.00518088 -0.0127786 1.11629e-05 0.00239993 0.0079009 0.0161391 0.00781594 0.00520655 -0.0021732 0.00603341 0.00855996 0.022973 -0.00387675 0.0185478 0.0213577 0.00732099 -0.0174573 -0.0127756 -0.0240751 -0.00721894 -0.0191328 0.00141004 -0.0174662 -0.0180158 0.0203267 0.0142729 0.0228729 0.0240236
internal_weight=9134.1 4829.67 4304.43 3866.33 3347.64 2806.62 2564.92 2207.38 1832.16 2164.44 453.96 1710.48 1553.77 2097.05 1110.04 915.281 443.724 241.692 1112.23 1058.69 408.189 541.027 400.484 337.007 963.335 719.928 862.188 545.963 1151.86 870.499 316.225 256.762 945.198 897.401 375.221 291.544 658.519 538.588 290.627 192.363 107.139 403.318 608.833 650.5 518.35 843.102 132.151 357.757 302.53 156.712 494.367 289.535 204.832 101.147 518.69 412.983 211.734 197.786 616.291 233.659 115.928 382.631
internal_count=38209 20494 17715 16096 13847 11528 10548 8923 7395 8922 1856 7066 6425 8792 4562 3736 1863 980 4491 4272 1652 2319 1626 1368 4398 2904 3950 2473 4745 3578 1477 1061 4047 3848 1528 1287 2675 2188 1180 779 434 1649 2457 2620 2089 3620 531 1449 1226 641 2126 1239 887 448 2249 1666 933 818 2636 989 492 1647
is_linear=0
shrinkage=0.03


Tree=24
num_leaves=63
num_cat=0
split_feature=83 83 83 77 17 10 41 66 66 63 58 17 83 53 66 64 10 31 53 51 10 64 44 78 41 53 64 47 33 64 33 48 22 49 58 57 31 59 49 54 18 31 70 4 69 70 47 77 10 3 41 66 14 63 70 9 77 78 60 38 14 53
split_gain=934.278 181.863 150.803 72.4678 69.5803 62.5605 58.6114 42.7636 40.4557 35.8149 34.3092 38.2579 40.4254 30.5909 28.6091 28.2423 27.0245 26.2774 27.2851 24.2647 22.9591 22.6379 25.4943 22.575 21.6858 21.3237 23.9948 20.5374 20.2486 19.9711 20.9273 24.591 22.5746 18.4469 19.28 18.1226 17.9153 17.8458 17.8151 16.7314 16.6578 18.328 16.6501 15.7799 15.7677 15.7559 17.7348 15.3424 15.3346 15.2976 17.9944 18.1355 14.7976 36.8067 16.6021 14.8879 14.6208 14.2418 13.9623 21.5591 13.9121 21.1301
threshold=0.30446651577949529 1.2592110037803652 0.10351252555847169 -0.25847736001014704 82.646514892578139 0.056329838931560523 -63.824895858764641 656.50000000000011 650.50000000000011 0.95037782192230236 -0.72408130764961232 24.428703308105472 0.66275772452354442 0.76020276546478283 320.50000000000006 0.98995971679687511 0.14221120625734332 0.97750002145767223 1.4106180071830752 0.038917126134037978 0.031270854175090797 0.93435779213905346 9.6085038185119647 0.072285894304513945 -9.5589094161987287 0.59662094712257396 0.51316559314727794 0.99747744202613842 1141.392517089844 0.49052239954471594 530.24844360351574 1.0018677711486819 9.5000000000000018 0.99888265132904064 -0.17582732439041135 39.486276626586921 0.11749999970197679 0.19804473221302035 0.99860531091690075 -1.8984543681144712 20.534564018249515 0.66250002384185802 6419.5000000000009 0.0014026893186382952 10241.500000000002 7027.5000000000009 0.99974843859672557 -0.1530719920992851 0.08811031281948091 -0.00035410113923717285 -40.830745697021477 -401.49999999999994 0.013463031034916641 -0.73283809423446644 6685.5000000000009 -0.00092299102107062925 -0.28170838952064509 -0.18669088184833524 5.8387258052825937 -0.099860683083534227 0.018026778474450115 0.95534223318099987
decision_type=2 2 2 2 2 2 2 2 2 2 2 2 2 2 2 2 2 2 2 2 2 2 2 2 2 2 2 2 2 2 2 2 2 2 2 2 2 2 2 2 2 2 2 2 2 2 2 2 2 2 2 2 2 2 2 2 2 2 2 2 2 2
left_child=2 3 5 57 6 9 -5 10 13 19 -8 14 27 36 24 -9 39 18 28 20 -1 22 29 -6 40 26 -22 38 43 30 32 33 -4 34 -32 -24 -7 -27 -13 -15 -12 -42 -23 56 -26 -39 -47 -20 -35 -14 -51 -52 54 -54 -29 -56 -3 -2 59 -57 61 -34
right_child=1 17 21 4 23 8 7 15 -10 -11 11 12 49 16 -16 -17 -18 -19 47 -21 25 42 35 -25 44 37 -28 52 -30 -31 31 -33 60 48 -36 -37 -38 45 -40 -41 41 -43 -44 -45 -46 46 -48 -49 -50 50 51 -53 53 -55 55 58 -58 -59 -60 -61 -62 -63
leaf_value=0.025940219619415946 -0.030043642039758612 -0.033994012804777186 -0.014783355171041726 0.010573582242453068 -0.0061411244597251594 0.0093454809005830124 0.016432310370983805 0.030800322626705342 0.032999780815816532 0.036915699438337279 0.00095160826029208167 -0.00056703037081671148 -0.016712300579425299 0.022411976081046139 -0.021374952903426586 0.00071032073741235607 -0.002309862690590529 -0.027800976800096393 -0.0207974929297478 0.027482577300375979 0.017451870959050087 0.0014736193557266315 0.017099780470985267 -0.017826431507741922 -0.023810416159708723 0.026559905706809776 -0.009031135883045922 -0.00059581009849512124 -0.0067951217035766903 -0.0089110327391874137 0.011818836215018192 -0.0079873820640192408 -0.0025046915610627478 0.0087193680740680398 -0.0089672858666268989 -0.0040164711682535133 -0.0035298779745746014 0.0066897695622241387 -0.023301973915361152 0.011829459533442664 -0.025100872615197427 -0.00011318414210803173 0.024284392074306597 -0.038172800190143213 -0.0044760428133638125 0.027381629316448497 0.010485642596358117 0.00012161587730500618 0.025126790178276466 0.0046972614162783428 -0.023539795260055667 -0.0063234543793242648 -0.022268283233892978 0.0026543815444149011 0.021452908303460611 0.013882803415426201 -0.018515160206224662 -0.015836835491166129 0.017256084233159684 -0.0097696315889641144 -0.008310986166553163 0.020713174112071794
leaf_weight=159.09378263354301 92.361725717782974 63.225215464830399 122.96441425383091 268.76300479471684 231.41312624514103 178.24126963317394 65.339335903525352 49.601739406585693 69.555440917611122 99.027979731559753 236.84982858598232 71.672502875328064 162.1718692779541 154.94802907109261 191.43654556572437 64.682675272226334 110.20874266326427 288.80459688603878 44.293407291173935 195.9859601855278 53.308255851268768 49.325620621442795 135.81410153210163 416.77890591323376 103.87863792479038 111.18567183613777 72.89656437933445 209.6734614521265 89.448450416326523 210.60490572452545 69.53044930100441 108.40626387298107 88.769665747880936 234.07938925921917 95.07739694416523 50.061976552009583 214.08496007323265 190.82601569592953 54.690159842371941 1016.9848366379738 56.19833742082119 49.854614332318306 69.205068349838257 50.518957808613777 59.825042381882668 105.35270009934902 119.14097142219543 109.70467074215412 65.643421694636345 108.73603123426437 65.185689583420753 354.73761333525181 66.626559406518936 267.25501278042793 80.473341420292854 62.818527519702911 418.130744099617 203.27161875367165 69.645977392792702 77.439167022705078 88.799889117479324 58.542811825871468
leaf_count=685 406 301 498 1095 972 733 267 202 290 434 989 293 677 644 809 262 446 1371 204 859 225 200 549 1794 439 473 303 847 396 854 280 438 360 944 385 202 870 802 225 4161 233 209 280 238 252 443 503 487 265 445 267 1473 274 1094 324 254 1879 884 281 313 363 236
internal_value=-4.47224e-05 -0.00913359 0.0101181 -0.00602112 -0.00479816 0.0141216 -0.00274613 -0.00416176 0.0105812 0.0197001 -0.00501051 -0.00560692 -0.00311763 0.00964997 -0.011495 0.01377 0.011893 -0.0200768 -0.0171995 0.0180085 0.0157213 0.00222975 0.00110877 -0.0136546 -0.00776156 0.0132305 0.00215515 0.000863831 -0.0200013 -0.000567698 0.00131803 0.00487787 -0.00436 0.00788149 -0.000187216 0.0114125 0.00231964 0.0158852 -0.0104068 0.0132286 -0.00347294 -0.0133544 0.0147919 -0.0222223 -0.0167447 0.0130275 0.0184148 -0.0058952 0.0123128 -0.00865208 -0.00617952 -0.00899599 0.00257163 -0.00231897 0.00583706 0.0104821 -0.0205483 -0.0202753 0.00627603 0.000823806 0.00106836 0.00672222
internal_weight=9103.17 4805.51 4297.67 3741.38 3445.75 2850.84 2797.56 2528.79 1744.02 1106.82 2414.51 2349.17 1651.13 1674.47 698.043 114.284 1282.14 1064.13 775.321 1007.79 811.804 1446.83 1328.29 648.192 506.606 652.71 126.205 960.295 621.323 1142.42 931.814 572.737 359.077 464.331 164.608 185.876 392.326 526.505 126.363 1171.93 342.903 106.053 118.531 531.875 163.704 415.32 224.494 153.998 299.723 690.831 528.659 419.923 833.932 333.882 500.05 290.377 481.356 295.633 209.904 140.258 236.112 147.312
internal_count=38181 20456 17725 15580 14290 11871 11524 10429 7144 4727 9965 9698 6767 6854 2931 464 5251 4876 3505 4293 3434 5854 5374 2766 2122 2749 528 3905 2814 4623 3769 2312 1457 1874 665 751 1603 2221 518 4805 1431 442 480 2418 691 1748 946 691 1209 2862 2185 1740 3387 1368 2019 1172 2180 1290 848 567 959 596
is_linear=0
shrinkage=0.03


Tree=25
num_leaves=63
num_cat=0
split_feature=83 83 83 5 5 5 5 27 5 3 41 18 69 46 13 66 41 17 29 25 63 63 69 73 66 32 29 30 63 8 31 12 32 26 17 63 31 56 63 23 29 54 63 5 54 43 82 66 6 29 69 26 77 5 44 54 17 23 43 29 30 63
split_gain=929.018 207.725 106.117 92.7691 102.039 52.5635 38.9217 38.2911 36.6448 43.2698 41.0953 39.4045 39.1719 32.7342 29.7319 32.0577 29.3174 28.3057 32.1031 25.6391 25.5265 22.5015 27.3081 22.3866 21.977 21.3819 21.0314 20.627 22.2276 20.4997 20.0854 19.9434 19.8769 19.5406 27.4474 19.4388 18.8054 28.8715 22.0876 18.5149 18.4475 18.3725 22.3314 18.1463 17.6139 17.303 17.2084 16.7024 16.4772 16.2231 15.4177 15.3664 15.3168 19.2109 15.1138 15.1027 16.8464 14.6716 15.6915 14.2593 14.5801 14.1155
threshold=0.24066998809576037 1.326517701148987 0.018671873025596145 -0.001197992358356714 0.00088445039000362169 0.00078189687337726365 -0.00029162497958168382 1.3126904964447024 -0.00031217074138112361 8.6938642198219909e-05 -68.561138153076158 38.106414794921882 19441.500000000004 1.0033392310142519 0.014521691948175432 515.50000000000011 -39.922506332397454 17.389852523803714 0.28540015220642095 15.801557540893556 0.96304282546043407 0.97948506474494945 7151.5000000000009 0.79117402434349071 656.50000000000011 0.12749999761581424 0.0064628976397216329 0.22500000149011615 0.63101285696029674 0.00014796155301155525 0.97750002145767223 0.0083949454128742235 0.40250000357627874 0.84779247641563427 69.120063781738295 -0.3440686017274856 0.14249999821186068 5.2075734138488778 0.95037782192230236 3.5000000000000004 1.1051425933837893 -0.31395770609378809 -0.4981082528829574 0.00035406422102823859 -0.54808488488197316 -16.757287025451657 -70.40132904052733 530.50000000000011 -0.00073304458055645217 0.42742489278316503 846.50000000000011 2.1859858036041264 -0.32057794928550715 0.0014026508433744314 -12.280717372894285 -0.066109508275985704 82.006862640380874 2.5000000000000004 16.239323616027836 -0.23802866786718366 0.57500001788139354 0.37258200347423559
decision_type=2 2 2 2 2 2 2 2 2 2 2 2 2 2 2 2 2 2 2 2 2 2 2 2 2 2 2 2 2 2 2 2 2 2 2 2 2 2 2 2 2 2 2 2 2 2 2 2 2 2 2 2 2 2 2 2 2 2 2 2 2 2
left_child=2 3 13 27 8 6 23 26 9 11 -10 19 14 17 15 16 31 -1 36 46 33 22 25 -4 30 43 -6 28 41 51 52 -12 -33 -8 57 49 38 -38 47 48 55 42 -2 -18 -11 -36 -5 -19 -21 -20 -27 -28 -3 -54 -52 56 -31 -35 -59 -14 -61 -39
right_child=1 24 5 4 7 -7 20 -9 10 44 12 -13 59 -15 -16 -17 21 18 35 39 -22 -23 -24 -25 -26 50 29 -29 -30 40 -32 32 -34 34 45 -37 37 61 -40 -41 -42 -43 -44 -45 -46 -47 -48 -49 -50 -51 54 -53 53 -55 -56 -57 -58 58 -60 60 -62 -63
leaf_value=0.003833197892746886 -0.013214156171513173 -0.034323056115051702 0.004534367046944902 -0.00082060010410169926 0.0044978403948037361 -0.0078844874736228483 0.022065127293832396 0.0040196617014958249 0.018726191861848457 -0.0072284730016062395 0.024535263629028862 0.012717489970175019 0.0023305602121625824 -0.0033930424718122318 -0.0051703646097976206 0.02329913595416647 0.011938697155972813 0.019406346521928818 0.008624170814016497 -0.00083235295021573386 0.028056325326540895 0.01697249282041342 0.0085391112501493078 -0.010649235386678592 -0.0031943201573127193 0.0046631619794879394 -0.027324886129031074 -0.021123803842849773 -0.024757049682833484 0.0044496693464774854 -0.029105593036668032 -0.0026161584604522076 0.021162211735803651 0.016780727071507004 0.01465577042304838 0.0145051456080771 -0.00049205801633769408 0.021854373050008428 0.037562829415600692 -0.019592781398262277 -0.02903047773248962 -0.017623081632507771 0.01050045657007791 -0.0084400941507290321 -0.021245695851107881 -0.0052055908359057513 0.02027432949221207 0.037774543592981352 -0.013465003040126135 -0.013437710065292961 -0.026403365995706318 -0.009103217667264232 -0.014825576031467766 -0.027581207345223516 -0.0089569225821049033 -0.017524758766087487 -0.012026798457475025 -0.0023544153895250267 0.01732515101614851 -0.025617892030662937 -0.0072578166041710459 0.011625156631897147
leaf_weight=151.19389010965824 61.339237183332443 55.192070513963699 537.69411037862301 104.3991807103157 45.83673369884491 227.2183401286602 106.97678969800472 106.95535318553448 121.89069034159184 159.42110230028629 84.183773085474968 146.96112912893295 50.485441163182259 78.676687508821487 338.98250406980515 80.214143738150597 94.843486934900284 863.72796154022217 70.826358422636986 285.11654235422611 79.570031493902206 67.524857729673386 182.4609027504921 104.35503813624382 59.483512952923775 51.864615172147751 194.16520555317402 338.37652833759785 71.934899881482124 92.156003370881081 257.62363885343075 87.486919820308685 49.56377674639225 274.66857066750526 51.854542404413223 195.66539660096169 92.945176601409912 299.36468167603016 72.465517178177834 95.205288976430893 54.351371735334396 75.276533424854279 85.62423712015152 67.180884689092636 163.35250049829483 165.38948459923267 52.208937644958496 46.977432057261467 137.85624518990517 52.038343831896782 59.992480859160423 53.027822732925415 455.51071119308472 138.59630250930786 175.19215440750122 158.73179496824741 141.76307268440723 94.811914533376694 59.254214435815811 74.401243075728416 81.644386753439903 204.24211439490318
leaf_count=627 261 267 2164 428 192 922 436 450 492 656 340 599 204 317 1384 325 382 3696 294 1189 324 274 739 421 265 210 848 1482 312 386 1243 353 200 1114 209 820 380 1256 323 398 244 326 357 274 683 665 212 202 568 213 244 230 2036 669 711 685 614 382 240 304 331 850
internal_value=-0.000107725 -0.00829352 0.0111312 -0.00546414 -0.00363041 0.00554692 0.00761658 -0.0127589 -0.000881278 -0.00501519 0.00195541 -0.0013594 0.000633177 0.0155967 0.00250827 0.00510988 0.00352447 0.0163257 0.0173207 -0.00442519 0.0118968 0.000512232 -0.00124773 0.00206651 -0.0208593 -0.00522417 -0.0151839 -0.0160726 -0.0102624 -0.0164835 -0.0220179 0.0130426 0.00598318 0.0101891 0.00822244 0.00863246 0.0190726 0.0148705 0.0216222 -0.00764002 -0.0126498 -0.00557081 0.000602512 0.00348895 -0.0143224 -0.000464831 0.00621188 0.0203538 -0.00494961 -0.000719959 -0.0101423 -0.023416 -0.0192057 -0.0178013 -0.0134073 -0.0103823 -0.00553564 0.0126244 0.00521439 -0.0115281 -0.0160117 0.0177058
internal_weight=9088.29 5258.38 3829.92 4291.97 3659.42 1701.79 1474.57 846.987 2812.43 1144.52 1667.91 821.747 1546.02 2128.12 1339.49 1000.51 920.294 2049.45 1898.25 674.786 832.526 699.059 631.535 642.049 966.406 449.074 740.032 632.551 294.175 694.195 906.923 221.234 137.051 752.956 645.979 318.53 1579.72 596.552 983.171 518.178 447.002 222.24 146.963 162.024 322.774 217.244 156.608 910.705 422.973 122.865 287.049 247.193 649.299 594.107 235.185 392.651 233.919 428.735 154.066 206.531 156.046 503.607
internal_count=38222 22367 15855 17887 15149 6877 5955 3649 11500 4733 6767 3394 6275 8978 5436 4052 3727 8661 8034 2795 3370 2834 2560 2585 4480 1821 3199 2738 1256 3007 4215 893 553 3046 2610 1327 6707 2486 4221 2155 1929 944 618 656 1339 874 640 3898 1757 507 1165 1078 2972 2705 955 1685 1000 1736 622 839 635 2106
is_linear=0
shrinkage=0.03


Tree=26
num_leaves=63
num_cat=0
split_feature=83 83 83 12 5 5 56 4 5 5 43 2 83 5 53 10 8 63 17 65 53 66 5 4 56 51 81 63 57 43 68 80 0 29 30 90 12 53 12 68 3 5 56 31 57 33 90 40 80 5 66 63 29 5 82 16 68 7 56 5 69 50
split_gain=818.934 241.115 75.6147 60.6149 55.7023 70.1757 54.0611 41.8402 37.5478 64.7179 34.1451 29.1217 28.7188 30.6763 28.3426 28.8885 27.8693 26.5461 25.5086 24.8243 24.4463 23.7842 25.3979 30.4895 27.0472 50.4985 22.9872 22.9336 22.9482 22.7933 22.1394 21.9894 21.8929 21.2224 21.1316 20.7798 19.3683 19.158 18.0674 17.5775 22.0357 16.8037 16.0202 15.6167 15.4199 18.3277 15.3219 15.0563 14.8392 14.6136 14.0968 17.9617 14.5703 14.0138 22.1974 14.0904 15.5503 13.9404 13.7169 13.6904 13.454 16.7147
threshold=0.10351252555847169 0.67479681968688976 1.4604680538177492 0.010606790892779829 0.00088445039000362169 -0.00060582856531254936 8.6474995613098162 -0.00066010066075250496 0.00093856040621176373 -0.00064294569892808784 26.726824760437015 -6.4634426962584244e-05 0.018671873025596145 0.00086870181257836532 0.68988445401191723 0.031270854175090797 -0.0019620290258899327 0.8537760078907014 26.45436000823975 354.50000000000006 1.0089433193206789 656.50000000000011 0.00040224273107014602 0.00047538477519992744 7.1179018020629892 0.029713853262364868 1.0000000180025095e-35 0.34816221892833715 24.781816482543949 23.96550273895264 1.0000000180025095e-35 13.446605682373049 23.500000000000004 -1.0075990557670591 0.67499998211860668 -1.0563466548919676 0.0081944116391241568 1.2164460420608523 0.0086924722418189066 0.87837970256805431 0.00019839681044686588 -0.000525699317222461 6.6625571250915536 0.97750002145767223 41.927831649780281 897.58673095703136 -0.24838664382696149 4.746913194656373 14.048230648040773 -6.0211481468286358e-05 340.50000000000006 0.29862368106842047 0.12757066637277606 0.0014756770106032493 -63.278293609619134 44.673440933227546 1.0000000180025095e-35 -0.0026054473128169771 8.2406005859375018 0.00014145785826258364 2959.5000000000005 1.0029783844947817
decision_type=2 2 2 2 2 2 2 2 2 2 2 2 2 2 2 2 2 2 2 2 2 2 2 2 2 2 2 2 2 2 2 2 2 2 2 2 2 2 2 2 2 2 2 2 2 2 2 2 2 2 2 2 2 2 2 2 2 2 2 2 2 2
left_child=3 4 8 14 5 11 10 49 9 16 12 26 13 18 15 -1 33 32 -5 29 38 22 23 24 36 -26 27 57 -29 43 48 -16 -17 -3 -10 -35 -9 44 42 40 -24 -33 -11 53 45 -6 -43 -40 -20 -7 51 52 -8 54 -4 -56 -57 -2 -30 -25 -36 -62
right_child=1 2 19 6 37 7 50 21 34 20 -12 -13 -14 -15 31 17 -18 -19 30 -21 -22 -23 39 59 25 -27 -28 28 58 -31 -32 41 -34 35 60 -37 -38 -39 47 -41 -42 46 -44 -45 -46 -47 -48 -49 -50 -51 -52 -53 -54 -55 55 56 -58 -59 -60 -61 61 -63
leaf_value=0.02848582927642257 0.013702730709203262 -0.016634589081597068 -0.026293787653183777 8.7359699220805742e-05 -0.013226081562396765 -0.002964916405771833 0.026832910075892353 0.020644978131839679 -0.023267724337195768 0.010122858815733899 -0.017637369208805698 -0.013352064792956024 -0.0021097189625735543 -0.00737116225158872 0.028377371792787015 0.0083345829026675814 -0.019381617832496544 0.025328759633739123 0.02141957869429463 -0.00054184621650340365 0.0041439479188705667 0.024401738269502843 -0.010588278877384521 -0.0099686195325632242 -0.01290982053961906 0.0092385121192434614 0.016157358539790487 0.002601885307631605 -0.023602682719957527 -0.004703010256845149 0.020211773083108602 0.0076437890272284328 -0.01111507043224488 0.0067737469983191094 -0.0237800125538821 -0.016035498024971263 0.0088798297227667064 0.00079418654650021141 -0.0047864995518126828 0.0099238466160886645 0.0031099467786136819 0.024877137244037766 -0.0087734983311100606 -0.030226093434690925 -0.019390051392198963 0.0044504448389100114 0.015838446889479548 -0.018064786284229539 0.0022321128940596168 -0.020223063405049826 0.027591496729533854 0.0029603812030209679 0.0080576434975249862 -0.031093541942587326 2.8424005839853992e-05 -0.0031389776648000755 -0.024645048065320991 -0.0018307250656619588 -0.0062518124507615694 0.0063301362381154233 0.0019205891387337642 -0.01904553271575761
leaf_weight=71.461861982941628 64.771960586309433 122.78396359086037 154.20689128339291 127.34625326097012 172.09898343682289 115.12398777902126 108.91377350687981 223.39970126748085 240.58900398015976 92.5092433989048 55.083839952945709 316.99059316515923 248.41831147670746 82.971656799316406 236.42826960980892 218.69439594447613 393.70836634933949 62.140363961458206 48.760989144444466 51.70767804980278 360.94828739762306 56.956510230898857 205.76083022356033 122.33411836624146 118.54185017943382 424.15645118057728 55.865421324968338 78.987935408949852 106.34541080892086 62.244154900312424 301.40086537599564 120.55143812298775 68.369434595108032 116.87102611362934 48.325178354978561 51.914769530296326 288.64543281495571 123.4684694558382 181.78360156714916 109.70164969563484 217.32111965119839 299.81452567875385 71.655034810304642 219.79167801141739 177.15950140357018 76.149099826812744 386.22467318177223 133.15059852600098 141.67554502189159 71.635568872094154 114.37145973742008 78.050888240337372 56.495956346392632 88.753177314996719 67.381428688764572 47.447861433029175 83.529303312301636 263.64556090533733 66.74323034286499 74.706614896655083 95.851734936237335 53.224980056285858
leaf_count=311 265 554 737 523 730 466 457 904 1074 379 225 1317 1000 338 1010 917 1738 265 205 231 1484 231 833 494 479 1710 227 327 443 284 1269 498 285 493 213 221 1163 509 750 444 879 1279 294 1078 756 317 1637 555 587 291 479 324 233 437 298 210 371 1086 277 301 420 238
internal_value=3.67504e-05 -0.0060083 -0.0126888 0.0134409 -0.00082668 0.000790093 0.00888959 0.00394546 -0.0095566 -0.00733345 0.00532629 -0.00592305 0.00665699 0.00975859 0.0176806 0.0111071 -0.0141753 0.00755069 0.012054 -0.020623 -0.00175217 0.00531762 0.00470853 0.00704341 0.00906706 0.00440064 -0.00222242 -0.00399125 -0.0107975 -0.0220585 0.0151524 0.0203318 0.0037023 -0.00714507 -0.0172988 -0.000241871 0.0140128 -0.00960941 -0.00619424 -0.000777302 -0.00355202 0.0179734 0.00187491 -0.0236925 -0.0126289 -0.00780388 0.0197886 -0.0104004 0.00714503 -0.00958464 0.0189039 0.0148228 0.0204202 -0.0204386 -0.0177564 -0.0111193 -0.0168542 0.00123285 -0.0169122 -0.00378906 -0.0100241 -0.00556496
internal_weight=9096.06 6268.89 2738.38 2827.17 3530.51 2981.63 1363.49 2028.28 1963.32 1525.32 1005.66 953.35 950.574 702.155 1463.68 420.666 685.278 349.204 619.184 775.062 840.047 1841.52 1784.57 1251.78 1054.74 542.698 636.36 580.494 252.077 723.354 491.837 1043.02 287.064 291.57 437.991 168.786 512.045 548.876 479.098 532.784 423.082 806.591 164.164 661.11 425.408 248.248 686.039 314.934 190.437 186.76 357.832 243.461 165.41 441.319 352.565 198.359 130.977 328.418 173.089 197.041 197.402 149.077
internal_count=38350 26508 12059 11842 14449 12137 5640 8195 8413 6468 4147 3942 3922 2922 6202 1778 3006 1467 2584 3646 3462 7438 7207 5051 4256 2189 2625 2398 1047 3415 2061 4424 1202 1268 1945 714 2067 2312 1978 2156 1712 3414 673 3131 1803 1047 2916 1305 792 757 1493 1014 690 2053 1616 879 581 1351 720 795 871 658
is_linear=0
shrinkage=0.03


Tree=27
num_leaves=63
num_cat=0
split_feature=31 10 66 52 29 10 30 63 52 29 64 64 42 59 53 51 56 59 29 12 40 59 82 6 77 29 30 77 52 66 12 64 64 41 25 26 66 54 41 41 32 47 58 54 63 12 44 44 47 32 57 64 41 78 57 32 44 68 41 47 51 40
split_gain=612.906 197.01 101.535 101.214 110.599 72.3246 65.7493 64.8827 58.7276 62.1501 53.7143 46.1846 56.0517 52.5841 44.2551 35.1145 34.1189 31.7802 29.1828 28.5979 29.4399 28.1974 27.1807 25.5689 25.3927 29.3706 39.9177 25.1644 23.7513 23.7935 31.8622 29.3203 25.8623 28.2752 23.4034 23.2557 24.2282 22.8818 21.6792 23.6292 21.5809 31.475 24.4912 25.724 23.1241 22.5052 21.0136 20.4257 20.1892 20.1862 19.8937 19.8821 23.8144 19.3418 19.1227 22.0325 23.223 19.0674 28.6352 30.6807 19.0149 18.9736
threshold=0.27250000834465032 0.12539278715848926 656.50000000000011 0.25422888994216924 -0.97107404470443714 0.045129574835300452 0.22500000149011615 0.95819556713104259 -0.15699787437915799 0.64619597792625438 0.66098293662071239 0.50188699364662182 83.774307250976577 0.029432321898639206 0.80267876386642467 0.087547421455383315 6.3672385215759286 1.0703667998313906 -0.47294405102729792 0.0099142827093601244 -1.5254799127578733 0.70789548754692089 -49.920894622802727 -0.00221275957301259 -0.22064402699470517 0.95454317331314098 0.72499999403953563 -0.24926909059286115 0.3180836439132691 -4.4999999999999991 0.0087875821627676504 -0.41270604729652399 -0.6867687702178954 -18.78262901306152 51.661153793334968 0.9825529456138612 225.50000000000003 -1.437208831310272 -42.266559600830071 -22.084786415100094 0.36750000715255743 1.0034043788909914 0.37456355988979345 -1.4247874617576597 0.17149884253740313 0.0092214616015553492 -3.0926277637481685 -0.12612870335578916 0.99898129701614391 0.26749999821186071 39.486276626586921 -0.041439602151513093 -48.424360275268548 -0.07356920093297957 22.219290733337406 0.88749998807907116 3.1041107177734379 -1.0000000180025095e-35 -54.74140548706054 0.99807673692703258 0.047597235068678863 31.989603996276859
decision_type=2 2 2 2 2 2 2 2 2 2 2 2 2 2 2 2 2 2 2 2 2 2 2 2 2 2 2 2 2 2 2 2 2 2 2 2 2 2 2 2 2 2 2 2 2 2 2 2 2 2 2 2 2 2 2 2 2 2 2 2 2 2
left_child=5 2 8 4 34 51 15 10 18 14 11 12 13 22 19 54 60 -11 21 47 -21 27 46 -17 -8 26 -26 -2 29 32 -31 -32 33 -16 -3 -20 -37 -13 48 -40 41 42 45 -44 -42 -15 -7 -10 -34 -18 -27 -1 -53 -48 -6 -56 -57 -24 -59 -60 -12 -45
right_child=1 3 -4 -5 6 7 24 -9 9 17 16 37 -14 40 28 23 49 -19 35 20 -22 -23 57 -25 25 50 -28 -29 -30 30 31 -33 38 -35 -36 36 -38 -39 39 -41 44 -43 43 61 -46 -47 53 -49 -50 -51 -52 52 -54 -55 55 56 -58 58 59 -61 -62 -63
leaf_value=0.028438963280092558 -0.021082658587491827 -0.018557161031007109 0.021062071610808804 -0.023120481163936338 0.014450867921069716 -0.012121254948096892 -0.0209905114440114 0.027028658728613007 -0.0067528452193135451 -0.014593971240788385 0.042159851355848779 0.010846214966161503 0.035932648121791269 0.015296559431423613 0.033626748832287202 -0.00019225176029398275 -0.0060771087110089005 0.0064962741556911256 -0.014541793322719675 -0.0018732726804131558 -0.022777793199004213 -0.0260965194061125 0.0022773963564262814 0.023936510709097369 -0.011899905529380804 -0.0094111865095509607 -0.00014840537249687997 -0.0033434754366518131 -0.013774640494739461 0.015541186924330387 -0.0082458503225633466 0.0051415073905797829 0.0048672571732645857 0.011595533669293329 -0.035510471705700764 -0.0022874425936086867 0.020935315107716099 -0.012272876634304958 -0.014574043260385363 0.0067409653527256332 0.023684039012202139 0.01941253862242235 0.0083857282730657439 -0.012215097959192265 0.00094661333057528244 -0.0015744570192894123 -0.0021515772426673502 0.0094577257693655419 0.03052181082266044 0.019516229652471167 -0.030115375335297914 0.027242540068207161 0.012269055171807522 0.023456597429645853 -0.0093483319724930961 0.015273053384244938 -0.010766680058754837 0.035013181064107717 -0.0016483114652067401 0.022139707405001582 0.020423886888115011 0.006839612669186694
leaf_weight=191.44553835690022 107.01770196855068 326.29313503205776 189.47106458246708 511.43500159680843 57.729401245713234 52.90576945245266 144.16914884746075 164.85457675158978 128.95321820676327 306.86564522981644 63.062631636857986 49.53767167031765 59.817468389868736 118.9113428145647 77.108287423849106 64.71337479352951 51.478288307785988 81.350777834653854 87.364583879709244 125.07885366678238 117.67309284210205 121.1709880977869 58.705285266041756 101.55402308702469 500.96892911195755 87.124728888273239 541.17539615929127 219.77525006234646 53.937488973140717 149.88973492383957 234.73970009386539 394.99522180855274 60.513392850756645 163.81036184728146 94.511663749814034 151.15722769498825 55.197798609733582 173.38089194893837 66.797675207257271 156.41550335288048 80.060457855463028 70.567359417676926 91.575074136257172 315.14245739579201 80.966308891773224 177.21066330373287 51.615245833992958 152.90440402925014 50.770944714546204 60.137629881501198 80.23021987080574 138.25179518759251 309.82976675033569 54.651222407817841 248.60542325675488 84.532073244452477 48.514094606041908 92.377429112792015 68.295969948172569 170.9107009768486 85.107444256544113 55.281536906957626
leaf_count=844 474 1545 783 2383 238 217 639 697 524 1290 264 206 249 492 317 271 211 340 358 510 480 526 245 416 2128 393 2261 925 224 610 955 1612 245 667 451 617 225 711 272 638 339 289 380 1297 338 730 212 622 206 253 372 598 1326 227 1031 349 201 387 283 706 354 228
internal_value=4.17358e-05 -0.00531463 -0.000249994 -0.0110123 -0.00841049 0.0114455 -0.0054135 0.00891168 -0.00156811 0.00077953 0.00747696 0.00565725 0.00744068 0.00633339 0.00297883 0.0028025 0.0202388 -0.0101745 -0.00891727 -0.00445915 -0.0120067 -0.0137359 0.0137754 0.0145453 -0.00908944 -0.00767087 -0.00579747 -0.00915268 0.00574824 0.00652535 0.0031101 0.000151242 0.0111526 0.0186468 -0.0223648 -0.00156822 0.0039244 -0.00713528 0.005755 0.000362341 0.00220179 0.000249005 -0.00153477 -0.00585167 0.0122514 0.0052003 0.00332717 0.0020412 0.0165716 0.00771235 -0.0193368 0.0203465 0.016889 0.0110183 -0.00164112 -0.00407523 0.0057779 0.0180365 0.0208266 0.015348 0.0296749 -0.0093714
internal_weight=9030.6 6144.52 3252.96 2891.56 2380.12 2886.08 1959.32 2246.55 3063.49 2321.8 2081.7 1821.91 1598.99 1539.18 1933.59 605.648 259.786 388.216 741.684 524.61 242.752 447.964 549.462 166.267 1353.67 1209.5 1042.14 326.793 1408.98 1355.04 779.625 629.735 575.416 240.919 420.805 293.72 206.355 222.919 334.498 223.213 989.715 828.688 758.121 461.999 161.027 296.122 159.172 281.858 111.284 111.616 167.355 639.527 448.082 106.266 439.381 381.652 133.046 390.289 331.584 239.207 148.17 370.424
internal_count=38181 26098 13420 12678 10295 12083 8299 9315 12637 9512 8618 7536 6619 6370 7882 2506 1082 1630 3125 2136 990 1925 2277 687 5793 5154 4389 1399 5746 5522 3177 2567 2345 984 1996 1200 842 917 1361 910 4093 3416 3127 1905 677 1222 656 1146 451 464 765 2768 1924 439 1819 1581 550 1621 1376 989 618 1525
is_linear=0
shrinkage=0.03


Tree=28
num_leaves=63
num_cat=0
split_feature=83 83 83 10 77 52 5 17 66 58 12 51 12 5 17 59 41 53 57 13 14 41 56 17 3 70 42 8 67 51 59 66 57 56 17 50 70 42 70 41 5 18 47 33 81 41 8 32 70 51 65 6 53 83 42 42 83 6 17 52 47 15
split_gain=734.294 210.325 66.3471 66.3193 58.4016 70.9266 46.5415 58.2404 44.546 42.4579 35.3775 31.0393 29.5453 28.9761 35.8073 28.7791 27.0886 28.8014 25.8111 25.4101 23.7937 23.7679 23.1509 22.5979 22.6907 21.6895 20.9323 22.7327 20.8634 33.3356 19.9259 23.7737 21.9274 39.0062 30.7095 19.8768 20.9947 25.6227 19.3147 20.2856 19.2494 19.2192 26.4614 18.6436 17.916 17.3085 17.2463 16.4664 16.2203 15.5634 15.4927 15.4189 15.4058 15.156 15.0658 19.1088 14.6394 14.3658 16.4619 15.9949 14.2013 13.9204
threshold=0.13917518407106402 0.63788178563117992 1.543337941169739 0.055291593074798591 -0.17277086526155469 0.30542688071727758 0.00058534531854093086 25.082938194274906 650.50000000000011 -0.66880580782890309 0.030115982517600063 0.038394669070839889 0.012376788072288038 -0.00089970085537061084 73.286895751953139 0.84619590640068065 -44.726808547973626 1.060396730899811 48.452409744262702 0.010155838914215566 0.012723776511847975 -47.226825714111321 11.547011375427248 88.954967498779311 -5.0045541684085029e-06 31648.500000000004 34.003080368041999 0.0010190800530835988 55.500000000000007 0.020234299823641781 -0.55010053515434254 185.50000000000003 21.611001968383793 6.3166019916534433 69.529663085937514 1.0030926465988161 3775.5000000000005 -1.0000000180025095e-35 17211.500000000004 -48.424360275268548 0.0014756770106032493 59.824304580688484 0.99797660112380993 1465.3469848632815 -0.32822225987911219 -15.933863639831541 0.00072611359064467262 0.22749999910593036 7789.5000000000009 0.028953031636774543 -737.49999999999989 -0.00015214781888062132 1.2114072442054751 0.37227962911129003 10.550013542175295 16.072414398193363 0.32854036986827856 0.00080678082304075371 47.232172012329109 -0.019664237275719639 0.99965012073516857 43.914670944213874
decision_type=2 2 2 2 2 2 2 2 2 2 2 2 2 2 2 2 2 2 2 2 2 2 2 2 2 2 2 2 2 2 2 2 2 2 2 2 2 2 2 2 2 2 2 2 2 2 2 2 2 2 2 2 2 2 2 2 2 2 2 2 2 2
left_child=3 6 4 11 -3 9 7 43 13 -6 16 19 30 61 25 22 20 -18 21 28 48 -16 57 24 -8 35 40 -28 29 -1 -9 32 33 -32 60 36 47 -38 39 -31 -4 -26 -43 44 45 53 -46 -15 -11 -35 -7 -49 -44 -2 -30 -56 -48 58 59 -14 -34 -5
right_child=1 2 26 8 5 50 23 12 -10 10 -12 -13 15 14 18 -17 17 -19 -20 -21 -22 -23 -24 -25 41 -27 27 -29 54 38 31 -33 34 49 -36 -37 37 -39 -40 -41 -42 42 52 -45 46 -47 56 51 -50 -51 -52 -53 -54 -55 55 -57 -58 -59 -60 -61 -62 -63
leaf_value=0.028270773039389758 0.018905440244129872 -0.018765175993666491 -0.019349874601069607 0.0032387311633453246 0.021403649060693964 -0.0057288181878046148 -0.013657040916851413 0.026590166497288036 0.031490346205210004 0.002555189721399744 -0.026324243668691523 0.028383983174554997 -0.0032864967040285189 -0.0045446509327734218 0.024432113255064041 -0.015879497868383358 -0.010936718157174195 -0.00093433273270611189 -0.0095811090513027893 -0.0046424768075252329 -0.005012930217340201 0.0017727932177749536 0.017203117446810065 -0.016673933862402956 0.016654288456369421 -0.0059128610002122158 -0.02085151257870798 0.0058953055139922984 0.029621157697845776 0.011233438459112509 0.026439474101933799 0.014192331277872974 0.012074779024752886 -0.011312785600848998 -0.019042894020059174 -0.0042776235215758558 0.023437635258699067 0.012211178043765423 0.019031895181193352 -0.012965975428472871 -0.031889807670693354 -0.023869404187274124 -0.0041285232926055737 0.005371185814423916 -0.012966156479414305 -0.012956536188526005 0.010089897213938763 0.022391700851869235 0.022802416427626416 0.010345821049416688 -0.024885849680805275 0.0017665391183580971 0.010249936912505926 -0.00088169826469959209 0.0004833290701439241 0.019598238470453912 -0.0098122589411924963 0.010612739318895958 -0.010464578529396489 0.014232472948372077 -0.0039281845798892203 -0.01240662934669986
leaf_weight=61.668958619236946 53.095942512154579 484.89416244626045 387.84230075776577 140.22020727396011 55.230078101158142 46.286065310239792 169.72187389433384 52.802879527211189 73.870407119393349 72.030032768845558 69.21688075363636 205.01777766644955 138.05044125020504 95.574835702776909 53.544365987181664 87.275470837950706 587.54327191412449 463.46256001293659 134.97510074079037 53.389948472380638 134.96944150328636 187.73566843569279 83.575745463371277 174.0560210943222 50.692817702889442 61.899616301059723 63.738922253251076 51.87427693605423 113.12418116629124 51.860542118549347 84.32290355861187 297.54605244100094 97.005151107907295 58.23443615436554 71.721008241176605 62.021200180053711 245.62550589442253 717.30504961311817 47.540636137127876 78.164817556738853 153.88397943973541 47.826798856258392 232.23833431303501 136.98889325559139 382.18822288513184 60.963476225733757 62.862418740987778 63.785731256008148 70.427746087312698 61.282108426094055 212.07868832349777 66.767628341913223 94.297403082251549 101.31764595210552 53.141734838485718 411.85871705412865 70.644813850522041 91.289083302021027 145.90095329284668 71.040174052119255 102.79390269517899 80.604402810335159
leaf_count=267 216 2187 1830 569 228 202 704 214 313 295 302 925 563 395 222 355 2485 1953 548 227 566 765 338 744 207 255 300 244 496 225 341 1202 392 235 289 250 1025 2964 202 328 784 201 962 556 1580 256 256 264 288 247 972 276 384 422 227 1778 298 370 590 287 415 326
internal_value=-5.33993e-05 -0.00620942 -0.0120774 0.0118841 -0.00957473 -0.00697055 -0.000772509 0.0013547 0.00863171 -0.00439499 -0.00541446 0.0178821 0.0050488 0.00774766 0.00908363 8.30989e-05 -0.00432498 -0.00652596 0.000924392 0.0154094 0.00401324 0.0068013 0.00271238 -0.00716631 -0.004384 0.0114218 -0.0204389 -0.00885053 0.0167192 0.00926832 0.00876015 0.00754205 0.00337938 0.0108157 -0.00220335 0.0122795 0.0131431 0.0150748 0.00266874 -0.00331405 -0.022912 -0.000681331 -0.00302876 -0.00478542 -0.00668857 0.000578497 -0.00972361 0.00491696 0.0125649 -0.000207335 -0.0214539 0.0118436 2.37066e-05 0.00592222 0.0198024 0.0174137 -0.000441248 -1.32138e-06 -0.00273082 0.00266571 0.00384147 -0.00247207
internal_weight=8992.91 5933.21 2853.48 3059.7 2196.14 1711.24 3079.73 2310.9 1983.93 1452.88 1397.65 1075.77 1442.84 1910.06 1689.23 617.132 1328.43 1051.01 376.255 870.75 277.427 241.28 529.856 768.833 594.777 1312.98 657.339 115.613 817.36 239.235 825.708 772.906 475.36 203.839 271.52 1251.08 1189.06 962.931 177.566 130.025 541.726 425.055 374.363 868.061 731.073 215.377 515.695 226.128 142.458 119.517 258.365 130.553 326.536 154.414 578.125 465 133.507 446.281 354.992 209.091 199.799 220.825
internal_count=38107 25260 12636 12847 9478 7291 12624 9422 8172 6117 5889 4675 5838 7859 6964 2503 5587 4438 1535 3750 1149 987 2148 3202 2458 5429 3158 544 3523 1022 3335 3121 1919 823 1096 5174 4924 3989 755 553 2614 1754 1547 3584 3028 894 2134 935 583 482 1174 540 1346 638 2501 2005 554 1810 1440 850 807 895
is_linear=0
shrinkage=0.03


Tree=29
num_leaves=63
num_cat=0
split_feature=83 83 83 52 5 5 64 54 33 5 29 5 64 41 53 33 65 5 64 64 41 31 70 64 67 4 4 52 26 58 29 53 28 26 1 83 65 14 5 57 29 29 52 47 40 26 38 40 14 30 52 53 52 54 54 52 47 33 90 29 54 64
split_gain=748.574 158.609 107.836 81.6664 89.6151 45.4575 34.0244 33.4426 32.9938 31.8021 37.685 29.9182 30.6342 29.0625 31.1301 26.385 31.9643 26.1215 24.2053 27.825 22.6569 24.8258 22.4013 21.7296 20.9358 20.6652 20.5202 20.1755 20.1222 20.0236 19.6803 19.5998 19.4235 22.0457 18.9485 18.6346 22.6587 21.1158 18.3568 19.669 18.2288 17.5796 17.575 16.8541 17.058 16.5881 16.5505 20.0191 23.4469 16.4803 16.4426 16.2425 16.2149 16.9991 39.3282 18.1749 16.1168 21.74 16.0252 17.5935 17.2281 15.575
threshold=0.24066998809576037 1.2923802733421328 0.02615575306117535 -0.26731328666210169 0.00088445039000362169 -0.00093361694598570455 0.93894198536872875 -0.44759947061538691 345.94508361816412 -0.00059485959354788054 0.28540015220642095 0.00078189687337726365 0.88599923253059398 -52.605850219726555 1.2379020452499392 379.59667968750006 354.50000000000006 -0.00060582856531254936 -0.87142586708068837 0.90905222296714794 -27.277956008911129 0.15250000357627871 11057.500000000002 -0.98933362960815419 295.50000000000006 -0.00071388599462807168 0.00059412678820081066 0.14318465441465381 2.3551425933837895 0.18005791306495669 -1.2362726330757139 1.200927793979645 -0.14649878442287442 1.954026520252228 -0.0004014037840534001 0.64951205253601085 -900.49999999999989 0.017050478607416156 0.00075151299824938189 24.781816482543949 0.79479312896728527 -0.81751790642738331 -0.20065379887819287 0.99775066971778881 -0.18706075102090833 1.7485553622245791 -0.080326627939939485 15.492917537689211 0.009082152973860504 0.67499998211860668 -0.032588336616754525 1.060396730899811 -0.088492546230554567 -1.8411073088645933 -1.344562768936157 0.059892246499657638 1.000610411167145 1318.4087524414065 -2.1367720365524288 -0.33884800970554346 -0.51593476533889759 -0.97485619783401478
decision_type=2 2 2 2 2 2 2 2 2 2 2 2 2 2 2 2 2 2 2 2 2 2 2 2 2 2 2 2 2 2 2 2 2 2 2 2 2 2 2 2 2 2 2 2 2 2 2 2 2 2 2 2 2 2 2 2 2 2 2 2 2 2
left_child=2 3 9 41 5 18 11 8 28 24 20 12 17 -6 27 -3 23 58 -5 34 61 46 52 -17 -1 -19 -27 -15 -7 -24 -25 -8 -12 -34 -20 36 -9 43 45 -40 -16 -2 -26 -38 50 -32 -22 -48 -49 -31 -45 -37 -10 -54 55 -55 -46 -58 -4 60 -60 -11
right_child=1 15 6 4 13 7 31 35 22 10 32 -13 -14 14 40 16 -18 25 19 -21 21 -23 29 30 42 26 -28 -29 -30 49 38 -33 33 -35 -36 51 37 -39 39 -41 -42 -43 -44 44 56 -47 47 48 -50 -51 -52 -53 53 54 -56 -57 57 -59 59 -61 -62 -63
leaf_value=-0.011288897602085341 -0.023518840928707926 -0.025882876728502438 0.0076707871373082144 0.0047330657074431352 0.0039951952494822838 -0.0075505606079569907 0.0048598904768636531 -0.015848125483277631 -0.0049257833297104 0.037836062346345928 -0.0090499884597928966 -0.0075943391138477302 -0.014876455867657791 -0.007043208208680595 0.0020396286749381595 0.0036844139054500024 0.0098424235081705745 -0.0085552464682417985 -0.0036126583631594937 0.0065796430834946561 0.024347081437646138 0.0079259314347989007 0.027699585342952276 -0.028140191511683187 -0.0035236109911994536 0.011596337655283328 -0.0012774764076239271 -0.021083942695082479 0.013014986427218522 -0.00064525936248755519 -0.0033734592652613963 0.029125026505738189 0.015177187419309046 -0.0021615530830105022 -0.019422826167530952 -0.011616542570211136 -0.0081537167956443977 -0.013780984005108804 -0.0041788599787693347 -0.027505529315105949 -0.017181770047621309 -0.012066435493060974 0.014092465467160427 -0.01373517075455764 0.01443521185615231 -0.018573413047455491 0.022677391717125184 0.019340488957424212 -0.0062585922641370901 0.017196047698031906 0.0053529672734558605 0.00025729249056419761 0.016357012488383157 0.0022389069798601771 0.013451681081391286 -0.020591263716367422 -0.0041646534659334601 0.018072439812019812 -0.0022202474461283728 0.0027472006466083693 -0.025020114206909961 0.020466237214993906
leaf_weight=56.309564277529716 187.69802862405777 300.6955928504467 115.29822443425655 92.9442989975214 88.736981421709061 245.18987892568111 50.782813310623169 72.530261412262917 132.11676329374313 49.970645621418953 56.54895643889904 213.31465618312359 69.356616631150246 118.28911609947681 137.34161841869354 43.038063243031502 42.939778178930283 60.909945070743561 91.706208810210228 60.772216320037842 235.19543151557446 324.16801418364048 77.324938490986824 141.84796504676342 71.818347319960594 699.97349186241627 132.53025007247925 416.10544820129871 51.879113212227821 81.149119675159454 144.52886027097702 73.061231359839439 222.68566428124905 93.79730136692524 266.4546392261982 294.82578755915165 97.165732949972153 71.363554999232292 41.62111459672451 148.98346045613289 65.621420204639435 337.60176874697208 175.58644019067287 70.276973381638527 210.70603887736797 116.87061353027821 108.00826743245125 58.329624027013779 71.889152780175209 109.43606400489807 96.227781817317009 159.92755952477455 125.21819978952408 61.839642539620399 148.7886765152216 63.720919504761696 134.20965288579464 56.111026361584663 57.792039439082146 107.36702139675617 61.641348496079445 661.29703702032566
leaf_count=233 861 1455 464 385 380 1002 207 294 536 224 233 868 280 501 575 200 192 245 387 251 1026 1352 313 712 293 2842 534 1858 211 330 652 301 940 389 1152 1224 393 293 196 734 289 1461 734 285 852 526 470 258 304 443 390 658 505 250 603 258 544 226 233 432 249 2885
internal_value=-0.000206133 -0.00761351 0.00986447 -0.00508986 -0.00351755 -0.00101282 0.00405503 0.000744974 0.00457797 0.0142291 0.0156828 0.00282164 0.0045244 -0.0122251 -0.0141772 -0.0184833 -0.0152104 0.00561348 -0.00911709 -0.0121899 0.0177937 0.0143221 0.00774969 -0.0168995 0.00522107 0.00831275 0.00954689 -0.017976 -0.00395906 0.0148235 -0.0183912 0.019175 0.00714477 0.0100384 -0.0153747 -0.00258231 0.000150088 0.00172653 -0.0153318 -0.0224118 -0.00417498 -0.0161586 0.00897875 0.00339145 0.00536807 -0.0101693 0.0187018 0.0131284 0.00520815 0.00959941 -0.0027036 -0.00744075 0.00418525 0.00719781 0.00301738 -0.00934721 0.0087194 0.00239137 -0.00143584 -0.00606537 -0.0139876 0.0216866
internal_weight=9031.44 5203.8 3827.63 4223.28 3697.98 2871.89 1642.03 2360.01 1096.66 2185.6 1881.89 1518.18 1304.87 826.095 737.358 980.525 679.83 1235.51 511.877 418.933 1508.86 797.59 799.594 636.89 303.714 893.414 832.504 534.395 297.069 267.91 593.852 123.844 373.032 316.483 358.161 1263.34 808.591 736.061 452.004 190.605 202.963 525.3 247.405 664.697 567.531 261.399 473.422 238.227 130.219 190.585 166.505 454.753 531.684 399.567 274.349 125.561 401.027 190.321 342.099 226.8 119.433 711.268
internal_count=38373 22377 15996 17710 15388 11785 6655 9610 4451 9341 8081 6147 5279 3603 3223 4667 3212 4999 2175 1790 6519 3410 3238 3020 1260 3621 3376 2359 1213 1086 2820 508 1562 1329 1539 5159 3277 2983 2108 930 864 2322 1027 2690 2297 1178 2058 1032 562 773 675 1882 2152 1616 1111 508 1622 770 1378 914 482 3109
is_linear=0
shrinkage=0.03


Tree=30
num_leaves=63
num_cat=0
split_feature=31 10 66 84 5 29 29 5 30 5 63 41 5 14 39 51 90 5 29 4 63 80 64 67 1 41 12 64 64 25 59 69 59 14 12 28 31 63 63 57 30 64 31 23 4 38 51 64 60 51 12 31 25 30 31 41 38 42 59 51 14 2
split_gain=578.255 166.085 98.5412 82.4474 73.9813 93.2243 66.4113 68.0269 46.9209 46.5726 37.0755 36.6455 34.2787 30.4459 31.3513 30.3472 33.4196 27.6626 27.2986 26.755 26.6533 25.8072 25.4554 25.3505 25.118 23.9634 23.456 22.7283 21.4301 21.0844 36.4313 31.3867 24.8699 21.0521 21.035 23.9449 20.8724 21.5727 23.8795 20.5696 20.3819 22.8514 20.1028 28.0268 19.5527 19.4551 18.3185 17.6774 17.5487 28.6044 45.2595 17.4935 17.0514 16.8064 17.9921 19.1036 16.2922 15.9403 15.6536 25.1784 18.277 15.5675
threshold=0.27250000834465032 0.13510215282440188 656.50000000000011 1.0000000180025095e-35 0.0014756770106032493 -0.97107404470443714 -0.59946727752685536 0.00048864472773857426 0.22500000149011615 -0.0013579669175669549 0.96976330876350414 -99.052349090576158 -0.000836543331388384 0.026262586936354641 0.15596702694892886 0.085249561816453948 -1.0563466548919676 -0.00059485959354788054 0.59238862991333019 -0.00064868264598771919 -0.75039777159690846 26.060076713562015 -0.8959035575389861 475.50000000000006 0.00014001645467942583 4.8647642135620126 0.028575568459928039 0.67074871063232433 -0.99115538597106922 21.450428009033207 -0.25391118228435511 17323.500000000004 1.4968557357788088 0.013508492149412634 0.0094555867835879343 -0.95612415671348561 0.12749999761581424 0.9556623399257661 -0.46368156373500818 19.98427772521973 0.32500000298023229 0.7702331840991975 0.75749999284744274 2.5000000000000004 0.00059412678820081066 -0.028451561927795407 0.063419211655855193 -0.93743178248405445 5.2681565284729013 0.032817682251334197 0.0064439051784574994 0.55250000953674328 43.371393203735359 0.72499999403953563 0.94749999046325695 -17.319731712341305 -0.017095487564802166 39.264469146728523 0.66282731294631969 0.035365279763937003 0.012587107717990877 -8.4613591752713533e-05
decision_type=2 2 2 2 2 2 2 2 2 2 2 2 2 2 2 2 2 2 2 2 2 2 2 2 2 2 2 2 2 2 2 2 2 2 2 2 2 2 2 2 2 2 2 2 2 2 2 2 2 2 2 2 2 2 2 2 2 2 2 2 2 2
left_child=3 2 6 10 5 40 21 17 15 -10 11 -1 -13 14 -11 16 -7 46 29 -19 25 -2 23 -6 27 39 -15 -9 -16 33 -31 32 34 -14 35 -32 37 38 -22 -5 41 47 43 -23 45 -21 61 -3 49 50 -47 -17 -40 -30 55 -55 -36 -24 59 -41 -60 -8
right_child=1 4 -4 20 22 8 7 24 9 13 -12 12 18 26 28 51 -18 19 -20 44 36 42 57 -25 -26 -27 -28 -29 53 30 31 -33 -34 -35 56 -37 -38 -39 52 58 -42 -43 -44 -45 -46 48 -48 -49 -50 -51 -52 -53 -54 54 -56 -57 -58 -59 60 -61 -62 -63
leaf_value=0.02974493203817288 -0.01635648998861609 -0.005060191415920799 0.019333644878836057 0.017286649589119043 0.0092069900471187429 0.0038976934250243502 -0.001865736081293333 -0.013796338115787466 -0.021468129396893156 0.014431374795604074 0.030936540333681806 -0.010596992421990645 -0.010989986516918411 0.021137566853944384 0.0082627717414281501 0.027080505927277097 -0.014597771940817367 -0.0070412601373189866 -0.0095832916239619141 0.011999026435252568 0.039778045264271568 0.0087399590914686229 -0.026833817230628422 -0.019782359456016873 -0.00111242522825515 0.028373546751124273 -0.0068056001759230411 0.001964100777560646 -0.017048014068594412 0.027459022042932879 0.034277447278177262 -0.0072314104809887668 -0.008041001640568167 0.010828341654772377 0.012721940679119853 0.01278506218833938 0.012475413176093617 0.037641877056025362 0.024237466183035069 -0.010571915396794477 -0.035931832761516014 -0.0027011152850844496 -0.015930419792427208 -0.014597489723878103 -0.0029490159982465802 0.0081646320462844518 0.010311010924111517 -0.026482616528985436 0.012049770051119235 0.0066597142565887378 -0.028339093644677377 0.0061084357405209525 0.013747510059995671 0.0030788064453701482 -0.024078165081015495 -0.012296959476786927 -0.0026665040302259945 -0.007805744468164821 0.0065828416866126876 0.01406917739271284 -0.019445255025200552 -0.015078724842543115
leaf_weight=50.443584710359573 355.94108010828495 42.042038187384605 200.36709594726562 142.43956775963306 43.76069164276123 229.77677629888058 251.91748450696468 449.81552039086819 216.5863122344017 51.588152140378952 50.330901250243187 135.15303288400173 105.06416609883308 61.599755197763443 54.008735403418541 49.09618353843689 142.42467224597931 142.19083750247955 99.213808670639992 565.16120514273643 50.034355610609055 136.39833922684193 361.84310556948185 71.518930315971375 411.35651588439941 58.125231042504311 48.184263750910759 100.80727787315845 269.510113671422 85.365219354629517 57.581099614500999 120.71820294857025 65.08373287320137 64.073937430977821 124.70989091694355 245.83884505927563 328.33292789757252 68.500842913985252 240.93312175571918 49.091704249382019 74.6229577511549 65.259180814027786 93.826605528593063 70.124216184020042 163.37907949090004 56.580388277769089 73.632777094841003 197.63996669650078 158.62745305895805 209.84051232039928 66.49311363697052 132.14018498361111 331.13669790327549 153.24113500118256 47.781115487217903 138.41270822286606 122.98332588374615 44.49569807946682 48.442485764622688 155.65065188705921 48.681182682514191 117.77030101418495
leaf_count=206 1537 198 836 621 196 955 1042 1890 960 220 207 556 427 254 231 200 600 580 407 2302 219 572 1736 350 1716 250 203 420 1166 347 237 490 264 260 505 1003 1401 317 1067 211 374 308 417 296 666 230 301 969 646 855 271 549 1456 647 217 590 497 212 207 663 202 489
internal_value=-1.9334e-05 -0.00521616 -0.00111513 0.0111478 -0.011172 -0.00851673 -0.00231181 -0.00027719 -0.00533567 -0.00908833 0.00568147 0.00468548 0.00365424 -0.00583562 -0.00809554 0.00172239 -0.00317969 0.0031559 0.00542027 0.00527419 0.0159143 -0.0108918 -0.0212202 -0.00877786 -0.00672095 0.0102595 0.0088733 -0.0109109 -0.00984848 0.00692172 0.00890591 0.0067567 0.00949709 -0.00272463 0.0115682 0.0168637 0.0187026 0.0216632 0.0199037 0.00788974 -0.0218787 -0.0184397 -0.00441559 0.000815787 0.00670945 0.00820277 -0.00335335 -0.022725 0.00383794 -7.48502e-05 -0.0115573 0.0117897 0.0181655 -0.0114548 -0.00701382 -0.0042182 0.00508135 -0.0247502 0.00345569 0.00816091 -0.00646319 -0.00607496
internal_weight=8967.69 6119.76 3624.23 2847.93 2495.53 1973.91 3423.86 2767.57 1594.35 1040.91 1326.56 1276.23 1225.79 824.326 714.542 553.438 372.201 1805.59 1090.63 1362.27 1521.37 656.29 521.618 115.28 961.979 502.431 109.784 550.623 662.954 991.418 822.28 736.915 616.197 169.138 551.113 303.42 1018.94 690.605 622.104 444.306 379.564 304.941 300.349 206.523 1220.08 1056.7 443.321 239.682 491.541 332.914 123.074 181.236 572.07 608.945 339.435 291.654 247.693 406.339 301.866 204.742 97.1237 369.688
internal_count=38221 26201 15066 12020 11135 8641 14230 11408 6792 4488 5406 5199 4993 3528 3071 2304 1555 7382 4437 5550 6614 2822 2494 546 4026 2154 457 2310 2851 4030 3343 2996 2506 687 2242 1240 4460 3059 2742 1904 1849 1475 1285 868 4970 4304 1832 1167 2002 1356 501 749 2523 2620 1454 1237 1002 1948 1283 874 409 1531
is_linear=0
shrinkage=0.03


Tree=31
num_leaves=63
num_cat=0
split_feature=83 83 83 52 52 12 40 41 53 52 4 65 52 4 70 56 26 64 10 13 27 70 61 77 17 63 63 64 44 9 11 18 12 65 32 26 28 68 12 12 56 59 77 83 70 61 27 32 44 52 63 56 56 56 26 26 44 64 23 77 61 28
split_gain=705.503 123.478 118.145 71.503 64.2069 41.1184 37.1827 35.8761 34.8775 33.1553 28.362 27.7508 26.7307 26.1478 28.9998 25.4371 23.7309 23.2178 27.7168 24.4258 22.9733 22.9326 22.7355 22.6963 26.4865 21.9261 21.9052 32.7831 25.8994 21.664 32.9222 21.5398 21.3572 20.2807 20.0834 20.8811 19.7071 19.3612 17.8669 17.7364 17.7065 17.3753 17.1804 18.3515 16.8774 16.3426 16.2501 16.176 16.0343 15.6393 15.586 17.346 19.4601 15.4542 16.747 18.9925 17.9327 15.3268 16.1246 14.806 14.7248 14.7207
threshold=0.30877029895782476 1.2428888678550722 0.058088766410946853 -0.262771725654602 0.16239389777183535 0.010554650798439981 27.147698402404789 -63.824895858764641 1.1002731919288637 -0.074232209473848329 -0.00063684952328912903 354.50000000000006 0.15387640148401263 0.0010869750403799119 4964.5000000000009 8.4401888847351092 0.8771759867668153 -0.90722548961639393 0.11988709867000581 0.012705599423497917 -0.21081939339637754 2357.5000000000005 -1.386652886867523 0.1171633116900921 26.45436000823975 0.98120620846748363 0.32350382208824163 -0.79202145338058461 -4.3122997283935538 -0.00070170024991966773 0.11062736436724664 64.478500366210952 0.010554650798439981 -683.49999999999989 0.62749999761581432 1.1547893881797793 0.98782441020011913 1.0000000180025095e-35 0.011189272627234461 0.012270773295313122 11.196866989135744 0.63628068566322338 -0.10782700404524802 0.72012710571289074 5810.5000000000009 3.6974588632583623 0.92886462807655346 0.70749998092651378 -8.5602416992187482 -0.17387241125106809 0.891992747783661 4.2586684226989755 9.5335445404052752 4.4203510284423837 1.7580993771553042 0.84779247641563427 -3.8713417053222652 -0.050157042220234864 2.5000000000000004 -0.19756754487752912 4.0219132900238046 0.95436224341392528
decision_type=2 2 2 2 2 2 2 2 2 2 2 2 2 2 2 2 2 2 2 2 2 2 2 2 2 2 2 2 2 2 2 2 2 2 2 2 2 2 2 2 2 2 2 2 2 2 2 2 2 2 2 2 2 2 2 2 2 2 2 2 2 2
left_child=2 3 5 59 9 20 15 -6 16 29 -4 17 25 14 21 23 -9 19 -19 -3 50 45 -16 24 -7 26 28 -28 48 32 44 -10 -5 -18 35 -29 -21 -26 61 -37 46 -23 47 -44 -31 -11 -40 -32 60 -30 51 -1 -53 -14 55 -55 -56 58 -17 -2 -12 -24
right_child=1 11 10 4 7 6 -8 8 31 13 12 -13 53 -15 22 57 33 18 -20 36 -22 41 38 -25 37 -27 27 34 49 30 42 -33 -34 -35 -36 39 -38 -39 40 -41 -42 -43 43 -45 -46 -47 -48 -49 -50 -51 -52 52 -54 54 56 -57 -58 -59 -60 -61 -62 -63
leaf_value=0.024160732286551578 -0.020475402963413731 0.0085458277242336685 -0.0050247508096421152 0.01480911024996706 0.0087963373272132162 -0.0015999634426746786 -0.014520976963000145 -0.0012605370060328135 0.014095219610332462 -0.004046811076263675 -0.0010353161157175162 0.0012122046276120998 -0.017970034865507162 -0.013817651174829339 0.019189339543343405 0.019959386135059015 -0.006246509630125947 -0.0048949238693691772 -0.022652138244997008 -0.022928100182304186 0.021384184062006074 -0.0049992600712879739 0.012852360734225545 -0.0043909032955275033 0.0054486954698545588 0.022500258063751034 -0.015116750771795966 0.00026214480626580219 0.0011220183570220615 -0.011368148423156315 -0.02207602962390914 -0.0077261702182035187 -0.0035109300719788853 -0.022731689583912251 -0.0099238511401164801 0.024000407449202298 0.0016164530035295841 0.017508833508314354 -0.0052340361038853032 0.0037368166061937068 0.012869342423030982 -0.025009888852480712 -0.013542819030936725 0.0042240911691934554 0.0076938087587910108 0.018144707958112471 0.01285593137379144 -0.0058540081969051579 -0.0082374977299370204 0.016918350278615484 0.024420261026106126 0.0067015998899197533 0.024382033185606056 0.0093316727004791444 -0.0045743768420338322 -0.01147087049112842 0.019353043530678279 0.026086039825440478 0.0025858394648542878 -0.0096694947579094217 0.019635965005852421 -0.0011193015427453004
leaf_weight=80.686877235770226 287.1095100492239 52.070860221982002 312.03735700249672 81.310553580522537 79.672306299209595 144.21727183461189 56.356597557663918 73.436732530593872 48.110515013337135 72.812493205070496 68.561522632837296 69.947531878948212 48.93349201977253 85.967197313904762 103.87078236043453 111.5783978253603 82.481557101011276 89.254597067832947 696.10100288689137 97.62322773039341 593.30407825112343 113.83137138187885 264.75197345018387 121.02019970118999 192.32507386803627 77.618469566106796 90.33685527741909 154.11091461777687 67.933905556797981 59.120071038603783 190.70910254120827 264.73027934134007 193.71085870265961 361.6717503964901 67.092644289135933 95.075482606887817 42.153881058096886 317.71567346155643 308.41185826063156 65.766683459281921 81.509332910180092 59.448330298066139 122.86345399916172 91.132044151425362 142.72030401229858 50.637842744588852 52.264707133173943 77.929411828517914 90.916059285402298 332.4986182898283 95.489449143409729 410.25014096498489 64.889322102069855 56.162704810500145 48.967465192079544 133.13127021491528 66.437204033136368 119.99802507460117 84.481733083724976 189.40124408900738 56.631020903587341 91.265762627124786
leaf_count=349 1311 242 1265 330 333 594 232 317 199 297 279 316 201 357 422 473 346 394 3407 470 2592 464 1070 499 805 316 366 626 275 250 813 1140 799 1596 272 386 203 1350 1271 266 334 246 505 377 597 207 213 329 369 1351 420 1773 281 230 201 545 272 516 360 821 230 372
internal_value=5.93873e-05 -0.00796609 0.00894641 -0.0053486 -0.00371233 0.0133369 0.00924118 -0.0104335 -0.0122785 -0.000986714 0.00321369 -0.0170419 0.00490475 0.00216444 0.00331052 0.0104683 -0.0170583 -0.0183485 -0.0206341 -0.00899247 0.0171138 -0.00482499 0.00598663 0.0075439 0.00975152 0.00709505 0.00599697 0.00113592 0.00972142 -0.00520613 -0.00806354 -0.00437035 0.00190542 -0.0196703 0.00497896 0.00815362 -0.015526 0.0129612 0.00426856 0.0157148 0.000241175 -0.0118645 -0.0123184 -0.00597661 0.00211046 0.00505588 -0.00261267 -0.0173702 0.00135164 0.0142385 0.0132237 0.0113001 0.0091162 -0.00232052 0.000192738 -0.00529885 0.00920038 0.0176416 0.0124732 -0.0161803 0.00831537 0.0092707
internal_weight=8902.56 4678.03 4224.52 3630.88 3154.37 2392.31 1147.69 910.103 830.431 2244.27 1832.21 1047.15 1520.17 1284.77 1198.8 1091.34 517.59 977.204 785.356 191.848 1244.62 296.73 902.074 775.278 654.258 1166.54 1088.92 472.383 616.541 959.496 684.474 312.841 275.021 444.153 382.046 314.953 139.777 510.041 798.204 160.842 442.186 173.28 482.634 213.995 201.84 123.45 360.677 268.639 216.109 400.433 651.316 555.826 475.139 353.632 304.699 189.294 115.405 316.058 196.06 476.511 125.193 356.018
internal_count=38042 20348 17694 15316 13184 10244 4829 3931 3598 9253 7450 5032 6185 5253 4896 4597 2259 4716 3801 915 5415 1214 3682 3248 2749 4736 4420 1916 2504 4000 2871 1339 1129 1942 1550 1278 673 2155 3260 652 1818 710 2024 882 847 504 1484 1142 878 1626 2823 2403 2054 1449 1248 775 473 1349 833 2132 509 1442
is_linear=0
shrinkage=0.03


Tree=32
num_leaves=63
num_cat=0
split_feature=31 10 84 52 29 65 61 52 64 65 63 82 42 63 40 57 10 29 70 25 31 52 65 29 70 25 57 61 33 70 29 70 70 80 81 17 29 63 33 51 57 40 57 70 65 44 17 69 57 57 64 57 61 69 64 64 44 40 64 64 57 51
split_gain=496.12 128.511 84.5044 74.9514 93.0414 67.7702 53.1757 43.8173 42.0202 39.0061 37.9104 37.4095 39.2443 28.7107 28.5443 30.9262 24.8176 24.395 24.2835 23.6592 23.2455 22.8778 28.2399 22.78 22.7559 22.856 22.736 22.9581 36.2638 22.4516 22.3825 21.7047 21.205 21.1647 21.1615 21.0527 20.3199 20.009 19.9138 24.3321 19.6941 19.2116 19.0936 30.9551 18.9598 18.9151 18.3658 17.8293 19.54 17.8134 17.0049 16.7771 18.5732 20.0909 16.7146 18.0084 16.6099 16.3695 17.3543 16.4241 16.3232 19.8928
threshold=0.31250000000000006 0.11988709867000581 1.0000000180025095e-35 0.28744994103908544 -0.93283227086067189 348.50000000000006 -3.6968472003936763 -0.15430410206317899 -0.85149618983268727 354.50000000000006 0.96759679913520824 50.264993667602546 9.0516161918640154 -0.75039777159690846 -20.17571926116943 32.833087921142585 0.087164156138896956 0.95454317331314098 22125.500000000004 49.475839614868171 0.046250000596046455 -0.31263391673564905 -271.49999999999994 -0.25052930414676661 18394.500000000004 86.537265777587905 46.402479171752937 7.6655378341674814 345.94508361816412 6343.5000000000009 0.59238862991333019 6457.5000000000009 4151.5000000000009 14.957950115203859 0.23641259223222735 82.646514892578139 -0.63588276505470265 -0.7238691747188567 395.43945312500006 0.097032912075519576 15.019183635711672 10.124906539916994 19.842728614807132 19764.500000000004 -773.49999999999989 0.32340365648269659 49.755424499511726 6450.5000000000009 45.367223739624031 51.764867782592781 0.98995971679687511 25.591672897338871 -0.25159053504467005 4531.5000000000009 -0.90722548961639393 -0.97768935561180104 -7.9326150417327872 4.96323585510254 0.10669767111539842 -0.76744312047958363 17.223442077636722 0.029931137338280681
decision_type=2 2 2 2 2 2 2 2 2 2 2 2 2 2 2 2 2 2 2 2 2 2 2 2 2 2 2 2 2 2 2 2 2 2 2 2 2 2 2 2 2 2 2 2 2 2 2 2 2 2 2 2 2 2 2 2 2 2 2 2 2 2
left_child=2 5 10 4 19 7 -6 23 21 17 14 12 45 34 33 18 44 38 30 -3 56 -8 26 40 25 -17 -23 28 -28 35 36 -7 -18 -1 42 -13 -16 -20 49 -40 -2 -25 -4 -44 -14 -9 -46 57 -49 -10 -11 -34 -53 -54 55 -5 -15 58 59 -31 61 -38
right_child=1 3 13 54 6 31 8 11 9 50 -12 29 16 20 15 24 32 -19 37 -21 -22 22 -24 41 -26 -27 27 -29 -30 47 -32 -33 51 -35 -36 -37 60 -39 39 -41 -42 -43 43 -45 46 -47 -48 48 -50 -51 -52 52 53 -55 -56 -57 -58 -59 -60 -61 -62 -63
leaf_value=0.02871815085102097 -0.030214069080109734 -0.015658858975662417 0.020746105624593041 -0.023671518937025782 0.018092196806649124 0.0066088124039099683 -0.01890188184154867 0.004807154692347531 -0.0088439088448229262 0.02219037878012901 0.025082992413335094 -0.0033391137392914756 -0.0078625361942906789 0.014733948038920889 -0.011546059710865229 0.0010785887436655941 -0.020525807537905526 -0.021340469055281475 0.00059593304090607712 -0.031209423766894274 0.014217665735566784 0.015475872134436183 -0.013888585057484071 -0.0067028600650249912 -0.021864846555290633 -0.020415997366023557 -0.0065631660017432415 -0.014351543574487442 0.021113514376989283 0.0056858603445871878 -0.01688567297625309 0.027518321069906881 0.0073286499738964518 0.0081809080043335116 -0.0077369135745508728 -0.019765276661065253 0.0011170888205854514 0.024162813187425223 -0.0070434090315146976 0.010243821620542057 -0.0096975326156551953 0.016214252797874789 0.011195991278548435 -0.014051784880307967 0.0023092137401567719 0.017819231336602674 0.016789834823285082 0.022023925830276889 -0.0023936227104637401 -0.020581300092549163 -0.0017106287429961274 -0.022987926145414526 -0.012126368700482381 0.0079472135378794752 -0.024050618251237159 0.0035460880625397904 0.028308124975515655 -0.012117457732625996 0.012286099151550755 -0.018693552578931513 0.0026101200363876221 0.022647743766996013
leaf_weight=53.796225294470787 46.636003389954567 352.61896462738514 127.20765137672424 41.612300366163254 87.641969203948975 86.203893169760704 44.411184445023537 197.11358335614204 347.83781908452511 48.864833161234856 78.776373311877251 141.75881463289261 79.154763609170914 124.62067125737667 65.569725275039673 299.68073061108589 67.864324137568474 143.26558127999306 49.042468070983887 117.36113308370113 723.94388875365257 159.94615943729877 70.303192913532257 85.773570165038109 61.710634797811508 52.291799023747444 89.608057707548141 64.998662263154984 81.233208045363426 49.294363707304001 49.152582749724388 92.753829583525658 112.40307682752609 281.37096802890301 62.290235504508018 139.15637797117233 64.044105648994446 95.68359699845314 663.55165621638298 82.374395340681076 433.74139232933521 53.429436653852463 260.73764905333519 52.505787909030914 183.5856558829546 205.22799153625965 138.14357973635197 56.834873124957085 61.3191287368536 174.87738934159279 59.305508494377136 50.001615196466446 91.805826336145401 87.77965335547924 339.28455322980881 46.134643271565437 232.47741550207138 136.78362989425659 78.00675705075264 50.194153860211372 358.48644381761551 97.291805535554886
leaf_count=220 202 1717 563 207 361 360 196 806 1502 204 325 581 323 566 272 1219 277 682 201 582 3150 668 303 350 251 214 389 276 337 204 203 387 459 1152 261 591 262 392 2805 342 1864 218 1117 225 749 840 564 236 253 764 248 205 374 358 1653 214 1050 573 321 210 1457 397
internal_value=0.000151119 -0.00512052 0.00963507 -0.00938778 -0.00746654 -0.000398712 -0.00478728 -0.00165302 -0.00577478 -0.00827574 0.00478807 0.000578938 0.00378478 0.0145528 0.00374184 0.00156853 -1.64284e-05 -0.0096059 0.00508789 -0.0195421 0.0173073 0.00167211 0.0036325 -0.00859274 -0.005061 -0.00211482 0.00674476 0.000823333 0.0065968 -0.00487274 0.00255873 0.0174462 -0.00520748 0.0114773 0.00862978 -0.0114761 0.00419138 0.0161768 -0.00828074 -0.00513434 -0.0116893 0.00209327 0.0109444 0.00696397 0.00529078 0.0114444 0.00852688 -0.000583085 0.0093518 -0.0127707 0.0090864 -0.00216772 -0.00681703 -0.00231459 -0.0210322 -0.00936134 0.023571 -0.00431813 0.00169228 -0.00661409 0.00617649 0.0141009
internal_weight=8930.88 5740.2 3190.68 3015.23 2588.2 2724.97 2118.22 2546.01 2030.58 1520.08 1606.9 1926.43 1213.08 1583.78 1528.12 1192.95 810.738 1411.91 779.271 469.98 1081.04 510.5 466.089 619.58 413.683 351.973 395.786 235.84 170.841 713.348 634.545 178.958 409.854 335.167 502.741 280.915 585.392 144.726 1268.64 745.926 480.377 139.203 440.451 313.243 400.884 402.342 321.729 432.433 118.154 522.715 108.17 341.99 229.587 179.585 427.031 87.7469 357.098 314.279 177.495 99.4885 519.822 161.336
internal_count=38252 24755 13497 13450 11376 11305 9077 10558 8716 6547 6565 7924 4955 6932 6240 4868 3309 6095 3184 2299 4766 2169 1973 2634 1684 1433 1670 1002 726 2969 2591 747 1673 1372 2166 1172 2388 593 5413 3147 2066 568 1905 1342 1636 1646 1313 1797 489 2266 452 1396 937 732 2074 421 1616 1308 735 414 2116 659
is_linear=0
shrinkage=0.03


Tree=33
num_leaves=63
num_cat=0
split_feature=31 10 66 77 77 53 63 41 31 41 10 51 17 66 12 25 25 65 66 17 33 77 63 77 60 63 63 65 65 59 51 17 28 63 12 57 63 47 65 70 26 80 51 10 38 69 70 14 44 17 12 31 63 16 8 63 41 11 40 28 54 63
split_gain=490.052 163.178 81.7281 52.7251 79.4449 50.0551 49.4128 51.0199 46.8478 42.5193 35.1967 34.6074 34.314 33.8216 31.4627 31.0922 32.6922 30.1094 31.753 25.1981 25.0358 25.02 30.2428 24.9328 23.6364 23.5867 67.6979 34.0428 50.8258 30.9483 27.5785 26.8222 23.1383 22.3752 23.5431 21.3451 21.0411 19.4365 19.3762 18.7363 20.4455 17.9323 18.2858 21.3804 19.9883 17.6355 16.9999 25.2514 39.941 16.9396 21.9885 16.4053 16.2475 17.8408 16.1921 16.1904 16.0982 15.9403 15.4101 15.199 18.329 15.1676
threshold=0.27250000834465032 0.13414333760738376 656.50000000000011 -0.21709526330232617 0.13061463087797168 0.72183042764663707 0.95819556713104259 -109.37187576293944 0.042500000447034843 -16.92709922790527 0.091745704412460341 0.082121647894382491 82.646514892578139 656.50000000000011 0.033371675759553916 29.484158515930179 83.857028961181655 241.50000000000003 495.50000000000006 34.237176895141609 144.06536102294925 -0.096311040222644792 0.72687268257141124 -0.18560015410184857 4.4171857833862314 -0.7589854598045348 -0.55011510848999012 -791.49999999999989 -665.49999999999989 1.5936498045921328 0.031129873357713226 25.082938194274906 0.78356802463531505 -0.8153785467147826 0.019890909083187584 42.219388961791999 -0.90164175629615773 1.003886938095093 221.50000000000003 6571.5000000000009 1.4330188632011416 30.945851325988773 0.029713853262364868 0.062873769551515593 -0.060409210622310631 893.50000000000011 9866.5000000000018 0.010969467461109163 -2.4501448869705196 78.244953155517592 0.013351320289075376 0.70749998092651378 -0.16719855368137357 14.755903720855715 -0.0014219340519048271 0.19722913205623629 -2.1850836277008052 0.66568389534950267 6.6994943618774423 -0.62726634740829457 -1.0000000180025095e-35 -0.75039777159690846
decision_type=2 2 2 2 2 2 2 2 2 2 2 2 2 2 2 2 2 2 2 2 2 2 2 2 2 2 2 2 2 2 2 2 2 2 2 2 2 2 2 2 2 2 2 2 2 2 2 2 2 2 2 2 2 2 2 2 2 2 2 2 2 2
left_child=6 2 5 -3 11 9 7 -1 61 23 41 13 21 20 15 -13 19 18 25 -17 -5 22 36 -2 -25 27 -27 -10 30 31 -29 -28 49 -22 39 37 -12 38 -6 40 -35 42 44 -44 -7 -23 59 -48 -49 50 -30 -45 -38 -54 -26 -4 58 -37 -41 60 -33 -9
right_child=1 3 55 4 35 10 -8 8 17 -11 12 14 -14 -15 -16 16 -18 -19 -20 -21 33 45 -24 24 54 26 29 28 32 -31 -32 46 -34 34 -36 57 52 -39 -40 56 -42 -43 43 51 -46 -47 47 48 -50 -51 -52 -53 53 -55 -56 -57 -58 -59 -60 -61 -62 -63
leaf_value=0.037389002136987849 -0.021796618685435636 -0.021146518992644511 0.012923107185210709 -0.023189996845291619 -0.021420543126783792 0.0047668932017587732 0.025333388855004812 0.010865477697959017 -0.018501252660698415 -0.019748701158634977 -0.016420028477623291 0.015727140458178891 -0.013739968164304081 0.014153164693236471 -0.010968552843327182 -0.023537313973677698 0.019284909429537669 0.020666653830394913 -0.010140584727689915 0.0014261650634419605 -0.019278648172143163 -0.012272521976379853 -0.01748616707987477 -0.0081093850245546016 -0.0031905338399354352 0.030044169470266235 -0.0024966206327715654 0.0060643359006338693 0.0041764303483148172 -0.016679504464499569 0.027911378542355883 0.030685157301590271 0.012355068002839554 -0.018135220462514104 -0.01638752002655124 -0.0067910534273111734 0.013333532367731032 0.00016380946152047714 -0.00076071753404950595 0.00072919023663928055 0.00070116165299942759 0.013017422979682355 0.016784569286364088 0.0011222047858969934 -0.01372153129626341 0.0034457530686872687 0.026769197215149514 -0.01291067347547537 0.020443929144050646 -0.018998115421271684 -0.013513463123999399 0.016933861232968101 0.0075242651851807384 -0.012084441425185673 0.015893988325820348 0.032452127495160264 -0.013993053486688074 -0.026067581315718288 0.018087285165016398 0.0037547608952764795 0.0047534611141944252 0.02034410442674358
leaf_weight=56.885788708925247 57.22092467546463 368.7526898086071 150.05212007462978 108.97548693418503 179.81528617441654 94.242819994688034 184.74020847678185 284.36525355279446 64.833593890070915 228.74666088819504 66.039996519684792 162.585628464818 231.82139874994755 56.881323575973511 135.21523456275463 62.114068657159805 49.129893615841866 125.11091829836369 110.41333582997322 87.87743216753006 131.02012877166271 70.473327398300171 155.63444907963276 173.0275876224041 69.531945556402206 124.86713226139545 179.89263319969177 109.15186037123203 184.87161037325859 49.089157566428185 99.323510035872459 47.185439586639404 85.942085161805153 119.42458556592464 148.29787191748619 45.050811201334 84.446283116936684 83.259770944714546 52.868514820933342 232.86706866323948 91.67087958753109 161.77934095263481 107.24220275878906 692.02381861209869 119.18510094285011 726.55507810413837 118.69890783727169 51.821670472621918 85.820225462317467 63.802019283175468 96.118743419647217 64.567433819174767 79.275625184178352 88.243769556283951 94.241595953702927 51.258089035749435 51.813232079148293 269.97821891307831 57.37063330411911 328.16145627200603 51.095270946621895 326.2654667943716
leaf_count=248 252 1779 628 477 860 391 812 1242 269 958 295 681 1005 237 612 264 207 531 456 370 588 290 675 714 286 525 748 455 766 206 411 206 351 525 657 199 358 392 243 1001 393 663 447 2847 493 2984 504 215 359 264 395 267 341 371 389 217 228 1304 244 1385 217 1466
internal_value=2.24172e-05 -0.00478966 -0.000671908 -0.0106744 -0.00885824 -0.00178294 0.0103333 0.00928515 0.00866713 -0.00946064 -3.88636e-05 -0.0050912 -0.00312569 -0.00831123 0.00137785 0.00599325 -0.00195461 0.00642296 0.00546026 -0.00891164 -0.00966851 -0.00118922 -0.00665009 -0.00348798 -0.000377423 0.00644984 0.00932779 0.00221236 0.00431329 0.00649066 0.0164729 0.00780912 -0.00157195 -0.00789845 -0.00577279 -0.0177851 -0.00134682 -0.0122754 -0.0167264 -0.002927 -0.00995528 0.0037043 0.00230569 0.00424848 -0.00555765 0.00205594 0.0105244 0.0166299 0.00788604 -0.00504336 -0.00187478 0.00247157 0.00260385 -0.00280496 0.00779143 0.0178956 0.00141049 -0.0233109 0.00416033 0.00685425 0.0172035 0.01593
internal_weight=8889.03 6060.58 3565.61 2494.97 2126.22 3364.3 2828.46 2643.72 2586.83 622.769 2741.53 1495.24 1502.49 998.321 496.922 361.707 199.121 1976.2 1851.09 149.992 941.44 1270.67 473.64 394.022 336.801 1740.68 1036.63 704.043 639.21 911.765 208.475 862.676 430.734 832.464 701.444 630.973 318.006 315.944 232.684 553.146 211.095 1239.04 1077.26 863.833 213.428 797.028 682.783 256.341 137.642 344.792 280.99 756.591 251.966 167.519 163.774 201.31 342.051 315.029 290.238 426.442 98.2807 610.631
internal_count=38163 26132 14871 11261 9482 14026 12031 11219 10971 2599 11427 6484 6319 4350 2134 1522 841 8263 7732 634 4113 5314 2040 1641 1389 7276 4365 2911 2642 3840 866 3634 1776 3636 3048 2998 1365 1495 1103 2391 918 5108 4445 3561 884 3274 2886 1078 574 1425 1161 3114 1070 712 675 845 1473 1503 1245 1808 423 2708
is_linear=0
shrinkage=0.03


Tree=34
num_leaves=63
num_cat=0
split_feature=83 83 83 52 5 64 64 5 5 5 59 63 63 60 53 5 5 77 5 42 73 29 70 64 63 31 77 18 52 67 17 2 5 67 52 81 83 28 18 77 83 78 70 2 64 17 80 64 64 31 23 64 64 25 52 90 9 53 40 32 25 47
split_gain=552.11 122.7 73.4712 57.72 63.8406 33.3192 32.3386 31.5758 29.4951 29.2527 28.4402 29.963 27.7557 27.7396 26.5434 25.5446 34.506 25.0418 36.3104 23.8034 23.2824 22.9493 22.3751 22.095 21.9537 26.6463 22.5233 33.3959 26.1722 20.0602 19.7814 19.496 20.7129 19.4154 20.1539 19.1843 18.546 18.2407 22.4334 26.0568 17.7501 16.5798 16.1367 15.9867 15.8277 16.9768 15.6861 15.2246 14.8741 14.7447 18.0292 14.1696 14.1047 15.4528 13.4876 14.1145 17.1359 13.3292 13.2525 15.2852 13.1084 14.6129
threshold=0.26083885133266455 1.2145466208457949 0.0070535871200263509 -0.262771725654602 0.00090214307419955741 -0.99674141407012928 0.9556623399257661 -0.00093361694598570455 0.00069463954423554252 -0.00048097991384565825 -0.18604583293199536 0.1326885595917702 -0.99280729889869679 12.54214382171631 1.060396730899811 0.00072263661422766756 -0.00027349703304935241 -0.24053423851728437 0.00073688718839548539 38.768623352050788 0.7466215491294862 0.31411573290824896 9866.5000000000018 -0.87142586708068837 -0.87777194380760182 0.8725000023841859 0.18676228821277621 75.288463592529311 0.12741504609584811 695.50000000000011 89.319477081298842 0.00029610810452140873 0.0016456681769341233 605.50000000000011 0.13227381557226184 0.25386027991771704 0.75670284032821666 0.98782441020011913 19.118350982666019 -0.1530719920992851 0.65568822622299205 0.036058716475963599 3775.5000000000005 -0.0001042063086060807 -0.97768935561180104 79.676105499267592 22.599125862121586 -0.8959035575389861 -0.84455960988998402 0.33750000596046453 2.5000000000000004 -0.90722548961639393 0.45593219995498663 43.371393203735359 -0.078980982303619371 -2.5825452804565425 0.0021842954447492961 1.1721063256263735 16.291166305541996 0.087500002235174193 75.868755340576186 0.9998253881931306
decision_type=2 2 2 2 2 2 2 2 2 2 2 2 2 2 2 2 2 2 2 2 2 2 2 2 2 2 2 2 2 2 2 2 2 2 2 2 2 2 2 2 2 2 2 2 2 2 2 2 2 2 2 2 2 2 2 2 2 2 2 2 2 2
left_child=2 3 8 46 6 -4 7 23 9 57 -8 -12 -9 24 31 16 20 -3 37 51 52 44 -23 -5 36 26 27 28 40 33 43 -6 -33 34 -18 41 58 38 39 -19 54 -29 -31 -16 -11 -46 60 -45 -27 50 -44 -20 -7 -54 -26 -56 -57 -1 59 -14 61 -2
right_child=1 17 5 4 14 15 10 12 -10 21 11 -13 13 -15 30 -17 29 18 19 -21 -22 22 -24 -25 25 48 -28 35 -30 42 -32 32 -34 -35 -36 -37 -38 -39 -40 -41 -42 -43 49 47 45 -47 -48 -49 -50 -51 -52 -53 53 -55 55 56 -58 -59 -60 -61 -62 -63
leaf_value=0.0034272691801113322 -0.006307029675499151 -0.025474749445906393 0.029566411076446784 0.005072710323972475 -0.02131923825072491 0.0060248457467427909 0.029395778976482139 -0.0170799245127677 0.0018257630396192233 0.03034183670717807 -0.0037970783783103515 0.022071250697433473 0.017471623180729475 0.016894690513033203 -0.013167345270874074 -0.0043082600232281438 0.012482902749181624 -0.014099108407310901 -0.011468461445479219 -0.0024795939989775214 -0.010332481188289774 -0.0014620334468016184 0.019636141707888535 -0.012181957268313216 -0.0044168845244831403 0.022599118261388867 -0.019800214340980352 0.0098857218472165696 -0.015213456923630957 0.00098102087017808278 -0.016272795135075385 5.1612494310971759e-05 -0.021495776185913393 -0.0074869458584789729 -0.0015983800369313414 0.016240652903025066 -0.0044893896874743273 0.0041506684758369572 -0.016466758949987264 0.009225369782784841 -0.0081033434467169419 -0.010627188286488955 0.031437948787341824 0.017718734486950802 0.017257864301898719 0.00044262131187796153 -0.019056550536187742 -0.001003058869959185 0.0022013026158798923 0.0098242366071692039 0.011708481836294898 -0.02648441670563214 0.0033722229284591067 -0.015287302004874687 0.018600460595213003 0.0049676136261119696 -0.014246183422966499 0.018614020604543275 0.023907096896962569 -0.0031185695797146438 0.0057490353969740756 -0.02414118301458007
leaf_weight=289.79119788110256 135.9686676710844 183.43713818490505 46.363573402166367 82.72854919731617 229.78212347626686 426.9784107208252 53.392352908849716 81.207243114709854 203.57578675448895 78.593709096312523 125.12123486399651 59.444345459342003 65.672577261924744 92.056730732321739 62.642763301730156 293.79502214491367 296.91510616242886 85.730623096227646 72.074066862463951 58.294537618756294 143.24439093470573 123.89156050980091 71.260468021035194 346.71988525986671 268.65464322268963 60.214613422751427 64.80640672147274 75.130286082625389 160.43595877289772 62.997460052371025 91.173682063817978 107.97087094187737 63.920610547065735 85.814544782042503 132.21234154701233 127.09044134616852 77.919500172138214 90.798618257045746 247.45677438378334 86.699609443545341 302.31180657446384 67.165085256099701 102.00265131890774 54.43356965482235 1093.0080780982971 56.847733184695244 242.40619242191315 138.70805808901787 69.090959772467613 124.37637239694595 70.495419085025787 262.72135128080845 97.095835357904434 67.860478818416595 53.87675966322422 270.82337540388107 49.394964337348938 63.391388863325119 64.830535516142845 64.139298617839813 48.122350454330444 59.420088544487953
leaf_count=1225 611 952 188 343 1035 1726 217 332 849 363 508 242 266 375 273 1200 1215 423 362 281 581 527 312 1502 1097 245 268 306 657 257 411 472 299 348 538 519 322 402 1136 398 1246 276 422 228 4856 246 1098 592 287 510 288 1351 394 275 218 1097 200 270 263 260 215 263
internal_value=0.000157254 -0.0064522 0.00857184 -0.00397718 -0.00260662 0.00443858 -0.000444621 -0.00147242 0.0126421 0.0138813 0.0101128 0.00453452 0.00010178 0.000823371 -0.0103527 0.00382663 0.0053111 -0.0153686 -0.0133174 -0.0201713 0.000520192 0.0157986 0.00624204 -0.00885803 1.99897e-05 -0.00134524 -0.0025169 -0.00170224 -0.00401028 0.0093373 -0.00427466 -0.0156028 -0.00796113 0.00553955 0.00814452 0.00776942 0.00787888 -0.00804179 -0.0106784 -0.00237133 -0.0021084 0.000203388 0.0147715 2.04362e-06 0.0173168 0.0164265 -0.0136542 0.00427335 0.0117001 0.0176979 0.023375 -0.0232518 0.00314647 -0.00430402 0.000711276 0.00439404 0.00200381 0.00615308 0.0128302 0.00729813 -0.00827631 -0.0117306
internal_weight=8934.5 5003.99 3930.51 3916.78 3430.86 1950.15 2682.23 2444.27 1980.36 1776.78 237.958 184.566 2014.82 1933.61 748.632 1903.79 1609.99 1087.21 903.776 393.09 735.179 1423.6 195.152 429.448 1841.56 1569 1439.69 1374.88 1105.5 874.814 346.958 401.674 171.891 514.942 429.127 269.386 272.562 510.686 419.887 172.43 945.062 142.295 359.872 255.784 1228.45 1149.86 485.917 193.142 129.306 296.874 172.498 334.795 591.935 164.956 642.75 374.095 320.218 353.183 194.642 129.812 243.511 195.389
internal_count=38438 21848 16590 16543 14356 7942 11046 10079 8648 7799 967 750 8234 7902 3310 7754 6554 5305 4353 1994 2976 6304 839 1845 7527 6416 5884 5616 4515 3578 1504 1806 771 2101 1753 1101 1111 2359 1957 821 3858 582 1477 1093 5465 5102 2187 820 532 1220 710 1713 2395 669 2612 1515 1297 1495 789 526 1089 874
is_linear=0
shrinkage=0.03


Tree=35
num_leaves=63
num_cat=0
split_feature=83 83 52 5 54 13 5 5 64 66 10 53 64 32 29 41 4 4 57 52 33 40 66 29 53 3 29 47 29 51 13 59 64 64 64 69 70 32 57 5 59 39 66 32 59 44 90 80 41 51 64 70 42 66 38 77 57 64 66 4 90 52
split_gain=541.972 174.112 53.0538 69.4935 48.6582 43.5454 39.411 56.6884 36.2613 34.9176 32.6646 32.4253 32.2108 29.7206 27.6339 28.8519 27.5901 27.3975 27.179 25.5468 23.3102 21.7593 27.9827 20.8605 22.2523 20.5503 24.5506 23.3052 20.1457 20.1318 23.3197 18.8662 18.8165 30.4679 23.431 18.8124 31.5069 18.4554 35.1903 18.428 23.1245 27.2335 18.0047 17.9511 17.8142 17.7805 17.5385 20.6874 20.7633 16.9339 16.4975 27.4509 25.1238 19.8153 18.8241 18.908 16.329 16.1691 16.0019 15.1432 18.7929 14.7055
threshold=0.10351252555847169 0.63788178563117992 -0.33728338778018946 0.0014380452921614053 -0.26842699944972986 0.0088839028030633944 -0.00077507959213107813 0.00058534531854093086 -0.87142586708068837 656.50000000000011 0.055291593074798591 0.86617794632911693 0.65110388398170482 0.90249997377395641 -0.98927167057991017 -39.922506332397454 -0.00087028104462660838 0.00049523552297614526 50.801988601684577 0.039375867694616325 1002.9856262207032 -20.470543861389157 240.50000000000003 -0.98927167057991017 0.8179900348186494 2.1722943529312037e-05 0.096103176474571242 0.99804216623306286 -0.17456021904945371 0.038394669070839889 0.010155838914215566 0.41070146858692175 0.51316559314727794 0.6411133110523225 0.87355786561965953 15964.500000000002 11433.500000000002 0.10249999910593034 20.585079193115238 -0.00060582856531254936 0.85519987344741832 0.51435545086860668 275.50000000000006 0.39750000834465032 0.42837470769882208 0.43567360937595373 -1.8371211290359495 29.657057762146 -46.116567611694329 0.047207724303007133 0.86711210012435924 9173.5000000000018 68.632801055908217 -4.4999999999999991 -0.59393966197967518 0.041720196604728706 34.623971939086921 0.15858851373195651 425.50000000000006 -0.00040958546742331231 -1.3204212784767149 0.38434277474880224
decision_type=2 2 2 2 2 2 2 2 2 2 2 2 2 2 2 2 2 2 2 2 2 2 2 2 2 2 2 2 2 2 2 2 2 2 2 2 2 2 2 2 2 2 2 2 2 2 2 2 2 2 2 2 2 2 2 2 2 2 2 2 2 2
left_child=10 6 -3 4 8 12 13 16 19 14 29 39 45 28 -10 20 -8 21 -13 -4 37 -18 50 -7 -25 -9 -27 -28 46 30 32 49 -1 -34 -35 36 43 -16 -39 -12 59 -42 -29 -20 -17 -6 47 48 -2 58 52 -52 53 54 -23 -56 -55 -46 -24 -41 -61 -5
right_child=1 2 3 61 5 23 7 25 9 -11 11 18 -14 -15 15 44 17 -19 35 -21 -22 22 31 24 -26 26 27 42 -30 -31 -32 -33 33 34 -36 -37 -38 38 -40 40 41 -43 -44 -45 57 -47 -48 -49 -50 -51 51 -53 -54 56 55 -57 -58 -59 -60 60 -62 -63
leaf_value=0.018249784588090116 0.0051210422275460889 -0.02229957617099608 0.016746730838808978 -0.015281704676882791 -0.015190193931350111 -0.028311927042138852 -0.0099105908901015189 -0.013802383489584855 -0.018865921768693578 0.015837025787532905 -0.0068891281280090855 0.015614055869746072 0.021402027391362745 0.0088069121872372882 -0.018450868501348253 -0.01553179436371631 0.015527143801634955 -0.0037439700911895057 0.0003521451403848158 -0.0063849017920489769 0.013278682986798684 -0.010054852282808694 0.0098475226570116647 -0.023356107095556897 -0.010036186366478003 0.011562668191877854 -0.021284330713755181 0.0019148329993287354 0.0055553290203638733 0.024112606255159614 -0.0071167938374889052 0.017097864599557006 -0.0052418623838674898 0.03251217861421736 0.0085549405955070192 -0.0078861340919302129 -0.0052746322909629469 0.023637699128778479 -0.0056018894091331038 -0.0036347953053278309 0.01049613049158173 -0.01806736709944563 -0.010540729010232709 0.021057515553343325 0.012647392811464883 0.004631050461037102 -0.016605354896825755 0.011702024354193128 -0.015980152517764027 0.014531160107746431 -0.022113980031000111 0.0073076597721689306 0.02026122541939681 0.00054364112954516971 0.014342781070897837 -0.0038638576756587707 -0.015558163057428118 -0.011601712449904194 -0.011905737522612621 0.02226793357606785 0.0073207313675591008 -0.026394162503923194
leaf_weight=475.13457563519478 59.160519778728485 305.85258096456528 132.44325429201126 263.83612014353275 90.870631605386734 97.305467933416367 115.45367802679539 193.24065946042538 138.93625648319721 67.169261604547501 122.96656231582165 670.01714593172073 48.994463816285133 95.767198100686073 57.032440811395645 223.43024531006813 220.55807583034039 258.91249933838844 50.69886514544487 63.606808423995972 106.38812847435474 51.526114404201508 53.919842436909676 150.19246163964272 454.3604599237442 93.570737853646278 69.610539346933365 286.05064223706722 73.05631211400032 195.4856461584568 47.067445278167725 235.50551024079323 95.940218612551689 52.722667187452316 121.21391133964062 75.482775658369064 95.104818314313889 47.242056503891945 171.61421766877174 71.3977912068367 53.098161250352859 69.184640675783157 164.52110685408115 146.81131455302238 46.470666334033012 73.818440541625023 268.65040585398674 49.921675771474838 144.42170755565166 92.592656567692757 62.406391769647598 52.593870848417282 72.92763352394104 179.88464005291462 202.43071419000626 68.779204517602921 82.761754974722862 52.941844269633293 69.873709216713905 104.33884935081005 275.84304082393646 180.50178961455822
leaf_count=2136 246 1531 563 1308 391 483 470 811 679 280 504 2833 205 395 242 967 898 1050 211 272 439 209 219 660 1982 383 306 1198 300 921 204 958 416 238 534 311 392 200 735 301 219 283 696 610 201 316 1140 206 617 375 254 213 297 729 819 278 335 231 283 442 1159 942
internal_value=7.70556e-06 -0.00496588 -0.0105141 -0.00905309 -0.0066933 -0.0118102 -0.000329076 0.00134771 -0.00246241 -0.00498058 0.0111352 0.00865595 4.7244e-05 -0.00670427 -0.00663723 -0.00422769 0.00428207 0.0052433 0.0120161 0.00924187 0.00134909 0.00685278 0.00529124 -0.0154203 -0.0133453 -0.00527055 -0.0025843 -0.00512906 -0.00919996 0.0154906 0.0133627 0.0112222 0.0146566 0.00833047 0.0158167 0.00546709 0.00891168 -0.0032512 0.000709734 0.00365007 0.0059084 -0.0056644 -0.00263317 0.0157427 -0.0108311 -0.00630573 -0.0112644 -0.00560438 -0.00984819 0.00482728 0.00182545 -0.00865838 0.00365687 0.00158828 0.00656753 0.00972555 -0.00453015 -0.000266398 -0.00243083 0.00904218 0.0114229 -0.0197959
internal_weight=8813.61 6091.11 2773.01 2467.16 2022.82 915.542 3318.1 2627.12 1107.28 911.225 2722.51 1734.94 213.684 690.978 844.056 705.12 1820.13 1704.67 1038.11 196.05 382.277 1445.76 1225.2 701.858 604.553 806.994 613.753 520.182 595.211 987.564 792.079 451.892 745.011 269.877 173.937 368.098 292.615 275.889 218.856 696.829 573.862 122.283 450.572 197.51 322.843 164.689 522.154 253.504 203.582 216.386 773.31 115 658.31 585.382 322.736 271.21 262.646 99.4125 123.794 451.58 380.182 444.338
internal_count=38026 26312 12627 11096 8846 4037 13685 10781 4809 3974 11714 7265 912 2904 3694 3015 7387 6917 4357 835 1616 5867 4969 3125 2642 3394 2583 2200 2509 4449 3528 1835 3324 1188 772 1524 1213 1177 935 2908 2404 502 1894 821 1399 707 2209 1069 863 877 3134 467 2667 2370 1306 1097 1064 432 502 1902 1601 2250
is_linear=0
shrinkage=0.03


Tree=36
num_leaves=63
num_cat=0
split_feature=83 83 29 58 29 33 12 59 17 65 33 44 17 42 77 18 30 18 51 41 29 83 16 18 63 38 33 57 47 57 63 63 63 66 12 51 63 63 25 28 57 83 51 17 4 33 77 17 90 29 47 42 41 41 29 4 56 15 33 44 63 23
split_gain=501.277 162.425 53.9441 49.6557 40.3539 39.7756 34.9745 41.3143 30.4258 28.7202 33.8816 32.8831 28.5946 33.0038 27.1731 29.2072 42.7475 32.6837 27.374 28.3465 26.5427 25.573 22.514 23.2066 21.7382 21.3445 21.2607 20.6374 19.7014 18.449 18.2815 18.1835 26.1907 18.1573 17.4606 24.0351 17.2436 27.941 32.1803 17.2384 17.1261 16.7609 16.735 19.3323 22.0469 16.4593 15.9493 20.6597 15.8978 21.9749 15.7526 19.4243 15.6608 30.3992 16.4133 14.9223 14.8769 14.8105 14.2778 14.2203 18.3155 15.8589
threshold=0.10351252555847169 0.63788178563117992 -1.1352217197418211 -0.72408130764961232 1.1051425933837893 362.73524475097662 0.010554650798439981 0.88642415404319774 80.738876342773452 354.50000000000006 501.47174072265631 15.511402130126955 25.424438476562504 -11.443957328796385 -0.13756147772073743 32.388151168823249 0.67499998211860668 64.073902130126967 0.042553305625915534 -41.970575332641594 0.63475203514099132 1.0000000180025095e-35 35.931022644042976 8.9367361068725604 0.97948506474494945 -0.15163365751504895 1929.9368896484377 101.27058029174806 0.99743211269378673 16.311784744262699 0.69934985041618358 0.86051779985427868 0.7702331840991975 490.50000000000006 0.011143434327095749 0.077374953776597991 -0.71477618813514698 0.39674647152423864 79.295249938964858 -0.25481514632701868 41.927831649780281 0.97666704654693615 0.038567634299397476 81.706600189208999 -0.0003587546525523066 472.80143737792974 0.12154511362314226 26.45436000823975 -1.9389408230781553 -0.4417105764150619 0.99944406747818004 -18.583329200744625 -7.5793690681457511 -16.727471351623532 0.24943085759878161 -0.00016360763402190057 9.4433732032775897 54.199163436889656 406.32836914062506 1.0000000180025095e-35 0.39674647152423864 1.0000000180025095e-35
decision_type=2 2 2 2 2 2 2 2 2 2 2 2 2 2 2 2 2 2 2 2 2 2 2 2 2 2 2 2 2 2 2 2 2 2 2 2 2 2 2 2 2 2 2 2 2 2 2 2 2 2 2 2 2 2 2 2 2 2 2 2 2 2
left_child=6 5 -3 -4 9 28 27 21 12 11 -11 14 26 50 -5 22 18 57 19 -17 -19 46 23 -16 34 -9 29 31 39 -7 56 32 42 -34 -15 36 -36 -38 -39 -2 58 -20 43 44 -1 -21 47 -8 -31 -50 51 -14 53 54 -46 -22 -25 -18 -6 61 -61 -30
right_child=1 2 3 4 40 8 7 25 -10 10 -12 -13 13 24 15 16 17 20 41 45 55 -23 -24 30 -26 -27 -28 -29 59 48 -32 -33 33 -35 35 -37 37 38 -40 -41 -42 -43 -44 -45 52 -47 -48 -49 49 -51 -52 -53 -54 -55 -56 -57 -58 -59 -60 60 -62 -63
leaf_value=-0.00060084449475625876 -0.0043391847080507043 -0.02234587923996946 0.014630356594817871 -0.015695607816739343 -0.029325003738083943 -0.019499855065180087 0.0032749839225453387 0.0057290775931194676 -0.0056555277784229377 -0.0094843807995931163 0.02392004170357202 0.011737501871551682 0.023922999099896605 0.0068339507450452669 0.013503611771844426 0.010957320859781763 -0.0070899550500233659 0.015834695434479976 -0.013791723976774705 -0.0041962814574389015 -0.018195838974555078 0.0030831064400387177 0.015914096429732915 0.0028890874138867168 0.016870506360950596 -0.013350471789928453 0.014099635489688159 -0.0047187066081333428 -0.022282300857748943 0.0040396620051056601 -0.022676128748750128 0.02227627824134586 0.01087250409626238 -0.014904242786223564 -0.016128119088938991 0.014693146206350819 0.0080192660661692009 -0.00083562972441499929 -0.026968873404922357 -0.028351966087753661 -0.028622731007947322 -0.026042207462236993 0.020184938432920418 -0.004271646169860796 0.019326317703357951 -0.023231886229389258 0.0011579825925601909 0.016941755498726209 -0.012829205663205447 0.0035664004726811962 0.03219227569783558 -0.00063381741770387719 0.024618824629132823 -0.0076607140154462648 0.0028689363727595085 5.5193096630812427e-05 -0.017226728248841468 -0.028725328414633128 -0.0087882494527805177 0.004084853863472738 -0.0090451613814744158 -0.0055439626560763377
leaf_weight=86.306674644351006 48.901596337556839 292.30808672308922 79.347658514976501 490.06197308003902 40.251366019248962 58.73841780424118 122.50026369094849 95.004154324531555 413.05352163314819 55.663314715027809 53.682377144694328 67.312235847115517 60.845924779772758 484.68916298449039 56.588568240404129 60.267877861857414 61.911075040698051 86.514335826039314 207.88754488527775 87.418943926692009 49.189806029200554 370.60431963205338 65.839620396494865 114.96773591637611 107.82016518712044 118.70750868320465 68.594739407300949 50.976588845252991 60.013833060860634 236.74941268563271 56.901462882757187 236.61225488781929 50.605372726917267 47.84966504573822 81.286652863025665 75.299132660031319 172.45603919029236 148.04735985398293 59.431873738765717 59.820384293794632 121.14659310877323 194.61152042448521 322.95165982842445 60.641390338540077 278.49670262634754 76.792749345302582 93.882730036973953 531.31806835532188 184.90956176817417 122.18966653943062 51.222491800785065 55.370884865522385 134.01033861935139 56.326059848070145 67.822540536522865 223.55392776429653 46.460215270519257 52.729554325342178 125.3483559191227 291.79574203491211 142.21801650524139 337.07919563353062
leaf_count=374 210 1521 344 2255 213 244 515 394 1737 243 223 284 248 1968 241 252 262 360 905 384 219 1506 275 493 440 487 279 215 252 978 246 1061 224 204 333 308 700 603 242 253 646 932 1404 256 1253 326 396 2330 770 500 210 226 599 243 294 991 201 229 610 1211 595 1402
internal_value=-2.49108e-06 -0.00478952 -0.010158 -0.00871828 -0.0094918 -0.000316324 0.0106926 0.00721722 0.00174667 -0.00805572 0.00691525 -0.00887463 0.00330055 0.00590268 -0.00959289 -0.00751836 -0.00989406 -0.00309434 -0.0150336 -0.0066398 0.00135618 0.00952689 0.000156761 -0.00361694 0.00405937 -0.00486878 -0.00172577 0.0140168 -0.00554214 -0.00352724 -0.00805439 0.0147287 0.0131125 -0.00165513 0.00270676 -0.00102172 -0.00358733 -0.00090424 -0.00832143 -0.0175514 -0.0200509 -0.0197149 0.014557 0.0118982 0.0134723 -0.0130982 0.0127208 0.0143811 -0.00180212 -0.00630567 0.018332 0.012223 0.0157356 0.012779 0.0161033 -0.00323641 -0.0029004 -0.0170413 -0.01378 -0.00397114 -0.000217601 -0.00807368
internal_weight=8811.91 6087.29 2766.76 2474.45 2395.1 3320.53 2724.62 1332.02 2380.71 2108.35 109.346 1999.01 1967.65 1296.47 1931.7 1441.63 1100.88 473.899 626.979 224.48 359.258 1118.31 340.758 274.918 1129.03 213.712 671.182 1392.6 939.829 602.587 218.329 1341.62 1105.01 98.455 1021.21 536.521 461.222 379.935 207.479 108.722 286.746 402.499 1006.56 683.604 622.962 164.212 747.701 653.818 543.849 307.099 167.439 116.217 536.656 402.645 346.319 272.744 161.428 114.641 165.6 831.107 434.014 397.093
internal_count=38119 26364 12655 11134 10790 13709 11755 5628 9786 9321 466 8855 8049 5278 8571 6316 4860 2061 2799 962 1570 4747 1456 1181 4594 881 2771 6127 3923 2492 940 5912 4851 428 4154 2186 1878 1545 845 463 1469 1837 4423 3019 2763 710 3241 2845 2248 1270 684 474 2389 1790 1547 1210 694 491 823 3460 1806 1654
is_linear=0
shrinkage=0.03


Tree=37
num_leaves=63
num_cat=0
split_feature=83 83 83 5 77 29 58 5 29 5 5 3 18 3 41 59 30 64 30 64 2 66 31 59 38 58 29 64 5 12 22 12 32 64 51 5 78 32 41 33 3 8 78 41 41 66 40 66 64 32 36 56 51 48 64 38 56 28 28 77 56 58
split_gain=473.021 134.491 61.0725 45.9011 36.3507 54.9818 35.0353 31.3959 34.7337 28.4645 33.6741 28.0822 49.5617 27.7091 27.7055 24.5582 23.9875 23.0502 22.9096 22.7419 22.5803 21.4735 20.7351 19.6792 25.8512 21.0066 28.4896 18.8486 18.2196 17.9269 17.8154 17.6715 17.6373 17.2638 16.7786 16.6645 20.8749 17.8855 17.6689 16.6286 16.1901 16.1298 15.9946 16.6288 15.8574 15.6717 15.6529 15.2695 19.8888 15.195 15.9699 14.9028 14.8712 19.1198 14.8707 14.7673 14.9342 14.5882 14.5303 14.3541 14.2823 14.2258
threshold=0.4908346831798554 0.058088766410946853 1.4604680538177492 0.001275315822567791 -0.1884173974394798 0.63475203514099132 -0.72408130764961232 -0.00089970085537061084 0.34318272769451147 -0.00031217074138112361 0.00053770086378790449 0.00027692771982401615 43.142608642578132 -0.00057844098773784925 -59.530721664428704 1.5426625013351443 1.0000000180025095e-35 -0.96868926286697377 0.67499998211860668 -0.94190874695777882 5.8200821513310082e-05 656.50000000000011 0.01124999998137355 0.8655015528202058 -0.080326627939939485 0.56586843729019176 -0.080209475010633455 0.94336524605751049 -0.00026315855211578304 0.014457452576607467 2.5000000000000004 0.0095435390248894709 0.012499999720603229 -0.60702770948410023 0.030192729085683826 -0.00058367359451949586 0.1180512346327305 0.43750000000000006 -34.949975967407219 301.07777404785162 -0.00012028521086904219 -0.0035019763745367523 0.05753296613693238 -20.560773849487301 -19.838800430297848 205.50000000000003 -18.613716125488278 -521.49999999999989 -0.96185845136642445 0.86750000715255748 -0.80075255036354054 9.3144884109497088 0.031366590410470969 0.99881726503372203 -0.50941574573516835 -0.099860683083534227 7.7108275890350351 -0.6885329782962798 -0.83460053801536549 0.016769717447459701 6.929880142211915 0.38554084300994879
decision_type=2 2 2 2 2 2 2 2 2 2 2 2 2 2 2 2 2 2 2 2 2 2 2 2 2 2 2 2 2 2 2 2 2 2 2 2 2 2 2 2 2 2 2 2 2 2 2 2 2 2 2 2 2 2 2 2 2 2 2 2 2 2
left_child=1 7 4 9 19 6 -6 61 17 11 13 12 16 -11 -8 31 33 44 -7 -2 -12 39 -19 28 54 26 -26 -21 57 30 -16 32 -15 -3 60 38 37 55 -32 -4 -20 -35 -5 -44 -9 -10 -33 -41 -49 50 -48 -22 -18 -54 -25 59 -57 -24 -52 -37 -34 -1
right_child=2 3 21 42 5 18 14 8 45 10 20 -13 -14 15 29 -17 52 22 40 27 51 -23 23 24 25 -27 -28 -29 -30 -31 35 46 34 41 -36 36 -38 -39 -40 47 -42 -43 43 -45 -46 -47 49 48 -50 -51 58 -53 53 -55 -56 56 -58 -59 -60 -61 -62 -63
leaf_value=0.0070689205762376871 0.0030046967227215357 0.017161147348547456 -0.026518759565890015 0.0017329773503074659 0.019647337750535135 -0.020024254706461481 0.008543158865323237 0.034556260586831956 -0.0021099666655627269 -0.0089926283427615716 -0.0094816924798159317 -0.014408071754750937 0.01897100461856591 0.0031496048970724331 0.012272094368531369 -0.010995691892300074 -0.016440019577443531 0.021566606816482835 -0.017482832961494891 -0.018748025544581114 0.0067530545740201141 0.0035811282916828682 0.016893817582918486 0.001956499868753213 0.0035089254702793862 0.0096587318583235219 -0.029021519125346475 0.00025464401734833051 0.015618984616206102 -0.0084691218564246773 0.0022510539615284244 0.019575557683220886 0.020627141245403026 -0.013163006132772458 0.023275915115235857 -0.0040069585423750968 -0.017756322894038314 0.0084902422512446087 -0.017453326987777976 -0.0014553073223799876 -0.0046144467485416882 0.0071655373060017236 -0.0080888631560286743 -0.029195969590720693 0.013354249477527214 0.011865253177159776 -0.0075986391060384123 -0.0029540392325314406 -0.019991098589158974 0.016546107193461029 -0.0079467000697789631 -0.0080987217123225357 -0.014422085222228537 -0.0004439730567417405 0.02059654888456942 -0.0025345780051642783 -0.021351306641172491 0.0040893778102145811 0.0096021060612045805 0.013430668177272152 0.0015536121840708725 -0.011239096132796184
leaf_weight=75.95145209133625 62.298424601554871 83.026315957307816 151.50618489086628 47.662263706326485 64.40603406727314 226.34406697750092 169.35837697982788 75.552862733602524 207.36736686527729 80.971136271953583 193.0995751619339 130.3081541210413 114.50118251144886 93.631934940814972 76.279039084911346 51.240246161818504 88.47011037170887 203.69909437000751 122.65713332593441 377.84842510521412 264.60088339447975 45.193017229437828 112.40591824054718 63.510360598564148 49.142095521092415 63.586958378553391 47.795532315969467 53.647872030735016 835.45923049747944 559.98573777079582 61.718508005142212 71.806273207068443 62.96704038977623 53.303705781698227 206.81722259521484 102.28000535070896 56.960119441151619 198.76181824505329 121.75303718447685 63.672224685549736 311.34435158967972 103.02265958487988 68.143568113446236 66.253820419311523 54.758559167385101 110.80693952739239 110.41744835674763 73.948867723345757 371.34685024619102 77.798876121640205 53.385772913694382 78.950554221868515 109.68683867156506 446.88155725598335 97.890425354242325 106.03535632789135 59.129252269864082 278.45711836218834 207.56451107561588 72.672999799251556 80.509335443377495 76.844118922948837
leaf_count=316 278 336 803 202 267 1059 699 352 866 329 796 535 464 384 320 207 362 945 530 1779 1084 209 492 269 209 270 202 239 3691 2414 265 293 259 218 850 420 243 818 538 309 1373 421 295 287 245 473 446 363 1919 318 216 324 455 1840 427 434 244 1203 842 299 329 313
internal_value=6.21473e-06 0.00566434 -0.00853664 0.00139176 -0.00655103 -0.00497151 -0.00204274 0.0110114 0.0119245 0.00235317 0.00488466 -0.00130947 0.000399281 0.00789695 -0.00292415 0.0092428 -0.00200518 0.0134742 -0.0122867 -0.0139391 -0.00127354 -0.0164251 0.0125687 0.0113849 0.00478362 -0.00374082 -0.0125304 -0.0163854 0.0131178 -0.00429609 -0.00156483 0.0103175 0.0147157 0.00610565 0.0178073 -0.00291919 -0.00048485 0.00134076 -0.0108249 -0.017794 -0.0082513 0.00023397 -0.0131987 -0.018494 0.0256469 0.00275702 0.00656984 -0.0151969 -0.0171618 0.00449068 0.00196515 0.00334001 -0.00501484 -0.00319874 0.0132618 -0.00283733 -0.009271 0.00777173 0.00601193 0.00323638 0.00992435 -0.00213857
internal_weight=8807.4 5298.25 3509.15 2945.02 2803.48 2309.69 1649.34 2353.23 2200.43 2762.96 1633.76 1129.2 998.892 1097.11 1584.93 1016.14 884.391 1882.26 660.346 493.795 536.651 705.667 1751.95 1548.25 321.925 160.525 96.9376 431.496 1226.32 1415.58 855.59 964.898 443.926 239.353 350.294 779.311 595.84 538.879 183.472 660.474 434.001 156.326 182.06 134.397 130.311 318.174 520.973 508.968 445.296 449.167 371.368 343.551 645.039 556.568 161.401 340.118 165.165 390.863 260.95 174.953 143.476 152.796
internal_count=38187 22365 15822 12092 12219 9923 6961 10273 9644 11308 6677 4631 4096 4473 6694 4144 3632 8305 2962 2296 2204 3603 7708 6763 1377 681 411 2018 5386 5995 3581 3937 1822 975 1438 3261 2458 2215 803 3394 1903 639 784 582 597 1339 2115 2591 2282 1822 1504 1408 2657 2295 696 1397 678 1695 1058 719 588 629
is_linear=0
shrinkage=0.03


Tree=38
num_leaves=63
num_cat=0
split_feature=31 5 52 65 84 29 29 58 5 51 63 29 42 4 40 4 4 53 13 80 29 40 5 52 90 56 52 5 29 70 64 29 25 69 51 29 80 54 80 42 29 52 26 65 42 64 18 69 9 56 70 47 64 66 69 54 53 47 52 0 51 5
split_gain=398.154 116.391 133.919 82.7338 57.5257 46.2671 51.6988 32.8773 34.7421 32.6843 34.3817 31.8153 30.8346 30.4194 29.9444 28.703 28.6017 30.0115 26.2119 25.6852 24.6278 24.3038 33.0321 23.845 23.1028 22.7108 24.3251 22.5827 22.8783 21.1709 20.2895 20.1987 20.1486 24.2532 20.1304 19.7394 19.5278 19.2207 18.4842 18.2104 21.8617 24.5596 18.1937 17.5702 16.8622 17.1959 16.7449 16.6542 16.6522 16.636 16.4041 16.2201 16.1878 16.0647 27.0396 19.5654 21.5588 16.6085 16.889 15.9603 15.6448 15.4767
threshold=0.31749999523162847 0.0016456681769341233 -0.262771725654602 354.50000000000006 1.0000000180025095e-35 0.64619597792625438 -1.1352217197418211 -0.66880580782890309 -0.00093361694598570455 0.021792345680296425 0.97768935561180126 -0.83141824603080738 0.9745423197746278 -9.3456452304963009e-05 -20.470543861389157 -0.0010047646937891839 0.00098084489582106493 0.87773165106773388 0.012859768699854614 15.408072471618654 -0.40276597440242762 -1.9801690578460691 0.00076694160816259693 0.18435589969158175 2.599465131759644 9.7214808464050311 0.19144861400127414 -0.00048097991384565825 0.28540015220642095 5246.5000000000009 0.98120620846748363 0.97520238161087047 20.734029769897464 13424.500000000002 0.062788575887680068 0.15561503171920779 23.200373649597172 -1.8053607344627378 22.500058174133304 -3.6588689088821407 -0.48751667141914362 0.2459475174546242 2.0061959028244023 -336.49999999999994 39.264469146728523 -0.8959035575389861 18.416917800903324 3967.5000000000005 0.0017175104585476222 6.2933456897735605 6419.5000000000009 0.9984438717365266 -0.97485619783401478 126.50000000000001 5485.5000000000009 0.31998336315155035 0.88334387540817272 1.0020973086357119 -0.00636807782575488 20.500000000000004 0.073071684688329711 -0.0011280011385679243
decision_type=2 2 2 2 2 2 2 2 2 2 2 2 2 2 2 2 2 2 2 2 2 2 2 2 2 2 2 2 2 2 2 2 2 2 2 2 2 2 2 2 2 2 2 2 2 2 2 2 2 2 2 2 2 2 2 2 2 2 2 2 2 2
left_child=4 2 11 5 9 6 -4 29 13 -1 14 -2 38 43 19 -10 17 21 32 -11 -14 -17 59 30 -7 26 27 34 47 -8 -5 36 -16 53 -6 -28 -26 -21 -13 51 46 -42 -30 60 45 52 -41 -29 -20 -35 -32 -19 -3 54 55 -34 -57 58 -55 -23 -9 -22
right_child=1 44 3 23 25 24 7 8 15 10 -12 12 20 -15 18 16 -18 39 48 37 61 22 -24 -25 31 -27 35 28 42 -31 50 -33 33 49 -36 -37 -38 -39 -40 40 41 -43 -44 -45 -46 -47 -48 -49 -50 -51 -52 -53 -54 57 -56 56 -58 -59 -60 -61 -62 -63
leaf_value=0.023220473227151463 -0.021707617232969111 -0.021997332386699618 -0.022148297169091193 0.035093950437849082 -0.0017189705070286907 -0.013605156343609367 -0.0039047863184920643 -0.0066498032235739303 -0.013188628971468504 0.029924426650841246 0.026939625058326068 -0.010744075160095392 -0.011729300275023927 -0.020707743029680741 -0.012136084604161414 0.0032113230227712973 -0.0092186399484766764 0.0045293884221332265 -0.0031908686968662434 0.01837320862185339 -0.0058545238465740569 0.0014576043842632223 -0.030478134665670422 -0.002774536030389704 -0.011487172093282901 0.02311484880113434 0.0093004111197752745 0.010594256123639128 0.010273938352333888 0.019873446168568246 0.0010269328884956021 -0.014350739686674599 -0.010422562623001244 0.0059612769124221887 0.019514325814536871 -0.01642655971903827 0.01210140376273881 0.0010248512356249879 -0.036353396770085429 0.0055567348495621244 0.0065010370672432616 -0.010942551054244309 -0.010601021471202324 -0.009970250381607388 -0.0024218187479695752 -0.023936669255833841 -0.011003832262359233 0.019464618241098207 -0.01959042776929458 -0.011373408438275095 0.022081304989352766 0.019391454036013608 0.0022041469686908083 0.0093554271971833265 0.015612313957123928 0.01718793261623543 -0.0084812139936853107 3.4130495255911521e-06 0.027900513014671224 -0.010276032205035982 0.010607661716824115 0.015733435428466492
leaf_weight=79.1679777354002 360.92756432294846 49.231792390346527 102.75299523770809 56.892778292298317 161.33718001842499 457.88864232599735 48.20715269446373 88.69872459769249 136.58728408813477 53.022689819335938 54.132379084825516 50.42668516933918 171.7289441972971 131.49737533926964 72.287152796983719 364.00442090630531 227.05308923125267 137.54488724470139 225.66340532898903 87.491391956806183 54.624681904911995 208.93599689006805 48.835890978574753 52.455952540040016 46.062339678406715 162.89004296064377 59.120835170149803 289.58149643242359 157.99787704646587 111.97794005274773 54.708304777741432 76.240197345614433 125.2824721634388 83.06880359351635 53.513307347893715 49.159731552004814 100.50267359614372 167.54606890678406 51.039901286363602 85.242314040660858 860.29329180717468 79.342244446277618 49.301401033997536 215.23023948073387 50.331304803490639 342.59277415275574 154.63604348897934 556.72175720334053 73.998012527823448 124.51030150055885 85.129834994673729 127.21962141990662 50.275373905897141 93.155459553003311 113.01375070214272 70.634420424699783 50.500772252678871 60.983154192566872 84.094102025032043 208.39274105429649 101.24145451188087 66.00072468817234
leaf_count=329 1860 253 518 240 699 2046 200 381 572 219 227 220 782 583 296 1502 956 571 925 359 238 862 211 223 201 745 263 1312 691 470 229 356 513 340 226 209 426 691 225 355 3542 338 209 925 247 1727 647 2554 302 509 357 525 237 383 463 290 209 249 347 858 429 273
internal_value=-0.000150854 -0.00494407 -0.00360484 -0.00158838 0.00837075 -0.00260403 -0.00118909 -0.000543318 -0.0012124 0.00442184 0.00345506 -0.0152737 -0.00937712 -0.00817043 0.00259912 0.000203073 0.000934289 0.00194783 0.000420043 0.0109261 -0.00443176 -0.00259754 -0.00713338 0.0151975 -0.00974983 0.0125221 0.0112688 0.0124339 0.0142415 0.0127175 0.0199895 -0.00182673 0.003036 0.00439801 0.00356966 -0.00237972 0.004688 0.00697626 -0.0236261 0.00456051 0.0029645 0.00502811 0.00530931 -0.00410147 -0.0188749 -0.020748 -0.00511893 0.0164294 -0.00724056 -0.00443643 0.0138443 0.0116706 -0.00976969 0.00746637 0.00346212 -0.00211029 0.00648657 0.0135077 0.0181539 -0.00440158 0.00254873 0.00595742
internal_weight=8772.93 5614.75 5122.32 4367.57 3158.18 4118.39 3437.69 3334.94 3174.76 1618.55 1539.38 754.749 393.821 536.668 1485.25 2638.09 2501.5 2274.45 1177.19 308.06 292.354 830.169 466.165 249.187 680.694 1539.62 1376.73 1268.45 1053.6 160.185 196.731 222.805 877.53 805.243 214.85 108.281 146.565 255.037 101.467 1444.28 1179.51 939.636 207.299 405.17 492.431 442.1 239.878 846.303 299.661 207.579 139.838 264.765 99.5072 597.664 359.431 246.418 121.135 238.233 177.25 417.329 189.94 120.625
internal_count=38144 24585 22121 18523 13559 17474 14445 13927 13257 6651 6322 3598 1738 2318 6095 10939 10367 9411 4826 1269 1293 3433 1931 1049 3029 6908 6163 5691 4766 670 826 983 3599 3303 925 472 627 1050 445 5978 4882 3880 900 1735 2464 2217 1002 3866 1227 849 586 1096 490 2454 1475 1012 499 979 730 1720 810 511
is_linear=0
shrinkage=0.03


Tree=39
num_leaves=63
num_cat=0
split_feature=83 83 52 52 12 54 12 59 5 5 10 5 80 59 64 90 65 52 64 61 5 3 41 5 5 47 6 41 53 32 17 90 57 54 67 41 80 32 68 80 9 54 63 54 53 18 34 65 10 51 63 31 63 28 25 59 70 38 12 64 54 41
split_gain=420.53 127.675 70.9432 64.6548 39.1206 34.9441 32.8109 29.7961 28.6756 33.2688 26.5662 26.3423 26.2307 25.2205 30.5108 32.9724 31.3619 25.8135 24.9753 24.9679 23.9924 23.9581 21.4653 21.3439 22.5041 20.8999 20.486 20.4472 20.2884 20.1258 19.8444 19.506 19.467 19.1056 22.9939 20.5542 19.0558 18.5583 18.3882 19.7984 26.276 18.2694 24.5827 18.187 20.9999 17.6849 17.3424 16.8578 16.5318 19.6745 16.4507 15.9311 15.8192 15.7057 21.4731 15.0988 17.2956 15.0878 15.0682 15.0064 15.0621 15.0018
threshold=0.52618610858917247 0.10351252555847169 -0.30687496066093439 0.24994840472936633 0.010403099469840528 -0.26842699944972986 0.036721531301736839 0.8655015528202058 0.00058534531854093086 -0.00030169186356943095 0.15307180583477023 -0.00061807251768186678 14.863908290863039 -0.76092749834060658 -0.89001184701919545 -2.0786538124084468 354.50000000000006 -0.10471083968877791 0.65110388398170482 1.0310683250427248 -0.0004909897397737949 -0.00066904537379741658 -39.922506332397454 -0.00089970085537061084 0.00070856171078048657 0.99823501706123363 -0.00046371128701139236 3.1346079111099248 0.95265081524848949 0.91250002384185802 80.010749816894545 2.7292002439498906 17.408953666687015 -1.3248258829116819 241.50000000000003 -52.605850219726555 23.880478858947757 0.21750000119209292 1.0000000180025095e-35 25.14615631103516 0.00026547854940872645 -1.5040463209152219 0.94480377435684215 0.31998336315155035 0.76350873708724987 53.126302719116218 0.97495779395103466 -291.49999999999994 0.061327837407588966 0.062460446730256088 0.47907376289367681 0.52124997973442089 0.067579798400402083 -1.2028864622116087 25.408679962158207 -0.19388171285390851 18768.500000000004 -0.080326627939939485 0.0091258194297552126 0.96304282546043407 -1.2811403274536131 -42.867071151733391
decision_type=2 2 2 2 2 2 2 2 2 2 2 2 2 2 2 2 2 2 2 2 2 2 2 2 2 2 2 2 2 2 2 2 2 2 2 2 2 2 2 2 2 2 2 2 2 2 2 2 2 2 2 2 2 2 2 2 2 2 2 2 2 2
left_child=1 4 -2 5 20 6 13 12 9 29 18 -7 48 -4 15 -15 17 53 61 58 -1 -11 33 -14 38 -10 -9 32 -29 45 57 51 -21 34 -19 -36 41 -28 39 40 -25 -23 59 44 -40 46 -3 -17 -6 -50 -39 -27 -31 -16 -55 -38 -57 -22 -13 60 -43 -5
right_child=2 8 3 10 7 11 -8 26 25 21 -12 19 23 14 16 47 -18 22 -20 27 30 36 -24 24 -26 31 37 28 -30 52 -32 -33 -34 -35 35 -37 55 50 43 -41 -42 42 -44 -45 -46 -47 -48 -49 49 -51 -52 -53 -54 54 -56 56 -58 -59 -60 -61 -62 -63
leaf_value=0.0034008573162282812 -0.019905090900275715 -0.0054264403306939751 0.015171490436307946 0.00076928202306527521 0.030403516862234619 -0.015893674247366874 -0.024911366025675431 0.012628815821538011 -0.015257630347912622 -0.01223034241107462 -0.021302508390351815 0.019227418671884815 -0.0067534692915769533 0.030649309456111464 -0.023065610632575749 0.011858140199298853 0.016953662939927013 -0.017853078963772768 0.0067581445797885772 0.0042395389252322781 0.020459683132064144 0.016529542548204795 -0.0068380354077153893 0.0096389795013210426 -0.0033914637760937348 -0.00031094765201388489 -0.023587322187316028 -0.010472222566315496 0.010263374442557446 0.021375967091761025 0.0049457807423604217 0.0091552178645431925 -0.014930709546696945 0.016898229706811464 0.018572559406259639 -0.0053060490517070199 0.02817856268385965 0.0063213672374505163 0.0018143634818738074 0.01693450620362532 -0.017869961180906304 -0.016763042452285371 0.022226664538969081 -0.00056467694658010419 0.020946881854891013 0.01181184915804398 0.0068544429679289953 -0.0083904608679396669 0.0038722445337620592 0.02074941501178432 -0.014934342777453079 -0.012596812567929366 -0.00162370566246541 0.0055220725008384942 -0.014516348692156461 0.0061633012725071752 0.024182911518335772 0.013132059621313506 -0.0010790871359882934 0.016421017801249799 0.00070752079292098278 -0.017580030479144925
leaf_weight=183.39453132450581 416.39484037458897 782.26402875781059 91.484158650040627 51.228651762008667 57.005901902914047 300.98361039161682 49.417842388153076 56.167709365487099 136.35652512311935 59.869063138961792 316.67138041555882 49.123519867658615 110.2231987118721 49.548996195197105 84.560584738850594 79.144147381186485 62.667057499289513 49.646725296974182 70.487190991640091 55.919011026620865 478.32316981256008 96.783772274851799 287.67158082127571 61.357884585857391 138.03658804297447 242.87075227499008 50.408142745494843 80.926112502813339 89.362450838088989 59.351261720061302 151.50363677740097 109.95613804459572 323.35120722651482 83.2802504748106 62.350900009274483 67.637071743607521 51.988180637359619 81.007457330822945 65.343425378203392 57.210900843143463 63.686573937535286 49.557268992066383 51.497272565960884 64.550798684358597 246.05147658288479 70.386224925518036 119.26701383292675 69.499121516942978 121.71169644594193 127.06347474455833 55.032231077551842 156.00517018139362 49.246077805757523 72.302049919962883 143.95860260725021 199.88622960448265 63.063493922352791 536.61056523025036 99.505182266235352 48.424432054162025 427.88036805391312 184.59472081065178
leaf_count=777 2110 3234 398 228 268 1399 234 231 587 244 1669 203 452 207 405 337 260 209 314 234 2172 394 1252 261 572 1006 210 344 390 242 641 460 1404 346 263 291 214 334 280 246 270 201 210 280 1073 286 489 294 520 545 228 658 202 315 630 812 258 2419 423 201 1737 854
internal_value=0.00014331 0.00523475 -0.00833183 -0.00665583 0.00987301 -0.00428991 -0.000953293 0.00627172 0.000713446 0.00239218 -0.0152096 -0.00847472 0.00834957 3.02624e-05 -0.00121511 0.00945554 -0.00352875 -0.00503633 -0.00891059 -0.00527647 0.0134877 0.00619795 -0.00117518 0.00551269 0.00745458 -0.00482726 -0.00325393 -0.0082268 0.000409211 -0.00130242 0.0150736 -0.00203214 -0.0121043 0.00502091 -0.000485523 0.00614772 0.00731341 -0.00803863 0.0101367 0.00231647 -0.00437164 0.00446728 0.00244526 0.0139279 0.0169321 -0.00267102 -0.00380175 0.00239078 0.0158315 0.0124924 -0.00227722 -0.0051161 0.0109462 -0.0121033 -0.00781694 0.0134057 0.010485 0.0165855 0.00563245 0.000508084 -0.0011059 -0.013594
internal_weight=8771.06 5479.34 3291.72 2875.32 2704.69 2252.34 1253.17 1354.86 2774.65 2129.46 622.982 999.171 1112.24 1203.75 1112.27 198.192 914.075 851.408 306.311 698.187 1349.83 1048.95 550.587 806.461 696.238 645.189 242.616 549.559 170.289 1080.51 1166.44 508.832 379.27 262.915 179.635 129.988 989.081 186.448 558.201 182.255 125.044 674.143 577.359 375.946 311.395 971.917 901.531 148.643 305.781 248.775 136.04 398.876 108.597 300.821 216.261 314.938 262.95 1014.93 148.629 525.862 477.438 235.823
internal_count=38227 23214 15013 12903 11779 9838 5441 5770 11435 8724 3065 4397 4767 5207 4809 838 3971 3711 1396 2998 6009 4271 2361 3434 2982 2711 1003 2372 734 4453 5232 2124 1638 1109 763 554 4027 772 2410 777 531 2743 2349 1633 1353 4009 3723 631 1333 1065 562 1664 444 1350 945 1284 1070 4591 626 2139 1938 1082
is_linear=0
shrinkage=0.03


Tree=40
num_leaves=63
num_cat=0
split_feature=83 83 10 77 53 29 70 54 57 70 30 66 63 10 51 30 26 42 42 12 69 43 31 70 66 47 31 7 10 70 41 3 42 44 12 7 77 44 70 6 12 66 29 41 66 42 32 63 44 57 10 7 69 47 80 31 70 41 31 69 51 77
split_gain=404.807 78.4161 63.738 61.7638 48.5102 47.6277 38.2304 37.9268 38.7699 41.969 33.0064 32.5699 30.075 27.8025 30.4357 24.5649 29.1721 24.4189 35.6165 27.5863 27.1848 24.4803 24.2013 29.0026 28.304 24.134 23.8726 23.2939 23.5259 21.8507 21.5551 21.217 21.2038 20.324 24.4848 21.1599 24.0639 19.0908 41.8475 18.7305 18.0234 27.3491 18.7098 17.6781 17.8703 17.5806 25.4816 29.8227 36.0855 22.1627 17.3579 17.2522 16.9962 16.9726 24.9934 18.4476 16.8777 20.0729 16.0999 16.0028 15.5996 15.0877
threshold=0.32453268766403204 1.543337941169739 0.065134137868881239 -0.22064402699470517 0.88334387540817272 0.64619597792625438 31462.500000000004 -0.26842699944972986 44.084753036499031 7103.5000000000009 0.67499998211860668 525.50000000000011 0.95037782192230236 0.033586530014872558 0.02840026002377272 1.0000000180025095e-35 2.1524690389633183 10.089258193969728 70.04557037353517 0.0066738296300172814 5532.5000000000009 -8.7780151367187482 0.22749999910593036 5857.5000000000009 650.50000000000011 1.0010254979133608 0.2424999997019768 -0.0034084849758073683 0.13414333760738376 12928.500000000002 -15.368330001831053 -0.00020618515554815528 36.168758392333991 -3.5166687965393062 0.016685049049556259 -0.0023708193330094214 -0.11431879922747611 -7.2785432338714591 9488.5000000000018 -0.00044009854900650675 0.010746670886874201 -178.49999999999997 -0.66564249992370594 -44.726808547973626 280.50000000000006 1.0000000180025095e-35 0.082499999552965178 0.29862368106842047 -5.8157489299774161 41.064327239990241 0.077903423458337798 0.0014049651217646899 12555.500000000002 1.0017750263214114 18.305741310119632 0.86750000715255748 6533.5000000000009 -33.479951858520501 0.9975000023841859 2769.5000000000005 0.041917806491255767 -0.37425148487091059
decision_type=2 2 2 2 2 2 2 2 2 2 2 2 2 2 2 2 2 2 2 2 2 2 2 2 2 2 2 2 2 2 2 2 2 2 2 2 2 2 2 2 2 2 2 2 2 2 2 2 2 2 2 2 2 2 2 2 2 2 2 2 2 2
left_child=2 3 11 61 6 7 30 8 9 56 60 12 13 -1 -15 16 -10 20 19 -19 -16 -21 23 -6 27 -23 -14 -24 -29 -25 37 -12 -27 34 -11 -35 -37 50 -39 -32 -9 -42 -43 -38 -45 -33 -47 49 -49 -48 -4 -17 -30 54 -44 -56 57 -5 -3 -41 -7 -2
right_child=1 58 4 5 22 10 -8 40 15 33 31 -13 26 14 17 51 -18 18 -20 21 -22 25 24 29 -26 32 -28 28 52 -31 39 45 -34 35 -36 36 43 38 -40 59 41 42 53 44 -46 46 47 48 -50 -51 -52 -53 -54 -55 55 -57 -58 -59 -60 -61 -62 -63
leaf_value=0.018636914765057973 -0.029976798164533015 -0.01372970559575919 0.0040941967860252133 -0.0027014035524173256 2.1077940345399236e-05 -0.0097841976461689358 -0.025036759451211029 -0.0011675422901033785 0.019433924916778821 0.0081095488248579262 -0.016437270109081911 0.027607766291600829 0.030276313473750278 -0.0011492089840045019 0.0014022453387910066 -0.015174793013306568 -0.010450067706722141 0.020010719633058015 0.024322833627865994 -0.014459375250006788 0.022591775586198039 0.0090774442816355539 0.021619616249247835 0.022873514204729856 0.021115457093501686 0.0026139281772121149 0.0049537062144897398 0.004776317591191819 -0.0014858364222727215 0.0023010906819540861 0.0050126056844231794 0.010238343923834041 -0.021029781693406177 0.030160203847834528 -0.01341393178999024 -0.0024978083475573234 0.025766191714033524 0.001135660932825779 0.021784729055748738 -0.025745064785259914 -0.020259421986579443 -0.017064395957944692 0.014513025876258148 0.00020609970313139857 0.021773917999756739 -0.025380180519957551 0.017820843693487669 0.0092364660642608384 -0.022971312886317468 -0.0084300571349136787 -0.016383564494737778 0.0046386677995757086 -0.020579985823328348 -0.013926146783874644 -0.0094590929413023786 0.0094251573616089008 -0.01500657997813035 0.018036922715008234 -0.025435444361605681 -0.0067628965148393621 -0.024780819011222623 -0.012970149530955257
leaf_weight=215.81723970174789 52.792564302682877 459.58049520850182 72.679965749382973 293.13949525356293 104.87206487357616 105.88696050643921 58.541093036532402 506.63712337613106 60.786757335066795 205.51671446859837 121.66722139716148 100.08081421256065 108.69555747509003 312.18906332552433 73.782078802585602 213.9766401797533 56.935502454638481 82.934695437550545 88.639883816242218 75.128497153520584 208.4113093316555 292.32013674080372 59.413157418370247 219.96489372849464 87.763871058821678 96.547963514924049 48.437516883015633 763.11361250281334 165.58031475543976 58.910692811012268 89.396314635872841 82.186170324683189 52.808964535593987 60.60882206261158 61.893566131591797 88.512537077069283 96.04553496837616 389.53962126374245 114.23387269675732 52.383552938699722 143.82856997847557 100.84617681801319 85.407536268234253 83.692221269011497 58.913298904895782 48.342529878020287 83.498591080307961 48.738627731800079 87.541028320789337 44.303241714835167 76.431046158075333 48.520568013191223 56.194876357913017 93.400848671793938 174.08277203142643 63.553560256958008 80.374073386192322 49.031478390097618 137.35023802518845 168.68668709695339 152.09622964262962 424.15515454113483
leaf_count=1005 266 2360 303 1221 440 474 240 2109 258 858 530 453 521 1329 327 915 240 364 392 327 945 1269 244 934 378 423 208 3146 682 247 366 364 226 254 267 378 396 1618 476 214 632 452 356 348 245 208 362 215 396 200 317 205 231 398 740 274 340 207 776 693 750 1987
internal_value=1.38796e-05 -0.00630117 0.00659418 -0.00474268 0.00355378 -0.00332446 -0.00149791 -0.00139634 0.00183049 0.00473626 -0.00986319 0.0109886 0.00998401 0.00867475 0.00699868 -0.00640587 0.00498075 0.00961948 0.00657278 0.00394938 0.0170516 0.00137192 0.00695941 0.0134702 0.00475239 0.0040648 0.0224704 0.00337723 0.00227676 0.0185277 -6.7502e-05 -0.00548463 -0.00574591 0.00949056 0.00312782 0.0138783 0.010862 0.00302702 0.00581797 -0.00657501 -0.00542505 -0.00868772 -0.0054703 0.015817 0.00911621 -0.00210769 -0.00535543 -0.00168972 -0.0114526 0.00872082 -0.00640226 -0.0115124 -0.00632404 -0.00266267 0.00059391 -0.00440868 -0.00263558 0.0002703 -0.0164231 -0.0112608 -0.0186256 -0.0148526
internal_weight=8767.34 4473.84 4293.5 3876.91 2537.71 3399.96 1021.89 2625.7 1457.95 1077.73 774.261 1755.79 1655.71 1498.58 1282.76 380.219 117.722 970.574 688.38 599.74 282.193 516.806 1515.81 383.748 1132.07 441.677 157.133 1044.3 984.889 278.876 963.351 516.277 149.357 655.183 267.41 387.772 327.164 652.885 503.773 310.467 1167.76 661.119 517.291 238.651 142.606 394.61 312.424 264.081 136.28 127.802 149.111 262.497 221.775 416.445 323.044 237.636 422.545 342.171 596.931 221.07 257.983 476.948
internal_count=38299 19981 18318 16845 10529 14592 4227 11093 6132 4514 3499 7789 7336 6607 5602 1618 498 4273 3001 2609 1272 2245 6302 1621 4681 1918 729 4303 4059 1181 3987 2275 649 2746 1125 1621 1367 2714 2094 1273 4961 2852 2220 989 593 1745 1381 1173 611 562 620 1120 913 1768 1370 1014 1768 1428 3136 907 1224 2253
is_linear=0
shrinkage=0.03


Tree=41
num_leaves=63
num_cat=0
split_feature=83 83 77 52 12 18 83 54 53 5 29 51 47 22 64 52 60 66 46 64 69 25 42 52 12 18 53 69 57 9 59 57 64 64 25 59 68 42 49 64 42 42 51 16 5 7 1 12 69 42 51 52 57 54 64 78 12 52 68 12 64 77
split_gain=375.992 126.274 41.8807 63.8585 35.5082 35.0639 34.2518 47.7851 32.9918 30.3882 34.4321 29.245 26.9087 25.9036 24.5994 22.6806 30.858 26.9558 22.3946 22.3463 25.0674 28.8916 24.5257 22.0801 21.6218 25.373 21.0362 20.8761 25.4306 20.806 19.7531 19.7348 19.155 25.1528 18.8256 18.6474 19.1984 18.2177 18.1662 18.0529 22.0359 17.7676 17.2379 16.3966 16.0907 15.7939 15.5545 15.4679 15.1332 19.9005 16.7989 15.0064 19.8201 14.8909 14.7519 14.5121 14.4182 14.0449 17.8452 26.0347 23.598 18.2404
threshold=0.10351252555847169 0.84930020570755016 -0.19756754487752912 0.14318465441465381 0.0087396050803363341 48.812696456909187 1.4604680538177492 -0.26842699944972986 1.2490210533142092 -0.00068197125801816572 0.22869636118412021 0.10332430526614191 0.99800962209701549 1.0000000180025095e-35 -0.83025357127189625 -0.037091201171278947 4.7363159656524667 -329.49999999999994 1.0025864243507387 0.11970336735248567 18258.500000000004 31.327282905578617 -5.020641326904296 -0.15966540575027463 0.018110232427716259 67.794521331787124 1.1037799715995791 12431.500000000002 46.064779281616218 -0.0010794047848321495 -0.52983725070953358 41.927831649780281 0.2861058115959168 0.093673683702945723 18.586788177490238 0.77380588650703441 0.87837970256805431 -28.489665031433102 0.99848130345344555 0.65110388398170482 33.375722885131843 38.768623352050788 0.028127788566052917 38.082506179809577 0.0014756770106032493 -0.0024796715006232257 -0.00033409091702196742 0.014092328958213331 2036.5000000000002 25.316674232482914 0.056266952306032188 0.12524890899658206 38.24621772766114 0.58523467183113109 -0.94190874695777882 -0.049275668337941163 0.010295878630131485 0.24994840472936633 0.6078576147556306 0.0092214616015553492 0.46754305064678198 0.0016996648046188059
decision_type=2 2 2 2 2 2 2 2 2 2 2 2 2 2 2 2 2 2 2 2 2 2 2 2 2 2 2 2 2 2 2 2 2 2 2 2 2 2 2 2 2 2 2 2 2 2 2 2 2 2 2 2 2 2 2 2 2 2 2 2 2 2
left_child=8 2 23 4 15 -5 7 14 9 -1 18 13 26 -6 43 29 17 -17 57 22 21 -21 -14 46 30 45 -7 28 38 -4 37 -31 33 48 -12 36 -24 -15 -16 -9 -41 44 -23 -3 -8 -26 -2 -40 49 -32 54 -36 -53 -34 -50 -29 -44 58 59 60 -11 -61
right_child=1 6 3 5 11 12 41 39 -10 10 34 -13 19 24 27 16 -18 -19 -20 20 -22 42 35 -25 25 -27 -28 55 -30 31 32 -33 53 -35 51 -37 -38 -39 47 40 -42 -43 56 -45 -46 -47 -48 -49 50 -51 -52 52 -54 -55 -56 -57 -58 -59 -60 61 -62 -63
leaf_value=-0.0010548624526505524 -0.0025518101709130453 0.020691800462580453 0.016809114436228009 0.013325196670261899 0.017194193548952807 -0.023586683778760109 -0.01493342475683266 -0.016775745615785428 0.018395375269750981 0.02102870359048618 -0.015071963896046814 0.01749663125118555 0.0085087029186654527 0.00091587868345909668 0.018356895117652396 -0.0088628534746535304 0.026209747113586791 0.017016607604931341 -0.0081489204221448508 0.025285314880939345 -0.018027568906579451 -0.015647524128971357 -0.02116064111385383 0.0011951816898987794 0.0017244417289720194 0.0099655597518010647 -0.0023541753294352647 -0.025295632311129999 -0.015961970598045098 -0.0054773612547993431 -0.0031089336077063999 0.015896943342827735 -0.0037556110932898314 0.016664985356311241 0.0078149380803066298 -0.0024041616898188766 -0.0019815401343826603 0.026050337747816073 0.0047215112156742999 -0.014364767537767687 0.01263969523929365 -0.0038036929829106622 0.014931392583280446 -0.00044107753646685814 -0.026104698710086485 -0.015170582641248875 -0.016650766312636293 -0.012119605230526048 0.0043558897102215907 0.01806994500217227 0.0055991144955212834 0.0056979347054227705 -0.016824908851617453 -0.021031890651746793 -0.0074554353360723564 -0.0069408823941069309 -0.003065123467085889 -0.001154317524470642 0.017429927135201116 6.6294606610783156e-05 0.0054336512523421822 0.011968626813860111
leaf_weight=290.13518862426281 94.127218544483185 61.735226362943649 78.132322683930397 75.106891319155693 72.989194914698601 147.86175243556499 436.62153951823711 447.15649698674679 313.55147530138493 271.1464674025774 47.24994957447052 86.70011742413044 57.817895874381065 53.178862765431404 56.718644231557846 63.299516081809998 124.582883015275 84.681934505701065 49.449014633893967 49.104969650506973 53.318187206983566 50.013695776462555 206.85488702356815 131.42673781514168 63.952668875455856 60.285350009799004 58.655215412378311 62.630944758653641 80.205707788467407 187.53020472824574 72.501808628439903 49.044072151184082 321.3087936937809 92.941827341914177 382.25984691083431 115.99305936694145 60.774059876799583 50.694647312164307 154.49404466152191 66.575825184583664 45.977237567305565 93.032773122191429 68.8757114559412 71.096299275755882 158.04450614750385 224.99747228622437 279.67050586640835 71.9377700984478 126.47041296958923 88.880960762500763 206.95815370976925 86.059133157134056 59.460117265582085 52.196063607931137 384.51605427265167 101.75191961228848 95.785994380712509 65.858217760920525 518.03925067186356 250.47256600856781 128.81103786826134 215.6522466391325
leaf_count=1203 411 271 320 307 300 649 2225 2069 1388 1249 200 359 247 218 257 258 511 345 206 203 225 204 899 547 265 249 248 293 366 769 298 201 1325 383 1644 499 259 208 684 310 202 465 285 315 919 938 1242 333 513 365 855 363 244 216 1574 451 414 281 2336 1092 582 943
internal_value=-9.4963e-05 -0.00426737 -0.00129508 -0.000155782 0.00240316 -0.0064189 -0.0106408 -0.00762329 0.00925149 0.00803899 0.00931086 0.000463081 -0.00795551 -0.000325868 -0.00215868 0.00887339 0.0152084 0.00594659 0.0117044 -0.00534166 0.000733719 0.00452596 -0.00970578 -0.00938166 -0.00103674 -0.00773771 -0.0175562 -0.00506313 -0.00104987 0.0033867 0.000577595 -0.00104627 -0.000395318 0.00182304 0.00306965 -0.012451 -0.0168054 0.0131826 0.00317416 -0.0140726 -0.00333361 -0.0159951 -0.000222551 0.00938071 -0.0179024 -0.0114312 -0.0131005 -0.00062894 0.000254296 0.00855526 -0.00161163 0.00469379 -0.00350505 -0.00616991 -0.0045321 -0.0139342 0.00446257 0.0123814 0.0130255 0.010391 0.0160061 0.0055729
internal_weight=8677.35 5999.21 4091.23 3586.01 2545.84 1040.16 1907.98 1220.28 2678.14 2364.59 2074.46 1958.57 965.055 1871.87 660.571 587.271 272.564 147.981 1499.43 758.538 317.099 263.78 441.44 505.224 1798.88 349.235 206.517 527.739 363.356 314.707 1449.65 236.574 1345.77 972.269 575.029 383.622 267.629 103.874 283.15 559.71 112.553 687.699 214.675 132.832 594.666 288.95 373.798 226.432 879.327 161.383 717.945 527.779 145.519 373.505 510.986 164.383 164.662 1449.98 1384.12 866.082 399.958 466.125
internal_count=38000 26269 17109 14909 10470 4439 9160 5551 11731 10343 9140 8066 4132 7707 2970 2404 1114 603 6689 3235 1331 1106 1904 2200 7407 1452 897 2384 1640 1290 5955 970 5529 3988 2451 1657 1158 426 1274 2581 512 3609 903 586 3144 1203 1653 1017 3605 663 2942 2251 607 1541 2087 744 699 6483 6202 3866 1831 2035
is_linear=0
shrinkage=0.03


Tree=42
num_leaves=63
num_cat=0
split_feature=10 31 5 5 51 63 53 64 64 10 65 51 64 42 65 54 64 42 51 63 10 60 17 64 12 39 69 53 12 81 69 77 1 59 31 64 8 63 49 63 32 40 5 5 39 82 5 4 1 26 81 80 42 51 63 63 31 70 59 2 42 60
split_gain=289.106 90.1237 64.7569 84.3212 59.6077 48.8739 43.8915 38.2684 45.4516 44.2663 44.9064 38.9379 37.9092 33.7287 31.1543 35.9982 31.5622 28.7519 28.3344 27.5497 27.4263 37.4309 27.2408 26.0008 25.0552 24.8632 22.7693 21.8528 21.6064 23.7475 19.9 19.6743 23.4912 19.0285 18.9646 18.8557 18.6743 18.647 26.5103 23.2108 19.8585 18.124 17.7985 26.0485 24.648 19.714 18.8878 20.9923 19.8828 18.4326 18.3337 17.3495 23.798 16.44 15.4684 20.5327 21.6102 20.7865 15.9438 15.3092 14.8892 22.2655
threshold=0.11345345526933671 0.27250000834465032 0.0014756770106032493 -0.0013579669175669549 0.083114232867956175 0.95819556713104259 1.029390335083008 0.65110388398170482 0.50188699364662182 0.042797036468982703 -671.49999999999989 0.069224473088979735 0.83508598804473888 73.234706878662124 354.50000000000006 -2.4336161613464351 -0.63775861263275135 10.089258193969728 0.030432534404098991 0.11970336735248567 0.05891739949584008 6.4824585914611825 18.287713050842289 0.98364779353141796 0.010554650798439981 0.36081010103225714 14594.500000000002 0.56859487295150768 0.019171626307070259 -0.38143469393253321 10617.500000000002 -0.32057794928550715 -0.00038421504723373795 0.74762064218521129 0.61750000715255748 0.65110388398170482 -0.00053241170826368023 0.54646614193916332 0.99983713030815136 0.37258200347423559 0.40250000357627874 6.3424911499023446 -0.00088294071611016978 0.00048864472773857426 0.80051988363266002 53.976160049438484 -0.00025445256324019278 -0.00028912801644764835 -0.00010402283442090264 0.81833636760711681 0.33191505074501043 22.009874343872074 19.832098007202152 0.03161598555743695 0.31109040975570684 -0.45204447209835047 0.92250001430511486 10354.500000000002 0.26429677009582525 -0.00045388392754830415 23.500436782836918 2.8596787452697758
decision_type=2 2 2 2 2 2 2 2 2 2 2 2 2 2 2 2 2 2 2 2 2 2 2 2 2 2 2 2 2 2 2 2 2 2 2 2 2 2 2 2 2 2 2 2 2 2 2 2 2 2 2 2 2 2 2 2 2 2 2 2 2 2
left_child=1 5 3 31 14 7 27 8 9 -1 18 13 24 17 15 -5 19 20 -11 -17 -12 -22 59 53 -9 -21 -6 41 29 -18 33 -2 -33 -31 -32 -36 -10 39 -39 40 -19 -3 -29 44 45 46 48 -48 -44 -45 -51 52 -38 -14 55 -4 -57 -58 -56 -8 -40 -62
right_child=2 6 54 4 26 -7 22 12 36 10 11 -13 23 -15 -16 16 28 37 -20 25 21 -23 -24 -25 -26 -27 -28 42 -30 30 34 32 -34 -35 35 -37 51 38 60 -41 -42 -43 43 49 -46 -47 47 -49 -50 50 -52 -53 -54 -55 58 56 57 -59 -60 -61 61 -63
leaf_value=0.01870526729536123 -0.024463684057831114 -0.0034093740519135561 -0.01941599970552681 0.011291612360893499 0.012191456122582213 0.02388177303329516 0.0082325772125973803 0.036274921886443816 -0.015105623614283007 0.0028685397791518639 0.020070820182056061 0.026483104877547698 -0.0060578462079097948 0.022735929830283337 0.01220210756851915 0.0047434764749678107 -0.021264612399566493 -0.0058859402866326587 0.030890771963809738 0.0054375523627105222 0.0099503577838732093 -0.011400930631975654 0.0070578673112816816 0.026742845530537102 0.012353689185050054 -0.019382634125836306 -0.0077069465933890082 -0.010829233751342598 -0.020163508479064347 -0.0064671942080391266 0.0079432544016443327 -0.0030895359311701809 -0.01567591159231789 -0.020214368092366975 -0.01351875318652601 0.0073880041825641904 -0.0047960872383606915 0.01660319939129758 -0.013933198605585848 -0.023156703181449852 0.014569679745797587 -0.021428188415602407 0.0070691919975055416 0.0087620165481277906 0.021103770982991824 -0.016888143104299629 -0.0039992352687538988 0.012153010285300286 -0.0076633421226316948 -0.015220308806926076 0.0013595882593671934 -0.013486819461136699 0.022390587824704721 0.012663056276859335 -0.013491844109988235 0.0046592222653273783 -0.030043718790452534 6.1136453368208961e-05 -0.030386177654220883 -0.0098617169997056737 0.014765402580400237 -0.010945569906529781
leaf_weight=266.10587367415428 127.96659691631794 105.00181029736996 183.20958217978477 110.89955751597881 312.30139462649822 171.02084647119045 58.148857533931732 99.767722085118294 111.18091621994972 49.355697914958 113.63283857703209 64.183586448431015 95.191394597291946 70.237503409385681 97.630049929022789 336.18394473195076 102.19051657617092 347.16937305033207 94.95123790204525 56.731043100357056 227.98264932632446 109.33607383072376 957.27906189858913 50.50357910990715 65.134119853377342 100.97756637632847 62.036264598369598 159.07684941589832 142.14726902544498 397.18905955553055 145.11691473424435 199.43470530211926 403.42199397087097 117.40524600446224 118.94901549816132 57.638338878750801 66.099103689193726 95.769154399633408 68.537528738379478 61.662302941083908 48.705808639526367 96.329160302877426 129.65101373195648 55.098689123988152 61.04571658372879 50.149222359061241 101.76802508533001 251.0804837346077 226.43477132916451 198.12184239923954 86.114713966846466 53.458729013800621 51.599714681506157 75.862315818667412 92.085739925503731 95.039868161082268 45.150683701038361 38.027161583304405 110.72826117277145 152.32006207108498 69.254899263381958 53.911113351583481
leaf_count=1257 679 439 919 466 1314 789 248 445 474 205 531 282 416 303 406 1426 492 1471 405 250 956 459 4001 233 281 446 260 707 621 1729 610 906 1934 526 538 251 285 416 291 259 220 404 535 231 249 206 417 1032 942 837 368 227 225 336 477 438 250 207 580 653 292 226
internal_value=-4.13533e-05 0.00438052 -0.00678884 -0.00497284 -0.00198941 0.00838485 0.000535609 0.00728496 0.00563258 0.00744348 0.00541131 0.00368714 0.0159352 0.00253161 -0.00427425 -0.00522866 -0.00639224 0.00134503 0.0213066 -0.000109442 0.0073238 0.0030297 0.00490939 0.00782914 0.0268263 -0.0104543 0.00889384 -0.00282485 -0.00926372 -0.00761279 -0.00594462 -0.0137799 -0.0115121 -0.00960363 -9.17287e-05 -0.00669476 -0.00553277 -0.00227389 0.0037138 -0.00603598 -0.00336922 -0.0120307 -0.00141919 -0.000128147 0.00276424 0.00128937 0.00257523 0.0074944 -0.00229922 -0.00711868 -0.0101971 0.000685583 0.00712268 0.00224487 -0.0160846 -0.0123636 -0.00511373 -0.0162804 -0.0227155 -0.00486258 -0.00272535 0.00351143
internal_weight=8720.7 5268.23 3452.46 2888.22 2157.4 2580.61 2687.62 2409.59 2023.13 1740.8 1474.69 1330.38 386.459 1266.2 1783.06 1685.43 1574.53 1195.96 144.307 493.893 450.952 337.319 1167.75 221.557 164.902 157.709 374.338 1519.87 1080.64 938.489 836.299 730.823 602.857 514.594 321.704 176.587 282.338 745.01 287.473 457.537 395.875 201.331 1318.54 1159.46 820.129 759.084 708.934 352.849 356.086 339.335 284.237 171.158 117.699 171.054 564.241 361.427 178.218 83.1778 202.814 210.469 191.704 123.166
internal_count=38278 22553 15725 12854 9335 11284 11269 10495 8784 7573 6316 5706 1711 5424 7761 7355 6889 5121 610 2122 1946 1415 4902 985 726 696 1574 6367 4767 4146 3654 3519 2840 2255 1399 789 1211 3175 1225 1950 1691 843 5524 4817 3381 3132 2926 1449 1477 1436 1205 737 510 752 2871 1814 895 457 1057 901 809 518
is_linear=0
shrinkage=0.03


Tree=43
num_leaves=63
num_cat=0
split_feature=84 29 5 5 29 90 60 29 12 44 69 52 53 30 80 13 67 34 53 70 23 51 58 8 82 5 54 57 57 69 70 60 12 40 4 70 40 29 49 51 81 51 39 53 54 58 58 12 69 36 4 39 54 12 0 43 47 8 90 47 63 66
split_gain=283.435 118.881 119.803 70.4791 58.2222 32.7514 31.8307 32.1283 31.879 34.5483 27.69 27.6611 27.5261 26.3256 26.3162 25.5342 32.0936 25.1846 21.2632 20.1346 20.1139 19.3941 22.2316 24.7304 19.0491 21.9285 21.0501 18.8677 18.5078 19.0169 23.8242 18.4917 18.2635 17.7793 30.6574 21.4958 17.454 17.3412 17.2518 17.9225 17.1648 17.1525 16.4043 15.9636 15.1383 18.6275 24.5421 15.0352 15.4296 15.1572 14.818 14.6279 14.6184 14.561 16.7254 15.6269 13.8854 17.9877 15.996 13.6039 13.5397 17.9659
threshold=1.0000000180025095e-35 -1.0759288668632505 0.0014756770106032493 -0.001225001295097172 0.63475203514099132 1.3323501348495486 13.118154525756838 -0.69455251097679127 0.016074272803962234 -2.3331351280212398 8902.5000000000018 0.27206397056579595 1.4227036237716677 0.22500000149011615 13.651201248168947 0.0059257312677800664 61.500000000000007 1.2738808989524844 0.90910321474075328 31648.500000000004 3.5000000000000004 0.082121647894382491 0.13101062923669818 -0.00047154915228020394 57.193212509155281 -0.0004909897397737949 -1.3874605894088743 16.311784744262699 21.611001968383793 12431.500000000002 31462.500000000004 0.66099497675895702 0.009080362971872093 -2.2348896265029903 -0.00043520543840713794 4198.5000000000009 -8.7295837402343732 -0.23160143196582791 1.0003977417945864 0.044443801045417793 0.29209415614604956 0.078833322972059264 0.24550691246986392 0.90337139368057262 -0.019882387015968558 0.53937783837318432 0.28612120449543005 0.010746670886874201 11803.500000000002 -0.24786184728145597 -0.00051708373939618457 0.53126302361488353 -1.0559065341949461 0.012047060765326025 23.500000000000004 8.4690999984741229 1.0010254979133608 -0.00013998810754856092 -1.8799341917037962 0.99949178099632274 -0.7589854598045348 30.500000000000004
decision_type=2 2 2 2 2 2 2 2 2 2 2 2 2 2 2 2 2 2 2 2 2 2 2 2 2 2 2 2 2 2 2 2 2 2 2 2 2 2 2 2 2 2 2 2 2 2 2 2 2 2 2 2 2 2 2 2 2 2 2 2 2 2
left_child=1 36 3 13 6 -6 7 42 9 12 52 18 15 50 44 -9 -17 -4 28 33 43 40 -23 -24 25 -16 -27 -20 -11 30 31 -30 -28 34 -18 -35 -1 41 39 -33 56 -15 -5 -12 -2 46 -46 59 49 -49 -3 -51 -7 54 55 -37 57 58 -10 -29 -54 -62
right_child=14 2 17 4 5 10 -8 8 21 11 20 -13 -14 37 24 16 19 -19 27 -21 -22 22 23 -25 -26 26 32 47 29 -31 -32 38 -34 35 -36 53 -38 -39 -40 -41 -42 -43 -44 -45 45 -47 -48 48 -50 51 -52 -53 60 -55 -56 -57 -58 -59 -60 -61 61 -63
leaf_value=-0.012481928295921462 0.022172264336847651 0.0019506163008632591 -0.01696779540009739 -0.0020823606013686941 -0.016789644453218396 0.0017021311916896561 0.01518489956898314 0.019801313981926773 0.0040581533468188775 0.011001951321364205 -0.010993276104960627 -0.0074721138315268325 0.015093888331918394 -0.013120931847798965 0.0022920035589392017 -0.018735553151277777 -0.010386323899045126 0.0023809075321511337 -0.0036417356127105777 -0.01755876453135833 0.022526895469782759 0.019982997246078219 -0.016627654747484039 0.0080745871402642267 0.00027973929586442279 0.020943479025138306 0.014945135558011869 0.01112021428625427 -0.0076637703883438097 -0.0069843449322758199 -0.012592721925318632 -0.00027077590245142463 0.0054440837813656611 -0.020577418334825927 0.0091220469428978414 -0.01115565857777499 -0.026134678046621247 -0.0014891958632844476 0.024352500604686328 0.020148984485934961 0.010750551569546326 -0.028215822793092735 -0.013868161012285661 0.0083676448652571667 0.020412947137209765 0.02191754778158056 -0.0046864100131379484 0.025814464826805432 0.00075715416586129996 0.0017603260708951905 -0.012792823484160784 0.018618204326897717 -0.025843504870995411 -0.0097815290780750175 0.017337418234619068 0.003582530460529343 -0.01511681332879492 0.0057980370060071711 -0.013190012873320786 0.023431365416795101 0.0055200489548871811 -0.014114881824400832
leaf_weight=151.76381969451904 223.09956039488316 197.64014552533627 525.47269569337368 345.62498503923416 219.17742143571377 97.212894275784492 157.34273318946362 50.156351834535599 65.188658654689789 244.25539138913155 64.932863384485245 116.16488155722618 101.92217764258385 236.09124036133289 269.83011354506016 95.30723063647747 91.912387669086456 68.428511738777161 70.495219632983208 59.116067662835121 48.425081595778465 61.103427514433861 59.16178385913372 95.120950773358345 223.81552135944366 188.9706836938858 330.99364201724529 157.87427696585655 52.361143678426743 177.58837057650089 57.592319652438164 111.52935767173767 404.75680823624134 56.850751966238022 343.26004202663898 91.445992335677147 189.51041941344738 75.143538251519203 71.636050179600716 59.228717967867851 50.689168572425842 95.017010480165482 153.48903213441372 93.547366693615913 56.295105546712875 92.446079507470131 92.955542251467705 63.494307488203049 141.45140561461449 109.65138454735279 88.972447156906128 80.214455619454384 50.711818113923073 128.8006296902895 54.142408028244972 221.77533799409866 153.21911217272282 109.73405210673809 187.80255025625229 165.42573633790016 58.563077315688133 147.75903409719467
leaf_count=813 1039 854 2690 1498 965 426 650 209 270 1009 288 491 421 1114 1162 392 377 332 293 244 210 253 246 395 979 883 1559 656 214 729 235 461 1794 234 1416 382 1031 328 295 243 210 444 666 412 256 426 418 262 584 451 391 329 222 535 225 919 641 457 791 685 252 659
internal_value=3.89065e-05 -0.00280577 -0.00189678 -0.000600894 0.00059834 -0.00695543 0.0019343 0.00144429 0.00239464 0.00381204 -0.00311434 0.00665161 0.000129672 -0.00958819 0.0103418 -0.00114902 -0.00206866 -0.0147385 0.00770144 -0.000551937 0.00560553 -0.00299508 0.00466776 -0.00139782 0.0083117 0.0098166 0.0120122 0.0111686 0.00416969 0.00102059 0.0050552 0.00850343 0.00971834 0.000465458 0.0050017 -0.00310415 -0.0200633 -0.0144999 0.0119958 0.00681197 -0.00590784 -0.0174527 -0.00570677 0.000435046 0.016537 0.0113353 0.00478069 0.0126225 0.00869438 0.0131258 -0.00262615 0.00888244 -0.00820736 -0.00110206 0.00194104 -0.000720332 -0.00754445 -0.0043458 -0.00874565 0.0174196 -0.0119552 -0.00854165
internal_weight=8703.66 6820.5 6479.22 5885.32 5192.46 780.33 4412.13 4254.79 3755.67 2973.65 561.152 1678.96 1294.69 692.864 1883.16 1192.77 1142.61 593.901 1562.8 1047.3 206.905 782.02 215.386 154.283 1418.37 1194.55 924.721 788.607 774.191 529.936 352.348 294.755 735.75 988.188 435.172 553.015 341.274 406.252 242.394 170.758 566.634 331.108 499.114 158.48 464.796 241.697 149.251 718.112 394.812 253.36 286.613 189.866 354.247 496.164 367.364 313.221 515.944 362.725 252.991 323.3 257.034 206.322
internal_count=38315 29799 27955 24933 21802 3434 18368 17718 15554 12291 2469 6937 5354 3131 8516 4933 4724 3022 6446 4332 910 3263 894 641 6377 5398 4236 3260 3186 2177 1448 1213 3353 4088 1793 2295 1844 1886 999 704 2369 1558 2164 700 2139 1100 674 2967 1626 1042 1245 780 1559 2061 1526 1301 2159 1518 1061 1341 1133 911
is_linear=0
shrinkage=0.03


Tree=44
num_leaves=63
num_cat=0
split_feature=83 83 83 52 52 5 5 80 63 63 12 82 65 25 12 26 40 26 31 25 63 42 6 44 63 26 26 52 5 29 63 33 32 29 39 5 31 56 65 26 40 10 31 63 67 14 66 6 7 82 11 44 39 29 82 25 41 90 90 9 14 63
split_gain=350.424 72.5528 64.3797 43.8814 55.2609 29.4888 29.0181 26.2793 26.1374 27.899 26.6064 29.2883 25.8349 24.6831 24.0487 24.2118 34.816 22.183 23.3907 22.0527 28.0109 21.8156 21.2495 21.1445 26.8765 23.7557 27.5159 28.5912 20.8093 20.6959 20.0098 19.7913 18.6853 17.8472 20.0395 17.7047 17.6912 23.2703 20.5357 17.649 18.0931 17.6333 17.4788 22.9531 17.372 24.1505 16.8647 19.4523 18.283 16.7061 18.4735 16.6968 16.3963 22.0974 16.1941 15.227 16.8386 15.1547 14.7266 14.5123 18.4728 15.4125
threshold=0.32453268766403204 1.543337941169739 0.0070535871200263509 -0.262771725654602 0.19445858150720599 0.00076694160816259693 -0.00030169186356943095 13.651201248168947 -0.99280729889869679 0.2861058115959168 0.015515167266130449 -72.473388671874986 -821.49999999999989 29.484158515930179 0.0079318834468722361 1.1645552515983584 16.011285781860355 1.954026520252228 0.40250000357627874 70.042346954345717 -0.97185599803924549 34.673757553100593 0.0015399082913063469 -4.8617901802062979 0.32350382208824163 1.5200750231742861 1.8071511387825014 -0.20065379887819287 0.00069463954423554252 0.042912825942039497 0.83985477685928356 422.64166259765631 0.76249998807907116 -0.19411034137010572 0.13876220583915713 0.0014756770106032493 0.11749999970197679 6.5372276306152353 -331.49999999999994 0.84779247641563427 -19.367568016052243 0.11839110031723978 0.24750000238418582 0.8537760078907014 410.50000000000006 0.013362079858779909 540.50000000000011 0.00011816689584520647 0.0010493357549421491 -63.278293609619134 0.58919745683670055 -7.6505184173583975 0.37317508459091192 -0.14748909324407575 -67.180622100830064 16.858478546142582 -42.266559600830071 -2.5219596624374385 2.9164173603057866 -0.00041375249566044653 0.0087050665169954317 0.80255532264709484
decision_type=2 2 2 2 2 2 2 2 2 2 2 2 2 2 2 2 2 2 2 2 2 2 2 2 2 2 2 2 2 2 2 2 2 2 2 2 2 2 2 2 2 2 2 2 2 2 2 2 2 2 2 2 2 2 2 2 2 2 2 2 2 2
left_child=2 3 7 -2 8 6 23 36 -5 13 11 -11 -6 17 -13 -16 -17 31 -19 20 -15 35 -23 57 25 -25 -27 -28 32 -14 -26 -10 42 34 -20 49 51 -38 -39 -8 -41 -29 43 46 45 -21 47 54 -49 -3 -51 -1 53 -42 -9 -31 -57 -4 -58 61 -61 -54
right_child=1 21 5 4 12 -7 39 28 9 10 -12 14 29 19 15 16 -18 18 33 44 -22 22 -24 24 30 26 27 41 -30 55 -32 -33 -34 -35 -36 -37 37 38 -40 40 52 -43 -44 -45 -46 -47 -48 48 -50 50 -52 -53 59 -55 -56 56 58 -59 -60 60 -62 -63
leaf_value=0.01233708820716822 -0.012570958293375076 -0.021378974119298354 0.0060618437381372613 -0.018223597886486351 0.0071440717833885017 -0.0055071640115093206 0.016545728028797686 -0.00038976023868198087 1.1849928055893569e-05 -0.012411886863348695 -0.011578261984993093 0.016626498649529677 0.0047405254781301949 0.017810046535891619 -0.0058735865357738299 0.016765327494530011 -0.0059982853122352124 0.018466065111576776 0.0065809038585866392 0.010505102556980523 -0.0064560902964558506 -0.014848958017985379 0.012386131323839972 0.024379810035451217 -0.011073833538022852 -0.013034476542229095 -0.0060787560200225299 0.0092597457800865073 -0.0020244708325611732 -0.028420964403222823 0.0048837379084424957 0.022561801280160044 0.018656456547599638 0.012893951632149223 -0.016937521370660426 -0.027896494590686705 -0.0047918356960611206 0.0021226068786934682 0.028598743247293779 0.01501003808229427 0.020368510360884568 0.032089985181432003 -0.00061601656328244547 0.019881480086627025 0.011432650918563105 -0.012033487022832034 0.02364944537178643 0.0042363783439525859 -0.014258165359545997 0.0014299240468837865 -0.018262304789727839 0.026719151268876865 0.0027787505775234583 -0.0030776704634953964 0.013052153752965541 -0.00092127417607318091 -0.01656418346080361 -0.010879577205903535 -0.0033625798167727398 0.0099814306087716107 -0.0058971793349866025 0.019959174125543093
leaf_weight=124.53191046416759 519.54113271832466 179.23251275718212 61.778833597898483 76.990223124623299 71.685334369540215 334.84011580049992 161.52069255709648 104.34112526476383 47.93034753203392 165.90539626777172 301.12932749092579 84.591227307915688 62.800704523921013 47.00481316447258 325.58806367218494 135.61083413660526 109.13307002186775 63.071326822042465 52.129164576530457 79.334901079535484 479.98822313547134 61.625888347625732 44.329534158110619 71.326060608029366 150.24904589354992 59.603369787335396 63.474977642297745 74.302014410495758 160.82810133695602 54.818969115614891 133.61268785595894 130.13583967089653 170.97705289721489 49.178442180156708 87.069999307394028 131.07815700769424 69.367792695760727 45.492266923189163 62.711376056075096 158.98277485370636 106.3660439401865 51.587324902415276 177.87414047122002 162.8118067085743 194.50446046888828 92.879641100764275 54.091629818081856 199.0029855966568 63.442893639206886 86.938651889562607 84.592926278710365 174.37900647521019 176.80496525764465 54.824841812252998 355.46688656508923 104.06992852687836 417.77815335988998 205.91821259260178 92.972359478473663 86.366543233394623 278.80897088348866 64.007659152150154
leaf_count=591 2499 1007 251 325 306 1391 678 467 200 722 1305 347 268 195 1360 566 458 260 224 330 2014 315 231 291 613 244 259 303 678 248 547 540 758 205 367 797 297 199 287 665 441 209 761 780 808 407 245 905 280 412 417 828 719 224 1644 471 1966 842 436 358 1137 263
internal_value=-7.32521e-05 -0.00596286 0.00611497 -0.00446253 -0.00319606 0.00272048 0.0041264 0.0101601 -0.00101271 -0.0004708 -0.00395088 -0.00115269 -0.0100442 0.00247994 0.00169949 -0.000514474 0.00661487 0.00839029 0.00265299 -0.000360555 -0.00429169 -0.0157792 -0.00345437 4.87576e-05 0.00315866 0.00911545 0.00474241 0.0103378 0.00815016 -0.0117265 -0.00356266 0.016492 0.00942062 -0.00264144 -0.00813003 -0.0184894 0.0162719 0.00877185 0.0174673 0.00739491 0.00579902 0.0186152 0.00800695 0.00964012 0.00528867 -0.00165053 0.00749235 0.0062823 -0.000234438 -0.014974 -0.00828154 0.0207273 0.00389022 0.0123939 0.0100019 -0.0132708 -0.01192 -0.00696985 -0.0141611 0.00162827 -0.00214178 0.00734528
internal_weight=8653.33 4433.64 4219.69 3845.84 3326.3 2294.38 1959.54 1925.32 2522.18 2445.19 1121.96 820.829 804.125 1323.23 654.923 570.332 244.744 429.515 251.449 893.712 526.993 587.798 105.955 871.853 604.155 320.294 248.968 189.364 1448.84 732.44 283.862 178.066 1288.01 188.378 139.199 481.842 476.482 177.571 108.204 1087.68 926.162 125.889 1117.03 939.157 366.719 172.215 776.346 722.254 262.446 350.764 171.532 298.911 767.179 161.191 459.808 669.639 614.82 267.697 510.751 605.988 365.176 240.813
internal_count=38161 20006 18155 16827 14328 9435 8044 8720 10633 10308 4758 3453 3695 5550 2731 2384 1024 1796 1056 3754 2209 3179 546 3559 2466 1306 1015 771 6518 3389 1160 740 5840 796 591 2633 2202 783 486 4485 3807 512 5082 4321 1545 737 3541 3296 1185 1836 829 1419 3142 665 2111 3121 2873 1093 2402 2477 1495 982
is_linear=0
shrinkage=0.03


Tree=45
num_leaves=63
num_cat=0
split_feature=83 83 83 58 52 53 52 80 12 43 70 64 90 64 59 77 12 52 64 52 59 27 38 65 67 57 69 7 56 69 12 59 9 34 41 59 59 43 22 56 64 12 52 53 41 65 43 64 28 57 57 69 12 90 70 56 26 26 60 64 38 29
split_gain=326.412 100.986 52.223 42.0723 30.3341 29.4613 28.4748 25.0895 24.0283 28.9574 23.2118 22.6484 25.3835 23.1502 31.5895 22.7458 22.2046 21.1956 21.1101 20.5557 19.2665 21.8361 22.3221 18.0954 31.8305 22.8838 25.2921 20.2979 18.8271 19.7039 18.0356 17.6061 19.9121 17.4597 17.1431 21.2886 17.1045 17.4189 16.9759 16.9362 16.8134 18.8243 22.6959 16.3951 16.1388 15.8161 16.3174 16.7181 26.4692 15.7745 18.5375 15.7484 19.6779 15.6023 15.4499 15.2053 19.2776 21.9234 15.42 14.6737 19.3032 14.6681
threshold=0.4908346831798554 0.054493138566613204 1.326517701148987 -0.72408130764961232 -0.31866346299648279 1.200927793979645 0.29968844354152685 14.414086341857912 0.016074272803962234 -17.186975479125973 11621.500000000002 -0.87777194380760182 -2.0786538124084468 0.94762688875198375 0.59349802136421215 -0.18059515208005902 0.0047736817505210647 0.23387397825717929 0.1326885595917702 -0.23442562669515607 0.69274005293846141 -0.1308319494128227 -0.11297293752431868 -421.49999999999994 555.50000000000011 26.105343818664554 1566.5000000000002 -0.0012009133351966737 7.7933471202850351 7339.5000000000009 0.0075632915832102307 -0.30007414519786829 -0.00097961729625239947 0.621353179216385 -17.123537063598629 0.9441683590412141 1.8708992600440981 38.120628356933601 1.0000000180025095e-35 4.5892786979675302 -0.0327190039679408 0.013162478338927032 -0.093174844980239854 1.048197388648987 -31.644566535949703 354.50000000000006 24.486953735351566 -0.90722548961639393 1.0568923354148867 53.194644927978523 70.480300903320327 14220.500000000002 0.012098331004381182 0.24996297806501391 7027.5000000000009 4.3438832759857187 1.6214670538902285 2.8081793785095219 7.932392120361329 0.2861058115959168 -0.14209798723459241 -0.25052930414676661
decision_type=2 2 2 2 2 2 2 2 2 2 2 2 2 2 2 2 2 2 2 2 2 2 2 2 2 2 2 2 2 2 2 2 2 2 2 2 2 2 2 2 2 2 2 2 2 2 2 2 2 2 2 2 2 2 2 2 2 2 2 2 2 2
left_child=1 7 3 -2 -5 8 11 20 9 19 49 12 -6 15 -15 -13 -9 36 33 -3 54 22 -22 27 -25 -26 -27 -18 55 -30 -28 -7 53 -8 51 -36 37 -11 -34 -21 41 42 -32 -37 -20 46 47 48 -4 -10 -51 52 -17 -33 -1 58 -57 -58 -29 -41 -61 -42
right_child=2 5 45 4 6 31 18 16 10 17 -12 13 -14 14 -16 34 23 -19 44 39 21 -23 -24 24 25 26 30 28 29 -31 40 32 38 -35 35 43 -38 -39 -40 59 61 -43 -44 -45 -46 -47 -48 -49 -50 50 -52 -53 -54 -55 -56 56 57 -59 -60 60 -62 -63
leaf_value=0.01245616277554068 0.016533498273592337 -0.0087683181639894841 -0.01562820114528464 -0.016258765862608417 0.018128695245912187 0.02230731355991647 -0.029363464484599474 0.02504052220931156 0.0010696904447887211 -2.8972201473480124e-05 -0.019778053850592583 -0.015452591628704906 -0.0010105709828669418 0.01299607595081903 -0.014282866546496327 0.0063809235039593223 0.014054616249130295 -0.012023247951830258 0.0068738384423949021 -0.0048315917439086965 0.0142142138295048 0.017199480496233502 -0.011711329469489225 0.022338091604759507 0.013678974530549188 -0.017421064976288959 0.021937059879030357 0.01665512472137709 0.023921535921993066 -0.0028892738273719716 0.021066211707239133 0.0044141460635082064 0.01665803949697096 -0.0078835084897424922 -0.016072937416547556 -0.0084354031409578992 -0.01656732106725875 0.014675694007728446 -0.00086568188852172384 0.018124935053646648 -0.0045696856776622444 -0.015303754581086201 -0.0047806121608015709 0.0088331948797126247 -0.015028580052333682 0.001199315919549006 -0.0009435908730374093 -0.018602966546297995 0.012120461044277209 -0.025803803285383693 -0.0024205583617547149 -0.0088929656650958457 -0.0048918318163745549 0.025616937807832609 0.02380207839217657 -0.01922199548565829 0.0043829503657844696 -0.018253875609434238 -0.0059998171034456767 0.018980340945525424 -0.0054913499877789129 0.013617706682125202
leaf_weight=220.99305376410484 77.762004062533379 58.037515357136726 102.39310012757778 229.83950525522232 79.742604896426201 61.061239093542099 94.27750052511692 61.310550019145012 254.85913494229317 1206.9792753010988 95.364708080887794 211.96206496655941 286.18776346743107 129.31269913911819 54.22765702009201 270.38501442968845 111.62327846884727 142.02541141211987 57.19797745347023 55.677282840013504 50.0147445499897 107.18225710093975 74.281575545668602 141.19760775566101 289.99102337658405 48.657813057303429 52.135448560118675 59.344657108187675 53.292354017496109 45.93440417945385 45.355917349457741 59.070828258991241 58.843465328216553 53.31870998442173 222.5213198363781 159.33454798161983 52.805237829685211 77.135767921805382 322.07261122763157 197.52216739952564 52.93633271753788 71.417094215750694 93.827394410967827 71.769663751125336 64.333380237221718 58.815572872757912 68.49713134765625 568.11162877082825 44.334394589066505 51.257582917809486 75.393527299165726 220.92268416285515 287.61797308921814 66.285189896821976 211.28926528990269 80.792614758014679 141.32522554695606 52.925035640597343 49.671907603740692 50.034543663263321 69.036598116159439 162.17516389489174
leaf_count=1014 332 241 535 1143 334 252 474 291 1059 4960 402 989 1206 536 229 1124 490 604 257 231 223 482 327 621 1339 214 243 263 237 201 200 244 248 261 972 689 217 320 1322 814 229 304 414 308 303 281 343 3085 227 217 318 935 1240 271 987 347 618 229 214 207 283 718
internal_value=-0.000103351 0.00460543 -0.00732083 -0.00519679 -0.00587462 0.00094499 -0.00482002 0.00935192 -0.000516022 0.000988526 -0.00653975 -0.00358374 0.00316021 -0.00509954 0.00493641 -0.00637472 0.00733268 -0.00100436 -0.0139797 0.00783797 0.0142616 0.00727697 -0.00127933 0.00663342 0.00918605 0.00691165 0.00318431 0.00252417 -0.000138991 0.0115102 0.00528249 0.00708981 0.00525444 -0.0216039 -0.00481359 -0.00944979 0.000166211 0.000854325 0.00184136 0.0104269 0.00324287 -0.00278264 0.00364214 -0.00307262 -0.00472034 -0.0138045 -0.0149311 -0.0162714 -0.00724381 -0.00323062 -0.0118841 -0.00211359 0.000570476 0.0156257 0.0180018 -0.00314871 -0.00690678 -0.00178463 0.00633271 0.0131103 0.00479183 0.00914201
internal_weight=8644 5231.14 3412.86 2570.71 2492.95 2953.46 2263.11 2277.67 2386.13 1909.25 476.875 1993.98 365.93 1628.05 183.54 1444.51 1613.91 1478.95 269.128 430.308 663.761 231.479 124.296 1552.6 957.694 816.496 526.505 594.909 483.286 99.2268 477.847 567.333 506.272 147.596 1232.55 453.626 1336.92 1284.12 380.916 372.271 425.712 210.6 139.183 231.104 121.531 842.152 783.336 714.839 146.727 381.51 126.651 778.926 558.003 125.356 432.282 384.059 275.043 194.25 109.017 316.593 119.071 215.111
internal_count=38218 22415 15803 11332 11000 12210 9857 10205 9873 7877 1996 8562 1540 7022 765 6257 7172 6101 1295 1776 3033 1032 550 6881 4282 3661 2322 2599 2109 438 2108 2337 2085 735 5268 1969 5497 5280 1570 1535 1865 918 614 997 560 4471 4190 3847 762 1594 535 3299 2364 515 2001 1671 1194 847 477 1304 490 947
is_linear=0
shrinkage=0.03


Tree=46
num_leaves=63
num_cat=0
split_feature=83 83 52 5 5 29 32 41 12 63 40 41 52 63 63 33 66 14 29 81 63 23 12 53 54 54 81 29 25 69 25 53 29 59 29 5 50 90 52 4 69 4 57 25 66 13 12 40 57 14 29 63 4 52 63 65 43 44 14 25 78 38
split_gain=312.163 91.3366 44.778 57.675 36.1005 47.5447 30.8417 28.6157 27.9786 29.9305 27.5086 26.6887 26.338 26.2505 41.0271 21.8814 27.2889 22.5541 21.8477 28.6258 21.7703 21.2029 21.7946 20.5386 20.2817 25.3871 20.2535 19.7615 19.3048 19.006 22.5295 18.9359 19.127 18.1665 17.8731 20.8955 21.4996 18.1029 21.3904 19.9197 17.8997 17.6648 17.5541 17.3011 21.2637 17.0095 16.654 16.5869 22.2947 27.782 17.2835 16.5782 16.5241 16.3942 20.1139 16.305 16.2635 15.8425 19.9652 15.4463 15.2315 15.1924
threshold=0.15037757903337481 1.2145466208457949 0.27206397056579595 -0.00086629900033585716 -0.0004909897397737949 0.22869636118412021 0.87749999761581432 -37.90192794799804 0.012158456258475782 -0.99428912997245777 -23.906067848205563 -18.574705123901364 0.17192661017179492 0.32350382208824163 -0.70246198773384083 301.07777404785162 656.50000000000011 0.010887244250625374 -0.17456021904945371 -0.32822225987911219 0.98285266757011425 3.5000000000000004 0.008447378873825075 0.89499261975288402 0.8545438051223756 0.71512699127197277 -0.0035467642592266198 0.64619597792625438 21.450428009033207 4296.5000000000009 36.476133346557624 0.76350873708724987 0.40399684011936193 1.1118057370185854 0.75326469540596019 -0.00031217074138112361 0.99948176741600048 1.3323501348495486 0.069220926612615599 -0.00026827599504031236 3073.5000000000005 -0.00011217942301300353 46.064779281616218 78.984287261962905 320.50000000000006 0.01189507218077779 0.0073305696714669475 16.570745468139652 41.927831649780281 0.014612555969506504 -0.91633629798889149 0.054514370858669288 -0.00046084566565696145 -0.18859737366437909 0.08063365146517755 -546.49999999999989 -19.05107498168945 -6.0331001281738272 0.019253203645348552 19.946424484252933 -0.032898824661970132 -0.26319159567356104
decision_type=2 2 2 2 2 2 2 2 2 2 2 2 2 2 2 2 2 2 2 2 2 2 2 2 2 2 2 2 2 2 2 2 2 2 2 2 2 2 2 2 2 2 2 2 2 2 2 2 2 2 2 2 2 2 2 2 2 2 2 2 2 2
left_child=4 2 3 6 23 11 18 27 9 -5 28 21 31 14 56 17 46 -3 19 47 34 -6 -23 -1 25 26 52 -4 -11 30 -16 32 -7 55 35 41 59 38 39 -38 -39 -12 -14 -15 -45 -26 -17 48 49 50 -2 -8 -13 -25 -55 -28 -10 -33 -59 -37 -61 -31
right_child=1 15 7 8 5 12 51 -9 13 10 20 24 42 43 29 16 -18 -19 -20 -21 -22 22 -24 53 45 -27 33 -29 -30 61 -32 57 -34 -35 -36 36 37 40 -40 -41 -42 -43 -44 44 -46 -47 -48 -49 -50 -51 -52 -53 -54 54 -56 -57 -58 58 -60 60 -62 -63
leaf_value=-0.0052612793309364508 -0.018518378003804448 -5.6097916802732041e-05 0.0087773268298977549 -0.015620830711910694 0.017466233976713003 0.0065432189497653948 0.0087476611011296865 -0.016472461631121628 0.0015387139967920286 0.0068169827631892246 0.0014561677826102674 -0.003028361753928531 -0.0011293079108911871 -0.0046684003239694551 0.030336407539803305 0.0043840418419185739 0.011984106499664891 -0.02498824277780437 0.0044867234351538346 -0.018119291756020523 0.016690915779444683 0.020677302155305097 -0.0013552657766050574 -0.0034485600534743728 0.024978719820232389 -0.015973743745900677 -0.0090701955368459319 -0.012862245210260618 0.026152792413381084 0.0090755798574549251 0.0071499635988920857 0.00017760478639050883 -0.013234439215101972 -0.014963093193045444 -0.0090011584670996181 -0.0021263100358824877 -0.011810475597350809 -0.0041465001321794722 -0.012206224470489193 0.0094281808037788625 0.013019614326973862 -0.011330263607345643 -0.022665256566054393 -0.030316944739941541 -0.0065313519849118885 0.0039477506314294286 -0.012898472304153086 -0.021942522111297453 -0.014316065580462084 0.020384268863106729 0.0047368847052102628 -0.0078368770266132211 0.01681652690954551 0.018537764849264445 0.0017757038720698924 0.010774940535900307 -0.01425980859201369 0.018409431208655121 0.00017713194561418783 0.0017730765598998448 0.020736836218594287 -0.0041059916470399501
leaf_weight=256.44569140672684 49.364830315113068 39.436479106545448 86.547003149986267 75.223360165953636 791.66857077181339 100.67297868430614 131.90589724481106 317.23605906963348 89.471032172441483 120.25356647372246 292.24956426024437 46.800218522548676 109.11771558225155 496.51313742995262 50.793578818440437 54.298521086573601 47.107336580753326 189.8985989689827 76.628954067826271 368.7778917402029 89.528132885694504 60.98265016078949 119.76230302453041 119.37815076112747 95.167678281664848 48.063561722636223 52.216892495751381 67.683817267417908 75.740713745355606 133.67117616534233 146.49008506536484 112.05222724378109 78.188615530729294 52.322820261120796 133.70718960464001 52.181133344769478 54.990039214491844 77.538994818925858 127.59956929087639 143.35007786750793 185.35632717609406 145.73179911077023 49.524022772908211 58.935875967144966 79.394626334309578 54.393240392208099 661.9039158821106 49.36918568611145 100.86671906709671 57.963126480579376 68.91933685541153 92.139259725809097 195.54880899190903 126.47381411492825 131.33497703075409 130.09222038090229 170.20559874176979 202.7988615334034 73.698726952075958 50.335623145103455 157.05393460392952 191.3280892521143
leaf_count=1074 240 202 372 310 3638 442 572 1479 368 496 1212 203 455 2082 208 263 218 1057 328 1678 370 292 535 491 439 211 229 310 314 551 611 487 328 228 572 213 224 317 525 584 759 605 203 250 343 236 3479 232 465 260 303 406 877 535 562 573 727 885 305 206 640 795
internal_value=-0.000160413 -0.00431157 -0.00255327 -0.00156776 0.00765078 0.0093494 -0.00787185 -0.0113191 0.000395702 0.00289871 0.00371548 0.0121688 0.00295379 -0.00275043 0.000928969 -0.0125749 -0.0101335 -0.0207009 -0.0107161 -0.0123917 0.00234269 0.0153496 0.00607844 0.00128914 0.0075838 0.00480755 0.0069016 -0.000719146 0.0142892 0.00577435 0.0131197 0.00597505 -0.0021025 0.000618873 0.00143813 0.00252319 0.00527037 0.0020996 -0.00262453 0.00353974 0.0079566 -0.00279833 -0.0078523 -0.00728247 -0.0166652 0.01733 -0.0115882 -0.00592207 -0.00306795 0.00336937 -0.00496849 0.00192722 0.0129843 0.0057427 0.0099987 0.00509091 -0.00881646 0.0096934 0.0135497 0.0124633 0.0161341 0.00131555
internal_weight=8664.39 5657.69 4665.05 4193.58 3006.7 2373.07 995.935 471.467 3197.64 1780.84 1705.62 1647.02 726.053 1416.8 781.96 992.645 763.31 229.335 771.89 695.261 1509.62 972.414 180.745 633.633 674.605 525.045 476.981 154.231 195.994 522.283 197.284 567.411 178.862 234.632 1420.09 1286.39 848.406 588.835 325.94 198.34 262.895 437.981 158.642 634.844 138.331 149.561 716.202 326.483 277.114 176.247 118.284 224.045 242.349 377.187 257.809 182.309 259.677 388.55 276.498 259.571 207.39 324.999
internal_count=38374 25146 19927 17766 13228 10566 4484 2161 13282 7347 7037 7461 3105 5935 3260 5219 3960 1259 3506 3178 6227 4465 827 2662 2996 2321 2110 682 810 2165 819 2447 770 1030 5857 5285 3468 2409 1333 808 1076 1817 658 2675 593 675 3742 1500 1268 803 543 978 1080 1588 1097 802 1095 1677 1190 1059 846 1346
is_linear=0
shrinkage=0.03


Tree=47
num_leaves=63
num_cat=0
split_feature=31 5 52 66 41 29 64 66 33 84 80 59 29 59 60 41 64 13 64 25 13 14 41 13 33 57 29 56 66 52 34 64 29 70 25 28 59 29 60 70 5 41 80 56 42 31 64 69 70 69 70 70 90 64 9 36 69 47 64 28 52 57
split_gain=215.531 90.0126 102.04 58.4586 52.034 45.6442 39.7689 43.6452 38.128 35.5889 33.0752 32.9464 31.1523 34.1318 30.1855 30.1789 24.635 24.4871 33.7154 23.9033 23.8182 27.687 29.281 26.6684 22.7822 22.7623 22.7229 21.989 21.9303 23.5958 21.0104 20.8937 19.8531 19.8031 20.8342 18.9641 18.8863 18.3283 17.9932 17.6993 17.8889 16.9453 18.7856 16.9368 21.1513 16.6994 22.5287 16.3724 17.0204 16.3521 20.4197 18.6317 23.8921 18.4582 21.6185 18.2015 16.3809 16.2191 16.1021 16.0793 16.915 15.9812
threshold=0.27250000834465032 0.0013385756174102428 -0.18573043495416638 656.50000000000011 -109.37187576293944 -1.0295106172561643 -0.87142586708068837 6.5000000000000009 992.84268188476574 1.0000000180025095e-35 21.914197921752933 0.21187471598386767 -0.23160143196582791 0.68290770053863536 13.118154525756838 -28.074716567993161 -0.96868926286697377 0.019733327440917495 -0.11970336735248564 71.374774932861342 0.010676356963813307 0.025813775137066845 -15.933863639831541 0.019414577633142475 2887.7624511718755 18.999937057495121 -0.62616702914237965 4.304157257080079 -621.49999999999989 0.2459475174546242 1.2738808989524844 -0.8959035575389861 -0.726608246564865 4198.5000000000009 36.128545761108406 0.20185561478137973 -0.57146707177162159 0.63475203514099132 2.8596787452697758 4245.5000000000009 -0.00086629900033585716 -26.994931221008297 19.613639831542972 5.431931972503663 29.701060295104984 0.89249998331069957 0.91442844271659862 17323.500000000004 31276.500000000004 3967.5000000000005 7457.5000000000009 28922.500000000004 0.097510933876037612 0.47907376289367681 0.00034272611082997178 -0.80075255036354054 1174.5000000000002 1.0003972649574282 -0.97485619783401478 -0.94285660982131947 0.1348596587777138 137.84529113769534
decision_type=2 2 2 2 2 2 2 2 2 2 2 2 2 2 2 2 2 2 2 2 2 2 2 2 2 2 2 2 2 2 2 2 2 2 2 2 2 2 2 2 2 2 2 2 2 2 2 2 2 2 2 2 2 2 2 2 2 2 2 2 2 2
left_child=4 2 5 6 -1 36 7 15 10 24 -5 17 13 25 20 -4 -11 18 -7 -17 49 22 28 61 26 -13 -6 -16 -22 32 31 58 -30 -9 -35 -21 -2 39 -27 41 -41 42 -28 -34 -45 46 -33 48 59 55 53 52 -52 -51 -55 -8 -57 -36 -3 -42 -61 -24
right_child=1 30 3 8 9 11 14 33 -10 16 -12 12 -14 -15 27 19 -18 -19 -20 35 21 -23 23 -25 -26 38 37 -29 29 -31 -32 45 43 34 57 -37 -38 -39 -40 40 47 -43 -44 44 -46 -47 -48 -49 -50 50 51 -53 -54 54 -56 56 -58 -59 -60 60 -62 -63
leaf_value=0.03579522811741799 0.00066892713514121163 -0.015651222606742701 0.025064190847975416 0.022286395813536627 -0.010997858052480269 0.001539793790071026 -0.013973476062155715 -0.017636403968294016 0.036294640754205167 0.025399006899661437 -0.0058502133937883959 0.019209479823005613 0.0085409787894586003 -0.015404148308164658 -0.0031953650457830626 0.00063595767360724175 0.0087729902885568291 -0.027809157792590355 -0.019340404710281051 0.032134533084943656 0.014393788216214027 0.0074314029861079246 -0.010201906810692255 -0.027212487314067304 0.022049166718973123 -0.018104459827083422 0.012107005832908661 0.021225369239724529 -0.014111509318139655 -0.01752026058519968 0.0019957989005597579 -0.017152520311441762 -0.010706292004162095 0.013000122513207684 -0.018260759014548659 0.009000980327986326 -0.022571915673362662 -0.010860061719269037 0.0017714720754660087 -0.0086294766933459281 0.022138401901749958 -0.014698460464228808 -0.01129218436562828 -0.0010039766107851026 0.01379683182016451 -0.025732051441699367 0.0057163606217053376 -0.0070653092464407815 -0.0065804362316184859 0.0046551409319657289 0.0059054789022912162 -0.0027986149509071985 0.027464734154337339 -0.0247431392060386 0.0033666648886749844 0.011797786046795745 -0.0041691004238688162 0.001820310398219572 0.0053375177256278286 0.011053096445381324 -0.0017507862223739923 0.0082101830018486421
leaf_weight=55.591390624642372 36.005504563450813 61.784704923629761 114.22178454697132 73.981530830264091 109.54010406136513 136.43755747377872 105.29776412248611 64.853743925690651 59.856377825140953 85.438820779323578 76.464287400245667 49.889811649918556 181.01301433146 202.25408835709095 54.106179431080818 202.5432612746954 1310.1777996122837 81.4810800999403 142.07177472114563 47.515314981341362 63.433771163225174 160.91230288147926 456.57499235868454 79.262241125106812 53.460218444466591 54.91226415336132 80.005607679486275 85.816856816411018 112.77443635463715 101.46880999207497 72.615750670433044 279.69335260987282 128.73729981482029 84.924421384930611 56.74626037478447 96.999229982495308 249.77181155979633 76.506224796175957 161.69969449937344 66.664499759674072 88.624190151691437 76.68510890007019 50.288797467947006 603.59403291344643 101.51206701993942 163.78514268994331 45.008090436458588 63.21823225915432 58.894064143300056 200.64329716563225 100.18365560472012 64.970125272870064 85.954002603888512 51.090821877121925 47.532244697213173 83.301312610507011 189.10850813984871 99.971051529049873 70.35827948153019 446.93688781559467 117.21401807665825 46.773747280240059
leaf_count=259 204 320 480 320 458 606 446 273 259 429 322 220 759 932 228 852 6059 371 637 199 270 689 1963 347 229 243 331 369 511 456 356 1371 537 355 238 404 1417 319 733 274 371 313 207 2539 426 950 205 258 242 845 421 277 359 215 200 351 797 424 336 1851 483 199
internal_value=0.00011467 -0.00311868 -0.00176412 0.000658439 0.00706701 -0.00905893 -0.00021818 0.00585803 0.0160432 0.00647191 0.00798593 -0.00606326 -0.00202976 -0.00611172 -0.00181417 0.0116885 0.00979083 -0.0133436 -0.00911151 0.00728634 -0.00249774 -0.00446076 -0.0055903 -0.011038 0.00287579 0.000940508 0.00204553 0.0117822 -0.00273488 -0.00377156 -0.0132727 -0.0150592 -0.00229783 -0.00291688 0.00103366 0.0166071 -0.0196438 0.00331551 -0.00326718 0.00434983 0.00628284 -0.0035095 0.00307579 -0.00070007 0.00112685 -0.0179221 -0.0139826 0.00756576 0.00886545 0.00142594 0.00472481 0.0110332 0.015861 -0.000568388 -0.0111954 -0.00338097 0.000713479 -0.00545091 -0.00447597 0.010259 0.00839283 -0.00849096
internal_weight=8629.15 5889.91 5196.66 3901.13 2739.25 1295.54 3690.82 767.775 210.302 2683.65 150.446 1009.76 649.769 468.756 2923.05 461.28 1395.62 359.99 278.509 347.058 2783.13 1855.04 1694.13 582.611 1288.04 266.502 1234.58 139.923 1111.52 1048.09 693.245 620.63 946.618 306.495 241.642 144.515 285.777 1125.04 216.612 1048.53 841.552 206.98 130.294 833.843 705.106 488.487 324.701 774.887 711.669 928.082 550.374 251.108 186.138 299.266 98.6231 377.708 272.41 156.717 132.143 652.775 564.151 503.349
internal_count=38314 26231 22693 16571 12083 6122 15670 3225 901 11824 642 4501 2887 2128 12445 1935 6488 1614 1243 1455 11848 7937 7248 2509 5336 1196 5107 597 4739 4469 3538 3182 4013 1290 1017 603 1621 4649 976 4330 3479 851 538 3502 2965 2526 1576 3205 2947 3911 2317 1057 780 1260 415 1594 1148 662 656 2705 2334 2162
is_linear=0
shrinkage=0.03


Tree=48
num_leaves=63
num_cat=0
split_feature=83 83 17 5 4 5 5 82 54 59 5 52 2 12 30 52 1 4 59 58 22 53 70 14 59 44 53 31 18 31 14 78 65 70 14 47 67 33 26 40 33 65 31 12 26 5 28 31 28 65 44 4 67 25 54 47 38 47 90 9 23 10
split_gain=274.063 95.8288 40.7315 45.591 34.9764 28.512 25.4502 24.9175 23.6674 27.16 28.536 28.3266 27.0503 23.5951 25.2404 23.4518 23.0546 22.4383 26.5641 23.3679 22.8782 21.6031 21.4449 21.3871 23.986 21.3053 26.1884 18.5831 17.3683 16.968 20.2525 15.7691 15.6352 15.3781 19.2616 17.3788 17.1376 18.2625 16.0239 17.0309 15.3806 15.3837 15.3307 16.0437 14.8414 20.7278 25.0988 14.8215 14.7011 18.6766 17.6177 14.6969 14.6551 14.272 14.1955 19.2524 24.1324 16.8344 15.377 14.3169 14.0328 14.6778
threshold=0.10351252555847169 1.0874727964401247 85.511924743652358 -0.00093361694598570455 -0.00068726073368452479 0.0014756770106032493 0.00073688718839548539 -64.232002258300767 0.88303765654563915 0.88642415404319774 -0.00047195835213642562 0.057465363293886192 -0.0001611685365787707 0.011607556138187649 0.57500001788139354 0.30542688071727758 -0.00038421504723373795 -0.0013115601032041011 -0.31056718528270716 -0.14895667135715482 1.0000000180025095e-35 0.87773165106773388 5622.5000000000009 0.011220230255275966 0.16339051723480227 -3.0926277637481685 0.72183042764663707 0.97250002622604381 18.797056198120121 0.292499989271164 0.011966928374022247 0.046096421778202064 390.50000000000006 12057.500000000002 0.010611831210553648 1.0008413195610049 -65.499999999999986 1897.7409667968752 1.0601113438606264 -0.36018985509872431 340.86238098144537 -151.49999999999997 0.84750002622604381 0.010056448169052603 1.5179440975189211 0.00056054579908959578 0.8342491388320924 0.417499989271164 0.98782441020011913 -441.49999999999994 -6.4715881347656241 0.00058312236797064554 560.50000000000011 69.190708160400405 -1.8736771345138548 1.0020973086357119 -0.20560628175735471 0.99790814518928539 -1.1097049713134763 -0.00070170024991966773 2.5000000000000004 0.081665903329849257
decision_type=2 2 2 2 2 2 2 2 2 2 2 2 2 2 2 2 2 2 2 2 2 2 2 2 2 2 2 2 2 2 2 2 2 2 2 2 2 2 2 2 2 2 2 2 2 2 2 2 2 2 2 2 2 2 2 2 2 2 2 2 2 2
left_child=4 2 3 16 -1 7 8 -3 9 10 12 13 -6 14 -11 17 -2 -5 19 -19 32 -14 -4 -24 -25 26 -22 28 -9 30 -21 -31 -20 36 35 -35 -27 54 39 -36 -40 53 43 -28 45 46 -30 -45 49 -12 -50 52 -51 -42 -38 56 57 -56 -59 -58 -61 -62
right_child=1 5 22 15 6 -7 -8 27 -10 11 48 -13 21 -15 -16 -17 -18 18 20 29 25 -23 23 24 -26 33 42 -29 44 31 -32 -33 -34 34 38 -37 37 -39 40 -41 41 -43 -44 47 -46 -47 -48 -49 50 51 -52 -53 -54 -55 55 -57 59 58 -60 60 61 -63
leaf_value=-0.001454795573592799 0.0013579333999505889 -0.01408158149118198 -0.017899395770740276 -0.016813294009583136 0.011795258859861235 -0.020019454392285942 0.00093263968536905358 0.015592349639221955 0.02107546966897466 3.7626187522816572e-05 0.0096534620815618578 -0.012495071517407877 -0.0190193364794084 -0.010436452954783593 0.023312111409780911 -0.012913059512588762 -0.0095726687063322248 0.028944092619183806 0.027026621415263876 0.0047374115541506745 -0.011301720798973614 0.0042837827600215187 0.0045603948655835516 0.0027312706856422162 -0.016918692615443574 -0.013687679523081649 0.0035225638683251828 -0.019041093283161961 -0.00071142485370426071 -0.0038806112459233038 0.030667883461435581 0.013965584366384095 0.0039063688618557572 0.022334923748458045 0.0086030625137610769 0.0008459605632079283 0.010281575543570806 0.015221765954243457 -0.0056846763266462236 -0.013915499638804821 -0.0034881054751105486 0.026581256759093626 0.012925509107169771 -0.012600909556108666 -0.0091449617333957001 -0.0097397385586792621 0.027354056505569997 -0.0011469259072504879 -0.0056101806184523815 0.033189212187515908 0.012578392817226773 0.0055753183846821907 0.017758036601628325 0.018316800927931375 -0.0049916950752164077 -0.010140085183558951 0.0075366335652949845 0.0007984235202387177 0.016843387072498869 -0.001159492416106503 -0.028032826542965919 -0.0062064341399646833
leaf_weight=292.9619245827198 241.58673353493214 416.83071015775204 169.43797409534454 57.771956235170364 149.29598662257195 241.76148650050163 273.09510841965675 44.060702472925186 179.85352091491222 76.483315721154213 417.8424074947834 90.961366027593613 66.242271944880486 51.236380040645599 92.837023869156837 101.81507113575935 617.69696961343288 48.89660120010376 49.510311394929886 61.274493888020515 246.58188328146935 77.919015064835548 134.43671491742134 84.441681578755379 165.45533940196037 69.496606379747391 335.71707488596439 68.645224764943123 78.184745892882347 143.99731415510178 48.616169944405556 64.531352743506432 56.212678715586662 110.05535019934177 48.92065292596817 48.930292308330536 116.15840031206608 82.675050735473633 54.19014847278595 79.10443913936615 59.028824925422668 50.092018201947212 73.179249614477158 156.43167217075825 244.62491877377033 83.924086585640907 45.290706038475037 290.48581480979919 75.949179038405418 61.998068764805794 129.91018171608448 78.519533187150955 519.70980888605118 49.814771518111229 75.618004411458969 162.83730192482471 69.591860964894295 82.407917991280556 154.6216067224741 129.55309535562992 48.77259224653244 64.269624263048172
leaf_count=1239 1051 2256 763 240 651 1447 1142 200 819 341 1910 393 281 212 425 456 2806 200 207 252 1019 334 572 388 774 287 1381 346 355 596 201 268 233 455 202 202 479 340 226 328 242 206 305 640 1126 406 205 1205 344 291 580 351 2452 205 312 680 287 340 637 538 200 268
internal_value=0.000267463 -0.00331093 -0.00136575 -0.000346079 0.00831776 -0.010791 0.00954029 -0.00851799 0.0106766 0.00968644 0.0112851 0.00159159 0.00284501 0.00740117 0.0127988 0.00126052 -0.00649954 0.00171299 0.00205477 0.00963456 0.00104756 -0.00642403 -0.00900806 -0.00508821 -0.0102789 0.0005033 -0.00268749 -0.00441147 -0.00238712 0.00666938 0.0162092 0.00164208 0.0147336 0.00276372 0.00709719 0.0157214 0.000711324 0.00172569 0.00307809 -0.00531076 0.00811729 0.0128232 -0.000205516 -0.00143332 -0.00413965 0.00176405 0.00958297 -0.00515609 0.0132142 0.0146169 0.00586795 0.0177582 0.0194027 0.00649141 0.000491184 -0.00095261 0.00144172 0.00733313 0.011265 -0.00445837 -0.00789931 -0.0156235
internal_weight=8562.35 5927.54 4704.22 4150.44 2634.82 1223.32 2341.85 981.561 2068.76 1888.9 1577.39 311.518 293.457 220.557 169.32 3291.16 859.284 3189.35 3131.57 367.316 2764.26 144.161 553.772 384.334 249.897 2658.53 1102.4 564.73 496.085 318.419 109.891 208.529 105.723 1556.14 500.136 158.986 1056 986.505 341.151 128.025 213.126 158.936 855.814 782.635 452.024 207.4 123.475 446.917 1283.93 1078.07 205.859 660.227 581.708 108.844 903.83 787.672 624.835 312.648 237.03 312.187 242.595 113.042
internal_count=38097 26332 19991 17494 11765 6341 10526 4894 9384 8565 7194 1371 1266 978 766 13637 3857 13181 12941 1517 11424 615 2497 1734 1162 10984 4550 2638 2292 1317 453 864 440 6434 2066 657 4368 4081 1409 530 879 653 3531 3226 2092 966 560 1845 5928 5004 924 3094 2743 447 3741 3262 2582 1289 977 1293 1006 468
is_linear=0
shrinkage=0.03


Tree=49
num_leaves=63
num_cat=0
split_feature=83 83 83 52 52 64 64 12 64 63 54 33 90 64 66 64 12 44 47 17 52 69 90 32 61 80 59 54 18 69 38 60 63 64 64 12 56 54 69 40 40 47 42 40 56 66 64 69 23 15 69 63 56 43 61 33 9 47 68 59 54 6
split_gain=261.548 59.3441 47.5807 35.8303 42.6771 34.8436 30.5024 28.1957 24.9117 26.1551 24.6238 24.2702 23.7751 23.36 22.8279 22.7733 23.8774 28.8097 23.5202 21.5399 21.5288 21.3852 20.6376 20.4768 19.0944 18.9931 23.6539 18.7632 18.38 23.5353 20.5144 19.7127 17.9233 24.2857 30.7677 17.7493 21.9863 37.2272 23.2342 26.3079 20.9965 19.4275 17.7392 28.9614 17.5883 17.0029 16.8408 16.3232 16.2351 20.9643 16.1476 16.0653 15.7503 15.3348 14.9764 14.9106 14.7596 30.2951 18.3345 18.1323 29.0248 17.1818
threshold=0.30446651577949529 1.4604680538177492 0.02615575306117535 -0.262771725654602 0.16239389777183535 0.10669767111539842 0.26092512905597692 0.0086924722418189066 -0.8959035575389861 -0.2185685262084007 -0.26310922205448145 318.17916870117193 -2.2366646528244014 0.93894198536872875 -521.49999999999989 0.88599923253059398 0.009961769916117193 -4.2096397876739493 1.003576457500458 17.109227180480961 0.20153444260358813 17697.500000000004 1.8138217926025393 0.89249998331069957 2.9092200994491582 13.446605682373049 0.68754830956459057 -0.89358863234519947 61.516242980957038 13142.500000000002 -0.27079580724239344 2.6804227828979497 0.86051779985427868 0.65110388398170482 0.47907376289367681 0.0066738296300172814 7.6503803730010995 -1.344562768936157 6387.5000000000009 -14.409310817718504 4.533125877380372 1.0012538433074953 44.635841369628913 28.073000907897953 4.3827815055847177 656.50000000000011 0.054514370858669288 13800.500000000002 1.0000000180025095e-35 46.73219299316407 3967.5000000000005 0.2861058115959168 8.3031897544860858 24.486953735351566 4.2457756996154794 621.26858520507824 0.00077080357004888367 0.99989980459213268 1.0000000180025095e-35 0.80833691358566295 0.22960823029279712 0.00077122281072661291
decision_type=2 2 2 2 2 2 2 2 2 2 2 2 2 2 2 2 2 2 2 2 2 2 2 2 2 2 2 2 2 2 2 2 2 2 2 2 2 2 2 2 2 2 2 2 2 2 2 2 2 2 2 2 2 2 2 2 2 2 2 2 2 2
left_child=2 3 19 -2 7 8 -7 21 9 -6 11 24 23 15 -8 16 32 18 22 -1 -19 42 -18 47 -9 26 -21 55 29 31 -31 -14 33 34 46 -27 37 -37 39 -39 54 -42 -5 -44 -41 53 52 -13 -46 -50 -28 -33 -4 -3 -40 -10 57 58 -12 60 -58 -59
right_child=1 45 13 4 5 6 14 10 27 -11 56 12 28 -15 -16 -17 17 20 -20 25 -22 -23 -24 -25 -26 35 50 -29 -30 30 -32 51 -34 -35 -36 36 -38 38 40 44 41 -43 43 -45 48 -47 -48 -49 49 -51 -52 -53 -54 -55 -56 -57 59 61 -60 -61 -62 -63
leaf_value=-0.0021167234588040634 -0.010967748110003254 -0.016025947000406767 -0.0020091257356113748 0.013780031788887254 0.015532489726156099 0.017386322068211318 0.0090359338453567684 -0.015559031125135063 -0.015738912663690353 -0.011331762150344942 0.018174778357905774 0.013464236749964902 -0.013978993313842412 0.013470431790298139 -0.0086041224267036469 -0.013500612112380305 -4.82322132322825e-05 0.0047002457536992979 -0.026804073742225702 0.02039186427161559 -0.010930175593064504 -0.007338376211999142 -0.017914110828034957 0.027728461541751494 0.00037080352119680659 0.015627226301314613 -0.0043498785801510979 -0.022504669550990373 0.0076798892742724733 -0.003564123416786353 -0.028121585141944093 0.014291386653441956 0.0154657995752648 0.023276732004458952 -0.015732588033886729 0.01490123674059734 0.012270236923821511 -0.026403358255826528 0.023138663304763427 0.011495486450126085 -0.017564546721717703 0.0096629414541105785 -0.014674057554053672 0.013252636186631951 0.0094411260191121435 0.0047519470443881124 0.017567713134408004 -0.0072866820867414717 0.0081703384161891969 -0.015605224658005857 0.015060580850036849 -0.0030044292731694891 0.013301263004107869 0.00073042811662246102 0.0045969356557590295 0.0045359643569898161 -0.01677860841446234 -0.013394850436800462 -0.0035673997882119143 -0.020747298394899825 0.0054615853042585634 0.0003447608600599337
leaf_weight=148.64063431322575 497.2591394931078 555.24309478700161 229.54448330402374 262.52447865903378 48.425629884004593 65.486006036400795 84.463951915502548 119.61316287517548 93.088165923953056 99.917426750063896 83.272825345396996 105.18162402510643 54.345489367842674 157.93336945772171 302.44341349601746 87.343479692935944 236.78292137384415 664.19493083655834 48.912843406200409 282.32388232648373 90.062573969364166 85.012448042631149 77.150621578097343 57.159639924764633 156.10212142765522 235.21195134520531 73.809696227312088 225.89954377710819 214.3916941434145 72.540818318724632 52.970847263932228 106.6355337947607 158.37247034907341 52.50784233212471 75.813203066587448 200.69404082000256 409.633266299963 45.223385870456696 76.525441855192184 68.516673803329468 48.290763631463051 46.101672753691673 61.991366490721703 72.517344623804092 49.543343365192413 44.079882562160492 78.547412052750587 50.496472507715225 43.881782963871956 139.44389019906521 80.796114459633827 88.403271451592445 82.101792246103287 53.928284361958504 80.392732426524162 50.277138128876686 105.7759055942297 188.68087749183178 60.098708510398865 108.83665472269058 105.47337864339352 144.76269401609898
leaf_count=644 2418 3141 946 1087 218 286 357 508 446 455 351 444 225 668 1368 358 970 2710 201 1355 378 353 318 238 658 1130 335 1079 900 304 223 442 666 220 311 925 1876 199 349 299 213 200 256 301 219 212 328 215 199 614 370 377 338 275 358 226 463 797 254 475 452 623
internal_value=0.000118804 -0.00488412 0.0056247 -0.00345661 -0.00233391 -0.0076303 -0.00154841 -0.000154033 -0.0129459 -0.0025621 -0.00181793 0.0011384 0.00377771 0.00238848 -0.0047532 0.00145818 0.00218647 -0.000507642 -0.00745376 0.00887724 0.00283389 0.00631709 -0.00443885 0.0123718 -0.00654001 0.00974629 0.0152264 -0.0171174 0.00067371 -0.00333291 -0.0139283 0.00199962 0.00663272 0.00393479 0.00175541 0.00808747 0.00661969 0.00372135 -3.12199e-05 -0.00506679 0.00691387 -0.00426652 0.00924098 0.000381991 -0.00186521 -0.0132406 0.00515327 0.00673337 -0.0057963 -0.00991418 0.00579392 0.00645189 0.00202433 -0.0145426 0.0136393 -0.00862867 -0.00581648 -0.00247134 0.00906086 -0.0107996 -0.00567444 -0.00742987
internal_weight=8545.6 4477.3 4068.3 3824.05 3326.79 970.001 452.393 2356.79 517.608 148.343 1874.74 1077.84 802.125 2039.27 386.907 1881.33 1793.99 1117.1 362.846 2029.03 754.258 482.046 313.934 212.838 275.715 1880.39 436.93 369.265 589.288 374.896 125.512 249.384 676.887 518.515 466.007 1443.46 1208.25 798.614 597.92 346.609 251.311 94.3924 397.033 134.509 301.386 653.251 390.194 155.678 232.869 183.326 154.606 195.039 311.646 609.171 156.918 143.365 796.901 476.815 143.372 320.086 211.249 333.444
internal_count=38124 20427 17697 16799 14381 4435 2011 9946 2424 673 7949 4534 3368 8412 1725 7744 7386 4577 1489 9285 3088 1997 1288 897 1166 8641 2060 1751 2471 1571 527 1044 2809 2143 1923 6581 5451 3575 2650 1530 1120 413 1644 557 1331 3628 1612 659 1032 813 705 819 1284 3416 707 672 3415 2025 605 1390 915 1420
is_linear=0
shrinkage=0.03


Tree=50
num_leaves=63
num_cat=0
split_feature=10 84 52 29 30 29 52 44 51 47 57 41 78 58 60 33 29 52 70 70 80 90 77 70 65 4 32 80 63 51 51 40 70 26 42 63 70 28 69 80 18 78 80 25 80 40 44 25 33 80 59 69 28 59 32 32 41 41 69 26 44 29
split_gain=185.767 81.5872 57.163 69.5192 47.944 39.6325 29.0131 27.6834 27.6097 26.9887 26.0226 24.4227 23.7281 23.4898 22.6739 22.3941 27.7694 22.2766 23.1745 21.422 21.6953 21.0945 23.6073 20.6499 20.4732 22.1804 19.3267 19.2859 24.0279 28.1023 24.9015 22.1527 21.3382 26.0844 25.1235 18.9171 33.1562 20.5681 19.5228 18.8099 18.5336 31.2248 21.1676 18.2048 21.2313 21.3206 17.8388 19.4658 17.8021 21.2786 27.0928 17.5646 17.2563 16.8799 16.8771 16.6832 16.5247 19.3427 15.9455 17.2751 15.8614 15.7641
threshold=0.11345345526933671 1.0000000180025095e-35 0.27206397056579595 -1.0509431362152097 0.22500000149011615 -0.61663898825645436 0.17853766679763797 -2.6737791299819942 0.08885162323713304 1.0033227801322939 42.219388961791999 -11.347001075744627 -0.061542600393295281 0.65753617882728588 2.1437568664550786 219.06842803955081 1.0210732817649844 0.19144861400127414 5528.5000000000009 11933.500000000002 15.576460838317873 -1.0563466548919676 -0.054011344909667962 7495.5000000000009 341.50000000000006 -0.00068726073368452479 0.19749999791383746 30.605490684509281 0.94480377435684215 0.022417751140892509 0.031129873357713226 -19.367568016052243 4245.5000000000009 0.74241450428962719 20.351043701171879 0.7702331840991975 6571.5000000000009 -1.2169535756111143 10066.500000000002 26.741379737854007 63.218318939208991 -0.0018848435720428822 19.701232910156254 6.7272047996521005 30.424527168273929 7.7896759510040292 5.2337627410888681 66.811004638671889 3159.5966796875005 14.414086341857912 0.69274005293846141 4390.5000000000009 -0.053981887176632874 -0.68161344528198231 0.94249999523162853 0.60750001668930065 -1.0555605888366697 -14.060374259948729 18258.500000000004 1.3027205467224123 2.9226225614547734 0.51836881041526806
decision_type=2 2 2 2 2 2 2 2 2 2 2 2 2 2 2 2 2 2 2 2 2 2 2 2 2 2 2 2 2 2 2 2 2 2 2 2 2 2 2 2 2 2 2 2 2 2 2 2 2 2 2 2 2 2 2 2 2 2 2 2 2 2
left_child=1 5 3 53 8 43 7 9 21 27 11 13 14 23 -9 -12 40 24 -19 20 -14 35 -23 -6 25 -3 -25 28 29 -7 51 -32 -33 -34 -35 36 37 -5 60 58 42 -42 -17 -1 -45 -46 47 61 49 50 -27 -31 55 -2 -10 -28 57 -21 -8 -60 -38 -15
right_child=2 17 -4 4 10 6 39 12 54 -11 15 -13 19 46 -16 16 -18 18 -20 56 -22 22 -24 26 -26 48 52 -29 -30 30 31 32 33 34 -36 -37 38 -39 -40 -41 41 -43 -44 44 45 -47 -48 -49 -50 -51 -52 -53 -54 -55 -56 -57 -58 -59 59 -61 -62 -63
leaf_value=0.010511234221130846 0.0014131726457016647 -0.0021917622150135021 -0.015339383771109842 -0.013577228972565294 -0.015087541730970259 0.018593436646783579 -0.0032244493298323844 -0.014167244981647762 0.018985554389011939 -0.020098488892313714 -0.016670160243373987 -0.011629412509584642 0.016510197010969216 0.010081448816728809 0.004202970005882288 0.0051496171957735332 -0.025627062877435915 0.015056109510820315 -0.010430251131062858 0.016403735618682351 0.0031434729244943561 -0.018902611717469271 0.00065727342102567786 -0.017822617428386731 0.030203413433825529 0.02010666494302937 0.026752305035042938 0.014676906682278029 0.013769600753715271 -0.0043016653856315073 0.013706240293620242 -0.019662987886165908 0.018068564336811671 -0.011848160732540674 0.003888629154376285 -0.0080857099108662851 0.015309998739411542 0.010369995232725438 0.027540178795547071 0.0063068259441055284 0.02040461364402766 -0.0043224149371122837 -0.014074665021419418 -0.012487198513402043 -0.0079312755949330661 0.017266629621634069 -0.0063395569429359347 0.016039740440949919 0.02214552328338212 0.006566894069038506 0.0050330551127311081 -0.023577293700396039 -0.0053735520737111216 -0.020344749239736976 -0.00171857005068542 0.0015180805951679416 0.026921708412174863 -0.0049196735752663565 -0.027968573808187996 -0.0039780306447235484 -0.0056998804258878476 -0.0084099298802635392
leaf_weight=49.774451076984406 36.581287160515785 134.58419580757618 458.86252838373184 81.92004868388176 124.46264371275902 57.054951816797256 415.89532780647278 77.230638757348061 137.70762573182583 55.682566434144974 250.67492283880711 186.59443373978138 141.19042624533176 88.174823492765427 278.63847690820694 70.498222917318344 57.048287406563759 47.408668786287308 99.502477630972862 163.80346696078777 483.60699799656868 88.320535510778427 149.59595060348511 43.212557673454285 43.941226601600647 296.67550374567509 44.268280103802681 89.152927488088608 101.91740138828754 91.119747668504715 86.796568408608437 58.973268777132034 59.207052946090698 169.85290533304214 197.43407103419304 86.684708520770073 99.636913016438484 53.269442766904831 72.076706573367119 145.29946400225163 64.762563541531563 158.3259729295969 191.7726184129715 339.7651292681694 77.563661441206932 49.513055101037025 92.99681930243969 159.66912832856178 110.00134164094925 791.27745473384857 168.13395497202873 79.81401464343071 83.877776205539703 261.40561723709106 47.7116379737854 50.455357566475868 87.104397520422935 49.965039119124413 54.873914271593094 53.206453815102577 47.880730524659157 78.373750895261765
leaf_count=212 205 587 2474 352 561 240 1768 319 583 229 1147 850 585 382 1156 299 307 215 441 678 1998 384 627 194 214 1453 200 367 424 381 358 242 248 696 811 378 420 227 304 616 277 701 851 1506 329 211 416 700 543 3657 777 329 371 1507 210 227 361 206 238 223 205 354
internal_value=-7.35603e-06 0.00354408 -0.00549878 -0.00394598 -0.00237865 0.00093857 0.00226108 0.00384334 0.00339739 0.000224404 -0.00524092 -0.00189744 0.00679997 0.000474808 0.00021627 -0.00925473 -0.00582767 0.00895748 -0.00220573 0.00933104 0.00616406 0.000597037 -0.00660384 -0.00530744 0.0100192 0.00942823 0.000180292 0.00136594 5.05428e-05 -0.00169667 -0.00325433 -0.000253111 -0.0027489 -0.000410112 -0.00338889 0.00447774 0.00754738 -0.00414118 0.0147432 -0.00324389 -0.00350048 0.00285584 -0.00890719 -0.00673571 -0.00857457 0.00188661 0.00525102 0.00855522 0.010573 0.00955954 0.0146541 -0.013302 0.00453609 -0.0176737 0.013658 0.0133111 0.0159076 0.0114197 -0.00589233 -0.0161584 0.00849069 0.00137985
internal_weight=8572.78 5205.96 3366.82 2907.96 2609.97 3514.44 2997.82 2328.54 864.804 1047.01 1745.17 952.086 1281.54 765.491 355.869 793.083 542.408 1691.52 146.911 925.67 624.797 679.385 237.916 346.277 1544.61 1500.67 221.814 991.323 902.17 800.253 743.198 572.264 485.467 426.494 367.287 441.469 354.784 135.189 219.594 669.275 485.359 223.089 262.271 516.616 466.842 127.077 419.215 326.218 1366.09 1256.09 464.809 170.934 178.601 297.987 185.419 94.7236 300.873 213.769 523.976 108.08 147.518 166.549
internal_count=38331 22618 15713 13239 11527 14731 12473 9628 3690 4325 7837 4255 5303 3405 1475 3582 2435 7887 656 3828 2583 2897 1011 1553 7231 7017 992 4096 3729 3305 3065 2355 1997 1755 1507 1886 1508 579 929 2845 2128 978 1150 2258 2046 540 1852 1436 6430 5887 2230 710 798 1712 793 427 1245 884 2229 461 625 736
is_linear=0
shrinkage=0.03


Tree=51
num_leaves=63
num_cat=0
split_feature=83 83 77 5 53 13 64 56 64 5 64 33 67 81 5 67 44 5 39 16 39 2 92 44 44 44 64 64 65 64 77 5 44 1 13 59 65 65 43 56 5 41 4 70 33 67 41 31 67 31 63 65 4 80 44 6 69 64 5 65 25 33
split_gain=237.71 63.9726 44.0835 47.0964 41.6535 33.7248 32.426 38.3244 31.6852 27.4081 28.4788 27.2277 26.2562 23.8098 21.3755 20.7732 23.8632 24.0721 27.9263 30.0277 22.7625 21.708 21.6462 20.4834 20.8375 20.0749 30.5549 19.6049 19.4267 19.0931 18.7596 22.718 23.3908 19.1665 18.4057 19.9237 17.1373 16.8105 16.5981 16.5549 20.8488 17.8483 16.3246 16.2746 16.0414 17.731 17.0304 16.0023 15.7296 22.8694 22.6944 19.7435 17.5757 16.9971 23.7456 21.1999 15.531 15.1309 15.41 15.0812 14.164 17.7601
threshold=0.4908346831798554 0.003450799267739058 -0.31160107254981989 0.0016954421298578384 1.2164460420608523 0.016832492314279083 0.90352019667625438 6.6376779079437265 0.87985393404960643 -0.0021264930255711074 -0.87142586708068837 340.86238098144537 -65.499999999999986 -0.3483040183782577 0.00073688718839548539 13.500000000000002 -12.658557415008543 -0.000836543331388384 0.26846113801002508 30.398025512695316 0.12502252310514453 -0.00064757585641928006 1.0000000180025095e-35 -4.6367318630218497 4.6817162036895761 4.0630099773406991 0.9247100055217744 -0.8959035575389861 72.500000000000014 -0.97485619783401478 0.21619375795125964 -0.00027349703304935241 -0.47113864123821253 0.00010921514331130312 0.009282961022108795 1.4522265791893008 -381.49999999999994 -665.49999999999989 -20.450397491455075 6.3672385215759286 2.6731429898063656e-05 3.5525751113891606 -0.00056664619478397061 9929.5000000000018 795.86636352539074 103.50000000000001 -36.985269546508782 0.23749999701976779 1178.5000000000002 0.15250000357627871 0.95305636525154125 231.50000000000003 -0.00039183367334771896 13.840187549591066 -12.456817626953123 0.00011816689584520647 18258.500000000004 -0.99280729889869679 0.00058534531854093086 -286.49999999999994 68.756847381591811 535.62191772460949
decision_type=2 2 2 2 2 2 2 2 2 2 2 2 2 2 2 2 2 2 2 2 2 2 2 2 2 2 2 2 2 2 2 2 2 2 2 2 2 2 2 2 2 2 2 2 2 2 2 2 2 2 2 2 2 2 2 2 2 2 2 2 2 2
left_child=1 14 -2 6 5 12 8 -8 9 -4 13 -9 38 -11 29 -12 28 21 19 20 -19 -18 39 -7 43 26 59 -5 -17 -1 31 32 -14 -34 44 37 -15 -36 -3 40 -20 42 -41 -25 47 -46 -47 -33 49 50 51 52 -31 54 -54 -55 -13 -38 -59 -6 61 -27
right_child=2 4 3 27 25 23 7 11 -10 10 15 56 30 36 -16 16 17 18 22 -21 -22 -23 -24 24 -26 60 -28 -29 -30 48 -32 34 33 -35 35 -37 57 -39 -40 41 -42 -43 -44 -45 45 46 -48 -49 -50 -51 -52 -53 53 55 -56 -57 -58 58 -60 -61 -62 -63
leaf_value=0.022483747574287907 -0.020966201380021247 0.0020631897660297648 -0.019055231522827992 -0.0029888088055862205 0.013640782479774434 -0.017791891223235445 0.026806862484367523 -0.013657568703199272 -0.027090728526888742 0.018128304761612188 0.014194885273038704 0.009508152347105777 -0.0065140495577432258 0.016528966722832356 -0.0015392728750556596 -0.026035819312027194 0.0044642763410409339 0.012378415424381881 -0.00012694171549999794 0.027324038374417509 -0.0092256405472198027 -0.014991049743774493 0.01162051515941692 0.004888798150562282 -0.013822549657831073 -0.016926160835943106 0.026220457636918982 -0.019958878817455224 -0.0049234340413835103 -0.00034149884101781759 -0.0089660127178798153 -0.0065466812139135635 0.007148723691954878 -0.0090781217274994996 0.01876917691356261 -0.013510649932729501 0.006139780842130957 0.0033333331126417275 -0.020183272760237344 -0.019648518806141692 -0.017150325500784967 0.0099056396924644859 -0.003644911025382204 -0.010432147111512625 0.0019981454476450775 0.036007644870076128 0.014892481821001615 0.015510442877722361 0.025954117423620693 0.0030309428034039879 0.0271144436872728 0.027976707528495452 0.00067317691247045092 0.012623800915939409 0.023040101223512577 0.00014386408407567698 -0.0097648992310504119 -0.0013342124154686566 -0.017010645676541147 -0.00085252532159586086 0.012864833637800079 0.004295479589912935
leaf_weight=96.21886046230793 174.24653984606266 49.153189569711685 117.43371456861496 79.993067488074303 150.00822308659554 117.45043824613094 56.284165874123573 93.58367808163166 59.47514782845974 72.510667949914932 44.979415133595467 182.59116344153881 353.29770749807358 46.946425080299377 173.96750862896442 95.988688468933105 61.470141708850861 80.368674352765083 91.355366498231888 48.031465843319893 96.709657862782478 321.98870049417019 62.633608371019363 220.80378784239292 128.53858725726604 56.393315508961678 110.02374051511288 261.751404941082 66.33142825961113 163.56930822134018 122.07959276437759 67.288733676075935 335.34725730121136 81.416576996445656 69.756103292107582 57.987836301326752 116.99280442297459 707.83770661056042 78.214219495654106 65.632434606552124 222.31990879774094 75.956207618117332 455.41285832226276 86.98014472424984 52.914333447813988 52.403688177466393 99.940494105219841 52.854703024029732 46.252014696598053 512.70833849906921 71.37258343398571 49.690153270959854 57.199775412678719 297.19879990816116 168.72867567837238 208.40987464785576 47.399226859211922 156.85996459424496 88.149979427456856 113.51223090291023 68.416598573327065 95.759765848517418
leaf_count=483 973 205 635 438 615 495 244 424 271 328 194 801 1460 204 743 434 287 347 388 204 422 1617 289 926 542 235 463 1505 292 740 523 280 1386 336 289 238 511 2919 321 297 984 340 2037 367 222 223 424 218 228 2255 381 242 275 1428 828 960 205 670 399 470 284 400
internal_value=-4.05313e-05 0.00398843 -0.00627509 -0.00546735 0.00150451 -5.98772e-05 -0.00419589 0.00395919 -0.00546156 -0.00492288 -0.00419198 -1.50494e-05 0.00161918 0.00228474 0.00846865 -0.00593483 -0.00645394 -0.00532988 -0.00323651 0.00628601 0.000579564 -0.0118723 -0.00543891 -0.00667118 -0.00367768 0.00870424 0.0129418 -0.0159866 -0.0174083 0.00951035 0.00243912 0.00316014 -0.000835262 0.00397874 0.00581023 0.00345301 -0.000524482 0.00471805 -0.011598 -0.0066122 -0.0121924 -0.00368027 -0.00566077 0.000559079 0.0118632 0.0169592 0.0221557 0.00315691 0.00871785 0.00819642 0.0108027 0.00957042 0.00854863 0.0105364 0.0173773 0.00747962 0.00553613 -0.00273606 -0.0069743 0.00739775 0.00152777 -0.00357001
internal_weight=8517.09 5173.69 3343.4 3169.15 3328.38 2734.27 2827.41 379.858 2447.55 2388.07 2270.64 323.574 2180.49 481.46 1845.32 1789.18 1744.2 1581.88 1198.42 225.11 177.078 383.459 973.31 553.773 436.323 594.114 373.544 341.744 162.32 1671.35 2053.12 1931.05 770.062 416.764 1160.98 835.582 408.949 777.594 127.367 910.677 313.675 597.002 521.045 307.784 325.402 205.259 152.344 120.143 1575.13 1528.88 1016.17 944.797 895.106 731.537 225.928 505.609 229.99 362.003 245.01 263.52 220.57 152.153
internal_count=38144 22404 15740 14767 13841 11374 12824 1674 11150 10879 10244 1430 9044 2112 8563 8132 7938 7212 5308 973 769 1904 4335 2330 1835 2467 1548 1943 726 7820 8518 7995 3182 1722 4813 3446 1784 3208 526 4046 1372 2674 2334 1293 1367 869 647 498 7337 7109 4854 4473 4231 3491 1103 2388 1006 1580 1069 1085 919 635
is_linear=0
shrinkage=0.03


Tree=52
num_leaves=63
num_cat=0
split_feature=83 29 52 64 31 57 52 25 33 82 56 15 29 25 66 65 10 32 64 64 40 53 14 53 25 80 18 70 10 9 36 10 33 52 64 80 54 64 68 83 54 17 16 7 64 70 65 64 65 80 54 57 25 61 56 57 66 29 40 57 31 25
split_gain=238.247 53.6546 54.0657 41.5868 37.1313 33.9184 31.0711 31.3319 29.2605 29.072 26.9367 24.153 22.9101 23.5902 25.2783 22.7331 26.2218 23.5923 22.5284 34.7151 22.7746 22.358 22.3229 22.3107 22.0513 20.9815 21.2852 27.2912 19.7186 19.5865 19.4822 19.0487 18.6496 21.4262 18.6124 20.3615 25.0869 20.9696 18.438 19.842 18.3808 17.8963 17.1418 17.0796 16.7804 16.7681 16.7404 16.697 19.3135 18.5795 20.2383 16.7423 16.2373 32.6018 21.3619 15.8529 15.5964 15.4155 15.2206 15.214 15.1278 15.0918
threshold=0.24900863319635394 -1.0759288668632505 0.26252925395965582 -0.99771150946617115 0.096249997615814223 53.647853851318366 -0.2539199143648147 29.484158515930179 1213.2348632812502 51.225864410400398 9.6713781356811541 35.657402038574226 0.95454317331314098 90.591709136962905 30.500000000000004 -71.499999999999986 0.065134137868881239 0.93250000476837169 0.66098293662071239 0.51316559314727794 9.3521213531494158 0.9290660321712495 0.010056682396680118 1.0904318094253542 63.619501113891609 24.678289413452152 86.750408172607436 11745.500000000002 0.040410494431853301 0.0016207363223657014 -0.73668053746223439 0.21146889030933383 1658.9359130859377 0.030825213529169563 -0.83025357127189625 18.305741310119632 -1.8411073088645933 0.90352019667625438 1.0000000180025095e-35 0.43667910993099218 -0.54808488488197316 23.780755996704105 47.828861236572273 0.00077024693018756818 -0.84455960988998402 7495.5000000000009 -821.49999999999989 0.08063365146517755 131.50000000000003 13.651201248168947 -1.0000000180025095e-35 24.483136177062992 50.698089599609382 3.8305188417434697 9.194155693054201 28.244247436523441 -73.499999999999986 0.65933069586753856 -1.1277313232421873 38.973503112792976 0.86250001192092907 18.929729461669925
decision_type=2 2 2 2 2 2 2 2 2 2 2 2 2 2 2 2 2 2 2 2 2 2 2 2 2 2 2 2 2 2 2 2 2 2 2 2 2 2 2 2 2 2 2 2 2 2 2 2 2 2 2 2 2 2 2 2 2 2 2 2 2 2
left_child=3 24 6 -1 10 15 31 11 46 23 18 45 13 25 -15 17 -17 41 19 20 47 -18 40 32 -2 29 27 52 -22 57 -21 38 33 -7 61 -36 -37 -38 39 -3 -13 -6 55 -11 -14 -8 -4 49 -49 -5 51 -51 54 -54 -27 -23 -25 -9 -29 -46 -40 -24
right_child=1 2 8 4 5 9 7 12 -10 43 -12 22 44 14 -16 16 21 -19 -20 30 28 42 34 56 -26 26 -28 58 -30 -31 -32 -33 -34 -35 35 36 37 -39 60 -41 -42 -43 -44 -45 59 -47 -48 48 -50 50 -52 -53 53 -55 -56 -57 -58 -59 -60 -61 -62 -63
leaf_value=0.028491992750051376 -0.012966063328704308 0.002782839766011823 0.0023045154202723898 0.022965910530813295 -0.0063099892120632266 -0.01144038322837008 0.0046488795604501037 -0.0030709545113925068 0.0078239697930460525 -0.023047250373385415 0.028333306437894661 0.021689873946924676 0.0036594655379537247 0.020587033293029553 -0.0013369599530936248 0.018726012390678066 -0.00083656152331198629 0.023279113007105522 0.020728006153754946 -0.018540280133890176 0.015508131343513918 0.018673665471721907 0.00023578747057527956 0.020360947844074075 -0.034654219423443031 -0.019197092382429799 0.017444158137860398 0.022888054236010168 -0.0013935404859267619 -0.015627531314396554 0.0028433674977570438 -0.022373587774818366 0.012028863131993313 0.0053607224789316843 0.0060076384258766821 0.0061868046140447575 -0.013588784285934657 0.0065593274931944707 -0.0050579409616824484 -0.020276031847427298 0.000335507159991874 0.0036075585386253863 0.01862265844063566 -0.0028535562348597993 -0.0097791794790575634 0.022925100960523317 -0.015051216705289373 0.0353652031858896 0.010560388562478913 -0.011232154869219822 0.022225854957729684 0.0077681318964905547 0.011504721168808629 -0.0097440109745004794 0.0025508552587486352 -0.0021751929877251472 0.0011982332577066032 -0.016524427841851846 0.0036407753168650756 -0.029311302726620702 0.013024840871286195 0.021721687599867177
leaf_weight=70.756435319781303 259.26840713620186 45.501237139105797 54.998739466071129 83.437942385673523 204.37746088206768 212.77988114953041 98.07008995115757 883.4158008992672 64.157237499952316 84.270984843373299 66.55872717499733 78.15321309864521 41.878699764609337 80.536400869488716 114.79966631531715 199.19624258577824 240.09971325099468 47.42073455452919 122.68594689667225 63.632754653692245 86.604026913642883 47.761925831437111 66.249096855521202 74.361521229147911 50.392692893743515 123.63006077706814 62.27297081053257 46.076091796159744 219.77884155511856 158.10896493494511 96.493404552340508 80.398595660924911 61.447566628456116 100.61853116750717 160.5311498939991 108.17872102558613 290.60058861970901 55.344590544700623 233.21111169457436 128.24804954230785 67.704282119870186 823.90000906586647 150.06394822895527 68.204068124294281 86.86258365213871 83.77618981897831 552.27555386722088 61.233024790883064 52.449102059006691 59.18669667840004 58.447163492441177 141.58364236354828 115.59498615562916 148.43225993216038 60.560254707932472 104.94598872959614 78.660752236843109 83.936242833733559 187.25247494876385 61.163757398724556 50.687489524483681 52.928873628377914
leaf_count=324 1493 196 265 421 851 883 419 3699 277 349 332 325 203 343 487 915 1006 206 595 283 434 204 279 314 292 529 267 195 985 677 440 412 259 422 676 457 1251 234 1081 636 281 3515 646 283 422 353 2906 302 247 271 276 637 498 644 264 449 331 370 803 328 248 224
internal_value=-3.62021e-05 -0.00441431 -0.00358765 0.00571475 0.00526834 0.00323837 -0.00221902 -0.001134 -0.0114438 -0.00247561 0.0098283 0.00311574 -0.00313499 -0.00221781 0.00770223 0.00537696 0.00941625 0.00259047 0.00865027 0.00704462 0.00971065 0.00600021 0.00105831 0.000857362 -0.0164955 -0.00325443 0.000655188 -0.000878823 0.00338399 -0.0058383 -0.00565431 -0.00890614 -0.00308327 -0.00604628 -0.00107227 -0.00317608 -0.00642249 -0.0103655 -0.0065402 -0.0142374 0.0117776 0.00163638 0.0114218 -0.0140143 -0.0131064 0.0130687 -0.0134794 0.0139583 0.0239211 0.010653 0.00668969 0.00216689 -0.00521018 -0.000441006 -0.0120465 0.00434563 0.0105104 -0.0042383 0.00744159 -0.0178498 -0.00182943 0.00977802
internal_weight=8516.15 4835.2 4525.54 3680.96 3610.2 2498.11 3854.1 3316.06 671.432 680.343 1112.09 1061.54 2254.52 2064.62 195.336 1817.77 742.068 1075.7 1045.53 922.847 762.72 542.872 879.691 527.868 309.661 1869.28 743.819 681.546 306.383 1125.46 160.126 538.046 374.846 313.398 733.833 614.655 454.124 345.945 457.648 173.749 145.857 1028.28 302.772 152.475 189.905 181.846 607.274 456.338 113.682 342.655 259.218 200.77 448.218 264.027 184.19 152.708 153.022 967.352 233.329 148.026 283.899 119.178
internal_count=38214 22034 20249 16180 15856 10633 16801 14228 3448 2841 5223 4499 9729 8776 830 7792 3220 4572 4891 4296 3573 2305 3727 2209 1785 7946 3200 2933 1419 4746 723 2573 1564 1305 3121 2618 1942 1485 2161 832 606 4366 1299 632 953 772 3171 2154 549 1605 1184 908 1935 1142 793 653 645 4069 998 750 1329 503
is_linear=0
shrinkage=0.03


Tree=53
num_leaves=63
num_cat=0
split_feature=31 52 5 66 64 5 63 58 64 64 56 63 80 42 64 67 25 63 12 56 70 80 60 34 51 63 64 26 70 28 64 28 31 22 78 57 63 32 80 32 61 90 69 69 33 64 5 81 47 25 52 42 52 31 47 63 63 57 67 32 81 81
split_gain=162.449 74.7666 80.1116 42.7634 44.5646 48.3411 42.707 37.2713 33.0271 52.0402 43.4043 30.9496 30.2416 29.4919 28.8181 27.4413 30.39 31.7097 34.3836 41.8225 30.3886 26.4018 26.0519 24.5147 20.0906 19.676 44.7022 24.567 24.1078 23.6217 22.9004 19.6051 19.1655 23.976 21.8475 19.0961 23.2101 35.4575 23.8448 21.2887 18.7409 18.7966 24.5518 18.6383 19.9611 18.586 18.526 20.4886 18.0693 31.844 19.6881 19.068 17.7452 17.0013 16.4345 16.3274 26.4074 25.1847 20.3139 18.4894 16.1924 16.1698
threshold=0.27250000834465032 -0.39894463121891016 0.0014756770106032493 656.50000000000011 -0.87142586708068837 -0.0010630127508193252 0.95819556713104259 -0.14895667135715482 0.65110388398170482 0.55738157033920299 6.1718850135803232 -0.41667649149894709 13.651201248168947 73.234706878662124 0.98120620846748363 163.50000000000003 63.266820907592781 -0.97185599803924549 0.006524082738906146 9.8702878952026385 31648.500000000004 17.508370399475101 12.54214382171631 0.79976317286491405 0.04835233464837075 0.98120620846748363 0.11970336735248567 2.8115617036819462 20760.500000000004 0.5728164315223695 0.98802495002746593 -1.2169535756111143 0.087500002235174193 15.500000000000002 -0.023073793388903138 98.955986022949233 0.041439602151513107 0.17249999940395358 30.770950317382816 0.93250000476837169 0.72399476170539867 1.7943375706672671 3149.5000000000005 13897.500000000002 1011.2194213867189 0.60006982088089 -0.00036653513961937273 -0.091445978730916963 1.0033227801322939 71.374774932861342 -0.20716879516839978 -4.3151156902313224 -0.076426096260547624 0.54625001549720775 0.99852642416954052 0.31109040975570684 0.53545707464218151 31.30967998504639 343.50000000000006 0.12749999761581424 -0.2165693864226341 0.11028697714209558
decision_type=2 2 2 2 2 2 2 2 2 2 2 2 2 2 2 2 2 2 2 2 2 2 2 2 2 2 2 2 2 2 2 2 2 2 2 2 2 2 2 2 2 2 2 2 2 2 2 2 2 2 2 2 2 2 2 2 2 2 2 2 2 2
left_child=6 -2 3 4 11 53 8 22 9 13 24 -3 -9 15 -5 43 20 -18 -19 55 32 -11 31 -4 -10 27 28 30 29 -27 40 52 33 -17 -35 36 38 -38 48 -40 46 -42 -43 44 -1 -23 -14 -48 49 50 -13 -52 -7 -6 -44 58 -57 59 61 -58 -54 -20
right_child=1 2 23 14 5 7 -8 12 10 21 -12 35 25 -15 -16 16 17 18 19 -21 -22 45 -24 -25 -26 26 -28 -29 -30 -31 -32 -33 -34 34 -36 -37 37 -39 39 -41 41 42 54 -45 -46 -47 47 -49 -50 -51 51 -53 60 -55 -56 56 57 -59 -60 -61 -62 -63
leaf_value=-0.0019226174493970751 -0.020791406735014759 0.020995588795136466 -0.017199187261764001 0.027101889639800418 -0.0032416699756727106 -0.018419563030574217 0.020517594524023665 0.0079003671590559699 0.030311655676493226 0.0026625516305105517 0.0031844214092247251 -0.016750015716746898 -0.0073657272424698886 0.018761418664555041 0.004621478507391477 0.018341222604371609 -0.022842210018431442 0.022844116079288677 -0.014561815298809747 0.023591924057881655 -0.012941412292512567 -0.03460501253408093 0.02413571349537642 -0.003458024810693989 0.010480179891927576 -0.014706392728460435 0.027469611301976185 0.0047672741873540873 0.017032504788428156 0.0064720583562277202 0.012234538743173472 0.01395398165649658 0.0037312586119989414 -0.012531240177193275 0.012266653696786268 -0.011767364461742076 0.01358071909204729 -0.0078697293829066706 0.034719992727000652 0.0064726117033011774 -0.0097888905237344479 -0.012491702968664182 -0.014608058446221024 0.029584038926915839 0.019195869724484223 -0.010637956915714706 0.018706731401000525 -0.0046596274528703545 -0.011208429203241924 0.020846008721307336 0.020808561849168666 -0.00088903785895401964 0.010341181729346196 -0.013800714490748458 0.0035955963074124496 -0.027883776666679478 0.017892855166291004 -0.017642362602183149 0.014459615039026484 -0.0084073054825680206 -0.0098775631920037677 0.0073090853100954041
leaf_weight=77.902674049139023 205.14616543054581 86.196687325835228 393.61304162442684 70.185715481638908 194.83341500163078 45.973887339234352 168.72048632800579 213.6068117916584 123.01369771361351 77.740076288580894 205.7899898737669 45.742617920041084 123.96464131772518 129.91035731136799 190.94453884661198 235.42758882045746 63.250753164291382 51.814733803272247 79.737279087305069 48.299357429146767 72.012460961937904 46.604614332318306 66.93471285700798 166.18112775683403 73.412765622138977 125.31610706448555 56.157170757651329 216.77532024681568 47.644769936800003 76.232159733772278 61.037264302372932 104.86401590704918 546.34511013329029 52.997829213738441 80.610242635011673 80.440277427434921 93.9998819231987 264.53355407714844 50.149859473109245 46.072344765067101 1137.9682610332966 171.66906189918518 51.54973965883255 52.447515353560448 83.410083904862404 77.621642053127289 78.253823772072792 59.416429176926613 56.279875874519348 104.72495429217815 51.025148034095764 127.63303056359291 96.077884823083878 464.24949215352535 332.79914134740829 62.304449364542961 49.7002874314785 79.601122990250587 63.987862974405289 46.627356678247452 56.679101809859276 49.193977072834969
leaf_count=337 1135 369 2142 309 860 217 807 894 575 347 933 208 540 595 829 1136 271 243 337 220 322 196 285 865 324 540 235 929 206 327 256 446 2351 232 365 346 399 1135 215 210 4892 744 223 232 378 336 327 254 235 448 214 538 406 2346 1454 270 218 346 286 204 241 210
internal_value=-0.000179647 -0.00300271 -0.00235218 -0.00115855 -0.00180321 -0.00329639 0.00590367 -0.00173824 0.004929 0.00343859 0.0128126 0.00380588 -0.00294074 0.00495812 0.0106637 0.0039595 0.00259623 -0.00276246 -0.000371839 -0.00288081 0.00582274 -0.0110489 0.00719423 -0.01312 0.0228998 -0.00385289 0.00328985 -0.00482943 -0.00215921 -0.00669601 -0.005861 0.00345908 0.0072989 0.0125807 0.00243016 0.0021964 0.00353334 -0.00224588 0.00783551 0.0211948 -0.00642578 -0.00757994 -0.00305902 0.0140483 0.00899713 -0.0196294 0.00104697 0.00862216 0.00450016 0.0071863 0.000811493 0.00530784 -0.00207875 -0.0106793 0.00115408 -0.00584638 -0.0110999 -0.00515596 0.000641115 0.00516227 0.0028392 -0.00621693
internal_weight=8513.36 5814.87 5609.73 5049.93 4788.8 3782 2698.48 3122.92 2529.76 2127.55 402.216 1006.8 2752.39 1925.58 261.13 1795.67 1581.91 594.517 531.266 479.452 987.393 201.966 370.53 559.794 196.426 2538.78 305.35 2233.43 249.193 201.548 2016.66 303.595 915.381 369.036 133.608 920.602 840.161 358.533 481.628 96.2222 1955.62 1693.99 556.018 213.76 161.313 124.226 261.635 137.67 385.406 329.126 224.401 178.658 198.731 659.083 384.349 431.152 238.233 175.929 192.919 96.3276 152.757 128.931
internal_count=38290 26219 25084 22077 20939 16622 12071 13416 11264 9432 1832 4317 11821 8553 1138 7958 7011 2605 2334 2091 4406 879 1595 3007 899 10927 1308 9619 1073 867 8690 1310 4084 1733 597 3948 3602 1534 2068 425 8434 7313 2421 947 715 532 1121 581 1643 1408 960 752 864 3206 1677 1871 1038 768 833 422 647 547
is_linear=0
shrinkage=0.03


Tree=54
num_leaves=63
num_cat=0
split_feature=83 83 29 58 52 44 56 66 53 33 52 29 41 52 29 29 63 81 77 4 28 56 69 70 10 54 13 52 25 63 69 25 44 25 13 63 52 63 77 41 69 54 42 27 54 61 14 70 14 13 42 28 58 42 67 43 26 66 70 61 42 2
split_gain=209.712 54.017 38.6782 42.1905 32.1189 26.8971 26.1921 23.8525 23.6049 23.2015 26.3233 26.3077 22.7019 22.2092 29.4652 28.7124 27.0328 19.5514 19.3774 18.1869 18.4665 22.4182 20.4462 20.9817 19.6516 17.8408 23.4267 20.2114 17.4371 18.3087 18.0555 17.3309 17.2686 20.631 19.2644 17.2673 16.7678 16.6556 16.2207 18.5837 22.9349 15.7125 15.4312 15.2691 14.9464 15.9885 14.8878 14.6699 14.4067 14.3678 14.2373 13.9621 19.3582 17.3299 13.9362 14.096 16.0164 13.8408 15.4648 14.3058 13.8396 13.7519
threshold=0.63788178563117992 0.10351252555847169 -1.0759288668632505 -0.72408130764961232 0.29968844354152685 14.407094001770021 10.432330608367922 -521.49999999999989 1.2114072442054751 3159.5966796875005 -0.26731328666210169 0.28540015220642095 -99.052349090576158 0.17853766679763797 0.096103176474571242 -0.4417105764150619 0.98120620846748363 -0.33327469229698176 -0.13984895497560498 -0.00058903449098579575 -0.35805627703666681 6.489466905593873 7527.5000000000009 7334.5000000000009 0.066593587398529067 -0.26842699944972986 0.033080754801630981 -0.33728338778018946 63.619501113891609 0.63101285696029674 2529.5000000000005 81.126060485839858 4.0630099773406991 68.756847381591811 0.01444806205108762 0.38469719886779791 0.030825213529169563 -0.7589854598045348 -0.060752235352993005 -26.708519935607907 4061.5000000000005 0.81626099348068248 26.826996803283695 1.6968082785606386 -1.3543309569358823 5.0024268627166757 0.0155107150785625 6533.5000000000009 0.013463031034916641 0.0072097966913133868 5.3741018772125253 -0.75475096702575672 0.35761322081089025 35.022626876831062 103.50000000000001 -8.7780151367187482 1.8463888764381411 102.50000000000001 8104.5000000000009 7.5258517265319833 2.8413410186767583 0.00054838205687701713
decision_type=2 2 2 2 2 2 2 2 2 2 2 2 2 2 2 2 2 2 2 2 2 2 2 2 2 2 2 2 2 2 2 2 2 2 2 2 2 2 2 2 2 2 2 2 2 2 2 2 2 2 2 2 2 2 2 2 2 2 2 2 2 2
left_child=1 6 28 -4 5 25 9 -6 12 10 -1 38 -3 15 -15 17 19 -14 -19 -17 -21 22 23 -22 -23 26 27 50 29 30 -2 44 35 34 -34 -10 -37 -11 41 57 51 -12 -33 -9 -26 -46 47 -16 -25 -27 -5 -41 -53 -54 -32 56 -56 59 -59 -40 -48 -42
right_child=2 8 3 4 7 -7 -8 43 32 37 11 -13 13 14 46 16 -18 18 -20 20 21 24 -24 48 31 49 -28 -29 -30 -31 54 42 33 -35 -36 36 -38 -39 39 40 61 -43 -44 -45 45 -47 60 -49 -50 -51 -52 52 53 -55 55 -57 -58 58 -60 -61 -62 -63
leaf_value=-0.01137197133664754 0.0083635002405252692 0.018861100266923215 0.01668445133430722 -0.029585213722736359 0.0076080348749522691 0.011967361080271521 0.015031350030404953 -0.019731583903805621 0.01299693450123999 0.0048212831529197272 0.0014076437691696031 -0.0016618218166052799 0.001836252898638126 0.0093102626605084393 -0.015133396243049669 -0.0063655116801311752 0.01849741127008021 -0.016100817818540249 -0.003043590676508624 0.010725753606507118 -0.013334598473536009 -0.013873971195682813 0.015092131147602578 0.014169391725046609 -0.005740419613671886 0.0067767063060015257 -0.024336801418422292 -0.00075958576740836083 -0.034225280176605331 -0.028051856859746368 -0.030478892542826968 -0.022505777460291275 0.00029096076771422449 0.011952885566458229 -0.022304897855887927 0.010881533829389591 -0.013256686125963124 0.02486001004186832 0.0048854082106475063 -0.014246757347117488 0.013141134211468947 0.017631223469224317 -0.0008712601682970253 0.00097736277666190044 0.00038824127335057769 0.017261172512955815 -0.0083455882618163543 -0.00091997532277817611 -0.0041961802065600294 -0.010159566244572708 -0.0045180659668273655 0.020043883450491233 0.0084343434793062964 -0.011842186255711993 0.013031811869291804 -0.022731309374465585 -0.015158896799621057 0.013144847585160456 0.029264632551857035 0.023186809240371024 -0.029240208646615584 -0.0045169327441934876
leaf_weight=90.147975251078606 40.178695663809776 52.240149632096291 72.845093622803688 38.610891550779343 38.425959601998329 81.043187022209167 277.99148012697697 284.93355618417263 305.52699962258339 63.751501873135567 560.39392466843128 407.41982826590538 236.13650564849377 81.97796805202961 109.66451373696327 221.85401265323162 89.688092485070229 187.79612290859222 224.66075247526169 224.85572960972786 65.705778390169144 113.99891230463982 154.91205359995365 95.804229736328125 94.383595705032349 48.046541795134544 44.547165870666504 881.22471368312836 45.914307162165642 63.961994081735611 36.25996620953083 48.195851340889931 102.2113094329834 75.435327097773552 50.852920547127724 51.851682066917419 51.750665917992592 90.074916645884514 200.99507664144039 58.044943436980247 283.3903453797102 59.424639612436295 77.202230110764503 36.103759214282036 102.38243925571442 99.825090780854225 53.188569471240044 161.74591965973377 64.202186524868011 730.45370127260685 43.216216966509819 43.9465072453022 70.031375288963318 82.775862097740173 36.216328278183937 43.206439092755318 36.336658731102943 162.39500054717064 79.925271332263947 47.530443087220192 61.538096100091934 46.158859133720398
leaf_count=375 235 218 320 205 195 348 1278 1621 1266 296 2513 1745 1001 341 472 921 371 827 934 924 273 465 637 394 388 207 225 3927 276 388 207 201 425 314 213 217 218 459 944 256 1297 265 320 201 423 411 249 692 268 3421 219 203 312 370 200 255 215 772 385 229 294 201
internal_value=-1.52494e-05 0.00312072 -0.00710801 -0.00578219 -0.00651721 -0.00493625 0.00632416 -0.0147291 0.000541526 0.00529258 0.00450242 0.00518308 -0.000717435 -0.00111545 -0.00702485 0.000200821 0.00254361 -0.0050476 -0.00898869 0.00149406 0.00302164 0.00113173 0.0066992 0.00093891 -0.00282193 -0.00570325 -0.00306775 -0.00208393 -0.0172004 -0.0141489 -0.00952209 0.000163742 0.00571843 -0.000887791 -0.00721612 0.00940802 -0.00117581 0.0165552 0.00682835 0.00905657 0.0054418 0.00296307 -0.00918633 -0.0174027 0.00411693 0.00871801 -0.0104928 -0.00666297 0.00680025 -0.00911431 -0.0163462 -0.0013174 0.00249693 -0.00254948 -0.0142492 -0.00916554 -0.00108692 0.0133599 0.0184617 0.00838555 -0.0195532 0.0106678
internal_weight=8485.51 5883.99 2601.53 2299.45 2226.61 1867.14 2624.4 359.463 3259.59 2346.41 2192.58 2102.43 2621.96 2569.72 468.115 2101.6 1453.01 648.593 412.457 1363.32 1141.47 916.612 380.624 225.712 535.988 1786.1 1007.6 963.052 302.074 256.16 192.198 421.989 637.629 228.5 153.064 409.129 103.602 153.826 1695.01 1075.19 584.348 619.819 125.398 321.037 296.591 202.208 386.137 271.41 160.006 778.5 81.8271 254.799 196.754 152.807 152.019 115.759 72.553 490.846 242.32 248.526 114.727 329.549
internal_count=38242 25577 12665 10889 10569 8552 11900 2017 13677 10622 9867 9492 11024 10806 2048 8758 5996 2762 1761 5625 4704 3780 1572 935 2208 8204 4576 4351 1776 1500 1112 1743 2653 952 638 1701 435 755 7747 4969 2639 2778 521 1822 1222 834 1707 1164 662 3628 424 1141 885 682 877 670 415 2330 1157 1173 543 1498
is_linear=0
shrinkage=0.03


Tree=55
num_leaves=63
num_cat=0
split_feature=84 5 5 27 12 3 22 54 63 12 38 38 58 57 3 5 39 39 64 56 5 58 69 28 14 39 64 57 64 64 66 63 67 80 54 54 5 64 25 63 31 68 56 59 47 47 5 68 90 28 26 32 54 56 59 26 54 32 3 80 12 32
split_gain=145.677 70.3717 112.235 35.9764 33.851 33.1262 28.5913 26.6722 28.7296 26.3614 34.5479 30.7292 26.18 25.7581 25.6546 26.55 21.6163 24.9148 21.1181 19.848 21.37 19.7387 19.5725 23.2208 19.3935 19.102 21.4143 23.3921 26.4059 18.8477 18.7269 22.3994 18.6269 18.2923 24.2683 19.6616 18.0998 17.6391 17.6053 16.9637 26.0554 19.0988 18.5869 16.5316 16.9559 16.9295 16.5189 16.3142 16.2969 16.2119 15.7835 18.7553 15.7156 15.5633 15.133 14.6907 14.5462 13.9879 13.8128 13.7716 13.1063 16.4328
threshold=1.0000000180025095e-35 0.00083425932098180066 -0.00088294071611016978 1.3362607955932619 0.014027299359440805 -0.00023475957277696577 2.5000000000000004 -1.6769529581069944 0.95819556713104259 0.0056076515465974816 -0.017095487564802166 -0.19137705117464063 -0.098005548119544969 33.722784042358406 -0.0003688569704536348 -0.0024579932214692231 0.71354833245277416 0.26467709243297582 -0.87142586708068837 6.2680535316467294 0.00031314254738390451 0.55023661255836498 9690.5000000000018 0.30183415114879614 0.013610148802399637 0.56788727641105663 -0.8959035575389861 41.064327239990241 0.6411133110523225 -0.98734235763549794 -425.49999999999994 -0.7589854598045348 475.50000000000006 13.446605682373049 0.8545438051223756 -1.3874605894088743 0.0013032292481511833 -0.99115538597106922 28.759186744689945 -0.75039777159690846 0.046250000596046455 1.0000000180025095e-35 7.0921897888183603 0.040100581943988807 1.0033227801322939 0.99951389431953441 4.3916725189774304e-05 1.0000000180025095e-35 -1.7137560844421384 -0.55750629305839527 0.91482236981391918 0.65749999880790722 -0.35587255656719202 11.278518676757814 0.88642415404319774 1.7579857110977175 -0.74497163295745839 0.68250000476837169 0.00048588398203719413 15.576460838317873 0.010146197862923147 0.74250000715255748
decision_type=2 2 2 2 2 2 2 2 2 2 2 2 2 2 2 2 2 2 2 2 2 2 2 2 2 2 2 2 2 2 2 2 2 2 2 2 2 2 2 2 2 2 2 2 2 2 2 2 2 2 2 2 2 2 2 2 2 2 2 2 2 2
left_child=1 2 14 5 6 -3 -4 22 9 30 11 12 -11 -10 15 -1 17 49 -17 20 -12 -22 -8 38 50 -7 32 28 43 -19 31 -9 -27 54 35 -35 -29 -34 -24 42 56 60 46 45 -45 -28 -37 -20 -43 -6 -21 -52 -16 59 -2 -56 -41 -15 -30 -31 -42 -62
right_child=33 3 4 -5 16 25 7 8 13 10 19 -13 -14 57 52 18 -18 29 47 24 21 -23 23 -25 -26 26 27 36 58 53 -32 -33 37 34 -36 39 -38 -39 -40 40 41 48 -44 44 -46 -47 -48 -49 -50 -51 51 -53 -54 -55 55 -57 -58 -59 -60 -61 61 -63
leaf_value=-0.016075702979824524 0.016439636525617706 -0.022623331370168646 0.014163828440218615 0.0044695736751377306 0.01291118126177942 0.010755135449582315 0.023087063839356783 -0.0084367742022761535 0.0021873155865138696 0.0155399515626357 0.0064036618679615426 0.013512525428455239 -0.001089840570711216 0.029745657731219666 -0.0083999460133727284 0.0096419279211428233 0.0062805298529875929 0.010618982736326367 -0.011745491394100182 0.0030020969909454317 -0.023569832638291908 0.0030884449641090171 0.025116029626484574 -0.011432357245404227 0.0095928567742760325 0.016480943545002888 -0.01367709725031937 -0.0083894050998935439 -0.0045254263617787336 0.00013512481605203042 0.023481238175769342 0.014745844925897748 0.0082595736950518816 0.011332497343866781 0.01798577274944738 0.00056728996528088876 -0.02309744009012233 -0.015480261466353382 0.0024567875864145851 0.0017985573916270033 0.0054489338019520087 0.018860468163300143 0.012067803726001613 -0.019347312085492251 -0.00016813604973649933 0.012236920652164399 -0.016209149405823207 -0.0004996264788458218 0.0028639615855805657 -0.0045365114845175364 -0.014803481794184791 0.00090379992796103066 -0.018070789738212294 0.0011923742354707082 -0.010122697099621812 0.012097292101897056 0.022254491451414279 0.0090096975564643456 0.015957033192951425 -0.013321199330410158 -0.015450420170187908 0.0056799007117300394
leaf_weight=140.65347565710545 306.25955249369144 166.32860150933266 214.79795873165131 171.99541391432285 103.00217023491859 45.878336563706398 91.240535780787468 66.400748997926712 131.40035882592201 95.762158080935478 222.96342377364635 210.84119537472725 772.45300647616386 72.313078477978706 361.32574746012688 120.37274605035782 198.53250961005688 48.125479534268379 175.50462545454502 74.771599724888802 50.172539070248604 49.818583592772484 57.023498505353928 49.565295174717903 51.103287369012833 48.010929882526398 43.5855543166399 122.75221115350723 61.366484448313713 81.732232183218002 69.123777583241463 86.213653758168221 47.80880743265152 292.65226203203201 133.42140124738216 103.61333617568016 194.80315369367599 68.568656086921692 67.259136378765106 44.870825573801994 80.851224675774574 76.495116040110588 51.790923714637756 190.7829105257988 53.014400541782379 47.324822798371315 107.76051878929138 342.97969186306 228.64545781910419 89.64094440639019 367.44299876689911 84.070807367563248 260.09568822383881 112.86851908266544 43.319350510835648 70.135633260011673 103.3398222476244 49.197590172290802 57.300778269767761 421.20536313951015 114.74000346660614 46.567280799150467
leaf_count=773 1519 848 907 816 434 202 381 281 558 404 933 888 3226 303 1727 535 836 199 833 314 207 210 240 207 210 223 201 557 287 336 292 366 229 1390 631 470 1061 335 278 223 387 361 240 923 260 226 473 1591 1045 374 1534 353 1318 483 195 327 529 205 269 1781 496 202
internal_value=-8.09247e-05 -0.002116 -0.000595836 -0.00832555 0.00196963 -0.0102433 0.00362691 0.00279455 0.00181801 0.000717726 -0.000381117 0.00323921 0.000744388 0.011394 -0.0079008 -0.00427605 -0.00263876 -0.00470603 -0.00167819 -0.00472005 0.00123573 -0.0102879 0.0118348 0.0059293 -0.00805134 -0.00814473 -0.00907178 -0.0111679 -0.00679443 -0.00746205 0.0105268 0.00465936 0.000758479 0.00748605 0.00582312 0.00452629 -0.017412 -0.00572774 0.0128533 0.00244858 0.00490333 0.00188167 -0.00403901 -0.0111054 -0.0151767 -0.000187149 -0.00798551 -0.0043063 0.0068741 0.0047924 -0.00976463 -0.0118788 -0.0124477 -0.00887509 0.0129725 0.00361326 0.0160615 0.02135 0.00536492 -0.0111344 -0.00440922 -0.00935038
internal_weight=8513.96 6709.5 5389.97 1319.52 3989.04 1147.53 2933.94 2719.14 2454.05 2201.14 1979.4 1079.06 868.215 252.911 1400.93 779.511 1055.11 856.575 638.857 900.343 322.955 99.9911 265.088 173.848 577.389 981.197 935.319 770.93 453.375 663.932 221.738 152.614 164.388 1804.46 1384.75 1251.33 317.555 116.377 124.283 958.675 695.51 547.299 263.165 334.708 243.797 90.9104 211.374 518.484 305.141 192.643 526.285 451.514 621.421 615.806 419.715 113.455 148.211 121.511 118.667 502.938 242.159 161.307
internal_count=38442 29954 23517 6437 16740 5621 12297 11390 10284 9218 8279 4518 3630 1066 6777 3732 4443 3607 2959 3761 1350 417 1106 725 2411 4773 4571 3784 2166 2799 939 647 787 8488 6447 5816 1618 564 518 4426 3243 2491 1183 1610 1183 427 943 2424 1406 808 2201 1887 3045 2600 2041 522 752 508 556 2117 1085 698
is_linear=0
shrinkage=0.03


Tree=56
num_leaves=63
num_cat=0
split_feature=31 29 52 65 52 12 53 65 29 12 77 42 64 64 44 70 42 52 42 57 64 32 10 64 70 18 25 77 31 40 29 31 25 31 58 58 6 45 7 64 31 6 64 61 80 44 31 7 42 80 25 80 40 7 30 64 25 57 80 57 42 40
split_gain=149.983 57.8845 64.9926 45.9296 32.5731 41.4436 36.9427 39.7703 31.5167 29.9297 29.9297 27.9992 27.4687 26.2078 26.1515 29.7748 25.5122 23.6819 23.3142 23.2 25.0622 22.7916 26.4203 33.9156 23.494 22.3129 26.9029 21.9165 23.2465 21.0731 20.8952 20.1764 20.1379 20.0025 19.4801 34.1129 19.4632 19.0451 18.7515 18.6698 18.3268 17.9037 17.7925 20.5214 17.669 16.933 16.8544 20.0259 16.7174 17.8854 20.4103 19.7181 16.6614 20.2144 18.2481 16.5952 15.243 28.7318 25.5485 23.0265 15.1001 22.4756
threshold=0.27250000834465032 -1.0759288668632505 0.30542688071727758 354.50000000000006 -0.24627137929201123 0.0078249494545161741 0.73978808522224437 -291.49999999999994 0.65933069586753856 0.016784775070846084 -0.19156140089035031 -2.586362242698669 0.98120620846748363 0.46754305064678198 -3.0926277637481685 30904.500000000004 73.234706878662124 0.22987837344408038 13.351277351379396 41.064327239990241 0.65110388398170482 0.35249999165534979 0.045129574835300452 -0.85149618983268727 4386.5000000000009 13.546101570129396 90.591709136962905 -0.08901453390717505 0.417499989271164 -1.1277313232421873 -0.3738181591033935 0.54625001549720775 63.619501113891609 0.91250002384185802 0.38554084300994879 0.54466712474823009 0.00013883280189475047 -0.56174489110708226 -0.00087459399946965266 -0.83025357127189625 0.31749999523162847 -0.00127694068942219 -0.42853991687297815 4.4670381546020517 21.267497062683109 1.6910063624382021 0.5874999761581422 0.00020141262211836877 22.167378425598148 33.112506866455085 29.155899047851566 25.14615631103516 -17.22166538238525 0.0011008190340362491 0.82500001788139354 -0.90722548961639393 30.563585281372074 55.657148361206062 18.227205276489261 69.368038177490249 -4.3151156902313224 2.9081283807754521
decision_type=2 2 2 2 2 2 2 2 2 2 2 2 2 2 2 2 2 2 2 2 2 2 2 2 2 2 2 2 2 2 2 2 2 2 2 2 2 2 2 2 2 2 2 2 2 2 2 2 2 2 2 2 2 2 2 2 2 2 2 2 2 2
left_child=8 32 3 4 11 13 -7 25 10 18 -1 44 -5 -6 15 16 21 52 27 20 46 22 36 -24 -25 -8 39 -9 -29 31 42 -11 -2 -14 38 -36 -12 -28 -26 56 -41 -20 43 -13 -3 -33 -4 -48 -43 50 -50 -52 53 -16 60 -21 -27 58 -58 -59 -54 -62
right_child=1 2 19 12 5 6 7 9 -10 29 14 30 33 -15 17 -17 -18 -19 41 55 -22 -23 23 24 34 26 37 28 -30 -31 -32 45 -34 -35 35 -37 -38 -39 -40 40 -42 48 -44 -45 -46 -47 47 -49 49 -51 51 -53 54 -55 -56 -57 57 59 -60 -61 61 -63
leaf_value=-0.0043112774772721945 -0.011872899383502474 -0.0066230165101944499 -0.00046582276892507082 0.026189330354008094 0.01356024922672674 -0.009487581636372493 0.012900614877910157 -0.0061815240326480378 -0.011680692707518666 0.0062536206904013399 0.018674684969536476 0.0068275847239254216 0.010921663168357245 -0.00067906525034377605 0.021221268276785579 -0.013150281401256772 0.023872037343464676 -0.004083069960858038 0.012789918269451469 -0.0023533907654433991 0.0077551871479312872 0.014630013886823577 -0.021241371296363245 -0.014590207478919169 0.001205732910151226 0.014056647486225426 0.0046970814221329212 -0.0069101656678111061 0.011358234452770476 -0.018723345751131666 0.0048416411206991094 -0.0035054491087770129 -0.032490455285200032 -0.010785241490678811 -0.017015402727306714 0.0065143648105681976 -0.00081870438906727196 0.02881597362971083 0.021526542231843009 0.013493340916255482 -0.0045178648648301961 -0.013724150956882888 -0.015323544311077937 -0.017235564219524241 -0.02896635236359205 -0.022488529624773868 -0.037384204050075226 -0.011554615530412825 -0.016993303874178682 -0.015015026256320259 -0.0021020232738869732 0.014175510299722298 -0.010323355723068112 0.00010535212526992328 0.015361758415114649 -0.023742325363735314 0.020730413243795036 -0.025040314780333413 0.0002767479203155315 -4.9962304058038039e-05 0.01533015984672431 0.0031590420607430711
leaf_weight=210.42434643208981 258.29612876474857 52.357347041368484 76.379589632153511 77.62711825966835 280.92558915913105 478.47052557766438 182.10481195151806 149.54807314276695 88.409316703677177 91.164171889424324 124.195337459445 96.743186339735985 141.85085912048817 198.55028010904789 242.92465418577194 84.134373649954796 63.27231639623642 95.622236147522926 48.286302611231804 40.291422098875046 79.16825795173645 155.44172036647797 67.651091337203979 70.550919234752655 75.775683552026749 118.72609807550907 67.602695807814598 79.903539329767227 291.00589030981064 169.55733256042004 144.29613706469536 105.20547281205654 51.065939664840698 52.289509803056717 81.937525242567062 171.56018802523613 73.30823215842247 52.230654239654541 88.719690337777138 55.48301175236702 608.18219354748726 187.19483564794064 175.61257262527943 47.585846215486526 81.339352235198021 70.717350423336029 35.712316125631332 110.92243599891663 56.112686276435852 91.970106706023216 232.1636415719986 94.135270282626152 44.595985636115074 49.038795858621597 314.38121691346169 172.07934565842152 90.861326098442078 50.475203990936279 139.11141963303089 96.866156280040741 220.50474365055561 358.64574711024761
leaf_count=897 1528 239 345 346 1180 2050 770 644 372 386 619 472 626 826 1131 378 297 413 210 220 391 729 298 300 331 507 309 334 1251 779 621 474 309 223 352 748 349 232 386 233 2647 798 873 233 400 320 187 631 237 412 988 408 198 216 1414 965 383 218 598 418 1032 1613
internal_value=6.8844e-05 -0.00265141 -0.00193751 -0.000883935 -0.00157953 -0.00062263 -0.00172411 -0.000536813 0.00593345 -0.00370407 0.00653408 -0.00811944 0.0111062 0.00766377 0.00749205 0.00397114 0.00545251 0.0102981 -0.00130929 -0.0120857 -0.00674545 0.00417059 0.00201345 -0.00133362 0.0014231 0.00307535 0.00167702 0.0035137 0.00742275 -0.0104517 -0.00463561 -0.00520061 -0.0152762 0.00507515 0.0041259 -0.00109111 0.0114392 0.0152096 0.0121657 0.000278686 -0.00301211 -0.00484542 -0.00890992 -0.00110613 -0.0202164 -0.0111363 -0.0118931 -0.0178453 -0.00613257 -0.00313687 -0.000280164 0.00259395 0.011416 0.0176746 0.00946824 -0.0196844 0.00468153 0.00173155 0.00835791 -0.00861099 0.00649778 0.00779305
internal_weight=8461.27 5780.17 5470.81 4956.26 4684.49 4086.55 3607.08 3128.61 2681.09 1666.96 2592.68 597.934 271.767 479.476 2382.26 1056.55 972.413 1325.71 1230.32 514.553 302.183 909.14 753.699 556.195 488.544 1461.64 1279.54 520.458 370.909 436.644 464.238 267.087 309.362 194.14 417.993 253.498 197.504 119.833 164.495 1159.71 663.665 709.863 319.942 144.329 133.697 175.923 223.014 146.635 661.577 474.382 382.412 326.299 1230.09 291.963 938.128 212.371 496.04 377.314 229.973 147.341 623.746 579.15
internal_count=38294 26221 24384 21645 20450 17612 15606 13556 12073 7241 11701 2838 1195 2006 10804 4787 4409 6017 5282 2739 1554 4112 3383 2415 2117 6315 5545 2229 1585 1959 2199 1180 1837 849 1817 1100 968 541 717 5004 2880 3053 1578 705 639 794 1163 818 2843 2045 1633 1396 5604 1347 4257 1185 2124 1617 981 636 2843 2645
is_linear=0
shrinkage=0.03


Tree=57
num_leaves=63
num_cat=0
split_feature=29 5 52 4 29 4 29 5 1 2 5 5 80 23 4 52 12 81 65 64 56 53 18 32 53 64 90 6 80 54 90 9 80 13 40 53 12 42 11 68 9 53 70 33 12 12 29 54 4 32 3 64 42 15 27 90 14 40 81 51 23 56
split_gain=95.5511 144.87 55.798 44.5563 42.9169 37.4575 36.5905 36.1752 36.3299 30.5717 27.879 27.0534 26.7785 50.0576 25.2971 24.4125 23.4081 23.4057 23.9182 22.6639 21.6957 21.371 21.3453 21.1116 20.961 20.7289 22.3282 20.3275 19.5957 23.1513 18.8993 18.7292 18.1086 17.9656 17.6067 16.9608 15.4319 15.3831 14.7382 14.3515 23.4557 14.186 17.392 16.5431 14.1227 14.0956 13.7199 13.6747 17.1104 13.5111 13.3776 13.2526 13.2016 13.1469 13.097 14.6411 12.9806 12.8993 12.881 12.4728 12.1986 13.4466
threshold=0.65933069586753856 -0.00069532523048110295 0.17544251680374148 -0.00056664619478397061 0.076131496578454985 0.0010072958539240064 -1.0759288668632505 -0.00031217074138112361 -3.6747011108673171e-05 -7.2209364589070888e-05 0.0031068685930222277 -6.0211481468286358e-05 29.366417884826664 1.5000000000000002 -0.00030388832965400065 -0.32983858883380884 0.0080333375371992605 -0.016663406975567337 -647.49999999999989 -0.87142586708068837 11.278518676757814 0.94109353423118602 47.433498382568366 0.8725000023841859 0.60982346534729015 0.11970336735248567 0.22677315026521686 0.0012918382999487223 21.192219734191898 -0.70371201634407032 0.50572273135185253 0.0025150155415758495 13.348862171173097 0.0061887090560048827 -1.5254799127578733 0.75327178835868847 0.012850321363657715 -2.271442055702209 0.7052372694015504 1.0000000180025095e-35 -2.2143773094285276e-05 1.1112939119338991 6723.5000000000009 406.32836914062506 0.014457452576607467 0.010842571500688793 -0.3808771669864654 -0.090139005333185182 0.00050543635734356951 0.88749998807907116 8.6938642198219909e-05 0.75613728165626537 3.9690339565277104 53.25184631347657 -1.18220978975296 -0.98278367519378651 0.022034908644855026 6.1323230266571054 -0.12131069600582121 0.031129873357713226 1.5000000000000002 8.029391288757326
decision_type=2 2 2 2 2 2 2 2 2 2 2 2 2 2 2 2 2 2 2 2 2 2 2 2 2 2 2 2 2 2 2 2 2 2 2 2 2 2 2 2 2 2 2 2 2 2 2 2 2 2 2 2 2 2 2 2 2 2 2 2 2 2
left_child=1 6 3 11 21 7 37 8 22 15 12 35 30 19 -15 52 17 59 33 -14 36 31 -5 54 -18 28 -27 -21 47 -30 -2 -4 44 -19 56 -3 -16 49 -7 40 57 45 -43 -44 -26 -36 58 48 -6 -1 -48 -41 -8 -28 -17 -56 -34 -32 -10 -9 -47 -62
right_child=10 2 4 5 25 38 9 16 46 -11 -12 -13 13 14 20 23 24 18 -20 27 -22 -23 -24 -25 32 26 53 -29 29 -31 39 -33 34 -35 41 -37 -38 -39 -40 51 -42 42 43 -45 -46 60 50 -49 -50 -51 -52 -53 -54 -55 55 -57 -58 -59 -60 -61 61 -63
leaf_value=-0.015323767991945752 -0.024074917149708219 -0.01048825179613252 0.010093931651069754 0.0054434294494605786 -0.022491901134402428 -0.015994932018373716 -0.021008645093212357 0.015213178314179478 -0.004807598883127347 -0.0096906575987995274 -0.025468306502615844 -0.011087778753067001 0.0059980714970444271 -0.014441495263471976 0.016263024410797289 0.0092450467355086521 -0.0030379329163349178 0.013026104590034693 0.015947992594794208 -0.0056600667414987444 0.029463563721563602 0.014761977755602279 0.023235919775292799 0.0095973471296515161 0.019950152781548599 -0.011339283516460359 -0.0081119368355695269 -0.028637143165577073 -0.0045074422025748323 -0.027781834060426013 -0.002317058274640064 -0.013691774791131006 0.0093891075594029344 -0.0048379727859414285 0.0071784769967150807 0.0052892313620376136 -0.00090483902894151591 -0.020812040203473624 0.00072875807992850135 -0.017261521870507907 -0.016620949127299733 -8.111382445166977e-05 0.0011285153752567565 0.021771871633333023 0.003175722601583698 -0.008474428766747465 0.0081262316175853815 0.0033995269679951636 -0.0021110663515890426 0.0065898081439478918 -0.0072532185302792975 -0.001329533366435151 -0.0049781503147318168 0.0097047289209352579 0.0005110667163937448 -0.0091240168956948815 0.024138768881398546 0.018710300312591372 -0.021482800467326889 0.027311065438302768 -0.002746395657626704 0.013859129237952961
leaf_weight=62.007412075996399 89.686108782887459 75.472459107637405 58.366782784461975 346.53352411091328 66.24914787709713 81.049926519393921 69.476138174533844 230.10267373919487 220.20761945843697 551.85375854372978 78.175903752446175 203.62310290336609 40.50674144923687 44.891932457685471 78.005234286189079 90.864753589034081 163.12199254333973 80.383238658308983 210.78604483604431 57.94896624982357 42.771831318736076 158.6328142285347 73.56618444621563 202.56773605942726 182.91446904838085 111.0920153260231 49.188919708132744 86.197671383619308 62.402997866272926 100.26992450654507 64.606370091438293 60.861570686101913 581.4038305580616 137.05337110161781 243.41897535324097 327.05026037991047 119.02546244859695 181.35347640514374 114.32425561547279 195.42111872136593 64.330827787518501 98.727527037262917 49.286826118826866 120.00827489793301 59.984912052750587 156.00196136534214 131.71982134878635 96.120477467775345 84.18054872751236 42.802134707570076 82.963640555739403 61.865833625197411 138.21856746077538 153.88903023302555 394.52194911241531 221.70478163659573 59.164640918374062 44.233606398105621 51.428897351026535 115.046595454216 132.90000511705875 65.528385445475578
leaf_count=368 427 321 258 1526 291 351 350 1062 949 2507 504 877 187 224 361 390 710 375 992 256 213 700 315 882 857 490 211 477 283 472 308 264 2513 608 1058 1397 576 1113 479 950 319 430 211 520 273 661 577 414 369 250 355 292 673 665 1709 958 255 205 219 534 566 279
internal_value=0.000164915 0.00138305 0.00391861 0.00537503 -0.00247256 0.00658357 -0.00561275 0.00727933 0.00209708 -0.00391356 -0.00822138 -0.0021768 -0.00685877 -0.00166333 0.00622705 -0.00106029 0.00902824 0.0134324 0.00874693 -0.0138285 0.0100963 0.00754903 0.00855918 0.00105858 0.00724724 -0.00632194 -0.000526053 -0.0194 -0.0107716 -0.0188535 -0.0115468 -0.00204777 0.00820631 0.00176612 0.00698067 0.00233097 0.00589199 -0.0155242 -0.00620897 -0.0089366 -0.00225969 0.00419108 0.00992609 0.015762 0.0158076 0.00162001 -0.0034851 -0.00543912 -0.0110868 -0.0063747 0.0021829 -0.0134306 -0.0103405 0.00538923 -0.0013876 -0.00295542 0.0107514 0.00622866 -0.00796471 0.0192457 -0.00219749 0.00273736
internal_weight=8418.07 7350.4 5395.03 4393.77 1001.25 3787.63 1955.37 3592.25 906.42 1669.21 1067.67 606.146 989.492 469.348 284.694 1117.35 2685.83 773.372 428.223 184.653 239.803 277.861 420.1 909.659 1912.46 723.393 314.17 144.147 409.223 162.673 520.144 119.228 1749.34 217.437 1506.44 402.523 197.031 286.163 195.374 430.458 173.171 865.872 268.023 169.295 242.899 597.849 486.32 246.55 150.43 104.81 214.683 257.287 207.695 203.078 707.091 616.227 640.568 108.84 271.637 345.149 354.43 198.428
internal_count=38186 32887 23687 19270 4417 16675 9200 15845 3941 7469 5299 2595 4795 2294 1374 4962 11904 3571 1975 920 1150 1222 1841 3939 8333 3195 1366 733 1829 755 2501 522 7623 983 6493 1718 937 1731 830 2074 832 3725 1161 731 1130 2564 2100 1074 660 618 932 1242 1023 876 3057 2667 2768 513 1168 1596 1506 845
is_linear=0
shrinkage=0.03


Tree=58
num_leaves=63
num_cat=0
split_feature=10 52 52 5 54 82 65 33 64 80 26 2 2 12 54 67 52 80 33 64 57 54 70 44 54 13 8 38 5 52 33 44 33 13 54 64 12 51 80 43 64 64 82 82 42 44 70 59 14 26 80 54 26 5 80 56 47 90 14 44 59 44
split_gain=137.256 65.1752 48.9292 48.6265 44.0832 31.9647 30.611 30.5584 27.0904 34.0943 30.9529 26.6107 26.0392 23.8472 23.5601 22.36 20.6034 20.4391 24.896 20.2516 50.1298 24.6976 19.9117 19.8516 40.8463 27.6409 18.4682 18.4173 21.7188 19.6116 18.0694 19.3491 18.0504 18.0459 17.4419 23.5815 20.427 17.1522 17.0959 18.2945 17.0191 16.5765 16.243 19.6863 16.4926 16.1157 16.0577 15.8628 16.2861 15.7835 15.6357 17.9984 16.7094 19.1705 15.316 15.021 14.896 14.8515 14.7506 14.5271 13.7862 13.7776
threshold=0.091745704412460341 0.27206397056579595 -0.32427038252353663 -0.0003962278133258223 1.5047038197517397 49.272323608398445 354.50000000000006 518.30288696289074 -0.87142586708068837 14.602265357971193 3.8640325069427495 -0.00015252977755153549 1.1959019047935728e-05 0.011656271759420635 -0.47025503218173975 615.50000000000011 -0.15966540575027463 36.150346755981452 153.94215393066409 0.65110388398170482 41.064327239990241 -0.44759947061538691 6343.5000000000009 -7.0495746135711661 -0.89358863234519947 0.014006417710334064 0.00020571364439092579 -0.028451561927795407 0.00053770086378790449 -0.019664237275719639 406.32836914062506 -3.4103647470474239 400.70249938964849 0.016547290608286861 -0.28439334034919733 0.32350382208824163 0.010797559749335052 0.05065432749688626 18.480670928955082 -17.186975479125973 -0.90722548961639393 0.98120620846748363 -80.230148315429673 71.388031005859389 12.906899929046633 -5.6084418296813956 8041.5000000000009 1.2484136223793032 0.0089204045943915861 2.1859858036041264 19.276513099670414 -0.36389294266700739 1.1657494306564333 -0.00029162497958168382 20.583094596862797 4.6586871147155771 0.99585101008415233 -1.2042255401611326 0.024542677216231826 -3.4103647470474239 -0.29195830225944513 6.7378427982330331
decision_type=2 2 2 2 2 2 2 2 2 2 2 2 2 2 2 2 2 2 2 2 2 2 2 2 2 2 2 2 2 2 2 2 2 2 2 2 2 2 2 2 2 2 2 2 2 2 2 2 2 2 2 2 2 2 2 2 2 2 2 2 2 2
left_child=3 2 54 11 6 7 8 14 15 13 17 16 22 -10 26 -4 -1 18 33 21 -21 40 -7 24 25 -20 -5 29 38 -9 31 -15 47 -11 -31 36 -36 55 39 -29 -3 -8 57 46 -45 -42 50 48 -16 56 -44 60 -53 -54 -2 -13 -19 -25 -35 -6 -52 -48
right_child=1 19 4 5 59 12 41 27 9 10 -12 37 -14 30 32 -17 -18 49 23 20 -22 -23 -24 42 -26 -27 -28 28 -30 34 -32 -33 -34 58 35 -37 -38 -39 -40 -41 45 -43 43 44 -46 -47 61 -49 -50 -51 51 52 53 -55 -56 -57 -58 -59 -60 -61 -62 -63
leaf_value=-0.002723376214610585 0.0019424009876912555 0.0035958288254075918 0.0058530053372744832 -0.01332905354548701 -0.033408569545784417 -0.017272394534833209 0.026059088749354517 0.0086933173129288849 0.026740639415320917 -0.0038032500898329815 0.014307225461844509 0.0052926994569777262 0.0047524586261505717 0.013401051328073961 0.0023879499211385252 -0.01333294451556888 0.0089122381320929211 0.0047426253180041259 0.01360803573393489 0.013092881057451955 -0.023018898631063621 -0.024960720957884968 0.0001507382255987477 -0.0021842864156637345 -0.01852485650479355 -0.014618122995361174 0.0055679835405382837 0.028266329806933752 -0.012442210005277678 0.025816485601392044 0.01777398912565897 -0.010066417042644524 -0.007838534823654578 -0.027782741532017256 0.027338039194515457 4.6273476489752117e-05 0.0033466228913928368 0.0086161639295116634 0.0044851276458835691 0.0099407556483352196 0.0018172982507805788 0.0056809416311725458 0.0087459372471652818 0.0018801090020579062 -0.015551032152839074 -0.020105541676846712 0.0044802107717881075 -0.0038944998890302462 0.022151365760944244 -0.019656575434358066 0.00031301025583469123 -0.0098791746329547053 -0.0030819026039939491 0.022650097260822576 -0.015061009480209704 -0.011613462583563564 -0.010127562539791649 -0.018468371118035867 -0.0062025499100458294 -0.0103943217120186 -0.016091256701493521 0.016647659164151059
leaf_weight=279.87589746713638 56.219777300953865 60.658388316631317 632.91712918877602 120.29730428755283 44.658340662717819 95.377822458744049 52.298075452446938 338.20456200838089 49.58799834549427 130.25534677505493 84.485485002398491 55.22739851474762 716.03994013369083 47.474900513887405 55.617071852087975 59.838637843728065 268.22303451597691 78.877816408872604 88.664550989866257 76.274760261178017 63.316776931285858 176.64188902080059 154.92009115219116 173.70713049173355 164.17755578458309 48.197332695126534 75.921404108405113 65.261811822652817 47.254888877272606 169.45252093672752 56.912598699331284 94.687217205762863 54.461111068725586 77.457900047302246 106.19195032119751 80.608893811702728 45.679415941238403 55.7690569460392 369.54750502109528 197.10705101490021 39.464374884963036 114.7586382329464 126.2530924975872 95.829275444149971 99.651892125606537 128.25566354393959 319.40770813822746 47.376250371336937 115.36824662983418 112.2593307942152 75.646137371659279 52.300550237298012 48.03742615878582 56.948084011673927 313.78889928758144 329.4635222107172 262.05732449889183 71.013032257556915 45.106548279523849 55.191709607839584 118.07985664904118 113.52464191615582
leaf_count=1207 287 319 2732 542 199 409 224 1540 208 569 379 243 3115 206 245 263 1170 391 380 381 347 980 664 809 739 212 340 318 205 796 245 403 241 353 497 366 205 244 1665 920 207 490 533 430 459 719 1367 209 512 523 320 230 219 244 1754 1414 1238 326 203 255 507 478
internal_value=0.000115378 -0.00340162 -0.00208226 0.00429275 -0.00102855 0.00627853 -0.000475666 0.00854944 -0.00109465 -0.00245679 -0.00353443 -0.00144163 0.00184087 0.00812599 0.00191082 0.00419577 0.00297074 -0.00417383 -0.0028111 -0.013141 -0.00328692 -0.0165373 -0.00648847 -0.00146896 -0.00843534 0.0036679 -0.00601737 0.0107433 0.00717583 0.014017 0.00348922 -0.00222948 0.0076129 -0.0115781 0.0184965 0.013161 0.020122 -0.00693229 0.00864287 0.0144991 -0.010022 0.0120604 8.40233e-05 0.00163193 -0.00700589 -0.0149471 0.00348705 0.0114666 0.0157228 -0.00989983 -0.000308061 -0.00356463 0.00397458 0.0108761 -0.0124775 -0.00918636 -0.00668724 -0.00690961 -0.0198407 -0.0206875 -0.00968572 0.00767079
internal_weight=8408.13 4564.88 4020.27 3843.25 3650.26 2854.69 3550.41 1888.35 3383.36 2690.6 2441.94 988.559 966.338 248.663 469.041 692.756 548.099 2357.45 1904.26 544.612 139.592 405.02 250.298 1651.44 301.039 136.862 196.219 1419.31 679.171 740.137 199.075 142.162 272.823 252.82 401.933 232.48 151.871 440.46 631.916 262.369 228.378 167.057 1350.4 1105.68 195.481 167.72 910.197 218.362 170.985 453.194 477.265 351.012 157.286 104.986 370.009 384.691 340.935 244.72 122.564 99.8501 193.726 432.932
internal_count=38195 21128 18175 17067 16134 12789 15680 8601 14966 11971 10909 4278 4188 1062 2089 2995 2377 10530 8378 2953 728 2225 1073 7253 1331 592 882 6512 3108 3404 854 609 1207 1125 1864 1068 702 1901 2903 1238 1245 714 5922 4787 889 926 3898 966 757 2152 2053 1520 693 463 2041 1657 1629 1135 556 454 827 1845
is_linear=0
shrinkage=0.03


Tree=59
num_leaves=63
num_cat=0
split_feature=31 29 5 66 41 29 61 5 53 66 51 22 64 10 44 44 47 40 64 64 64 54 54 47 57 40 32 34 66 28 57 41 53 13 6 51 54 13 54 54 32 41 81 41 8 57 53 32 27 29 64 51 52 64 4 32 65 41 64 64 54 65
split_gain=126.245 59.9714 62.341 42.9677 42.946 36.5193 32.985 31.3948 31.3686 30.5938 28.1489 26.7547 35.2209 30.3071 27.7859 39.7864 30.2554 26.2772 26.1811 23.7632 23.0837 21.7151 27.3917 26.203 24.6893 23.7568 22.7153 20.2871 19.2146 18.431 18.0054 17.9357 21.2372 18.7411 18.1754 17.5913 17.1496 16.9476 16.7846 24.7473 26.1943 20.879 21.5753 18.9981 25.0921 16.7623 20.2037 16.6088 16.6511 16.6056 29.3005 30.1236 19.1746 18.5424 17.7799 17.2382 24.7974 23.5517 18.7551 17.4065 16.5175 16.43
threshold=0.27250000834465032 -1.0759288668632505 0.0016954421298578384 656.50000000000011 -109.37187576293944 0.65933069586753856 -4.3071341514587393 -0.0019726282916963096 0.86617794632911693 36.500000000000007 0.01934989728033543 2.5000000000000004 0.50188699364662182 0.042011283338069923 -2.3331351280212398 1.2458220124244692 0.99696663022041332 -13.385557174682615 0.65110388398170482 0.041439602151513107 0.98120620846748363 -1.3358626365661619 0.2703817486763001 1.001124441623688 38.475563049316413 -22.312848091125485 0.28749999403953558 1.3773024678230288 -283.49999999999994 -1.9318246245384214 22.992721557617191 -15.720693588256834 0.56017529964447033 0.010629085358232261 -0.0011243179906159637 0.032415036112070091 -0.94655755162239064 0.011279760394245388 -1.2117109298706052 -0.99414575099945057 0.88749998807907116 -14.060374259948729 -0.1321570202708244 3.955832958221436 0.00012814543151762339 44.084753036499031 0.65161639451980602 0.23250000178813937 -0.76031523942947377 -0.53213146328926075 -0.56460559368133534 0.049171168357133872 0.17853766679763797 -0.58601745963096608 -0.000350438363966532 0.63249999284744274 106.50000000000001 -7.5793690681457511 0.67074871063232433 -0.023995916359126564 -0.39800581336021418 -211.49999999999997
decision_type=2 2 2 2 2 2 2 2 2 2 2 2 2 2 2 2 2 2 2 2 2 2 2 2 2 2 2 2 2 2 2 2 2 2 2 2 2 2 2 2 2 2 2 2 2 2 2 2 2 2 2 2 2 2 2 2 2 2 2 2 2 2
left_child=4 60 3 6 -1 10 29 -8 31 38 -6 -12 13 -13 21 -16 -17 -18 45 28 -5 24 25 37 30 -23 36 -4 -19 -3 -15 -9 -33 -34 -35 -21 -27 -24 -10 -40 43 -42 -43 47 -45 46 -14 -41 -49 53 51 52 -51 54 -11 56 -52 59 -58 -57 -2 -30
right_child=1 2 27 20 5 -7 7 8 9 49 11 12 18 14 15 16 17 19 -20 35 -22 22 23 -25 -26 26 -28 -29 61 -31 -32 32 33 34 -36 -37 -38 -39 39 40 41 42 -44 44 -46 -47 -48 48 -50 50 55 -53 -54 -55 -56 57 58 -59 -60 -61 -62 -63
leaf_value=0.03205578681233584 -0.0090657888664007532 0.023891065355483278 -0.015205407019006918 0.024851714535145706 0.025986171099299397 -0.014279577751210245 -0.014479298891987236 -0.0026347452264137415 0.0086733906758253033 0.015083718949479047 0.018559304135582464 0.01631955450745615 -0.015289996559304951 0.0035311912339814106 0.023309325365720147 -0.010317940401273429 0.018954210955188202 -0.013549740958266906 0.0048642798713470579 0.0035391719436440351 0.0052781710929113539 0.0090480672481896146 0.023328217191679386 -0.008685481131973493 -0.011838318016698475 -0.029952542638289222 0.0051967917605761429 0.0071697601091722336 0.011693972763540995 0.00204782246114129 0.021760945249183015 -0.024215870241857864 0.00059518702318372702 0.0060085054976669033 -0.015454586504810288 0.026802696666559721 -0.01088173036948728 0.00024698538019366531 -0.011364952785403287 0.0075035593712260281 0.02321784141310769 -0.0099540114964356639 0.01213092779576358 -0.0024411448880107254 0.023245534236706257 -0.023679088517390472 0.0046414077312011458 0.0099565833178526068 -0.0070365172270680509 0.0036100602182745144 0.014458051124616043 -0.02306907223930536 -0.017173368572594262 -0.012973792199673529 -0.010796475007056442 -0.0076910693356510226 -0.010984623069904501 -0.015294851262716683 0.0076947967799455624 0.0059185700703508924 -0.023172859151128957 -0.0020167290679575342
leaf_weight=53.213760167360306 161.84147062152624 68.756660744547844 372.6143137589097 75.571937397122383 58.903044059872627 86.987890422344208 174.09094904363155 942.00428330898285 385.74506320059299 49.517487913370132 124.35223209857941 227.34303253889084 92.585425853729248 96.808198213577271 134.74680559337139 93.96628050506115 149.05883124470711 67.341140702366829 192.00971320271492 53.002255663275719 191.98078475892544 63.621205806732178 76.930318534374237 66.204956278204918 45.452109187841415 55.498438015580177 60.792215406894684 40.426289051771164 141.8028835952282 70.325993686914444 98.251048341393471 76.174410045146942 174.08639635145664 42.18179926276207 224.48254038393497 65.291870594024658 180.33967611193657 45.602306619286537 121.51860463619232 122.83811289072037 85.293258607387543 57.652842059731483 128.64648297429085 70.221632182598114 66.77140486240387 60.246610522270203 90.524663418531418 59.41334530711174 410.20582415163517 136.19912271201611 182.83647987246513 95.806106880307198 56.535108759999275 245.27188661694527 46.16441735625267 127.85484959185123 89.851583734154701 96.491932511329651 104.80316683650017 249.8770530372858 138.73057991266251 176.65748390555382
leaf_count=263 959 289 2136 339 281 368 862 4095 1651 220 578 1180 405 435 612 408 669 288 872 235 841 279 341 290 200 244 281 211 632 300 455 332 757 194 990 293 779 201 530 540 372 255 560 302 284 257 399 256 1767 566 782 425 264 1119 205 563 399 432 451 1084 863 800
internal_value=-3.00982e-05 -0.00253194 -0.00181146 -0.000891292 0.00537624 0.0048311 -0.0015486 -0.00198171 -0.00149262 0.000267255 0.00549148 0.00500043 0.00427806 0.00604272 0.00464485 0.00830477 0.00559863 0.00788847 -0.00341796 0.00461638 0.0108068 0.000556735 -0.00273642 0.00652169 0.00807366 -0.00758679 -0.0111546 -0.0130154 0.00100962 0.0128462 0.0127135 -0.0050988 -0.00958911 -0.00706118 -0.0120595 0.0163794 -0.0153696 0.0147382 0.00327472 0.00141958 0.00297152 0.0109246 0.00529645 1.0381e-05 0.0100787 -0.00995269 -0.00543645 -0.00231771 -0.00488665 -0.00279523 -0.00105828 -0.0093206 -0.00248638 -0.00860413 0.00259709 0.00174079 0.00652442 -0.00206707 -0.000927523 0.00131197 -0.015577 0.00408832
internal_weight=8400.32 5742.78 5442.21 5029.17 2657.53 2604.32 4761.62 4622.54 4448.45 2989.52 2517.33 2458.43 2334.08 1898.71 1671.37 881.868 747.121 653.154 435.366 504.096 267.553 789.5 548.989 188.738 240.511 360.252 296.63 413.041 385.802 139.083 195.059 1458.93 516.925 440.751 266.664 118.294 235.838 122.533 1508.31 1122.56 1001.04 271.593 186.299 729.45 136.993 243.357 183.11 592.457 469.619 1481.21 1140.26 288.54 192.734 340.954 95.6819 851.715 377.491 474.224 194.655 377.732 300.572 318.46
internal_count=38240 26195 24373 22026 12045 11782 20846 20257 19395 13027 11414 11133 10555 8622 7442 3937 3325 2917 1933 2248 1180 3505 2415 832 1090 1583 1304 2347 1720 589 890 6368 2273 1941 1184 528 1023 542 6517 4866 4336 1187 815 3149 586 1061 804 2563 2023 6510 4966 1255 830 1544 425 3711 1632 2079 850 1647 1822 1432
is_linear=0
shrinkage=0.03


Tree=60
num_leaves=63
num_cat=0
split_feature=83 83 26 29 80 61 13 56 80 33 54 13 10 69 33 54 70 53 66 31 25 8 13 33 54 16 69 54 69 29 66 6 80 53 69 66 69 83 80 67 54 61 61 70 66 66 26 61 78 66 32 61 54 26 38 61 29 67 38 69 26 66
split_gain=143.118 48.7621 28.3878 27.9089 24.6891 24.5047 25.6677 23.9857 23.656 28.7322 23.6073 29.2469 22.8701 22.2965 21.3305 23.1527 27.4788 23.7242 21.2927 20.4254 20.2674 19.5995 19.1138 18.1062 17.7535 19.6852 19.0955 33.9824 25.2041 26.4798 24.4121 17.6231 17.0825 15.9824 15.7322 25.475 22.6515 16.1038 15.3194 15.2922 15.1528 14.0428 20.1651 16.7123 14.6298 13.99 16.8093 13.8303 13.7734 13.7461 13.332 15.0855 12.8572 14.2109 12.7307 12.702 14.6891 15.5952 16.0459 15.8873 12.5087 13.5981
threshold=0.13917518407106402 0.63788178563117992 3.9163285493850712 -1.1352217197418211 13.651201248168947 -4.8377192020416251 0.014798962976783516 7.766564369201661 19.276513099670414 306.59928894042974 -1.3874605894088743 0.0097966194152832049 0.093940950930118575 1519.5000000000002 345.94508361816412 -1.7878555655479429 6951.5000000000009 1.2164460420608523 -353.49999999999994 0.11749999970197679 24.957570075988773 -0.0028746847528964277 0.0064962676260620364 1897.7409667968752 -1.8736771345138548 39.384044647216804 17697.500000000004 -1.4765083789825437 9278.5000000000018 0.64619597792625438 545.50000000000011 -0.00127694068942219 19.701232910156254 0.82663261890411388 21470.500000000004 644.50000000000011 3882.5000000000005 1.7203765511512759 18.700887680053714 295.50000000000006 -1.4247874617576597 1.8277540206909182 7.108346939086915 7027.5000000000009 -208.49999999999997 -437.49999999999994 1.4947778582572939 5.1036136150360116 -0.023073793388903138 -12.499999999999998 0.34250000119209295 4.3344812393188485 0.133606031537056 2.3151074647903447 -0.1267169192433357 -0.83644336462020863 0.37344291806221014 605.50000000000011 -0.26319159567356104 1707.5000000000002 2.332206249237061 595.50000000000011
decision_type=2 2 2 2 2 2 2 2 2 2 2 2 2 2 2 2 2 2 2 2 2 2 2 2 2 2 2 2 2 2 2 2 2 2 2 2 2 2 2 2 2 2 2 2 2 2 2 2 2 2 2 2 2 2 2 2 2 2 2 2 2 2
left_child=4 14 3 52 19 -5 24 10 -8 -10 12 13 47 -12 32 16 -16 21 22 41 -18 54 -15 31 25 -7 27 -26 29 30 -29 -23 60 -21 35 36 49 -38 -14 -13 -28 -1 43 -43 -45 -30 -47 -6 -48 -11 -34 -52 53 -3 -17 -41 57 58 -57 -59 61 -2
right_child=1 2 -4 5 7 6 8 -9 9 34 11 39 38 18 15 17 20 -19 -20 33 -22 23 -24 -25 26 -27 40 28 45 -31 -32 -33 50 -35 -36 -37 37 -39 -40 55 -42 42 -44 44 -46 46 48 -49 -50 -51 51 -53 -54 -55 -56 56 -58 59 -60 -61 -62 -63
leaf_value=0.030724085970205945 -0.0053399430433297181 -0.0066306867574702126 0.015064478043920557 0.016634609650949785 0.024901320306958245 -0.00560327173073578 0.0052879492478985057 0.0083872694950231502 -0.020162414478290237 0.007158181747907417 -0.010850801542193743 -0.011713324919254723 0.012240414893982485 0.014862486692209704 -0.0028649164598916871 -0.0041166621172570098 0.029643941602532795 0.0068113038401458768 0.015263179477871865 -0.0050160740169596322 0.0086114299699608706 0.012468868503240397 -0.0073941094353019536 0.0094190682505776446 0.01682462971944456 0.022306940641182757 -0.026179311354684882 -0.0047880901940624632 0.016652931940115554 -0.014600861518923 0.018191915561656318 -0.002540605186465554 -0.0017735360301238819 0.0097861306912274994 0.0075088060957548813 0.013040833103090593 -0.01310252043680485 -0.03127258426318389 -0.0092100980362027282 -0.015740243632401906 -0.0076177855924730968 -0.00037140408154688229 0.029454680829563682 0.007903019816934944 0.030275537265543582 0.013400141044916254 0.0055110048810049547 0.008655867324772186 -0.016815888732152701 -0.010618622861786151 -0.0098865306996611738 -0.030463704732278503 -0.027187245788262926 -0.027494425327260777 -0.01967322642134451 0.022245739805560185 -0.011085349819573598 -0.017911384264253798 0.0023972038384644507 0.0011798579593424764 0.0087016746885948317 0.0099654543153242445
leaf_weight=49.873238176107407 459.76183372735977 120.40022987127304 56.546436309814453 44.419763192534447 80.35068379342556 42.183940708637238 83.308389946818352 717.83498445153236 240.37649212777615 73.199584402143955 59.887718006968498 171.05158339440823 48.521910071372986 53.592552170157433 105.11201977729797 115.65281963348389 66.118659421801567 373.62904526293278 204.21131370961666 94.929182276129723 109.56054240465164 75.222447097301483 98.653669461607933 152.18041618168354 74.844687268137932 49.351024508476257 55.243545815348625 495.58621881902218 64.133390173316002 254.00883180648088 45.418113976716995 1098.984349578619 79.324809044599533 212.84561018645763 54.979407429695129 41.581753015518188 235.31191754341125 53.967456914484501 78.348515957593918 51.308130443096161 139.63110587000847 93.231182605028152 54.924524500966072 65.291397735476494 44.055621311068535 54.807241894304752 43.615984246134758 114.19218254089355 57.849846601486206 84.157354399561882 90.696964710950851 49.600756406784058 69.492506861686707 38.866902142763138 80.158242702484131 58.164855152368546 90.577329456806183 47.375285550951958 99.129172191023827 228.19495689868927 86.83515827357769 58.940928116440773
leaf_count=261 1954 742 284 196 385 191 385 3249 1304 357 279 734 208 266 438 496 274 1555 987 411 462 327 445 632 347 228 256 2253 292 1271 200 4615 348 949 260 196 1131 335 331 218 659 457 284 313 235 256 201 547 273 419 398 226 450 244 346 254 377 208 421 1000 373 253
internal_value=-0.000141838 -0.00292655 -0.00595683 -0.00642914 0.00537021 -0.0054302 -0.00586706 0.00388544 -0.00991079 -0.0115267 0.00170719 -0.000282999 0.00890318 0.00608665 -0.000328829 0.00122825 0.00926793 3.74914e-05 0.00893227 0.0106836 0.0165272 -0.00162517 0.000440488 -0.000317214 -0.00332075 0.0094445 -0.00422997 -0.00268392 -0.00412185 -0.00661048 -0.00285888 -0.00157906 -0.00443611 0.00522058 -0.00770521 -0.0094185 -0.0115095 -0.0164923 -0.0010063 -0.00383887 -0.0128797 0.0161537 0.0133318 0.00896039 0.0169168 0.00485469 1.27731e-05 0.0153656 -0.00721848 -0.00234918 -0.0116035 -0.0171614 -0.0164202 -0.0117222 -0.010485 -0.00149535 -9.90514e-05 0.00219984 0.00973688 -0.00210226 -0.00183658 -0.00360077
internal_weight=8391.61 5575.06 2573.28 2516.74 2816.55 2287.98 2243.56 2201.39 866.882 783.574 1483.56 1162.15 321.413 416.345 3001.78 2176.62 280.791 1895.83 356.458 615.151 175.679 1522.2 152.246 1326.39 1376.67 91.535 1285.14 1090.26 1015.42 795.013 541.004 1174.21 825.16 307.775 543.197 488.218 446.636 289.279 126.87 745.801 194.875 307.376 257.503 202.578 109.347 220.406 156.273 194.543 101.466 157.357 219.623 140.298 228.76 159.267 195.811 574.75 523.442 432.864 157.294 275.57 605.538 518.703
internal_count=38246 25427 12730 12446 12819 11010 10814 9909 4387 4002 6660 5189 1471 1977 12697 9145 1174 7971 1698 2910 736 6416 711 5574 6427 419 6008 5093 4746 3724 2453 4942 3552 1360 2698 2438 2242 1466 539 3212 915 1550 1289 1005 548 1022 730 932 474 776 972 624 1436 986 842 2478 2260 1883 675 1208 2580 2207
is_linear=0
shrinkage=0.03


Tree=61
num_leaves=63
num_cat=0
split_feature=83 12 5 29 54 83 65 51 54 53 41 60 5 51 10 77 18 5 33 56 59 5 18 70 5 43 51 10 81 12 69 59 5 80 41 18 58 65 66 66 57 66 44 69 26 65 26 56 69 26 57 81 4 10 43 33 57 57 33 17 54 54
split_gain=152.654 49.0125 32.3912 38.458 37.3058 30.3019 29.9066 32.8311 36.5559 26.7834 25.7815 23.6606 23.5484 22.6724 23.6981 22.2445 21.6492 21.1867 21.1603 21.002 20.6812 20.5856 20.0875 19.9203 19.8173 19.4702 20.2704 18.8015 18.0556 18.1808 21.9357 17.9387 17.7569 25.1462 30.7344 19.3656 17.5794 17.4675 17.074 18.851 18.5063 20.3613 26.9141 17.0224 17.0065 20.6201 18.5778 16.3166 17.1966 16.1761 15.2195 15.1475 15.1398 15.0063 14.8768 17.7833 20.2085 16.456 14.4026 14.3643 14.2264 14.4153
threshold=0.46120150387287145 0.0098244817927479761 -0.0021264930255711074 0.64619597792625438 -0.26842699944972986 1.0000000180025095e-35 -773.49999999999989 0.020234299823641781 0.35644111037254339 0.88882952928543102 -3.5716955661773677 13.118154525756838 -0.00056205762666650106 0.035686479881405837 0.036679295822978027 -0.24517001956701276 5.2027819156646737 0.00088445039000362169 1281.6525878906252 10.432330608367922 -0.65802666544914235 -0.00031217074138112361 18.797056198120121 5669.5000000000009 0.00067948389914818119 26.726824760437015 0.038917126134037978 0.052806360647082336 0.25386027991771704 0.016891034319996837 2997.5000000000005 -0.16941544413566587 0.0031068685930222277 29.366417884826664 -23.894924163818356 78.508197784423842 0.64195337891578685 -291.49999999999994 638.50000000000011 12.500000000000002 46.064779281616218 220.50000000000003 -3.5166687965393062 16151.500000000002 1.9564046263694765 -146.49999999999997 1.0004190206527712 6.8493077754974374 2921.5000000000005 1.5665597319602969 14.225560665130617 -0.26104180514812464 -0.00016983762907329944 0.10116108506917955 -19.600589752197262 449.89326477050787 19.138699531555179 42.49383735656739 219.06842803955081 26.45436000823975 1.379483759403229 0.28482958674430853
decision_type=2 2 2 2 2 2 2 2 2 2 2 2 2 2 2 2 2 2 2 2 2 2 2 2 2 2 2 2 2 2 2 2 2 2 2 2 2 2 2 2 2 2 2 2 2 2 2 2 2 2 2 2 2 2 2 2 2 2 2 2 2 2
left_child=1 6 20 4 11 17 7 50 13 54 32 15 52 14 -9 -4 -17 19 -10 25 -2 44 -14 -11 -23 26 -3 -28 29 -18 -31 -16 33 -5 35 -35 -26 -36 39 47 41 -41 -43 60 45 -8 -47 48 -25 -37 -1 -32 -6 -12 57 -56 -57 -7 -49 -29 61 -24
right_child=2 5 3 10 12 9 21 8 18 23 53 -13 22 -15 31 16 28 -19 -20 -21 -22 24 43 38 36 -27 27 59 -30 30 51 -33 -34 34 37 49 -38 -39 -40 40 -42 42 -44 -45 -46 46 -48 58 -50 -51 -52 -53 -54 -55 55 56 -58 -59 -60 -61 -62 -63
leaf_value=0.028744833264697293 0.0060065628398515312 -0.012749932052825996 -0.011589742622782218 -0.016477241710804499 -0.0078932593707035457 0.012441972962765229 -0.0067295517085819209 0.01383708704934615 -0.031523680355374985 -0.0040375612457830314 0.014163845406786186 0.020813754524713055 0.012962099970955631 0.019950586270671779 -0.024341345769757154 0.019497166662574041 0.0026563514361735395 -0.0075780539899403766 -0.0049284320116524862 0.019761000413240738 -0.019659849653044046 0.013233806761474461 -0.0069731925951808105 0.012797295033815093 -0.0082275627741909083 -0.013459511986362855 0.027057212017262359 -0.0021415382064753209 0.012604844048579098 0.0093902244553944712 0.00029319792053135148 -0.00039518837606340723 -0.028406159739298269 -0.0096872408463842159 -0.0010899369828057028 0.0254336264052188 0.012527374465130877 -0.022787757885374873 0.017483531305702082 -0.0089073868728794924 -0.011674487925365355 -0.0057971604862710859 0.016504103889534806 -0.017454396462698845 0.016009601712377565 -0.00080737034020639308 0.016563692643061536 -0.0014389889281935667 -0.0081029842974346747 0.001711285070739087 0.0040707013549093575 -0.015618243790726181 -0.020414028482550486 -0.0045078758500359355 -0.014873353743701039 0.013999356707286813 -0.0065423069328513824 -0.0088015358470996882 0.015515477207533532 0.009026593041970836 -0.01698829445299397 0.0043674164933925541
leaf_weight=44.580432653427124 33.292953595519066 45.484643489122391 118.79125661402941 319.16083342581987 305.46828342974186 77.156806364655495 163.78163279592991 54.287305697798729 54.962498053908348 389.26290549337864 50.52120766043663 55.257717788219452 69.053877785801888 52.833822891116142 47.53885792195797 60.656302154064178 620.41458512842655 98.374372705817223 52.781751498579979 103.95088347792625 186.70043852180243 909.22203575074673 170.32583072036505 55.788406163454056 79.290609836578369 46.364073529839516 43.332460016012192 132.31436175107956 109.05326494574547 63.819909825921059 80.363627508282661 69.052490964531898 54.856418147683144 55.950089633464813 53.69974422454834 46.256188973784447 68.423332154750824 88.297917604446411 78.04405914247036 98.613340795040131 119.17712716758251 80.485824033617973 123.33974090218544 75.301315456628799 87.320347502827644 118.80824714899063 103.83660152554512 57.617330864071846 97.094864919781685 58.700486332178116 45.422889694571495 163.19790288805962 121.48242874443531 166.10711231827736 201.36659064888954 49.685569658875465 325.33407174050808 57.109394863247871 207.46138313412666 478.43278014659882 51.359054654836655 247.40599910914898
leaf_count=209 187 219 624 1601 1564 323 718 272 232 1628 220 253 294 239 203 274 2694 419 230 511 1103 4253 751 235 341 201 241 572 471 285 373 293 372 266 260 222 288 461 335 409 503 338 516 330 382 521 451 241 408 304 212 736 604 908 851 205 1348 240 857 2215 225 1070
internal_value=0.000222278 0.00360896 -0.00463993 -0.00387569 -0.00183284 0.00117917 0.00730041 0.000223993 -0.00413917 -0.000899752 -0.00916132 0.00161425 -0.0060458 0.00277497 -0.00253554 0.000741995 0.00207675 0.00560234 -0.0184952 0.00712799 -0.0157756 0.00924884 -0.00228047 0.00164915 0.0115781 0.00536748 0.00661525 0.0079619 0.00105765 -0.000299613 -0.00626589 -0.010159 -0.012044 -0.0106012 -0.00440973 0.00456733 0.00138644 -0.0145822 0.0040615 0.00281384 -0.00166193 0.00228355 0.00769787 -0.00421393 0.00405234 0.00135037 0.00729411 0.00732874 -0.000476295 0.0121661 0.0162923 -0.0103682 -0.0114559 -0.00015333 -0.00558717 -0.00768212 -0.00382078 0.00340616 0.0118303 0.00660709 -0.00208849 -0.0002566
internal_weight=8343.43 4917.93 3425.49 3205.5 2311.95 2965.79 1952.14 421.46 331.457 2017.54 893.55 1271.55 1040.4 223.712 170.879 1216.3 1097.51 948.254 107.744 849.879 219.993 1530.68 613.446 1306.88 1056.94 745.928 699.564 654.08 1036.85 927.796 307.381 116.591 676.922 622.065 302.904 160.907 147.714 141.998 917.622 839.578 421.616 302.439 203.826 544.392 473.747 386.426 222.645 417.962 152.883 104.957 90.0033 243.562 426.951 216.628 710.652 576.386 375.02 134.266 265.079 610.747 469.091 417.732
internal_count=38111 21659 16452 15162 10548 12815 8844 1890 1469 8437 4614 5710 4838 1007 768 5457 4833 4378 462 3959 1290 6954 2670 5470 4882 3448 3247 3028 4559 4088 1394 496 3486 3114 1513 792 629 721 3842 3507 1766 1263 854 2376 2072 1690 972 1741 643 526 421 1109 2168 1128 2967 2404 1553 563 1098 2787 2046 1821
is_linear=0
shrinkage=0.03


Tree=62
num_leaves=63
num_cat=0
split_feature=31 29 52 63 53 12 44 42 63 12 26 59 63 10 80 57 52 57 59 52 80 33 54 90 80 80 32 60 70 82 57 4 70 80 33 53 57 43 32 30 59 43 44 31 32 12 70 80 49 80 25 61 31 30 70 60 65 70 63 32 9 7
split_gain=132.718 50.7158 60.8121 40.0056 39.5318 28.7443 28.474 36.9926 28.3993 25.2483 24.9002 21.8667 25.8991 21.8593 21.4524 21.3659 20.9702 20.7744 19.9435 19.8782 19.6072 25.228 19.5187 27.5878 19.1616 18.1307 18.129 25.7335 19.6097 20.9709 17.5851 17.4573 17.2527 16.8199 16.1953 17.3746 19.7211 17.8892 19.9976 16.8067 18.3475 18.7512 23.3691 22.8423 16.0106 20.3615 15.8343 15.4926 20.4911 15.4709 17.7617 15.4486 15.4109 17.9376 14.6179 14.2037 14.1052 16.1516 14.083 14.0826 13.8604 13.9569
threshold=0.27250000834465032 -0.90150374174118031 0.30542688071727758 0.95819556713104259 0.87773165106773388 0.011925060302019121 -6.1520209312438956 73.234706878662124 0.2861058115959168 0.017609894275665287 1.2392886877059939 0.1705465763807297 0.94480377435684215 0.082106575369834914 33.345905303955085 41.064327239990241 -0.18573043495416638 18.875786781311039 1.0210797190666201 -0.20716879516839978 14.512819766998293 1602.2062988281252 -1.3543309569358823 0.50572273135185253 26.280238151550297 16.338961601257328 0.35249999165534979 0.66099497675895702 4198.5000000000009 -83.685958862304673 16.311784744262699 -8.1565081927692504e-05 28736.500000000004 16.259340286254886 2690.118774414063 0.62926781177520763 16.311784744262699 -22.711123466491696 0.13750000298023227 0.82500001788139354 -0.237657755613327 11.862846851348879 5.7595894336700448 0.12749999761581424 0.98250001668930065 0.016074272803962234 11839.500000000002 46.525743484497077 0.99664762616157543 26.163510322570804 74.690658569335952 3.8305188417434697 0.11124999821186067 0.42499999701976782 9069.5000000000018 4.4171857833862314 -511.49999999999994 2263.5000000000005 0.75327470898628246 0.13750000298023227 -0.0019900486804544921 0.00063962824060581635
decision_type=2 2 2 2 2 2 2 2 2 2 2 2 2 2 2 2 2 2 2 2 2 2 2 2 2 2 2 2 2 2 2 2 2 2 2 2 2 2 2 2 2 2 2 2 2 2 2 2 2 2 2 2 2 2 2 2 2 2 2 2 2 2
left_child=3 19 4 6 5 18 7 13 10 11 14 12 -10 22 32 -4 -12 -13 55 59 21 52 23 -1 -20 -19 27 -24 -29 -30 -31 -32 33 -6 35 36 -22 38 -37 40 -39 51 -43 -44 45 -35 60 48 -18 50 -41 -42 54 -54 -8 58 -7 -58 -3 -2 -11 -62
right_child=1 2 15 -5 8 56 20 -9 9 46 16 17 -14 -15 -16 -17 47 25 24 -21 34 -23 26 -25 -26 -27 -28 28 29 30 31 -33 -34 44 -36 37 -38 39 -40 49 41 42 43 -45 -46 -47 -48 -49 -50 -51 -52 -53 53 -55 -56 -57 57 -59 -60 -61 61 -63
leaf_value=-0.0011159169477669105 -0.0026399144995808538 -0.0060332894207556203 -0.0062650129257396103 0.02002790567787072 0.017427832269133411 -0.018640356221414307 0.0098484226594069656 0.023471297223147832 0.00014654432199996833 -0.018061830110970699 -0.0055358332062257825 0.012631005813455904 0.01876588451930887 -0.012642698389517615 0.025264601321860106 -0.018978877634301849 0.020147105518515604 0.0060555794134210979 -0.018164095798132603 -0.0039113570753990306 0.012151878410603445 0.03450704647518453 -0.022369397133283692 0.029484081650106211 0.0040619566981800227 -0.0064535384511202019 0.015220437306389183 -0.019391138288279153 -0.015545503757557535 0.021703190207957527 0.011144977881917116 -0.0038964499315980966 0.023100857071697203 0.00041679870399172322 0.014904370126817598 0.021360047563382001 -0.0094370697210011904 -0.01555619492443612 -0.0013205835807755938 0.022963288001716833 0.013123595781258711 0.010091673649477976 -0.028732568593347982 -0.00026643854422190016 -0.010729410668738939 0.02193337613494966 -0.020786160898019539 -0.012182695172920749 0.0033241668906632956 -0.0021029030004436193 0.0043281175948912814 -0.0025707466033735261 -0.0054827881198328526 0.013473616642311489 0.027602575953664114 0.0059611172110166132 0.0094067762809660407 -0.0091458979924857794 0.0073075816083458117 -0.018401837277793164 -0.0065802022682407224 0.01300749316575286
leaf_weight=59.203191488981247 62.546318851411343 284.59027992188931 291.61613476276398 165.9900868088007 75.363550066947937 124.00524933636189 110.66396613419056 58.126695692539215 171.85345335304737 56.263475708663464 280.17383989691734 74.729043066501617 110.44588741660118 128.63286036252975 68.362007409334183 200.92883314937353 69.665527924895287 129.1525566726923 103.59960940480232 219.57416465878487 51.07916048169136 43.375410288572311 55.755977317690849 48.027772530913353 52.652281656861305 541.50314145535231 53.486095324158669 45.656305849552155 56.76524218916893 44.627652019262314 108.57788306474686 192.68104149401188 53.159606039524078 164.73617839813232 138.92587985098362 118.2142234146595 149.65176066756248 57.075525119900703 49.695536851882935 101.11927890777588 163.76560963690281 55.797479286789894 49.269415900111198 52.302123337984085 72.132369190454483 52.101892188191414 82.586166337132454 53.132136076688766 1008.3767523765564 69.625669658184052 84.497794970870018 86.138152539730072 89.009076029062271 90.709418401122093 67.011699497699738 309.90882380306721 47.099124819040298 408.71369102597237 94.982804954051971 276.7369886264205 108.83480817079544 46.824360802769661
leaf_count=277 364 1217 1528 827 334 560 543 279 747 270 1263 321 481 545 295 1166 296 550 443 1067 223 224 244 230 228 2393 253 205 251 214 498 870 230 718 677 517 655 252 222 453 751 246 217 223 315 229 384 255 4343 293 372 377 392 401 342 1313 201 1811 408 1686 484 207
internal_value=0.000216856 -0.00236189 -0.00142827 0.00576956 -0.000365418 -0.00452452 0.00481502 0.00036992 0.00147624 -0.00189895 0.00382846 0.000320316 0.00743112 -0.00132252 0.00968619 -0.0114515 0.00181194 -0.00237275 -0.000997288 -0.0109445 0.00714017 0.0129014 0.000867894 0.0125895 -0.0106746 -0.00404458 -0.00138647 -0.00314863 -0.000758147 0.00135463 0.0041282 0.00152469 0.00713532 0.0048058 0.00525865 0.00402726 -0.00394342 0.00583003 0.0146474 0.00377259 0.000373414 0.0026058 -0.00550605 -0.0140745 0.00151398 0.00558681 -0.00964303 0.00363187 0.0044113 0.00995653 0.0144801 0.00771399 0.0102792 0.00408509 0.0165445 0.0011958 -0.00966942 -0.00722885 -0.00269492 -0.0154962 -0.00530056 -0.000687961
internal_weight=8341.81 5696.35 5137.49 2645.46 4644.95 1425.55 2479.47 851.541 3219.4 1322.19 1897.2 1027.68 282.299 793.414 485.856 492.545 1411.35 745.385 845.734 558.857 1627.93 400.77 664.781 107.231 156.252 670.656 557.55 504.064 448.308 402.652 345.887 301.259 417.494 364.334 1227.16 1088.23 200.731 887.501 167.91 719.591 464.348 407.273 157.369 101.572 288.97 216.838 294.509 1131.17 1078.04 255.243 185.617 249.904 357.394 179.718 177.676 689.482 579.818 455.813 379.573 339.283 211.923 155.659
internal_count=38180 26107 22990 12073 20296 6181 11246 3866 14115 5837 8278 4492 1228 3587 2121 2694 6157 3264 3609 3117 7380 1902 3042 507 671 2943 2535 2282 2038 1833 1582 1368 1826 1596 5478 4801 878 3923 739 3184 2066 1814 686 440 1262 947 1345 4894 4639 1118 825 1128 1678 793 885 2938 2572 2012 1625 2050 961 691
is_linear=0
shrinkage=0.03


Tree=63
num_leaves=63
num_cat=0
split_feature=10 84 52 5 18 52 53 44 63 52 52 29 33 5 32 31 54 33 81 90 11 29 32 47 66 63 32 12 44 23 58 80 18 56 29 17 12 47 76 80 42 44 33 54 23 80 54 54 63 33 18 77 31 58 61 47 28 63 66 30 66 54
split_gain=109.673 52.2782 36.3969 49.4195 35.1075 27.605 28.5194 24.9457 24.7137 26.8372 21.8243 20.5592 20.4336 20.3803 21.4319 23.9718 23.2614 20.3961 20.2405 19.9753 19.6363 19.4873 24.178 22.7864 17.9145 26.6996 16.5354 16.2432 16.6296 18.2538 15.5724 15.525 22.7099 15.3834 15.2789 17.1699 21.3226 14.9121 14.8169 14.7248 14.4147 14.3561 16.4005 14.8848 13.9185 13.7936 18.1665 15.5552 17.417 23.5056 17.4811 14.9568 19.2404 13.7517 21.6626 13.6335 16.2216 15.5321 20.8374 19.4125 18.6794 19.1011
threshold=0.11345345526933671 1.0000000180025095e-35 0.28744994103908544 -0.001197992358356714 12.502252101898195 -0.10471083968877791 0.70173805952072155 4.7773709297180185 0.2861058115959168 -0.20716879516839978 0.1348596587777138 0.037238454446196563 1870.4981079101565 0.0021222868235781793 0.90249997377395641 0.94749999046325695 -0.92133778333663929 345.94508361816412 0.081890840083360686 2.599465131759644 0.73987928032875072 0.67132046818733226 0.16750000417232516 1.0001217722892763 450.50000000000006 -0.7589854598045348 0.95249998569488536 0.006148312473669649 -3.8713417053222652 1.5000000000000002 -0.46893693506717676 15.908642292022707 54.958522796630866 11.633985519409181 0.730543613433838 24.751137733459476 0.014457452576607467 1.0003187060356142 0.13893597573041919 25.949255943298343 8.5157403945922869 -8.840138912200926 462.07270812988287 -0.12167793884873389 1.5000000000000002 13.651201248168947 -0.019882387015968558 0.88303765654563915 -0.75039777159690846 3372.0974121093755 50.994918823242195 -0.16006059944629666 0.046250000596046455 0.55023661255836498 2.3524584770202641 0.99829387664794933 -1.1568187475204466 0.43247817456722265 220.50000000000003 0.82500001788139354 66.500000000000014 0.67951011657714855
decision_type=2 2 2 2 2 2 2 2 2 2 2 2 2 2 2 2 2 2 2 2 2 2 2 2 2 2 2 2 2 2 2 2 2 2 2 2 2 2 2 2 2 2 2 2 2 2 2 2 2 2 2 2 2 2 2 2 2 2 2 2 2 2
left_child=1 5 3 8 -5 11 21 13 9 -2 27 18 19 14 15 16 20 -16 55 -12 39 22 24 38 25 -7 34 -8 29 37 -11 32 -30 45 35 -9 -37 -29 -24 -6 -41 -18 43 -43 -4 46 -3 48 50 51 -47 -50 -53 54 -48 56 -1 60 -59 -60 61 -57
right_child=2 33 44 4 7 6 10 26 -10 30 12 -13 -14 -15 17 -17 41 -19 -20 -21 -22 -23 23 -25 -26 -27 -28 28 31 -31 -32 -33 -34 -35 -36 36 -38 -39 -40 40 -42 42 -44 -45 -46 47 53 -49 49 -51 -52 52 -54 -55 -56 57 -58 58 59 -61 -62 -63
leaf_value=-0.010595020993665143 -0.011276567441319966 0.018424922391779688 -0.020395996136968016 0.012486717260614415 0.006631909509462376 -0.00086549611435161953 0.019843862162809627 -0.016997847315854613 -0.016873944308013481 0.017932290675283312 -0.0045658998096443134 0.0073860323744754782 0.016532002058640978 -0.014980999835627019 -0.0021774475163605957 -0.021143727951179143 -0.016377287774032804 0.014533036677754286 -0.022994014878193643 0.0081768213927711792 0.016015080604279398 -0.016486752563261792 -0.014385492213649296 -0.024821000006633086 -0.011027516473673135 0.020650867404423463 -0.020555312732903053 0.0018791789027029582 0.0073882605889588207 0.006605673274819983 -0.0017738806218767589 0.0062337244392064927 0.030492806078046702 0.019615240905931756 -0.016676219702259919 0.0090375681835044575 -0.0075225687214373598 -0.015752035351195844 0.006781856198360749 -0.010801997643427387 0.0084721828760478627 -0.023141612420433156 0.0025234247371182148 -0.0037977721221598535 -0.0085894892983610204 0.0050382044359197865 0.017381170108526446 0.016508509455352934 -0.0087322103199103992 0.026737017489601892 -0.0093328708679740312 0.015734580119851412 0.0033866702862547417 0.015707823167569541 -0.0083822999705957559 -0.0082224069113729994 0.00765658107021688 -0.024276448685650338 -0.01216339603751131 0.0084419272569872614 0.013675645866102051 0.0089179876742497711
leaf_weight=60.066212251782417 304.32749772816896 179.14486563205719 142.34526711702347 166.72398710250854 221.48079015314579 116.82640455663204 80.717680126428604 60.292482502758503 271.97788446396589 47.153028681874275 472.00915658473969 143.56565453112125 61.689405664801598 75.589137002825737 104.14341044425964 50.309737026691437 77.024590060114861 178.25450631976128 51.959007784724236 144.64473289251328 107.80346478521824 87.890120774507523 51.195560470223427 58.685027614235878 51.635257601737976 93.403741925954819 75.512884698808193 93.951120495796204 91.28536768257618 234.47200581431389 153.83485382795334 485.88618618249893 65.9492417126894 85.384832963347435 85.28847673535347 138.18372936546803 141.76968011260033 79.881718903779984 71.090911149978638 118.87024463713169 49.449081927537918 50.504283338785172 255.45578226447105 122.9778920263052 243.74981936067343 150.66246920824051 42.904561176896095 94.647616133093834 65.618203535676003 47.377787709236145 154.09100855886936 148.98374091088772 477.8097477555275 75.519780844449997 93.130822762846947 284.91150131821632 162.09951773285866 79.589751005172729 139.93127039074898 58.291260153055191 57.799612388014793 73.637329518795013
leaf_count=273 1679 930 852 751 942 488 345 284 1465 214 2012 599 266 406 467 257 362 783 214 622 477 385 213 245 216 396 343 393 384 975 692 2027 277 434 418 593 614 329 295 519 212 223 1119 548 1420 705 214 460 297 263 698 784 2240 382 442 1235 694 343 619 244 244 321
internal_value=1.11821e-05 0.0027678 -0.00429699 -0.00312863 -0.000716392 0.000683937 0.00253242 -0.00186714 -0.00958252 -0.00565804 0.00432513 -0.0032084 6.99307e-05 0.000173728 0.00103099 -0.000935718 7.73285e-05 0.0083705 -0.00477921 -0.00157692 0.0046829 -0.00358309 -0.00102209 -0.00945434 0.00480532 0.00869407 -0.00761794 0.0068747 0.00587906 0.00114399 0.00284931 0.00888526 0.017079 0.0072226 -0.00532215 -0.00247606 0.00065144 -0.00622292 -0.00207991 0.00154886 -0.0051396 -0.00445215 -0.00231075 -0.00942917 -0.0129423 0.00653095 0.0113951 0.00486273 0.00380749 0.00629386 -0.00222817 0.00489505 0.00632167 0.00544223 -0.000256691 -0.00374637 0.00272196 -0.00581655 -0.0113102 -0.00610399 -0.00215088 -0.00470218
internal_weight=8311.36 5068.34 3243.02 2856.93 2079.63 3453.06 2341.21 1912.91 777.293 505.315 1810.49 1111.85 678.343 1411.86 1336.27 1053.88 1003.57 282.398 968.285 616.654 497.604 530.727 442.837 180.971 261.865 210.23 501.047 1132.14 1051.43 408.305 200.988 643.121 157.235 1615.28 425.534 340.246 279.953 173.833 122.286 389.8 168.319 505.963 428.938 173.482 386.095 1529.89 390.7 1139.19 1044.54 739.789 304.753 692.412 626.793 211.555 136.035 916.326 222.166 694.161 277.812 198.223 416.348 358.549
internal_count=38143 22503 15640 13368 9318 14654 9868 8567 4050 2585 7630 4786 2900 6315 5909 4659 4402 1250 4187 2634 2150 2238 1853 753 1100 884 2252 4730 4385 1697 906 2688 661 7849 1909 1491 1207 722 508 1673 731 2252 1890 771 2272 7415 1968 5447 4987 3584 1403 3321 3024 1038 656 3973 967 3006 1206 863 1800 1556
is_linear=0
shrinkage=0.03


Tree=64
num_leaves=63
num_cat=0
split_feature=83 41 52 53 10 54 12 5 65 5 70 18 29 70 65 17 4 66 44 57 54 32 12 59 29 59 70 6 57 32 12 12 57 59 57 38 52 41 5 27 29 42 90 68 51 70 52 26 41 80 22 59 69 57 66 29 80 54 18 18 3 44
split_gain=112.073 39.422 34.6948 30.3021 31.34 28.9368 31.5225 28.7716 28.7567 30.2789 27.8587 27.0919 24.4976 25.1812 24.2381 23.6936 25.2887 24.8825 23.1007 22.3467 22.2458 28.8141 21.8519 21.563 21.2891 24.6471 30.5465 27.4661 27.0149 25.8744 20.1812 19.7622 19.6544 18.74 18.4205 17.2903 17.2321 23.4194 19.0531 19.4732 23.7796 16.0968 16.0901 15.8332 16.5871 15.7587 18.2057 27.2527 15.6268 17.0324 23.5964 15.6138 21.6993 15.5405 23.6588 24.4929 21.3968 15.053 15.0491 14.6307 21.7215 19.0953
threshold=0.44630408287048345 -109.37187576293944 -0.33728338778018946 1.200927793979645 0.031270854175090797 -0.26842699944972986 0.039075193926692016 0.0012416867539286616 -773.49999999999989 -0.00088294071611016978 31462.500000000004 53.540048599243171 0.67132046818733226 7495.5000000000009 -677.49999999999989 73.286895751953139 -0.00098453013924881794 -213.49999999999997 4.7773709297180185 28.709639549255375 -1.00772088766098 0.91750001907348644 0.0064439051784574994 1.0210797190666201 -0.41024084389209742 0.14258531481027606 3822.5000000000005 -0.00050083128735423077 18.182867050170902 0.027499999850988392 0.014457452576607467 0.0079877935349941271 42.804351806640632 -0.83894816040992726 20.88714694976807 -1.0000000180025095e-35 0.38434277474880224 -31.644566535949703 -0.00057247525546699752 0.20964537560939792 0.84215959906578075 19.595508575439457 2.9164173603057866 0.6078576147556306 0.036211216822266586 7495.5000000000009 0.1403215974569321 1.5214107036590578 -60.223472595214837 22.009874343872074 21.000000000000004 0.51054462790489208 4813.5000000000009 44.084753036499031 530.50000000000011 -0.97107404470443714 26.060076713562015 -1.2117109298706052 37.692241668701179 15.23159170150757 -0.00051654537674039591 -9.6388716697692853
decision_type=2 2 2 2 2 2 2 2 2 2 2 2 2 2 2 2 2 2 2 2 2 2 2 2 2 2 2 2 2 2 2 2 2 2 2 2 2 2 2 2 2 2 2 2 2 2 2 2 2 2 2 2 2 2 2 2 2 2 2 2 2 2
left_child=1 -1 -2 4 -3 6 12 8 32 23 14 -12 13 20 -11 16 -16 -17 42 -20 57 35 34 41 -18 26 -26 58 -29 51 -28 -31 48 -15 -7 -22 37 -24 -39 40 -40 -10 -14 44 -33 46 47 -5 -6 50 -50 -30 -53 54 55 -35 -55 -4 -27 -57 -61 -62
right_child=2 3 5 45 7 22 -8 -9 9 10 11 -13 18 33 15 17 24 -19 19 -21 21 -23 36 -25 25 27 30 28 29 31 -32 43 -34 53 -36 -37 -38 38 39 -41 -42 -43 -44 -45 -46 -47 -48 -49 49 -51 -52 52 -54 56 -56 59 -58 -59 -60 60 61 -63
leaf_value=0.029842137684093311 -0.013982015685356822 0.017161497393105265 -0.0039899894926624623 0.013974403135962122 -0.015329759474641772 -0.0047811590240351472 -0.02312037418260884 -0.011012582440458288 -0.0060916563059872477 0.014841743614615823 -0.017527469797364588 0.0049353070177466894 -0.0056041276256558262 0.02462173294631544 -0.010343951003668845 -0.014141359712837934 -0.0013633088031866018 0.0013701464700932623 0.0011608006887330621 -0.025675545688649371 0.0084667475908650862 0.025748545044684025 -0.021233885006683609 -0.023736347495968379 0.0011337857716055464 0.019546434241854545 0.02447582730216457 0.016636579670575139 -0.023324355490222635 0.017364763861240109 0.0088213657913794753 -0.019704711043416475 -0.021615068407203571 -0.016126063106064313 0.020811093453436048 -0.013195915091504699 -0.020526558707777285 -0.011547566243978773 -0.0035815220878409205 0.0027771081987697818 -0.020574156602327118 0.0077111385295538298 0.0098615600317337997 0.0072746284928404542 -0.00014738742533327423 0.012108622238869406 -0.0084131045523480278 -0.0045736823515927297 0.024072057836658729 -0.010193424409404298 -0.0032840245179822274 -0.017810458937410203 0.011718162662541078 -0.015293398227753703 0.022400963874710592 0.019314804895232754 0.0087824761152368435 -0.019616352003274037 0.0019049447950794625 -0.014816088638428286 -0.009916825217000453 0.010573567803724093
leaf_weight=48.218977302312851 298.08481034636497 112.00915221869946 317.47111655771732 192.68177685141563 69.747104778885841 55.495180785655975 54.922824986279011 169.74784198403358 296.05999273061752 183.61851564049721 107.34613704681396 87.88592828810215 246.69190936535597 44.826693549752235 91.330895245075226 117.98385137319565 311.53055590391159 440.83608205616474 41.513269633054733 85.322588577866554 74.417482912540436 48.719685465097427 91.289323821663857 48.480908170342445 132.03381441533566 154.71718737483025 189.53672954440117 110.75056017935276 54.662446543574333 79.356751039624214 121.70942652225494 44.470015600323677 65.466278403997421 47.326321184635162 46.539207547903061 59.813585326075554 85.701630316674709 327.63972385972738 399.91450022161007 320.40375301241875 90.980109833180904 102.32139381766319 80.233994223177433 249.44915655255318 319.02091440558434 401.72502143681049 87.415874227881432 113.1668892800808 49.560514211654663 71.691475361585617 66.395445853471756 44.59305414557457 44.999336794018745 74.329916924238205 75.837754085659981 68.55560140311718 60.071428120136261 67.231113776564598 60.55152453482151 46.977725401520729 49.138836935162544 245.10300680994987
leaf_count=247 1767 592 1407 866 302 239 310 755 1259 816 470 389 1309 203 383 505 1332 1902 203 442 331 219 408 208 600 676 892 516 244 383 539 197 274 252 203 262 519 1647 1770 1466 479 435 415 1115 1410 1771 381 494 213 309 284 201 207 342 343 298 284 300 260 205 208 1054
internal_value=-0.000106084 0.00285184 -0.00419206 0.0025803 0.00151658 -0.00328195 -0.000744366 0.00106562 0.00161734 0.00243138 0.00353502 -0.0074156 -3.54562e-05 0.00208804 0.00431211 0.00355908 0.00507912 -0.0019048 -0.00602469 -0.016892 -0.00262536 0.00598653 -0.00648266 -0.00484543 0.00581377 0.0072061 0.0132251 0.00491112 0.00271297 0.000869633 0.0183543 0.00327803 -0.00693818 0.00584498 0.0068918 -0.00118617 -0.00751969 -0.00661359 -0.00544172 -0.0029759 -0.00673086 -0.00254651 -0.00180855 0.00145424 -0.00254006 0.00792956 0.0036606 0.00711144 -0.00320523 0.00130136 0.00840819 -0.0106886 -0.0029792 0.00458371 0.00688273 0.0043081 -0.00453255 -0.00672088 0.0145842 0.00666811 0.00412721 0.00715164
internal_weight=8345.62 4841.07 3504.55 4792.85 3997.86 3206.47 1788.5 3885.85 3716.11 3393.25 2946.38 195.232 1733.58 1279.82 2751.15 2567.53 2008.71 558.82 453.762 126.836 567.653 182.951 1417.96 446.862 1917.38 1605.85 443.28 1162.57 947.302 836.552 311.246 692.297 322.861 712.167 102.034 134.231 1315.93 1230.23 1138.94 811.298 490.895 398.381 326.926 612.94 363.491 794.99 393.265 305.849 257.395 187.647 115.956 144.255 89.5924 667.341 532.939 457.101 134.401 384.702 215.269 409.775 341.22 294.242
internal_count=38312 21427 16885 21180 17668 15118 8387 17076 16321 14939 13037 859 8077 5708 12178 11362 8955 2407 2369 645 2519 812 6731 1902 8572 7240 2031 5209 4273 3757 1431 3105 1382 3189 442 593 6289 5770 5362 3715 2249 1694 1724 2722 1607 3512 1741 1360 1108 806 497 652 408 2986 2360 2017 626 1707 936 1765 1467 1262
is_linear=0
shrinkage=0.03


Tree=65
num_leaves=63
num_cat=0
split_feature=83 83 42 64 80 57 77 56 52 18 16 57 63 26 33 80 57 23 11 49 64 56 64 54 69 3 63 66 63 13 52 13 6 64 25 58 61 70 42 77 59 61 69 26 82 61 69 59 69 52 31 13 70 61 7 48 77 52 33 14 64 54
split_gain=117.361 44.3153 28.4052 28.3968 23.4556 24.7635 22.2437 28.3777 25.2618 24.9576 30.1561 21.8528 23.4175 24.4592 74.4506 20.0138 19.5867 19.4097 19.0707 19.1924 18.6339 30.486 28.0365 28.4802 18.7475 18.46 18.0634 17.7893 19.131 21.3857 17.5513 19.9062 22.5929 20.5994 16.6914 24.699 33.2164 21.5227 16.4454 28.7216 15.4488 15.3544 15.2928 15.0014 15.1883 14.8525 15.9074 15.3055 14.7004 16.831 14.4549 14.2658 14.9562 19.3888 14.0381 21.8108 14.7443 18.6257 18.2269 18.198 15.2612 14.2779
threshold=0.11141496524214746 0.92666059732437145 -46.253950119018548 -0.99771150946617115 13.651201248168947 97.126312255859389 -0.17791390419006345 15.959263801574709 0.13762427121400836 68.228107452392592 67.99860000610353 29.068610191345218 0.2861058115959168 1.6091310381889345 535.62191772460949 36.430492401123054 132.7725524902344 1.5000000000000002 -0.060803703963756554 1.0036577582359316 0.65110388398170482 6.587759494781495 0.46754305064678198 -0.31395770609378809 3795.5000000000005 8.6938642198219909e-05 -0.42853991687297815 632.50000000000011 0.86051779985427868 0.0090349316596984881 -0.15178137272596356 0.021123568527400497 -0.0014004946569912133 -0.15427892655134198 34.975507736206062 0.54466712474823009 2.5276069641113286 10557.500000000002 71.584506988525405 -0.058992711827158921 -0.80363446474075306 0.61971622705459606 5767.5000000000009 1.886496424674988 -12.332924365997313 7.4546217918396005 18258.500000000004 0.18392280489206317 13142.500000000002 -0.01758502051234245 0.13625000417232516 0.015523741953074934 6571.5000000000009 8.2726745605468768 0.0010051194694824519 1.0004586577415469 -0.16763777285814283 0.17544251680374148 3015.1882324218755 0.020478243008255962 0.82288655638694774 0.8596077859401704
decision_type=2 2 2 2 2 2 2 2 2 2 2 2 2 2 2 2 2 2 2 2 2 2 2 2 2 2 2 2 2 2 2 2 2 2 2 2 2 2 2 2 2 2 2 2 2 2 2 2 2 2 2 2 2 2 2 2 2 2 2 2 2 2
left_child=3 2 -2 -1 34 18 30 8 9 38 -11 20 13 14 -13 -16 -7 -12 -6 27 22 -22 23 48 -23 41 40 28 54 -30 31 32 33 -4 -5 36 50 42 -8 -40 -15 -10 -38 -28 -45 46 -27 -48 49 -3 -36 52 -14 -54 56 -56 -20 58 59 60 61 -58
right_child=1 11 6 4 5 16 7 -9 25 10 17 12 51 26 15 -17 -18 -19 19 -21 21 24 -24 -25 -26 45 43 -29 29 -31 -32 -33 -34 -35 35 -37 37 -39 39 -41 -42 -43 -44 44 -46 -47 47 -49 -50 -51 -52 -53 53 -55 55 -57 57 -59 -60 -61 -62 -63
leaf_value=0.028807668467311007 0.021831738508020566 0.025614125100964447 0.01510441359684641 0.017906625263780472 -0.013069876928587054 -0.017149018534377738 -0.0010747777949502958 0.016765422056784319 0.0028140991191330719 0.019246636275804235 -0.0060941707528002981 -0.014335401246949469 -0.019529958987819455 -0.00030535541279132401 0.0065941745299914912 0.033070815719347044 0.0053024738054414638 0.0084791075766340231 -0.0065299234882644757 -0.0082138710305217633 0.026264913782140319 0.011590201109957111 -0.027102454521093649 -0.010619905099395272 -0.015538508754518177 0.003214418327981367 -0.016212039590609142 0.019732266411178607 0.02561625954780368 0.0070873304708243771 0.0017866661911538635 -0.026857628043154846 -0.011567668903550767 -0.01029000674924564 0.027715119579378011 0.015663186020223544 -0.030343378457893738 0.0055251404513602413 -0.004948046613637261 0.027553890737226458 -0.019728373889175442 -0.013233416124252285 -0.0050965635420521307 -0.0076466871069559624 0.014939021435085948 -0.0097353802381145507 0.0030602059298354945 -0.020411057961800566 -0.0041912710895518563 0.002160344072831325 0.0030792413361852553 -0.022743601336368494 0.0066602456915787157 -0.02015337292337405 -0.015070550208803013 0.0032011040594443472 0.0053045306224464425 -0.0022709203260669105 0.023079804381667346 0.020704654323084916 -0.0054707389532103736 0.021061325799973968
leaf_weight=45.261985927820206 49.190779089927673 49.981915362179279 65.9414913803339 174.96282336115837 55.530030742287636 90.992161095142365 1798.8487653136253 86.929154634475708 66.412181600928307 135.25149302184582 139.50510059297085 118.09625604748726 88.896565668284893 45.948592565953732 48.728601142764091 54.358250692486763 56.802467241883278 200.41913612186909 93.219216838479042 96.720530867576599 49.487676307559013 42.843540906906128 47.140286162495613 196.39225947856903 49.314955681562424 434.38045294582844 50.474725008010864 75.783448114991188 74.590235933661461 225.68347857892513 176.7751373052597 51.774972632527351 292.73305957019329 50.97104524075985 42.666812852025032 165.15650127828121 43.380442008376122 60.778807669878006 48.204239726066589 49.698214754462242 186.24083031713963 279.48742559552193 42.993928760290146 53.702013969421387 53.485674276947975 158.53063347935677 44.977844730019569 56.30749449133873 79.611113548278809 61.324593469500542 43.074748769402504 150.73438072949648 68.454736530780792 37.602934330701828 88.079431220889091 176.85990163683891 453.21262484788895 196.01894554495811 66.707602515816689 74.099126234650612 104.62606400251389 58.430030927062035
leaf_count=229 210 249 324 868 244 395 7537 371 290 560 580 666 499 242 236 278 241 833 402 400 239 209 243 1036 237 1935 253 375 404 1043 752 253 1335 249 223 805 199 282 204 209 1050 1231 205 269 292 721 198 256 414 316 193 896 369 204 389 785 2104 866 352 325 483 278
internal_value=-2.46056e-05 -0.0024289 -0.000830961 0.00525264 0.00483623 0.00329439 -0.00110042 -0.000160953 -0.000592191 0.00111717 0.0072654 -0.00679309 -0.0095727 -0.00604243 0.00192618 0.0205554 -0.00852015 0.00249823 0.0042436 0.00478251 -0.00217699 0.00727216 -0.00525775 -0.00259899 -0.00292665 -0.00449037 -0.0105634 0.00552749 0.0048595 0.0116901 -0.00625112 -0.00933048 -0.00711523 0.00403306 0.0101837 0.0067891 0.00049608 -0.00815218 -0.000423092 0.0115509 -0.0158847 -0.0101523 -0.0177765 -0.00272682 0.00362337 -0.00166917 0.000718034 -0.00998816 0.00565193 0.0126922 0.0153386 -0.0158128 -0.010454 -0.00284657 0.00329531 -0.00287333 0.00485729 0.00597104 0.00810501 0.00665806 0.00496912 0.00710397
internal_weight=8324.79 5719.16 4186.34 2605.63 2560.37 1987.36 4137.15 3498.95 3412.02 2371.93 475.176 1532.82 956.724 611.035 221.183 103.087 147.795 339.924 1839.56 1784.03 576.096 141.646 434.45 387.31 92.1585 1040.1 389.852 1687.31 1611.53 300.274 638.196 461.421 409.646 116.913 573.014 398.051 232.895 147.153 1896.75 97.9025 232.189 345.9 86.3744 157.662 107.188 694.196 535.666 101.285 190.918 111.307 85.7416 345.689 194.954 106.058 1311.25 264.939 1046.31 953.094 757.075 690.368 616.269 511.643
internal_count=38335 26245 18048 12090 11861 9086 17838 14925 14554 9923 1973 8197 5254 3286 1180 514 636 1413 8450 8206 2943 685 2258 2015 446 4631 2106 7806 7431 1447 2913 2161 1908 573 2775 1907 1102 686 7950 413 1292 1521 404 814 561 3110 2389 454 979 565 416 1968 1072 573 5984 1174 4810 4408 3542 3190 2865 2382
is_linear=0
shrinkage=0.03


Tree=66
num_leaves=63
num_cat=0
split_feature=83 52 53 5 5 31 61 77 5 63 66 63 41 63 18 82 64 44 17 12 70 12 64 10 63 44 63 80 80 41 66 63 63 47 8 44 64 80 12 8 13 90 53 41 83 64 63 68 64 64 60 41 41 68 53 26 42 43 25 31 64 12
split_gain=104.034 39.9088 31.8299 33.3629 37.2554 29.9111 32.06 31.9961 30.2331 24.9217 37.0829 23.2456 24.4072 24.9452 24.0608 30.7865 25.2602 22.9648 22.9325 20.6332 20.5348 21.5615 24.4702 21.0723 20.3676 20.2285 20.0725 17.3491 17.0928 16.9892 16.6583 22.7016 23.5356 39.9209 25.4791 25.8153 22.364 21.792 21.7898 21.2597 18.3753 17.049 18.8685 16.3795 16.3116 15.7547 18.8253 17.1429 30.7745 22.6972 17.0101 16.6655 15.7302 15.6063 15.2019 15.1741 15.1716 15.1196 22.1414 14.8015 18.1948 14.7183
threshold=0.50567668676376354 0.30542688071727758 1.4106180071830752 -0.00059485959354788054 0.00056054579908959578 0.97750002145767223 -4.8377192020416251 -0.15075197815895078 -0.0010630127508193252 0.9556623399257661 385.50000000000006 -0.99280729889869679 -53.128269195556634 -0.98035496473312367 18.797056198120121 -62.424289703369134 -0.99115538597106922 4.2519726753234872 11.202349185943605 0.0063004994299262771 32639.500000000004 0.0066738296300172814 -0.10235826298594473 0.056819785386323936 0.093673683702945723 -4.8617901802062979 0.2861058115959168 27.583697319030765 15.908642292022707 -14.956035137176512 530.50000000000011 0.041439602151513107 0.74460110068321239 0.99987512826919567 -0.00068633872433565546 -2.3331351280212398 -0.67719548940658558 13.248032093048097 0.0081455740146338957 -0.00038662079896312202 0.01307463087141514 -1.0322263240814207 0.68988445401191723 -43.757192611694329 1.2759035229682925 0.96648588776588451 0.98285266757011425 -1.0000000180025095e-35 0.45593219995498663 -0.75039777159690846 9.948362350463869 -10.828952789306639 -16.128276824951168 1.0000000180025095e-35 0.70515331625938427 2.1209352016448979 23.235518455505375 -1.1507656574249265 58.58399963378907 0.30125001072883612 0.054514370858669288 0.0047736817505210647
decision_type=2 2 2 2 2 2 2 2 2 2 2 2 2 2 2 2 2 2 2 2 2 2 2 2 2 2 2 2 2 2 2 2 2 2 2 2 2 2 2 2 2 2 2 2 2 2 2 2 2 2 2 2 2 2 2 2 2 2 2 2 2 2
left_child=1 2 3 25 9 6 7 -2 29 18 -11 -10 17 -14 15 53 -16 24 -5 -18 21 22 -20 -22 -13 27 44 28 -1 -8 31 36 33 40 -34 -36 39 -38 -35 -23 -33 -39 -43 -3 -7 46 47 48 -21 51 -51 55 -37 -15 -27 -49 -53 -6 -59 60 -44 -24
right_child=5 43 -4 4 57 26 8 -9 11 10 -12 12 13 14 16 -17 19 -19 20 45 23 30 61 -25 -26 54 -28 -29 -30 -31 -32 32 34 38 35 52 37 41 -40 -41 -42 42 59 -45 -46 -47 -48 49 -50 50 -52 56 -54 -55 -56 -57 -58 58 -60 -61 -62 -63
leaf_value=-0.0007529256271742626 -0.005413932718235856 0.0039591477823334277 0.011601770417272766 -0.016175961165720423 0.0024734136085705926 0.0099473963567105923 -0.007291399415021293 0.031453363849890378 -0.018690105677046761 0.006936780383951526 0.031696009380261896 -0.0070777476639636606 0.016759307558037374 -0.010980571681224608 0.009831363334534101 0.025644130904645037 0.0092188677491805079 0.017144059823749912 0.02465447646825502 -0.0077206163100246453 0.0059129581844228792 0.0051874445815350747 0.017180859415660305 -0.020690222531648983 0.012959329546672291 -0.011045378743733077 -0.027728825672216972 0.0072377750892446933 -0.018096802420223268 -0.019477876817047352 0.011651106626355606 0.01164364146754414 -0.0055204111346137587 0.0014121428151191557 0.00071354633808561193 0.029193744623989354 0.016798543726896563 0.0076235307449575114 -0.020196223879280151 0.022190740214154604 -0.010573048443271095 -0.015510396703836827 -0.0015491659702020549 -0.017062064790715436 -0.013299687932064106 0.0033839567827941303 0.00238867141842505 -0.014330330004979928 0.019330953502682564 -0.014782903140138085 0.0046688744084809252 0.019632177157239548 0.0075159913031820486 0.0076379052480666986 0.0019023439306120758 0.0057653767198529004 -0.0040056509713649706 -0.019832482343022838 -0.002437473230542529 -0.010704183179666812 0.018642182540472774 0.0035913637604546023
leaf_weight=75.101846262812614 38.973457753658295 45.13381852209568 365.33900843560696 47.314524441957474 392.42220009863377 33.497113481163979 404.2868766784668 46.421774566173553 77.223862074315548 184.5719687640667 77.220782950520515 130.73040960729122 54.617491126060486 74.17595262825489 96.302424743771553 52.2456064671278 76.052508696913719 106.65977043658495 98.548461377620697 156.85919433832169 51.536661118268967 133.14061914384365 102.61535084247589 55.822672247886658 70.161502867937088 93.669792383909225 71.577536813914776 47.934154465794563 160.28622928261757 138.13621821254492 231.92596560716629 115.35441914200783 146.29031206667423 57.076490864157677 126.32575385272503 71.089551106095314 91.532888159155846 211.6564878821373 159.00662353634834 131.59276407957077 47.22160230576992 84.51699610054493 113.94661465287209 127.88438405096531 143.68829917162657 124.62302421033382 145.92575810104609 126.98854464292526 49.885320261120796 653.62339617311954 43.130344554781914 43.822067454457283 52.283270537853241 89.297483086585999 633.97633731365204 46.091420620679855 55.246027871966362 80.642550155520439 359.18044063448906 70.448191240429878 62.032277882099152 238.30575592815876
leaf_count=323 213 195 1616 203 1697 162 2164 203 375 837 389 576 249 343 423 221 323 478 495 733 253 593 504 233 310 397 496 201 686 778 1045 527 666 265 557 318 427 935 696 578 209 366 498 574 908 550 682 591 232 3143 199 202 228 404 2700 219 253 344 1536 291 289 1111
internal_value=-4.44193e-05 0.00258533 0.00307841 0.00240214 0.00375659 -0.00433762 -0.00348167 0.0146275 -0.00403082 0.00543351 0.01424 -0.00251256 -0.00194378 -0.00321986 -0.00381476 0.00559684 -0.00506913 0.00589348 0.00451116 -0.00601178 0.00491031 0.00549771 0.0114878 -0.00791966 -7.97982e-05 -0.00241239 -0.0143211 -0.00921311 -0.0125631 -0.0103949 0.00411617 0.00307193 -0.000691897 -0.00603937 0.00442156 0.0102462 0.00631562 0.00325815 -0.0144886 0.0136394 0.00519061 0.00097398 -0.00327876 -0.0115784 -0.0089048 -0.00681273 -0.00777427 -0.00903573 -0.00119335 -0.0107091 -0.0135788 -0.00336224 0.0200071 -0.000810215 0.000235585 -0.00897882 0.00645037 -0.00180741 -0.00562689 0.000916314 0.00556825 0.00768173
internal_weight=8293.19 5142.95 4969.93 4604.59 3593.62 3150.24 2901.48 85.3952 2816.09 2761.38 261.793 2273.66 2196.44 1888.89 1834.27 215.719 1618.55 307.552 2499.58 1522.25 2452.27 2344.91 439.47 107.359 200.892 1010.97 248.763 283.322 235.388 542.423 1905.44 1673.51 774.648 378.659 395.989 249.699 898.867 634.133 216.083 264.733 162.576 542.601 330.944 173.018 177.185 1446.2 1321.57 1175.65 206.745 968.902 696.754 272.148 123.373 163.473 727.646 173.08 99.0681 832.245 439.823 246.427 175.979 340.921
internal_count=38212 22782 22013 20397 16090 15430 13864 416 13448 12513 1226 10506 10131 8767 8518 968 7550 1364 11287 7127 11084 10598 2110 486 886 4307 1566 1210 1009 2942 8488 7443 3466 1697 1769 1103 3977 2806 961 1171 736 2379 1444 769 1070 6804 6254 5572 965 4607 3342 1265 546 747 3097 810 455 3577 1880 1078 787 1615
is_linear=0
shrinkage=0.03


Tree=67
num_leaves=63
num_cat=0
split_feature=83 64 77 5 70 64 64 33 54 5 5 64 52 10 49 63 14 57 70 54 14 54 26 13 59 46 32 64 52 7 83 59 81 4 64 50 33 25 25 90 54 51 15 38 52 59 33 59 25 63 40 38 25 38 57 43 26 33 54 70 26 64
split_gain=94.1708 37.0202 34.9478 32.9483 26.699 28.8069 67.555 34.027 34.0211 25.2517 30.0621 24.0895 23.4157 21.2768 21.1949 35.3768 33.9249 31.5646 29.3225 26.9833 25.5149 21.8764 24.6616 21.7673 21.0308 25.1586 24.8815 31.1412 20.9387 29.172 20.713 20.4252 19.9031 23.966 19.3889 20.2949 19.1252 26.5604 19.0475 19.0139 17.6207 17.544 17.3508 21.1745 27.9918 20.294 17.017 16.6231 33.4247 24.0464 18.3147 16.5228 16.0876 15.9908 15.2963 15.2168 14.9385 23.337 16.1782 16.3888 14.3845 17.1917
threshold=0.21659358590841296 -0.99771150946617115 -0.37425148487091059 0.0022409680532291536 5622.5000000000009 0.66098293662071239 0.49052239954471594 913.63354492187511 -1.8411073088645933 0.00088445039000362169 -0.00053875608136877407 0.82288655638694774 0.30542688071727758 0.14415169507265094 1.0003499388694765 -0.99115538597106922 0.01742277201265097 29.415114402771 6609.5000000000009 -0.36103969812393183 0.0090279402211308497 0.8545438051223756 1.9564046263694765 0.026643449440598491 -0.30007414519786829 0.99714440107345592 0.61750000715255748 -0.86493045091629017 -0.093174844980239854 -0.0014421115629374979 0.87435984611511242 -1.2717738747596739 0.11930449679493906 -0.00040073672425933177 -0.58601745963096608 0.9994032382965089 808.27978515625011 19.612651824951175 53.582616806030281 -1.6725233793258665 -1.8053607344627378 0.034155081957578666 45.440580368041999 -0.080326627939939485 0.12524890899658206 0.34941439330577856 411.65470886230474 0.36059877276420599 49.101026535034187 -0.028357730247080323 13.402591705322267 -0.017095487564802166 90.591709136962905 -0.46747721731662745 79.739185333251967 -24.265793800354 2.3217806816101079 1374.609558105469 0.133606031537056 10354.500000000002 0.78462201356887828 0.69934985041618358
decision_type=2 2 2 2 2 2 2 2 2 2 2 2 2 2 2 2 2 2 2 2 2 2 2 2 2 2 2 2 2 2 2 2 2 2 2 2 2 2 2 2 2 2 2 2 2 2 2 2 2 2 2 2 2 2 2 2 2 2 2 2 2 2
left_child=1 -1 -2 4 12 6 14 8 -7 10 -3 -9 24 -10 15 -6 19 47 -19 20 -17 34 -23 -18 31 -26 60 -28 29 -22 -25 -4 33 -12 35 39 37 -33 -8 -21 -20 -36 -35 53 55 -46 -15 48 -16 -49 -51 -30 -42 -44 56 -45 58 -58 59 -34 -27 -62
right_child=2 9 3 -5 5 7 38 11 13 -11 32 -13 -14 46 17 16 23 18 40 21 28 22 -24 30 25 26 27 -29 51 -31 -32 36 54 42 41 -37 -38 -39 -40 -41 52 -43 43 44 45 -47 -48 49 -50 50 -52 -53 -54 -55 -56 -57 57 -59 -60 -61 61 -63
leaf_value=0.027216081070306732 -0.023891402222614131 -0.001530693379875412 -0.0095433140057779586 -0.014479224562583827 -0.022154751773926923 0.023113772457424953 -0.027064059391554568 0.032731397129492454 0.0035854544076839214 -0.0054217086505364753 0.00016176209795427742 0.0089812522818955767 -0.018946562204620557 -0.018123709718315371 0.014237169417151779 0.0264080761759099 -0.016124525325058321 0.016239012798453578 0.012197342385116151 0.021034311733651213 0.010320160909010284 -0.0044200402917271547 0.019136489130142771 0.017636365988667923 -0.02256484574351509 0.013461474253702938 0.0037471116327663662 -0.016697337025848396 0.017229509501538925 -0.01306145050897968 -0.011575517843290193 0.033669932856772021 0.0036455412160618511 0.015680702219800793 -0.0030600484198195946 -0.016471611668184141 -0.0024221124069758364 0.0025059414348869188 -0.0083482945664283895 -0.0049569797382447564 -0.009075064163349935 -0.02127544145136261 0.0062219359761877318 0.024457863346082697 0.0048702936506556651 -0.018766444049616263 -0.0011739475715487871 0.02764829501619091 -0.012781904433630309 0.022006007580139611 -0.0010135318832840293 -0.00062007585737539127 0.0041351788490073746 0.016958924314199514 -0.011279907318879142 0.005120956506736306 0.0066265704621453897 -0.02080263498692619 -0.0019833751120027832 0.017050753110683572 -0.00059872944126925952 -0.016125680752592342
leaf_weight=58.820302426815033 70.32433944940567 682.61860530078411 76.212259829044342 201.10775620490313 82.79130320250988 55.024299949407578 112.43250600248575 51.828084468841553 289.10365641117096 279.4853977560997 321.77662241458893 148.74995937943459 108.61302705109119 97.709604740142822 92.55635803937912 50.035377606749535 206.87509592622519 72.100272476673126 53.140606842935085 49.032204210758209 82.712782666087151 99.051054626703262 67.090439222753048 39.991588577628136 79.311824008822441 54.332793742418289 90.774781480431557 256.60700010508299 124.45055936276913 114.51027873158455 48.145768843591213 48.221969529986382 207.25549726188183 296.60060213506222 77.726334363222122 45.698994390666485 73.970519855618477 50.274069279432297 86.663214638829231 52.405544459819794 360.19146183133125 122.72714214771986 242.33803953230381 41.451046451926231 56.844576179981232 76.940208703279495 117.31229218840599 81.798298165202141 74.274158962070942 47.965293914079666 88.50093449652195 74.682000331580639 107.79896518588066 257.4720633327961 75.656711518764496 314.66398185491562 56.216578632593155 55.454597607254982 188.58868332207203 135.90416514873505 467.57610959559679 74.388685658574104
leaf_count=287 445 2896 339 1275 384 257 509 227 1259 1173 1462 634 577 495 417 221 983 322 244 227 407 460 303 173 388 244 402 1185 534 528 262 226 949 1433 348 205 328 229 400 233 1640 564 1154 217 264 337 589 367 331 215 400 324 501 1230 328 1502 245 248 853 632 2081 329
internal_value=-0.000256182 0.00362606 -0.00289442 -0.00259038 -0.00207679 -0.000601878 -0.00214816 0.00451764 0.000715029 0.00320421 0.0040052 0.0151181 -0.00557639 -0.00172975 -0.000706745 -0.00316071 -0.00190783 0.00264922 -0.00169239 0.000826129 0.00622143 -0.00386195 0.00509244 -0.0108055 -0.00443445 -0.0063366 -0.0049727 -0.011355 0.0036731 -0.00325551 0.00167913 0.00339045 0.00562903 0.00748427 -0.00814198 0.000128108 0.00910582 0.0177633 -0.0189174 0.00760649 -0.00417327 -0.0142124 0.00931603 0.00740864 0.0029764 -0.0087233 -0.00887621 0.0093374 0.00220808 0.0147867 0.0070774 0.0105353 -0.00603216 0.011753 0.0014801 0.00737173 0.00298049 -0.00699445 0.0050753 0.00895451 -0.00125461 -0.00272992
internal_weight=8274.88 3348.09 4926.79 4856.47 4655.36 3275.08 2515.35 759.728 559.15 3289.27 3009.78 200.578 1380.28 504.126 2316.25 1337.93 1255.14 978.326 593.231 960.123 446.391 513.732 166.141 295.012 1271.67 1022.99 943.679 347.382 396.356 197.223 88.1374 248.679 2327.16 1608.09 347.59 147.137 172.467 98.496 199.096 101.438 521.131 200.453 1286.31 989.71 489.9 133.785 215.022 385.095 166.831 218.265 136.466 199.133 467.99 499.81 719.076 356.115 643.42 111.671 531.748 343.16 596.298 541.965
internal_count=38221 15210 23011 22566 21291 14963 11502 3461 2600 14923 13750 861 6328 2343 10593 6156 5772 4437 2707 4354 2014 2340 763 1418 5751 4629 4241 1587 1793 935 435 1122 10854 7599 1577 665 783 455 909 460 2385 912 6137 4704 2320 601 1084 1730 748 982 615 858 2141 2384 3255 1719 2927 493 2434 1581 2654 2410
is_linear=0
shrinkage=0.03


Tree=68
num_leaves=63
num_cat=0
split_feature=83 77 83 33 53 26 53 48 52 59 52 57 41 69 44 52 65 41 44 33 81 28 8 31 25 81 12 69 44 40 25 43 43 90 66 12 28 26 65 12 26 51 44 66 43 4 8 58 31 56 51 66 66 40 31 25 26 65 83 44 9 68
split_gain=116.709 42.5514 35.8428 21.9303 24.9065 19.7277 20.5052 19.2695 19.0321 20.015 32.2376 20.1666 18.8263 35.0413 58.201 20.1283 18.883 21.9142 18.8138 17.6999 20.7711 20.8013 18.0743 17.2394 17.2249 15.4886 16.9091 15.212 21.5765 30.5264 32.871 18.2589 22.9543 16.0386 15.2107 22.0982 19.6216 20.9203 17.768 16.0834 14.9086 14.8485 16.9331 18.2973 19.1765 16.7268 15.1527 14.7986 14.7297 14.462 29.1264 14.7379 27.179 33.4463 20.1519 18.048 17.2059 14.4256 14.2506 16.8257 26.3169 17.0004
threshold=0.14662909507751468 -0.37425148487091059 1.4604680538177492 362.73524475097662 1.4007718563079836 2.332206249237061 1.1297181248664858 0.99981039762496959 0.32483632862567907 0.88642415404319774 -0.10471083968877791 17.563218116760257 -46.476762771606438 13800.500000000002 3.0194171667099003 0.27206397056579595 -900.49999999999989 21.891779899597172 4.0630099773406991 2473.289184570313 0.055890824645757682 -0.08545344695448874 -0.0010532750748097894 0.97750002145767223 85.164726257324233 0.27411420643329626 0.011607556138187649 9972.5000000000018 8.9740715026855487 -11.371184825897215 26.509885787963871 8.4690999984741229 5.1247427463531503 1.5267722606658938 -198.49999999999997 0.0079877935349941271 1.229558050632477 2.332206249237061 -677.49999999999989 0.0076122041791677484 0.54476693272590648 0.047207724303007133 8.9740715026855487 530.50000000000011 -15.910964488983153 0.00095748421153984975 -0.0010051515419036148 0.40121863782405859 0.68750000000000011 6.0160470008850107 0.058894759044051177 -8.4999999999999982 -128.49999999999997 -4.4804348945617667 0.4525000005960465 77.439300537109389 1.6389505267143252 -186.49999999999997 0.52618610858917247 -2.8703950643539424 -0.0014845473342575131 0.6078576147556306
decision_type=2 2 2 2 2 2 2 2 2 2 2 2 2 2 2 2 2 2 2 2 2 2 2 2 2 2 2 2 2 2 2 2 2 2 2 2 2 2 2 2 2 2 2 2 2 2 2 2 2 2 2 2 2 2 2 2 2 2 2 2 2 2
left_child=8 -2 3 5 12 49 7 -7 9 10 -1 -12 13 -5 -15 16 -14 27 -6 20 22 -22 -11 -4 -25 26 -23 40 29 57 -31 32 -32 -33 38 -36 37 41 39 -13 -18 42 43 44 -37 -43 -46 -30 -20 50 -3 52 54 -54 -51 -53 -56 -29 59 -42 -61 -62
right_child=1 2 23 4 18 6 -8 -9 -10 19 11 34 15 14 -16 -17 17 -19 48 -21 21 25 -24 24 -26 -27 -28 28 47 30 31 33 -34 -35 35 36 -38 -39 -40 -41 58 45 -44 -45 46 -47 -48 -49 -50 51 -52 55 53 -55 56 -57 -58 -59 -60 60 61 -63
leaf_value=0.00058653573275579474 -0.025333532292047361 -0.0057529155703857967 -0.0058634606428713699 0.0086403685455400132 0.011684985797824355 -0.012063259544648451 0.018844519010604972 0.0084832398209686941 -0.014224679449686918 -0.0076159063556385216 0.017374131278618161 -0.00042590419777673347 -0.014502717917183211 -0.015845928231809088 0.012731215861180553 -0.011127404352792468 0.013136145547714698 0.019744922279096699 0.0091065407656310791 0.013836668153376948 -0.026101093015829586 0.011515260553779712 0.0089832696703344792 -0.022365671536991108 -0.00013929111562203079 -0.017122681057240338 -0.010989153228425055 0.0026992631875849145 0.003190654657738194 0.031664304850001553 0.0058664420092978606 0.0059829457443778102 -0.018252917549953906 0.024092884219029904 0.020050621841283662 0.011805523708392182 -0.011256048741209739 0.028450837010885032 -0.0029694361781890796 0.018477848624695575 -0.006842409332596968 0.012522935538592829 0.016323650871047181 0.015430960258077145 -0.026416613291560965 -0.0041216682336649348 -0.0048027772557450877 -0.019029307512371554 -0.010851618073220146 0.0077011809516057683 -0.028495167157791188 -0.0046432922940232105 -0.0098281510875585093 0.021084598955667354 0.00026090530057821631 -0.017693158506898083 -0.022055030114611913 -0.016900672821979851 -0.0072760878714861312 0.014245903230283389 -0.0071832950634143468 0.0094161327187981935
leaf_weight=594.99835960566998 72.718426235020161 166.68224976956844 393.10755261778831 428.29754327237606 261.35750064253807 82.238232642412186 58.79643327742815 82.084294311702251 45.790791302919388 85.952239289879799 212.0456869751215 73.604267701506615 94.952105462551117 170.67362675070763 102.7588281929493 212.46564625203609 48.317776784300804 45.616337835788727 59.266481265425682 75.391449421644211 47.670237421989441 71.755788177251816 188.53957295417786 134.38557049632072 40.940787382423878 54.397089466452599 51.69840694963932 64.541180789470673 46.509820878505707 49.92827495932579 113.49127724766731 138.03317147493362 51.684197425842285 64.615028232336044 149.17096118628979 40.085627362132072 47.193930670619011 45.310025855898857 228.6977720707655 90.079593196511269 252.82674515247345 448.64351740479469 57.421502947807312 43.306403249502182 43.384604185819626 61.82684363424778 89.239219948649406 64.229305595159531 75.905912071466446 59.854888260364532 72.827566727995872 490.30518325418234 47.515542790293694 93.458205729722977 51.08972355723381 118.41597650945187 79.451855525374413 70.946030884981155 578.43368685245514 128.11318661272526 188.46834149956703 78.722399532794952
leaf_count=2672 463 756 2253 1834 1128 385 269 381 194 380 1065 357 399 724 444 1051 210 195 250 364 204 340 862 910 277 228 218 277 201 220 502 610 226 280 767 197 201 209 1029 417 1059 2065 279 209 206 267 424 278 334 255 350 2240 214 417 237 536 384 312 2635 539 786 327
internal_value=3.86514e-05 -0.002539 -0.00222983 -0.00138507 -7.97419e-05 -0.00453986 0.00364052 -0.00179963 0.00495995 0.00527365 0.00656341 0.00874513 -0.00101559 0.0032839 -0.00510633 -0.00233201 -0.00143334 -0.000808003 0.00698552 0.000286337 -0.00175677 -0.00850253 0.00378553 -0.00935253 -0.0171755 -0.00378552 0.00209118 -0.00129156 0.00239057 0.00481009 0.00882331 0.00572288 -0.00168062 0.0117574 0.00745473 0.00937664 0.00755985 0.00863074 0.00243137 0.00997734 -0.00320927 0.00748513 0.00184375 -0.00200531 -0.00637741 0.010507 -0.0118732 -0.00969705 -0.00210094 -0.00608716 -0.0126681 -0.0044105 0.000680534 0.0106654 -0.00671247 -0.00718191 -0.0133213 -0.00756398 -0.00385316 -0.000798325 0.00306732 -0.00229261
internal_weight=8280.23 5434.03 5361.31 4792.87 3390.15 1402.72 223.119 164.323 2846.2 2800.41 2225.01 1630.01 2993.62 701.73 273.432 2291.89 2079.43 1984.48 396.53 575.405 500.013 225.522 274.492 568.434 175.326 177.851 123.454 1938.86 663.978 553.239 417.752 367.824 165.175 202.648 1417.96 1025.58 876.412 829.218 392.382 163.684 1274.88 783.908 273.437 216.016 172.709 510.47 132.624 110.739 135.172 1179.6 239.51 940.091 331.37 140.974 190.396 608.721 130.542 135.487 1226.56 648.131 395.304 267.191
internal_count=38302 25148 24685 21245 14821 6424 1035 766 13154 12960 10364 7692 13109 3002 1168 10107 9056 8657 1712 2596 2232 990 1242 3440 1187 786 558 8462 2906 2427 1838 1618 728 890 6627 4824 4057 3856 1803 774 5556 3647 1315 1036 827 2332 630 479 584 5389 1106 4283 1507 631 876 2776 621 589 5346 2711 1652 1113
is_linear=0
shrinkage=0.03


Tree=69
num_leaves=63
num_cat=0
split_feature=10 29 64 54 29 29 57 8 5 41 25 25 63 31 30 49 41 12 44 57 5 61 44 63 67 64 32 56 51 44 25 25 47 46 44 57 68 32 80 25 15 14 54 12 54 46 43 16 67 51 12 54 54 41 56 3 30 67 60 32 60 12
split_gain=69.1662 40.7426 35.7487 34.4448 31.5685 41.2336 30.7961 32.0368 29.7676 29.2664 26.6004 32.4799 24.696 30.7203 26.1874 30.5514 24.1415 26.3184 21.9967 21.1625 20.8957 20.73 20.2018 19.7824 49.9993 28.2547 37.7257 28.09 26.482 35.645 57.7284 28.9626 25.7167 23.4989 22.1747 21.6616 21.1732 20.5084 19.2118 21.8087 19.0005 18.6922 18.5941 26.5141 17.9638 17.5522 17.4712 17.3262 17.044 16.9002 23.0885 22.3535 33.4276 21.6545 17.7223 16.8067 16.5405 17.3331 16.5084 25.8762 16.1502 15.9005
threshold=0.11281106993556024 -0.61663898825645436 -0.85149618983268727 -2.7434639930725093 -0.87181046605110157 0.75326469540596019 36.346996307373054 0.0012615952873602512 -0.0024579932214692231 -109.37187576293944 28.759186744689945 69.613681793212905 0.9556623399257661 0.24750000238418582 1.0000000180025095e-35 0.99886053800582897 -0.53277471661567677 0.017253582365810875 2.9226225614547734 34.39668273925782 -0.0013889009715057907 3.7900328636169438 3.6384950876235966 0.2861058115959168 211.50000000000003 -0.79202145338058461 0.16250000149011615 6.3166019916534433 0.020234299823641781 17.085385322570804 70.949943542480483 61.642530441284187 1.0019578337669375 1.0004318356513979 -3.0926277637481685 21.773187637329105 1.0000000180025095e-35 0.49250000715255743 30.268261909484867 13.689884662628176 52.783470153808601 0.0076471799984574327 -0.51593476533889759 0.0094084851443767565 0.2703817486763001 0.99842968583107006 -16.122437477111813 20.434063911437992 169.50000000000003 0.049976751208305366 0.0069763779174536475 0.57855939865112316 0.10392096638679506 -34.656648635864251 9.7214808464050311 0.00049422791926190268 0.27500000596046453 1100.5000000000002 0.7163292169570924 0.91750001907348644 5.7503988742828378 0.013958688825368883
decision_type=2 2 2 2 2 2 2 2 2 2 2 2 2 2 2 2 2 2 2 2 2 2 2 2 2 2 2 2 2 2 2 2 2 2 2 2 2 2 2 2 2 2 2 2 2 2 2 2 2 2 2 2 2 2 2 2 2 2 2 2 2 2
left_child=1 38 8 46 56 16 7 -7 -2 -3 -10 -12 14 -14 42 -16 17 20 44 60 -6 -13 -9 24 28 26 27 35 -17 30 31 48 34 -34 -27 -25 -32 -36 39 -1 -18 -33 -11 -44 -19 -45 -4 -22 -30 50 -26 52 53 -52 -54 -51 57 -5 59 -23 -15 -35
right_child=2 9 3 4 5 6 -8 22 10 12 11 21 13 19 15 23 40 18 -20 -21 47 58 -24 25 49 32 -28 -29 29 -31 36 41 33 61 37 -37 -38 -39 -40 -41 -42 -43 43 45 -46 -47 -48 -49 -50 55 51 -53 54 -55 -56 -57 -58 -59 -60 -61 -62 -63
leaf_value=0.0073039569175634336 -0.019291256484259767 0.024871006367779381 0.027911369207434197 -0.013920676040594467 -0.010991525132552624 -0.023471378356124513 -0.020589300278902337 0.01104578136118913 0.013880238901164835 0.014042081664731195 -0.0075112883442613396 0.024445045223345147 0.021427420334682513 -0.0093112323338708173 -0.015085913246700703 0.012970778270608399 -0.019982158133953383 -0.0037522670957028264 -0.012922436949882776 0.012129625268984374 0.015352192429379392 0.027535034471753674 -0.014186146810956757 0.022829767785746656 0.020510658561695171 -0.00068608252684065343 -0.021737636847041171 -0.012233769050668721 -0.0005436468440768638 -0.027626163016389066 0.030491759359564798 -0.005539098032265371 -0.02537716734145519 0.001587374354806378 0.014654992688866553 -0.0043303841327149263 0.0066963778263632373 -0.002139507131632619 0.0036996852125285415 -0.012553111928583095 -0.00065675537695352056 -0.031274787862892693 0.011521914249994714 0.0037680155852945476 0.013875631196174944 -0.013836654644579805 0.0011633120008973958 0.0025362218289649054 -0.016783562695275159 0.017755068668266264 -0.002496972309299197 0.015227225420875064 -0.019068955955096615 0.01444226052051488 0.0033446954765034191 0.0016120352670877219 -0.024863576255721588 0.0048426479489187295 -0.0052948796316694439 -0.0028366955110761291 0.011215124736134051 -0.016870552750787887
leaf_weight=59.392876848578453 52.085490770637989 55.622052051126957 40.420440971851349 218.74757730960846 87.060800775885582 54.795721553266048 214.78611385822296 97.396905347704887 186.55469004809856 252.87160474061966 233.5121858716011 54.236708052456379 137.23088626563549 114.2410254329443 101.67335678637028 103.5785665512085 113.30765348672867 380.60016603022814 221.9659184217453 164.25491747260094 112.99718727171421 49.399390354752541 40.405880257487297 55.510079264640808 80.54446505010128 351.27287402749062 125.46853548288345 100.61986272037029 459.52994185686111 50.18053874373436 53.917836636304855 45.252078652381897 47.326422527432442 197.81907948851585 242.62291836738586 50.444990992546082 89.550398483872414 89.608671382069588 140.72038500010967 307.50421710312366 76.838611364364624 57.897411301732063 198.55528280138969 118.47293236851692 60.266815602779388 89.457259759306908 48.16746860742569 594.04684700071812 66.591487511992455 250.78079423308372 131.56565608084202 110.92805057764053 95.948316127061844 140.40504731237888 47.451206937432289 75.523494139313698 91.26868811994791 55.565107993781567 97.422605276107788 51.636757738888264 49.422868192195892 53.326774656772614
leaf_count=262 285 281 192 1285 425 315 1293 524 838 1183 1117 256 718 491 433 484 530 1723 994 698 494 215 215 253 380 1546 540 451 2009 219 234 209 211 867 1093 235 389 393 613 1399 349 248 940 518 271 399 231 2591 301 1123 590 487 421 622 210 333 601 290 434 271 213 228
internal_value=0.000104219 0.00232861 -0.00331001 -0.0050056 -0.00567817 -0.0042328 -0.0127786 -0.0040681 0.00255828 0.00324608 0.00424988 0.000554777 0.0029727 0.00950966 0.00219992 0.00110182 -0.00211911 -0.000807005 -0.00522034 0.00452218 0.00287677 0.00800851 0.00364739 0.00162042 0.00361139 -0.00119728 -0.00876245 -0.000881637 -0.00132535 -0.00312477 -0.00153368 -0.00544892 0.00136079 -0.00598598 0.00456898 0.00989888 0.0156391 0.0101252 -0.00572421 -0.00933867 -0.0121727 -0.0199844 0.00765473 0.0036812 -0.00134252 -0.003806 0.0133678 0.00458442 -0.00259914 0.00851297 0.00555246 0.00326327 6.81948e-05 0.00624792 -0.0116522 0.0140187 -0.0138008 -0.01012 0.00351658 0.0120129 -0.00311273 -0.00233187
internal_weight=8196.57 4963.09 3233.49 2508.64 2420.05 2054.47 407.385 192.599 724.848 4455.47 672.762 486.208 4399.85 465.15 3934.7 3275.34 1647.08 1456.94 662.833 327.919 794.105 252.695 137.803 3173.67 1859.65 1314.02 332.043 206.575 926.498 822.92 772.739 629.271 981.977 298.472 683.504 105.955 143.468 332.232 507.617 366.897 190.146 103.149 659.357 406.485 440.867 207.93 88.5879 707.044 526.121 933.147 606.843 526.298 415.37 271.971 143.4 326.304 365.581 274.313 198.459 101.036 163.664 251.146
internal_count=37963 22224 15739 12323 11900 9724 2347 1054 3416 19950 3131 2293 19669 2120 17549 14509 7377 6498 2988 1402 3510 1176 739 14076 8259 5817 1479 939 4093 3609 3390 2767 4338 1306 3032 488 623 1486 2274 1661 879 457 3040 1857 1994 917 423 3085 2310 4166 2710 2330 1843 1212 631 1456 2176 1575 920 486 704 1095
is_linear=0
shrinkage=0.03


Tree=70
num_leaves=63
num_cat=0
split_feature=83 5 5 4 17 5 26 29 28 47 63 64 27 64 8 25 6 81 90 63 63 25 25 64 69 8 69 18 33 64 56 80 69 57 14 22 63 63 56 80 26 16 59 26 25 80 25 26 25 44 47 66 32 90 42 13 33 25 48 40 65 17
split_gain=103.374 27.1672 27.0062 26.6208 32.3168 24.8299 23.204 25.1108 22.2058 22.095 21.1964 25.5618 19.6414 19.5839 18.967 24.5254 18.1803 17.7873 20.1489 17.9291 18.3393 24.9512 21.3817 22.1803 19.0713 23.288 19.7178 26.5847 17.3018 20.05 19.6468 19.4076 21.3413 18.6473 18.5902 17.2863 17.221 17.8625 16.9815 16.6809 19.9565 16.6593 16.1284 15.5067 14.9289 18.0516 18.0238 14.7105 14.5582 14.3653 22.0032 21.038 21.2417 15.0192 13.976 13.9136 13.8887 13.4887 14.5974 18.6206 13.4496 13.082
threshold=0.4908346831798554 -0.0023323575733229514 0.0034734148066490893 -0.00068726073368452479 80.010749816894545 -0.00059485959354788054 3.9163285493850712 -1.0759288668632505 -2.0326664447784419 0.99869731068611156 0.95037782192230236 0.10669767111539842 1.2458739876747134 -0.7238691747188567 0.00099204358411952875 42.936883926391609 -0.0011872347677126525 -0.41159895062446589 -2.5219596624374385 0.99826323986053478 0.33586180210113531 66.811004638671889 27.283112525939945 -0.26092512905597681 17323.500000000004 0.0021634434815496211 5048.5000000000009 41.877445220947273 524.36502075195324 -0.97485619783401478 7.0397708415985116 15.408072471618654 4108.5000000000009 44.084753036499031 0.020660856738686565 10.500000000000002 -0.90722548961639393 -0.42853991687297815 12.257247924804689 13.651201248168947 1.6255550384521487 49.945945739746101 0.52903836965560924 1.5971307158470156 61.258274078369148 16.259340286254886 37.325229644775398 0.89681950211524974 45.550985336303718 3.5512828826904301 0.99727216362953197 500.50000000000006 0.057499999180436141 -1.3204212784767149 15.528992652893068 0.012176370713859798 535.62191772460949 74.690658569335952 1.0026865005493166 12.841619014739992 -566.49999999999989 37.341463088989265
decision_type=2 2 2 2 2 2 2 2 2 2 2 2 2 2 2 2 2 2 2 2 2 2 2 2 2 2 2 2 2 2 2 2 2 2 2 2 2 2 2 2 2 2 2 2 2 2 2 2 2 2 2 2 2 2 2 2 2 2 2 2 2 2
left_child=3 56 6 -1 5 14 7 13 -9 -6 16 -12 17 -3 15 -5 -7 18 -10 20 21 22 23 -19 25 26 -23 -28 29 -18 34 32 61 -34 39 -24 48 -38 44 -31 -41 -32 -16 -27 45 -22 -47 -15 -37 53 -51 52 -52 -33 -39 -25 -2 -46 59 -59 -17 -30
right_child=1 2 -4 4 9 10 -8 8 12 -11 11 -13 -14 47 42 60 28 19 -20 -21 38 24 35 55 -26 43 27 -29 31 30 41 49 33 -35 -36 36 37 54 -40 40 -42 -43 -44 -45 57 46 -48 -49 -50 50 51 -53 -54 -55 -56 -57 -58 58 -60 -61 -62 -63
leaf_value=-0.0026663769901063743 -0.022938776126139128 0.0069186442902887781 -0.023630324253246158 0.0022246497648662909 -0.011483799336713972 0.021310231247803721 0.016461385529373217 0.013041194082936003 0.016971693154630572 0.00081052942082757281 0.0074543500891488821 0.026107713105858719 0.0034663299006208745 -0.0013294797420139496 -0.00034564944340252293 -0.025550149144854671 0.016578034070308719 0.011362814889116876 -0.0041227727149312412 0.01300357971600464 0.014338624828696071 -0.0064276323021384045 0.0069348812516048762 0.0022616722684715655 -0.014809022956194566 0.027601503299375857 -0.0081564989300309827 0.020218049079921384 -0.010288382906097583 0.011032342328476333 -0.012585088785837197 0.013167530658338252 0.023906988573204106 0.0068538689601944959 0.022736055795551262 0.0063589470885969208 -0.02356362107396958 -0.0034802865409708566 -0.023582307156939562 -0.012711821547788464 0.0065937617655876558 3.4452892739436109e-05 0.018970277784731895 0.0052694326359740981 -0.020679320197111981 -0.010661465950360025 0.0025805814288872384 -0.023797018659894108 -0.012918837414298941 -0.012601770881786831 0.010453874731869955 0.019977544442557001 -0.003807799068848735 0.0044683982102655855 -0.022664903274618106 -0.014457469659477548 -0.005003887961500645 0.0093828098867925289 -0.021394254402531281 -0.010598065254417014 -0.0073069615361117668 0.0089162620020405859
leaf_weight=707.68468533456326 101.21455643326044 32.435898475348949 58.980834431946278 267.94151118397713 176.73386666178703 60.35816515982151 53.431923821568489 77.685363620519638 73.489227771759033 514.71896758675575 208.3686245828867 96.849828585982323 343.42168781161308 33.781552970409393 86.657968565821648 47.719795063138008 68.36339059472084 103.65722350031137 91.484682768583298 48.944184683263302 44.302787289023399 168.18698021769524 48.876054540276527 89.871475853025913 50.592997409403324 55.632079556584358 48.341567441821098 77.138379044830799 44.772201523184776 117.10774458944798 157.18408760428429 256.60223415493965 155.4343358874321 91.790118843317032 44.995882153511047 71.350933350622654 143.4665699005127 116.82334855943918 63.928399577736855 99.070946663618088 93.8330088108778 234.76409877836704 70.60050605237484 56.306609146296978 112.19516995549202 254.30994591861963 145.39750249683857 117.29178162664175 69.69334864616394 90.720449402928352 143.39369770884514 60.948317393660545 272.82302865386009 587.79040409624577 48.308057442307472 89.320925511419773 63.078891798853874 61.742020554840565 57.755973383784294 131.12485931068659 152.92563956975937 111.23500430583954
leaf_count=3019 650 194 419 1144 780 254 252 338 340 2221 957 488 1602 208 367 205 321 469 428 232 196 783 217 395 237 271 227 359 215 542 692 1172 798 433 196 338 692 536 343 430 412 1026 298 271 549 1200 703 746 333 398 681 289 1204 2638 218 419 389 301 307 617 660 529
internal_value=4.01914e-05 -0.00417053 -0.0035282 0.00272656 0.0036113 0.00474579 -0.00313038 -0.00348804 -0.00276935 -0.00233187 0.00588094 0.0133733 -0.00323012 -0.0142319 -0.000689045 -0.00371456 0.0050312 -0.00422041 0.00527396 -0.00494648 -0.00536319 -0.00301622 -0.00627107 0.000317282 0.00255863 0.00472498 0.000286874 0.00928666 0.00465772 0.00102731 -0.000395934 0.00628808 0.0120929 0.0175755 0.00471636 -0.0100092 -0.011851 -0.0158202 -0.00869883 0.00210093 -0.00332113 -0.0050264 0.00832615 0.0163682 -0.00751955 -0.00383069 -0.00584454 -0.018773 -0.00316667 0.00463069 0.000941253 0.0035161 0.00110559 0.00711198 -0.00909261 -0.00607221 -0.0160528 -0.0120339 -0.00816367 -0.00420163 -0.0116458 0.00340476
internal_weight=8224.95 3203.56 3039.27 5021.39 4313.7 3622.25 2980.29 2926.86 2743.35 691.453 2996.41 305.218 2665.66 183.509 625.845 468.587 2691.19 2322.24 164.974 2157.27 2108.32 1237.57 781.368 282.85 456.199 405.606 293.667 125.48 2630.83 815.319 746.956 1815.51 403.232 247.224 355.008 498.518 449.642 308.598 870.757 310.012 192.904 391.948 157.258 111.939 806.828 444.01 399.707 151.073 141.044 1412.28 567.885 477.165 416.217 844.393 165.131 179.192 164.293 362.818 250.623 192.867 200.645 156.007
internal_count=38148 15779 14740 22369 19350 16349 14321 14069 12921 3001 13675 1445 12583 1148 2674 2009 12230 10981 768 10213 9981 5765 3617 1283 2148 1911 1369 586 11976 3619 3298 8357 1975 1231 1580 2334 2117 1446 4216 1384 842 1718 665 542 3873 2099 1903 954 671 6382 2572 2174 1885 3810 754 814 1039 1774 1225 918 865 744
is_linear=0
shrinkage=0.03


Tree=71
num_leaves=63
num_cat=0
split_feature=83 5 69 52 5 12 38 52 29 33 60 29 58 41 59 66 70 32 42 69 38 82 63 42 25 32 63 66 25 80 57 52 18 16 41 29 70 69 66 66 63 38 81 38 63 25 25 69 66 69 3 18 5 6 83 63 59 5 63 69 29 40
split_gain=98.7567 35.1425 33.0894 31.9167 36.7148 30.3421 26.2264 24.6896 24.4695 23.4307 22.2774 24.024 21.6296 21.4478 21.2316 26.8094 30.0068 30.315 24.4225 21.3043 19.2994 18.3734 17.6588 16.7821 16.5515 16.4474 15.32 42.2129 25.0512 23.0502 15.122 14.9834 17.8229 20.8902 17.3325 19.9041 16.9565 21.2143 17.7258 17.7189 23.4951 23.2127 21.017 22.3574 18.1419 16.7773 16.1048 15.1383 14.6569 16.1936 14.6096 18.0841 15.4471 16.8818 14.5897 14.5665 14.3595 15.7603 14.0654 13.7889 20.6473 18.3428
threshold=0.4908346831798554 -0.0022125089308246966 188.50000000000003 0.17544251680374148 -0.00060582856531254936 0.014778701122850181 -0.080326627939939485 0.38434277474880224 0.096103176474571242 3159.5966796875005 14.280929565429689 -1.0759288668632505 -0.72408130764961232 -26.994931221008297 -0.52983725070953358 -473.49999999999994 11933.500000000002 0.18250000476837161 80.993247985839858 18445.500000000004 0.06335949152708055 150.4692077636719 -0.99851059913635243 51.157728195190437 63.619501113891609 0.90249997377395641 0.36040300130844122 150.50000000000003 66.40057754516603 13.651201248168947 26.105343818664554 0.19445858150720599 75.288463592529311 67.132011413574233 -12.587533950805662 0.69216322898864757 1543.5000000000002 16525.500000000004 545.50000000000011 365.50000000000006 -0.42853991687297815 -0.24600944668054578 -0.13560160249471662 -0.039231697097420686 -0.8959035575389861 68.756847381591811 81.126060485839858 5095.5000000000009 -353.49999999999994 19067.500000000004 0.00040493191045243298 45.669759750366218 -0.002040685154497623 -0.0010611550533212719 0.66832855343818676 -0.3440686017274856 0.40579749643802648 -0.00070898010744713236 0.054514370858669288 3882.5000000000005 -0.20882295072078702 1.0000000180025095e-35
decision_type=2 2 2 2 2 2 2 2 2 2 2 2 2 2 2 2 2 2 2 2 2 2 2 2 2 2 2 2 2 2 2 2 2 2 2 2 2 2 2 2 2 2 2 2 2 2 2 2 2 2 2 2 2 2 2 2 2 2 2 2 2 2
left_child=2 -2 -1 4 25 9 8 10 -5 14 11 24 -13 -9 19 16 17 -16 22 -6 -8 31 -17 -7 -3 50 29 28 -28 -24 -29 32 34 -34 35 36 -14 38 39 40 44 -42 43 -43 -38 54 -47 -40 -10 -50 51 52 -4 -54 -36 -19 57 -39 -27 60 -32 -62
right_child=1 7 3 6 5 23 20 13 48 -11 -12 12 21 -15 15 18 -18 55 -20 -21 -22 -23 26 -25 -26 58 27 30 -30 -31 59 -33 33 -35 45 -37 37 56 47 -41 41 42 -44 -45 -46 46 -48 -49 49 -51 -52 -53 53 -55 -56 -57 -58 -59 -60 -61 61 -63
leaf_value=0.025344024836369355 -0.016941899472138106 -0.0089171031663507708 -0.019055097680587198 0.013568898681648022 0.026610279382333488 0.00078143066187371182 -0.02008857958209009 -0.0034660703321363396 0.011205676041670892 0.019209490352175649 0.015825774524718984 0.014251311113045978 0.013449681567773311 -0.02282837887706151 0.002231276242147372 -0.012987829983872941 0.011560429654711119 -0.033436330294308869 0.024513359400936779 0.0024665321277157187 -0.0046296437232500563 0.010831165205324541 0.01960037170464831 -0.017524426445216734 -0.031401637420341966 0.019476805473693643 -8.3265871866874077e-05 0.011740231500505287 -0.024461014566673562 0.0067855260730429979 -0.017626815125403168 -0.008144541785988977 0.023251135206313462 0.0012638121692892755 -0.003272515931363078 -0.017394114198329483 0.0014820538402335859 -0.024909858034341786 0.0019794500955945451 -0.010878549842274854 -0.0039203519431314409 0.034980181678560089 0.00094528779452304681 0.009817874063944328 -0.016233624498402554 0.0049022556583858653 -0.010073164162807772 0.024739752156303758 -0.0016901959024219347 -0.019896960048763492 -0.019111913371668392 0.014978766608829941 0.0046306669715205995 -0.0048447377042333721 -0.020795290562979865 -0.01072058601114524 0.0055003426530456333 -0.006434500909932965 -0.0020995115430943907 0.0069203223257091684 0.019406675479287466 -0.0039274232107882291
leaf_weight=57.02256715297699 181.6633437871933 132.7760636433959 50.48796172440052 113.10230281203985 85.075565405189991 662.91220366954803 107.64587053656578 100.58897476643324 55.038942858576775 125.35288882255554 57.725260190665722 69.285823166370392 73.1884555965662 105.48190207779408 97.034661069512367 43.878487601876259 84.413365632295609 47.076861128211021 65.096500679850578 53.62633840739727 223.77151124179363 86.669738255441189 161.51399554312229 48.360353410243988 37.869300916790962 59.059469744563103 88.700661271810532 314.92113560438156 66.293814897537231 579.82730841636658 59.455342888832092 453.17230665683746 44.974119357764721 287.49311120063066 63.680198773741722 66.578061461448669 111.68947866559029 68.244895234704018 58.885080218315125 132.53318573534489 138.72577346861362 50.672927185893059 97.485722109675407 85.242192655801773 97.387326613068581 116.65020762383938 144.93160978704691 47.528685212135315 189.43944652378559 57.254498153924942 46.639829874038696 53.768196538090706 243.91303269565105 552.65291212499142 130.20110079646111 55.193130031228065 44.098608493804932 106.25313092768192 50.394386246800423 381.09980250895023 44.408171445131302 95.571140438318253
leaf_count=255 1155 820 221 515 397 2873 469 604 233 661 275 300 326 688 445 193 381 202 308 248 979 437 790 207 255 249 401 1480 290 2622 260 2324 195 1305 277 312 501 331 269 599 619 232 419 383 441 549 670 207 842 255 201 226 1035 2357 626 248 201 447 214 1715 202 427
internal_value=-2.06668e-06 -0.00412809 0.00262122 0.00236015 0.00337222 0.00499121 -0.00335864 -0.00335473 0.00166823 0.00657566 -0.00261816 -0.00300585 -0.0022836 -0.0133771 0.00589397 0.00517131 -0.00343092 -0.00978035 0.00645532 0.0172756 -0.00965078 -0.0027407 0.00581495 -0.000463209 -0.0139068 -0.00146799 0.0062754 0.00394501 -0.0105101 0.00957746 0.00644704 -0.00322684 -0.00209355 0.00423812 -0.00338186 -0.00146103 -0.000507021 -0.00149039 0.000722993 -0.000979976 0.00127722 0.00579841 0.0115749 0.0191991 -0.00676985 -0.00835202 -0.003395 0.0121451 -0.00279264 -0.00591575 -0.00273998 -0.00189233 -0.00296325 -0.00194331 -0.0150399 -0.0211771 -0.00979475 -0.0136601 0.00954271 0.00357566 -0.00281567 0.00347528
internal_weight=8211.68 3191.68 5020 4962.98 4216.73 3159.81 746.253 3010.01 414.835 2448.54 2803.94 2746.22 2575.57 206.071 2323.19 2184.48 283.718 199.305 1900.77 138.702 331.417 2506.29 1835.67 711.273 170.645 1056.92 1791.79 1050.45 154.994 741.341 895.456 2419.62 1966.44 332.467 1633.98 1178.51 1111.94 1038.75 820.15 713.737 581.203 372.127 233.401 135.915 209.077 455.463 261.582 106.414 301.733 246.694 947.462 900.822 847.054 796.566 193.881 102.27 218.597 174.498 109.454 580.534 199.435 139.979
internal_count=38168 15767 22401 22146 18853 14350 3293 14612 1845 11270 13320 13045 11970 1292 10609 9964 1276 895 8688 645 1448 11670 8380 3080 1075 4503 8187 4775 691 3412 4084 11233 8909 1500 7409 5287 4975 4649 3670 3194 2595 1653 1034 615 942 2122 1219 476 1330 1097 4040 3839 3613 3392 903 450 979 778 463 2604 889 629
is_linear=0
shrinkage=0.03


Tree=72
num_leaves=63
num_cat=0
split_feature=83 12 77 63 47 66 32 66 30 77 81 26 5 26 77 64 18 63 66 51 63 44 25 57 68 12 63 67 7 57 9 52 52 30 63 64 77 30 14 58 33 14 43 63 12 56 63 63 63 80 82 80 4 44 47 69 5 25 56 56 64 26
split_gain=78.5408 30.4051 28.1554 28.6403 33.0109 35.5435 34.0478 29.6175 27.6818 30.3601 26.5096 25.4276 25.0887 26.1761 27.8329 24.6068 23.3382 22.513 24.5676 31.6702 21.3868 20.5658 32.6177 20.3372 19.4483 29.046 19.9155 18.7947 20.5956 20.8773 25.6092 19.8119 21.4009 18.3544 19.0247 26.2011 18.1492 18.0884 24.6478 20.5073 17.296 18.6579 24.9896 16.0325 15.7492 15.5069 15.4964 32.5182 22.3529 21.1041 15.119 14.6457 14.0815 22.0526 26.6909 24.5136 17.9911 17.6247 16.2267 14.6495 19.4018 17.3206
threshold=0.4908346831798554 0.010554650798439981 0.23358751833438876 0.32350382208824163 1.0060310959815981 220.50000000000003 0.15749999880790713 -198.49999999999997 0.92499998211860668 -0.12456554174423216 -0.1723615303635597 3.0718505382537846 0.0031068685930222277 3.9163285493850712 -0.18560015410184857 -0.95037782192230214 12.185115337371828 -0.99771150946617115 -473.49999999999994 0.01934989728033543 -0.18008953332900998 4.8585045337677011 63.619501113891609 23.275337219238285 1.0000000180025095e-35 0.013162478338927032 -0.85149618983268727 85.500000000000014 0.00051944266306236397 26.439114570617679 0.0022198752267286186 -0.10471083968877791 0.19445858150720599 1.0000000180025095e-35 0.23556562513113025 -0.79202145338058461 0.0084745329804718512 0.37500000000000006 0.017509498633444313 0.6192610263824464 318.17916870117193 0.020478243008255962 -20.450397491455075 0.66098293662071239 0.0066738296300172814 6.1984949111938485 -0.77576932311058033 -0.87777194380760182 -0.70246198773384083 22.009874343872074 -67.180622100830064 16.846326828002933 -0.00029685275512747461 5.6709105968475351 1.0005049109458926 13424.500000000002 0.00073688718839548539 9.4385747909545916 7.4534337520599374 10.648896694183351 0.054514370858669288 0.72300216555595409
decision_type=2 2 2 2 2 2 2 2 2 2 2 2 2 2 2 2 2 2 2 2 2 2 2 2 2 2 2 2 2 2 2 2 2 2 2 2 2 2 2 2 2 2 2 2 2 2 2 2 2 2 2 2 2 2 2 2 2 2 2 2 2 2
left_child=1 11 3 7 5 6 -5 24 9 -7 -8 17 13 14 15 -2 50 -1 19 -19 -21 23 51 -9 25 -3 40 -20 29 31 33 43 -33 -31 -35 -36 -12 45 39 -39 -26 42 -42 -29 -18 -25 47 49 -48 -46 -16 -23 56 57 58 -56 -50 -54 -55 61 -61 -59
right_child=12 2 -4 4 -6 8 10 21 -10 -11 36 -13 -14 -15 16 -17 44 18 27 20 -22 22 -24 37 26 -27 -28 28 -30 30 -32 32 -34 34 35 -37 -38 38 -40 -41 41 -43 -44 -45 46 -47 48 -49 52 -51 -52 -53 53 54 55 -57 -58 59 -60 60 -62 -63
leaf_value=-0.010569511777798373 0.0063552470201676779 0.0026664065860585876 -0.017405203820882478 0.0048138717183897235 -0.026653524364896979 -0.013103966396615933 0.000859471873893316 -0.0049117585982850192 0.011329368780020303 0.0019023759864741847 -0.037640696483265193 0.024692737246357972 -0.01999124186197063 0.016343999730409287 0.0028854960923069108 -0.011936970158499517 0.00652342767814544 0.017297269070275036 0.02624086118945854 -0.0082681726730863946 0.012261016034574256 0.0018887227321503727 0.013711462059435468 0.032069224154974582 -0.0082666206339498428 -0.021440871945997333 -0.0067228705199256882 -0.0081456628255711146 0.011365668380335633 0.013310357217829799 -0.017253713816894937 0.015353337578031463 -0.0015799684262614148 0.0075921050191760982 -0.022527175186199067 -0.00025397473420265095 -0.015488723914185839 0.0019273996670569845 0.00014667553903343285 0.024068286860903825 0.02326633922833533 0.025672802654724873 -0.0038134356574166814 0.011629899531794436 0.0091408534394956768 0.013744050061168153 0.018111705720840025 -0.02297397289352731 -0.0052464133967842401 -0.0087389483821819925 0.021503648264757622 -0.019960051238177703 -0.017888416038556502 0.010889062923125269 -0.026311884450838437 0.0010629690480043385 -0.023021152981838496 0.01276387779012831 -0.0078987224451812985 0.015057735229636918 -0.0016785737458201936 -0.0024375531749356682
leaf_weight=85.538691148161888 76.442956611514091 87.099818393588066 78.162319391965866 82.675240024924278 49.059878990054131 156.3071665763855 47.653027847409248 77.547591671347618 194.97618874907494 542.36086030304432 59.078070640563965 57.708053529262543 81.315084993839264 61.020367279648781 172.94554804265499 493.25389080494642 144.96814242005348 68.079798713326454 43.231296315789223 293.80625286698341 54.077730268239975 45.013980954885483 76.410839766263962 52.722734645009041 50.760012567043304 93.020381033420563 143.94020999222994 98.804355174303055 491.84446607530117 110.81989407539368 66.946243613958359 318.30398484319448 85.13960836827755 168.71777480840683 61.117114722728729 213.86203426122665 76.24912340939045 59.796233057975769 202.09844149649143 101.65515494346619 46.377188041806221 57.892763942480087 90.555371910333633 58.886725500226021 81.883835792541504 196.28213539719582 46.304929338395596 109.07323232293129 345.26308730244637 216.50751055777073 50.780956670641899 71.4245385825634 43.322072610259056 68.310115128755569 98.117436841130257 42.061095044016838 60.183544181287289 76.333307653665543 104.92034932225943 144.05406646430492 109.89907927811146 580.21700409799814
leaf_count=378 397 373 357 364 208 680 205 351 847 2381 253 269 579 295 812 2846 619 337 201 1313 249 206 333 230 221 399 619 438 2241 518 296 1584 381 771 277 958 329 257 865 446 202 248 386 263 362 860 218 533 1569 1067 221 308 195 315 489 204 320 361 477 701 518 2771
internal_value=0.000126594 0.00247099 0.000341478 0.000862765 -0.00254968 -0.00152964 -0.0111641 0.00370144 0.00133441 -0.00145487 -0.0183833 0.00503283 -0.00354003 -0.00311207 -0.00349944 -0.00948249 -0.00213338 0.00452158 0.00512659 -0.00141502 -0.00507696 0.00714222 -0.00151888 0.00956257 -0.00163177 -0.00978344 0.00213764 0.00671076 0.00620652 0.00406083 0.000273214 0.00825565 0.0117799 0.00238922 -0.000338493 -0.00520444 -0.0251593 0.011395 0.00712849 0.015868 0.00733088 0.0113947 0.00535811 -0.000760856 -0.00304396 0.0176241 -0.0036962 -0.00895637 -0.00244934 -0.00383242 0.0071114 -0.0115135 -0.00301853 -0.00146158 -0.00836558 -0.018098 -0.00788485 0.000806951 -0.000490119 0.00169648 0.00781504 -0.000670171
internal_weight=8223.18 5016 2739.12 2660.96 1208.36 1159.3 265.655 1452.6 893.644 698.668 182.98 2276.88 3207.18 3125.86 3064.84 569.697 2495.15 2219.18 2133.64 415.964 347.884 882.952 192.849 690.102 569.646 180.12 389.526 1717.67 1674.44 1182.6 621.463 561.135 403.444 554.517 443.697 274.979 135.327 612.555 363.55 161.451 245.585 194.825 136.933 157.691 2271.42 249.005 2126.45 407.465 1718.99 298.391 223.727 116.439 1672.68 1267.23 313.409 140.179 405.447 953.826 173.23 910.503 253.953 656.55
internal_count=38271 22402 11928 11571 5267 5059 1151 6304 3908 3061 787 10474 15869 15290 14995 3243 11752 10205 9827 1899 1562 3856 847 3009 2448 772 1676 7928 7727 5486 2820 2666 1965 2524 2006 1235 582 2658 1568 703 1057 836 588 701 10719 1090 10100 1962 8138 1429 1033 514 7920 6031 1485 693 1889 4546 792 4351 1219 3132
is_linear=0
shrinkage=0.03


Tree=73
num_leaves=63
num_cat=0
split_feature=83 41 12 63 47 63 61 12 6 53 54 26 26 77 61 59 23 52 52 33 56 51 13 51 47 47 41 52 80 77 61 25 6 12 41 83 61 77 66 57 33 69 59 63 83 41 66 65 44 54 47 30 12 47 60 83 69 52 53 82 44 0
split_gain=81.3187 28.1453 26.695 30.1691 26.6423 24.8964 24.6962 22.7985 20.9407 20.2656 19.7276 25.7902 25.6688 20.7997 23.4165 34.3082 22.6192 20.8212 19.5124 19.1455 18.9753 22.2048 34.0056 21.2246 26.3808 30.0415 27.258 25.055 19.2005 18.4702 17.7796 17.6115 17.5861 17.5127 19.2018 17.4735 23.3685 17.1547 17.1244 17.0801 18.7327 17.0773 17.0533 16.7735 16.5538 16.2829 23.3168 19.6195 18.844 17.4214 17.5637 20.8772 16.1165 15.9977 16.8249 15.8105 15.7993 15.5873 16.0166 16.033 19.4388 15.4265
threshold=0.32453268766403204 -63.824895858764641 0.016784775070846084 -0.99428912997245777 0.99551251530647289 0.2861058115959168 -4.3071341514587393 0.010403099469840528 -0.00090390731929801394 1.2858598232269289 -0.24197693914175031 0.77450451254844677 0.48954720795154577 -0.29542706906795496 1.0854999423027041 -0.21289820224046704 1.5000000000000002 -0.12955002486705777 0.29968844354152685 324.55082702636724 8.3367075920104998 0.060398038476705558 0.018688905052840713 0.095589935779571547 1.0057328939437868 0.99835374951362621 -27.277956008911129 -0.097756821662187562 15.82679605484009 -0.19156140089035031 3.6080632209777836 52.625343322753913 -0.00077565631363540877 0.0064439051784574994 -39.079772949218743 1.6297647953033449 0.40107043087482458 -0.031450925394892686 385.50000000000006 50.339452743530281 609.00256347656261 1331.5000000000002 1.2220091819763186 0.51316559314727794 1.8212965130805971 -49.28925704956054 525.50000000000011 181.50000000000003 17.085385322570804 -0.94655755162239064 0.99937608838081371 1.0000000180025095e-35 0.0083471885882318037 1.0034043788909914 -1.5682441592216489 0.022243262268602852 3263.5000000000005 0.38434277474880224 0.86617794632911693 -60.509180068969719 -3.7541408538818355 22.500000000000004
decision_type=2 2 2 2 2 2 2 2 2 2 2 2 2 2 2 2 2 2 2 2 2 2 2 2 2 2 2 2 2 2 2 2 2 2 2 2 2 2 2 2 2 2 2 2 2 2 2 2 2 2 2 2 2 2 2 2 2 2 2 2 2 2
left_child=7 4 3 -3 -2 9 -5 29 -6 41 11 12 -8 -13 15 -15 18 -17 52 -11 23 38 -23 24 25 26 28 -25 -9 -1 -10 -27 -28 -12 -35 36 -7 56 -22 40 -30 -4 -39 -18 -21 49 47 48 53 50 51 -31 -16 54 -47 -42 -33 58 -36 -60 -61 -56
right_child=1 2 5 6 8 35 10 20 30 19 33 13 -14 14 16 17 43 -19 -20 44 21 22 -24 27 -26 31 32 -29 39 45 -32 37 -34 34 57 -37 -38 42 -40 -41 55 -43 -44 -45 -46 46 -48 -49 -50 -51 -52 -53 -54 -55 61 -57 -58 -59 59 60 -62 -63
leaf_value=-0.0040534351603987483 0.02359218590129487 -0.01980797498859091 0.0093774288755978409 0.017196647218375726 -0.0085531317645050741 0.0024774584074306323 -0.00042804431149956934 0.012196113454640917 0.016930088392533443 -0.008538779644007663 0.0061585595277934124 -0.018353915921163103 0.025327821514936927 0.03334861446691182 0.0071182177789767083 -0.0099391017368287652 0.0090593263624410177 0.012780997713916831 -0.026141397408804369 0.012680942355594922 -0.0028319927416617726 0.022871878710181679 0.0027155782205003564 -0.0060983658859658429 -0.018695379505507273 0.0087766899562376644 0.00058762841299310562 0.021420102798129954 -0.016401978041254282 0.016270568020654273 -0.00067513888429952969 0.0047719219831515291 -0.019568193244685554 -0.024672109373492145 -0.0087492880149554163 -0.02784618047988523 -0.016001473640542517 0.00070209006695746783 0.011495893588609902 -0.019167059817187405 0.02053366712072769 -0.010621497507433188 0.020486117588079122 -0.0023894688868673023 -0.0080016377511161405 -0.012238185185682766 0.019249861985814052 -0.010755236624982971 -0.0098599965892313176 0.024376406113102919 0.016896773116200692 -0.007998068162738502 -0.009212716510701234 0.023686237925241632 0.0080046684838422887 -0.002284211064921157 -0.014286668916139965 -0.020433812398422648 -0.0074829728424185924 -0.0058299167660492484 0.0065013352112919106 -0.00099806978333636526
leaf_weight=160.55296571552753 58.594009414315224 82.74964489787817 42.920078717172146 62.663706660270691 116.78914346545935 85.591236859560013 66.439580380916595 77.615990355610847 94.54990342259407 103.21304489672184 130.05962293595076 56.513882033526897 73.188381373882294 43.113356970250607 73.294914901256561 64.071296699345112 195.02842212468386 83.757735699415207 45.594343654811382 140.62897399812937 314.77432838082314 130.28508327901363 178.59234902262688 48.030994340777397 79.178241431713104 287.32374353706837 51.37785479426384 78.354751735925674 46.013904422521591 51.299291461706161 113.7253820374608 58.318582147359848 161.18344217538834 44.901487022638321 404.28609907627106 65.97308386862278 219.65458685904741 256.43401332199574 98.588565409183502 57.77169194817543 43.47772453725338 367.1612296551466 46.290761411190033 281.27903294563293 46.293206445872784 47.523976311087608 97.294688999652863 76.140137746930122 72.386633202433586 83.344466805458069 121.06990438699722 84.373301364481449 210.82090627402067 43.908291608095169 781.32897412776947 73.585380896925926 119.08166339993477 54.044697865843773 251.38717319816351 185.00881656259298 304.27433102577925 219.40414038300514
leaf_count=687 273 404 216 308 550 416 295 355 410 568 576 336 348 197 312 323 899 361 258 634 1392 581 767 200 331 1265 215 335 199 268 512 255 699 203 1878 474 1079 1126 456 244 206 1841 196 1286 296 222 464 340 345 411 591 405 941 210 3671 306 513 327 1282 828 1360 1014
internal_value=0.00017011 -0.00277087 -0.0035559 -0.00197222 0.00497162 -0.00756517 -0.00141099 0.00320028 0.0016152 -0.00423547 -0.00186521 0.000956996 0.0130723 -0.000648777 0.00035486 0.00980121 -0.00188294 0.00293377 -0.00792333 0.00183216 0.00114421 0.00513232 0.0112175 -0.000796687 -0.00189133 -0.000850626 -0.00648621 0.0109621 -0.000639092 0.00566747 0.00731704 0.00290198 -0.0146964 -0.00431592 -0.00541111 -0.0138459 -0.01082 -0.000613654 0.000585261 -0.00514995 -0.000184247 -0.00852836 0.00372734 0.00229834 0.00755869 0.00659754 0.00510766 0.00399864 0.00496327 0.0124591 0.00859046 0.00117817 -0.00499974 0.00594572 0.00520263 0.00619044 -0.00802135 -0.0046898 -0.00394664 -0.00132518 0.00183862 0.00603088
internal_weight=8212.48 4167.57 3783.91 2712.48 383.658 1071.44 2629.73 4044.91 325.064 700.217 2567.06 1193.1 139.628 1053.47 996.96 190.942 806.018 147.829 329.71 290.135 2206.28 722.24 308.877 1484.04 1357.65 1278.47 511.026 126.386 298.465 1838.63 208.275 767.449 212.561 1373.96 1243.9 371.219 305.246 480.125 413.363 220.849 163.077 410.081 302.725 476.307 186.922 1678.07 1337.99 1240.69 1164.55 340.087 256.742 135.673 284.116 1092.17 1048.26 117.063 177.4 1199 1144.96 740.67 489.283 1000.73
internal_count=38260 19991 18246 12722 1745 5524 12318 18269 1472 3555 12010 5556 643 4913 4577 881 3696 684 1511 1498 9641 3196 1348 6445 5910 5579 2224 535 1310 8628 922 3355 914 6454 5878 1969 1495 2090 1848 955 711 2057 1322 2185 930 7941 6266 5802 5462 1675 1264 673 1253 5117 4907 512 768 5675 5348 3470 2188 4685
is_linear=0
shrinkage=0.03


Tree=74
num_leaves=63
num_cat=0
split_feature=10 41 5 5 4 52 52 63 4 4 18 51 18 73 18 2 26 51 26 41 70 65 64 63 53 44 26 15 31 59 53 42 59 70 60 47 78 4 23 51 59 44 56 27 56 15 5 56 51 13 63 26 56 63 52 47 47 31 47 59 26 63
split_gain=63.9964 30.9924 26.4831 54.1679 31.337 26.1147 33.7791 25.8808 28.1869 28.4729 24.755 24.5632 24.0719 22.2922 22.0962 20.9067 20.6435 20.3824 18.5508 24.4337 29.1245 27.1791 21.3358 18.2742 18.0528 18.4479 17.6946 17.6347 17.3701 17.3605 17.0571 16.9271 16.8837 16.3362 16.0095 16.1876 17.8129 15.5081 15.1886 14.1576 13.7781 13.7385 16.4088 14.7345 13.9266 13.6843 17.9606 13.1232 15.0411 14.6799 17.0573 13.0807 14.4372 20.9369 23.1574 18.3376 18.247 18.009 16.2098 13.0672 14.4536 12.7209
threshold=0.13414333760738376 -109.37187576293944 0.00051121594151481997 -0.00030169186356943095 0.00017595826648175719 -0.29122687876224512 0.28744994103908544 0.9556623399257661 -0.00033279773197136814 0.00058312236797064554 57.195697784423835 0.046501403674483306 18.797056198120121 0.74265903234481823 47.013956069946296 0.00046230226871557539 3.8640325069427495 0.062168966978788383 1.4461203813552859 -13.59651470184326 8167.5000000000009 -266.49999999999994 -0.83025357127189625 0.041439602151513107 0.46963438391685491 17.085385322570804 1.7325391769409182 31.71151161193848 0.2424999997019768 0.83711206912994396 1.2436743378639223 56.809194564819343 0.25852656364440924 33197.500000000007 8.685697555541994 0.99820607900619518 0.050786457955837257 0.00098084489582106493 1.5000000000000002 0.076625734567642226 0.26429677009582525 4.5976903438568124 5.2684054374694833 -1.0000000180025095e-35 8.9936437606811541 62.318527221679695 0.0034734148066490893 8.1812300682067889 0.063419211655855193 0.01307463087141514 0.19722913205623629 0.81833636760711681 7.2039778232574472 0.31109040975570684 0.1348596587777138 1.000752389431 0.99912419915199291 0.18750000000000003 1.0000959038734438 -0.44466733932495112 2.788483858108521 -0.76744312047958363
decision_type=2 2 2 2 2 2 2 2 2 2 2 2 2 2 2 2 2 2 2 2 2 2 2 2 2 2 2 2 2 2 2 2 2 2 2 2 2 2 2 2 2 2 2 2 2 2 2 2 2 2 2 2 2 2 2 2 2 2 2 2 2 2
left_child=1 -1 3 11 17 -2 16 8 -5 12 -6 13 -10 14 -3 31 18 -4 19 20 30 -21 23 41 -14 33 -24 -28 -9 37 39 47 -30 51 35 -22 -37 59 -8 40 -7 42 -20 -44 -45 -40 -47 -13 49 -49 -51 -26 55 54 57 56 -53 -54 -55 60 -29 -12
right_child=5 2 4 7 10 6 38 28 9 -11 61 15 24 -15 -16 -17 -18 -19 22 21 34 -23 26 -25 25 -27 27 29 32 -31 -32 -33 -34 -35 -36 36 -38 -39 45 -41 -42 -43 43 44 -46 46 -48 48 -50 50 -52 52 53 58 -56 -57 -58 -59 -60 -61 -62 -63
leaf_value=0.021353850240491714 -0.012474356592052328 -0.002782597328802473 -0.012789098097494907 -0.0028015488012212647 0.019134069802918253 0.0078790148897052385 -0.021513193020300067 0.02726409561299897 0.025214154897689554 -0.0034501874064532465 -0.0069951549492945908 0.0028729759194636778 -0.004117019232263687 -0.011572586134350908 0.014062561765044744 -0.014342932166013813 0.018261082742743268 0.0077187018792344436 -0.0083588117447632466 0.011322981199230033 -0.0031427759449144314 -0.015491713233368514 -0.019093881723251254 -0.01334323989063633 0.017170498514024992 -0.0067294389368912693 -0.023795753951632186 -0.019752671429080503 0.023680720515172227 -0.016580092281201025 0.0094749872401994981 -0.010024162806567989 0.0032278643279604613 -0.0070723627546394469 0.027357877489458334 0.023031793472754129 0.00016185138841299276 -0.015488287974715067 -0.017159336402175211 -0.021445014501415085 -0.011642299466502673 -0.0090477160794009154 0.021626966260489693 -0.0057511702146980283 0.016540686520946504 0.0064968011755115376 -0.019586946081258206 0.01998807782959806 0.024797924418687084 0.014218785133644137 -0.0081173933916116239 0.0090971617852883668 0.024550889269837825 0.0062408348972295535 -0.0059991906873685004 0.0046535154154091537 0.022127952440073241 0.0074147329518865343 -0.013965772546436477 0.0053633438729846494 0.0011866834516999041 0.0013204603121595867
leaf_weight=72.497992239892483 289.25935589522123 928.70524606108665 298.58414006233215 372.98804324865341 61.131702095270157 64.100733898580074 102.58707246929407 73.236187241971493 67.532710239291191 237.34434081614017 214.10320089757442 419.57655619084835 122.84319494664669 246.91611321270466 75.802802264690399 56.216049045324326 47.663700327277184 51.079104885458946 43.908559635281563 47.456142880022526 68.639308348298073 120.15530517697334 102.01322368532419 59.932344764471054 168.50781746208668 73.759980142116547 43.398152858018875 47.52267312258482 53.313881143927574 80.611155137419701 82.31208697706461 64.479671627283096 113.98995526134968 56.707279354333878 52.006565980613232 85.110258035361767 47.902695834636688 59.75931728631258 75.987268194556236 45.662477277219296 66.088828824460506 51.601095765829086 80.835292793810368 55.042869955301285 46.557652413845062 84.620631478726864 33.033341757953167 57.115889444947243 59.143861547112465 54.606608778238297 70.493161171674728 205.80216814577579 79.978763684630394 63.027638331055641 77.238327369093895 238.62722900509834 182.46026000380516 178.12563048303127 82.497175440192223 225.84686210006475 78.967741727828979 730.34436654299498
leaf_count=363 1770 4231 1312 1659 264 299 678 418 310 1034 948 1821 568 1121 329 243 220 224 189 227 316 607 503 277 802 333 245 218 231 396 372 282 488 264 241 380 229 285 427 207 326 228 364 246 210 537 253 251 258 235 311 945 423 281 344 1103 855 772 369 1039 348 3236
internal_value=0.000209999 0.00185967 0.00161751 0.00272888 -0.00205716 -0.00404919 -0.00283025 0.00573477 0.00471652 0.00624512 0.000632873 -0.000890488 0.00768593 -0.00349657 -0.00151142 0.00328195 -0.00120397 -0.0097933 -0.00176441 0.00204184 0.00529747 -0.00789962 -0.00441411 0.00168158 0.00691204 0.00787515 -0.00764172 -0.00546254 0.0150793 -0.00384773 -0.00179615 0.00464779 0.00974547 0.0086833 0.0125171 0.0086896 0.0147955 -0.00135712 -0.0121802 -0.0070719 -0.0020307 0.00492133 0.00810594 0.0120687 0.0044639 -0.0072358 -0.000826652 0.00607916 0.0116527 0.00738606 0.00163245 0.00938336 0.00819881 0.00428838 0.0084121 0.0111984 0.0152209 0.0127247 -0.00521417 0.00103964 -0.00668027 -0.000564663
internal_weight=8197.36 5908.78 5836.28 4481.04 1355.24 2288.58 1999.32 2447.98 2207.44 1834.45 1005.58 2033.06 1597.11 1251.42 1004.51 781.632 1703.1 349.663 1655.43 679.434 511.823 167.611 975.997 337.878 1529.58 1406.73 638.119 536.106 240.54 492.708 258.164 725.416 167.304 1332.97 253.659 201.652 133.013 412.097 296.228 175.852 130.19 277.945 226.344 182.436 101.601 193.641 117.654 660.936 241.36 182.216 125.1 1276.27 1107.76 480.868 335.343 626.89 388.262 258.104 145.525 352.337 126.49 944.448
internal_count=38265 26628 26265 20281 5984 11637 9867 11199 10062 8403 4448 9082 7369 5681 4560 3401 7972 1536 7752 3204 2370 834 4548 1514 7059 6491 3034 2531 1137 2286 1204 3158 719 6158 1166 925 609 1890 1895 832 625 1237 1009 820 456 1217 790 2876 1055 797 546 5894 5092 2189 1539 2903 1800 1195 650 1605 566 4184
is_linear=0
shrinkage=0.03


Tree=75
num_leaves=63
num_cat=0
split_feature=83 52 33 69 58 52 52 64 64 53 56 12 64 29 81 40 29 61 25 28 4 82 8 80 33 56 25 54 54 57 56 29 33 57 54 80 8 57 57 64 15 43 46 31 13 42 43 14 80 14 8 64 26 31 42 57 63 32 39 48 39 25
split_gain=73.0311 25.691 25.3292 25.1869 23.7082 23.2587 25.9203 24.7119 28.6152 22.6403 22.4562 21.4374 21.5823 25.3143 19.6337 19.0292 21.9143 33.6204 18.9815 22.9282 18.4369 18.1599 22.5861 17.6205 22.0002 23.7862 18.7306 18.2541 17.2795 17.0686 16.2619 15.2628 15.085 14.6777 14.6996 15.8972 17.9244 18.1626 15.1996 24.1397 15.2222 14.3322 16.4235 14.0866 14.0435 13.8964 19.5203 16.0833 14.7555 13.7535 13.5564 13.4783 13.476 14.5168 19.3478 14.64 15.5225 13.8506 13.5554 12.987 13.4319 12.6727
threshold=0.39416263997554785 0.32483632862567907 3159.5966796875005 188.50000000000003 1.8761977553367617 0.38434277474880224 -0.33728338778018946 0.90352019667625438 0.87985393404960643 0.69787836074829113 6.4432559013366708 0.0077751863282173881 -0.93743178248405445 1.1051425933837893 -0.35891333222389216 33.696302413940437 -0.98927167057991017 -3.1595298051834102 67.98047256469728 0.19068028032779696 -0.00068726073368452479 -63.278293609619134 -0.00062442553462460626 14.957950115203859 191.40832519531253 10.94283437728882 30.563585281372074 0.92518675327301036 0.685437172651291 23.871623039245609 6.8773670196533212 0.7655482590198518 773.84274291992199 144.08219909667972 -0.26842699944972986 16.7684440612793 0.0018635624437592926 56.156087875366218 41.339454650878913 -0.6867687702178954 65.67389297485353 -6.453364133834838 1.0000227093696596 0.032499999739229686 0.01189507218077779 73.234706878662124 -17.186975479125973 0.0085393111221492308 14.227865695953371 0.016608480364084247 0.0002478147362126038 0.50188699364662182 0.63997170329093944 0.15250000357627871 48.282091140747077 31.672307968139652 0.33586180210113531 0.24750000238418582 0.59402164816856395 0.99823635816574108 0.3931452631950379 63.619501113891609
decision_type=2 2 2 2 2 2 2 2 2 2 2 2 2 2 2 2 2 2 2 2 2 2 2 2 2 2 2 2 2 2 2 2 2 2 2 2 2 2 2 2 2 2 2 2 2 2 2 2 2 2 2 2 2 2 2 2 2 2 2 2 2 2
left_child=1 2 3 -1 9 6 -2 8 11 45 -9 21 14 15 -13 16 -14 -18 41 -20 -11 -8 -23 26 50 27 30 28 43 -12 -22 -31 -21 34 38 -36 49 -38 40 -40 61 42 -16 -26 -29 46 48 -48 -5 59 -25 -50 -28 57 55 -55 58 -54 -57 -37 -61 -19
right_child=5 -3 -4 4 -6 -7 7 10 -10 20 29 12 13 -15 18 -17 17 33 19 32 23 22 -24 24 25 -27 52 44 -30 31 -32 -33 -34 -35 35 36 37 -39 39 -41 -42 -43 -44 -45 -46 -47 47 -49 51 -51 -52 -53 53 54 -56 56 -58 -59 -60 60 -62 -63
leaf_value=0.025216339440790877 -0.010802665370776829 -0.012328279044539156 0.014902063420920609 0.020693053925812152 -0.019175918382091119 -0.012421935651051767 -0.006398929751941989 0.02311393014733519 -0.022688518569315936 -0.0012734649686974406 -0.0097403891091087901 0.018853223985605246 -0.01539287828812063 -0.019916595291213264 -0.010520158895886235 0.01093808531010872 0.015810291282804496 0.0015150772184571676 0.02468327622700375 -0.0088759991516013329 0.025288079006993699 0.023175288051661157 0.0033602872324420309 -0.013874902815676399 0.013555461837508618 0.013949046617722727 0.020507963045300736 0.022003729056368118 -0.011750497007059258 0.0085051866767200876 0.0083443294937223522 -0.010101737433846687 0.013354863410132159 0.01224001760183688 0.0045286603759218018 0.001993826692044634 -0.0094497025607813544 0.013884317796652612 0.0041149329098012603 -0.015538286845068078 0.016187779094212151 -0.018461473843673748 0.010934463698647855 0.0020095078481103682 0.0032039009023315706 0.011116466859678058 0.0051521765232381356 -0.008816419001770678 0.00772893451809649 -0.024237483211296554 0.0025592658969492655 -0.0090010552998423723 0.0063304026078046709 0.014273331158479279 -0.01742925649737994 0.017191810858556918 -0.013108650621185802 0.024748012809813189 -0.0047032121346881122 -0.021704003247861259 -0.007875728812815775 -0.0081825021445356676
leaf_weight=44.283106550574303 294.58172044157982 98.640419170260429 159.15400349348783 40.774883598089218 45.041448339819908 216.33840357512236 94.068324103951454 54.339671850204468 62.156785316765308 542.22936908900738 80.912064477801323 60.772761233150959 147.61006107926369 90.803593851625919 69.11230956017971 76.691693209111691 78.676471173763275 425.55337882786989 50.403536140918732 66.149210892617702 97.283491045236588 72.561064034700394 180.70391733944416 102.30135795474052 102.54441376030445 203.76659378409386 51.216913059353828 77.119172632694244 76.951958850026131 265.30105081945658 107.10611701011658 46.652832597494125 46.982455402612686 46.860412672162056 74.958560526371002 60.749184608459473 76.975880406796932 49.218027822673321 86.426996968686581 161.08378613740206 48.752537712454796 58.407649129629135 59.981385327875614 1310.3056019321084 66.682470455765724 67.950565248727798 90.359010919928551 414.43256495893002 102.91216212511063 82.379618927836418 80.89698114991188 74.869725733995438 182.67904531955719 76.201361730694771 48.190225765109062 48.417406886816025 64.596689596772194 46.003158822655678 53.644791826605797 105.17890705168247 158.46454935520887 169.61844481527805
leaf_count=196 1828 438 844 205 190 1375 440 240 289 2312 348 281 898 580 297 349 339 1884 220 305 473 310 776 447 536 919 240 347 340 1189 515 238 208 225 331 278 363 233 401 759 230 265 269 5745 284 321 415 1819 467 421 347 331 921 343 205 209 273 249 231 491 729 760
internal_value=0.000231117 0.00281243 0.00315357 0.00271036 0.00247161 -0.00287565 -0.0022861 -0.00150418 -0.00256372 0.00270773 0.00503806 -0.00210028 -0.00312774 -0.00445183 0.00310991 -0.00369244 -0.00432547 -0.00332007 0.000384373 0.00785414 0.00378925 0.00485673 0.00903734 0.0047711 0.00329581 0.00428427 0.00861577 0.00307874 0.00209349 0.00253788 0.0164091 0.00572251 0.000356257 -0.00429348 -0.00481022 -0.00840722 -0.0102266 -0.00034899 -0.0023572 -0.00867568 7.14964e-05 -0.00613062 -0.000551601 0.00284751 0.013286 -0.00185473 -0.00307323 -0.006316 0.00441648 -0.0132909 -0.00661788 0.000683393 0.00582592 0.00437908 -6.51705e-05 0.00338035 -0.00160025 0.0100354 0.00568359 -0.010511 -0.0133924 -0.00124864
internal_weight=8195.98 4476.56 4377.91 4218.76 4174.48 3719.43 3503.09 3208.51 2761.3 4129.44 447.206 2699.14 2351.81 1940 411.809 1849.2 1772.51 1624.9 351.037 163.535 3338.14 347.333 253.265 2795.91 2020.57 1837.37 775.339 1633.6 1489.8 392.866 204.39 311.954 113.132 1546.22 1499.36 607.925 532.966 126.194 891.435 247.511 643.924 187.501 129.094 1412.85 143.802 791.299 723.348 504.792 218.557 406.772 183.198 177.782 570.95 519.733 291.05 242.86 166.659 228.682 102.062 324.393 263.643 595.172
internal_count=38311 20162 19724 18880 18684 18149 16774 14946 12931 18494 2015 12642 11116 9271 1845 8691 8342 7444 1564 733 14936 1526 1086 12624 8965 8171 3659 7252 6621 1775 988 1427 513 7105 6880 2846 2515 596 4034 1160 2874 831 566 6281 631 3558 3237 2234 1003 1919 794 798 2671 2431 1261 1056 713 1170 440 1498 1220 2644
is_linear=0
shrinkage=0.03


Tree=76
num_leaves=63
num_cat=0
split_feature=29 77 12 26 77 1 58 52 65 63 12 47 68 70 67 26 65 12 70 63 42 40 9 51 12 52 12 44 33 59 44 25 25 50 80 63 29 23 67 52 63 29 47 70 65 40 59 14 33 70 9 61 59 26 81 51 12 80 82 15 65 13
split_gain=57.0829 57.7713 37.0609 24.385 23.2256 24.4857 22.0078 22.1175 21.371 35.2569 27.3006 23.7663 22.25 25.2128 20.8766 20.714 19.4621 32.3268 27.8745 20.1298 19.012 20.3027 19.2525 18.7009 25.9621 24.5418 19.7564 17.6637 24.5887 24.0172 23.5068 20.9386 20.7148 17.6088 17.0402 16.5697 16.5159 15.7326 31.7687 20.0145 15.3744 15.2486 17.0227 15.1281 15.0764 14.5478 26.4986 21.1458 19.2489 14.3965 13.9503 14.5308 13.9325 13.8316 19.3146 13.7363 31.1324 17.7667 16.1414 13.4469 15.8606 13.1765
threshold=0.64619597792625438 -0.19156140089035031 0.011394097935408356 3.7188754081726079 -0.37425148487091059 -0.00022419192828238008 -0.66880580782890309 0.34847094118595129 -501.49999999999994 0.27353890240192419 0.033371675759553916 1.0057328939437868 1.0000000180025095e-35 10136.500000000002 645.50000000000011 0.92303147912025463 261.50000000000006 0.016784775070846084 6951.5000000000009 0.84688794612884533 20.084355354309086 -2.4772779941558833 0.0026035350747406487 0.042247740551829345 0.0066738296300172814 0.22987837344408038 0.0094555867835879343 4.8585045337677011 395.43945312500006 -0.30007414519786829 0.43567360937595373 66.811004638671889 63.619501113891609 0.99915906786918651 21.551387786865238 -0.86493045091629017 -0.52381286025047291 3.5000000000000004 265.50000000000006 0.079650834202766432 0.9556623399257661 1.4638286232948305 1.0060310959815981 4668.5000000000009 42.500000000000007 5.6856069564819345 1.0703667998313906 0.011463402770459654 1132.210632324219 7027.5000000000009 -0.0027625858783721919 6.8547194004058847 -0.50869205594062794 1.2697480320930483 0.075569801032543196 0.06100441329181195 0.02140450477600098 17.84417819976807 -20.056204795837399 56.167558670043952 -441.49999999999994 0.020892538130283359
decision_type=2 2 2 2 2 2 2 2 2 2 2 2 2 2 2 2 2 2 2 2 2 2 2 2 2 2 2 2 2 2 2 2 2 2 2 2 2 2 2 2 2 2 2 2 2 2 2 2 2 2 2 2 2 2 2 2 2 2 2 2 2 2
left_child=1 4 3 23 -1 -6 43 8 12 10 27 14 35 34 -11 20 17 18 19 -17 21 22 -16 24 25 33 -25 28 30 -30 31 -10 -29 -3 -14 -8 -35 41 -39 -40 52 42 45 -4 -42 48 -47 -48 -2 -28 -20 -52 -26 -19 -55 57 58 -31 -57 60 -51 -7
right_child=37 2 6 -5 5 61 7 -9 9 11 -12 -13 13 -15 15 16 -18 53 50 -21 -22 -23 -24 26 40 -27 49 32 29 55 -32 -33 -34 36 -36 -37 -38 38 39 -41 44 -43 -44 -45 -46 46 47 -49 -50 59 51 -53 -54 54 -56 56 -58 -59 -60 -61 -62 -63
leaf_value=-0.022472867663016687 -0.0080547394897425469 0.02148123711252016 -0.0026805905890094242 0.021627809647123252 0.0016859558636289824 -0.0069195823476544101 -0.021708416953216344 -0.01650596742549576 -0.010307312101774291 -0.018229830368493873 -0.014173322777507215 -0.022690229346898284 0.010881481383940206 -0.01333528641316049 0.010513477028936759 -0.013304363530151636 0.015026890208805623 0.0039900668310035832 0.026345324578403197 0.0044186848407048304 0.004501116438235012 -0.016386448281308096 -0.014754402547533282 0.015323720715351586 0.011105975841387228 -0.011634426967253078 -0.00035905774747796578 -0.010413900053101433 0.030035177265579697 -0.012327633356672351 0.013629517316797502 0.0092947937687484199 0.0088153566953898237 -0.010741200403025111 -0.0033940545512878262 -0.0017702468739836622 0.0090909505328468643 0.025360976165486725 0.013884997646061664 -0.011232236640754395 -0.0033774475874431649 -0.023725318592016893 0.0064077556228478031 0.01810977839915923 0.01694891322392442 -0.019331802038621629 0.01270412080118721 -0.013939566049700576 0.008007776936676236 -0.010163840509973305 0.01164331423197874 -0.0072172761669382418 -0.0012482419815791268 -0.021205740158497209 0.00092422601859954595 0.01225229523760636 -0.00092856830558249697 0.0096241000350829123 0.033030827900571116 0.021789554162222478 0.010270088715061465 -0.023291726795892958
leaf_weight=68.9934141933918 333.33965276926756 95.150538057088852 46.688776843249798 73.264419853687286 360.20624604821205 518.79035151004791 107.09241887181997 77.415785059332848 141.25805379450321 63.256895959377289 61.714268825948238 49.097988367080688 133.55862237513065 121.08523358404636 64.662663199007511 99.65962427854538 93.834929846227169 52.458191677927971 44.438979342579842 136.9167306125164 109.63586321473122 179.94344236701727 46.766763240098953 237.3253171890974 87.827915519475937 52.999135389924049 247.2104716822505 108.44856750965118 64.239451542496681 44.604552581906319 108.10213036835194 75.127635180950165 94.22699473798275 41.52275587618351 172.38740482181311 57.73871023952961 420.69001890718937 39.396235324442387 38.206891320645809 112.99590376764536 50.490376695990562 53.117476493120193 75.76151879876852 96.821659363806248 93.951867513358593 216.62005943804979 51.723230049014091 55.655939787626266 84.08338662981987 43.347879134118557 191.95974513143301 45.472707957029343 1272.1704671978951 105.6830654963851 53.445157095789909 60.652025148272514 69.216244712471962 129.58609965443611 75.572842925786972 63.085648447275162 161.76402497291565 48.366399392485619
leaf_count=458 1767 461 220 340 1755 2611 475 412 631 275 290 210 583 537 289 439 419 243 194 602 486 804 215 1090 397 230 1095 484 274 199 481 334 408 180 775 256 2063 185 173 616 239 388 374 452 449 1093 242 299 361 192 859 199 5720 482 236 261 293 565 331 278 738 277
internal_value=5.18155e-05 0.00101915 0.00210919 0.00453718 -0.00568023 -0.00443091 -0.00013421 -0.000676292 -0.00026254 0.00101094 0.00517461 -0.00220468 -0.00536189 -0.00174808 -0.00142387 -0.000555948 0.00216584 0.000512745 0.00454569 -0.00304729 -0.00614784 -0.0101548 -9.14142e-05 0.00410052 0.00265514 0.00787369 0.00816133 0.00640427 0.00848236 0.0130709 0.00220558 -0.00350159 -0.00147392 0.0097287 0.00283783 -0.0147243 0.00730933 -0.00644015 0.00136639 -0.00488545 0.000537935 -0.00814981 -0.00713739 0.011346 0.00984375 -0.00852149 -0.0132913 -0.00110563 -0.0048192 0.00486332 0.0109185 0.00803116 -0.000450414 -0.00936913 -0.0137731 0.0102003 0.015455 0.00400298 0.0237795 0.00967704 0.00595163 -0.00831578
internal_weight=8180.83 7119.93 6123.57 2940.8 996.356 927.363 3182.77 3039.26 2961.84 2369.98 1032.75 1337.23 591.862 427.031 1288.13 1224.88 823.869 730.034 518.448 236.576 401.009 291.373 111.429 2867.54 2114.8 610.362 752.733 971.035 768.359 443.871 324.488 216.386 202.676 557.363 305.946 164.831 462.213 1060.9 190.599 151.203 1504.44 870.301 817.184 143.51 144.442 741.422 323.999 107.379 417.423 515.408 281.871 237.432 1360 211.586 159.128 379.632 205.441 174.191 136.225 268.198 205.112 567.157
internal_count=38284 32786 27685 13472 5101 4643 14213 13541 13129 10503 4551 5952 2626 1895 5742 5467 3673 3254 2293 1041 1794 1308 504 13132 9739 2934 3393 4261 3369 1923 1446 965 892 2704 1358 731 2243 5498 974 789 6805 4524 4136 672 688 3762 1634 541 2128 2303 1252 1058 6117 961 718 1649 885 764 592 1208 930 2888
is_linear=0
shrinkage=0.03


Tree=77
num_leaves=63
num_cat=0
split_feature=10 33 80 29 29 59 54 4 57 78 4 90 57 64 65 57 59 80 42 56 6 40 64 64 10 38 6 64 15 18 44 10 32 44 26 31 69 64 65 11 68 44 42 59 90 64 64 57 56 80 57 59 33 11 58 16 90 42 57 7 60 44
split_gain=61.9622 30.6754 29.7855 28.6214 30.4015 29.2151 25.7477 25.4593 25.1681 22.8355 22.35 21.8037 21.0961 20.1794 23.9964 44.559 23.457 19.793 18.8937 18.687 18.5005 18.5023 19.8172 20.7425 24.7869 19.3482 18.2915 19.0873 18.0752 22.7813 18.6283 17.1499 16.9514 38.1646 23.0314 21.5514 22.3706 16.9545 16.5995 16.4544 16.4262 20.8455 24.6362 23.2207 19.1413 17.1824 16.4121 16.2141 23.0219 26.2556 16.152 15.9495 15.9412 16.6596 15.683 15.2785 15.2532 15.028 14.9659 14.8628 17.8764 15.0617
threshold=0.13414333760738376 362.73524475097662 20.016842842102054 0.65933069586753856 -0.49587698280811304 1.0703667998313906 0.032758545130491264 -0.00067445283639244724 19.706979751586918 -0.002885531284846365 0.00058312236797064554 1.0695375204086306 46.402479171752937 0.98364779353141796 -773.49999999999989 40.76795959472657 0.58014312386512767 31.487644195556644 71.584506988525405 6.7402520179748544 -0.001166561967693269 -21.149574279785153 0.65110388398170482 0.55738157033920299 0.047063011676073081 -1.0000000180025095e-35 -0.00098853843519464113 -0.88396760821342457 58.019512176513679 29.218565940856937 -1.9741840958595274 0.063798367977142348 0.91250002384185802 4.4194464683532724 0.73418936133384716 0.70749998092651378 3377.5000000000005 -0.96535655856132496 -391.49999999999994 0.39295554161071783 1.0000000180025095e-35 2.6518213748931889 25.646281242370609 0.3037609606981278 2.5347659587860112 -0.96868926286697377 0.90905222296714794 30.419652938842777 6.8773670196533212 21.005085945129398 15.493586063385012 0.73827347159385692 1258.4718017578127 0.64935618638992321 -0.137745626270771 68.918060302734389 -1.5210927128791807 41.426988601684577 28.883358955383304 -0.0026054473128169771 7.2001073360443124 -1.1251030564308164
decision_type=2 2 2 2 2 2 2 2 2 2 2 2 2 2 2 2 2 2 2 2 2 2 2 2 2 2 2 2 2 2 2 2 2 2 2 2 2 2 2 2 2 2 2 2 2 2 2 2 2 2 2 2 2 2 2 2 2 2 2 2 2 2
left_child=3 2 12 4 9 6 8 39 -5 26 13 -10 -2 14 15 47 -15 -13 20 -7 -16 52 23 24 -23 40 27 -1 29 -27 -31 -24 34 37 -3 59 58 -34 -39 -6 44 -42 43 -43 45 -26 -40 48 49 -9 -50 -32 53 -22 -11 -12 -29 -56 -37 61 -61 -36
right_child=1 32 -4 5 7 19 -8 10 11 54 55 17 -14 16 18 -17 -18 -19 -20 -21 21 22 31 -25 25 28 -28 56 -30 30 51 -33 33 -35 35 36 -38 38 46 -41 41 42 -44 -45 -46 -47 -48 -49 50 -51 -52 -53 -54 -55 57 -57 -58 -59 -60 60 -62 -63
leaf_value=0.016564177038640205 0.0045201598924343644 0.012466608427306436 -0.013785352922684806 0.013556182841008227 -0.00081673600388507551 -0.0030123019183571575 -0.019732413557822074 0.019242329617847918 -0.023764815151237788 0.018797771014872462 -0.0095665059563716029 -0.0092725101767831483 -0.011425467732195022 0.026101814897926862 0.019502976369135033 -0.021063353390294089 0.0025594218303771447 0.014459558916807018 0.0161158962194697 0.023490659489888516 0.013314631715346168 0.012146989160290946 0.028506220752209668 -0.01251405627930265 0.013483966101609362 0.0084502580861144146 -0.0085028983045423983 0.0018169916811930104 0.01238322910006793 -0.013314907655580429 0.0028127121618861605 0.0080552510164965379 0.023950996876044545 -0.012129663436708717 -0.00092668350784422932 0.011437478769933191 -0.012455237169544817 0.015075525606445095 -0.0099752911214183275 -0.016462648471137407 0.0038853310921647356 0.019762942225760308 0.030033950252979294 -0.0071681851574632183 0.018104167588699923 -0.0049892730545256234 0.010875531269264264 0.018795695133403078 -0.020604466773112527 -0.0066216077215341647 0.00074598699348740337 -0.013871923817239463 0.02331381119145582 -0.0080878092446308725 -0.0047120859892825868 0.001569530495197599 -0.012484509304872432 0.01564841146915711 -0.0070114978011921996 0.0016230322600990562 -0.013072801746225889 0.020539078947680971
leaf_weight=56.000702172517776 188.17095945775509 75.258658610284328 465.8925272449851 60.576297089457512 372.37852002680302 49.948948711156845 129.76281616091728 84.445528797805309 59.560956403613091 64.419576272368431 140.09171181917191 108.89712593704462 123.8009964004159 87.301187723875046 78.343246847391129 87.087860018014908 67.572719663381577 44.575725361704826 150.13704288005829 45.989775478839874 111.14488343894482 253.70441720634699 45.675248473882675 76.404646962881088 53.451058104634285 114.50773091614246 460.99971674382687 227.03919830918312 71.614029034972191 203.97717609256506 206.55226257443428 192.17849704623222 56.473439633846283 101.90396316349506 61.919690124690533 68.228200741112232 401.89470989257097 98.541953526437283 79.176628679037094 72.229521036148071 342.80661490559578 64.643643200397491 72.440513879060745 51.987076073884964 47.55196575820446 297.69900773465633 59.512168169021606 50.126805543899536 58.728862851858139 60.727282345294952 69.781406372785568 68.721230149269104 82.12614194303751 46.396439433097839 111.74611912667751 531.80584694445133 95.287211567163467 46.080178007483482 94.224935360252857 233.03848892450333 109.5007346495986 56.047593973577023
leaf_count=252 856 372 2671 265 1607 224 602 421 271 281 609 511 587 422 334 381 308 197 716 207 506 1380 247 337 235 503 2048 1101 311 894 919 848 271 522 279 368 2193 501 436 307 1542 293 318 231 209 1309 295 231 260 272 306 295 408 208 484 2307 460 202 487 1041 502 254
internal_value=5.5823e-05 -0.00414945 -0.00898153 0.00168317 0.00232131 -0.00518742 -0.00872644 0.00344039 -0.00350673 -0.00222674 0.00422154 -0.00835858 -0.0018076 0.00526661 0.00472897 -0.00201364 0.0158301 -0.0023796 0.00578157 0.00969232 0.00515643 0.00468881 0.00381284 0.00280396 0.0034367 0.00205205 -0.00449088 0.000397856 -0.00185434 -0.00357156 -0.00644394 0.0119825 -0.00163648 0.00368931 -0.00355167 -0.00472795 -0.00865777 0.00917789 0.00566111 -0.00335852 0.00484516 0.00829605 0.0162932 0.00775864 0.000241582 -0.00217733 -0.00102808 0.00310974 0.000236754 0.00842318 -0.00901112 -0.00135256 0.0125978 0.00701154 0.00632394 -0.000752351 -0.00241087 0.00123252 0.000736832 8.80196e-05 -0.00307484 0.00927194
internal_weight=8148.81 2273.59 777.864 5875.22 5375.91 499.312 403.373 4314.34 273.61 1061.57 3869.73 213.034 311.972 3197.83 3042.96 410.898 154.874 153.473 2632.06 95.9387 2481.93 2403.58 2163.92 1926.06 1849.66 1595.95 839.327 378.327 665.372 593.758 479.251 237.854 1495.72 395.608 1100.11 1024.85 564.348 293.704 237.231 444.608 930.58 531.878 189.071 116.631 398.702 351.15 138.689 323.81 273.683 145.173 128.51 275.273 239.667 157.541 222.246 671.898 322.326 157.826 162.453 460.507 342.539 117.967
internal_count=38214 11635 4114 26579 24302 2277 1846 19474 1244 4828 17560 979 1443 14644 13914 1871 730 708 12043 431 11327 10993 9871 8776 8439 7059 3861 1813 2922 2611 2108 1095 7521 2025 5496 5124 3048 1503 1232 1914 4137 2384 842 524 1753 1544 731 1490 1259 693 566 1214 1122 714 967 2916 1561 686 855 2076 1543 533
is_linear=0
shrinkage=0.03


Tree=78
num_leaves=63
num_cat=0
split_feature=77 29 12 58 80 18 41 54 26 42 54 14 28 67 28 41 59 41 4 2 77 49 14 43 9 29 18 65 54 67 81 77 63 63 0 59 12 26 59 67 67 63 63 46 46 26 58 48 26 60 44 80 44 65 44 59 9 60 49 78 59 42
split_gain=49.1817 64.7546 33.8679 28.8434 24.4852 22.4813 22.1942 22.8484 27.524 28.0851 23.0977 42.4893 21.6192 24.6703 20.3075 21.2848 20.1721 19.5403 19.4655 19.2004 19.1927 18.9626 18.897 18.2348 16.9337 16.7517 16.2499 16.1262 15.8606 15.2522 15.144 19.8483 14.4031 27.5319 21.2776 16.1309 15.8424 15.5804 13.7333 13.3997 24.1313 22.9438 19.4017 13.3843 18.4022 13.2842 13.1241 13.0207 12.8272 12.7076 12.5662 12.5429 12.4488 11.9781 18.4012 18.4905 23.8906 21.481 26.3964 19.2001 17.7771 19.2808
threshold=-0.17535937577486035 0.63475203514099132 0.0088855680078268068 -0.66880580782890309 14.957950115203859 48.398910522460945 -1.0000000180025095e-35 0.017536609433591369 0.72300216555595409 27.80822849273682 -1.9063204526901243 0.0155107150785625 -0.88754114508628834 13.500000000000002 0.30183415114879614 -3.1515893936157222 1.8038523197174074 -29.104562759399411 0.0011458123917691412 -0.00012163066639914176 -0.37425148487091059 0.99879088997840892 0.012060055509209635 12.984902381896974 -0.00012146393419243394 -0.40276597440242762 4.5544598102569589 -767.49999999999989 0.54973521828651439 970.50000000000011 0.32140354812145239 0.14219603687524798 -0.18008953332900998 0.2861058115959168 22.500000000000004 0.24204274266958239 0.0069253752008080491 2.6222788095474248 0.59996125102043163 241.50000000000003 565.50000000000011 0.84688794612884533 -0.45204447209835047 1.0001477599143984 0.99971580505371105 1.7325391769409182 0.45301765203475958 1.0026865005493166 0.63997170329093944 -0.50392797589302052 5.0428299903869638 18.305741310119632 -8.7115035057067853 246.50000000000003 9.6085038185119647 -0.33746936917304987 0.0047645429149270066 7.9925167560577401 0.99844574928283703 0.018049368634819988 0.6573271155357362 13.593772411346437
decision_type=2 2 2 2 2 2 2 2 2 2 2 2 2 2 2 2 2 2 2 2 2 2 2 2 2 2 2 2 2 2 2 2 2 2 2 2 2 2 2 2 2 2 2 2 2 2 2 2 2 2 2 2 2 2 2 2 2 2 2 2 2 2
left_child=5 2 12 -4 17 19 7 8 -3 10 11 -10 13 -2 15 18 21 43 26 20 -1 -17 25 -11 47 45 -6 -15 -29 39 31 46 34 51 37 -35 -37 52 -9 -12 42 -42 -41 44 -5 -14 -16 49 -19 -8 -32 -34 -27 54 55 57 60 59 -59 -28 61 -57
right_child=1 6 3 4 14 -7 24 38 9 23 29 -13 22 27 30 16 -18 48 -20 -21 -22 -23 -24 -25 -26 32 53 28 -30 -31 50 -33 33 35 -36 36 -38 -39 -40 40 41 -43 -44 -45 -46 -47 -48 -49 -50 -51 -52 -53 -54 -55 -56 56 -58 58 -60 -61 -62 -63
leaf_value=-0.020337816006302481 0.034381014749461307 0.018278124344375805 0.013498109734442622 0.012753119275728551 0.01484315521296632 0.012766427408238495 0.026822469077001889 -0.0025907582580450509 0.028452843522503907 0.017149077373069754 -0.02075362164813899 -0.010945272754277955 0.0008695969171084824 -0.0065700557273120942 0.017618620486531653 -0.022135321203584447 0.0092419311849303507 0.016057249144480576 -0.011074487473035098 -0.012105798558195935 -0.0024251725536009222 -0.0062130742059002845 0.016259992363922674 -0.0062419041015479926 -0.012706107876141301 0.010338189535094038 0.0034874729125763679 0.017467731026386168 0.0012082598367989055 -0.028384750162272945 0.0058193895750574872 -0.01271915931266992 0.029652212190368676 0.017775589956014522 -0.0092501881008247404 0.010816629136482797 -0.003548052005047023 0.017305806872475762 -0.020566500144989005 -0.0096782761112065106 -0.027355075343652419 -0.0028665857920173519 0.016727892509867393 0.020950992503291899 -0.0072024379485701893 -0.017558784896391306 0.0015296266521040414 -0.0030038514682105581 -0.0003141837722570484 0.0052802850475586064 0.023388076464926917 0.010324832959972316 -0.0034279926172571945 0.0048486308063739264 0.0087091788792690427 -0.0020605863388178935 -0.022853105300144394 0.0041253063647226813 -0.022499884323462751 0.027038447048368497 0.0050074912136174226 -0.012000954916491766
leaf_weight=58.224764473736286 41.501733526587486 42.555119447410107 157.89661918580532 146.85056173056364 62.539721190929413 57.481609009206295 41.972692832350731 49.948572307825089 36.98267263174057 64.67900875210762 90.963780798017979 73.79401995241642 89.442509323358536 46.339974641799927 48.401322826743126 108.67725089937449 45.466897577047348 48.20483261346817 160.91431385278702 367.59174224734306 713.95588581264019 176.88805647194386 106.50175125896931 55.934311121702194 48.30928610265255 91.188419952988625 79.592270463705063 182.0879425406456 76.754254505038261 52.40821498632431 144.0815062969923 85.472855612635612 63.556190833449364 63.690475046634674 136.97568964958191 103.30430518090725 208.68793112784624 70.639557495713234 163.33448012918234 48.421671524643898 70.329771168529987 67.464631170034409 51.865046590566635 90.562601283192635 58.021937660872936 58.055838122963905 797.01294074952602 65.173551067709923 404.56360404193401 59.696048699319363 49.137103542685509 57.615364998579025 168.12223874032497 288.30093225091696 134.27323435992002 481.86616913229227 62.622033432126045 115.02604946494102 47.289705730974674 51.194142445921898 171.68227125704288 276.32033853977919
leaf_count=390 198 208 731 692 275 260 205 249 177 301 458 435 388 202 214 489 198 226 757 1923 3496 791 497 278 258 434 350 846 360 294 616 369 333 323 626 519 958 327 843 263 379 365 263 428 272 255 3488 373 1795 277 209 278 774 1303 605 2159 285 505 207 226 767 1233
internal_value=7.6173e-05 0.00104474 0.00229118 0.000914052 0.000433521 -0.00553917 -0.00569136 -0.00782786 -0.00505234 -0.00667238 -0.00985144 0.00220774 0.00607 0.0126796 -0.000651542 -0.00228893 -0.00931759 0.00534508 -0.00108439 -0.00646236 -0.00377584 -0.0122726 0.00418835 0.00630153 0.00293481 0.00303144 -0.000176536 0.00972844 0.0126463 -0.0133535 0.00264427 0.00105787 0.00447237 0.00802762 0.000689242 0.00401697 0.00120826 0.0048155 -0.0163568 -0.0109594 -0.00721735 -0.0153654 0.00397814 0.0113469 0.00710151 -0.00638388 0.00245075 0.00746365 0.00142883 0.0141737 0.0102873 0.0204623 0.00141298 -0.000726439 -0.00185845 -0.00296218 -0.00491737 0.00365842 -0.00363178 0.0127061 -0.00370949 -0.00568334
internal_weight=8138.41 6941.16 5857.32 4292.86 4134.96 1197.25 1083.83 868.681 655.398 612.843 492.23 110.777 1564.46 346.684 3386.76 2262.65 331.032 748.204 1931.62 1139.77 772.181 285.565 1217.78 120.613 215.152 1111.28 1770.71 305.182 258.842 381.453 1124.11 930.887 963.78 496.854 466.926 375.683 311.992 329.95 213.283 329.045 238.081 137.794 100.287 295.435 204.872 147.498 845.414 166.842 452.768 101.669 193.219 121.172 259.311 1708.17 1419.87 1285.59 992.491 293.102 162.316 130.786 929.869 758.187
internal_count=38203 32134 26508 19190 18459 6069 5626 4513 3421 3213 2634 612 7318 1606 15046 10150 1478 3413 8672 5809 3886 1280 5712 579 1113 5215 7915 1408 1206 2022 4896 4071 4572 2411 2161 1800 1477 1535 1092 1728 1270 744 526 1392 964 643 3702 855 2021 482 825 611 1208 7640 6337 5732 4444 1288 712 576 4159 3392
is_linear=0
shrinkage=0.03


Tree=79
num_leaves=63
num_cat=0
split_feature=31 52 5 63 65 47 63 41 27 5 4 4 39 42 1 27 22 70 54 10 69 42 51 33 12 33 47 65 17 69 5 65 53 65 63 70 42 65 51 12 4 3 5 39 16 1 63 42 31 61 63 65 69 5 73 51 10 63 63 69 41 63
split_gain=57.2316 35.7509 36.7063 28.3835 27.653 23.8738 23.6972 20.7663 20.2762 23.9296 35.9077 20.1272 24.3661 20.0207 18.6351 18.6153 16.7279 17.8066 20.9547 25.2582 20.5207 22.5288 37.4709 26.1623 23.2488 18.1527 17.8442 16.8324 16.5397 16.1657 15.8501 16.4398 15.6601 15.0321 21.2051 17.9684 15.4732 14.9102 14.7759 19.134 14.5211 17.5866 20.7693 23.1438 30.8189 14.4036 14.0165 13.726 13.6002 13.259 13.1447 16.2532 15.5406 12.7463 13.4382 15.8589 12.4122 14.3476 13.1241 14.6289 12.7212 12.3462
threshold=0.27250000834465032 0.30542688071727758 -0.001197992358356714 0.9556623399257661 348.50000000000006 0.99119859933853161 0.19722913205623629 -103.03857040405272 1.3126904964447024 0.00073688718839548539 -0.00030388832965400065 0.0010072958539240064 0.81267130374908458 71.584506988525405 -0.00038421504723373795 0.20964537560939792 2.5000000000000004 3916.5000000000005 -1.4704807996749876 0.046466315165162093 4531.5000000000009 31.576240539550785 0.044951604679226882 829.46362304687511 0.010606790892779829 186.09773254394534 0.99849647283554088 -46.499999999999993 74.772460937500014 13142.500000000002 -0.0024579932214692231 -421.49999999999994 0.52099725604057323 -51.499999999999993 0.02835773024708033 8734.5000000000018 34.673757553100593 -821.49999999999989 0.028692115098237995 0.0052878584247082481 -0.00067445283639244724 0.00014489325985778126 -0.00028206927527207876 0.51863357424736034 55.631015777587898 0.0002295297817909159 0.2861058115959168 9.0516161918640154 0.16750000417232516 6.9770591259002694 0.27353890240192419 -416.49999999999994 2453.5000000000005 -6.0211481468286358e-05 0.29080839455127722 0.049575921148061759 0.086711391806602492 -0.42853991687297815 0.33586180210113531 12243.500000000002 -20.07780838012695 -0.77576932311058033
decision_type=2 2 2 2 2 2 2 2 2 2 2 2 2 2 2 2 2 2 2 2 2 2 2 2 2 2 2 2 2 2 2 2 2 2 2 2 2 2 2 2 2 2 2 2 2 2 2 2 2 2 2 2 2 2 2 2 2 2 2 2 2 2
left_child=3 2 14 7 5 -4 15 -1 9 11 -11 12 32 16 30 -6 48 -18 25 -20 26 22 23 47 -23 -19 -21 -27 -14 -25 31 -2 -7 34 35 -28 -37 -3 39 -15 53 45 -43 44 -44 -42 -24 -22 -9 -36 51 52 -16 54 55 -34 -39 -58 60 -60 -59 -12
right_child=1 37 4 -5 6 8 -8 13 -10 10 61 -13 28 38 50 -17 17 18 19 20 21 24 46 29 -26 27 33 -29 -30 -31 -32 -33 40 -35 49 36 -38 56 -40 -41 41 42 43 -45 -46 -47 -48 -49 -50 -51 -52 -53 -54 -55 -56 -57 57 58 59 -61 -62 -63
leaf_value=0.020152026746992371 0.0043079380893199818 0.0061298044118098171 0.021845439465150954 0.015569996928239535 -0.0062073884796700219 -0.010831271091765385 0.022604953087496545 0.022575472144964852 0.0057720399891193251 -0.024793522924170707 -0.014198051882166949 -0.012543020154841912 0.023784558436174733 0.017172573284206943 0.0065116738798939953 0.013812417729675451 -0.0056626337365778224 -0.0082553532795270404 0.0073711259615977251 -0.017840107852643217 -0.008907106139352439 0.018311207608662339 0.015130572203719798 0.0073405887232373653 -0.0063045367772830855 0.01890275496880759 0.013668512993620534 0.0016813909749834031 0.0049181955195565941 -0.013031147778612272 0.0042929101251257141 -0.022925100365825988 -0.0061399451909644491 0.011275000669266509 -0.0071336950909673975 0.0053278085252400102 -0.018633414021637696 0.00098216832539773594 0.018602079515619933 -0.0095256511989793256 0.0021206491127590786 -0.0092634214268906001 -0.00028032597769238581 -0.0055880587385130059 0.024690308296252874 0.012628816427209708 -0.0016156655930294854 -0.027915645407907742 0.0025208504175785588 -0.02891396296834443 -0.015608273828231283 0.0016626290348220683 -0.015312355550681438 -0.014305131464914498 -0.0080493852573302951 0.012132282153936661 -0.022799569386029707 0.0094198726562974202 -0.021170969810010657 -0.0011652397918452749 -0.012327611707482389 -0.0022548402068906068
leaf_weight=60.554991446435452 34.48492968082428 48.121148556470871 42.51321342587471 167.71596959978342 89.214750185608864 125.70484799146652 85.120372086763382 59.31927701830864 386.41609216481447 83.597568728029728 90.434291906654835 114.32710939645767 57.943250864744186 44.394083991646767 35.433870732784271 78.656079009175301 319.15718970447779 42.633186742663383 368.66074176877737 102.31605806946754 71.317374050617218 117.75731360912323 116.27023720741272 97.873860418796539 48.85945937037468 150.85590775310993 58.777877807617188 77.230854675173759 150.30256117880344 54.622776091098785 194.36919055879116 47.333568781614304 78.607439003884792 52.288036972284317 55.268673315644264 45.886696800589561 51.452531069517136 61.303706973791122 112.55827833712101 53.004312619566917 1158.1363899111748 268.37724389880896 118.73439365625381 197.81474642455578 71.134006097912788 130.64081370830536 73.367569714784622 65.672404631972313 62.499439090490341 46.168179020285606 220.05194771289825 139.92960575222969 171.47781368345022 99.734241187572479 172.39034742116928 93.715880289673805 107.51513790339231 50.280292488634586 108.56810165941715 47.19691739231348 46.683867536485195 562.00286248326302
leaf_count=317 204 246 189 883 402 547 396 302 1681 436 448 496 245 228 196 355 1456 197 1912 452 316 533 518 435 211 703 260 355 643 237 922 277 348 231 249 210 215 274 538 254 5031 1222 507 839 298 574 328 282 286 198 1263 706 979 439 764 400 676 284 684 292 289 2656
internal_value=-6.00166e-05 -0.00177064 -0.00104105 0.00363696 9.19313e-05 -0.000516066 0.00971094 0.0028061 -0.00075613 -0.00146203 -0.00628217 -0.000211731 0.000305962 0.00235878 -0.00675989 0.00317292 0.00149077 0.000838575 0.00206107 0.000608954 -0.00174755 0.00159054 -0.00171389 -0.00850425 0.0110928 0.00971297 -0.00697745 0.0130716 0.0101677 4.36356e-05 -0.000369888 -0.0114469 -0.000510604 -0.00339038 -0.00636771 0.000571016 -0.00733785 -0.0096908 0.0111989 0.00264337 3.23856e-05 0.00115042 -0.00284799 0.00159315 0.0090749 0.00318584 0.00865174 -0.0180197 0.0122864 -0.0170468 -0.00987307 -0.00623439 -0.011575 -0.00485997 -0.00212726 0.00379718 -0.0114968 -0.0136203 -0.00971536 -0.0151092 -0.00105056 -0.00391029
internal_weight=8144.75 5568.27 5098.6 2576.48 4255.52 4002.53 252.991 2408.77 3960.01 3573.6 736.035 2837.56 2723.24 2348.21 843.081 167.871 2138.26 2016.44 1697.28 1426.56 1057.9 645.741 479.124 289.486 166.617 270.72 412.158 228.087 208.246 152.497 276.188 81.8185 2514.99 309.842 257.554 156.117 97.3392 469.669 209.957 97.3984 2389.29 1944.84 656.06 387.683 189.868 1288.78 189.638 136.99 121.819 101.437 566.893 346.841 206.912 444.448 344.714 172.323 421.548 360.244 252.729 155.765 96.9642 652.437
internal_count=38314 26208 23463 12106 18916 17763 1153 11223 17574 15893 3540 12353 11857 10906 4547 757 9886 9298 7842 6587 4675 2860 2116 1270 744 1255 1815 1058 888 672 1403 481 10969 1363 1132 685 425 2745 1020 482 10422 8471 2866 1644 805 5605 846 598 588 447 3144 1881 1175 1951 1512 748 2499 2225 1549 976 573 3104
is_linear=0
shrinkage=0.03


Tree=80
num_leaves=63
num_cat=0
split_feature=83 17 5 26 58 5 52 66 7 63 32 81 44 63 31 63 7 40 46 0 44 18 9 13 63 64 70 25 33 47 43 70 51 58 26 42 12 82 64 78 14 44 25 25 43 59 18 3 5 61 58 77 26 5 10 63 68 17 70 31 82 23
split_gain=70.1262 29.0744 38.2967 25.8213 24.1827 21.8301 23.7061 20.3521 26.005 25.0945 28.0618 30.7058 22.465 19.6362 25.1624 24.1622 21.3216 25.4024 19.1548 18.8968 18.7805 18.3691 17.1916 16.2716 29.8206 20.6562 17.1329 28.0916 20.4341 16.7475 22.3709 22.5714 16.0448 15.6214 17.9245 15.5162 15.4843 15.2184 17.4851 18.9771 21.7662 18.7227 17.6053 27.801 17.1827 18.5222 17.1677 15.578 17.2234 18.5986 15.0318 14.8964 14.8937 15.1886 15.7054 14.8399 17.3105 14.6755 14.911 14.3537 15.6026 14.0087
threshold=0.63788178563117992 18.287713050842289 0.00075151299824938189 3.9163285493850712 -0.50217330455780018 -0.0022125089308246966 0.38434277474880224 220.50000000000003 0.00021752336760982874 0.31109040975570684 0.092500001192092909 -0.1723615303635597 8.9740715026855487 -0.7589854598045348 0.18750000000000003 -0.63775861263275135 0.00069638862623833131 27.147698402404789 0.99974575638771068 22.500000000000004 -3.5166687965393062 52.277048110961921 -0.00058778902166523028 0.011364966630935671 -0.99851059913635243 0.49052239954471594 8943.5000000000018 48.744308471679695 395.43945312500006 1.0030137896537783 -2.5109170675277706 4386.5000000000009 0.043499585241079337 -0.72408130764961232 1.7205210328102114 9.5770072937011737 0.033371675759553916 150.4692077636719 -0.73283809423446644 -0.11431435495615004 0.014612555969506504 15.511402130126955 23.777991294860843 67.98047256469728 13.534224033355715 0.66282731294631969 8.6148166656494158 -0.00032628818007651711 -0.00042964404565282161 11.529685020446779 0.41679070889949804 -0.014834799338132141 0.96086353063583385 -0.0013579669175669549 0.13414333760738376 0.43247817456722265 0.6078576147556306 32.330015182495124 17429.000000000004 0.68750000000000011 -115.8078155517578 2.5000000000000004
decision_type=2 2 2 2 2 2 2 2 2 2 2 2 2 2 2 2 2 2 2 2 2 2 2 2 2 2 2 2 2 2 2 2 2 2 2 2 2 2 2 2 2 2 2 2 2 2 2 2 2 2 2 2 2 2 2 2 2 2 2 2 2 2
left_child=1 52 4 5 35 20 33 9 12 13 18 -12 51 19 15 -15 17 57 -11 23 -2 -18 -23 24 -6 26 28 -28 -26 30 31 -25 -8 34 -7 -3 37 38 42 40 -40 46 -35 -44 45 -45 -41 -48 -49 -50 -32 -9 59 54 -54 -13 -57 -16 -59 60 -1 -14
right_child=3 2 -4 -5 7 6 32 8 -10 10 11 55 61 14 16 -17 21 -19 -20 -21 -22 22 -24 29 25 -27 27 -29 -30 -31 50 -33 -34 36 -36 -37 -38 -39 39 41 -42 -43 43 44 -46 -47 47 48 49 -51 -52 -53 53 -55 -56 56 -58 58 -60 -61 -62 -63
leaf_value=-0.003332687972843488 0.0038830469099133858 0.027174756485642059 -0.003112132096828521 0.016219323946460851 -0.01417889761296607 0.022351366026847279 -0.0025879907641617479 -0.0035117439540823842 0.011307732950018455 0.016687364525043526 0.0085249570603015065 -0.029409929015993826 0.0069514317265043863 0.030461736363692149 0.0011614804553239798 0.0090938950978067101 -0.017959405579399141 -0.011012176908813913 -0.0022848997575489502 -0.013435610596115909 -0.021447634539567183 0.011049062838549437 -0.010200759647440428 -0.015707264559548635 -0.00092594703541499916 -0.0057961771999602302 0.018538507356065992 -0.0063944319213630604 0.022047481996368992 0.010488429409496645 -0.005482517384108947 0.0080434248245579449 -0.021360249093106753 0.01367002595331874 -0.0045553889248261285 0.0047828011308995505 -0.018928297591805119 0.012002653482772253 -0.01855594466121618 0.0088318208373892315 0.0062772713058088514 0.013145476882029846 -0.009783249504577797 0.0039409490160218375 -0.0020992716048648459 0.030291784716680609 -0.012719749021751233 -0.011556941232812486 0.00057097194291773595 -0.015512323692584516 -0.026770229872530096 0.0053803647555026807 0.0021098041205371535 0.0012193233164114539 -0.016870411870871585 -0.017766630618592367 0.0016692562786452796 0.008668931507487156 0.022983909893992988 0.0031022698635959339 -0.024816218845547498 0.026993615768118415
leaf_weight=50.070566639304161 33.922355651855469 64.695526316761971 852.63312964141369 53.894195348024368 63.945941045880318 45.44362349063158 64.2750353962183 355.37991301715374 572.00067479908466 73.114410504698753 63.139645978808403 50.736606329679489 88.842683672904968 63.693612866103649 158.17890740931034 188.81816754490137 64.763851553201675 65.929408133029938 138.846704185009 82.632039248943329 117.89052299410105 75.476798340678215 62.753745317459106 52.483633399009705 45.201178386807442 82.961570918560028 68.60629053413868 99.876410961151123 152.09513081610203 63.91250579059124 58.173360705375671 114.74705490469933 113.05008729547262 84.68820783495903 43.720294684171677 48.904173165559769 58.167468093335629 57.361166812479496 166.22733245044947 77.705151617527008 39.270248740911484 55.098495475947857 186.81853760778904 55.687272772192955 106.80273634195328 42.200875595211983 227.72827323526144 196.92330610752106 539.38194955140352 73.531672760844231 61.324125960469246 324.26868114620447 65.31291800737381 507.53096400201321 98.273301050066948 119.68754617869854 62.925332427024841 269.98879180848598 86.460910275578499 46.369452849030495 77.542506009340286 48.533258840441704
leaf_count=220 229 293 3784 276 284 224 369 1609 2610 346 276 221 419 332 676 1011 278 278 648 360 798 321 266 225 199 378 322 469 705 277 252 510 838 386 216 222 335 303 947 391 215 243 889 261 518 209 1128 1002 2540 370 268 1487 289 2195 454 521 277 1178 374 205 340 228
internal_value=-6.02947e-05 0.00176397 0.00265947 -0.00431541 0.00389186 -0.00477926 -0.00403122 0.00349235 0.00640189 0.0018696 -0.00407605 -0.0100351 0.00296729 0.00339485 0.00624809 0.0144837 0.00359403 0.00652031 0.00425944 0.000269822 -0.0157875 -0.00477505 0.00140209 0.00158162 0.00498769 0.00771895 0.0107843 0.00375828 0.0167842 -0.00339855 -0.006494 0.000589515 -0.0145559 -0.00312382 0.00915801 0.0175351 -0.00368039 -0.00321589 -0.00368723 -0.0054021 -0.0138104 -0.00392575 0.00126752 -0.00141529 0.00622203 0.0153011 -0.00476913 -0.00578774 -0.00383843 -0.00135855 -0.016407 0.00073079 -0.00337073 -0.00134294 -0.00929243 -0.0150571 -0.0110694 0.00876641 0.0121412 -0.0111927 -0.0163869 0.0140321
internal_weight=8130.62 5690.83 4845.73 2439.79 3993.1 2385.89 2234.08 3879.5 1389.03 2490.47 508.45 296.489 817.025 1982.02 1036.06 252.512 783.552 580.558 211.961 945.959 151.813 202.994 138.231 863.327 512.687 448.741 365.779 168.483 197.296 350.641 286.728 167.231 177.325 2056.76 89.1639 113.6 1967.59 1909.43 1852.06 1375.87 205.498 1170.37 476.198 391.509 204.691 97.8881 1115.27 1037.57 809.837 612.914 119.497 679.649 845.1 671.117 163.586 233.349 182.613 514.629 356.45 173.983 127.613 137.376
internal_count=38294 25607 21904 12687 18120 12411 11384 17605 6353 11252 2289 1295 3743 8963 4714 1343 3371 2506 994 4249 1027 865 587 3889 2357 2073 1695 791 904 1532 1255 735 1207 10177 440 515 9737 9402 9099 6836 1162 5674 2263 1877 988 470 5431 5040 3912 2910 520 3096 3703 2938 743 1019 798 2228 1552 765 560 647
is_linear=0
shrinkage=0.03


Tree=81
num_leaves=63
num_cat=0
split_feature=31 67 64 64 4 31 56 80 70 58 58 67 12 81 64 64 22 12 64 10 67 30 8 80 47 77 18 78 12 57 70 67 11 43 42 67 43 42 43 16 68 38 38 61 59 43 67 68 12 30 51 43 56 9 47 51 12 61 70 67 56 64
split_gain=46.2741 23.4164 40.2807 23.7901 27.1007 25.0036 27.8094 20.5897 27.1155 19.7479 29.4446 18.8138 19.6084 20.1588 16.4116 53.5482 27.687 35.0821 30.2953 19.5585 19.3725 21.1669 16.653 16.0423 14.4688 14.4162 15.2596 22.2643 18.0237 16.3416 14.0275 14.0099 26.0812 26.2663 17.8344 18.677 20.9421 20.1599 17.2198 23.6999 17.8353 16.2506 17.5092 27.3655 26.4845 17.5756 20.3777 20.2383 16.2684 15.2751 14.7557 14.2935 18.9197 13.8118 13.7432 13.7019 13.562 13.5145 13.4064 13.3005 12.9607 15.0611
threshold=0.31749999523162847 1196.5000000000002 0.98120620846748363 -0.87142586708068837 0.001222880673594773 0.97750002145767223 19.153119087219242 14.414086341857912 33197.500000000007 0.5715429186820985 0.37456355988979345 455.50000000000006 0.024399790912866596 -0.39231319725513453 0.66098293662071239 0.55738157033920299 21.000000000000004 0.010403099469840528 0.93894198536872875 0.042797036468982703 169.50000000000003 1.0000000180025095e-35 0.00016676063387421894 30.605490684509281 1.0011553168296816 -0.33188018202781672 9.6763048171997088 -0.058078752830624573 0.0064439051784574994 16.667935371398929 7495.5000000000009 765.50000000000011 0.25765004754066473 -1.5569712519645689 6.5538733005523691 940.50000000000011 4.4442207813262948 34.316423416137702 -10.419779777526854 35.499420166015632 1.0000000180025095e-35 -0.67497214674949635 -0.080326627939939485 7.7344360351562509 -0.88068169355392445 -11.917816638946531 410.50000000000006 1.0000000180025095e-35 0.0096391644328832644 0.47499999403953558 0.02840026002377272 12.713497638702394 7.0663387775421151 0.00044260882714297628 1.003886938095093 0.040934544056653983 0.010699172038584949 5.8294494152069101 2733.5000000000005 1005.5000000000001 6.0672099590301523 0.2861058115959168
decision_type=2 2 2 2 2 2 2 2 2 2 2 2 2 2 2 2 2 2 2 2 2 2 2 2 2 2 2 2 2 2 2 2 2 2 2 2 2 2 2 2 2 2 2 2 2 2 2 2 2 2 2 2 2 2 2 2 2 2 2 2 2 2
left_child=7 3 -3 11 5 6 25 9 14 10 -1 -2 13 -13 15 19 17 -16 -18 -9 21 -21 -17 58 30 -5 27 59 29 -28 -4 41 -33 38 -35 37 -37 51 40 -40 -34 48 43 45 -44 55 47 56 -30 -42 -46 52 -36 -14 -45 -43 -47 -38 -15 -27 -12 -62
right_child=1 2 24 4 -6 -7 -8 8 -10 -11 60 12 53 23 16 22 18 -19 -20 20 -22 -23 -24 -25 -26 26 28 -29 31 -31 -32 32 33 34 35 36 57 -39 39 -41 49 42 44 54 50 46 -48 -49 -50 -51 -52 -53 -54 -55 -56 -57 -58 -59 -60 -61 61 -63
leaf_value=0.010638675540691972 0.01014790494388332 0.024211658083457273 -0.0063675368699295989 -0.014472363679883129 -0.012804454295601203 -0.01735996733045659 0.020940624496268795 0.013215686049568569 -0.020961484931605885 0.014098426837566961 -0.013666889882682731 0.016924891954883604 -0.021621475806465871 -0.015780038395748878 0.034133083588156213 -0.023815292535394033 -0.020385454475805684 0.0061866495485776128 0.0090980332747115592 0.026929705413234611 0.00043623779159808078 0.0040466307485012131 -0.0056795329256099942 0.0093486893165881466 -0.015378118963196585 0.001707851554870489 -0.0067531267759946738 0.014260621035163876 0.0011121194458962964 0.013074675916062277 0.011357851997664431 -0.010067219390224402 0.011083073875215061 -0.021224481369288326 -0.011262409950796207 0.0038074286582415583 -0.026948713622315577 0.015231017190579448 -0.0078218405816756226 0.016087438672548193 -0.012350214736699144 0.0093524008212155577 0.010867869719363819 -0.019508413715847817 -0.025927911878205149 0.0039621533296310104 0.018069808585535443 0.0093377549708130499 -0.020600930936008528 0.0083328980791385707 -0.0087357084095303194 -0.015611811855367006 0.012444533287843808 0.00017630825681081051 0.00096108890367706506 -0.0097697518840063908 -0.018339220657469495 -0.0085022189541034635 -0.00067029727607294839 -0.015652989822748743 0.0089908797485024391 -0.013279517401487952
leaf_weight=247.26032779365778 190.31155934929848 82.491788670420647 71.099250137805939 89.850825615227222 258.44360773265362 102.21095155179501 45.711479872465134 142.86770410835743 47.345758989453316 252.64465609192848 85.204048871994019 68.681683912873268 61.142945513129234 58.379258997738361 63.069041714072227 88.855928063392639 49.965559378266335 112.61163924634457 84.261797070503235 52.87256920337677 1376.9877689629793 116.63594345748425 93.537239775061607 134.08125621080399 46.107036575675011 218.5335431471467 56.040957018733025 116.69557213783264 42.462287798523903 112.52665530145168 92.40516734868288 252.70241633802652 85.561633944511414 47.491522699594498 49.829650580883026 94.680113404989243 49.646709524095058 89.127815425395966 46.137133449316025 195.08122807741165 105.44904205203056 44.161686904728413 58.992388844490051 93.520683586597443 49.400626137852669 43.375860683619976 93.999906711280346 128.78435757011175 115.61279085278511 46.222711190581322 496.53124406188726 51.275358505547047 77.293713122606277 45.72764952480793 43.135846331715584 142.70256722718477 56.520514570176601 127.65363746136427 557.93118979781866 48.537483505904675 81.890139110386372 41.020593851804733
leaf_count=1225 882 392 321 599 1442 746 208 811 212 1258 409 341 319 260 317 387 225 512 410 246 6177 505 415 620 220 1092 239 520 189 489 428 1200 387 213 218 431 226 398 206 879 484 191 267 432 218 195 423 607 533 204 2286 238 346 233 209 662 274 602 2473 242 405 191
internal_value=-9.35155e-05 -0.00179798 0.00645327 -0.00229065 -0.00342812 -0.0027392 -0.00230163 0.0029151 0.00149944 0.00737193 0.00364003 0.00155702 -0.000208686 0.00136826 0.00198688 0.000928131 0.00838144 0.0162194 -0.00187707 0.00259542 0.00161431 0.0111842 -0.0145147 -5.56012e-05 -0.000535478 -0.00261694 -0.00229215 0.00332915 -0.00303708 0.00648285 0.00365004 -0.00362547 -0.00140231 0.000652828 -0.00359977 -0.00204831 -0.00758424 0.00357979 0.00587022 0.0115144 0.000131249 -0.005705 -0.00455988 -0.00112611 -0.00822795 0.00207104 0.006311 0.0014775 -0.0147683 -0.00604693 -0.0102914 -0.00224115 0.00315192 -0.0122947 -0.0130472 -0.00525061 -0.00865577 -0.0136675 -0.00210155 -0.00144731 -0.00467503 0.00155829
internal_weight=8121.29 5184.26 292.103 4892.16 3775.9 3517.46 3415.25 2937.03 2229.01 708.02 455.375 1116.26 925.944 819.073 2181.67 1871.76 309.908 175.681 134.227 1689.36 1546.5 169.509 182.393 750.392 209.611 3369.54 3279.69 383.767 2895.92 168.568 163.504 2727.35 1318.15 1065.45 586.999 539.507 271.98 267.527 478.452 241.218 237.233 1409.2 1251.13 646.201 604.924 509.545 322.681 228.681 158.075 151.672 545.932 178.399 127.123 106.871 136.657 186.864 99.8964 177.3 616.31 267.071 208.115 122.911
internal_count=38289 24584 1361 23223 18095 16653 15907 13705 10217 3488 2230 5128 4246 3694 10005 8541 1464 829 635 7739 6928 751 802 3353 969 15699 15100 1854 13246 728 749 12518 6032 4832 2672 2459 1259 1200 2160 1085 1075 6486 5764 2993 2771 2352 1499 1076 722 688 2504 802 564 552 641 853 469 828 2733 1334 1005 596
is_linear=0
shrinkage=0.03


Tree=82
num_leaves=63
num_cat=0
split_feature=5 5 2 18 3 77 3 29 5 47 3 53 6 70 69 70 57 32 57 26 32 82 16 32 5 54 24 25 13 13 40 57 25 78 25 1 6 18 17 42 50 33 5 6 18 57 17 57 9 50 50 30 54 42 6 17 7 70 59 64 33 45
split_gain=45.7671 76.8771 31.4738 34.7267 29.8517 24.9726 24.3151 22.929 22.7291 21.522 19.6546 18.4323 17.0784 16.9242 18.1079 20.9107 17.1535 16.8109 30.2655 20.9964 20.5182 16.7259 16.3762 19.1392 16.2546 18.8834 25.2051 25.0076 32.458 24.4075 23.6842 16.9771 23.901 16.8064 15.3182 14.951 14.7909 17.9039 27.532 17.3933 14.7488 15.7282 13.6827 13.4599 13.3489 13.1707 20.1609 13.1971 14.3945 12.9601 17.0512 12.7319 12.7007 12.658 12.4496 12.4389 12.3216 12.6164 12.0367 11.9399 13.9215 12.4637
threshold=0.00073688718839548539 -0.00060582856531254936 -5.6518339988542714e-05 43.142608642578132 -0.00034084184153471137 -0.37425148487091059 -0.00051654537674039591 0.042912825942039497 -7.7255252108443515e-05 0.99823501706123363 0.00064790088799782108 0.56017529964447033 0.00077122281072661291 7065.5000000000009 4531.5000000000009 8356.5000000000018 111.00484848022462 0.55750000476837169 21.035832405090336 0.77450451254844677 0.042500000447034843 42.590759277343757 61.213537216186531 0.097500000149011626 0.0031068685930222277 -1.4117825031280515 1.5000000000000002 70.949943542480483 0.013181905727833511 0.011238256935030224 6.5232832431793222 39.730947494506843 46.649597167968757 0.077226612716913237 79.915096282958999 -0.00038421504723373795 9.6010400739032789e-05 69.837299346923842 78.961574554443374 37.817237854003913 1.0022828578948977 122.09688186645509 -0.00030169186356943095 0.0016191521426662805 36.914838790893562 24.015249252319339 38.113891601562507 65.778503417968764 3.89685228583403e-05 1.0002240538597109 0.99970450997352611 0.47499999403953558 -1.2117109298706052 62.920934677124031 0.00058332068147137772 65.404426574707045 -0.00037463707849383349 21939.500000000004 0.78994292020797741 1.0000000180025095e-35 1027.827575683594 0.81174489855766307
decision_type=2 2 2 2 2 2 2 2 2 2 2 2 2 2 2 2 2 2 2 2 2 2 2 2 2 2 2 2 2 2 2 2 2 2 2 2 2 2 2 2 2 2 2 2 2 2 2 2 2 2 2 2 2 2 2 2 2 2 2 2 2 2
left_child=1 2 3 5 -2 -1 8 -6 -3 52 11 21 -12 36 15 -15 40 18 20 -20 -17 22 23 -8 25 30 43 28 -28 -29 31 32 -11 -31 53 -7 42 39 -39 55 41 -16 49 59 -21 46 -43 -47 -49 50 -13 -48 -9 -22 -40 -38 -46 -58 -45 61 -61 -27
right_child=4 6 -4 -5 7 35 10 9 -10 24 12 13 -14 14 16 17 -18 -19 19 44 34 -23 -24 -25 -26 26 27 29 -30 33 -32 -33 -34 -35 -36 -37 37 38 54 -41 -42 45 -44 58 56 47 51 48 -50 -51 -52 -53 -54 -55 -56 -57 57 -59 -60 60 -62 -63
leaf_value=-0.021438631315546859 -0.016962331367095577 0.0027585354083056427 -0.0087201001818136281 0.017342954992587128 0.0085079855061068899 0.003446395835678824 0.0055294844066209803 -0.0037586003125631424 -0.010529793094995703 0.0044608892851480987 -0.0064193602108150579 0.0016699282923635136 0.0092921881422224125 0.021215514071170286 -0.0022523756974403321 0.017097892815080337 -0.0027937460765640118 0.010299341115088454 0.012988643312898868 0.0023489829435523525 -6.4218442099387454e-05 -0.01108696167656857 0.017140448350507615 -0.01265169012142779 -0.018430522521035005 -0.015891560365665643 -0.017964842632659773 0.028280960434598379 0.0093167928508178198 0.013173357765012458 -0.011990512562044978 -0.0056019928405238641 0.028276456291970443 -0.0074537058502422105 -0.010424031920817445 -0.0035342886720623971 -0.0065622138305559451 0.012057931738598109 -0.01806358966913384 -0.020288870482512534 -0.0016610624458032628 -0.0058534815521064758 0.0087756268550738641 -0.023962129879558959 -0.027059035959881406 0.021080788993080794 0.0070103510906312453 -0.0039025205871546175 0.020040733939259349 0.014280364371761575 -0.01892237388276272 0.026441121130699782 -0.020541671130837918 0.018553045285789917 0.00063450945915965843 0.0077139819330362125 -0.021349303419192955 -0.0027063316406903586 -0.0048424006908683488 -0.0057316299408037633 0.014076905268060489 0.0025668121476925027
leaf_weight=57.763218633830547 155.94404113292694 268.48206501454115 699.96701005846262 87.727044850587845 137.48925177752972 409.07865104079247 146.39453458040953 65.053007178008556 203.7719883620739 88.656566493213177 259.28471064567566 166.59070534259081 81.944644197821617 65.56303521245718 50.38946270942688 122.63849184662104 72.829782754182816 246.13002666831017 45.731633901596069 67.990547120571136 83.993249401450157 111.14875750243664 56.2236058562994 80.910882890224457 57.217688351869583 126.71836443245411 96.676979839801788 45.582104466855526 66.072423674166203 72.473233953118324 57.700641937553883 49.054120138287544 66.279453709721565 69.778319709002972 65.20163257420063 849.65647792816162 169.51929530501366 195.39236346632242 45.595256894826889 57.049463823437691 60.473968684673309 59.346506722271442 533.59430298954248 83.518885634839535 43.992021143436432 317.93769115954638 70.135836996138096 45.116732120513916 45.275958493351936 49.204584807157516 46.233644723892212 53.501549623906612 107.87684142589569 53.998811319470406 107.86433212459087 81.258631236851215 49.144299119710922 97.456290513277054 45.930834554135799 100.67485368996859 46.764301627874374 44.479823231697083
leaf_count=399 845 1185 3480 387 616 1905 695 327 905 421 1145 748 354 299 228 590 313 1115 217 303 388 492 260 358 434 605 468 207 332 327 282 243 306 342 290 4060 780 880 201 262 273 274 2510 492 198 1477 331 206 202 223 204 252 545 250 466 370 214 441 283 471 204 207
internal_value=7.19061e-05 0.00118907 -0.00352334 -0.0009329 -0.00449952 -0.00215074 0.00345434 -0.00313853 -0.00297522 -0.00437933 0.00423189 0.00489047 -0.0026463 0.00565185 0.00766821 0.00487338 0.0110647 0.00365067 0.00105375 -0.0057494 0.00740763 -0.00122322 0.00264356 -0.000942226 -0.00285536 -0.00201491 -0.00430655 0.0017186 -0.00688914 0.00917681 0.00497906 0.00977907 0.0146489 0.00305521 0.00155903 -0.00126562 0.0032682 -6.4276e-05 0.00458892 -0.00533761 0.012502 0.0138368 0.00601871 -0.00902062 -0.00906331 0.0152078 0.00851952 0.018205 0.00809019 0.000404549 -0.00280351 0.0154186 -0.0142282 0.00722106 -0.00492099 -0.00193635 -0.0131344 -0.00895594 -0.0171781 -0.00570654 0.000551181 -0.0110958
internal_weight=8065.45 6481.5 2104.19 1404.23 1583.94 1316.5 4377.31 1428 472.254 1290.51 3905.06 3563.83 341.229 3169.15 1716.85 941.84 775.007 876.277 630.147 304.315 325.832 394.678 283.529 227.305 1117.58 1060.36 798.67 350.583 162.749 187.834 261.691 203.99 154.936 142.252 203.194 1258.74 1452.3 656.679 348.852 307.827 702.178 641.704 795.623 448.087 258.583 591.314 182.984 408.33 90.3927 262.029 212.824 123.637 172.93 137.992 153.46 250.778 190.593 146.601 129.45 318.637 147.439 171.198
internal_count=38087 30130 10231 6751 7957 6364 19899 7112 2090 6496 17809 16310 1499 14505 7861 4305 3556 4006 2891 1373 1518 1805 1313 1053 5624 5190 3938 1676 800 876 1252 970 727 669 928 5965 6644 2959 1547 1412 3243 2970 3685 2262 1156 2742 857 1885 408 1175 952 583 872 638 667 1150 853 655 775 1487 675 812
is_linear=0
shrinkage=0.03


Tree=83
num_leaves=63
num_cat=0
split_feature=83 53 52 52 18 16 26 18 27 16 10 56 3 69 64 59 11 68 90 18 83 40 57 69 63 64 67 13 64 56 69 26 80 63 53 64 51 81 52 57 70 68 82 51 57 60 45 64 78 70 60 66 63 13 64 83 69 90 59 16 64 80
split_gain=54.3056 24.8377 24.0146 27.1894 36.1766 37.6072 28.5865 25.7708 29.8893 24.9707 21.8279 25.4656 21.0589 20.9298 21.3681 20.8468 20.458 20.2528 19.7273 19.4471 22.867 19.0884 18.9583 23.6291 18.7174 17.4981 22.7646 17.1107 22.4999 33.7039 33.1552 19.9497 19.0002 18.5541 18.1924 17.8467 17.8127 27.8821 18.046 22.4909 17.4357 17.0341 18.5423 16.0947 19.0639 15.967 15.919 20.9296 23.3198 15.8138 15.5431 14.2769 15.4103 20.1036 14.9815 14.2065 14.1712 17.5768 16.6678 13.3491 13.2765 13.9121
threshold=0.10351252555847169 0.85988211631774913 -0.42230461537837977 0.15147592872381213 56.292877197265632 51.792581558227546 3.8640325069427495 49.21620178222657 1.3362607955932619 64.231254577636733 0.065134137868881239 8.2150750160217303 -0.00027783600671682501 18258.500000000004 0.10669767111539842 0.1705465763807297 0.50262945890426647 -1.0000000180025095e-35 2.0262104272842412 75.704154968261733 1.0874727964401247 3.8961021900177006 41.064327239990241 6843.5000000000009 -0.79202145338058461 -0.8959035575389861 490.50000000000006 0.020276015624403957 -0.30694064497947687 8.4401888847351092 5579.5000000000009 1.3404333591461184 15.056132793426515 0.054514370858669288 1.3225299715995791 -0.67719548940658558 0.036211216822266586 -0.027036667801439759 -0.093174844980239854 25.249123573303226 8545.5000000000018 0.6078576147556306 78.99094390869142 0.047961495816707618 78.308006286621108 1.9006675481796267 -0.56174489110708226 0.26092512905597692 -0.10081197321414946 7381.5000000000009 6.2205193042755136 -193.49999999999997 0.33586180210113531 0.010587238706648351 -0.12836257368326184 0.51068842411041271 3415.5000000000005 -2.6429187059402461 -0.17755903303623197 76.330677032470717 -0.99560055136680592 13.446605682373049
decision_type=2 2 2 2 2 2 2 2 2 2 2 2 2 2 2 2 2 2 2 2 2 2 2 2 2 2 2 2 2 2 2 2 2 2 2 2 2 2 2 2 2 2 2 2 2 2 2 2 2 2 2 2 2 2 2 2 2 2 2 2 2 2
left_child=1 10 -2 4 6 18 9 -5 12 16 43 50 -9 14 25 -15 17 24 -6 20 51 59 23 -16 55 26 -14 28 29 56 40 -29 -30 -33 36 -32 46 38 39 -38 -31 42 -23 44 -1 -26 -34 -48 -49 -40 -12 -7 -53 -54 -55 -4 -19 -58 -59 -21 -3 -62
right_child=2 60 3 7 5 19 -8 8 -10 -11 11 -13 13 15 22 -17 -18 27 -20 21 -22 41 -24 -25 45 -27 -28 31 32 30 35 33 34 -35 -36 -37 37 -39 49 -41 -42 -43 -44 -45 -46 -47 47 48 -50 -51 -52 52 53 54 -56 -57 57 58 -60 -61 61 -63
leaf_value=0.0038761258963384343 -0.014665870383087172 0.022175186459776029 -0.0076872026402439435 0.010595940545832554 0.023895443173776235 -0.0091579267135172508 0.017566713694918183 -0.019052446438267059 0.0054991106286038241 0.012688123676455563 -0.013917093001450919 0.0091196386361096001 0.018698139302976421 -0.004504361369907073 -0.0006106825302563528 -0.025370154935049894 -0.012778793285723497 0.008166673145967987 0.0045624189416989943 0.022206959184942195 -0.019785975553957079 0.014238349709192976 -0.0097503052275538776 0.018755482133211345 -0.021094623512760889 -0.012464470686349169 -0.0074818516741296335 0.0079299066308863818 0.010051166368177161 -0.01147010690831379 0.01430796482769906 -0.0069752320288360052 -0.013067007711304575 -0.026741495561457083 0.0042477927757420212 0.035804724958269918 -0.0039423776700009848 0.0077277291835300506 -0.012757504408427442 -0.022921150552678838 0.0098344357554662042 -0.010318633019919574 -0.0081504771481741983 0.02231142034724172 -0.017499991248616821 -0.0024502737149941132 0.018395612671118229 -0.019306422344543873 0.0054838337738403282 0.0058462989165054598 -0.0013369429761529669 0.013109845405131807 0.013998591544785074 -0.019661718065495746 0.0010034689679887087 -0.030125079256811224 0.0070270578860803165 0.0081129735641795736 -0.012326221350830533 0.0069655570586969204 0.01200883205567559 0.0041466146192277245
leaf_weight=567.40394233167171 128.79366838186979 45.168382979929447 48.908691301941872 88.436350084841251 118.76437665522099 110.44060787558556 65.404424421489239 133.4134735763073 173.76722665131092 94.33777579665184 206.12623992562294 92.514372512698174 41.677766442298889 78.873170420527458 198.81628338247538 94.99605018645525 180.28521884977818 105.95281610637903 79.165721103549004 78.899992994964123 60.932478368282318 94.461415000259876 111.04413149505854 79.326425321400166 47.358724325895309 338.27676057070494 105.71367161720991 58.08021542429924 95.070055246353149 59.878213815391064 120.85434234887362 178.51443286985159 65.756902433931828 56.193836323916912 194.05031156539917 48.790182180702686 80.735052786767483 73.174932926893234 93.370836220681667 184.89963590353727 81.808037146925926 88.787815846502781 51.412221178412437 39.130492605268955 40.209749072790146 325.29967401176691 62.938109941780567 48.879528112709522 113.33873239159584 73.487433329224586 154.75135782361031 98.797966659069061 52.59567254781723 56.063603788614273 72.278098568320274 52.826398625969887 88.131192371249199 43.857844956219196 198.10130766034126 150.12370453029871 249.83954899013042 1070.2840292677283
leaf_count=2889 856 240 211 382 510 468 299 733 863 401 891 413 201 387 934 476 784 469 337 342 320 419 597 376 208 1817 524 284 406 272 526 863 298 277 907 231 395 317 407 945 371 387 223 203 186 1489 285 239 492 317 676 413 222 235 307 266 409 196 889 645 1275 5036
internal_value=-0.000233845 0.00347883 -0.00186077 -0.00156077 -0.000301292 0.00430602 -0.00204489 -0.00509503 -0.00611844 -0.00249106 0.000124386 -0.00492262 -0.00782615 -0.006398 -0.00450863 -0.0159047 -0.00300605 -0.00232847 0.0161629 0.0017406 -0.00269404 0.00605496 0.000728898 0.00491256 -0.0079332 -0.00870569 -7.89553e-05 -0.00107776 -2.10309e-06 0.00400387 0.0115434 -0.00781218 -0.00275973 -0.0117077 -0.00398918 0.0204905 -0.00599574 -0.00939841 -0.012296 -0.0171529 0.000830895 4.16414e-05 0.00634755 0.00366252 0.00246153 -0.00481966 -8.11888e-05 0.00371132 -0.00198595 -0.00456405 -0.00852248 -2.4844e-05 0.00358093 -0.00162218 -0.00802372 -0.0193382 -0.00137931 -0.00444339 -0.00862139 0.0122163 0.00618179 0.00563458
internal_weight=8091.57 2465.43 5626.14 5497.35 4053.01 1112.72 2940.28 1444.34 1355.9 2874.88 1100.14 453.392 1182.14 1048.72 874.855 173.869 2780.54 2600.26 197.93 914.794 451.108 463.685 389.187 278.143 474.393 485.668 147.391 2125.86 1833.08 747.374 311.331 292.788 1085.7 234.708 990.631 169.645 796.581 505.668 432.493 265.635 141.686 234.661 145.874 646.744 607.614 372.658 290.913 225.156 162.218 166.858 360.878 390.176 279.735 180.937 128.342 101.735 436.043 330.09 241.959 229.024 1365.29 1320.12
internal_count=38236 11809 26427 25571 18281 4828 13453 7290 6908 13154 5258 1980 6045 5312 4449 863 12753 11969 847 3981 1965 2016 1907 1310 2174 2542 725 9795 8371 3363 1400 1424 5008 1140 4602 757 3695 2381 2064 1340 643 1029 642 3278 3075 1697 1314 1016 731 724 1567 1645 1177 764 542 477 1963 1494 1085 987 6551 6311
is_linear=0
shrinkage=0.03


Tree=84
num_leaves=63
num_cat=0
split_feature=83 41 53 5 52 63 31 70 18 54 61 42 44 41 3 78 40 83 64 80 64 81 81 42 31 6 12 51 12 30 5 68 56 54 69 44 31 80 25 25 64 69 5 32 13 78 63 56 80 40 28 83 8 78 51 51 81 69 60 13 67 70
split_gain=50.1356 24.8266 25.1204 24.0738 35.0558 24.7343 23.6222 20.4705 25.3254 19.9663 23.1035 27.8126 22.1078 19.907 20.5407 19.204 24.2354 18.5381 17.625 18.8734 17.2735 21.8893 19.6506 17.0844 19.8047 17.0369 18.383 25.2135 19.9183 19.2952 19.2402 17.9437 26.7774 21.2919 15.8425 15.7861 20.4407 15.9908 17.1966 15.351 19.6704 18.798 14.5199 14.4695 14.4604 14.2385 14.1556 16.8047 18.6519 16.4537 20.2681 18.8436 17.5057 16.086 14.1483 19.7519 17.4123 14.1413 14.0656 16.7666 13.6897 20.955
threshold=0.865643471479416 -109.37187576293944 1.222432613372803 -0.00074865622445940961 0.17544251680374148 0.9556623399257661 0.2424999997019768 30904.500000000004 54.464847564697273 -0.22005594521760938 -4.8377192020416251 7.6042551994323739 4.8585045337677011 -81.305053710937486 -0.00095118908211588849 0.029840727336704734 -1.7522029280662534 2.0336730480194096 0.093673683702945723 28.491078376770023 -0.35632950067520136 -0.061664326116442673 -0.2694751620292663 40.870212554931648 0.82249999046325695 -0.0011243179906159637 0.0051782112568616876 0.02840026002377272 0.0066738296300172814 0.12500000372529033 -9.4623897894052775e-05 1.0000000180025095e-35 9.7214808464050311 0.92518675327301036 3491.5000000000005 11.607769489288332 0.15250000357627871 20.661623001098636 65.618251800537124 10.476293087005617 0.43247817456722265 5532.5000000000009 0.00081548857269808661 0.34749999642372137 0.011985960416495802 -0.050206238403916352 0.90352019667625438 4.3827815055847177 24.077158927917484 27.147698402404789 -0.24419768154621121 0.022243262268602852 -0.0014219340519048271 -0.076087165623903261 0.027863615192472938 0.033994326367974288 0.15288811922073367 19441.500000000004 6.9684529304504403 0.018688905052840713 307.50000000000006 9992.5000000000018
decision_type=2 2 2 2 2 2 2 2 2 2 2 2 2 2 2 2 2 2 2 2 2 2 2 2 2 2 2 2 2 2 2 2 2 2 2 2 2 2 2 2 2 2 2 2 2 2 2 2 2 2 2 2 2 2 2 2 2 2 2 2 2 2
left_child=1 -1 3 20 5 7 -7 13 -9 10 -2 17 15 -5 -15 16 -13 39 -6 54 22 57 -3 -11 -25 -16 -27 29 -29 -28 -31 33 46 35 -17 36 37 38 -30 -12 41 -41 45 -34 -24 -14 47 48 -33 50 51 -49 -53 -52 -20 -56 -57 -22 59 60 -38 -62
right_child=9 2 -4 4 18 6 -8 8 -10 23 11 12 42 14 25 34 -18 -19 19 -21 21 -23 44 24 -26 26 27 28 31 30 -32 32 43 -35 -36 -37 58 -39 -40 40 -42 -43 -44 -45 -46 -47 -48 49 -50 -51 53 52 -54 -55 55 56 -58 -59 -60 -61 61 -63
leaf_value=0.019567765051864163 0.016592403428139352 0.0074957635477296575 0.0050044858430353979 -0.010762851062987053 -0.0081149274645140445 0.023046320260299971 0.005168588136391962 -0.014632109076369278 0.0056340150213549959 -0.01221421327723236 0.0039824682140308341 0.032183309081160488 -0.013120971569701698 -0.013471268929923197 0.012805393073251152 0.015383592456844354 0.0062868355284190196 -0.023685763553307242 -0.016128452428413556 0.013826846981833948 -0.013834607737122161 0.0055291133025351805 -0.020960099286983495 -0.0084809741060996053 0.0095107083485870547 0.012725349874475479 0.0087065808790359328 0.01462434988396299 0.0095752238530538158 -0.023296593498456756 -0.0034170954407937867 0.02319772698756108 0.028743074076558656 0.0099044822516854789 -0.0075940169755070079 -0.017014454095952713 -0.012164399219103183 0.018894090333152636 -0.011601677884131901 0.010458489003711753 -0.019707414067789641 -0.0097743063566268999 -0.023259872438201171 0.0096414379360990135 -0.0021775245147754516 0.010957446472118701 -0.0090613927834505437 0.021441789558485025 -0.00017000538091565414 -0.012423848170083187 0.014768348356774218 -0.0055300527833380088 0.015617418177016555 -0.0016635768565346973 0.017919896557472708 0.0053443016275464324 -0.013131797533485593 0.0027645242392131675 -0.015737455954651175 -0.018080306013795289 -0.0031948901348603262 0.014170625889566036
leaf_weight=64.952438808977604 56.867837771773338 179.2247242256999 1120.1441592946649 103.10995475947857 496.98047076165676 91.759242564439774 241.80827169120312 147.28175784647465 89.048883512616158 440.39954958856106 106.02254625409842 48.187025956809521 44.389459498226643 69.309755891561508 152.6388945877552 37.825888484716415 100.06497807055712 60.091962225735188 58.41170696914196 76.394888140261173 326.73586677014828 82.840851634740829 44.692354947328568 160.98510848730803 83.68933293223381 148.91463904827833 50.596592888236046 122.09066585451365 82.407214865088463 79.194214977324009 98.086773946881294 77.415940314531326 53.08123217523098 135.36184006929398 94.408976450562477 66.138609230518341 68.410267636179924 62.768590047955513 59.378208503127098 59.234099589288235 105.85895568877459 136.71373478323221 38.226136587560177 108.93793199956417 211.3199950158596 44.023700416088104 83.467852607369423 91.578388914465904 50.990379646420479 63.468180939555168 60.558788150548935 78.208086878061295 64.107016384601593 467.85436041653156 46.285990029573441 90.68703792989254 92.969217754900455 53.796774983406067 89.759983360767365 54.342268079519272 180.36303788423538 95.734633356332779
leaf_count=337 309 810 5019 474 2314 515 1031 660 413 2602 552 234 250 301 644 227 512 435 250 354 1510 357 200 813 461 746 247 590 419 359 460 354 244 605 526 290 289 299 277 315 552 736 230 486 943 199 371 470 221 276 263 327 268 2062 203 407 449 244 376 234 772 409
internal_value=-7.26095e-05 0.00111427 0.000926066 5.5645e-05 0.000979112 0.0023177 0.0100865 0.00149623 -0.00699588 -0.00479491 -0.00193668 -0.00314086 0.00259301 0.00218395 0.00265815 0.00729041 0.0147041 -0.00812975 -0.00443933 0.000568764 -0.00441458 -0.00844568 -0.000122886 -0.008683 -0.00232703 0.00306528 0.00249197 0.00186852 0.0028455 -0.00763394 -0.0122976 0.00215884 0.00455686 -0.0010567 -0.00102125 -0.00301077 -0.0016746 0.00628751 0.000706565 -0.00583763 -0.00928736 -0.00365803 -0.00781101 0.0158996 -0.00545642 -0.00113157 0.00278581 0.00382215 0.0139184 0.00225221 0.00347411 0.0108267 0.003996 0.000219604 -0.00294376 0.00040552 -0.00400854 -0.011488 -0.0050079 -0.00259324 -0.000150331 0.00282646
internal_weight=8050.6 6433.61 6368.66 5248.51 4349.9 3488.17 333.568 3154.6 236.331 1616.99 931.915 875.047 407.126 2918.27 2815.16 280.487 148.252 467.921 861.729 364.749 898.611 463.373 435.237 685.074 244.674 2745.85 2593.22 2444.3 2216.42 227.878 177.281 2094.33 1199.67 894.665 132.235 759.303 693.164 204.554 141.785 407.829 301.807 195.948 126.639 162.019 256.012 88.4132 1037.65 954.181 128.406 825.775 762.307 233.893 142.315 528.413 288.354 229.942 183.656 380.533 488.61 398.85 344.508 276.098
internal_count=38102 29149 28812 23793 19729 15752 1546 14206 1073 8953 5077 4768 2178 13133 12659 1499 746 2590 3977 1663 4064 2111 1953 3876 1274 12358 11714 10968 9902 1066 819 9312 5342 3970 753 3365 3075 995 696 2155 1603 1051 679 730 1143 449 4612 4241 575 3666 3390 1065 595 2325 1309 1059 856 1754 2080 1704 1470 1181
is_linear=0
shrinkage=0.03


Tree=85
num_leaves=63
num_cat=0
split_feature=52 77 12 28 63 51 65 63 70 40 51 29 12 63 63 74 42 5 56 29 26 41 40 7 42 42 12 63 38 69 77 61 51 7 36 69 65 63 14 12 61 81 33 54 40 41 51 8 33 25 52 7 31 63 65 52 40 41 65 69 69 61
split_gain=44.16 48.5837 34.6956 24.6316 25.8789 26.9607 22.7856 32.3313 24.9437 19.9914 19.9289 21.6386 23.0214 19.4472 22.4132 18.7969 18.7204 18.2816 18.079 19.7471 29.4844 20.163 18.9519 19.5856 23.5739 19.3369 23.115 22.1733 18.6574 18.4198 17.641 17.4582 17.6699 20.051 16.2069 15.511 18.2827 32.2772 24.0115 25.9804 18.6336 21.8266 17.2539 18.6063 18.4993 17.0977 16.8881 15.6652 20.8589 15.3847 20.2696 16.6818 16.9703 16.6832 14.9667 15.2801 14.5684 14.7943 14.5601 14.4747 17.7703 17.93
threshold=0.32483632862567907 -0.1884173974394798 0.0087396050803363341 -0.88754114508628834 -0.18008953332900998 0.024287825450301174 -907.49999999999989 -0.75039777159690846 10260.500000000002 -52.973041534423821 0.084206305444240584 -0.77029019594192494 0.02140450477600098 -0.99851059913635243 -0.94190874695777882 -0.55044633150100697 13.351277351379396 0.0023732976987957959 7.8810682296752939 0.47448588907718664 0.80256545543670665 -1.0000000180025095e-35 -2.4772779941558833 -0.0023708193330094214 -24.452319145202633 20.849733352661136 0.010842571500688793 0.891992747783661 -0.55998709797859181 1660.5000000000002 0.13061463087797168 9.705203056335451 0.051325123757123954 -0.00057211326202377666 0.65333473682403576 376.50000000000006 84.500000000000014 0.98120620846748363 0.013826736249029638 0.014778701122850181 7.1712641716003427 0.32140354812145239 535.62191772460949 -0.51593476533889759 -3.623740434646606 -45.360542297363274 0.060697056353092201 0.00029127455491106963 1191.2420654296877 83.857028961181655 -0.21393965929746625 -0.0013892262941226361 0.54625001549720775 -0.55011510848999012 -821.49999999999989 -0.065043851733207689 -14.795787334442137 -34.656648635864251 -821.49999999999989 17510.500000000004 4249.5000000000009 3.7900328636169438
decision_type=2 2 2 2 2 2 2 2 2 2 2 2 2 2 2 2 2 2 2 2 2 2 2 2 2 2 2 2 2 2 2 2 2 2 2 2 2 2 2 2 2 2 2 2 2 2 2 2 2 2 2 2 2 2 2 2 2 2 2 2 2 2
left_child=1 15 3 54 6 -6 8 13 -5 -4 11 34 18 -8 -15 -1 -7 49 19 22 -21 -22 23 -13 -25 27 -27 28 -24 -28 -23 32 -31 -34 -11 -20 38 47 40 46 41 42 56 45 -45 -44 -40 -38 -49 50 -12 52 -52 -54 -3 -56 -37 -58 -2 60 -41 -62
right_child=58 2 9 4 5 16 7 -9 -10 10 17 12 -14 14 -16 -17 -18 -19 35 20 21 30 25 24 -26 26 29 -29 -30 31 -32 -33 33 -35 -36 36 37 -39 39 59 -42 -43 43 44 -46 -47 -48 48 -50 -51 51 -53 53 -55 55 -57 57 -59 -60 -61 61 -63
leaf_value=-0.00059807745543777758 0.0069578472888407713 0.028543799926996381 0.018488788397105278 -0.019593650533165679 0.029736293773255443 0.014891852008173468 -0.018428295277027947 0.025829982321346256 0.0055404561068891217 -0.013780558249990292 -0.01305548328588591 0.020453737892988315 -0.0099222056184871173 0.0099862232281026208 -0.0041638102000528367 -0.0089812464128891482 0.0028413065482163161 -0.01253358000794862 0.01873473841880615 0.013925128336434604 -0.014338314683567365 0.01531249915775201 -0.019944377822478772 -0.018908693610136858 0.0033503795276138512 0.0078023861991320239 -0.018636534033774972 -0.026803964183934121 -0.00087420327663997074 -0.012571505595083483 -0.011515588635564242 0.014138880130244478 -0.010079280000066006 0.014621811046381846 0.0015097258011566054 0.0062543910953500592 0.010871348752814572 0.029953704310453324 0.0081428038124147523 0.009022640968820602 -0.016348578578478126 0.016929656334625915 0.0006787133581205966 -0.020242342180451667 0.00071769573566778436 0.021172354596678482 0.02906007659704745 -0.0062228865951035198 0.017406521010562257 0.018317602143635692 0.02573628043269223 0.00079839632411109933 -0.0078903060849504318 0.0144277272072014 -0.0035589006299434362 0.013749352783031805 -0.024613864908755723 -0.0072396007311505764 -0.01140631858193015 0.015882394960344628 0.0012212170751979999 -0.018094950893490246
leaf_weight=392.2641201838851 43.232455678284168 45.574597224593163 52.372135110199451 102.52010959386826 45.624774560332298 154.4925277531147 47.391579195857048 47.258315980434418 54.389955624938011 193.1366815790534 52.917972542345524 55.368032857775688 211.55434368550777 175.52592491358519 236.47898417711258 623.09026550501585 465.94507250189781 49.12590628862381 51.545425131917 51.037488579750061 280.51805935800076 44.79979120194912 61.149123668670654 45.721457287669182 675.07864099740982 216.71708561480045 68.077097237110138 53.641888231039047 188.52294860780239 126.09082980453968 43.456591531634331 53.74865411221981 53.694471672177315 65.846707820892334 92.160075888037682 49.699203439056873 177.82677790522575 50.182782597839832 93.519867472350597 85.986995622515678 84.519280441105366 53.767342686653137 85.274423450231552 50.285288110375404 153.83984240144491 64.240287326276302 55.268788360059261 161.66944514960051 42.450796619057655 84.796185798943043 63.313010200858116 210.68054741621017 45.454863928258419 89.497205384075642 58.832214087247849 208.91876906901598 59.040641061961651 174.40538458526134 383.90361977368593 47.441677242517471 94.220439687371254 79.947200663387775
leaf_count=1960 224 221 241 464 235 753 212 228 243 965 275 245 984 825 1088 3321 2202 290 230 232 1306 201 272 206 3016 982 294 239 842 555 207 234 234 292 454 221 797 228 422 384 390 239 385 223 700 282 252 753 200 374 276 946 209 396 262 1003 264 772 2305 211 420 375
internal_value=-0.000161565 0.000365817 0.00130746 0.00508438 0.00330123 0.00747871 -0.000891963 0.00220174 -0.0108814 5.22375e-05 -0.000145169 -0.000858341 -0.000290404 -0.000228906 0.00186451 -0.00574256 0.00584196 0.00499661 0.000246017 -0.00163179 -0.00744592 -0.0104036 -0.00016464 0.00325924 0.00193845 -0.00315905 3.18055e-05 -0.00930456 -0.00554483 -0.00455108 0.00210261 -0.00134815 -0.00473698 0.00352679 -0.0088413 0.0025271 0.00202491 0.00733402 0.000161897 0.00562106 -0.00305262 -0.00142528 -0.00297509 0.0014436 -0.00444571 0.00948398 0.0159127 0.00436209 -0.00130869 0.00657197 0.00441552 0.00667628 0.0129222 0.00691052 0.0126514 0.00994626 -0.00849389 -0.0116337 -0.00954759 0.000642856 -0.00213622 -0.00764538
internal_weight=8029.05 7601.92 6586.56 1642.95 1329.63 666.062 663.565 506.655 156.91 4943.61 4891.24 4295.45 4010.16 459.396 412.005 1015.35 620.438 595.786 3798.6 2083.47 419.812 368.774 1663.66 776.168 720.8 887.489 584.175 303.314 249.672 367.458 88.2564 299.381 245.632 119.541 285.297 1715.13 1663.59 432.13 1231.46 456.385 775.072 690.552 636.785 353.64 204.125 149.515 148.789 381.947 204.12 546.66 461.864 408.946 198.265 134.952 313.326 267.751 283.145 233.446 427.136 307.596 260.155 174.168
internal_count=38061 35532 30251 7736 6250 3190 3060 2353 707 22515 22274 19508 18089 2125 1913 5281 2955 2766 17105 9357 1946 1714 7411 3467 3222 3944 2591 1353 1114 1609 408 1315 1081 526 1419 7748 7518 1978 5540 2064 3476 3086 2847 1590 923 667 674 1750 953 2476 2102 1827 881 605 1486 1265 1257 1036 2529 1390 1179 795
is_linear=0
shrinkage=0.03


Tree=86
num_leaves=63
num_cat=0
split_feature=83 60 29 5 90 29 7 18 16 10 47 59 60 29 54 14 25 43 69 38 90 0 46 65 4 29 50 6 25 77 74 5 69 82 25 63 44 44 90 69 69 47 46 40 12 65 68 81 43 66 29 65 54 28 77 14 34 81 7 59 44 57
split_gain=61.7526 25.6057 25.9838 21.6746 19.4401 29.4541 24.5313 22.9872 19.034 17.9369 21.4755 17.6598 17.5025 15.9129 15.8891 17.7389 23.1936 21.7799 22.8612 20.307 16.3642 16.1366 17.5078 15.8189 17.0226 21.2859 19.1129 20.0326 17.8179 17.6048 18.4432 15.0672 14.926 14.4238 14.1119 13.633 13.7105 20.2741 19.4111 17.7278 16.3729 15.737 16.5991 15.652 14.1202 20.5325 15.6863 14.4806 15.4325 13.4574 13.2317 12.8945 13.9999 15.8872 12.8347 12.5983 12.284 12.3671 13.056 12.2751 15.2103 22.0474
threshold=0.15037757903337481 13.930284023284914 -1.1352217197418211 0.0031068685930222277 2.7292002439498906 0.64619597792625438 0.0013231473276391628 61.516242980957038 63.788478851318366 0.23956237733364108 0.99820607900619518 1.1986319422721865 -5.0989704132080069 0.79479312896728527 -2.8428424596786495 0.017612531781196598 26.509885787963871 -12.351077079772947 4249.5000000000009 0.67345678806304943 -1.1097049713134763 23.500000000000004 0.99837002158164989 348.50000000000006 -0.00068726073368452479 0.22869636118412021 1.0022828578948977 -0.0011033876216970382 18.929729461669925 -0.018070150166749951 0.73085546493530285 -0.00023596684332005677 2643.5000000000005 -64.232002258300767 84.833190917968764 -0.99115538597106922 -0.47113864123821253 2.8236104249954228 -0.95699849724769581 17697.500000000004 13142.500000000002 1.0008413195610049 1.0002883076667788 -17.905828475952145 0.016171379014849666 221.50000000000003 -1.0000000180025095e-35 0.062103671953082092 8.2535390853881854 200.50000000000003 -0.50456637144088734 30.500000000000004 -0.51593476533889759 -0.78105434775352467 -0.04691029526293277 0.021125685423612598 0.61597558856010448 0.041145473718643195 -0.00092825412866659452 0.15671269595623019 -4.3122997283935538 62.191825866699226
decision_type=2 2 2 2 2 2 2 2 2 2 2 2 2 2 2 2 2 2 2 2 2 2 2 2 2 2 2 2 2 2 2 2 2 2 2 2 2 2 2 2 2 2 2 2 2 2 2 2 2 2 2 2 2 2 2 2 2 2 2 2 2 2
left_child=23 2 -2 4 5 6 14 31 -9 10 -6 12 -7 -12 -4 19 17 33 -19 21 -21 35 -23 24 -1 26 27 -26 -27 30 -29 49 54 -17 55 -16 39 38 -38 40 43 42 44 -37 45 46 -39 48 51 -8 -50 52 53 -48 -24 -18 57 58 -45 -30 -61 -62
right_child=1 -3 3 -5 9 11 7 8 -10 -11 13 -13 -14 -15 15 16 34 18 -20 20 -22 22 32 -25 25 28 -28 29 59 -31 -32 -33 -34 -35 -36 36 37 41 -40 -41 -42 -43 -44 56 -46 -47 47 -49 50 -51 -52 -53 -54 -55 -56 -57 -58 -59 -60 60 61 -63
leaf_value=-0.0032875093048989911 -0.01323130704142852 0.010989836688259227 0.012913438312207714 -0.01775252352543355 -0.015559694112352463 0.0088310119737349396 -0.0043031603466236624 0.02686926421845176 0.0066909588781863955 0.021669645287900566 0.0080262086413960109 0.0055866329456697832 -0.011455010309063594 -0.0036781414071909656 -0.012389627975848949 -0.018781591070653011 -0.022137043968174005 -0.0074586394314100166 0.018304550610318066 -0.00070764109581485601 -0.012229870733962731 -0.0091832504848955079 -0.0097804423361456654 0.016549579623193724 0.024196406757293711 -0.016388704405948636 -0.0097152107668610176 0.0040613086203088976 0.0091708421756937532 0.0089834953688547291 -0.012569563882567927 -0.014263655304885749 0.017579338261431796 -0.0011063401284921181 0.0029270003381576086 0.010020906754955155 0.021299417553558648 -0.011492772496122081 0.00085810890327925121 -0.012221887122428247 0.012364787902505154 -0.0081358590563687314 0.015746427947018669 -0.0036826214199437565 -0.014563234930751833 0.021005903129722829 0.023955463968093289 -0.012252665655345956 0.0048518944388400761 0.016684751556215391 0.024597777643937169 -0.012821334105546063 -0.0066056358459408542 -0.001040843223411363 0.01253846468761771 -0.0089654760006529863 0.0013963021897097168 0.0012887425884282881 -0.017444774500258647 -0.007433411558024035 0.0080631295252928063 -0.01263696335497475
leaf_weight=319.9466774314642 186.85434288531542 134.93176989257336 62.669152364134789 75.818257212638855 55.755906194448471 41.265887528657913 64.954686746001244 62.876178070902824 127.16239376366138 45.545211747288704 314.0988886654377 74.05499093234539 528.63855221867561 156.69817750155926 90.608925893902779 68.208256006240845 128.39924541115761 50.988388568162918 79.06895749270916 200.49011145532131 248.34716955572367 49.488055154681206 45.576905369758606 82.455068305134773 55.443473950028419 57.992427878081799 68.393201977014542 735.43613678216934 130.34794989973307 806.59161116927862 65.345760315656662 57.770163275301456 120.63713761419058 106.32380414009094 44.021353736519814 76.104690171778202 86.88664598017931 86.492375783622265 80.58816909044981 160.60538130253553 72.15515960007906 169.36245913058519 71.735843807458878 110.64510887861252 51.407456301152706 46.206714250147343 47.005173414945602 50.88417150080204 71.689985312521458 47.67842061817646 53.21324348449707 53.182953737676144 62.778503142297268 44.595344409346581 47.207662031054497 133.10523475706577 201.43124302476645 95.296087697148323 141.23365193605423 202.66979143768549 208.23989532887936 59.550826594233513
leaf_count=1376 1351 646 272 583 255 197 299 270 550 248 1361 375 2808 816 406 322 638 238 367 888 1085 226 204 434 245 256 295 3587 596 4028 306 249 526 471 199 333 389 395 366 716 322 749 311 511 233 208 206 223 328 214 224 235 278 205 201 659 888 412 637 917 945 262
internal_value=-3.51283e-06 -0.00191088 -0.00224902 -0.00183537 -0.00158834 -0.00227759 -0.00123897 0.0061931 0.0133672 0.00360789 0.00204561 -0.00819527 -0.00998613 0.00413058 -0.00204862 -0.00233749 -0.00694714 -0.00108892 0.00820421 -0.00127051 -0.00708303 -7.76146e-05 0.00689365 0.00360488 0.00321101 0.00408096 0.00582746 0.00646674 -0.000508537 0.00585519 0.00270419 -0.0018076 0.0106216 -0.00801394 -0.0127874 -0.00103017 -0.000468799 0.00196277 0.0114631 -0.00323657 -0.00116573 -5.03298e-06 0.00214934 -0.00272853 0.000430441 0.00192407 4.74659e-05 0.00265121 0.00493226 0.00458118 0.0132643 -8.16834e-05 0.00430708 0.0117861 0.00157515 -0.0154327 -0.00449718 -0.00791659 -0.0113993 0.00102428 -0.00123284 0.00345988
internal_weight=8075.16 5282.74 5147.81 4960.96 4885.14 4313.04 3669.08 360.442 190.039 572.098 526.553 643.959 569.904 470.797 3308.64 3245.97 610.115 304.589 130.057 2635.86 448.837 2187.02 262.91 2792.41 2709.96 2390.01 1731.21 1662.82 658.801 1607.37 800.782 170.403 213.422 174.532 305.526 1924.11 1833.5 976.029 167.475 857.471 696.866 808.554 639.192 624.711 567.456 516.048 469.842 383.349 332.465 112.633 124.903 207.562 154.379 91.6005 92.7846 261.504 548.606 347.175 251.879 600.808 470.461 267.791
internal_count=38340 25093 24447 23096 22513 19833 16453 1582 820 2680 2432 3380 3005 2177 14871 14599 2894 1398 605 11705 1973 9732 1157 13247 12813 11437 8461 8166 2976 7921 3893 762 931 793 1496 8575 8169 4350 755 3819 3103 3595 2846 2781 2535 2302 2094 1699 1476 513 552 924 689 411 405 1297 2448 1560 1148 2720 2124 1207
is_linear=0
shrinkage=0.03


Tree=87
num_leaves=63
num_cat=0
split_feature=31 63 52 64 64 64 70 5 70 54 67 22 57 52 51 70 30 56 67 51 56 56 14 38 69 7 68 57 33 54 69 32 70 22 70 25 32 52 38 25 70 38 14 31 30 32 8 51 56 64 69 56 30 56 31 54 25 4 15 16 67 54
split_gain=34.1352 31.1574 31.1043 25.1452 28.8162 32.339 32.1542 24.9176 24.7794 24.6066 24.5989 23.8647 22.0141 22.3754 21.9086 21.7308 20.6622 19.6206 18.3737 17.0635 18.3368 26.1566 21.8439 21.2705 27.509 17.4182 21.9668 17.5273 18.8192 16.8522 26.145 16.848 22.2118 25.2645 19.1476 18.4078 15.8282 15.7957 22.9578 16.7544 28.9687 16.6332 15.4356 15.4045 17.7983 15.7846 15.6178 15.2929 27.1101 15.0598 19.8986 14.5838 15.9089 14.5748 14.1158 14.0137 14.5835 17.5632 15.6223 18.738 13.7792 21.0318
threshold=0.25749999284744268 0.95819556713104259 -0.43887495994567866 -0.87142586708068837 0.91442844271659862 0.87985393404960643 7457.5000000000009 0.0018160269828513267 7852.5000000000009 -0.92133778333663929 610.50000000000011 2.5000000000000004 17.223442077636722 -0.10471083968877791 0.069775514304637923 8230.5000000000018 0.27500000596046453 6.5108158588409433 -123.49999999999999 0.037067282944917686 7.6236054897308358 9.7653999328613299 0.025813775137066845 -0.13482312113046643 6143.5000000000009 0.0007518290076404811 0.87837970256805431 18.999937057495121 938.96566772460949 0.017536609433591369 3757.5000000000005 0.61750000715255748 5951.5000000000009 13.500000000000002 3869.5000000000005 24.151009559631351 0.027499999850988392 0.14318465441465381 -0.089705239981412874 47.743316650390632 4198.5000000000009 0.10113712400197984 0.017145828343927864 0.7124999761581422 0.52500000596046459 0.50749999284744274 -0.0020323852077126499 0.057955596596002586 8.5384731292724627 0.26092512905597692 2318.5000000000005 12.953024387359621 0.12500000372529033 4.4203510284423837 0.47249999642372137 -1.8274565935134885 29.827463150024418 -0.00068726073368452479 53.951738357543952 52.588129043579109 157.50000000000003 0.25726324319839483
decision_type=2 2 2 2 2 2 2 2 2 2 2 2 2 2 2 2 2 2 2 2 2 2 2 2 2 2 2 2 2 2 2 2 2 2 2 2 2 2 2 2 2 2 2 2 2 2 2 2 2 2 2 2 2 2 2 2 2 2 2 2 2 2
left_child=1 11 -2 10 5 7 51 19 -8 -7 -4 -1 13 36 37 -16 -11 -10 -19 25 22 31 42 -23 -25 26 49 -27 -29 -15 -31 -22 34 35 -33 -34 -13 39 -39 55 -41 -40 -21 44 46 -46 -44 -20 -49 60 -51 52 -6 -42 -28 -14 57 -57 59 -59 -5 -62
right_child=2 -3 3 4 6 9 8 -9 17 16 -12 12 14 29 15 -17 -18 18 47 20 21 23 -24 24 -26 27 54 28 -30 30 -32 32 33 -35 -36 -37 -38 38 41 40 53 -43 43 -45 45 -47 -48 48 -50 50 -52 -53 -54 -55 -56 56 -58 58 -60 -61 61 -63
leaf_value=0.01547046216568901 -0.017401753801515981 0.016841158176485901 0.0046975143218216239 0.016135397307916747 0.004302423528573465 -0.00097223282683260462 0.029358281947724506 -0.013789245814901017 0.02056449399031984 -0.0099657866143807311 -0.0080262510579515011 0.0080186988475253341 0.015683364692670346 0.019184004104150054 0.0005630680587707295 0.024036418361241884 -0.036813697127195226 -0.0091864570912665762 0.013865319311386737 -0.004764637662315138 0.0080771946629597507 -0.00012528021068488598 0.0066383946792071694 -0.020706853095291279 -0.00021399060545046307 0.026630330196213067 0.0013008701452524528 0.017228592852170075 -0.0082855489303398991 0.018268796570712165 -0.0082718769057876507 0.0013705631909661903 -0.017982558074381084 0.024705173061839329 -0.024779040722800544 0.0060627030088503302 -0.013761254996469295 0.0010849290423340405 -0.028429557881303094 -0.019436755646223363 0.011202360952044242 -0.0075159479247308009 -0.010973079255043157 -0.025460838540802472 -0.0068922551523039818 -0.031529771371309162 0.0082013474857902165 0.014519262401551915 -0.013120357546835753 -0.026643684941734719 -0.0041390703142742099 0.010354625900780541 -0.01199865963562546 -0.0024446098857943848 0.025002481811371529 -0.020273874769019758 0.007527997544709732 -0.00048634538035280611 -0.014509576068605859 0.021282072377416871 -0.0092168313280626118 0.011636173147239651
leaf_weight=113.91871870309114 106.52321394532919 136.57388511300087 983.21546499431133 51.537989534437656 76.433084018528461 60.729790717363358 44.897062800824642 169.62705727666616 68.708718150854111 46.139558210968971 158.84257697314024 58.535108894109726 78.736360065639019 150.1929557621479 78.557761996984482 64.752190411090851 58.520035713911057 84.161666959524155 137.20472726225853 904.5870396271348 355.09917330741882 325.47641925513744 120.35048276931047 137.03003083914518 103.46846237033606 45.92269192636013 44.949908375740051 51.667372010648251 52.411864459514618 64.592204287648201 69.183866441249847 46.046758197247982 42.751014038920403 42.849220089614391 55.669663950800896 86.896468915045261 61.667611062526703 140.29176352918148 57.738800764083862 83.903180137276649 81.124826543033123 84.048001863062382 90.93539971858263 65.181580185890198 45.957183256745338 47.689358085393906 65.963877633213997 58.661361865699291 70.108985602855682 43.41774769872427 190.552240870893 51.046769939363003 182.63339228183031 534.39369682967663 45.512682847678661 42.008652374148369 249.17828653007746 165.47280352562666 49.650143772363663 45.339982569217682 116.08265580236912 69.645006336271763
leaf_count=570 731 753 4510 241 339 273 211 1149 317 220 722 286 388 764 355 292 277 388 637 4204 1668 1558 554 666 484 197 196 247 238 321 337 212 208 207 259 401 283 638 250 389 379 374 411 344 211 202 299 278 349 200 863 246 837 2490 206 181 1181 805 233 237 525 323
internal_value=-6.18055e-05 0.00292404 -0.00134554 -0.00103449 -0.0020732 -0.00320716 0.0031766 -0.00258012 0.00817731 -0.0161631 0.00292784 0.00208793 0.00138193 0.00769424 -7.16174e-05 0.0111691 -0.0249777 0.00590687 0.00303054 -0.00199466 -0.00314665 -0.000444957 -0.00555538 -0.00512457 -0.0118903 0.00211015 -0.000315189 0.0111921 0.00438027 0.0122867 0.00454298 0.00376367 -0.00182223 0.00473431 -0.0129412 -0.00186618 -0.00315507 -0.00107101 -0.00751912 0.000296761 -0.00290011 -0.0160324 -0.00675796 -0.012469 -0.00908908 -0.0194389 -0.00291173 0.00689633 -0.000529122 -0.00291456 -0.00831525 -0.00430146 -0.00718931 -0.000645951 0.0132254 0.00384373 0.00215387 -0.00227337 0.000629837 0.00419544 0.00241111 -0.00139728
internal_weight=8014.97 2409.86 5605.11 5498.58 4356.52 3582.67 773.856 3417.28 463.743 165.389 1142.06 2273.29 2159.37 404.172 1755.2 143.31 104.66 418.845 350.137 3247.65 2535.95 1195.29 1340.66 565.975 240.498 711.7 561.698 150.002 104.079 283.969 133.776 629.312 274.213 172.497 101.716 129.647 120.203 1611.89 282.079 1329.81 699.422 141.787 1220.31 315.727 250.546 93.6465 156.899 265.975 128.77 471.236 233.97 310.113 259.066 615.519 90.4626 630.386 551.65 302.472 260.463 210.813 237.266 185.728
internal_count=38114 11506 26608 25877 20645 17043 3602 16273 2180 770 5232 10753 10183 1991 8192 647 497 1969 1652 15124 11888 5663 6225 2708 1150 3236 2554 682 485 1422 658 2955 1287 816 471 609 569 7545 1262 6283 3258 624 5671 1467 1123 413 710 1264 627 2152 1063 1422 1176 2869 402 3025 2637 1456 1275 1042 1089 848
is_linear=0
shrinkage=0.03


end of trees

feature_importances:
hour_cos=310
ret_10=279
hour_sin=222
macd_hist_atr=204
trend_slope=191
squeeze=182
vol_ewma_10=159
h1_trend=153
m1_d1_vol_ratio=142
dist_prev_high=138
min_since_event=130
min_to_event=122
bb_pctile=119
adx_14=113
daily_pos=111
atr_pct=109
d1_pos=109
m1_h1_vol_ratio=107
min_to_ny=107
trend_quality=104
round50_dist=103
vol_rel=103
dist_prev_low=102
bb_w_20=99
daily_range_pct=98
min_to_london=98
flow_mom=96
ret_5=86
atr_pctile=80
dist_prev_close=75
range_pos_20=73
close_ma200=73
stoch_d=65
vol_ewma_60=63
dist_h1_lo=60
min_to_close=57
obv_slope=52
spread_z=51
dist_day_open=51
h1_pos=51
vol_ewma_30=50
di_bias=49
dist_h1_hi=47
trend_ema=44
dow_sin=44
above_ema50=43
cci_20=41
ret_3=39
ret_2=31
ret_30=31
ret_60=31
ret_mom=31
ret_15=30
stoch_k=26
dow=26
close_loc_mom=26
vol_z=24
range_pos=23
ret_1=22
close_ma100=18
rsi_14=16
hour=15
low_ma100=14
high_ma100=13
bb_pos_20=11
squeeze_bin=11
spread=8
body_atr=8
open_ma100=8
close_loc=8
vol_spike=7
dow_cos=4
body_signed=4
dn_wick_frac=2
wick_ratio=1
session=1
up_wick_frac=1
donch_break=1

parameters:
[boosting: gbdt]
[objective: binary]
[metric: auc]
[tree_learner: serial]
[device_type: cpu]
[data_sample_strategy: bagging]
[data: ]
[valid: ]
[num_iterations: 400]
[learning_rate: 0.03]
[num_leaves: 63]
[num_threads: 4]
[seed: 7]
[deterministic: 0]
[force_col_wise: 0]
[force_row_wise: 0]
[histogram_pool_size: -1]
[max_depth: -1]
[min_data_in_leaf: 200]
[min_sum_hessian_in_leaf: 0.001]
[bagging_fraction: 0.8]
[pos_bagging_fraction: 1]
[neg_bagging_fraction: 1]
[bagging_freq: 1]
[bagging_seed: 17422]
[bagging_by_query: 0]
[feature_fraction: 0.7]
[feature_fraction_bynode: 1]
[feature_fraction_seed: 7040]
[extra_trees: 0]
[extra_seed: 6516]
[early_stopping_round: 0]
[early_stopping_min_delta: 0]
[first_metric_only: 0]
[max_delta_step: 0]
[lambda_l1: 0]
[lambda_l2: 0]
[linear_lambda: 0]
[min_gain_to_split: 0]
[drop_rate: 0.1]
[max_drop: 50]
[skip_drop: 0.5]
[xgboost_dart_mode: 0]
[uniform_drop: 0]
[drop_seed: 15215]
[top_rate: 0.2]
[other_rate: 0.1]
[min_data_per_group: 100]
[max_cat_threshold: 32]
[cat_l2: 10]
[cat_smooth: 10]
[max_cat_to_onehot: 4]
[top_k: 20]
[monotone_constraints: ]
[monotone_constraints_method: basic]
[monotone_penalty: 0]
[feature_contri: ]
[forcedsplits_filename: ]
[refit_decay_rate: 0.9]
[cegb_tradeoff: 1]
[cegb_penalty_split: 0]
[cegb_penalty_feature_lazy: ]
[cegb_penalty_feature_coupled: ]
[path_smooth: 0]
[interaction_constraints: ]
[verbosity: -1]
[saved_feature_importance_type: 0]
[use_quantized_grad: 0]
[num_grad_quant_bins: 4]
[quant_train_renew_leaf: 0]
[stochastic_rounding: 1]
[linear_tree: 0]
[max_bin: 255]
[max_bin_by_feature: ]
[min_data_in_bin: 3]
[bin_construct_sample_cnt: 200000]
[data_random_seed: 61]
[is_enable_sparse: 1]
[enable_bundle: 1]
[use_missing: 1]
[zero_as_missing: 0]
[feature_pre_filter: 1]
[pre_partition: 0]
[two_round: 0]
[header: 0]
[label_column: ]
[weight_column: ]
[group_column: ]
[ignore_column: ]
[categorical_feature: ]
[forcedbins_filename: ]
[precise_float_parser: 0]
[parser_config_file: ]
[objective_seed: 15521]
[num_class: 1]
[is_unbalance: 0]
[scale_pos_weight: 1]
[sigmoid: 1]
[boost_from_average: 1]
[reg_sqrt: 0]
[alpha: 0.9]
[fair_c: 1]
[poisson_max_delta_step: 0.7]
[tweedie_variance_power: 1.5]
[lambdarank_truncation_level: 30]
[lambdarank_norm: 1]
[label_gain: ]
[lambdarank_position_bias_regularization: 0]
[eval_at: ]
[multi_error_top_k: 1]
[auc_mu_weights: ]
[num_machines: 1]
[local_listen_port: 12400]
[time_out: 120]
[machine_list_filename: ]
[machines: ]
[gpu_platform_id: -1]
[gpu_device_id: -1]
[gpu_device_id_list: ]
[gpu_use_dp: 0]
[num_gpu: 1]

end of parameters

pandas_categorical:null
