tree
version=v4
num_class=1
num_tree_per_iteration=1
label_index=0
max_feature_idx=92
objective=binary sigmoid:1
feature_names=spread ret_1 ret_2 ret_3 ret_5 ret_10 ret_15 ret_30 ret_60 ret_mom bb_w_20 bb_pos_20 vol_ewma_10 vol_ewma_30 vol_ewma_60 rsi_14 stoch_k stoch_d range_pos_20 body_frac wick_ratio ret_streak hour dow session daily_pos daily_range_pct vol_z trend_ema trend_slope above_ema50 bb_pctile atr_pctile trend_quality body_atr news_candle vol_spike vol_spike_bin spread_z range_pos dist_prev_close dist_prev_high dist_prev_low dist_day_open round50_dist dow_cos close_ma100 close_ma200 open_ma100 high_ma100 low_ma100 atr_pct macd_hist_atr vol_rel h1_trend d1_trend m1_h1_vol_ratio m1_d1_vol_ratio h1_pos d1_pos dist_h1_hi dist_h1_lo htf_align hour_sin hour_cos min_to_london min_to_ny min_to_close dow_sin min_to_event min_since_event pre_event post_event close_loc body_signed up_wick_frac dn_wick_frac flow_mom close_loc_mom flow_conviction adx_14 di_bias cci_20 squeeze squeeze_bin engulf doji hammer pin patt_dir obv_slope donch_pos donch_break
feature_infos=[20:84] [-0.0074346889741718769:0.014568662270903587] [-0.0081752659752964973:0.015519533306360245] [-0.010861200280487537:0.015844430774450302] [-0.014568209648132324:0.016257118433713913] [-0.021041944622993469:0.017650499939918518] [-0.022558849304914474:0.020362738519906998] [-0.021843897178769112:0.021979546174407005] [-0.024752290919423103:0.020511040464043617] [-0.020662939175963402:0.024002771824598312] [0.013373292982578278:1.7692365646362305] [-0.52063643932342529:1.5548751354217529] [0.0019960079807788134:0.22542431950569153] [0.0029327922966331244:0.13954605162143707] [0.0037148618139326572:0.1007506251335144] [9.7268648147583008:94.507476806640625] [0:100] [0.17125989496707916:100] [0:100] [0:1] [0:1] [-14:12] [0:23] [0:4] [0:3] [0:100] [0.040132280439138412:5.2106304168701172] [-3.4115297794342041:3.9952011108398438] [-3.48934006690979:3.5413861274719238] [-2.6635112762451172:3.6214644908905029] [0:1] [0.004999999888241291:1] [0.004999999888241291:1] [0.038825292140245438:14017.9521484375] [0:9.271397590637207] [0:0.40000000596046448] [-3.4115297794342041:3.9952011108398438] [0:1] [-6.7800002098083496:9.8999996185302734] [0:1] [-112.86151123046875:123.72093200683594] [-196.70407104492188:42.528312683105469] [-93.958145141601562:228.11395263671875] [-113.06609344482422:123.63726043701172] [-35.019386291503906:42.106945037841797] [-0.90096884965896606:1] [0.98277467489242554:1.0183998346328735] [0.97517269849777222:1.021068811416626] [0.98295873403549194:1.0182491540908813] [0.98422718048095703:1.0189255475997925] [0.98169589042663574:1.0172492265701294] [0.011774369515478611:0.28900042176246643] [-0.9644433856010437:1.1343227624893188] [0.059639181941747665:5.3206005096435547] [-3.9963572025299072:3.9770402908325195] none [1.5576444864273071:33.498081207275391] [0:371.23538208007812] [-4.9219746589660645:6.0862307548522949] [-2.3657529354095459:2.7682003974914551] [-13.614847183227539:30.310188293457031] [-12.50700855255127:31.034152984619141] none [-1:1] [-1:1] [-1019:420] [-719:720] [-179:1260] [-0.43388372659683228:0.97492790222167969] [0:24082] [1:34560] none [0:1] [0:1] [-1:1] [0:1] [0:1] [-0.64087593555450439:0.75947350263595581] [-0.38420730829238892:0.38339504599571228] [-2.9222919940948486:2.914722204208374] [6.9382367134094238:74.672584533691406] [-0.8999754786491394:0.92728519439697266] [-400:400] [0:3] [0:1] [0:1] [0:1] none [0:1] [-1:1] [-3:3] [0:1] [-1:1]
tree_sizes=6872 6961 6966 6978 6967 7006 6958 6981 6972 6948 6982 6993 6976 6974 6969 6987 6957 6992 6980 6988 6971 6970 6972 6985 6995 6971 6995 6983 6954 7001 6967 6966 6968 6985 7019 7002 7013 6958 6971 6951 6994 6993 6987 6954 6998 7009 6992 6981 7016 7014 6991 7006 7012 6980 7012 6958 7010 7001 6999 7004 7023 6993 6984 6989 6994 6978 6988 6987 6993 7000 7013 6961 7010 6992 7005 6984 7022 7009 6998 7024 6991 7002 6956 6983 6988 6976 6985 6985 7007 6976 6975 7019 6984 6990 6999 6993 6992 7006 7007 6995 7025 6991 6985 6989 6980 7021 7015 6978 7015

Tree=0
num_leaves=63
num_cat=0
split_feature=84 52 52 12 64 28 33 77 82 52 6 49 9 64 12 43 6 40 12 52 52 52 63 77 4 59 52 70 28 44 64 48 77 14 68 70 28 33 67 40 54 52 77 17 11 65 64 43 9 4 33 33 56 52 11 17 43 38 42 26 9 6
split_gain=2991.79 457.935 624.995 322.466 119.583 118.349 117.809 81.5566 100.952 67.5738 67.5175 64.7545 62.2067 52.804 55.9668 59.3797 49.7888 48.5608 42.2121 41.6852 39.7506 38.9674 37.2268 37.1592 35.9246 34.9757 34.7712 34.1611 32.6933 32.6606 30.3973 30.3335 30.1368 29.8406 28.5632 28.4019 27.8464 27.5417 26.8232 26.7494 26.4387 26.4092 25.4323 24.7609 24.4124 24.016 23.1109 23.7601 21.7838 21.6284 20.0795 19.9153 19.5912 19.3481 18.9292 18.7356 25.2067 42.7064 21.2174 18.692 18.6689 18.607
threshold=1.0000000180025095e-35 0.27206397056579595 -0.24225606024265287 0.010944090783596041 0.95943480730056774 0.5728164315223695 1306.9089965820315 -0.18059515208005902 48.288795471191413 -0.10471083968877791 0.0023970069596543912 1.0034289956092837 -0.00058778902166523028 -0.85149618983268727 0.015699348412454132 -19.342119216918942 0.0018342933035455646 5.6856069564819345 0.0072108020540326842 -0.34447248280048365 -0.39894463121891016 0.23767724633216861 0.33586180210113531 -0.12038094922900199 -0.00068726073368452479 -0.50869205594062794 0.18146281689405444 11621.500000000002 1.8343765735626223 -0.12612870335578916 -0.96868926286697377 0.99881726503372203 -0.20056647807359693 0.022272203117609028 0.6078576147556306 5011.5000000000009 0.28876240551471716 301.07777404785162 725.50000000000011 6.3424911499023446 -0.56541106104850758 -0.11425836756825446 0.1521527096629143 81.354038238525405 0.92235201597213756 -496.49999999999994 -0.90722548961639393 -17.632736206054684 0.0014737551682628693 9.8150725534651442e-05 3372.0974121093755 829.46362304687511 8.029391288757326 0.1348596587777138 0.063168257474899306 30.06101226806641 8.2535390853881854 -0.080326627939939485 22.431341171264652 1.1120440959930422 0.00072778601315803837 -0.000627986475592479
decision_type=2 2 2 2 2 2 2 2 2 2 2 2 2 2 2 2 2 2 2 2 2 2 2 2 2 2 2 2 2 2 2 2 2 2 2 2 2 2 2 2 2 2 2 2 2 2 2 2 2 2 2 2 2 2 2 2 2 2 2 2 2 2
left_child=1 2 5 7 10 19 16 41 9 12 13 21 -9 22 15 61 44 34 60 -1 -7 24 46 -17 -2 -20 28 32 45 38 -26 -21 -16 35 36 -34 -10 -35 -27 -22 -6 48 -19 50 -3 -25 47 -5 -4 -14 55 52 -37 -36 -33 58 -57 -58 -32 -49 -11 -15
right_child=11 6 3 4 40 20 -8 8 17 18 -12 -13 49 14 27 23 -18 42 25 31 39 -23 -24 26 30 29 -28 -29 -30 -31 43 54 33 37 53 51 -38 -39 -40 -41 -42 -43 -44 -45 -46 -47 -48 59 -50 -51 -52 -53 -54 -55 -56 56 57 -59 -60 -61 -62 -63
leaf_value=-0.16129718658036774 -0.10060717334418093 -0.15284423360485216 -0.13024073223763366 -0.10412671372609683 -0.1019431656775811 -0.14852175280576377 -0.11774196817516899 -0.10263759857525243 -0.10512416826449039 -0.099404681107746806 -0.14895527089915242 -0.11462424327774469 -0.12248493592202313 -0.12498851678475337 -0.15369499370084749 -0.14178742878076656 -0.16222830413683276 -0.12409118059028681 -0.083033129862879113 -0.15612627656438016 -0.13396926936677389 -0.10715027912269209 -0.14145411204140165 -0.13475293834528254 -0.072244098848860711 -0.12451570653595842 -0.14187736011609384 -0.14813535624426516 -0.14677724637871919 -0.10274099010610657 -0.10192434357482895 -0.1297862317262713 -0.14795610010748747 -0.13699878489931511 -0.089903811854224996 -0.14674909505216929 -0.13199725595304371 -0.11535911027836818 -0.10603226750048621 -0.11286765786075423 -0.12370243989841075 -0.11510453820047506 -0.14266113414296686 -0.10252816158430293 -0.138558156247131 -0.11980793248116965 -0.10569770462406669 -0.11086548552488568 -0.1538747588284759 -0.14431019659671818 -0.074536828505100045 -0.11920187890863594 -0.12861356509249258 -0.11346819723768109 -0.14653673707626189 -0.082835358704404533 -0.082467212128405007 -0.10293896269336729 -0.085333708820797355 -0.12769773341763049 -0.082512497288194764 -0.10431514015462449
leaf_weight=349.21189722418785 180.33481711149216 279.46915027499199 118.81175105273724 57.288684993982315 161.40464293956757 89.669246077537537 89.669246077537537 152.93588081002235 52.307060211896896 143.9689562022686 176.84767976403236 91.412814751267433 208.73007836937904 60.028578624129295 66.753772079944611 208.97915960848331 364.15677157044411 155.92485567927361 50.563491538167 221.18414032459259 124.78970079123974 99.134333163499832 79.705996513366699 120.8044009655714 124.2915383130312 161.65372417867184 128.02775689959526 212.21721571683884 55.794197559356689 344.97751615941525 157.41934311389923 88.423839882016182 144.96528115868568 85.683946251869202 52.805222690105438 95.149033337831497 103.11963298916817 138.48916894197464 125.53694450855255 95.398114576935768 72.980803057551384 68.248259514570236 115.57369494438171 94.650870859622955 175.10411109030247 486.45565997064114 90.914652273058891 71.9844781011343 49.816247820854187 50.812572777271271 112.83380131423473 82.196808904409409 122.79705087840557 77.21518412232399 193.78520402312279 758.452373072505 188.80357924103737 178.34216719865799 124.04245707392693 338.99956642091274 99.632495641708374 112.83380131423473
leaf_count=1402 724 1122 477 230 648 360 360 614 210 578 710 367 838 241 268 839 1462 626 203 888 501 398 320 485 499 649 514 852 224 1385 632 355 582 344 212 382 414 556 504 383 293 274 464 380 703 1953 365 289 200 204 453 330 493 310 778 3045 758 716 498 1361 400 453
internal_value=-0.12143 -0.130442 -0.12764 -0.123274 -0.12934 -0.147562 -0.150387 -0.114253 -0.11218 -0.107714 -0.130985 -0.0899278 -0.117815 -0.129834 -0.132111 -0.12773 -0.153963 -0.122913 -0.103217 -0.153333 -0.131684 -0.0888093 -0.122273 -0.130536 -0.0878619 -0.107042 -0.127564 -0.137531 -0.1248 -0.108963 -0.0865401 -0.147808 -0.134474 -0.132556 -0.114274 -0.137052 -0.122953 -0.12363 -0.116436 -0.124827 -0.108718 -0.13085 -0.131996 -0.0876406 -0.147341 -0.122781 -0.119539 -0.122227 -0.137223 -0.126758 -0.0867135 -0.131785 -0.136531 -0.103898 -0.141288 -0.0876899 -0.0859589 -0.0924114 -0.0946127 -0.12475 -0.0924958 -0.111494
internal_weight=9484.52 7374.8 6466.4 5303.94 3171.3 1162.46 908.399 2132.63 1895.76 1338.81 2936.92 2109.72 412.479 2760.07 2121.18 1172.92 818.73 556.946 926.333 852.605 309.857 2018.31 638.893 1000.06 1919.17 682.732 791.082 948.252 663.054 632.168 1738.84 503.393 736.035 669.281 285.447 445.108 155.427 224.173 287.191 220.188 234.385 236.876 271.499 1614.54 454.573 607.26 559.187 468.273 168.628 259.543 1519.89 300.143 217.946 130.02 282.209 1407.06 1125.6 367.146 281.462 410.984 243.601 172.862
internal_count=38078 29608 25961 21294 12732 4667 3647 8562 7611 5375 11791 8470 1656 11081 8516 4709 3287 2236 3719 3423 1244 8103 2565 4015 7705 2741 3176 3807 2662 2538 6981 2021 2955 2687 1146 1787 624 900 1153 884 941 951 1090 6482 1825 2438 2245 1880 677 1042 6102 1205 875 522 1133 5649 4519 1474 1130 1650 978 694
is_linear=0
shrinkage=1


Tree=1
num_leaves=63
num_cat=0
split_feature=83 83 83 5 5 12 5 29 83 31 33 52 29 64 17 5 3 47 52 12 5 64 41 29 5 41 5 31 64 52 77 54 59 41 44 40 31 47 31 81 68 70 52 52 30 15 33 33 27 12 52 65 29 18 5 67 64 18 58 51 17 68
split_gain=3508.68 773.377 279.789 213.736 352.875 76.1109 68.6896 97.3195 68.358 60.7883 49.0168 46.8204 44.8834 44.7067 44.2915 42.9649 42.0053 41.7656 38.6722 39.2765 57.6713 36.9755 33.8421 33.0162 32.8047 30.3374 29.998 29.7133 37.0242 29.0668 27.1395 25.7633 26.2273 25.0549 23.9264 23.87 23.1271 23.1134 38.8052 23.1077 25.2145 22.6459 22.1085 21.334 21.329 20.8119 20.803 20.022 19.8318 18.925 20.561 18.4009 18.1342 18.1152 17.7454 17.5531 17.3441 17.2915 21.8863 17.2833 17.0895 18.5931
threshold=0.19014378637075427 1.0874727964401247 0.010669274255633356 0.00088445039000362169 -0.000836543331388384 0.010403099469840528 0.0014380452921614053 -1.0075990557670591 0.4908346831798554 0.146249994635582 1388.2924804687502 -0.17387241125106809 0.28540015220642095 0.94762688875198375 85.511924743652358 0.00075151299824938189 0.00036640102916862821 1.0054941177368166 0.16239389777183535 0.015880890190601352 -0.00030169186356943095 -0.85828685760498036 -60.223472595214837 -0.2243663892149925 -0.00027349703304935241 -39.079772949218743 -0.00048097991384565825 0.95749998092651378 0.9556623399257661 0.19144861400127414 -0.19156140089035031 0.88303765654563915 0.88642415404319774 -41.970575332641594 -0.35685446858406061 -1.0000000180025095e-35 0.25749999284744268 0.99852642416954052 0.29749999940395361 -0.040230559185147279 0.87837970256805431 5810.5000000000009 0.19445858150720599 0.18781793117523196 0.22500000149011615 34.447231292724616 1091.7867431640627 905.16378784179699 0.6938929855823518 0.012615116313099863 -0.15430410206317899 -496.49999999999994 0.50956907868385326 36.08100891113282 -0.00018427213217364621 319.50000000000006 -0.015271000564098356 74.487880706787124 0.092130307108163847 0.043167605996131904 62.615755081176765 1.0000000180025095e-35
decision_type=2 2 2 2 2 2 2 2 2 2 2 2 2 2 2 2 2 2 2 2 2 2 2 2 2 2 2 2 2 2 2 2 2 2 2 2 2 2 2 2 2 2 2 2 2 2 2 2 2 2 2 2 2 2 2 2 2 2 2 2 2 2
left_child=2 3 9 4 11 30 7 -3 10 12 18 23 26 22 16 24 -5 25 19 20 47 -13 -10 44 -7 -11 55 28 33 -18 -4 32 37 59 42 -15 -12 38 -27 54 -41 -23 57 -28 46 -43 48 -6 -2 50 -36 -14 -52 -29 -32 -1 -20 58 -24 -9 61 -26
right_child=1 6 5 14 8 15 -8 27 13 17 36 21 51 35 -16 -17 29 -19 56 -21 -22 41 34 -25 60 31 43 53 -30 -31 39 -33 -34 -35 49 -37 -38 -39 -40 40 -42 45 -44 -45 -46 -47 -48 -49 -50 -51 52 -53 -54 -55 -56 -57 -58 -59 -60 -61 -62 -63
leaf_value=0.011602604830179034 -0.022004379972116503 -0.040036347584916372 0.0021254405007545955 -0.022254820666206807 0.0037622029022299237 0.0033082557178594572 -0.043348696259569663 0.0031992961549238298 0.010582518724096225 0.037715097285006716 0.029868094899867952 0.0097624735099807996 0.012446209210380596 0.028371380709594544 -0.028520174674826319 -0.0077536320425895906 0.0095948233453697369 0.0010421072014451997 -0.018279512199311322 -0.0059637394343131766 0.016195669330033902 -0.027999185109157377 0.0028353215377636205 -0.002887992495137721 0.010819228044389858 -0.001237292160672462 0.039957335159374323 -0.021213060799497037 0.0017181928428702999 -0.015254707924311847 0.022813805564863048 0.04236827210697177 0.0062707786217016991 -0.025191677308042278 -0.015209700718431102 8.5321912650637388e-05 0.011469225355423581 0.029106483041862533 0.026771144099477506 0.014084115072080768 0.036766820313784414 0.0064547847618012183 -0.02805665850318283 0.024450042258090471 -0.030206645015037618 -0.01555352098748679 -0.03362359728474755 -0.014298721447427293 0.0014514288606567566 -0.010127867667754231 0.010449125199582221 0.030216001892350883 -0.0068830754971067514 -0.041162895959492955 0.039518524253259274 0.031810159057703916 0.0003431393342605124 0.0043268236256945669 -0.01601808962310209 -0.019834524927586607 0.0084060755902499867 0.029932817211403864
leaf_weight=58.365407928824425 72.143791601061821 429.30574950575829 61.997612625360489 255.31449815630913 181.2796465754509 312.67813108861446 369.02765634655952 52.786008954048157 107.60024137794971 155.17358328402042 91.704840630292892 65.515039652585983 104.02162599563599 56.321669071912766 395.42881608009338 147.61008371412754 83.65045602619648 66.29706098139286 93.090070426464081 193.14497105777264 423.09845021367073 86.870595067739487 69.732215017080307 59.494373932480812 74.453955233097076 74.335988700389862 882.29136510193348 67.686671301722527 67.983580142259598 85.836506649851799 128.08846342563629 55.632148951292038 91.542579337954521 422.54022523760796 52.52225948870182 51.313031196594238 186.59868866205215 289.3681882917881 110.99527199566364 266.84770748019218 52.84051850438118 53.022399455308914 66.184498980641365 87.78855499625206 403.34177152812481 142.86669585108757 53.715879112482071 79.454830393195152 58.950562074780464 187.17194227874279 184.92576219141483 105.77963504195213 76.930441409349442 103.761375233531 103.4636474698782 114.74774466454983 87.146974802017212 68.987210586667061 269.92387706041336 65.945215567946434 126.7394473105669 119.03775392472744
leaf_count=234 290 1727 249 1026 728 1256 1485 212 432 622 368 263 417 226 1590 593 336 266 374 776 1698 349 280 239 299 298 3536 272 273 345 514 223 367 1698 211 206 749 1160 445 1071 212 213 266 352 1622 574 216 319 237 752 742 424 309 417 415 460 350 277 1084 265 509 478
internal_value=0.000147048 -0.0140388 0.0235484 -0.00750209 -0.00429095 0.0130351 -0.0320186 -0.0285631 0.00166939 0.0302199 0.00633002 -0.0194152 0.0341603 -0.00355409 -0.0212946 0.00682104 -0.0145686 0.0238983 0.00338121 0.00598237 0.00935648 -0.010545 -0.00538516 -0.0241852 0.0102202 0.0258484 0.0365011 -0.022254 -0.0191493 -0.0029902 0.0209442 0.0228874 0.0209734 -0.0217702 -0.00714485 0.0148865 0.0175319 0.0238087 0.015537 0.0230607 0.0178333 -0.0152502 -0.0119714 0.038554 -0.0263395 -0.00959641 -0.0178996 -0.00174159 -0.0114568 -0.00257543 0.00192108 0.0214056 0.00535712 -0.0332868 0.0302779 0.0249971 -0.00927522 -0.00936625 -0.0121474 -0.00959406 0.0169692 0.0225781
internal_weight=9512.42 5922.32 3590.1 4343.28 3523.05 1393.76 1579.04 1210.01 2527.13 2196.34 1335.52 995.921 1352.99 1191.61 820.23 780.519 424.801 843.345 1057.21 876.978 683.833 348.275 1083.98 647.646 632.909 777.048 1143.19 780.703 609.255 169.487 613.238 621.874 566.242 541.271 976.378 107.635 278.304 474.699 185.331 551.24 319.688 282.76 474.828 970.08 588.152 195.889 184.81 260.734 131.094 501.55 314.378 209.801 261.856 171.448 231.552 173.113 180.237 408.643 339.656 118.731 320.231 193.492
internal_count=38196 23796 14400 17447 14150 5596 6349 4864 10147 8804 5362 4003 5423 4785 3297 3135 1707 3381 4245 3521 2745 1399 4353 2604 2542 3115 4582 3137 2448 681 2461 2493 2270 2175 3921 432 1117 1903 743 2212 1283 1136 1907 3888 2365 787 743 1047 527 2014 1262 841 1051 689 929 694 724 1641 1364 477 1286 777
is_linear=0
shrinkage=0.03


Tree=2
num_leaves=63
num_cat=0
split_feature=83 83 83 5 5 10 5 5 83 5 29 58 53 41 12 83 5 5 64 5 64 60 47 57 77 64 41 41 57 41 10 33 90 33 42 16 5 65 70 81 53 29 77 67 14 38 7 53 5 5 33 42 12 22 2 70 70 64 31 80 43 90
split_gain=3281.26 670.657 325.451 222.976 269.204 76.626 75.0115 84.021 68.8256 56.8715 94.9207 49.4393 48.6251 48.5402 47.6711 38.8431 38.4617 38.0141 36.6507 34.2408 33.6184 32.4222 30.3671 29.7838 29.6474 28.3581 28.2544 27.3281 26.094 25.9893 25.9782 25.9994 25.7951 25.5866 24.5036 24.9292 23.7856 23.5383 23.2124 23.0519 21.2632 20.9553 20.5626 20.4296 28.0298 25.8687 26.1007 24.8554 20.2975 20.2216 31.3357 23.1861 19.9755 22.9713 19.4859 17.3971 17.2371 17.2122 17.1701 16.7594 16.3406 16.2857
threshold=0.20561888813972476 1.0874727964401247 1.0000000180025095e-35 -0.00093361694598570455 0.00083425932098180066 0.056329838931560523 0.00075151299824938189 -0.00060582856531254936 0.4908346831798554 0.0014756770106032493 -1.0075990557670591 -0.10707078501582144 1.2379020452499392 -6.3733410835266104 0.015985134057700637 0.52618610858917247 -0.00058367359451949586 -0.00031217074138112361 0.98120620846748363 0.0005241590552031995 -0.86493045091629017 6.7941195964813241 1.0052649974823 20.286684989929203 -0.17535937577486035 0.66098293662071239 8.8251357078552264 -52.605850219726555 54.15705871582032 -42.549798965454094 0.091248355805873885 1388.2924804687502 -2.3196783065795894 2690.118774414063 10.312611103057863 81.008750915527358 -0.0004909897397737949 -647.49999999999989 11057.500000000002 -0.33327469229698176 1.0323297381401064 -0.33884800970554346 0.12597830593585971 760.50000000000011 0.010272495448589327 -0.017095487564802166 1.5668087144149471e-05 0.91803139448165905 0.0014380452921614053 0.00075151299824938189 251.33535766601565 -4.3151156902313224 0.011451316531747581 21.000000000000004 0.00034940810292027896 6343.5000000000009 5669.5000000000009 0.90352019667625438 0.74250000715255748 15.908642292022707 -6.6763765811920157 0.86113011837005626
decision_type=2 2 2 2 2 2 2 2 2 2 2 2 2 2 2 2 2 2 2 2 2 2 2 2 2 2 2 2 2 2 2 2 2 2 2 2 2 2 2 2 2 2 2 2 2 2 2 2 2 2 2 2 2 2 2 2 2 2 2 2 2 2
left_child=2 3 5 15 8 24 7 32 14 10 -3 -10 27 22 17 39 58 30 33 52 -17 23 28 -12 -1 -23 -15 -6 36 38 31 -5 -4 43 37 -36 59 -26 -18 -2 -8 -41 -38 45 -45 -9 -47 -46 54 50 -25 -52 53 -19 -29 -21 -16 -22 -13 -7 -48 -30
right_child=1 9 6 4 12 13 40 18 11 -11 21 16 -14 26 56 20 29 19 -20 55 57 25 -24 49 34 -27 -28 48 61 -31 -32 -33 -34 -35 35 -37 42 -39 -40 41 -42 -43 -44 44 47 46 60 -49 -50 -51 51 -53 -54 -55 -56 -57 -58 -59 -60 -61 -62 -63
leaf_value=0.013832306815515717 -0.0025311987096417292 -0.03866204599176682 0.014394972039976693 -0.011602662303129918 -0.0069947497707594612 0.035762167833421982 -0.011539377107661558 0.01880605869597218 0.01163670282165603 -0.040927287398359671 -0.0089954478481678989 -0.024443971231542568 -0.0061216313850916164 0.0055828609143211035 -0.022842186067495239 -0.010888618987952672 -0.00029520629303793897 0.022972845179209004 0.043860262418961612 -0.012005702810310626 -0.033259883571068211 -0.01768748498630187 0.0064503789336530695 -0.037676943778181309 0.034432422083082517 0.008136345960149614 0.029061949849263084 -0.025270315098855026 0.025198432324618693 -0.0067829366948041489 0.011563010924505953 0.010753816595153922 -0.0034287199652419148 0.037381666496096345 0.036911905238866449 0.021186821913836171 0.038124187748470088 0.052700307022935468 0.022910609589704225 -0.024892247373497059 0.0075783449913276882 -0.0054591280642826753 0.021167755073371597 0.037696724914572891 0.0077485615205505161 0.014997721628112096 0.0093797426134184184 0.027075281498171091 -0.031989477241397127 -0.036314042467344904 -0.033854147034377745 -0.012563788763953879 0.0073052783505272575 0.0015704637094917286 -0.0099426096891323101 0.0083154487324130655 -0.002561584144429245 -0.016000727000232036 -0.0044470441967062301 0.015193496584245712 -0.012581547479745023 0.0063927885290306569
leaf_weight=50.706036686897278 111.58143401145935 438.02518865466118 104.08879573643208 170.26733303070068 87.459012225270271 53.690153643488884 136.643429890275 330.62129443883896 154.4510984569788 366.13389711081982 92.438201576471329 136.01938673853874 212.94006879627705 162.48089505732059 49.742651179432869 96.173751980066299 163.89983567595482 317.4783556163311 50.386122271418571 63.255581423640251 341.3419616818428 136.20088016986847 56.375536024570465 99.562067553400993 108.16988542675972 53.228649020195007 64.415788009762764 236.24855117499828 144.08041819930077 676.04046534001827 123.00829501450062 64.570912763476372 245.28487683832645 55.63704089820385 544.35285373032093 108.88149985671043 408.16393628716469 153.65427497029305 50.824236407876015 166.39619591832161 84.887869194149971 71.356234103441238 76.415791228413582 81.848506569862366 120.40518468618393 144.8930494338274 51.369878605008125 119.15754440426826 226.11025530099869 160.59437566995621 60.927944734692574 188.3596982806921 162.23889383673668 52.613669276237488 109.12619473040104 94.650287315249443 156.02353155612946 61.351443022489548 53.981377765536308 106.12078036367893 75.028888300061226 58.180690407752991
leaf_count=203 449 1768 418 684 352 215 549 1326 620 1479 372 547 857 651 200 387 658 1273 202 254 1375 548 226 401 433 214 258 951 577 2716 494 259 985 223 2179 436 1634 615 204 670 341 287 306 328 483 581 206 478 911 647 245 758 651 211 439 380 627 247 217 425 301 233
internal_value=8.26002e-05 -0.0139857 0.0221775 -0.00770757 -0.00423884 0.0299566 0.0119899 0.0145935 0.000786238 -0.0305487 -0.0274576 -0.00423984 -0.0185845 0.0246532 0.00573763 -0.0214522 -0.00650874 0.00832951 0.0189081 0.0124433 -0.0268245 -0.0212554 0.02777 -0.0246622 0.0361615 -0.0104311 0.0122486 -0.0226119 0.0291896 -0.00389498 0.000394514 -0.00545554 0.00188149 0.0176238 0.0373988 0.0342908 0.0321403 0.0451531 0.00519751 -0.0137804 -0.00421372 -0.0190598 0.0354502 0.0164332 0.02254 0.0131723 0.00630658 0.0173616 -0.0250019 -0.0275049 -0.0234496 -0.0177673 0.0160825 0.0199302 -0.0204273 0.00017499 -0.00746429 -0.0306304 -0.0187626 0.0221038 -0.00365623 0.019789
internal_weight=9500.56 5804.62 3695.94 4209.15 3360.95 2095.69 1600.25 1378.72 2489.07 1595.47 1229.34 1235.22 871.884 1129.92 1253.85 848.201 1080.77 1048.08 1029.35 690.237 498.867 791.312 903.027 601.882 965.765 189.43 226.897 658.944 846.652 890.765 357.847 234.838 349.374 978.961 915.059 653.234 644.391 261.824 214.724 349.334 221.531 237.752 484.58 923.324 321.411 601.913 271.292 239.563 571.485 509.444 348.85 249.288 532.331 370.092 345.375 157.906 205.766 402.693 190.001 159.811 126.399 202.261
internal_count=38164 23352 14812 16920 13505 8391 6421 5531 9995 6432 4953 4962 3510 4525 5033 3415 4342 4206 4128 2769 2009 3185 3616 2423 3866 762 909 2653 3390 3578 1437 943 1403 3926 3663 2615 2580 1048 862 1406 890 957 1940 3703 1289 2414 1088 961 2301 2051 1404 1003 2135 1484 1390 634 827 1622 764 640 507 810
is_linear=0
shrinkage=0.03


Tree=3
num_leaves=63
num_cat=0
split_feature=83 83 10 5 5 83 83 83 53 5 52 33 83 64 51 43 54 14 47 47 61 54 32 64 13 64 64 64 77 57 52 43 57 31 54 64 3 63 47 46 64 57 1 70 5 52 43 13 54 33 70 63 52 53 29 90 25 83 5 29 5 63
split_gain=3141.88 733.072 213.084 204.891 271.771 101.454 81.8353 60.4573 57.192 48.4632 79.5182 46.0844 44.2131 43.0554 39.6185 38.5019 38.0783 37.1003 35.455 34.7923 34.2801 31.8137 31.7429 31.3331 31.2876 37.7294 36.4397 30.8391 30.2613 30.0469 31.8922 32.0894 29.3083 26.8161 26.5359 27.98 26.1013 26.0041 25.8186 28.1214 25.6226 25.478 24.5443 24.532 24.2625 31.57 23.8018 25.3262 23.527 27.3748 23.1999 22.7533 22.6499 22.3013 21.8196 26.3759 27.1663 21.009 20.6807 20.5814 34.006 20.0324
threshold=0.15037757903337481 0.92666059732437145 0.056329838931560523 -0.00086629900033585716 0.00088445039000362169 1.4604680538177492 0.0070535871200263509 0.4908346831798554 1.076976001262665 0.00090214307419955741 -0.27189037203788752 1793.3093872070315 0.52618610858917247 0.94336524605751049 0.038567634299397476 -19.342119216918942 -0.26842699944972986 0.0091343051753938215 0.99783116579055797 1.0066549181938174 -1.5730620622634885 -1.8053607344627378 0.90749999880790722 -0.88396760821342457 0.010155838914215566 0.51316559314727794 0.6411133110523225 0.78396254777908336 -0.15075197815895078 56.156087875366218 -0.20716879516839978 23.065887451171879 21.186041831970218 0.97750002145767223 -0.26842699944972986 0.93894198536872875 -0.0003471060335868969 0.98518189787864696 1.0016869306564333 1.0010103583335879 0.95943480730056774 17.223442077636722 -9.7524211014388116e-05 7179.5000000000009 0.0003736513172043488 -0.03914633393287658 -20.450397491455075 0.010366132482886316 -0.67864775657653797 921.91238403320324 10744.500000000002 0.31109040975570684 -0.21719459444284436 0.88037973642349254 -0.17456021904945371 -1.8371211290359495 24.537928581237797 1.1742749810218813 0.00088445039000362169 -1.0509431362152097 0.0014756770106032493 -0.99674141407012928
decision_type=2 2 2 2 2 2 2 2 2 2 2 2 2 2 2 2 2 2 2 2 2 2 2 2 2 2 2 2 2 2 2 2 2 2 2 2 2 2 2 2 2 2 2 2 2 2 2 2 2 2 2 2 2 2 2 2 2 2 2 2 2 2
left_child=2 3 14 12 7 9 19 11 48 10 -3 15 22 37 24 21 50 -18 -17 29 -9 -5 54 -14 25 61 32 -28 -20 30 -4 58 -27 40 35 36 -22 41 39 44 59 -8 -25 -40 45 -30 -43 -48 49 -6 57 -10 -36 -49 55 56 -2 -12 -32 -7 -61 -1
right_child=1 5 6 4 8 33 13 20 51 -11 16 -13 23 -15 -16 18 17 -19 28 -21 34 -23 -24 42 -26 26 27 -29 38 -31 31 -33 -34 -35 52 -37 -38 -39 43 -41 -42 46 -44 -45 -46 -47 47 53 -50 -51 -52 -53 -54 -55 -56 -57 -58 -59 -60 60 -62 -63
leaf_value=0.018891390366422317 0.0056139573498820072 -0.032637967473612327 0.0065869287660984517 0.034038956505184313 -0.023688768962779948 -0.041894452820531281 0.028037080238535073 0.015889182540318111 -0.0010318436418871506 -0.031468983321860419 -0.0019972074085867707 0.020799628823759624 -0.0071423089128591034 0.037835381938188355 0.044193494970685109 -0.010664609848202666 -0.0016524724257367506 -0.026146119461134775 -0.010894514166111867 0.0011250898564478366 -0.01584340914615353 0.0089874365608968807 0.0083633932725443068 -0.021688491462109844 0.010293881686171416 0.024756654988821989 0.051773044184070742 0.024933483881804431 0.0024056472810985189 0.016022117842365631 0.032419608562268637 0.006272946014172753 -0.0069805076205565041 -0.041653409746889074 -0.028164949466259734 0.020183276951167888 0.0017315188609337583 0.027639911839244111 -0.016553105021228989 0.027670798375580181 -0.012822093797197922 0.020522787945941066 -0.037596464552226344 0.0051463436220252328 -0.0022791047869554415 0.018684988688218988 0.016784122788430531 -0.0062235779707091139 -0.031509434155885002 0.001042778120913044 0.0073759314070234849 -0.018118077195178755 -0.0072853340287715026 0.0065591432587939723 0.0034154863450809813 -0.02581458553436804 -0.018912599192653569 -0.021297071544268874 0.015171958960799349 -0.022712342206663273 -0.04206688769332366 0.038574616182522913
leaf_weight=50.96649956703186 67.565122842788696 223.53498283028603 61.70148392021656 62.565011948347092 166.59084202349186 163.31851445138454 53.112953811883926 80.528632700443268 180.74054752290249 300.93807090818882 120.7906695753336 178.92063842713833 72.509903863072395 51.155724197626114 255.71081599593163 161.87476998567581 76.018739134073257 207.77849224209785 102.80805991590023 61.106545627117157 98.264686837792397 168.48774637281895 61.644352242350578 195.45402731001377 61.958503395318985 54.724968016147614 49.982473790645599 168.14943927526474 204.61822381615639 286.26552206277847 631.00456687808037 51.951668918132782 50.219086796045303 319.72327218949795 52.873857915401459 56.598293244838715 336.46391770243645 65.595620214939117 76.219177544116974 66.293389707803726 63.193068876862526 94.989418715238571 157.73417147994041 121.85415054857731 176.35259507596493 225.21691010892391 120.7800931930542 202.80996702611446 225.05869157612324 53.125438168644905 101.62016946077347 114.63298106193542 404.30106763541698 311.50586055219173 51.48168982565403 171.95808205008507 102.00805880129337 87.558378621935844 69.454281017184258 247.35938893258572 121.99732309579849 535.25393497943878
leaf_count=204 272 904 247 251 672 662 213 323 728 1217 486 717 292 205 1023 650 306 837 413 245 395 676 248 789 248 219 200 673 821 1146 2525 208 201 1296 213 227 1352 263 306 266 255 381 637 489 708 903 484 814 908 214 409 462 1625 1250 207 693 411 353 278 998 495 2142
internal_value=6.57492e-05 -0.0124589 0.0237887 -0.00529241 -0.00187531 -0.0272396 0.0178971 0.00273102 -0.0178962 -0.0211767 -0.017387 0.00648284 -0.0181572 0.0111065 0.0336873 0.004608 -0.0116454 -0.0195852 0.00233603 0.0231586 -0.00290277 0.0157709 -0.0116518 -0.0251052 0.0309212 0.0323267 0.0240951 0.0310835 0.00449809 0.0243822 0.0273218 0.0290221 0.00956941 -0.0346444 -0.00449822 0.000342104 -0.00224106 0.00949563 0.00631588 0.00911978 -0.0308836 0.00797598 -0.028793 -0.00320367 0.00709102 0.0109354 0.00651656 0.00442169 -0.0246921 -0.0177089 -0.00437604 -0.00766292 -0.00970013 0.00151854 -0.0147912 -0.0175356 -0.00914018 -0.0101079 0.0307094 -0.0330263 -0.0291051 0.0368633
internal_weight=9516.98 6228.58 3288.4 4194.75 3314.39 2033.83 2061.43 2574.24 740.149 1118.24 817.301 1545.21 880.355 899.95 1226.97 1366.29 593.766 283.797 1135.24 1161.48 1029.03 231.053 454.657 425.698 971.255 909.296 323.076 218.132 973.363 1100.38 814.112 752.411 104.944 915.592 948.502 491.327 434.729 848.794 870.554 672.481 595.868 783.198 353.188 198.073 606.188 429.835 730.085 635.096 444.775 219.716 309.969 295.374 457.175 514.316 393.013 341.531 169.573 208.349 700.459 532.675 369.357 586.22
internal_count=38255 25086 13169 16868 13319 8218 8259 10335 2984 4512 3295 6200 3549 3610 4910 5483 2391 1143 4556 4649 4135 927 1831 1718 3887 3639 1293 873 3906 4404 3258 3011 420 3706 3812 1974 1747 3405 3493 2698 2410 3142 1426 795 2432 1724 2929 2548 1794 886 1248 1190 1838 2064 1583 1376 683 839 2803 2155 1493 2346
is_linear=0
shrinkage=0.03


Tree=4
num_leaves=63
num_cat=0
split_feature=84 31 29 5 5 5 66 5 29 31 31 29 63 33 33 59 31 63 66 29 54 63 61 80 43 90 63 54 5 29 17 38 13 53 53 44 14 54 26 80 57 70 57 53 54 1 59 61 63 80 26 54 90 63 26 63 63 44 25 7 5 25
split_gain=2396.44 668.318 233.78 333.467 171.989 233.8 142.075 99.5802 73.817 70.0458 62.8468 50.7242 50.2047 51.9144 40.7232 39.2189 39.2004 36.8136 38.6295 36.5741 34.3653 34.0046 33.5785 30.4536 29.3099 28.9852 27.7161 27.6462 27.3651 25.2034 26.4685 34.0118 26.222 25.1938 24.0832 27.8448 31.5666 26.7501 25.1065 23.5966 29.6311 31.4391 23.2049 22.6435 21.4271 21.1337 21.1332 21.0402 20.5283 20.0956 19.9428 27.2964 22.1467 19.84 19.4995 19.4317 20.909 27.6929 21.4134 19.0591 18.9218 18.9049
threshold=1.0000000180025095e-35 0.57249999046325695 -0.98927167057991017 0.0011437252978794279 -0.00069532523048110295 0.00080016316496767115 656.50000000000011 -0.00093361694598570455 0.65933069586753856 0.33750000596046453 0.15749999880790713 0.64619597792625438 0.96759679913520824 2537.9277343750005 351.47776794433599 0.8655015528202058 0.92250001430511486 0.31109040975570684 -158.49999999999997 -0.16740251332521436 -1.8274565935134885 -0.75039777159690846 -3.0088621377944942 19.193391799926761 14.868770599365236 -2.3196783065795894 0.1456510201096535 0.80157276988029491 -0.002040685154497623 -0.59946727752685536 69.120063781738295 -0.060409210622310631 0.0086776139214634913 0.72183042764663707 0.96061849594116222 4.6817162036895761 0.012451844289898874 -0.54808488488197316 1.7205210328102114 14.227865695953371 19.842728614807132 10260.500000000002 43.117460250854499 1.1812518239021303 0.31079287827014929 -0.00058769166935235251 0.15671269595623019 2.9564119577407841 0.8102954924106599 28.898004531860355 1.6083652973175051 0.34973973035812383 1.9232448339462282 0.041439602151513107 0.20960888266563418 0.95305636525154125 0.22282424569129947 -5.4966979026794425 55.048866271972663 0.00051944266306236397 -0.00076172745320945967 65.618251800537124
decision_type=2 2 2 2 2 2 2 2 2 2 2 2 2 2 2 2 2 2 2 2 2 2 2 2 2 2 2 2 2 2 2 2 2 2 2 2 2 2 2 2 2 2 2 2 2 2 2 2 2 2 2 2 2 2 2 2 2 2 2 2 2 2
left_child=1 4 60 6 19 9 7 22 14 12 21 43 13 20 23 42 17 18 -5 24 -6 39 -4 -9 25 47 54 -17 -24 -22 50 -32 -33 -11 37 48 -37 38 -16 -2 -41 -42 44 46 -12 -30 -7 -1 -36 -13 51 52 -31 61 -8 56 -23 -58 -59 -20 -3 -10
right_child=10 2 3 16 5 11 26 8 53 33 15 49 -14 -15 34 27 -18 -19 59 -21 29 55 28 -25 -26 -27 -28 -29 45 30 31 32 -34 -35 35 36 -38 -39 -40 40 41 -43 -44 -45 -46 -47 -48 -49 -50 -51 -52 -53 -54 -55 -56 -57 57 58 -60 -61 -62 -63
leaf_value=0.0064732588842041985 0.035821619972457856 -0.036999919034955996 0.00092164780779887558 -0.029858086942238907 0.025565984564334027 0.00053258614395433992 0.020757465004984366 -0.0024329142608758517 -0.019375980390208498 -0.0059821190791533039 0.034329462599497582 -0.031506381683377875 0.039292837696628953 0.034057344615361855 0.017042318479703968 -0.000914288516232275 -0.038640882002345937 -0.033969593053550483 -0.023465345152504986 0.0061700441843452573 -0.0091150943712162216 0.042210078081432421 -0.034931093993420655 -0.01839550247650952 -0.025866112351755437 -0.015972670185760988 0.031049014300391847 0.026165289365346657 -0.0015391481597499383 0.0074011169497259421 0.012090536334720795 0.0069769806790848203 -0.020898243409211432 0.0055600558514138981 0.012300099921359177 0.0076925224913357406 -0.017829792122889002 -0.012137719265393835 -0.0088611067185595926 0.035201364316897903 0.022585352757378174 -0.0014946735828132542 0.017846561617666463 0.011865003289413648 0.018022398323993351 -0.021625165486377954 -0.016602868580024872 -0.015122872919858359 -0.0048181993835926425 -0.0094560272606949644 0.018315440129184891 0.022430979500925693 -0.014908444173074289 -0.025340611455741627 -0.0053607908546650686 0.048244571824087645 0.02236110634630574 0.044361179658425558 0.029139920473635412 -0.0018447804919779294 -0.017589308396634393 0.0017435670264283817
leaf_weight=118.46752667427063 148.46913662552834 480.56895098090172 59.773512750864029 143.20785833895206 121.27617844939232 108.71479089558125 49.822001680731773 203.99155448377132 95.675560235977173 219.73478235304356 255.6872929930687 140.6268942207098 65.160129755735397 90.939853057265282 71.158015012741089 104.63011819124222 300.34999449551105 242.0341994613409 53.71578574180603 92.58524914085865 67.019015401601791 207.44480535387993 127.8235827088356 227.55893377959728 145.05008913576603 319.67955480515957 77.166050687432289 50.215326979756355 53.789791241288185 194.8872168213129 139.94217965006828 51.622910663485527 73.778889626264572 755.01435135304928 303.78695346415043 83.128513529896736 91.754523620009422 222.68647433817387 63.930725514888763 100.22873741388321 172.94446907937527 67.978064477443695 254.39522568881512 52.481663808226585 101.23144435882568 381.59585428237915 160.27242790162563 61.771793633699417 79.560769081115723 50.575057804584503 333.11591340601444 86.331412628293037 50.40433743596077 188.53659032285213 53.193890452384949 99.22723276913166 206.20195910334587 157.95728921890259 175.71326902508736 115.80806519091129 49.891220539808273 63.439301013946533
leaf_count=477 594 1954 241 581 486 438 200 820 386 882 1023 568 261 364 286 419 1223 981 217 372 269 830 517 917 585 1289 310 201 217 781 561 207 296 3030 1221 334 369 896 257 401 692 272 1018 211 405 1542 646 249 320 204 1335 346 202 761 214 397 825 632 703 468 202 256
internal_value=-5.48008e-05 -0.008101 -0.0166684 -0.0137411 0.0014077 0.00484458 -0.00820653 -0.010201 -0.00643173 0.00901176 0.0282036 -0.013438 0.0136417 0.0122596 -0.00325202 0.0213537 -0.0299113 -0.0251851 -0.0183864 -0.0114623 0.0104871 0.0321313 -0.0204577 -0.0108501 -0.0139934 -0.0105486 0.0174543 0.00786743 -0.0227267 0.00865309 0.00993341 0.00192316 -0.00942313 0.00295814 0.000327584 0.00422186 -0.00569807 -0.0057486 0.00478353 0.0258384 0.0214937 0.015791 0.0247698 -0.00616043 0.0297044 -0.0191436 -0.00967734 -0.000928188 0.00874733 -0.0256738 0.0131309 0.00792295 0.00281678 -0.0187568 0.00727089 0.035771 0.0341148 0.0310043 0.0363456 -0.00869553 -0.0351743 -0.0109556
internal_weight=9485.73 7383.4 3883.95 3353.49 3499.45 2761.9 2498.37 2318.19 1695.21 2249.23 2102.32 512.671 1274.48 1209.32 1347.56 766.159 855.116 554.766 312.732 737.554 1118.38 1336.16 622.983 431.55 644.969 499.919 180.182 154.845 563.209 997.102 930.083 265.344 125.402 974.749 916.006 558.231 174.883 357.775 135.089 489.62 341.151 240.923 611.314 321.469 356.919 435.386 268.987 180.239 383.348 191.202 664.739 331.623 245.292 347.651 103.016 846.545 747.317 539.873 333.671 169.524 530.46 159.115
internal_count=38161 29749 15690 13534 14059 11087 10064 9340 6823 9020 8412 2067 5108 4847 5420 3066 3470 2247 1266 2972 4483 5346 2517 1737 2600 2015 724 620 2276 3997 3728 1064 503 3912 3683 2244 703 1439 543 1959 1365 964 2446 1295 1428 1759 1084 726 1541 772 2664 1329 983 1403 414 3387 2990 2160 1335 685 2156 642
is_linear=0
shrinkage=0.03


Tree=5
num_leaves=63
num_cat=0
split_feature=83 83 83 5 5 10 5 5 5 29 43 1 17 3 4 5 4 68 41 3 51 27 54 14 54 65 25 18 57 10 64 5 25 69 32 56 5 17 5 5 5 3 5 29 46 5 16 69 25 57 13 63 29 10 2 51 56 56 51 57 64 8
split_gain=2736.43 585.55 249.483 175.045 269.88 80.9336 62.8527 62.8363 57.8216 80.3819 56.7987 55.8566 51.0212 44.1275 42.6278 46.6469 43.1364 35.7359 33.2308 30.7688 30.0788 28.9028 28.5201 28.3963 27.9927 27.132 26.3651 25.9854 25.8847 28.1838 28.6216 25.5449 25.1033 24.6032 24.1935 23.5029 27.9023 23.4124 22.883 22.1867 22.1061 27.1227 26.2055 25.5965 34.3663 21.5459 23.5533 21.056 20.9707 21.2295 20.9043 24.0104 20.8146 20.4218 19.7986 19.6155 19.343 18.8743 31.6323 18.8229 18.574 20.4783
threshold=0.19781456142663958 1.0874727964401247 1.0000000180025095e-35 -0.00093361694598570455 0.00075151299824938189 0.056329838931560523 0.00075151299824938189 -0.00069532523048110295 0.0014026508433744314 -1.1352217197418211 -23.210459709167477 -0.00038421504723373795 85.511924743652358 -0.00034084184153471137 -0.00064868264598771919 -0.00059485959354788054 0.00095748421153984975 0.6078576147556306 -6.3733410835266104 -0.00032064602419268334 0.038917126134037978 0.5756361484527589 0.80157276988029491 0.0088154533877968805 -0.26842699944972986 348.50000000000006 79.915096282958999 8.9367361068725604 35.281518936157234 0.047063011676073081 0.45593219995498663 -0.002040685154497623 7.497950792312623 5236.5000000000009 0.86750000715255748 8.8420014381408709 -0.00037611019797623152 20.868004798889164 0.00070856171078048657 -0.00044084350520279253 0.00043380583520047372 -4.9086622311733656e-05 -0.00025445256324019278 -0.41024084389209742 0.99908685684204113 -0.0010431629489175973 47.828861236572273 12649.500000000002 25.792143821716312 42.49383735656739 0.011016463395208122 0.96535655856132518 0.20117078721523288 0.12146935611963273 -0.00013542197848437351 0.049575921148061759 7.3720595836639413 6.3926858901977548 0.028953031636774543 36.523143768310554 -0.0065449222456663838 0.00029127455491106963
decision_type=2 2 2 2 2 2 2 2 2 2 2 2 2 2 2 2 2 2 2 2 2 2 2 2 2 2 2 2 2 2 2 2 2 2 2 2 2 2 2 2 2 2 2 2 2 2 2 2 2 2 2 2 2 2 2 2 2 2 2 2 2 2
left_child=2 3 5 11 10 20 7 54 9 -3 33 31 13 -6 27 19 25 26 37 -16 28 60 56 -11 32 40 47 -12 -1 30 -30 -2 -25 -5 48 36 -19 -7 -39 -35 42 -42 43 44 -17 -34 -47 -9 49 55 57 -52 -38 -14 -4 -13 -20 -44 -59 -48 61 -15
right_child=1 8 6 4 12 18 -8 17 -10 23 14 34 53 21 15 16 -18 35 22 -21 -22 -23 -24 24 -26 -27 -28 -29 29 -31 -32 -33 45 39 -36 -37 52 38 -40 -41 41 -43 50 -45 -46 46 59 -49 -50 -51 51 -53 -54 -55 -56 -57 -58 58 -60 -61 -62 -63
leaf_value=0.033811577457703544 -0.021683173428007071 -0.038012944914266773 0.0067498276247696751 0.029059704698370502 -0.029867472175194695 0.011033431927013199 -0.004211993467727328 0.020326284749690799 -0.038509469007532826 -0.007092066567491795 0.0074325918564707317 -0.024600560018471735 -0.018104599191050966 -0.030258474051821468 0.0071026526841023356 0.0044050372283485437 -0.016489825498643276 0.0017502523103347458 -0.0018038014828341753 -0.016061734092578647 0.042829249049090141 0.0044620109329686162 0.029506693975176832 -0.00041083230363168016 -0.029342158692182319 0.024411789659641119 0.00046600767868692182 -0.01540720637215433 0.03867439164560698 0.0023502682400507961 0.010969315146527468 6.4461054388589761e-05 -0.033106390560825392 -0.0035322219728205206 -0.011878835426683332 0.035608260797364275 0.030766668185104807 0.028282476185724461 0.01484952607486578 0.014957789954782775 -0.015297944232071096 0.0032614484531214207 0.021941431048489529 0.0075966079002526398 -0.021579539091568335 -0.0038512594175681147 -0.013349959172918093 0.0078105128715044497 -0.031249545085612434 -0.031865310744740714 -0.00017815659535474685 0.022356494987378066 0.012644218792192794 -0.031145944233371352 -0.010068075971773163 0.00023375577699860815 0.020386217137305689 -0.0076750886887994117 0.015626002928909463 -0.032866728612144569 -0.0033136963744415668 -0.0098260340987490861
leaf_weight=549.59372629225254 69.370543777942657 318.09198820590973 181.2285879701376 68.112246617674828 92.950882062315941 107.22497949004173 205.45194654166698 317.38025225698948 383.73295237123966 123.98968195915222 55.414536252617836 51.294741198420525 206.34072485566139 75.662470132112503 69.361310809850693 91.216311246156693 92.509623512625694 63.388585090637207 115.40211652219296 201.61866122484207 233.22222322225571 134.65340419113636 57.47810560464859 64.984992742538452 317.56968680024147 59.886689856648445 130.78639514744282 234.75647003948689 87.421813994646072 52.719516709446907 54.469690844416618 162.42455884814262 93.014403447508812 87.327538043260574 125.36355775594711 110.64312407374382 154.61267384886742 660.95337751507759 137.95568473637104 176.35835811495781 109.20499680936337 201.86827796697617 153.18683606386185 166.87962120771408 92.020477950572968 90.112172365188599 93.129935473203659 195.49419464170933 319.7563091814518 67.85818338394165 269.41644841432571 50.536191895604134 90.383958876132965 226.9012014567852 96.568147256970406 64.76663464307785 50.970662742853165 75.316531166434288 172.59444019198418 85.12825345993042 125.06150302290916 105.98498843610287
leaf_count=2200 281 1302 728 273 376 429 826 1271 1572 501 223 208 835 306 279 366 372 254 462 812 934 543 230 263 1288 240 524 944 350 211 218 656 378 351 507 443 619 2645 552 707 439 811 614 670 370 364 377 783 1297 275 1082 203 362 921 388 262 204 302 692 345 505 428
internal_value=3.80223e-05 -0.0127264 0.0203925 -0.00695016 -0.00388659 0.027107 0.0112392 0.0136074 -0.0283871 -0.025112 0.00145325 -0.0190329 -0.0172842 -0.0110808 -0.000372603 0.00134257 0.00336879 0.0169283 0.0216392 -0.0101325 0.0334283 -0.00712438 0.0112884 -0.0203839 -0.0225992 0.00464268 0.0124895 -0.0110454 0.0304822 0.0210799 0.0280389 -0.00644407 -0.017577 0.0129862 -0.0236718 0.0237466 0.0194909 0.0241962 0.0259629 0.00883426 0.00378617 -0.00325399 0.00583067 -0.000903212 -0.00864427 -0.0206638 -0.0163513 0.0155556 -0.026607 -0.0185356 0.00910041 0.00338117 0.0240809 -0.0249347 0.000903561 -0.0107421 0.00499443 0.0136626 0.00854702 -0.0226703 -0.0122111 -0.0183369
internal_weight=9479.08 5825.73 3653.35 4255.98 3395.14 2107.41 1545.94 1340.49 1569.75 1186.02 2427.59 860.835 967.555 534.313 2095.79 1805.62 1534.64 1062.69 1129.98 270.98 977.427 441.362 223.851 867.929 743.939 1442.13 643.661 290.171 744.205 194.611 141.892 231.795 426.37 331.798 629.039 419.028 308.385 906.134 798.909 263.686 1382.24 311.073 1071.17 350.116 183.237 361.385 268.37 512.874 503.676 183.92 721.05 319.953 244.997 433.242 277.797 116.061 166.373 401.098 247.911 178.258 306.709 181.647
internal_count=38173 23540 14633 17150 13664 8435 6198 5372 6390 4818 9750 3486 3914 2158 8419 7252 6161 4256 4522 1091 3913 1782 896 3516 3015 5789 2578 1167 2979 779 568 937 1727 1331 2549 1678 1235 3626 3197 1058 5549 1250 4299 1406 736 1464 1086 2054 2042 745 2893 1285 981 1756 1116 470 666 1608 994 722 1239 734
is_linear=0
shrinkage=0.03


Tree=6
num_leaves=63
num_cat=0
split_feature=83 83 83 5 52 5 10 5 64 5 5 52 12 66 57 48 32 66 56 26 83 61 54 40 64 5 4 51 1 70 63 10 52 17 52 63 70 51 57 73 6 38 11 70 43 64 42 54 18 52 18 64 64 61 12 63 80 12 42 52 64 2
split_gain=2669.51 465.579 313.645 151.255 203.734 77.8481 77.6596 71.7771 71.6296 67.6828 63.6127 69.926 60.4737 44.0368 41.6972 37.2561 37.1983 33.1655 32.6383 31.7309 30.7344 30.2995 30.0725 29.8924 29.2047 28.2539 29.8777 27.3878 26.5037 26.1122 25.8958 34.883 25.8 25.2896 25.054 24.8428 24.5245 23.842 23.7243 23.0257 22.7093 22.6873 24.0166 21.7737 21.7561 20.7278 23.0525 21.3451 20.4309 20.3251 20.1647 20.0629 20.3287 19.3192 18.2188 17.5697 21.771 17.5379 24.4904 21.2268 17.2408 17.1982
threshold=0.24066998809576037 1.0874727964401247 0.010669274255633356 -0.00093361694598570455 0.15147592872381213 0.00078189687337726365 0.056329838931560523 -0.00029162497958168382 0.10669767111539842 -0.00058367359451949586 0.0014380452921614053 -0.25806505978107447 0.013958688825368883 405.50000000000006 52.648048400878913 0.99881726503372203 0.86750000715255748 220.50000000000003 8.4401888847351092 0.7627944052219392 1.326517701148987 -1.386652886867523 -1.5881813168525694 -23.906067848205563 -0.84455960988998402 -0.00031217074138112361 -0.00049615607713349153 0.02729867305606604 -0.00035989742900710548 8734.5000000000018 -0.79994463920593251 0.079363849014043822 0.27206397056579595 74.772460937500014 -0.21393965929746625 0.95037782192230236 8608.5000000000018 0.031129873357713226 20.286684989929203 0.73083916306495678 -0.001212101604323834 -0.017095487564802166 0.70884817838668834 6381.5000000000009 -8.3560523986816388 -0.92799669504165638 10.312611103057863 0.8545438051223756 77.714351654052749 0.33929367363452917 68.228107452392592 0.45593219995498663 0.90905222296714794 5.3010261058807382 0.01045397110283375 -0.14133286476135251 18.792577743530277 0.013351320289075376 -3.6588689088821407 -0.10245967656373976 0.95943480730056774 -1.0000000180025095e-35
decision_type=2 2 2 2 2 2 2 2 2 2 2 2 2 2 2 2 2 2 2 2 2 2 2 2 2 2 2 2 2 2 2 2 2 2 2 2 2 2 2 2 2 2 2 2 2 2 2 2 2 2 2 2 2 2 2 2 2 2 2 2 2 2
left_child=2 3 6 16 9 7 35 39 24 21 11 40 23 27 17 -14 28 41 22 -15 38 -5 36 -11 53 -25 -27 -10 -2 -24 -31 -32 -29 48 -18 45 -8 -23 -13 51 -3 -9 -43 -16 -21 -1 55 -48 -28 -26 -17 57 -53 -6 -19 56 -47 58 -4 -60 -22 -39
right_child=1 10 5 4 8 -7 18 14 13 12 -12 20 15 19 43 50 34 54 -20 44 60 37 29 25 49 26 33 32 -30 30 31 -33 -34 -35 -36 -37 -38 61 -40 -41 -42 42 -44 -45 -46 46 47 -49 -50 -51 -52 52 -54 -55 -56 -57 -58 -59 59 -61 -62 -63
leaf_value=0.042710555366839709 -0.012186014543352896 -0.037315782696580008 0.034066700299181352 0.0093859686472347673 -0.003868463525121641 -0.006373838308982107 0.020595904601806145 0.022876783986254295 -0.014814991066321136 0.020596215346129081 -0.038189383151641568 0.0077363773382886037 0.0097763806532286425 -0.0028384970735271173 0.015898117872390208 -0.014340303281385086 -0.018888706826727521 0.039665401670029035 0.030239909809619367 -0.011241857296827926 -0.025344887028165855 -0.030312623029354384 0.020675133138506805 -0.0036947814145550564 -0.023682013872380413 -0.0085066545080151254 0.011542132009358755 0.020623822938973541 -0.026472858936999303 -0.010622386779980555 0.022905631112146073 0.00014192956074618931 -0.0032123237959529208 -0.0005359025436238509 0.0030028974778187442 0.047396102526594056 0.041992448405151615 -0.0037946683928315413 -0.015005771274907919 -0.0065062035340752141 -0.015812040564653324 0.015942888373600413 -0.0058461005674609332 -0.0044216744302282398 -0.035046618530927602 0.040720106642933344 0.023381623487869149 0.039019258641958952 0.031219773503873709 -0.040041480039107701 -0.00074529378684857789 -0.010441050571762979 0.012885977604810342 -0.02357706817238572 0.022797931063285964 0.046455889268637515 0.015337344352864428 0.0028409822408948663 0.0027957252295157855 0.023928279822387728 -0.0086870785917629 -0.018096251048097565
leaf_weight=122.90065561234951 155.8081870675087 331.35320331156254 53.098456859588623 62.243446677923203 99.191565036773682 237.16986078023911 127.12624225020409 235.80201490223408 58.977877050638199 134.06838728487492 362.59746944904327 49.486200600862503 120.17178635299206 99.785533472895622 90.877148434519768 258.79832477867603 91.949333012104034 104.4340233206749 286.76368162035942 60.080895528197289 457.36653277277946 61.386614322662354 394.9821949750185 230.48740974068642 307.45102383196354 84.423132985830307 468.02500842511654 84.026631996035576 467.53031261265278 50.710015222430229 138.1360170096159 107.91802690923214 79.569238886237144 147.41514107584953 96.35613040626049 94.987887784838676 77.666927307844162 178.770243704319 249.04885824024677 133.78404498100281 51.002963006496429 152.61673133075237 64.884290486574173 99.343236178159714 81.326720714569092 70.609440207481384 451.57913766801357 95.10439170897007 52.850318729877472 87.888481840491295 158.22476764023304 93.103432476520538 52.628793522715569 81.57679457962513 128.59919734299183 105.18025510013103 53.420220717787743 143.82000701129436 111.60748130083084 69.365690141916275 63.708861202001572 131.22529922425747
leaf_count=493 631 1362 213 250 401 955 509 944 237 537 1495 200 483 403 364 1042 373 418 1148 243 1862 248 1581 926 1244 339 1877 338 1902 203 553 432 322 593 389 381 311 720 1010 537 208 611 260 398 330 283 1809 381 212 358 638 374 211 330 515 422 214 578 448 278 258 529
internal_value=0.000172231 -0.0133305 0.0189962 -0.00783201 -0.00483766 0.00962164 0.0266228 0.0120947 -0.0156871 0.00056538 -0.0271758 -0.0238533 0.0033305 -0.00691144 0.0177147 -0.00494108 -0.0193718 0.0211594 0.0214302 -0.0157919 -0.018911 -0.00998473 0.0186124 0.00730757 -0.0227515 0.00549554 0.0083097 0.00271187 -0.0229018 0.0156229 0.00889848 0.0129216 0.00903047 0.0104341 -0.00768675 0.0328055 0.0287105 -0.0132312 -0.011236 0.00460134 -0.0344474 0.016431 0.00944286 0.00528604 -0.0249325 0.0312636 0.0294504 0.026102 0.0135387 -0.0273189 -0.00918215 0.00743927 -0.00201688 -0.0127625 0.0303571 0.0374364 0.0297876 0.011086 0.016152 0.0108957 -0.0233082 -0.00984872
internal_weight=9452.39 5504.17 3948.22 3939.61 3127.96 1771.13 2177.09 1533.96 1039.87 2088.09 1564.56 1201.97 1654.46 463.767 876.557 537.195 811.644 686.336 1183.3 241.193 819.61 433.626 896.539 1117.27 576.108 983.201 752.714 222.574 623.338 691.746 296.764 246.054 163.596 668.29 188.305 993.782 204.793 371.382 298.535 657.408 382.356 453.303 217.501 190.22 141.408 898.794 775.893 546.684 520.875 395.34 417.023 523.624 145.732 180.768 233.033 229.21 124.03 377.892 234.072 180.973 521.075 309.996
internal_count=38114 22290 15824 15895 12600 7104 8720 6149 4206 8394 6395 4900 6647 1873 3510 2163 3295 2748 4737 976 3330 1747 3589 4484 2333 3947 3021 897 2533 2769 1188 985 660 2682 762 3983 820 1497 1210 2639 1570 1815 871 762 573 3602 3109 2190 2089 1602 1680 2102 585 731 933 919 497 1517 939 726 2120 1249
is_linear=0
shrinkage=0.03


Tree=7
num_leaves=63
num_cat=0
split_feature=84 31 5 29 31 64 52 5 5 29 77 5 63 64 12 32 5 47 63 53 40 12 33 1 17 5 52 63 41 65 58 12 34 17 26 31 64 69 32 29 61 67 47 33 31 42 12 57 0 64 32 63 64 52 57 63 53 18 57 40 8 30
split_gain=2057.76 589.109 221.955 292.172 143.607 112.836 72.434 72.3271 89.0249 64.8937 71.57 58.4266 52.1098 50.0836 60.1725 44.7764 44.3468 44.3052 40.8793 39.9704 33.6073 35.0221 32.5046 31.8218 30.7126 34.9598 30.8682 27.7736 27.3889 40.9099 27.3586 27.1781 26.1877 25.6729 25.5479 33.2808 23.7938 23.4255 23.0492 22.244 26.6727 22.0714 24.7863 21.9718 21.9224 21.3528 21.2265 20.9921 20.8479 20.3667 20.2964 21.6334 19.5842 18.9691 21.5129 18.868 18.3965 17.8024 17.7736 17.5554 27.0312 20.0978
threshold=1.0000000180025095e-35 0.55250000953674328 0.0014380452921614053 -0.83141824603080738 0.27250000834465032 0.96304282546043407 -0.19751764088869092 -0.00060582856531254936 0.00088445039000362169 0.65933069586753856 -0.18560015410184857 -0.00072207872290164221 0.95819556713104259 -0.82288655638694752 0.017609894275665287 0.25749999284744268 0.00070856171078048657 1.0066549181938174 0.1456510201096535 0.72183042764663707 -19.367568016052243 0.011656271759420635 1027.827575683594 0.0001716351980576292 78.961574554443374 -0.00066841862280853082 -0.20716879516839978 0.9556623399257661 -44.726808547973626 -111.49999999999999 -0.2309605851769447 0.011045065708458425 1.2738808989524844 26.45436000823975 0.27527540922164923 0.82749998569488536 -0.96868926286697377 10993.500000000002 0.16250000149011615 -1.1352217197418211 -2.8767715692520137 545.50000000000011 1.0030137896537783 2537.9277343750005 0.042500000447034843 31.284148216247562 0.0077751863282173881 33.500902175903327 21.500000000000004 -0.86493045091629017 0.71750000119209301 0.95305636525154125 -0.8959035575389861 -0.054019128903746598 35.483316421508796 -0.2185685262084007 0.91175270080566417 50.529758453369148 39.963384628295906 0.87307178974151622 -0.00053241170826368023 0.075000001117587103
decision_type=2 2 2 2 2 2 2 2 2 2 2 2 2 2 2 2 2 2 2 2 2 2 2 2 2 2 2 2 2 2 2 2 2 2 2 2 2 2 2 2 2 2 2 2 2 2 2 2 2 2 2 2 2 2 2 2 2 2 2 2 2 2
left_child=1 4 3 6 11 9 -3 15 19 10 49 -1 16 41 28 -6 20 24 22 46 48 43 34 -11 25 26 -2 -21 37 -30 -16 -31 52 39 -7 -36 -27 -15 -10 -8 -41 42 59 -22 -38 -23 -9 -26 -13 -5 51 -46 55 54 -17 -4 -33 -58 -18 61 -61 -12
right_child=17 2 32 5 7 18 33 8 38 23 13 12 -14 14 30 53 58 -19 -20 27 21 45 -24 -25 47 36 -28 -29 29 31 -32 56 -34 -35 35 -37 44 -39 -40 40 -42 -43 -44 -45 50 -47 -48 -49 -50 -51 -52 -53 -54 -55 -56 -57 57 -59 -60 60 -62 -63
leaf_value=-0.0059057272604693106 -0.0041246548235132933 -0.03449151134206329 -0.0099356982054213221 -0.0081405413850763452 -0.021474444789363327 0.014935440286121598 -0.026823585369993991 0.0050788467919404001 -0.027799079201067365 -0.023786254430389012 0.019129452903287113 0.029738647987780698 0.039326507146382805 0.024325490603356134 -0.00053008391715740589 0.0022104618090274418 0.0028478206485236094 0.0010863954531241963 0.029051340963255477 0.0047286679640523707 0.011565457611590408 0.0055575403448440142 0.024128831650765101 -0.0047477578728953715 0.024256386100774831 0.042548617079043671 0.023013648613717911 0.020387530597335814 -0.017373276023292812 0.0099234568140587134 -0.025140970634781476 -0.017589273367817383 -0.014111358792400325 -0.03243582306917886 0.003336967970975322 -0.028425861682202805 0.033352439057965123 -0.0029861932317905636 -0.0093426988314686942 0.01045106970589579 -0.014806817211469493 -0.0062773111757420414 -0.0094909472746482013 0.032377603475538447 0.021801268046298207 -0.01685288650807527 -0.012320376773808872 0.0042946886378724411 0.009962558040231332 -0.026366401240588748 0.034502620828197605 0.036940886556977796 -0.036551302298430385 0.012250886295687182 -0.016452656831155647 -0.032830504012230304 -0.0096326255640076207 0.0081560711600933578 -0.017832821330041902 0.0041286177144381877 0.031448571409919641 -0.0037073730505591995
leaf_weight=196.86241352558136 50.220166698098183 531.81582637131214 54.774908065795898 76.977175205945969 269.61728799343109 51.532435670495033 56.052645295858383 96.928703442215919 86.459615111351013 362.13367396593094 53.42662812769413 146.10597731173038 58.655000522732735 52.445850625634193 50.015447661280632 101.33937744796276 121.77287343144417 61.925424858927727 75.426552087068558 780.92149530351162 479.60102587938309 112.02854581177235 52.843097433447838 101.06497357785702 107.33027014136314 116.69959877431393 151.5658286511898 117.24773564934731 205.88896897435188 136.91887693107128 217.14368639886379 89.641165971755981 70.029604896903038 62.659228622913361 69.247673019766808 51.971368402242661 538.65739142894745 61.299729868769646 205.98495732247829 62.255285367369652 95.122184529900551 151.03805060684681 63.477754130959511 50.45648267865181 688.24880926311016 58.113973736763 180.83747129142284 84.933065250515938 71.43169142305851 194.8795523494482 194.15361939370632 96.905034184455872 446.465840741992 50.943187117576599 123.12294858694077 79.294035077095032 107.76964646577835 95.502183213829994 53.981665685772896 58.868103533983231 73.032085373997688 98.862342596054077
leaf_count=794 201 2191 224 312 1094 207 230 389 352 1472 215 585 235 211 202 409 491 248 303 3133 1921 449 212 411 430 469 607 470 831 551 879 362 288 255 279 210 2162 247 834 252 386 609 256 202 2759 233 726 340 286 793 778 389 1840 205 497 327 435 385 218 237 294 399
internal_value=-0.000187219 -0.00763701 -0.0154027 -0.0122966 0.00162399 -0.00731804 -0.0280192 -0.00345088 1.32509e-05 -0.00962545 -0.00703191 0.00919826 0.011779 -0.00448908 -0.00830902 -0.0127838 0.0103014 0.0260832 0.00993183 0.00369698 0.0129452 0.00974533 0.00353931 -0.0196323 0.0268462 0.0280406 0.0162595 0.00677279 -0.0039514 -0.00637727 -0.0205335 -0.00111019 -0.0314413 -0.0155521 -0.00275884 -0.010281 0.0294949 0.00960669 -0.0147992 -0.0105953 -0.00481532 0.00329799 0.00745782 0.0135466 0.0284913 -0.00209698 -0.00624878 0.0154382 0.0232449 -0.0212057 0.0258175 0.0236698 -0.0335318 -0.00427585 -0.0080267 -0.0234767 -0.00626775 -0.00127505 -0.00350408 0.0112436 0.0192555 0.00430433
internal_weight=9462.93 7372.29 4009.88 3359.31 3362.41 2551.41 807.905 2013.4 1468.38 2250.39 1787.19 1349.01 1152.15 1515.33 1016.63 545.023 1093.49 2090.64 301.021 1175.94 917.738 700.2 225.595 463.199 2028.71 1836.45 201.786 898.169 749.466 635.721 267.159 429.832 650.564 276.089 172.751 121.219 1634.66 113.746 292.445 213.43 157.377 498.705 347.667 530.058 1517.96 170.143 277.766 192.263 217.538 271.857 979.307 785.154 580.535 275.406 224.462 134.069 292.913 203.272 175.755 284.189 131.9 152.289
internal_count=38211 29828 16305 13626 13523 10312 3314 8109 5904 9101 7218 5414 4620 6113 4103 2205 4385 8383 1211 4718 3676 2805 908 1883 8135 7365 808 3603 3022 2564 1081 1733 2679 1123 696 489 6557 458 1186 868 638 2010 1401 2123 6088 682 1115 770 871 1105 3926 3148 2391 1111 906 551 1182 820 709 1145 531 614
is_linear=0
shrinkage=0.03


Tree=8
num_leaves=63
num_cat=0
split_feature=84 10 29 29 5 5 52 52 10 31 66 63 29 60 52 66 52 47 61 41 29 52 12 43 52 41 52 41 41 57 41 63 66 30 29 4 5 32 4 29 25 5 52 61 78 39 29 5 63 52 39 80 42 12 63 51 81 23 32 29 39 80
split_gain=1909.56 777.209 175.176 241.576 172.674 149.229 100.398 84.3085 62.6864 56.0148 59.5585 57.5167 52.7093 50.7317 47.1338 46.0428 40.3087 39.6344 38.529 30.6973 30.2122 29.0044 27.5826 38.2248 26.4724 26.0972 25.2168 24.961 24.7805 24.407 24.23 29.0278 38.3826 26.0789 36.7023 24.2002 29.165 32.431 27.0391 22.2704 22.1234 21.9851 44.0147 23.1834 21.6826 37.2463 23.013 21.5403 20.5225 21.4139 21.476 24.0066 20.4117 23.7796 20.2782 20.265 19.4046 19.2521 19.07 19.0662 20.9086 18.5897
threshold=1.0000000180025095e-35 0.11345345526933671 -1.0295106172561643 0.75326469540596019 -0.00070898010744713236 0.00069463954423554252 -0.28124441206455225 0.27730427682399755 0.055291593074798591 0.31749999523162847 632.50000000000011 0.96759679913520824 -0.61663898825645436 13.3707332611084 0.19777349382638934 656.50000000000011 -0.085708718746900545 1.0066549181938174 1.0854999423027041 -4.0478684902191153 -0.88792872428894032 0.12285475432872774 0.0088855680078268068 -20.123704910278317 0.20866684615612033 8.8251357078552264 -0.24225606024265287 -35.252496719360344 -53.128269195556634 15.925835609436037 -12.587533950805662 0.1326885595917702 -178.49999999999997 0.67499998211860668 0.35830152034759527 0.00095748421153984975 -0.00042964404565282161 0.90749999880790722 -0.00058903449098579575 0.31411573290824896 13.689884662628176 0.00027510193467605864 -0.10004316642880438 6.0055789947509775 0.047217598184943206 0.55870005488395702 0.55336213111877453 -0.0011086861486546693 0.9556623399257661 0.17544251680374148 0.78508198261260997 15.408072471618654 9.5770072937011737 0.0094990851357579249 0.95037782192230236 0.045288616791367538 0.20136915147304538 3.5000000000000004 0.54250001907348644 0.95454317331314098 0.74487882852554332 29.366417884826664
decision_type=2 2 2 2 2 2 2 2 2 2 2 2 2 2 2 2 2 2 2 2 2 2 2 2 2 2 2 2 2 2 2 2 2 2 2 2 2 2 2 2 2 2 2 2 2 2 2 2 2 2 2 2 2 2 2 2 2 2 2 2 2 2
left_child=1 4 -3 6 12 9 47 13 24 11 16 22 40 15 59 20 29 19 52 26 -8 -7 41 -24 54 -21 -10 -9 -23 -11 33 32 -32 34 35 36 37 -22 -38 -28 -1 42 43 -6 45 -35 -47 -4 49 50 51 -20 -18 -54 -2 -14 -51 -30 -31 60 -5 -42
right_child=8 2 3 14 5 21 7 27 17 10 -12 -13 55 -15 -16 -17 18 -19 48 25 30 28 23 -25 -26 -27 39 -29 57 58 31 -33 -34 44 -36 -37 38 -39 -40 -41 61 -43 -44 -45 -46 46 -48 -49 -50 56 -52 -53 53 -55 -56 -57 -58 -59 -60 -61 -62 -63
leaf_value=-0.0054317163735655184 0.030553836974020802 -0.03463349159909454 -0.029552910669830366 -0.026252533265845566 -0.0038082684912298108 0.0054470229445873009 -0.02227283853373286 -0.010493650153616771 0.0031865655702166622 -0.024283075117119166 0.029734654768856082 0.045067536592208572 -0.010063924448778426 0.018941082489880735 -0.034749507622739997 0.015314717795406505 0.029269514107798267 -0.0030421257361758045 0.015418935873597002 0.0021749546819584587 -0.013183557734469416 0.0069084201501376724 0.025800790658843775 0.0032725966277047922 0.0095448885956447588 0.026975165280831402 0.027125057702548888 -0.032455183646723451 -0.016483942234808851 -0.007129363443611098 -0.020546374832052482 -0.022362633866111932 0.001194227889408228 -0.0074487834090507365 -0.023341865868593235 -0.018807674811046973 -0.014746165507590241 0.0078768482406834702 0.008059022277908617 0.01370153081005504 -0.029290338178891276 0.0067354513082414739 0.028604483620574054 0.01931037626797515 -0.010511956879393781 0.026870742388368431 0.0014576284353451162 -0.010643254763005166 0.016332439014546566 -0.022054412285421144 0.017999491224821119 -0.0034870026573532091 0.022292754945639141 -0.0024000663933051486 0.046018451313620749 0.0044503145144583886 0.0028666277867493177 0.0006106997770154145 0.008352455410456535 -0.027265505465728868 -0.0023428110645801904 -0.0092613511187944336
leaf_weight=68.458163395524025 810.07459887862206 446.11437286436558 257.4598091840744 53.297508522868156 74.832332596182823 120.3318023532629 119.5405405908823 68.067339718341827 49.966418042778969 51.128261774778366 81.14241860806942 51.414082318544388 189.36356598138809 72.107754841446877 497.93049086630344 81.785335466265678 83.116824775934219 61.437303572893143 77.590849325060844 118.17174237966537 290.0226586163044 60.691998600959778 82.184036582708359 386.89809381961823 49.83605869114399 56.420565322041512 738.30520224571228 147.53288125991821 350.64016899466515 214.95867446064949 116.68313902616501 169.04569505155087 195.60603189468384 87.00592228770256 108.1166215389967 96.124235302209854 57.06116409599781 85.120520815253258 259.98873859643936 130.96517001092434 185.03924131393433 135.83945497870445 246.03220339119434 81.616416990756989 76.948177322745323 87.918599233031273 50.485900238156319 68.678411528468132 89.263911679387093 62.150458693504333 79.030265986919403 273.57995916903019 73.613604754209518 67.088380843400955 84.248761013150215 159.49963621795177 51.356046512722969 71.359443664550781 107.37395611405373 136.31036134064198 86.081095799803734 53.840992882847786
leaf_count=278 3258 1852 1055 217 300 484 487 278 200 206 325 206 766 291 2065 329 333 246 311 473 1175 245 329 1550 200 226 2962 605 1421 865 473 684 791 351 439 389 230 344 1047 525 755 544 985 327 311 354 204 279 358 250 317 1098 295 269 340 643 207 289 431 559 350 219
internal_value=-0.000140828 -0.00735326 -0.0169993 -0.0145927 0.00252025 0.00559436 -0.0100517 -0.00771841 0.0250906 0.00898442 0.00484039 0.014117 -0.0114085 -0.00575359 -0.0292395 -0.00670003 0.00319846 0.0204042 0.00678363 0.0217211 -0.00770048 -0.00773041 0.0125374 0.00721958 0.0308248 0.0101893 0.0239114 -0.0255217 -0.0110155 -0.00502659 -0.00666366 -0.0123492 -0.00692889 -0.00438081 -0.00695059 -0.00470255 -0.00274378 -0.00840492 0.00395465 0.0251027 -0.0204672 0.0171712 0.0206934 0.0082523 0.00323809 0.00793193 0.0176008 -0.0255709 0.00300065 0.000811881 0.00387005 0.000690246 0.0174821 0.0105189 0.0320107 -0.00342804 -0.0107789 -0.0135933 -0.00197213 -0.0192878 -0.0114857 -0.024776
internal_weight=9443.89 7344.47 3715.03 3268.92 3629.44 2973.23 2495.3 2169.16 2099.43 2370.21 1311.39 1058.82 656.202 1953.56 773.619 1881.45 1230.25 1155.27 856.79 1093.83 1799.67 603.023 1007.4 469.082 944.159 174.592 919.237 215.6 482.692 373.461 1680.13 481.335 312.289 1198.79 896.434 788.317 692.193 375.143 317.05 869.27 307.338 538.32 402.481 156.449 302.359 225.41 138.404 326.138 632.971 543.708 430.201 351.171 223.819 140.702 894.323 348.863 113.507 422 322.333 275.689 139.379 238.88
internal_count=38195 29765 15159 13307 14606 11945 10116 8782 8430 9506 5265 4241 2661 7899 3191 7608 4940 4632 3438 4386 7279 2439 4035 1879 3798 699 3687 883 1955 1502 6792 1948 1264 4844 3624 3185 2796 1519 1277 3487 1252 2156 1612 627 1220 909 558 1334 2541 2183 1726 1409 897 564 3598 1409 457 1710 1296 1126 567 974
is_linear=0
shrinkage=0.03


Tree=9
num_leaves=63
num_cat=0
split_feature=83 83 83 52 52 83 12 10 64 12 40 83 64 64 54 14 10 53 52 77 60 41 57 59 14 12 17 50 54 82 63 65 53 42 17 14 15 52 60 64 44 57 90 63 47 77 26 70 16 54 57 57 83 9 83 60 64 47 28 82 52 17
split_gain=2241.42 459.619 205.879 115.114 170.977 85.4457 64.2071 61.8696 51.8997 54.5025 49.7525 47.0243 45.2982 46.5883 42.5748 52.0055 39.0255 43.3918 33.1092 41.8022 34.0862 30.2104 29.0708 26.5432 26.3882 26.563 25.8832 25.8775 25.7948 24.68 24.3531 24.2366 24.1194 23.9242 22.6052 22.5772 25.0927 21.8434 22.0118 21.5726 24.1931 21.4558 21.4187 21.2332 24.6067 20.7957 20.5417 20.8721 20.439 20.1938 19.7037 19.261 19.1702 19.032 19.0294 18.5504 18.4851 18.4013 18.2736 18.0717 17.9468 17.7499
threshold=0.19781456142663958 0.88207319378852855 0.02615575306117535 -0.17387241125106809 0.16239389777183535 1.543337941169739 0.012047060765326025 0.056329838931560523 0.94336524605751049 0.010944090783596041 -23.34560394287109 0.52618610858917247 0.94762688875198375 -0.86493045091629017 -0.26842699944972986 0.0085393111221492308 0.092804130166769042 1.096885681152344 0.30542688071727758 -0.19156140089035031 5.2281041145324716 -6.7963244915008536 18.48142242431641 -0.30007414519786829 0.025813775137066845 0.017854304052889351 30.06101226806641 1.0024830102920534 -1.0016786754131315 45.523401260375984 0.041439602151513107 -900.49999999999989 0.85988211631774913 38.252489089965827 41.426567077636726 0.012365843169391157 37.160448074340827 -0.31866346299648279 4.1558067798614511 0.10669767111539842 4.95400094985962 24.934078216552738 -1.605332553386688 0.95037782192230236 1.0019105076789858 -0.23640084266662595 1.4494879245758059 7495.5000000000009 84.50220108032228 0.96427923440933239 52.648048400878913 54.15705871582032 0.46516628563404089 -0.00074816038249991823 0.53613510727882396 4.2895150184631357 -0.75039777159690846 0.99642986059188854 0.49170465767383581 -35.761859893798821 -0.20383755862712857 86.161594390869155
decision_type=2 2 2 2 2 2 2 2 2 2 2 2 2 2 2 2 2 2 2 2 2 2 2 2 2 2 2 2 2 2 2 2 2 2 2 2 2 2 2 2 2 2 2 2 2 2 2 2 2 2 2 2 2 2 2 2 2 2 2 2 2 2
left_child=2 3 7 11 6 14 23 28 9 22 52 26 13 30 18 -16 39 -18 19 -3 -21 27 -4 -5 25 43 45 51 -1 34 42 -25 -11 -7 55 -22 -37 -13 -39 -12 -41 -23 -8 44 53 -2 47 -17 -30 50 -43 60 -6 -15 59 -24 -47 -55 -58 -33 -9 -19
right_child=1 5 8 4 10 33 12 21 -10 32 16 37 -14 24 15 46 17 61 -20 20 35 41 29 31 -26 -27 -28 -29 48 -31 -32 54 -34 -35 -36 36 -38 38 -40 40 -42 49 -44 -45 -46 56 -48 -49 -50 -51 -52 -53 -54 57 -56 -57 58 -59 -60 -61 -62 -63
leaf_value=0.038186353771582707 -0.021965946272686086 -0.02451763606027843 0.026904257941071461 0.022724815526169576 0.019671335188457578 -0.032957697816417643 0.029992215556408918 0.0083332724961461251 0.029929114038315503 -0.0073401920754622256 -0.01605323302484658 -0.032711081570735226 0.018889429124779613 0.0099963655315459168 -0.0035268707846544552 -0.029750791793620952 -0.02773049200199313 -0.0022179444402209577 -0.028974476149649677 -0.013022865167508713 0.017899323136251706 -0.0068018221662407823 -0.0033300116890151907 -0.0094759528751090887 0.0078899852396043021 -0.019294889461914058 0.011724125327487258 0.005281535214282599 0.02853171979478988 -0.00094199930057155018 -0.0089345856871954829 0.0037954511577080316 0.0052376614237662879 -0.017007689650085398 0.023784947563456754 0.011889914680983859 -0.014934985847578915 -0.0047260486754961721 -0.023564615960642247 -0.0096927031894991616 0.015164987530921605 0.023443320104756655 0.0062079076717113327 0.0072257649109811594 -0.022959208658762404 -0.019802275489130321 -0.033798600597432997 -0.013373404239025413 0.01344436820107516 0.030934674032788451 0.0016938112666555196 0.015442856994483578 -0.0065934687548107824 0.0062844469225384935 0.0014713413133436912 0.01529864835171371 -0.008428304313660432 -0.013965617700864666 0.010328332987918297 0.015526203761099608 0.026894666031966313 -0.021394918144215177
leaf_weight=231.07850846648216 110.66692526638508 149.96472172439098 123.78308869898319 100.24156676232815 49.687388181686401 651.17099285125732 51.207667395472527 50.412537753582001 99.593475893139839 197.91859541833401 120.76783983409405 129.21259865164757 80.719558373093605 60.629577159881592 95.052044332027435 148.41991816461086 315.61922869086266 115.43021014332771 104.24873560667038 280.88671480119228 64.101144373416901 51.933626905083656 77.353562235832214 78.518539533019066 82.657584175467491 197.34367977082729 51.231053814291954 78.389957711100578 703.82526709139347 123.67852720618248 56.143101304769516 183.21366468071938 447.35541620850563 97.280623272061348 143.55901382863522 53.419925346970558 76.083752796053886 81.684643909335136 176.30562853813171 80.711823731660843 62.544706329703331 58.415134519338608 101.85976898670197 86.861013755202293 89.405188351869583 71.310897588729858 253.64563323557377 132.61216811835766 91.294265553355217 52.135044068098068 104.6415983736515 219.47548054158688 50.358641907572746 53.496706232428551 264.8232125043869 127.25598202645779 138.94179792702198 164.80241677165031 70.450721949338913 333.03882412612438 669.48249866068363 69.649395778775215
leaf_count=933 451 620 496 402 200 2715 206 202 399 795 489 531 324 244 386 610 1290 468 433 1145 259 208 310 315 335 799 206 314 2837 496 226 736 1796 404 575 218 309 331 720 325 252 234 410 350 361 289 1042 544 367 209 419 880 204 216 1065 510 563 665 284 1335 2690 285
internal_value=4.20924e-05 -0.0115718 0.0184459 -0.00517388 -0.00231053 -0.0227454 0.00253969 0.023871 0.00909264 0.00742033 -0.0134436 -0.0150073 -0.00268122 -0.00452489 -0.0182609 -0.0239741 -0.0160463 -0.0209676 -0.0133237 -0.0107109 -0.00634729 0.0194844 0.0139643 0.00811575 -0.00807932 -0.0101022 -0.00832756 0.021841 0.0293635 0.0105697 0.00796591 0.00641211 0.00137978 -0.0308846 0.014659 0.00333781 -0.00386979 -0.0226427 -0.0176 -0.00671355 0.00115997 0.0105053 0.0141648 -0.00611679 -0.00926325 -0.0109524 -0.0276091 -0.0220227 0.0267994 0.0146821 0.00948558 0.0232229 0.00645082 -0.00487327 0.00800928 0.008256 -0.00661026 -0.00900311 -0.00211758 0.0113631 0.0255949 -0.00943465
internal_weight=9438 5786.42 3651.58 3679.54 2849.73 2106.89 1984.96 2311.08 1340.5 1240.9 864.769 829.804 1025.13 944.407 1358.43 629.73 764.723 500.699 728.705 624.456 474.492 1284.89 595.63 959.836 735.196 652.539 442.601 1017.76 1026.2 471.847 209.211 859.594 645.274 748.452 348.169 193.605 129.504 387.203 257.99 264.024 143.257 267.125 153.067 455.195 368.334 391.37 534.678 281.032 795.12 215.192 163.057 939.371 100.046 278.929 781.076 204.61 280.703 218.299 209.393 516.252 719.895 185.08
internal_count=38232 23562 14670 14877 11502 8685 7989 9293 5377 4978 3513 3375 4136 3812 5566 2582 3109 2043 2984 2551 1931 5156 2387 3853 2970 2635 1793 4086 4137 1891 842 3451 2591 3119 1395 786 527 1582 1051 1066 577 1070 616 1836 1486 1587 2196 1154 3204 862 653 3772 404 1125 3136 820 1136 881 847 2071 2892 753
is_linear=0
shrinkage=0.03


Tree=10
num_leaves=63
num_cat=0
split_feature=83 83 83 5 5 5 5 5 5 61 5 5 5 4 17 3 52 64 52 64 64 53 81 18 70 53 3 42 64 52 64 17 64 16 2 34 40 3 4 54 57 56 41 59 77 77 3 56 42 90 41 22 4 82 40 26 59 32 32 73 41 52
split_gain=2130.16 389.596 287.235 136.924 175.897 69.3158 69.9195 47.6318 57.4211 45.3122 49.6992 40.0965 41.2915 38.9026 35.9198 35.2897 33.7765 34.1787 29.6875 35.8396 29.6483 26.1252 25.2175 24.8514 25.4426 33.37 30.0346 27.4466 24.7078 24.6531 24.3062 24.1222 23.8511 21.2316 20.3817 19.7916 21.2428 19.2301 18.4622 18.2314 18.4253 20.5537 24.6485 18.467 18.1234 18.0917 18.5734 17.6727 17.393 17.0223 16.8051 22.5062 16.5694 20.0662 17.6742 16.4938 16.3068 16.2726 16.0831 15.9709 15.9173 15.1973
threshold=0.26083885133266455 1.098827660083771 0.02615575306117535 -0.00093361694598570455 0.00090214307419955741 0.00067948389914818119 -0.00037611019797623152 0.0014756770106032493 -0.0010431629489175973 -1.386652886867523 -0.00058367359451949586 -0.00061807251768186678 0.00070856171078048657 -0.0010284185991622505 84.842945098876967 0.00036640102916862821 0.15147592872381213 0.11970336735248567 -0.34447248280048365 -0.87142586708068837 -0.96535655856132496 1.1259219050407412 -0.27837121486663813 76.123012542724624 10963.500000000002 1.1538270115852358 0.00060836345073767017 11.802024841308596 0.92961356043815624 -0.20716879516839978 0.90905222296714794 81.354038238525405 0.94336524605751049 77.907955169677749 -0.00039694659062661225 1.0146895647048952 -20.470543861389157 6.9211171648930772e-05 0.00075426616240292798 -1.3874605894088743 17.408953666687015 7.6236054897308358 14.860534191131594 0.8771427869796754 -0.20378968119621274 -0.24053423851728437 -0.00033353980688843871 9.6713781356811541 5.0164856910705575 -2.4625895023345943 -41.970575332641594 18.500000000000004 -0.00058903449098579575 45.523401260375984 -21.523406982421871 1.5200750231742861 -0.68161344528198231 0.17249999940395358 0.59250000119209301 0.79117402434349071 -28.309863090515133 0.1348596587777138
decision_type=2 2 2 2 2 2 2 2 2 2 2 2 2 2 2 2 2 2 2 2 2 2 2 2 2 2 2 2 2 2 2 2 2 2 2 2 2 2 2 2 2 2 2 2 2 2 2 2 2 2 2 2 2 2 2 2 2 2 2 2 2 2
left_child=2 3 11 18 9 6 35 8 56 -5 34 29 20 -12 15 -6 23 48 -2 22 -13 38 -20 24 26 -26 27 58 -23 -1 45 39 50 -25 -11 36 -4 -19 52 -22 57 42 43 -42 -36 -21 -47 -34 -18 55 51 -10 -8 54 -54 -38 -3 -41 -15 -51 -14 -55
right_child=1 7 5 4 14 -7 21 -9 32 10 13 12 60 16 -16 -17 17 37 19 30 31 28 -24 33 25 -27 -28 -29 -30 -31 -32 -33 47 -35 44 -37 49 -39 -40 40 41 -43 -44 -45 -46 46 -48 -49 -50 59 -52 -53 53 61 -56 -57 -58 -59 -60 -61 -62 -63
leaf_value=-0.0016042854715262896 -0.029612573092465792 -0.01422225527312249 0.014206575655247916 0.013108147573597571 -0.017959781750307713 -0.0056780745250800662 -0.0011141688605664107 -0.035112888363564576 0.00036528013596201178 0.0023998290582063352 -0.024309651517770998 0.039811412941484478 0.022654516777891893 0.013289443337588431 -0.023631489214390081 0.0012024127901909475 -0.0024083531673495472 -0.0085256510389957862 0.013829536479323086 -0.030984284387698773 0.033004133948751763 0.018389254165099529 -0.015138634083881376 0.023545660096286544 0.0031730980427676211 0.024332980344450372 -0.022010050704456545 -0.0047753559949743844 0.042751819189927223 0.018208560680785354 -0.0021671921848286902 0.010759473158201515 0.0092221239664839055 0.0042689220966798166 -0.030022514633288366 0.016986233371616664 0.018932775304555279 0.010819828916385792 -0.0043614332063185305 0.0380812480768115 0.021451728789648548 0.029199389022825022 0.0404403917771518 0.0098326371373230973 -0.011546699512798434 -0.010663502889138563 -0.02554368481926007 -0.016013857628894266 -0.021856436340400232 -0.0026862556376408241 -0.021960089831181393 -0.02477232509099029 0.03443354369635105 0.015593054395265923 0.016503358552415304 -0.0045593820996226034 -0.032314864432232221 0.019659146646586412 -0.0033713023514428142 -0.019485296446111036 0.0061933189940220207 -0.0035669744800222443
leaf_weight=77.608074724674225 171.06843289732933 50.054314643144608 81.176933705806732 206.29587239027023 219.37440010905266 306.17078749835491 58.639178991317749 348.16014215350151 79.028697520494461 70.858279153704643 55.170557588338852 136.11358501017094 86.851596191525459 168.25946506857872 377.2316567748785 142.8019754588604 61.1168302744627 81.37593637406826 57.314373925328255 127.27424667775631 285.30136367678642 128.55712987482548 51.212589234113693 95.388233587145805 293.63996914029121 86.935662001371384 59.64968341588974 379.24120366573334 52.874829560518265 208.03702676296234 67.814655616879463 97.371813967823982 50.127578154206276 111.56923998892307 61.321153372526169 70.702009618282318 57.288759365677834 107.12018847465515 52.652106836438179 148.77981625497341 515.4795413762331 330.98400196433067 50.314744725823402 161.73759967088699 216.43547815084457 164.04030786454678 139.86301338672638 49.773443549871445 128.20415733754635 277.50547118484974 453.33129370212555 53.92979396879673 56.642914712429047 74.905359879136086 391.15961241722107 50.703955128788948 429.89694561064243 60.784736335277557 75.564914435148239 62.383073017001152 135.1110638231039 74.130133017897606
leaf_count=311 708 210 326 828 897 1235 235 1475 323 286 223 551 349 675 1554 580 247 328 233 524 1152 515 208 383 1180 349 240 1524 212 836 276 391 204 448 250 284 230 431 211 601 2078 1334 203 650 876 670 574 203 519 1116 1865 221 227 300 1567 204 1802 245 304 251 542 297
internal_value=5.03465e-05 -0.0125195 0.0163097 -0.00736408 -0.00445265 0.00732236 0.00999495 -0.0253753 -0.0224681 -0.000294184 -0.00164167 0.0233425 0.024838 0.000470642 -0.0171526 -0.0104043 0.00130019 -0.00657471 -0.0185731 -0.0154645 0.0263539 0.0153323 0.0001598 0.00364246 0.0017912 0.00800669 -0.00167358 0.000273343 0.0254893 0.0128255 -0.0188627 0.0252442 -0.0169007 0.0131537 -0.0119619 0.0020786 8.63789e-05 0.00246816 0.01273 0.0261522 0.0246106 0.0230016 0.0201819 0.0186768 -0.0156257 -0.0214885 -0.0175117 -0.00335114 -0.0155782 -0.00247286 -0.0192094 -0.00983088 0.0141029 0.0155979 0.0187714 0.00790291 -0.030428 0.0327379 0.00812602 -0.00576955 0.0126344 0.00606287
internal_weight=9380.41 5290.44 4089.97 3776.14 2997.55 1795.49 1489.32 1514.3 1166.14 2258.15 2051.85 2294.47 2008.83 1703.24 739.408 362.176 1648.07 377.817 778.588 607.519 1786.87 889.561 108.527 1270.25 1063.29 380.576 682.715 623.066 181.432 285.645 498.992 1650.75 686.191 206.957 348.615 599.76 529.058 188.496 708.129 1553.38 1268.08 1058.52 727.532 677.217 277.757 431.178 303.903 99.901 189.321 447.881 586.29 132.958 655.477 596.838 447.803 107.993 479.951 209.565 243.824 339.889 221.963 149.035
internal_count=38071 21618 16453 15315 12122 7210 5975 6303 4828 9091 8263 9243 8096 6851 3031 1477 6628 1525 3193 2485 7205 3564 441 5103 4272 1529 2743 2503 727 1147 2044 6654 2816 831 1412 2411 2127 759 2837 6263 5111 4265 2931 2728 1126 1768 1244 407 766 1801 2409 544 2626 2391 1794 434 2012 846 979 1367 891 597
is_linear=0
shrinkage=0.03


Tree=11
num_leaves=63
num_cat=0
split_feature=83 83 83 5 5 10 5 77 5 5 66 43 53 61 52 68 51 82 12 5 3 18 23 10 53 5 3 18 52 5 52 70 63 53 56 33 66 12 83 52 43 49 48 5 70 69 44 17 44 53 26 83 46 63 63 69 53 4 3 77 17 53
split_gain=1975.82 356.011 238.466 134.423 157.844 68.0319 59.83 62.6291 47.1147 56.6443 42.012 42.0286 39.3604 39.085 36.6477 34.1024 28.9514 28.4561 29.9721 27.2251 34.1195 33.5341 34.6478 27.1966 33.6865 26.105 27.3107 26.1097 25.3285 26.013 25.1408 24.8425 24.6019 23.8669 23.7773 23.7573 32.937 22.1248 21.5441 20.3877 19.6075 19.572 24.7147 20.5394 19.2109 18.8099 18.7342 18.5288 18.4733 17.971 18.9114 17.8965 17.7184 17.6939 19.8439 17.6391 17.6276 17.4937 17.3573 18.1356 17.2007 17.0102
threshold=0.26083885133266455 1.0874727964401247 0.054493138566613204 -0.00093361694598570455 0.00080016316496767115 0.056329838931560523 0.0014380452921614053 -0.2141681686043739 0.00067948389914818119 -0.00031217074138112361 656.50000000000011 -23.210459709167477 1.2164460420608523 5.6008827686309823 -0.21393965929746625 0.6078576147556306 0.038567634299397476 -71.485389709472642 0.014696165919303896 0.00040224273107014602 5.9481821153895005e-05 56.788726806640632 1.5000000000000002 0.032456129789352424 0.59662094712257396 -0.00032048574939835811 8.6938642198219909e-05 30.420306205749515 -0.18001282215118405 0.00085134984692558657 0.24994840472936633 7419.5000000000009 0.31109040975570684 1.314450800418854 12.657221317291262 301.07777404785162 545.50000000000011 0.0080333375371992605 0.62564605474472057 0.15387640148401263 4.4442207813262948 1.0001673102378847 1.0041049718856814 -0.00065626282594166685 6989.5000000000009 1613.5000000000002 5.9611775875091562 74.433845520019545 -0.91024279594421376 1.029390335083008 1.646465599536896 0.53083550930023204 1.000566899776459 -0.53176689147949208 0.02835773024708033 14220.500000000002 0.85096886754035961 -0.00047847823589108879 -0.00039064990414772177 -0.11232310533523558 82.006862640380874 0.99776089191436779
decision_type=2 2 2 2 2 2 2 2 2 2 2 2 2 2 2 2 2 2 2 2 2 2 2 2 2 2 2 2 2 2 2 2 2 2 2 2 2 2 2 2 2 2 2 2 2 2 2 2 2 2 2 2 2 2 2 2 2 2 2 2 2 2
left_child=2 3 5 14 10 16 7 -3 9 48 11 46 30 28 51 49 23 58 19 21 -21 25 40 -1 -25 26 -19 -27 -7 52 56 -9 38 44 53 -33 37 -37 -14 -22 -23 -15 43 -43 -16 -45 55 -17 -4 50 -11 -2 -30 -20 -55 -5 -6 -46 -13 -60 -58 -10
right_child=1 6 8 4 12 13 -8 31 61 15 -12 17 32 41 33 47 -18 18 34 20 39 22 -24 24 -26 27 -28 -29 29 -31 -32 35 -34 -35 -36 36 -38 -39 -40 -41 -42 42 -44 45 57 -47 -48 -49 -50 -51 -52 -53 -54 54 -56 -57 60 -59 59 -61 -62 -63
leaf_value=0.033725212982528049 -0.015086035058589905 -0.032514993978216805 -0.0039825844050414144 0.012503625599654825 -0.023114311522432842 0.00060770546502946898 -0.034980531282347051 -0.022484292657867593 -0.011893837612373068 -0.0017509525080653201 0.021067115939393786 -0.0012240344813788785 0.015450060974613232 -0.0042617865932410536 -0.024520851933490091 0.026509152175054475 0.036170941594268209 9.3643566306664849e-05 -0.022902823339773469 -0.017482700165172872 0.014709872323810621 0.016980147500754564 0.023219324116261906 0.0059583837363462551 0.024463469262792449 0.017978806793088022 -0.021680322010692889 -0.00058148370145903662 0.022959087874979699 0.0062910352308846642 -0.025873398197624575 -0.024443955052453833 -0.018640874100981739 0.0055537151248221594 0.011304370156312912 0.0064022224282759433 0.014323777748660694 -0.015515397328382535 -0.0079950608244011533 -0.0063275525137005432 -0.0066484912611802669 -0.0007239664090943343 -0.0041351313202490272 0.00091275601855501064 0.0011096833840442517 0.02055161902241295 0.020739211475385041 0.0074020132128918914 0.0067060469964170246 0.018488609128791317 0.013224709918447914 -0.028049120934629204 0.040950551649684377 0.0054522723681198169 -0.012416783123121266 -0.0055350909188876312 -0.0014288331535521263 -0.018674289490785402 -0.025315598187698945 -0.0067622374983603972 -0.018663180366439974 0.0034373687086727061
leaf_weight=210.63557568192482 140.45881871879101 311.930170327425 263.89136898517609 109.62008875608444 115.71798896789551 50.592145040631294 360.60099256038666 384.32452072203159 146.68359082937241 162.99527661502361 81.870806127786636 103.76490588486195 65.952554553747177 65.667217701673508 107.70037263631821 223.98360624909401 244.77008862793446 146.41123189032078 82.33290433883667 131.95511420071125 73.790913224220276 50.089048489928246 143.31275664269924 107.254095479846 507.28701004385948 104.50400476157665 80.266728237271309 196.43660561740398 679.068115696311 80.434828564524651 281.88148556649685 109.85941290855408 71.819566741585732 64.953434661030769 50.344113528728485 49.122763991355896 49.113479167222977 265.40971431136131 75.836074262857437 94.62511795759201 85.661682114005089 60.336644843220711 65.392455399036407 50.260756835341454 85.821038737893105 346.45118597149849 94.11129529774189 57.378156960010529 324.44884534180164 131.51601769030094 142.01468421518803 301.80628351867199 53.117959156632423 80.43031445145607 183.63940308988094 87.91473400592804 125.47021435201168 75.711963340640068 99.560132727026939 90.534480601549149 89.152321323752403 117.15276159346104
leaf_count=854 577 1320 1061 440 473 203 1540 1588 593 653 328 419 267 264 441 898 996 590 333 532 296 201 575 433 2052 419 324 788 2733 323 1167 455 294 263 203 201 202 1095 310 382 344 242 262 202 350 1393 378 230 1304 527 569 1253 214 324 742 353 511 310 405 365 366 472
internal_value=-8.8941e-06 -0.0120921 0.0156552 -0.00714229 -0.00426024 0.0213707 -0.0242969 -0.0210035 0.00647709 0.00881269 -1.4157e-05 -0.00084024 -0.0154236 0.0171394 -0.0182666 0.0144683 0.0271101 -0.00255407 -0.000885553 0.00164991 -0.00605991 0.00452069 0.0129312 0.0244224 0.0212338 7.22768e-05 -0.00761652 0.00586372 0.0212031 0.0224853 -0.0192922 -0.0168176 -0.00433561 -0.0107688 -0.00796032 -0.0122181 -0.00852464 -0.0120924 0.00291037 0.00288992 0.00206996 0.0111749 0.0131152 0.0155833 -0.0147067 0.0180635 0.00972352 0.0226126 0.00191182 0.00921882 0.00522182 -0.0239322 0.0242643 -0.0107601 -0.00697423 0.00447532 -0.0136764 -0.00816324 -0.0110926 -0.0164794 -0.00858783 -0.00508623
internal_weight=9395.15 5303.82 4091.33 3773.46 2997.01 2521.27 1530.36 1169.76 1570.06 1306.23 2171.18 2089.31 825.83 1451.32 776.452 717.888 1069.95 1797.66 1503.8 1107.05 300.371 806.682 279.063 825.177 614.541 527.619 226.678 300.941 863.213 812.621 612.222 857.83 213.608 334.187 396.747 473.505 363.646 314.532 141.789 168.416 135.751 588.108 522.441 457.049 269.233 396.712 291.646 281.362 588.34 436.526 305.01 442.265 732.186 346.403 264.07 197.535 330.341 161.533 293.86 190.095 214.623 263.836
internal_count=38202 21724 16478 15323 12129 10171 6401 4861 6307 5242 8741 8413 3388 5836 3194 2877 4335 7242 6053 4451 1210 3241 1120 3339 2485 2121 914 1207 3473 3270 2517 3541 871 1364 1602 1953 1498 1296 577 678 545 2363 2099 1837 1101 1595 1171 1128 2365 1749 1222 1830 2947 1399 1066 793 1350 660 1189 770 877 1065
is_linear=0
shrinkage=0.03


Tree=12
num_leaves=63
num_cat=0
split_feature=84 10 52 52 5 5 65 64 42 10 67 51 33 63 32 38 5 65 41 5 77 14 41 59 54 70 51 64 63 5 13 59 70 14 56 65 32 70 56 10 27 10 70 60 63 13 10 41 33 56 56 5 32 61 54 67 77 5 32 78 54 65
split_gain=1497.02 604.09 146.594 184.253 125.388 90.1353 65.0882 57.7998 59.3988 55.2755 53.4866 45.7973 44.3173 37.4898 37.4646 40.03 37.1467 36.7579 33.0449 32.3623 32.0231 42.6349 40.634 29.6043 29.1254 30.7349 27.1152 26.5613 26.3661 25.7056 25.5466 25.0556 25.4201 28.8314 24.6695 24.2001 23.8186 23.2867 28.3338 22.1822 22.1284 21.892 21.1627 20.8647 23.0128 26.5345 20.6231 20.4906 22.3188 20.2114 19.8956 19.7808 19.7575 23.2257 19.7357 19.7087 19.7083 23.1112 19.281 18.9828 18.6958 18.6316
threshold=1.0000000180025095e-35 0.11345345526933671 0.24994840472936633 -0.2539199143648147 -0.00072207872290164221 0.00076694160816259693 354.50000000000006 -0.84455960988998402 -18.583329200744625 0.056329838931560523 1172.5000000000002 0.045288616791367538 1989.9981689453127 0.95819556713104259 0.092500001192092909 -0.099860683083534227 -0.0011086861486546693 -271.49999999999994 -6.3733410835266104 0.0016954421298578384 -0.14412049204111096 0.023800566792488102 -11.836702346801756 1.4096354246139529 -1.7229269742965696 5622.5000000000009 0.038917126134037978 0.94336524605751049 0.27353890240192419 0.00058534531854093086 0.010197199881076814 -0.37371587753295893 11527.500000000002 0.0096020204946398752 7.3167278766632089 -81.499999999999986 0.17750000208616259 16276.500000000002 6.4645137786865243 0.27880954742431646 0.20964537560939792 0.076866939663887038 6533.5000000000009 1.4814046025276186 -0.7589854598045348 0.0084163374267518538 0.15569508820772174 -26.367464065551754 766.23132324218761 7.8531892299652108 9.2713985443115252 -0.00020937385124852878 0.62749999761581432 5.4467215538024911 -2.0021274089813228 121.50000000000001 0.12597830593585971 -0.00053875608136877407 0.5874999761581422 0.026841343380510811 -2.2518510818481441 -376.49999999999994
decision_type=2 2 2 2 2 2 2 2 2 2 2 2 2 2 2 2 2 2 2 2 2 2 2 2 2 2 2 2 2 2 2 2 2 2 2 2 2 2 2 2 2 2 2 2 2 2 2 2 2 2 2 2 2 2 2 2 2 2 2 2 2 2
left_child=1 4 3 16 11 10 7 17 60 26 12 41 13 14 31 28 -3 29 56 20 -10 22 49 34 -7 -26 30 35 55 50 -2 -6 33 -33 -20 36 -17 38 -27 -23 -8 -1 -37 -14 -45 -46 -24 48 -4 52 51 61 53 -22 -51 59 57 -11 -38 -16 -9 -5
right_child=9 2 47 6 5 24 40 8 19 18 -12 -13 43 -15 15 27 -18 -19 23 -21 21 39 46 -25 25 37 -28 -29 -30 -31 -32 32 -34 -35 -36 42 58 -39 -40 -41 -42 -43 -44 44 45 -47 -48 -49 -50 54 -52 -53 -54 -55 -56 -57 -58 -59 -60 -61 -62 -63
leaf_value=-0.0067243326658189247 0.026459274372850596 -0.029746129970632872 -0.026256806784961274 0.0059637083287265753 0.024274879629977309 0.013583487075824748 0.00026177587622691368 0.019235897590886578 -0.021663232745498206 0.0135568285110575 0.030411786560151005 0.001303773256331735 0.0057929826568914097 0.016322411394032461 -0.0066180905534512259 0.00032989770977422009 -0.010960920680167758 -0.017863769502000259 -0.0064116259990322456 -0.030199090140776028 -0.00053120163785520293 0.011931179664277909 -0.016326811603916417 0.027103908082788699 -0.020655404421605593 -0.012129775291054374 0.036596756641519443 0.01206213452702596 -0.0017336542828607932 -0.0077163412223144549 0.0050318474356540683 -0.0069189316112311886 0.015109790763733382 0.0097623246323459388 0.018797040598303175 -0.011373426397612636 -0.022572400960010879 -0.01362762076847478 0.01306383593091954 -0.010487645760040576 0.026788500711859575 -0.020864744641893088 0.012800370492332933 0.010781993615727016 0.045071978536874009 0.016368405611613117 -0.032822985661555303 -0.032835964734041087 -0.0049486113928268946 0.011963239743568443 0.016650558491931828 0.016056476188151425 -0.024844155367908859 -0.018477196445156874 -0.0070366362318262021 0.016139239272158584 0.0085534506044707258 0.025263237026136909 -0.005084653099399033 0.015776301808710917 -0.00286307937597104 -0.019651899680218573
leaf_weight=156.40744923055172 671.48456734418869 538.05007477104664 222.0413842946291 51.158651083707809 84.50979608297348 55.605974569916725 55.577093973755836 59.472740828990936 290.0344080477953 206.99082066118717 85.448496446013451 217.68093845248222 99.975257188081741 223.63924804329872 89.470041126012802 99.315170854330063 114.98613825440407 92.312207162380219 115.5911598354578 102.11480042338371 130.63814751803875 104.69013188779354 192.91522635519505 52.266107782721519 147.17000599205494 65.27176496386528 234.45123271644115 66.716356545686722 276.34578946232796 135.64076009392738 54.11208713054657 172.15360724925995 212.01407958567142 203.45705622434616 50.073606982827187 55.737449184060097 176.2380598783493 126.46955490112305 104.49377648532391 64.006070479750633 57.672024697065353 266.3252667337656 78.492045015096664 85.952902689576149 60.236656382679939 55.869776964187622 105.51214507222176 363.96995408833027 55.248397767543793 59.382817760109901 132.59687013924122 50.903780147433281 105.48323322832584 128.9916355907917 287.03137291967869 222.44573903083801 109.65202890336514 569.05418398976326 83.685595229268074 55.012630298733711 81.902371391654015 51.063365280628204
leaf_count=635 2729 2272 937 207 339 225 225 242 1196 833 343 880 401 898 360 399 473 378 463 427 529 423 785 210 601 266 959 268 1110 555 219 692 851 816 201 224 709 516 424 263 233 1099 315 345 242 224 436 1539 229 241 539 205 430 525 1170 893 441 2300 336 221 333 208
internal_value=-8.38655e-05 -0.00649329 -0.0151387 -0.012349 0.00216938 0.00475302 -0.00841549 -0.00954429 -0.0121922 0.022463 0.00708801 -0.00987602 0.00625804 0.00471213 0.00332776 0.0001591 -0.0264384 -0.000718243 0.0178837 -0.0138686 -0.0127331 -0.0105357 -0.0128676 0.00741852 -0.00688292 -0.00944955 0.0277272 -0.00570405 0.00526493 0.003038 0.0248613 0.00900125 0.00680465 0.00211681 0.00120791 -0.00810602 -0.012167 -0.00388246 0.00337735 0.00342511 0.0137705 -0.0156329 0.00276244 0.0170026 0.022549 0.03126 -0.0221592 -0.0281552 -0.0220113 -0.00897051 0.00814339 0.000776737 -0.0138955 -0.00944729 -0.00377965 0.0105358 0.0204587 0.0221408 -0.016942 0.00190871 0.00643337 -0.00683216
internal_weight=9323.21 7259.54 3633.4 2992.14 3626.14 2985.73 2339.1 2225.85 1712.18 2063.68 2486.72 640.414 2401.27 2099.23 1875.59 1203.46 653.036 513.676 1103.63 1570.8 1468.69 1178.65 1009.95 217.931 499.011 443.405 960.048 560.185 643.274 421.363 725.597 672.135 587.625 375.611 165.665 493.468 359.239 296.235 169.766 168.696 113.249 422.733 134.229 302.035 202.059 116.106 298.427 641.26 277.29 711.527 285.723 153.126 365.113 259.63 346.414 366.928 885.697 776.045 259.924 144.483 141.375 102.222
internal_count=37987 29632 15000 12295 14632 12018 9550 9092 7000 8355 9986 2614 9643 8431 7533 4835 2745 2092 4448 6425 5998 4802 4116 874 2032 1807 3907 2251 2584 1714 2948 2698 2359 1508 664 1983 1444 1206 690 686 458 1734 539 1212 811 466 1221 2705 1166 2895 1159 620 1484 1054 1411 1474 3574 3133 1045 581 575 415
is_linear=0
shrinkage=0.03


Tree=13
num_leaves=63
num_cat=0
split_feature=83 83 83 5 5 31 53 5 64 5 5 29 56 12 64 52 29 63 59 1 54 52 80 60 52 12 57 64 32 1 63 66 17 5 29 43 26 59 12 33 54 32 57 5 44 53 6 52 45 60 6 31 58 63 26 59 59 38 57 22 44 29
split_gain=1826.87 379.997 165.799 119.518 163.95 52.6396 44.5482 43.5803 42.3222 38.1268 38.0378 67.5585 37.9128 36.1324 43.8267 40.6255 34.6264 34.503 34.0527 33.4108 33.1891 32.0462 31.2654 30.7009 30.5311 32.469 29.0373 26.5649 24.0697 23.3492 23.3065 23.1021 22.8112 21.1721 29.5762 20.7912 20.1709 19.9931 19.7639 19.4967 23.1977 26.9577 19.2397 19.2025 19.1815 17.7375 17.6338 17.5748 30.3975 26.1028 17.2402 17.1409 19.0729 23.7793 17.8509 16.9312 16.8234 18.5064 16.7064 18.3021 25.9905 16.6793
threshold=0.20561888813972476 1.1353052258491518 0.02615575306117535 -0.00093361694598570455 0.00083425932098180066 0.15250000357627871 1.2436743378639223 0.00083425932098180066 0.95943480730056774 -0.00036653513961937273 0.0014380452921614053 -1.0075990557670591 6.5372276306152353 0.016171379014849666 -0.86493045091629017 -0.16813480854034421 -0.3808771669864654 0.95037782192230236 0.59349802136421215 -0.00031375211256090546 -1.7878555655479429 0.15147592872381213 14.957950115203859 5.0014326572418222 0.18781793117523196 0.0086924722418189066 50.801988601684577 0.66098293662071239 0.72750002145767223 0.00024394964566454294 0.34816221892833715 220.50000000000003 66.184158325195327 -0.00048097991384565825 0.28540015220642095 -23.210459709167477 1.4246142506599428 0.79839015007019054 0.01045397110283375 484.50537109375006 -0.56541106104850758 0.7475000023841859 45.367223739624031 -0.0019726282916963096 -0.58438250422477711 0.95534223318099987 -0.00044009854900650675 -0.034799994900822633 -0.56174489110708226 4.7363159656524667 -0.0010421388433314858 0.97750002145767223 0.90132808685302745 0.43247817456722265 1.7580993771553042 -0.68161344528198231 0.68754830956459057 -0.080326627939939485 19.433160781860355 10.500000000000002 -5.6084418296813956 0.64619597792625438
decision_type=2 2 2 2 2 2 2 2 2 2 2 2 2 2 2 2 2 2 2 2 2 2 2 2 2 2 2 2 2 2 2 2 2 2 2 2 2 2 2 2 2 2 2 2 2 2 2 2 2 2 2 2 2 2 2 2 2 2 2 2 2 2
left_child=2 3 5 19 8 17 21 9 13 -4 11 55 28 15 -15 16 50 22 46 43 -17 -6 56 51 25 47 31 -25 -7 -27 -14 58 -28 -24 -35 -23 -32 42 -33 -21 41 -41 -16 -2 -26 -40 -10 48 -22 -49 -5 52 -13 54 -54 -3 -1 -58 -11 -60 -61 -8
right_child=1 10 7 4 6 12 61 -9 18 26 -12 23 30 14 37 20 -18 -19 -20 39 24 35 33 27 44 29 32 -29 -30 -31 36 38 -34 34 -36 -37 -38 -39 45 40 -42 -43 -44 -45 -46 -47 -48 49 -50 -51 -52 -53 53 -55 -56 -57 57 -59 59 60 -62 -63
leaf_value=0.0335845387480024 -0.019839296420767691 -0.014736579802612079 0.0034898179877199155 -0.004261225490362233 -0.0073954961650006795 0.0038336294111344375 0.0045209528093420942 -0.0059734136116050629 0.0086987275967740085 0.022335163596329265 -0.033177520692821615 -0.025859129963981754 0.025924808296710136 0.0073265456354265233 -0.0044751151894203388 0.016848370776856324 0.0039932518989074135 0.041307537781135065 -0.0035646547462308618 -0.026204371161698218 -0.014809292801005243 -0.0037881028468049016 0.0081646102955809773 -0.013897470824004105 -0.017658671049544494 -0.0028659355505895141 0.012173378396139432 0.0070517917306855658 0.022540728680710415 0.010227984044302323 0.019047132714843287 0.03608975134883733 -0.0093361347382272877 0.025370094176755297 0.010329993027504824 -0.024431853619897338 -0.000892321621456927 -0.032449315104651578 0.0042689145370678767 -0.015310119200161966 -0.023681780271724982 0.011213608725351626 -0.021620974953075134 -0.0025441747353729303 -0.0003744616088744838 0.028686067732887253 0.030583164003981797 0.0053559931111017743 0.012158442378035159 0.025217043161482527 -0.021137038630289966 -0.03674098193939998 0.0076396055272990584 -0.025124949180455759 -0.016241567921116914 -0.033996056134148626 0.032674058389623485 0.01307551339084227 -0.0034621349053240041 -0.00010877806841613651 0.023120174373300339 -0.012224372300265485
leaf_weight=323.08352263271809 81.978320941329002 46.80837470293045 468.70263485610485 84.930123224854469 170.91170398890972 274.38854134082794 119.62174338102341 169.58859646320343 55.336602985858917 125.09131707251072 330.88608911633492 172.94425575435162 315.88996940851212 105.75885502994061 140.9659788608551 139.04328109323978 134.03312434256077 107.78653271496296 72.731642127037048 270.03838261961937 57.487441524863243 48.612299308180809 117.21644847095013 194.6903558075428 108.52266183495522 603.10622762143612 118.77637964487076 75.642886996269226 79.934483960270882 153.82965248823166 156.22787496447563 92.444500222802162 70.839076697826385 521.91669380664825 151.92956636846066 453.7508852481842 64.516612365841866 50.157434925436974 50.677204996347427 116.66297636926174 152.63257871568203 48.960346668958664 101.17613247036934 195.70803029835224 123.60304908454418 56.77252733707428 82.601682141423225 116.1039407402277 108.83557920157909 122.27947194874287 151.97069430351257 54.284121781587601 61.030117720365524 75.387445032596588 52.320324748754501 335.74956594407558 79.841993555426598 94.907838702201843 75.370765790343285 70.824011042714119 111.75576308369637 96.900389522314072
leaf_count=1317 340 200 1882 346 698 1105 487 685 222 502 1437 716 1278 426 570 558 540 442 292 1125 231 200 473 804 439 2426 476 310 322 618 632 372 284 2124 615 1889 260 204 203 483 634 200 410 801 499 228 331 466 437 490 618 228 252 314 216 1442 325 385 302 284 448 399
internal_value=-2.23136e-05 -0.0107248 0.0163794 -0.00627646 -0.00374376 0.0213676 -0.0148099 0.00829116 0.000175342 0.0102401 -0.0242891 -0.0215375 0.0156699 -0.00100259 -0.0092225 0.000716124 -0.00819253 0.0250023 0.0130456 -0.0162269 0.00287198 -0.0186166 0.0236387 -0.0159064 0.00147769 0.00346252 0.0143354 -0.00803558 0.00805391 -0.0002049 0.0206985 0.0176526 0.00413757 0.0199321 0.0219791 -0.0224342 0.0132195 -0.0152102 0.0259198 -0.0202754 -0.0152447 -0.00746937 -0.0116393 -0.00765003 -0.00845512 0.01717 0.0218038 0.0103218 0.00283739 0.0155438 -0.015087 -0.0210216 -0.0186623 -0.0120677 -0.00338347 -0.0316395 0.0295286 0.02203 0.0133382 0.00897523 0.0141095 -0.0029731
internal_weight=9366.48 5667.99 3698.48 4268.25 3402.27 2287.64 889.797 1410.84 2512.47 1241.25 1399.74 1068.86 890.957 2301.8 398.058 1903.75 370.934 1396.68 210.67 865.981 1532.81 673.275 1288.9 686.3 1393.77 1161.64 772.552 270.333 354.323 756.936 536.634 582.936 189.615 791.063 673.846 502.363 220.744 292.3 199.894 588.294 318.256 165.623 242.142 277.686 232.126 107.45 137.938 404.706 166.323 238.383 236.901 415.966 361.682 188.738 113.35 382.558 497.833 174.75 383.042 257.951 182.58 216.522
internal_count=38242 23298 14944 17379 13796 9278 3673 5666 10123 4981 5919 4482 3597 9278 1610 7668 1504 5681 845 3583 6164 2787 5239 2840 5606 4668 3099 1114 1427 3044 2170 2339 760 3212 2739 2089 892 1184 803 2442 1317 683 980 1141 938 431 553 1624 668 956 964 1726 1498 782 468 1642 2027 710 1536 1034 732 886
is_linear=0
shrinkage=0.03


Tree=14
num_leaves=63
num_cat=0
split_feature=83 83 83 5 5 64 40 13 59 63 27 65 31 80 77 5 1 52 57 80 83 56 57 13 53 57 52 67 5 14 56 17 25 53 64 57 52 52 9 63 73 64 57 64 17 45 73 56 61 25 57 69 5 31 28 25 64 69 69 25 7 57
split_gain=1707.12 361.249 192.548 108.227 155.093 46.1599 45.0714 42.4779 44.6498 41.3522 41.0671 40.1635 38.3929 33.9307 33.5108 54.0584 32.3241 31.0512 30.1821 29.36 26.766 26.5586 26.2832 26.2109 25.4129 24.9551 24.3386 23.8926 25.0111 24.5297 26.704 23.7826 23.2506 22.1895 21.9657 34.7078 21.8447 33.0174 32.6517 36.568 21.2034 20.6936 20.4003 19.5375 19.3576 18.8923 18.8421 18.6221 18.3341 18.3027 17.805 17.6878 17.3996 16.6593 16.6312 16.5524 22.757 21.5899 21.8894 16.2773 15.9936 18.1891
threshold=0.22462423890829089 1.0874727964401247 0.02615575306117535 -0.00093361694598570455 0.00080016316496767115 0.93894198536872875 -23.906067848205563 0.010323669295758011 0.8655015528202058 0.8537760078907014 1.3126904964447024 354.50000000000006 0.97750002145767223 13.651201248168947 -0.1884173974394798 0.00090214307419955741 -0.00038421504723373795 0.1348596587777138 19.138699531555179 23.292088508605961 0.4908346831798554 7.0921897888183603 25.105196952819828 0.0099364314228296297 0.81488391757011425 56.616611480712898 -0.12461410835385321 560.50000000000011 -0.00059485959354788054 0.017509498633444313 8.3367075920104998 81.706600189208999 19.612651824951175 0.82101386785507213 0.51316559314727794 39.963384628295906 -0.074232209473848329 0.093464616686105742 -0.00079698447370901693 -0.01963364519178867 0.23603308200836184 0.6411133110523225 24.781816482543949 0.90352019667625438 17.693722724914554 1.0000000180025095e-35 0.68642592430114757 6.2446393966674814 5.5499925613403329 21.833013534545902 35.684499740600593 13800.500000000002 -0.0021264930255711074 0.72750002145767223 -0.71422487497329701 80.51474761962892 -0.67719548940658558 5391.5000000000009 12649.500000000002 53.089960098266609 0.002132344758138061 20.286684989929203
decision_type=2 2 2 2 2 2 2 2 2 2 2 2 2 2 2 2 2 2 2 2 2 2 2 2 2 2 2 2 2 2 2 2 2 2 2 2 2 2 2 2 2 2 2 2 2 2 2 2 2 2 2 2 2 2 2 2 2 2 2 2 2 2
left_child=2 3 7 16 6 9 26 31 13 18 17 19 14 -9 -3 43 52 45 -4 36 -21 22 -10 -11 55 44 -5 29 -29 54 -31 34 51 59 -1 41 38 -38 39 -8 -39 -36 -17 60 -15 46 -6 -30 -27 -18 -49 -28 -2 -40 -26 56 -20 -58 -59 -22 61 -16
right_child=1 12 5 4 10 -7 11 8 21 23 -12 -13 -14 25 15 42 49 -19 24 20 33 -23 -24 -25 27 48 32 28 47 30 -32 -33 -34 -35 35 -37 37 40 53 -41 -42 -43 -44 -45 -46 -47 -48 50 -50 -51 -52 -53 -54 -55 -56 -57 57 58 -60 -61 -62 -63
leaf_value=0.030556275949710048 -0.018927233316533086 -0.029886252365980085 0.01418915190578672 -0.0023757933926602647 -0.0094097893749896695 0.02494074397220826 0.021603061030440452 0.030011538131190198 -0.018584850522569998 0.027921139920982135 0.0029982911563343601 0.019064035227429329 -0.032138873761463724 0.0043825293337405348 -0.0032099647018267439 -0.013685938335523399 -0.012282507154069986 -0.020017355438832957 0.011365581375714754 0.0089629344084495664 -0.021757809287382059 0.019907377788131647 0.0070287497824655315 0.0092428178643638031 0.0029938860477039856 0.016162579863723905 0.021405595780273234 -0.018108817133581333 0.016365430361678035 -0.008403585375888414 0.017681201092745246 0.0085943375631015607 0.031659382800270287 0.0022710380963892906 0.012658662773122845 -0.0021243559305847955 0.0037061669161537981 -0.020616567072200789 -0.018870448888765538 -0.01164971985761949 -0.0039411907886648459 0.032383086080020169 -0.03130326390941976 0.00091253028358391334 0.021847154961144796 -0.01980485242492161 0.015518804813283356 0.0064584132081390508 -0.001868701168594167 -0.023302852804837841 -0.016202633211496374 -0.00076577661120893461 -0.00071000682687550752 5.1077143566380009e-05 0.021034836811840381 -0.020438980259844763 -0.021858315442200942 0.013556780954952606 -0.013936760038751491 -0.0025524273995420903 -0.00056809976253441893 -0.019668625835798505
leaf_weight=572.21969017386436 67.106845781207085 272.89470601081848 180.03033632040024 77.887767419219017 60.503046169877052 120.52630445361137 52.304021909832954 245.26645004749298 50.136073023080826 100.57820230722427 107.02917183935642 85.330524116754532 338.74483513832092 63.068814590573311 73.562971144914627 76.312864452600479 208.80376432836056 598.51302056014538 71.443767428398132 330.75178967416286 72.493915721774101 88.861716866493225 128.38921095430851 206.31760117411613 66.027670100331306 115.80041301250458 62.851769134402275 70.304257452487946 61.750316292047501 108.2899561226368 52.420444503426552 66.276722028851509 67.825568333268166 345.02892988920212 73.818719282746315 51.07541786134243 411.70651432871819 99.748205274343491 252.73035709559917 69.066101089119911 219.9614159911871 136.18545296788216 263.12346605956554 86.732743754982948 605.38916486501694 54.159482806921005 49.707464948296547 69.31726898252964 90.348440617322922 387.05567994713783 56.754725903272629 66.804770991206169 158.9580399543047 50.1957698315382 151.52613694965839 60.193976581096649 68.435581281781197 52.194953680038452 52.054907217621803 87.844790905714035 63.606414005160332 338.54538199305534
leaf_count=2343 279 1172 723 314 247 485 211 999 202 405 439 342 1468 254 303 326 865 2489 287 1329 293 359 517 829 265 468 252 283 248 436 211 268 272 1393 301 207 1655 403 1024 279 887 557 1135 355 2459 221 202 278 364 1617 228 268 650 203 608 242 275 210 209 355 264 1407
internal_value=-0.000114414 -0.0107382 0.0152822 -0.00605939 -0.0035809 0.0071123 0.000421258 0.0208131 0.0175207 0.00560716 -0.0144041 -0.00109066 -0.0232408 0.0201505 -0.0206751 -0.017888 -0.0157766 -0.0168456 0.00293536 -0.00195409 0.00232808 0.00650611 -0.000164435 0.0153642 0.000781657 0.0173852 0.0118259 0.00419143 -0.00284532 0.00899329 0.000104738 0.0258906 0.0174271 -0.00201428 0.0272663 0.0200554 -0.00505209 -0.00191071 -0.0104673 0.00268045 -0.00914385 0.0254497 -0.0273425 -0.0121822 0.0201994 -0.00529623 0.00183358 0.002868 0.00826005 -0.0194411 -0.00374307 0.00998193 -0.00611775 -0.0157351 0.0155594 -0.00634875 -0.00287458 -0.00876604 -0.000171522 -0.0112358 -0.0145696 -0.0167307
internal_weight=9392.89 5557.89 3835 4044.37 3222.44 1548.17 2352.53 2286.84 1387.26 1427.64 869.912 2077.16 1513.52 1119.87 1174.78 901.884 821.924 762.883 1120.74 1991.83 836.119 267.387 178.525 306.896 940.714 874.607 275.37 636.391 258.127 378.264 160.71 899.576 197.482 505.368 833.299 261.08 1155.71 731.416 424.296 121.37 319.71 210.004 339.436 562.448 668.458 164.37 110.211 187.822 206.149 595.859 126.072 129.657 226.065 302.926 217.554 304.323 244.129 172.685 104.25 160.339 475.715 412.108
internal_count=38439 22919 15520 16489 13078 6222 9480 9298 5622 5737 3598 8374 6430 4544 4962 3790 3411 3159 4503 8032 3370 1078 719 1234 3780 3545 1106 2557 1037 1520 647 3676 792 2041 3408 1065 4662 2945 1717 490 1290 858 1461 2329 2713 670 449 754 832 2482 506 520 929 1227 873 1223 981 694 419 648 1974 1710
is_linear=0
shrinkage=0.03


Tree=15
num_leaves=63
num_cat=0
split_feature=83 83 83 52 5 5 29 5 5 40 5 64 31 5 80 64 53 41 53 26 64 64 12 42 63 53 41 25 3 80 4 26 12 59 40 4 52 42 70 44 83 57 29 81 28 53 64 59 83 43 41 57 64 46 47 43 26 13 44 53 44 38
split_gain=1583.61 295.18 223.686 123.17 122.449 59.2191 51.0915 49.6199 48.9505 45.6132 45.1808 39.2955 34.5304 32.5956 32.0496 31.4262 30.3775 28.729 28.6276 27.6179 26.6613 32.7999 26.4088 30.0091 26.3232 25.9609 24.9299 24.5461 24.2827 23.7344 23.6473 23.6206 25.4874 30.0382 22.6504 21.8168 21.6998 22.3658 21.6058 21.2566 21.2012 21.1433 20.5522 24.6554 20.097 20.092 19.7248 18.8627 18.6255 19.7914 17.0105 16.9175 17.1353 16.8405 20.7081 19.7304 25.4658 18.6675 16.822 16.8053 16.1348 16.0094
threshold=0.29574047029018408 1.2428888678550722 0.054493138566613204 -0.262771725654602 0.00093856040621176373 -0.00093361694598570455 0.28540015220642095 -0.00048097991384565825 0.00075151299824938189 -23.906067848205563 -0.00031217074138112361 -0.87142586708068837 0.97750002145767223 0.00085134984692558657 26.060076713562015 0.90905222296714794 1.2379020452499392 -50.619646072387688 1.1002731919288637 1.954026520252228 0.95943480730056774 -0.96185845136642445 0.016171379014849666 41.426988601684577 0.36040300130844122 0.93495121598243724 -25.788103103637692 72.218990325927749 -0.00048768315173219884 30.770950317382816 -0.00046898056461941445 0.65041360259056102 0.0096391644328832644 0.25852656364440924 8.2146258354187029 0.00049523552297614526 -0.21393965929746625 12.480475425720217 5528.5000000000009 5.9611775875091562 0.4564040750265122 24.483136177062992 -0.4417105764150619 -0.33788774907588953 -0.011636984534561632 1.4106180071830752 0.93435779213905346 -0.65802666544914235 0.53083550930023204 1.4491481184959414 -11.347001075744627 40.483722686767585 -0.42853991687297815 1.0020380616188052 0.99887728691101085 9.4169459342956561 1.6214670538902285 0.0080831917002797144 -0.47113864123821253 0.87773165106773388 -3.978618741035461 -0.39083455502986902
decision_type=2 2 2 2 2 2 2 2 2 2 2 2 2 2 2 2 2 2 2 2 2 2 2 2 2 2 2 2 2 2 2 2 2 2 2 2 2 2 2 2 2 2 2 2 2 2 2 2 2 2 2 2 2 2 2 2 2 2 2 2 2 2
left_child=2 3 6 48 5 11 7 36 10 39 42 -5 20 26 22 28 17 -6 34 44 21 29 23 31 -18 30 -9 -25 -13 -3 -12 -11 38 58 40 -32 37 -1 -33 47 -16 -23 43 -4 -8 -43 -27 -7 49 -2 51 52 -50 54 -28 -56 57 -57 -34 -38 -24 -35
right_child=1 12 8 4 16 9 19 13 -10 14 25 15 -14 -15 18 -17 24 -19 -20 -21 -22 41 60 27 -26 46 53 -29 -30 -31 35 32 33 61 -36 -37 59 -39 -40 -41 -42 45 -44 -45 -46 -47 -48 -49 50 -51 -52 -53 -54 -55 55 56 -58 -59 -60 -61 -62 -63
leaf_value=-0.014291460525153891 -0.022376636525190178 -0.022866418026816458 0.0072661721889942521 0.0065329755451687833 -0.0021567882152380099 0.018303403676606041 -0.0022699651991631665 0.028307676570156828 -0.0064717196019424359 0.017494513882269334 -0.011306462816447501 -0.010063836072446855 -0.033460393485257041 0.0049508446952865404 0.0076778948786906708 0.0052260154115856185 0.0009645791076028391 -0.022649720074129107 0.012112732087671357 -0.0011508556601049621 -0.0065522428910820144 -0.016878996282371043 -0.026345401886775935 -0.019638540118612432 -0.023438449244211672 0.014741246232444216 0.014467798839634435 -0.0025474362552991253 -0.026721048429647811 0.0064158199937583357 0.013000314905422403 -0.0075750122150183216 -0.0065060441756545039 -0.0032883569943113521 0.0076136786239637561 -0.0038740934725091914 0.0073030674591005353 0.013376676548692103 0.011643486848848849 0.024740120383517139 -0.011758021038504977 -0.031598459820922638 0.0059546872248687479 -0.011145681847936432 0.01832467854066987 -0.013538019791067035 0.033674545243690519 -0.002471469224117361 -0.0041248631365067602 0.00049039358638980151 -0.035365422553341852 -0.032881748154084074 -0.022478667644205655 0.0056284590854738118 0.03224012910874275 0.022411149362033495 0.028550433364434382 -0.00098505744132480083 0.012835838262807996 0.020965235208498665 -0.0088853859397355142 -0.020713905331201318
leaf_weight=50.039720311760902 73.230511099100113 47.88401298224926 100.71775850653648 82.462338745594025 70.812197238206863 65.145474895834923 51.268999770283699 751.2168360054493 278.9812144190073 68.867656901478767 55.095509514212608 134.59944571554661 312.68573647737503 81.560600802302361 68.61697094142437 52.405789896845818 137.05592063069344 471.6162281781435 225.07191306352615 142.1941199451685 92.046089023351669 167.06542283296585 66.428669631481171 141.26796188950539 56.052808955311775 310.49937726557255 227.04529063403606 162.76494421064854 189.88001716136932 51.928544759750366 340.04910077154636 73.611137926578522 78.740372076630592 77.562852829694748 163.75896199047565 86.497066244482994 130.292674228549 55.412493765354156 184.85929198563099 78.437289610505104 191.43531599640846 424.8874706029892 375.76746773719788 186.97260729968548 253.51140496134758 63.756935432553291 58.919676393270493 99.27556324005127 68.195242941379547 63.691061958670616 98.651553079485893 77.387470453977585 139.28573277592659 61.94075807929039 214.35737898945808 57.877636179327965 145.08164474368095 65.346768662333488 83.262025132775307 214.31640402972698 168.35807605087757 122.22489574551582
leaf_count=201 302 204 406 336 294 262 207 3081 1133 277 221 556 1370 329 276 214 565 1982 908 574 384 710 270 571 233 1246 924 658 792 220 1365 297 318 313 662 347 528 223 745 315 776 1822 1511 756 1029 274 238 399 287 263 417 328 587 250 877 237 591 266 336 868 683 494
internal_value=-0.000196138 -0.0116812 0.0131616 -0.00766995 -0.00553954 -0.00246019 0.0189587 0.0209585 0.00507607 -0.000343987 0.00720323 -0.0122256 -0.0249396 0.0234278 -0.00192704 -0.0163299 -0.0163368 -0.0199744 0.00346592 0.00976676 -0.0217961 -0.0236533 -0.00477683 -0.00263772 -0.00611878 0.0117782 0.0244174 -0.0104888 -0.0198114 -0.00763202 0.0071894 0.000826041 -0.00102466 -0.00616479 -0.00112611 0.00957844 0.0121557 0.000247452 0.00617015 0.01189 -0.00662969 -0.0260921 0.00133463 -0.00469986 0.0148603 -0.029242 0.017761 0.00575977 -0.021238 -0.0117397 -0.0246291 -0.020911 -0.0164461 0.0206302 0.0219395 0.0254542 0.0200326 0.010004 0.00343482 0.0157997 -0.0138254 -0.0139488
internal_weight=9290.23 4995.27 4294.96 3835.02 3314.57 2579.04 2501.46 2054.49 1793.5 2119.69 1514.52 459.348 1160.25 1604.43 1876.83 376.885 735.537 542.428 648.883 446.975 847.568 755.522 1227.95 993.161 193.109 851.061 1522.87 304.033 324.479 99.8126 481.642 689.128 620.261 361.79 423.811 426.546 450.061 105.452 258.47 242.858 260.052 655.71 663.458 287.69 304.78 488.644 369.419 164.421 520.442 136.922 383.52 284.868 207.481 771.649 709.709 482.663 268.306 123.224 162.002 344.609 234.787 199.788
internal_count=38108 20700 17408 15716 13532 10458 10185 8375 7223 8560 6090 1898 4984 6555 7584 1562 3074 2276 2622 1810 3614 3230 4962 4009 798 3417 6226 1229 1348 424 1933 2780 2503 1461 1714 1712 1820 424 1042 976 1052 2806 2673 1162 1236 2096 1484 661 2184 565 1619 1202 874 3145 2895 1971 1094 503 654 1396 953 807
is_linear=0
shrinkage=0.03


Tree=16
num_leaves=63
num_cat=0
split_feature=83 83 83 52 52 10 52 41 43 65 53 46 10 83 18 53 44 53 83 90 23 65 12 28 13 13 54 7 44 3 80 70 53 57 56 54 70 31 6 8 47 40 31 90 59 44 82 10 65 49 52 48 83 80 53 44 40 70 53 13 70 15
split_gain=1468.57 290.287 208.798 109.161 114.942 80.8854 52.9758 46.7092 45.0896 43.3691 42.7423 36.5132 34.1204 33.2249 33.1199 31.8181 28.6646 28.624 27.3578 25.837 26.1353 30.3203 25.8062 30.2094 24.156 23.904 25.6563 24.5676 26.487 23.2734 23.1822 21.9406 21.0502 22.3485 20.9891 20.5459 23.6637 19.397 21.1744 18.8628 20.1726 18.6194 17.6157 17.4721 17.3429 17.341 17.7136 17.2362 16.9634 16.8824 16.4333 21.1153 15.9394 15.9323 15.4516 14.8818 14.7998 18.6316 14.6611 14.5498 14.5178 14.4181
threshold=0.27743552625179296 1.1474119424819949 0.10351252555847169 -0.262771725654602 0.15387640148401263 0.055291593074798591 -0.06074456870555877 -61.031616210937493 4.2331948280334482 348.50000000000006 1.1409778594970705 1.0033392310142519 0.097329456359148039 1.543337941169739 56.788726806640632 0.88037973642349254 8.8459568023681658 1.200927793979645 0.53083550930023204 -1.0098730921745298 2.5000000000000004 -116.49999999999999 0.010007329750806095 0.95436224341392528 0.013129839207977058 0.014006417710334064 -0.50208368897438038 -0.0017563260626047847 4.7773709297180185 -0.001009963627438992 34.122032165527351 5951.5000000000009 1.4007718563079836 19.563225746154789 9.6210455894470233 -1.3358626365661619 12741.500000000002 0.13625000417232516 0.00011816689584520647 -0.00064490022487007071 1.0016129612922671 -20.470543861389157 0.31250000000000006 -1.0853040218353269 0.24204274266958239 -11.606066703796385 80.112300872802749 0.042797036468982703 -541.49999999999989 1.0006231069564822 0.29968844354152685 1.0009500980377199 0.62564605474472057 24.477552413940433 0.9946962594985963 4.5976903438568124 -0.90971991419792164 10354.500000000002 0.66631793975830089 0.013351225294172766 18207.500000000004 49.629102706909187
decision_type=2 2 2 2 2 2 2 2 2 2 2 2 2 2 2 2 2 2 2 2 2 2 2 2 2 2 2 2 2 2 2 2 2 2 2 2 2 2 2 2 2 2 2 2 2 2 2 2 2 2 2 2 2 2 2 2 2 2 2 2 2 2
left_child=2 3 5 18 6 35 14 -6 25 11 12 15 55 32 19 34 17 41 44 20 21 31 23 -10 -22 26 54 52 49 -17 53 -5 33 -3 42 -1 37 38 47 -21 -41 48 60 -39 -2 -43 58 -37 -4 -29 51 -12 -27 -24 -8 -9 57 -35 -47 -16 -7 -28
right_child=1 13 16 4 7 9 8 10 22 -11 50 -13 -14 -15 59 29 -18 -19 -20 39 24 -23 30 -25 -26 27 61 28 -30 -31 -32 -33 -34 56 -36 36 -38 43 -40 40 -42 45 -44 -45 -46 46 -48 -49 -50 -51 -52 -53 -54 -55 -56 -57 -58 -59 -60 -61 -62 -63
leaf_value=0.034357683082220619 -0.021733352148459301 -0.0051727240416424725 -0.0008286402048114039 -0.0058078705472881468 0.0074970836457044039 0.011689968621238583 0.013574200557908828 -0.016928850875722098 0.012114851632581159 0.035633845500518867 0.0070963313591578354 -0.0047709448378827641 -0.025156796339975231 -0.027269537524716603 0.020204989518459039 -0.0009620014871662432 0.013247575428656897 0.011584916025385559 -0.024675859863560683 -0.020836207770304437 -0.020819477006546322 -0.010622336676470888 -0.01005111477292246 -0.014043965237454449 -0.00082493315648910599 0.024048322986724574 -0.005804102590881135 -0.0066222346572377402 -0.019884057070544858 0.018636051675227926 -0.024425332263270299 0.014463837159801051 -0.0060012379327969954 -0.022214949681956864 0.024176657887596497 0.032244718525994802 0.029232700399893827 0.022336980531581466 0.01369456456661898 -0.0015473944011921059 -0.021915934329078544 0.0068950312047792745 -0.0043713141828202167 0.0015349202246871798 -0.00099369363892727559 -0.016139732327396052 -0.017578327164026929 0.018051133580210162 0.021227791167128258 0.012680627658751204 -0.015513001003877801 -0.013912267942600486 0.0016615967481806457 0.0063271733980320259 0.029788902878488569 -0.00099482544639548174 -0.028876382738576973 -0.0014554191078703545 -0.0012335042006372174 -0.0010527695085004848 -0.0010465931864377825 0.01229311297372202
leaf_weight=146.63122335076332 60.559370890259743 74.24810454249382 68.312036484479904 70.156951650977135 88.654318615794182 435.28735536336899 142.41838145256042 127.23259000480175 142.60534261167049 76.855965629220009 118.77717678248882 102.42092370986938 389.81310680508614 721.71442960202694 56.026533558964729 58.239372313022614 202.23699086904526 186.85584832727909 335.98891846835613 179.74680279195309 119.72624011337757 120.16039542853832 162.93199683725834 55.078672975301743 99.636232987046242 60.859287276864052 74.015245527029037 82.611141011118889 63.863621935248375 857.43089570105076 68.648604169487953 152.5078331977129 111.5190017670393 183.08776730298996 72.783180266618729 192.14315615594387 302.51579946279526 59.863642081618309 179.78488299250603 147.46004538238049 62.227771028876305 128.32474879920483 100.25956632196903 92.473287805914879 90.540573343634605 68.105771914124489 89.351131603121758 128.49635680019855 58.050263971090317 80.529852837324142 101.69882228970528 67.541289359331131 54.042266517877579 79.554455041885376 84.142723903059959 90.117479458451271 203.89661690592766 49.410255447030067 463.73443891108036 60.02162392437458 98.833038970828056 85.263851806521416
leaf_count=609 250 312 275 287 361 1764 572 521 572 313 483 411 1636 3148 225 235 814 752 1424 737 489 492 659 222 408 246 298 335 259 3473 281 621 473 779 295 794 1246 245 738 598 253 516 404 377 374 274 363 528 234 327 424 279 220 323 338 368 872 208 1869 243 399 343
internal_value=-0.000150786 -0.0109161 0.0130678 -0.00665375 -0.0046903 0.0174989 -0.00102518 -0.0132744 0.00320157 0.0135838 -0.0153315 0.0126016 -0.0198464 -0.0228899 -0.00592056 0.013698 0.00289529 0.000925268 -0.019908 -0.00776572 -0.0036515 0.00152265 -0.00364951 0.00482649 -0.0117378 0.00799165 0.0131098 0.00221579 -0.00350552 0.0173896 -0.00903485 0.00807665 -0.0178094 -0.0203881 0.00891795 0.0239018 0.0222968 0.0190825 0.0219357 -0.013705 -0.00759204 -0.00134881 0.0071673 0.00970948 -0.00930594 -0.00314479 -0.0052188 0.0265566 0.00930398 0.00290607 -0.00581362 -0.000519381 0.0135191 -0.00467776 0.0195962 -0.0103223 -0.0229769 -0.0178032 -0.00314235 0.0092102 0.00933321 0.00388354
internal_weight=9288.03 5119.04 4168.99 3775.16 3288.07 2904.02 2304.24 983.835 1236.57 1802.11 895.18 1725.25 607.163 1343.88 1067.67 1622.83 1264.97 1062.73 487.089 951.622 562.188 342.825 508.819 197.684 219.362 727.746 385.84 341.906 227.005 915.67 311.135 222.665 622.162 510.643 707.163 1101.91 955.277 652.761 500.424 389.435 209.688 875.878 634.38 152.337 151.1 749.516 621.191 320.64 126.362 163.141 288.017 186.318 114.902 242.486 226.561 217.35 436.395 232.498 531.84 116.048 534.12 159.279
internal_count=38188 21260 16928 15468 13420 11831 9348 4072 4995 7294 3711 6981 2525 5792 4353 6570 5097 4283 2048 3885 2297 1400 2057 794 897 2938 1551 1387 921 3708 1263 908 2644 2171 2862 4537 3928 2682 2060 1588 851 3531 2567 622 624 3022 2506 1322 509 662 1186 762 466 982 910 889 1859 987 2143 468 2163 641
is_linear=0
shrinkage=0.03


Tree=17
num_leaves=63
num_cat=0
split_feature=83 83 83 83 52 5 17 5 29 5 58 12 9 40 17 5 53 12 27 12 57 5 3 52 63 66 52 52 33 51 53 33 54 65 57 68 25 12 53 29 52 25 51 57 5 54 59 2 65 56 63 5 6 38 63 63 69 56 56 52 68 6
split_gain=1451.79 364.893 107.633 87.2693 74.1913 67.5111 64.56 60.0008 38.6747 64.9828 31.8862 31.1444 35.6097 32.8215 30.8556 34.0595 30.2427 36.4014 29.5531 27.7843 26.7916 24.7742 46.4022 24.5787 24.4219 24.2349 22.533 30.1583 22.4035 21.04 20.4104 20.4096 20.6844 19.9191 25.6733 19.3017 18.9029 18.8681 18.2375 20.7121 17.4698 23.4187 17.2807 16.4008 16.3451 16.2841 20.1412 16.0445 15.9776 18.3863 15.3661 15.2034 16.2394 15.8119 15.0986 23.1617 15.071 25.3789 21.0799 14.9676 20.8015 14.598
threshold=0.15037757903337481 1.0874727964401247 0.52618610858917247 1.0000000180025095e-35 -0.21719459444284436 0.00088445039000362169 85.511924743652358 -0.00077507959213107813 -1.1352217197418211 0.0014380452921614053 -0.137745626270771 0.01578512787818909 -0.00089771111379377533 -23.906067848205563 18.287713050842289 0.00073688718839548539 1.222432613372803 0.013958688825368883 0.22025824338197711 0.0072773778811097154 56.616611480712898 -0.00058367359451949586 -0.0003471060335868969 0.28264832496643072 0.33586180210113531 650.50000000000011 -0.10471083968877791 0.1403215974569321 1234.3303222656252 0.085249561816453948 1.2114072442054751 2690.118774414063 -1.871313154697418 -773.49999999999989 17.721862792968754 1.0000000180025095e-35 86.182662963867202 0.0085446457378566282 0.68988445401191723 0.2776095867156983 -0.17387241125106809 29.827463150024418 0.044608058407902725 28.883358955383304 -0.0011742191272787748 -0.36103969812393183 1.1986319422721865 -0.0001436867023585364 -12.499999999999998 5.3316271305084237 0.31109040975570684 -0.00068197125801816572 -0.00031364905589725817 -0.099860683083534227 0.33586180210113531 0.8102954924106599 2883.5000000000005 6.7669091224670419 4.5270404815673837 -0.071931503713130937 0.6078576147556306 -0.00079116580309346307
decision_type=2 2 2 2 2 2 2 2 2 2 2 2 2 2 2 2 2 2 2 2 2 2 2 2 2 2 2 2 2 2 2 2 2 2 2 2 2 2 2 2 2 2 2 2 2 2 2 2 2 2 2 2 2 2 2 2 2 2 2 2 2 2
left_child=3 2 5 14 35 7 10 24 -3 19 -6 12 37 -14 -1 20 17 31 -7 -10 38 -12 -23 45 40 48 61 -28 -29 30 -13 32 -5 -34 -35 -4 51 -9 39 -16 47 -42 -8 -26 -37 -24 -47 -2 49 -21 -20 -36 -53 -54 -39 -56 57 58 -40 -19 -61 -15
right_child=1 8 4 16 6 18 42 11 9 -11 21 29 13 26 15 -17 -18 59 50 25 -22 22 23 -25 43 -27 27 28 -30 -31 -32 -33 33 34 36 44 -38 54 56 -41 41 -43 -44 -45 -46 46 -48 -49 -50 -51 -52 52 53 -55 55 -57 -58 -59 -60 60 -62 -63
leaf_value=0.0071959852029680471 -0.0016385002093110177 -0.031142718567216655 -0.029419495464131716 0.027837708612579785 0.0069137242450252141 -0.019454429857303477 -0.011021806000385234 0.025680060837876266 0.0038688767404462007 -0.030179839836859821 -0.015087567936784615 -0.014631260937951548 0.017879944489225013 0.005512646143893617 0.021317079900025886 0.0083465506911332994 0.020664853556892345 -0.011228899360375745 0.0064914424837780984 -0.031417961325521986 0.014639515279909454 -0.016818145398922384 0.0061975679088906045 -0.018626963245204499 -0.0041806345080334546 0.0041066946908703064 0.0083943020673173455 -0.010548020143362976 0.010737207882310366 0.012268590516179716 0.0061538051897273788 0.029550818196498272 -0.0071102359957943241 0.028223813628594625 -0.0030844672488800377 -0.022612933241856762 -0.0075431663071612908 0.01891459528289717 0.030418898721803856 0.0012326688252616322 0.018986466705569988 -0.006487230706197388 -0.025339407824053004 -0.021087045804316661 -0.0076905774196026023 -0.0073221365389229669 0.0090851884237486379 -0.021644024966710137 -0.02492096025787828 -0.013071620362146923 -0.013011370782266678 0.021859487746091859 0.01508380531405709 0.00014585549656676732 -0.0092178960207458943 0.015154177121884155 0.02844340438661969 0.029743153550183407 0.0075985959306428021 -0.0046286824069752749 0.016801549096010067 -0.013735225042550885
leaf_weight=158.59669290482998 115.52949865162373 302.15256854891777 150.076425999403 52.491518929600716 209.76045887172222 211.67752155661583 135.21858264505863 101.3993873000145 66.923469290137291 341.43105530738831 211.2169883698225 154.45108200609684 126.69710041582584 49.889340713620186 264.52456876635551 174.68283787369728 190.77154730260372 96.840882405638695 83.712211534380913 54.759596347808838 335.51324571669102 192.6505793184042 324.74091309309006 60.371087253093719 83.145177841186523 49.226788878440857 458.90462471544743 168.68634897470474 60.453822001814842 52.651128843426704 58.671899899840355 50.258721172809601 67.911908745765686 62.464968979358673 67.264361441135406 148.56895425915718 62.961984217166901 105.07834206521511 49.064814016222954 55.993221536278725 67.654410198330879 62.473539263010025 172.85539220273495 136.29912224411964 118.95824135839939 262.36839628219604 90.58565254509449 52.465039044618607 197.93788938224316 481.03599151968956 64.276299938559532 113.67781810462475 139.22189678251743 117.68090459704399 65.221801683306694 75.970706045627594 720.70440645515919 157.75429782271385 141.48024117946625 107.48958356678486 65.668989166617393 122.63254408538342
leaf_count=646 475 1344 635 211 853 880 561 407 278 1534 869 625 509 201 1093 707 769 389 342 232 1370 787 1314 251 342 204 1841 681 243 212 236 204 273 252 270 635 253 422 201 229 274 254 734 561 494 1063 367 217 839 2027 266 457 560 473 262 305 2978 651 580 432 264 494
internal_value=3.46704e-06 -0.00868812 -0.00446912 0.0161649 -0.00950557 -0.000246841 -0.00666177 0.00179359 -0.0215567 -0.0191254 -0.0038371 0.00466461 0.00653177 0.00362411 0.0199085 0.0209698 0.00971529 0.00763461 -0.0122641 -0.0146845 0.022248 -0.00581191 -0.00370689 -0.000284576 -0.00708577 -0.0162703 0.0015253 0.00395611 -0.00493236 -0.00471379 -0.00890922 0.0110994 0.00974302 0.0082382 0.0100887 -0.0208083 0.00782675 0.0147885 0.0240852 0.0178084 -0.00149473 0.00675672 -0.0190552 -0.0146814 -0.0159776 0.00134942 -0.0031112 -0.00788627 -0.0176374 -0.0149467 -0.00197927 0.0100369 0.0124186 0.0082411 0.010304 0.00389586 0.0259671 0.0208432 0.0134748 -0.00178375 0.00349856 -0.00816919
internal_weight=9301.8 6048.78 4555.31 3253.02 2077.37 2477.94 1659.77 2118.27 1493.47 1191.31 1351.69 1600.71 1334.93 987.264 2058.31 1899.72 1194.71 1003.93 359.666 849.884 1725.03 1141.93 930.717 738.066 517.567 782.96 860.567 688.045 229.14 265.774 213.123 733.934 683.675 631.184 563.272 417.604 500.807 347.67 1389.52 320.518 298.122 130.128 308.074 219.444 267.527 677.695 352.954 167.995 733.733 535.796 147.989 437.845 370.581 256.903 246.271 141.193 1069 348.299 190.545 269.999 173.159 172.522
internal_count=38332 25070 18612 13262 8563 10049 6799 8561 6458 5114 5504 6438 5365 3969 8455 7809 4807 4038 1488 3580 7102 4651 3782 2995 2123 3302 3460 2765 924 1073 861 2953 2749 2538 2265 1764 2013 1396 5732 1322 1220 528 1295 903 1129 2744 1430 692 3098 2259 608 1760 1490 1033 989 567 4410 1432 781 1085 696 695
is_linear=0
shrinkage=0.03


Tree=18
num_leaves=63
num_cat=0
split_feature=84 10 52 52 5 5 10 54 5 63 40 67 12 14 54 26 64 31 12 81 52 82 2 63 52 51 56 12 31 64 59 67 56 1 64 40 63 53 46 57 63 26 26 77 70 26 63 69 51 60 64 21 14 64 31 56 54 69 32 5 81 17
split_gain=1085.12 421.378 107.701 132.114 104.546 134.747 53.99 48.7846 53.0489 45.2341 48.0083 40.1335 39.3676 38.849 36.6448 37.713 33.1245 44.6351 33.5651 31.2086 29.8818 29.6748 28.8375 28.3451 28.1939 26.1783 33.1653 31.5268 25.9504 25.6593 24.1443 23.7717 29.7909 23.1894 23.0759 23.4791 22.5116 23.784 25.9291 21.1785 21.031 26.7719 32.2365 20.7864 20.533 20.4722 19.9149 24.2103 18.9808 18.9222 18.7059 18.4582 20.1507 18.4107 27.0014 17.5208 19.12 24.0808 21.2378 18.2553 17.4979 17.0947
threshold=1.0000000180025095e-35 0.12612552940845492 0.24994840472936633 -0.2539199143648147 -0.00059485959354788054 0.00057295709848403942 0.055291593074798591 -0.26842699944972986 0.0016954421298578384 0.9556623399257661 -20.800015449523922 1178.5000000000002 0.0064439051784574994 0.025813775137066845 -1.8411073088645933 0.55260011553764354 -0.86493045091629017 0.52749997377395641 0.016891034319996837 0.0032018341589719061 -0.33728338778018946 57.193212509155281 -0.00020339804177638141 -0.7589854598045348 0.20866684615612033 0.029183354228734974 7.2593448162078866 0.0078249494545161741 0.28249999880790716 0.8102954924106599 0.83711206912994396 545.50000000000011 9.235873222351076 0.00020271278481232005 -0.86493045091629017 -2.7119867801666255 0.32350382208824163 0.71754324436187755 0.9987982213497163 34.832359313964851 0.54646614193916332 1.2078267931938174 0.74844825267791759 -0.17031217366456983 7581.5000000000009 2.157822966575623 -0.36852931976318354 14220.500000000002 0.083114232867956175 3.7357219457626347 0.10669767111539842 -1.4999999999999998 0.012410094495862724 -0.61737772822380055 0.55750000476837169 7.6503803730010995 -1.3874605894088743 6387.5000000000009 0.25249999761581426 -0.00053875608136877407 0.28708603978157049 30.817674636840824
decision_type=2 2 2 2 2 2 2 2 2 2 2 2 2 2 2 2 2 2 2 2 2 2 2 2 2 2 2 2 2 2 2 2 2 2 2 2 2 2 2 2 2 2 2 2 2 2 2 2 2 2 2 2 2 2 2 2 2 2 2 2 2 2
left_child=1 4 3 19 20 9 24 8 16 10 46 12 -12 34 -7 -16 31 48 23 -3 -1 55 -22 -19 43 26 -14 61 -11 -20 -23 32 -5 50 -9 44 37 -29 -39 -30 49 42 -42 -2 -36 -24 47 -6 -18 -38 53 -44 -53 54 -17 56 -8 58 -58 -59 -45 -27
right_child=6 2 -4 7 5 14 21 13 -10 28 11 -13 25 -15 15 33 17 18 29 -21 22 30 45 -25 -26 27 -28 36 39 -31 -32 -33 -34 -35 35 -37 40 38 -40 -41 41 -43 51 60 -46 -47 -48 -49 -50 -51 -52 52 -54 -55 -56 -57 57 59 -60 -61 -62 -63
leaf_value=-0.01941526470089731 0.0079764568143935455 -0.02685545813791728 -0.025959423885204478 0.0014476714752077826 0.019129346719513985 0.01313520999906752 0.022603416569093628 -0.0053189921275521206 -0.025276063465291047 0.038942156833292565 0.013517597714066111 0.024804100233200715 0.0046641318726448602 0.0036846874000094529 0.017118024821843169 0.0015698449633229628 0.00061675666789645666 -0.020281817506556263 -0.021747732326368271 -0.0024711335816334098 -0.00019969346427626351 0.010633518523206533 -0.014442792613691639 0.002105349984151815 0.0029359858972492258 -9.2429370907340749e-05 -0.022779978268793043 -0.0083994643481747362 0.0051936239961544286 -0.0037704946348356546 -0.013214005518292835 -0.0095115683527007139 0.026313272705469622 -0.0027965965975018975 -0.019191320403662612 -0.024781395099148191 -0.026624304741788944 -0.0067903436188449257 0.012425329918259015 0.025429488747322697 0.01236878004683928 0.009262212435859259 -0.027287787715686837 0.02847563260708786 0.0035159992612986682 0.0028063875690410023 0.027114420883228976 -0.0030107246081953979 0.018967504575568353 -0.0022721793233338337 -0.006412505944571884 -0.01367451508538488 0.008359683718913883 -0.024882324113599502 -0.024044968529546532 0.022820574656007661 -0.0068078683455229955 0.0038666112241943101 0.011517202828830661 0.024025280016560128 0.010585080750225783 0.020540634117593857
leaf_weight=165.20353664457798 53.497487530112267 484.90840791165829 559.46180544793606 89.859903544187546 122.01896408200264 80.940554544329643 175.70411801338196 120.8614563792944 97.090324640274048 49.763488858938217 263.20099976658821 78.818638518452644 71.544197455048561 95.271384477615356 50.790595650672913 79.797597646713257 157.87204451858997 62.725905388593674 213.03444722294807 52.336854845285416 445.73511442542076 146.74727341532707 332.70099546015263 269.99473503232002 50.16827717423439 51.840201288461685 88.843166962265968 93.492379233241081 100.47654545307159 107.52130794525146 51.660680651664734 52.968941494822502 83.806541129946709 295.32253175973892 91.932741448283195 309.22209748625755 60.672238603234291 79.611703082919121 306.58530861139297 86.723282411694527 65.836275517940521 156.96014159917831 51.400931492447853 744.73578463494778 58.73858916759491 76.087822571396828 109.1260382682085 69.92477160692215 74.745809361338615 54.524028331041336 211.50970566272736 120.30221265554428 54.175658717751503 164.35546118021011 69.119830057024956 325.60021565854549 92.305972620844841 55.653856888413429 148.47495144605637 147.8039787709713 52.682330504059792 119.3195186406374
leaf_count=702 221 2129 2457 366 492 328 721 499 416 202 1062 319 289 395 206 324 642 263 888 217 1820 598 1367 1112 206 209 359 376 405 444 208 219 343 1209 384 1297 244 320 1233 349 265 631 207 3112 244 311 440 281 302 219 867 484 218 678 286 1337 375 225 602 604 218 480
internal_value=1.06767e-05 -0.00546078 -0.0140953 -0.0113558 0.000631711 0.00329222 0.0192985 -0.00761659 -0.00400923 0.00728729 0.00583141 0.00389397 0.00288799 -0.0140713 -0.00617318 -0.00796769 -0.00215327 -0.00477154 -0.00878983 -0.02448 -0.00773548 0.0149723 -0.00547745 -0.00211517 0.0247907 0.000853437 -0.0105379 0.00235751 0.0196869 -0.0157178 0.00442419 0.00808124 0.0134471 -0.0095213 -0.0169841 -0.0200497 0.000400182 0.00517741 0.00846416 0.0145682 -0.00366384 -0.000728117 -0.00610351 0.0260792 -0.010339 -0.0112322 0.0168815 0.0110638 0.0065133 -0.0150981 -0.0133056 -0.0114876 -0.00683286 -0.0179596 -0.0103192 0.0171856 0.0142261 0.0109127 0.00449209 0.0185111 0.0272937 0.0142914
internal_weight=9254.11 7209.08 2982.35 2422.89 4226.72 3207 2045.03 1885.65 1209.62 2255.16 2018.2 1717.13 1638.31 676.026 951.836 870.896 1112.53 885.894 653.276 537.245 1019.73 1143.95 854.524 332.721 901.084 1375.11 160.387 1214.72 236.963 320.556 198.408 226.635 173.666 820.105 580.755 459.893 1043.56 479.689 386.197 187.2 563.871 448.675 291.715 850.916 150.671 408.789 301.07 191.944 232.618 115.196 524.783 225.879 174.478 313.273 148.917 945.543 619.943 444.239 240.781 203.458 797.418 171.16
internal_count=38226 29799 12617 10160 17182 12982 8427 7814 4995 9084 8128 6915 6596 2819 3898 3570 4579 3651 2707 2346 4200 4670 3498 1375 3757 5534 648 4886 956 1332 806 928 709 3364 2424 1925 4197 1929 1553 754 2268 1805 1174 3551 628 1678 1213 773 944 463 2155 909 702 1288 610 3864 2527 1806 977 829 3330 689
is_linear=0
shrinkage=0.03


Tree=19
num_leaves=63
num_cat=0
split_feature=83 83 83 77 5 10 41 5 69 5 66 65 83 5 31 4 5 29 41 44 65 1 54 23 41 5 69 4 25 59 41 60 77 4 69 29 39 77 5 3 42 65 42 27 34 68 12 16 29 61 82 32 29 78 3 61 40 31 56 32 66 44
split_gain=1252.73 245.897 182.332 86.6503 102.358 68.8565 50.1462 39.2615 43.5159 36.6839 31.4905 30.9216 30.2705 29.2534 27.7553 26.9099 26.0698 32.2093 25.2964 33.0025 27.1511 24.3415 23.3588 23.2572 23.1925 22.9766 21.8298 21.0328 20.1533 19.8875 22.7868 19.0808 18.7792 18.6277 19.0888 18.1099 21.8393 17.8713 25.4374 17.9352 17.7325 25.6299 20.9148 17.4377 17.1287 16.6498 20.8569 16.5956 17.3472 16.1827 16.05 15.9953 17.3419 15.8455 15.8185 15.3242 15.2327 14.5281 25.973 25.6208 14.3689 14.3127
threshold=0.30446651577949529 1.2592110037803652 0.10351252555847169 -0.18059515208005902 0.00093856040621176373 0.056329838931560523 -67.355972290039048 -0.00058367359451949586 19441.500000000004 0.00083425932098180066 650.50000000000011 354.50000000000006 0.63788178563117992 -0.00030169186356943095 0.97750002145767223 -0.00067445283639244724 -0.00089970085537061084 0.33600695431232458 -42.266559600830071 2.1530255079269414 354.50000000000006 -0.00041026207327377046 -1.8984543681144712 2.5000000000000004 -52.121284484863274 0.0005241590552031995 2769.5000000000005 -0.00039183367334771896 30.986568450927738 0.56000119447708141 -9.191189765930174 3.4206908941268925 -0.17031217366456983 0.00036498416739050304 4531.5000000000009 -0.30322901904582972 0.13876220583915713 -0.1884173974394798 0.00039237727469298994 0.00013455134467221799 11.056454181671144 -391.49999999999994 16.072414398193363 -0.055027905851602547 0.65541416406631481 0.6078576147556306 0.010056448169052603 51.368589401245124 0.47448588907718664 0.56411105394363414 46.477836608886726 0.92250001430511486 -0.18753665685653684 -0.011442638467997311 -9.4341448857448982e-05 3.1369211673736577 4.96323585510254 0.18250000476837161 5.9601674079895028 0.19249999523162845 -53.499999999999993 -0.24462456256151197
decision_type=2 2 2 2 2 2 2 2 2 2 2 2 2 2 2 2 2 2 2 2 2 2 2 2 2 2 2 2 2 2 2 2 2 2 2 2 2 2 2 2 2 2 2 2 2 2 2 2 2 2 2 2 2 2 2 2 2 2 2 2 2 2
left_child=2 3 5 12 6 32 23 21 15 13 16 14 35 -4 37 -9 55 22 19 53 25 -8 28 -5 -6 33 29 -15 -18 -24 -31 -19 -1 34 47 36 49 -3 39 -39 41 -34 -42 -11 -26 46 -28 -20 -49 -2 -29 52 61 -17 -27 -7 -52 59 -59 -48 -60 -23
right_child=1 11 9 4 24 10 7 8 -10 43 -12 -13 -14 27 -16 18 17 31 20 -21 -22 51 26 -25 44 54 45 50 -30 30 -32 -33 40 -35 -36 -37 -38 38 -40 -41 42 -43 -44 -45 -46 -47 57 48 -50 -51 56 -53 -54 -55 -56 -57 -58 58 60 -61 -62 -63
leaf_value=0.0072239029630839276 0.0039795822030007401 -0.029185253154371895 4.0711980506104494e-05 0.02221563150540087 0.0010426071601290813 0.0099553781647724552 0.0033671840521229375 -0.011756781438182413 -0.012801828059477953 -0.017174786408495648 0.032591169279066447 -0.0025948173847451881 -0.022003101226256622 -0.0037065415010486243 -0.032302079556028498 0.014487238310875027 0.037801009231639468 0.008426603047349308 -0.0062962003470565702 0.025930545823598595 0.022279178430380932 -0.024625632972228924 -0.010523309329198005 0.0014255564512417726 -0.020091444910641913 -0.018967170219580092 0.021983901507898501 0.015294785009882052 0.017109210217725556 0.021577738500635633 -0.00086862393358746342 -0.0097427459431457461 0.02075582176505994 -0.005758932873391796 0.011084227054998133 0.0063144252506725281 -0.025387366228866656 -0.0061073252070152299 -0.024583071194076756 -0.021716900697804943 0.0062344059932574122 0.03834777846093114 0.022304283746794714 0.00034637633399506345 -0.0098018914596413962 0.020839119870169634 0.0033794719342366076 0.018067598589548053 -0.0048321094405665817 -0.014890425837184302 0.011910913935008535 -0.001217115713966219 0.0010175120604525982 -0.0060351278790608306 -0.0031683608958068595 -0.0071191935465680792 -0.0041801416263944832 -0.014349364987215158 0.019422576442207833 0.028190442726657425 0.0012435240758313908 -0.011798397830921853
leaf_weight=72.44267949461937 73.983066901564598 186.31150802969933 558.57093167304993 108.96854190528393 76.833369076251984 92.47591196000576 103.05307890474796 127.49052862823009 224.94437311589718 104.36665189266205 67.59961062669754 64.500505641102791 377.87763069570065 95.832347542047501 268.67593312263489 58.399388551712036 69.074195921421051 193.64513309299946 165.05031137168407 89.69288095831871 50.249746754765511 155.49556903541088 55.764247849583626 87.163679257035255 407.0013594776392 78.865590319037437 140.31157600879669 365.33257842063904 109.55301348865032 80.546889424324036 82.286751359701157 71.12513455748558 155.11714944243431 184.36874625086784 263.71281816065311 54.933490321040154 81.993065938353539 174.64812581241131 300.20429047942162 106.73239654302597 81.618756696581841 143.47730974853039 681.61457043886185 100.20531670749187 226.70815412700176 329.08592763543129 76.550893187522888 69.834318846464157 51.897822305560112 91.476724430918694 122.88816790282726 86.59044723212719 49.046332240104675 80.583684548735619 206.07532528042793 96.851724654436111 93.032557651400566 55.356381341814995 71.946152880787849 73.350486651062965 85.794080659747124 157.67348518967628
leaf_count=298 306 834 2256 440 321 374 422 518 911 430 278 281 1619 385 1219 235 284 783 666 361 202 649 227 352 1733 324 570 1470 450 328 331 287 647 746 1064 225 342 740 1326 454 339 608 2835 408 959 1341 312 281 210 385 494 355 201 325 840 390 374 223 292 300 348 656
internal_value=0.000132296 -0.0102691 0.0118928 -0.00664344 -0.00452181 0.016244 -0.00155979 -0.00285391 -0.000538575 0.00317469 0.0125145 -0.0227489 -0.016342 0.00512281 -0.024003 0.00139559 0.0117085 0.0130372 0.0026867 0.0117437 0.00075118 -0.00978141 0.0150809 0.0129763 -0.0145231 -0.000309589 0.0133763 0.00931536 0.0251106 0.00493929 0.0102346 0.00354578 0.0220024 0.00249442 0.00525858 -0.00926768 -0.0127268 -0.0210992 -0.0185089 -0.0120283 0.0230107 0.0292089 0.0205858 -0.00859241 -0.0164104 0.015592 0.0121611 -9.84277e-05 0.00830481 -0.00645296 0.0114623 -0.0128005 -0.0155696 0.00258818 -0.00754114 0.00122078 0.00497785 0.00836429 0.00333059 0.0155201 0.00953509 -0.0181674
internal_weight=9216.85 4891.04 4325.82 3789.96 3109.7 2885.59 2399.16 2203.02 1651.17 1440.23 1751.32 1101.07 680.264 1235.66 1036.57 1426.22 1683.72 1494.39 1298.73 228.676 1070.05 551.859 1229.62 196.132 710.543 1019.8 1050.99 677.086 178.627 218.598 162.834 264.77 1134.27 734.864 550.495 302.386 247.453 767.896 581.585 281.381 1061.83 298.594 763.233 204.572 633.71 832.395 503.31 286.782 121.732 165.46 581.253 448.806 362.215 138.983 284.941 189.328 215.921 362.998 213.097 149.901 157.74 313.169
internal_count=38164 20502 17662 15648 12771 11845 9758 8966 6683 5817 7118 4854 2877 4979 4573 5772 6840 6076 5254 921 4333 2283 5006 792 3013 4131 4272 2723 734 886 659 1070 4727 2967 2221 1258 1033 3354 2520 1194 4429 1255 3174 838 2692 3386 2045 1157 491 691 2338 1861 1506 560 1164 764 868 1475 863 612 640 1305
is_linear=0
shrinkage=0.03


Tree=20
num_leaves=63
num_cat=0
split_feature=10 10 5 5 51 5 51 51 10 54 5 82 66 10 53 43 56 63 80 61 63 57 10 82 14 64 8 57 82 80 63 63 65 8 63 64 64 53 5 66 63 63 61 41 1 22 40 82 51 66 70 43 6 1 63 80 59 13 59 82 3 16
split_gain=870.726 213.686 120.509 142.21 108.668 97.3512 86.0718 58.6093 102.29 53.4084 50.3873 43.9196 42.8991 37.6392 36.7276 36.9595 35.8298 34.6112 37.453 32.4582 31.749 28.9803 28.4551 27.618 27.07 26.1246 24.4514 37.0063 24.2088 23.8766 24.0436 30.8838 31.9791 24.0014 23.868 23.0813 33.3899 22.6787 22.1678 34.0089 21.1786 21.097 22.4318 21.0629 22.318 20.8772 20.7398 20.4771 20.1877 19.9295 19.6963 19.5451 21.8379 19.2468 18.625 22.5073 20.2897 19.1814 18.5788 18.4712 19.4499 18.3668
threshold=0.11345345526933671 0.064712785184383406 0.0014756770106032493 -0.001197992358356714 0.045288616791367538 -0.00060582856531254936 0.083114232867956175 0.030192729085683826 0.035724675282835967 -0.56541106104850758 0.00057295709848403942 121.04978179931642 650.50000000000011 0.055291593074798591 0.81488391757011425 -4.9328091144561759 7.1179018020629892 0.42063900828361517 18.227205276489261 0.98320561647415172 -0.7589854598045348 41.064327239990241 0.16008444130420688 1.955214321613312 0.013362079858779909 0.65110388398170482 -0.00084708738722838451 58.762847900390632 41.543827056884773 14.324882030487062 -0.93743178248405445 0.26092512905597692 -81.499999999999986 -0.00034439582668710495 -0.12403415143489836 0.92961356043815624 0.33586180210113531 0.85686832666397106 -0.0023323575733229514 -118.49999999999999 0.56820151209831249 -0.48671542108058924 6.2939090728759775 -41.970575332641594 0.00032356438168790197 21.000000000000004 2.9081283807754521 -49.920894622802727 0.05222399719059468 -33.499999999999993 31462.500000000004 11.862846851348879 0.00080678082304075371 0.00052833993686363112 0.93894198536872875 14.863908290863039 0.150162048637867 0.0083093475550413149 0.30796694755554205 -58.461711883544915 -0.00037612959567923093 20.102437019348148
decision_type=2 2 2 2 2 2 2 2 2 2 2 2 2 2 2 2 2 2 2 2 2 2 2 2 2 2 2 2 2 2 2 2 2 2 2 2 2 2 2 2 2 2 2 2 2 2 2 2 2 2 2 2 2 2 2 2 2 2 2 2 2 2
left_child=1 7 3 17 5 47 9 8 -1 12 35 14 21 54 15 -6 20 18 -2 -8 23 22 51 -10 -11 43 -21 -28 61 40 -31 33 -33 46 45 36 50 -26 -20 48 -16 -38 -43 -12 -45 -18 -32 -3 -40 -23 59 52 -5 -4 55 -9 -57 -58 -41 -7 -61 -15
right_child=2 4 53 6 11 10 19 13 16 24 25 -13 -14 28 29 -17 34 -19 38 26 -22 49 -24 -25 37 -27 27 -29 -30 30 31 32 -34 -35 -36 -37 41 -39 39 58 -42 42 -44 44 -46 -47 -48 -49 -50 -51 -52 -53 -54 -55 -56 56 57 -59 -60 60 -62 -63
leaf_value=0.024261902235527509 0.0060988297356830033 -0.016444427023387654 -0.025834620995099953 0.0024426892579021762 0.011283779494331958 -0.001998485518095157 0.023355697195072963 0.030257867117973628 0.012542149061144967 -0.019204353500744377 0.0040847898621309787 -0.010968508158782182 0.020595390118911802 0.0077371641106043082 0.030305580228240345 -0.0073981643385410793 0.0007756093161459328 -0.026908352684459649 -0.02539692317138614 -0.011051926489263841 0.018391382299925998 -0.0046161477271681982 -0.0097709129468489617 -0.012526723341994395 -0.017981512299252864 0.010653877720936343 0.019242741935813261 -0.0093643055362602288 0.003564565822902984 -0.0058147474127605084 0.018473848306816264 -0.0081673371292670886 0.011373773277854668 0.026277290036967813 0.0073108057772779678 0.021585193149070894 0.0066595415145150596 -0.0040637881914218216 -0.034110810126321431 0.0077327923427808493 0.0090837123098391776 -0.018566637757276114 0.0052309197650870628 -0.017760113948500585 0.0043324129637184617 -0.020066725394414311 -0.0026641192177882349 0.0025639882934788394 -0.014450494111192575 -0.020561302851408534 -0.008408898452908091 -0.012314444525515627 0.019435174228689889 -0.01378125934471474 0.03700985105663087 0.029465246438225519 0.028594432576950692 0.0083862590746605088 -0.013354585229615537 -0.0027636149226915648 0.014301189908819211 0.021582993495057476
leaf_weight=281.14151379466057 70.942143946886063 388.4878556728363 487.48064298927784 229.47334246337414 197.66208145022392 102.78317052125931 102.7233018130064 207.60234917700291 75.942636668682098 329.52063588798046 76.079845890402794 93.203395292162895 69.742234259843826 120.23806430399418 120.95833601057529 184.05067040026188 70.66851370036602 292.71962302923203 189.54262040555477 74.686232313513756 161.33270408213139 160.01989485323429 178.54313234984875 82.538727194070816 149.33049173653126 66.135757893323898 117.87506385147572 62.159198731184006 147.61181217432022 69.98481673002243 119.82375913858414 96.045163527131081 350.17196863889694 191.50748829543591 84.485395029187202 76.4295814037323 94.058958947658539 357.95503675937653 66.215629950165749 82.932692110538483 65.101298213005066 114.01686964929104 51.864504173398018 226.17198731005192 50.307170405983925 111.49633882939816 64.135853618383408 58.714707717299461 162.02365665137768 126.17262995243073 60.074818909168243 52.039652198553085 96.772537097334862 157.83349837362766 93.428846582770348 94.199912458658218 54.871341064572334 184.1286756247282 68.794506713747978 69.713284358382225 436.43795117735863 304.82132777571678
leaf_count=1177 293 1626 2169 937 804 415 420 873 310 1398 311 380 283 488 494 746 287 1278 837 305 661 658 746 335 619 271 481 254 600 284 488 390 1422 778 344 309 380 1480 297 349 266 460 209 935 207 452 260 239 686 522 242 215 397 691 397 396 227 767 295 281 1757 1248
internal_value=0.000170934 0.00773363 -0.0111119 -0.00861262 0.00313015 -0.00173815 -0.0042946 0.0153315 0.00938422 -0.00703527 0.00209635 0.00899752 -0.00201654 0.0196069 0.0102726 0.0022759 0.0022521 -0.0183623 -0.0144563 0.00912006 0.00902298 -0.0038872 0.000100488 -0.000513978 -0.0125096 -0.00664808 0.00337914 0.00936578 0.0140315 0.0131049 0.0110651 0.0125028 0.00716768 0.0188433 -0.00586873 0.00573801 0.00443418 -0.00816077 -0.0170168 -0.0128364 0.0228802 -0.00469039 -0.0111261 -0.00989372 -0.0137402 -0.0119812 0.0111043 -0.0139487 -0.0201542 -0.0116458 0.00797948 0.00475959 0.00748308 -0.0228866 0.0246411 0.0225043 0.0176734 0.0130258 -0.00182842 0.00959629 0.0119508 0.0176664
internal_weight=9183.93 5498.43 3685.5 3040.18 3423.92 1871.28 2107.01 2074.51 867.606 1749.57 1424.07 1552.64 912.763 1206.9 1459.44 381.713 586.464 933.171 640.451 357.444 319.814 843.021 556.829 158.481 836.806 418.695 254.72 180.034 572.671 1077.73 891.669 821.684 446.217 375.467 266.65 1005.38 928.95 507.286 569.509 379.966 186.06 259.94 165.881 352.559 276.479 182.165 183.96 447.203 228.239 286.193 669.009 378.286 326.246 645.314 634.231 540.802 333.2 239 151.727 608.934 506.151 425.059
internal_count=38126 22516 15610 12750 13954 7642 8715 8562 3566 7255 5777 6312 3758 4996 5932 1550 2389 4035 2757 1460 1306 3475 2295 645 3497 1724 1040 735 2336 4382 3622 3338 1812 1526 1083 4053 3744 2099 2464 1627 760 1049 669 1453 1142 739 748 1865 983 1180 2695 1549 1334 2860 2660 2263 1390 994 644 2453 2038 1736
is_linear=0
shrinkage=0.03


Tree=21
num_leaves=63
num_cat=0
split_feature=83 83 83 83 54 13 14 77 29 17 52 64 14 17 52 43 26 52 77 63 61 51 52 81 66 77 41 63 63 44 29 7 13 52 54 69 66 29 61 56 41 63 90 63 14 77 80 54 44 44 26 63 32 90 56 77 54 26 25 39 51 29
split_gain=1175.09 224.13 170.635 83.3829 59.841 47.9494 46.0632 40.6191 33.6382 33.31 31.6781 32.8329 31.4377 31.0564 51.4474 30.6336 28.6377 27.225 29.1935 27.1819 27.1229 28.1377 26.9321 27.1597 25.7247 24.2362 23.6732 23.5077 23.0625 22.2916 21.9451 23.1163 21.7948 21.3996 28.345 21.2508 21.0813 20.9501 20.6648 19.9021 21.2479 19.2132 19.0615 18.6933 18.4133 18.4075 18.37 17.7094 17.4003 28.1236 31.5631 20.1102 22.5023 18.6502 17.2705 17.0095 17.6815 16.728 25.1471 19.2234 18.3148 16.013
threshold=0.30446651577949529 0.63788178563117992 1.0000000180025095e-35 1.4604680538177492 -0.26842699944972986 0.010155838914215566 0.016030669212341312 -0.24517001956701276 0.33600695431232458 17.389852523803714 0.21874769777059558 -0.87142586708068837 0.0084278611466288584 82.006862640380874 -0.074232209473848329 -19.342119216918942 2.2038238048553471 0.29968844354152685 -0.13756147772073743 -0.3440686017274856 7.8045654296875009 0.047391356900334365 -0.11173857003450392 -0.033155430108308785 644.50000000000011 0.21619375795125964 -27.538863182067868 0.2861058115959168 -0.46368156373500818 9.8973507881164569 0.49057345092296606 0.0012227282277308407 0.025301138870418075 -0.12461410835385321 -1.0203431248664854 14220.500000000002 656.50000000000011 0.93473362922668468 4.2457756996154794 7.4534337520599374 14.008107185363771 -0.7589854598045348 -1.3882365226745603 0.99560055136680614 0.012636379804462196 -0.11232310533523558 13.651201248168947 -0.96151107549667347 5.6709105968475351 -4.0919053554534903 2.0352588891983037 -0.26933941245079035 0.55250000953674328 1.8138217926025393 8.8420014381408709 0.10074129700660707 -0.61378836631774891 1.8437900543212893 28.759186744689945 0.67361769080162059 0.049575921148061759 -1.0759288668632505
decision_type=2 2 2 2 2 2 2 2 2 2 2 2 2 2 2 2 2 2 2 2 2 2 2 2 2 2 2 2 2 2 2 2 2 2 2 2 2 2 2 2 2 2 2 2 2 2 2 2 2 2 2 2 2 2 2 2 2 2 2 2 2 2
left_child=2 6 8 4 7 22 13 -3 9 -1 11 42 45 14 20 16 -7 18 -14 -10 21 -2 -4 -24 25 29 46 28 55 43 -16 -32 33 34 -13 57 44 -20 -30 40 -28 -18 -9 48 61 -6 -11 -29 49 50 53 -51 -53 -17 -54 56 -8 58 -35 -60 -59 -5
right_child=1 3 5 36 12 15 27 10 19 26 -12 32 17 -15 30 24 41 -19 37 -21 -22 -23 23 -25 -26 -27 39 47 38 -31 31 -33 -34 35 -36 -37 -38 -39 -40 -41 -42 -43 -44 -45 -46 -47 -48 -49 -50 51 -52 52 54 -55 -56 -57 -58 60 59 -61 -62 -63
leaf_value=0.0054709176272926506 -0.012545397532636997 -0.022919985781090231 0.0033946940391362469 -0.028303301109974664 -0.017954259544328641 0.027167448278880915 0.0027957906447662164 0.024681145560499235 -0.0046246613011808818 0.032452413497392224 -0.01494618008699451 -0.019123422384114817 -0.026682631256924053 -0.0093362986476737218 0.011158983978422663 0.0034753442178937209 -0.0041739733047584512 -0.034653579568330498 -0.011490417763910006 0.015482870045203196 0.010512397966552586 0.0037987645500331779 0.024015632227703889 0.010136715985472613 0.020103333321260738 -0.017665135953040548 0.011609833436291767 -0.010029347419834231 0.017491973996805819 0.016345980153994469 -0.014485339433339029 0.010925378122523755 -0.02493817729605265 0.014753892990341756 0.0041084258453727637 -0.011561537906877141 -0.0041814022679029228 -0.030469809243905813 -0.0080633948046571948 0.022987995140751585 0.032031975332036236 0.018256036338912787 0.0022770263077667749 0.016764534444196899 -0.028398422780953343 0.0040250620128571557 0.021719728022485868 -0.028084597417125937 -0.0085528050718979703 0.013582907877601108 -0.022535830366307331 0.01006565900926641 -0.014878698027763171 -0.014352490636970824 0.0056308464346744667 -0.026275057815561522 -0.016962517263766495 0.027381487049390977 -0.022073333310437048 0.0028469692189455136 0.0016213967632726556 -0.013167287574108505
leaf_weight=142.83047686517239 298.22923041880131 137.8557413816452 222.69569072127342 98.243559047579765 56.985120788216591 82.519778445363045 91.55847430229187 51.617564499378204 98.765472814440727 192.68181665241718 247.35644456744194 145.18005058169365 233.03090885281563 230.67695359885693 516.16197703778744 225.37135994434357 84.435596659779549 99.756341516971588 431.92653521895409 156.19970013201237 92.734120324254036 138.97662650048733 215.65050147473812 308.33805347979069 61.295154064893723 64.817679733037949 477.6888392418623 113.80132810771465 63.786687090992928 81.193365320563316 69.198100820183754 60.294290006160736 48.663450196385384 59.492910221219063 70.083356276154518 98.846653670072556 47.417674332857132 59.561681061983109 51.446857213973999 326.86369889974594 50.720254093408585 57.966007992625237 101.1580254137516 57.199302867054939 472.0419115871191 86.119396954774857 562.62156961858273 85.720060244202614 210.83220858871937 186.83198007941246 74.715987324714661 131.30247826874256 93.998084202408791 68.974189445376396 60.887322917580605 48.096970796585083 73.473767504096031 49.609196037054062 54.785295680165291 56.68304255604744 49.750401064753532 174.88705778121948
leaf_count=586 1224 604 899 452 239 333 376 211 403 816 1067 611 1015 952 2080 909 341 440 1792 645 378 574 876 1246 249 266 1973 474 261 327 281 245 204 242 294 404 208 257 211 1366 213 234 417 231 2144 351 2362 360 850 754 302 529 380 278 246 205 305 201 224 234 204 767
internal_value=6.21713e-05 -0.010035 0.0114935 -0.0152656 -0.0121851 0.00589396 -0.0021084 -0.00762397 0.0178755 0.019356 -0.00558314 -0.00263608 -0.0177067 0.000728129 0.00270299 0.00287286 0.0131052 -0.0199601 -0.017937 0.00769385 -0.00422426 -0.00735 0.0121343 0.0158487 0.00112589 0.000199849 0.0205873 -0.00966485 -0.00472999 0.00117186 0.00838873 -0.00265359 -0.00564834 -0.00404215 -0.0115598 0.00034145 -0.023577 -0.0137905 0.00608259 0.0171694 0.0135701 0.00495639 0.0098466 6.20327e-05 -0.0248112 -0.00472724 0.0244577 -0.0177864 -0.000845327 0.0010844 -0.00512244 0.00592712 0.000929194 -0.000702264 -0.00681615 -0.0105761 -0.00600078 0.00469395 -0.000995355 -0.00940105 0.0144831 -0.0186116
internal_weight=9162.6 4865.21 4297.4 2931.05 2138.46 2289.02 1934.16 1171.08 2008.37 1753.41 1033.23 785.87 967.38 1406.27 1175.59 1542.34 224.921 824.275 724.519 254.965 529.94 437.206 746.684 523.989 1317.42 1256.12 1610.58 527.884 328.363 1191.31 645.654 129.492 633.094 584.431 215.263 369.167 792.59 491.488 115.234 855.273 528.409 142.402 152.776 1110.11 745.173 143.105 755.303 199.521 1052.91 842.081 369.062 473.02 286.188 294.346 154.885 213.129 165.032 270.321 170.961 111.468 99.3596 273.131
internal_count=38122 20508 17614 12582 9011 9250 7926 4917 8364 7316 4313 3246 4094 5734 4782 6229 908 3504 3064 1048 2176 1798 3021 2122 5321 5072 6730 2192 1358 4806 2606 526 2618 2414 905 1509 3571 2049 472 3552 2186 575 628 4479 3363 590 3178 834 4248 3398 1489 1909 1155 1187 626 886 681 1105 700 458 405 1219
is_linear=0
shrinkage=0.03


Tree=22
num_leaves=63
num_cat=0
split_feature=83 83 52 52 10 29 12 63 63 53 63 52 29 60 40 26 67 10 82 10 51 10 10 58 54 52 51 13 67 63 57 56 51 29 61 83 18 33 54 12 52 78 69 31 40 14 13 83 63 54 33 29 57 40 80 69 82 63 67 30 40 69
split_gain=1079.94 282.448 79.5278 86.5508 77.5932 55.9208 49.7643 58.9936 48.8869 37.8555 33.1009 29.3797 38.4485 36.02 28.803 28.5673 28.0544 28.4671 25.6056 28.0719 25.1954 25.2141 23.6234 24.3136 23.4791 22.9963 22.3776 22.5984 21.9574 27.2197 21.6553 20.2696 26.2748 25.7617 20.1339 20.2747 24.6424 20.0325 19.8943 19.8576 19.8096 19.4155 18.7599 18.6603 18.6157 20.5701 24.6279 19.6269 18.5345 18.1546 21.1535 19.4357 18.1055 17.3787 19.4586 20.9997 17.1175 16.5783 33.5733 23.477 17.3368 16.383
threshold=0.15037757903337481 1.0874727964401247 0.26252925395965582 -0.19152072072029111 0.055824181064963348 -0.33884800970554346 0.011394097935408356 0.32350382208824163 -0.53176689147949208 0.88882952928543102 0.94762688875198375 0.38434277474880224 -1.0075990557670591 5.7930977344512948 -23.906067848205563 0.74844825267791759 1190.5000000000002 0.14326804876327517 44.504453659057624 0.067034672945737853 0.038567634299397476 0.039544612169265754 0.087164156138896956 0.36900977790355688 -0.67864775657653797 -0.083551857620477663 0.02840026002377272 0.010197199881076814 965.50000000000011 0.81789681315422069 19.842728614807132 7.7933471202850351 0.032222906127572067 0.75326469540596019 -1.2181568145751951 0.50567668676376354 62.41655349731446 373.62641906738287 -0.44759947061538691 0.0086924722418189066 -0.10245967656373976 -0.18669088184833524 13897.500000000002 0.3874999880790711 -22.312848091125485 0.022834934294223789 0.017667417414486412 0.44128532707691198 -0.39273749291896815 -1.4954690933227537 490.39440917968756 0.62272191047668468 49.351568222045906 -16.140889167785641 17.094068527221683 13706.500000000002 -20.056204795837399 0.27353890240192419 435.50000000000006 0.92499998211860668 8.4322204589843768 4719.5000000000009
decision_type=2 2 2 2 2 2 2 2 2 2 2 2 2 2 2 2 2 2 2 2 2 2 2 2 2 2 2 2 2 2 2 2 2 2 2 2 2 2 2 2 2 2 2 2 2 2 2 2 2 2 2 2 2 2 2 2 2 2 2 2 2 2
left_child=4 2 3 5 10 41 14 8 44 18 20 12 -3 30 42 56 17 -11 19 -6 21 -1 23 -4 -24 -19 -23 -28 29 31 -14 33 48 39 -10 37 -37 -36 -30 40 -17 -2 -5 -7 -8 46 -46 -47 -33 50 -9 53 61 -51 -55 -56 -16 58 60 -60 -32 -20
right_child=1 11 22 6 9 43 7 49 34 16 -12 -13 13 -15 15 28 -18 25 52 -21 -22 26 24 -25 -26 -27 27 -29 38 -31 57 32 -34 -35 35 36 -38 -39 -40 -41 -42 -43 -44 -45 45 47 -48 -49 -50 51 -52 -53 -54 54 55 -57 -58 -59 59 -61 -62 -63
leaf_value=0.022007809524208836 -0.027868005290330407 -0.025564544114574188 0.012049987726465487 0.026260264175161308 0.017658828247076677 0.015992174902527547 0.0054666094579205234 -0.0123696944199005 0.022769158360870751 0.014549819911066197 0.036161622453450684 -0.030268712690954699 -0.0022077018950059555 -0.0042973550886314582 0.0028010384881589591 -0.0025939906942305125 0.032388858382614287 -0.016428664935176973 -0.0071750972522201329 0.0045308000623414252 0.028373398108498635 -0.00071654044057350259 -0.011590037711685335 -0.013882984397754332 -0.026764868785029036 0.010700126711563387 0.018217856249011871 -0.0038789572642370872 0.0037047649373047635 0.013130846456494037 -0.030214965677324686 -0.029482707373166338 0.0011292886497822319 -0.014916379336961352 0.0010725256627636313 -0.0094911048832196001 0.010007325876046819 0.019352551211237693 -0.019263379949643344 -0.0013222470058367594 0.017483525895126004 -0.012813688508528627 0.0060495294968694628 -0.0031221653679518228 -0.0072410148751486641 0.015606650445504664 -0.027824926000186639 -0.011216802314083974 -0.0052813156042752323 -0.026405805087460061 0.0054461404893999255 -0.025576713675345326 -0.015585132586984683 -0.018860116074405173 0.00059668207482506885 -0.017991911106383922 0.025394530966461749 -0.025772583619949097 -0.013337986316003071 0.01231198605582173 -0.010877835463868894 0.012362600242685106
leaf_weight=388.55694882571697 88.268300995230675 373.14724089205265 50.455892875790596 81.070506110787392 217.86474280059338 66.359854206442833 99.151129245758057 110.59010504186153 69.088067248463631 982.96600635349751 107.00081986188889 185.83400222659111 71.000512823462486 244.87656047940254 51.005490005016327 59.138245850801468 70.79455953836441 50.377733662724495 75.429066866636276 448.1158089786768 194.42070545256138 102.74020740389824 185.90948456525803 91.623094618320465 181.21011272072792 63.65415047109127 304.37294217944145 48.258733704686165 56.812885284423828 180.74617314338684 124.38539944589138 56.298881560564041 182.07645928859711 55.733177170157433 91.276459813117981 129.92661806941032 105.86707669496536 131.95140898227692 84.30535015463829 158.58030635118484 175.42322853207588 609.51118071377277 84.330213859677315 149.57656025886536 155.19746275246143 49.04317170381546 78.913642629981041 49.159993082284927 57.637714415788651 52.133090153336525 131.06823694705963 87.105120956897736 69.721395149827003 108.4408662468195 221.52753886580467 72.629752770066261 73.915604561567307 240.02235531806946 91.618666768074036 49.448499351739883 62.793708771467209 79.168299525976181
leaf_count=1643 383 1715 205 328 894 268 401 453 278 4013 460 866 302 1038 206 240 294 203 306 1822 834 420 791 376 783 258 1270 200 230 734 543 227 737 229 369 527 433 532 343 641 706 2576 340 614 636 200 328 206 232 214 536 365 282 441 905 298 299 1066 398 216 277 322
internal_value=-3.47489e-05 -0.00757883 -0.00389179 -0.00247492 0.0140156 -0.0105894 -8.33146e-05 -0.00343709 0.00154998 0.0105325 0.0202743 -0.0191348 -0.0174891 -0.014081 0.00422438 0.0025961 0.014085 0.0129038 0.0058727 0.00882542 0.0186371 0.0163942 -0.0150605 -0.00467352 -0.0190803 -0.001285 0.0116042 0.0151938 0.00100659 0.00268715 -0.0178286 0.000152994 -0.00594105 0.00417175 0.00767051 0.00539799 -0.000736664 0.011878 -0.0100166 0.00687775 0.0124215 -0.014718 0.0159557 0.0027519 -0.0059415 -0.00934529 -0.0141794 0.00217897 -0.0172398 -0.00954493 -0.00270692 -0.0125947 -0.00289366 -0.0101079 -0.00799749 -0.00399299 0.0161696 -0.0197804 -0.0153987 -0.00434686 -0.0237279 0.00283003
internal_weight=9169.63 5966.19 4523.06 4013.86 3203.44 913.716 3100.14 1743.07 959.575 2058.09 1145.35 1443.13 1257.29 884.146 1357.07 1191.67 1167.79 1097 890.299 665.981 1038.35 843.929 509.199 142.079 367.12 114.032 455.372 352.632 1066.75 925.634 639.269 744.888 296.013 448.875 528.11 459.022 235.794 223.228 141.118 393.142 234.561 697.779 165.401 215.936 431.465 332.314 234.111 98.2032 113.937 783.495 241.658 541.836 224.319 454.731 402.598 294.157 124.921 568.269 328.246 141.067 187.179 154.597
internal_count=38252 25031 18610 16455 13221 3841 12614 7122 3910 8394 4827 6421 5555 3840 5492 4824 4768 4474 3626 2716 4367 3533 2155 581 1574 461 1890 1470 4319 3746 2802 3012 1196 1816 2139 1861 960 901 573 1587 946 2959 668 882 1771 1370 964 406 459 3212 989 2223 910 1858 1644 1203 505 2500 1434 614 820 628
is_linear=0
shrinkage=0.03


Tree=23
num_leaves=63
num_cat=0
split_feature=31 10 84 66 5 5 51 5 5 53 64 5 5 64 60 25 66 17 26 54 80 54 51 64 3 25 64 5 3 1 2 66 57 64 66 53 77 57 41 41 82 90 40 10 66 77 47 10 53 65 6 31 80 53 82 5 42 64 90 80 30 70
split_gain=833.526 243.17 116.828 94.5194 72.7567 85.445 84.7872 66.3308 109.516 52.8016 43.0818 37.5577 35.3117 32.9309 30.8096 30.437 28.3559 27.4639 44.3233 26.9737 26.1038 31.4095 25.8874 25.4123 24.8528 24.349 24.3055 23.6959 37.9925 23.6213 22.9396 22.5557 22.4032 22.398 21.3225 21.2029 20.9512 20.6355 19.8551 19.659 19.4461 19.1024 18.7964 18.691 18.5158 18.2889 17.5354 17.0674 20.0222 18.7035 20.3674 17.7239 17.1464 19.7332 16.8765 17.4506 16.8245 16.7505 18.832 16.1728 15.6644 15.3068
threshold=0.27250000834465032 0.13510215282440188 1.0000000180025095e-35 656.50000000000011 0.0016954421298578384 -0.0019726282916963096 0.085249561816453948 0.00088445039000362169 -0.00059485959354788054 0.59662094712257396 -0.83025357127189625 -0.00076172745320945967 0.00048864472773857426 -0.85149618983268727 13.118154525756838 30.563585281372074 -38.499999999999993 62.219312667846687 1.7485553622245791 -1.7229269742965696 22.197080612182621 0.22960823029279712 0.049575921148061759 -0.8959035575389861 -0.00075074023334309448 83.857028961181655 -0.97768935561180104 -0.00031217074138112361 0.00022139784414321187 0.0001644313815631904 -0.00013542197848437351 30.500000000000004 50.339452743530281 -0.97768935561180104 215.50000000000003 1.000489413738251 -0.33188018202781672 29.415114402771 -46.116567611694329 -43.486059188842766 67.053501129150405 0.64142107963562023 -6.6031599044799796 0.11008420586586 155.50000000000003 -0.17031217366456983 0.99921950697898876 0.067034672945737853 0.90655338764190685 -101.49999999999999 0.00026059497031383222 0.046250000596046455 13.840187549591066 0.73588290810585033 -77.865394592285142 0.00057295709848403942 36.53624343872071 0.90352019667625438 -1.0853040218353269 29.808443069458011 0.67499998211860668 6343.5000000000009
decision_type=2 2 2 2 2 2 2 2 2 2 2 2 2 2 2 2 2 2 2 2 2 2 2 2 2 2 2 2 2 2 2 2 2 2 2 2 2 2 2 2 2 2 2 2 2 2 2 2 2 2 2 2 2 2 2 2 2 2 2 2 2 2
left_child=2 3 11 7 5 -3 13 8 10 46 16 -1 24 31 22 -8 -2 18 20 -9 21 34 54 26 -11 32 -6 28 -26 61 36 59 -17 -4 -13 -21 -12 38 -24 41 -5 -19 -18 -37 -41 -35 -10 49 -49 50 51 -47 -52 -54 -15 -56 -25 -39 -59 -7 -40 -14
right_child=1 4 33 40 23 6 15 19 9 12 30 17 29 14 -16 25 42 39 -20 35 -22 -23 37 56 27 -27 -28 -29 -30 -31 -32 -33 -34 45 -36 43 -38 57 60 44 -42 -43 -44 -45 -46 47 -48 48 -50 -51 52 -53 53 -55 55 -57 -58 58 -60 -61 -62 -63
leaf_value=-0.0063766943438620226 0.018905119982958483 -0.024043653962203849 0.033959020363346207 0.023818177279211619 -0.02728869652559307 -0.0035299680370907264 0.013464276472311439 0.0079543878730784362 0.00048047332463621383 -0.010011389215974626 -0.026981924873812298 -0.016608000512201255 -0.016752337927525715 -0.035841168385191476 0.0096873952582469825 0.0006784350010126713 0.0076666613124626859 -0.00042681674885454538 0.02036641879780517 -0.021802840121612963 0.01667567289018114 0.019265403791849933 -0.015373277940803946 -0.030704859107760746 0.0062384853865518619 0.012870327871577989 0.001922664402743148 0.010264302657827682 -0.018389927455982554 0.007155900815837871 -0.018966621956067308 -0.019068986425303937 -0.022742371480700217 0.0052336263627761233 0.0037855304274519372 -0.00076235168550587568 -0.005803282000728085 -0.017914006004050392 -0.0057422932672422135 -0.0072366525168504553 0.0022470784520223835 0.019463777661199503 -0.015063747346477053 -0.018239708927559078 0.0084960402658724073 0.025844295884102815 -0.017672463197453855 0.0076792678195220015 0.021425553259305612 0.02646094174920265 0.02356461765355837 0.014069841749012593 -0.011987838749969908 0.012818320873744991 -0.011665495011133018 -0.030225142561210231 -0.011527030277877087 0.0080891524817009643 -0.016416582595275956 0.014208405680391448 0.015890526131412456 -0.0023781227351735009
leaf_weight=173.72247317433357 66.882921352982521 374.75715813040733 82.246383771300316 153.44396068155766 46.558264493942261 145.76996603608131 174.78048434853554 50.813253432512283 74.31094616651535 73.426346138119698 47.383890226483345 93.225997909903526 108.69204865396023 70.392473757266998 46.998592957854271 80.533662095665932 58.540166333317757 76.199365958571434 328.69443981349468 217.06977899372578 117.70485211908817 55.271537303924561 86.657365411520004 304.18162339925766 270.22986018657684 58.334671646356583 57.045766070485115 991.25468783080578 71.232171505689621 139.75295899808407 308.39808782935143 57.503330647945404 67.622233584523201 96.308166563510895 91.360159203410149 122.41982653737068 372.70881262421608 457.61661702394485 71.634123787283897 191.93658909201622 49.825670778751373 101.12113308906555 74.296113386750221 100.10230581462383 103.69976305961609 280.45486284792423 134.71248269081116 227.18078412115574 164.35537227988243 347.18423452973366 50.571054071187973 195.1005195081234 48.652240633964539 70.952174156904221 120.45524276793003 73.364759847521782 47.615002930164337 52.688515767455101 60.780943900346756 67.764043867588043 51.98888885974884 172.47371682524681
leaf_count=709 272 1681 355 633 217 608 719 210 301 298 210 376 444 322 201 332 241 308 1329 924 477 224 364 1391 1096 240 254 4015 289 567 1303 247 279 398 369 506 1554 1948 305 779 204 410 310 425 420 1198 547 934 680 1481 214 824 203 297 512 326 218 219 255 285 218 703
internal_value=-0.000142669 -0.00632164 0.0131565 -0.00135001 -0.0133841 -0.0110467 -0.00825527 -0.00251976 -0.000828964 0.00306439 -0.00936927 0.00663158 0.00469845 -0.0117521 -0.0140741 0.00425111 0.00297447 0.00858103 0.0124145 -0.0127399 0.00510452 -0.000573766 -0.0151422 -0.0242634 0.00698031 -0.00354722 -0.0112045 0.00791647 0.00110077 -0.00292444 -0.0127534 -0.00239183 -0.0100114 0.018721 -0.00651431 -0.015132 -0.0081921 -0.0123972 -0.00436285 0.00301874 0.0185306 0.0109163 -0.00504659 -0.0086246 -0.00171813 0.0178746 -0.0112188 0.018754 0.0134496 0.0208456 0.0178265 0.0210137 0.00891985 0.00272776 -0.02326 -0.0186907 -0.0281092 -0.0153556 -0.00503757 0.00209922 0.00335525 -0.00793486
internal_weight=9128.96 6233.01 2895.94 3657.97 2575.04 2119.64 1744.89 3454.7 2964.3 2036.09 928.21 1332.94 1827.06 1363.61 1092.58 381.271 199.719 1159.21 686.257 490.405 357.563 239.858 1045.58 455.401 1406.14 206.491 103.604 1332.72 341.462 420.919 728.491 271.037 148.156 1563.01 184.586 439.592 420.093 781.366 210.28 472.957 203.27 177.32 132.836 222.522 295.636 1480.76 209.023 1384.45 391.536 992.915 645.731 475.555 170.175 119.604 264.212 193.82 351.797 571.086 113.469 213.534 123.623 281.166
internal_count=38178 26193 11985 15052 11141 9061 7380 14215 12150 8260 3890 5401 7412 5810 4670 1570 823 4692 2775 2065 1446 969 4469 2080 5698 851 471 5400 1385 1714 3067 1140 611 6584 745 1855 1764 3309 887 1917 837 718 551 931 1199 6229 848 5831 1614 4217 2736 2022 714 500 1160 838 1609 2422 474 893 523 1147
is_linear=0
shrinkage=0.03


Tree=24
num_leaves=63
num_cat=0
split_feature=84 31 29 5 5 4 65 63 25 30 5 29 29 29 36 4 5 29 29 63 4 43 54 33 64 63 60 63 0 56 30 29 14 5 57 29 81 41 81 29 47 0 41 41 57 5 56 31 3 26 43 59 77 64 60 44 26 65 57 9 47 63
split_gain=780.41 242.101 155.354 209.928 80.2563 53.8723 49.0169 47.4672 44.224 44.0355 43.1383 42.7222 40.8147 39.0531 37.6643 36.6267 36.4268 34.9354 33.7541 30.9846 28.5242 28.1512 27.0797 27.8876 25.8867 25.1499 29.7799 24.8807 23.7513 23.26 22.8904 36.8542 32.3749 22.3722 22.2384 22.8309 21.7522 20.2601 19.8685 19.7095 21.974 21.9497 20.7098 20.0036 19.7008 19.361 19.6942 19.6602 18.8442 18.6947 18.5259 20.5141 18.2255 16.5716 26.0402 16.1324 15.8905 15.7488 15.714 16.8024 16.9118 15.4453
threshold=1.0000000180025095e-35 0.31749999523162847 -0.98927167057991017 0.00088445039000362169 -0.00058367359451949586 -0.00061210774583742012 334.50000000000006 0.97948506474494945 29.484158515930179 0.22500000149011615 -0.00074865622445940961 0.0064628976397216329 0.63475203514099132 1.1309682130813601 1.3126904964447024 0.00064242363441735517 0.00076694160816259693 0.34318272769451147 -0.23160143196582791 0.2861058115959168 -0.00068726073368452479 -2.0061206817626949 -1.8274565935134885 2537.9277343750005 -0.9543684422969817 -0.38066601753234858 4.9561891555786142 0.27353890240192419 20.500000000000004 8.3031897544860858 0.87500000000000011 0.48270276188850408 0.017323246225714687 -0.00069532523048110295 29.243567466735843 -0.34631137549877161 0.33191505074501043 -24.674983978271481 -0.41159895062446589 -0.63588276505470265 1.0010254979133608 22.500000000000004 7.4590830802917489 -7.5793690681457511 24.634576797485355 0.00092138160835020255 10.432330608367922 0.042500000447034843 -0.00021105542691657317 1.9564046263694765 -4.5433614253997794 0.77380588650703441 -0.04691029526293277 0.7702331840991975 9.0778260231018084 -3.8713417053222652 1.416135370731354 -226.49999999999997 21.934336662292484 0.0015556433936581018 0.99951389431953441 0.36040300130844122
decision_type=2 2 2 2 2 2 2 2 2 2 2 2 2 2 2 2 2 2 2 2 2 2 2 2 2 2 2 2 2 2 2 2 2 2 2 2 2 2 2 2 2 2 2 2 2 2 2 2 2 2 2 2 2 2 2 2 2 2 2 2 2 2
left_child=1 7 24 4 8 18 12 10 9 19 -1 29 15 14 30 21 22 20 -6 48 52 25 -12 39 -3 26 -7 -27 -23 58 31 32 -5 53 -11 -36 -14 -32 -21 -24 41 43 -42 -41 -15 46 47 -22 -4 -19 -31 -52 -2 -26 -55 -17 -13 -39 -10 60 -60 -62
right_child=17 2 3 13 5 6 -8 -9 11 34 16 56 36 44 -16 55 -18 49 -20 38 45 28 23 -25 33 27 -28 -29 -30 50 37 -33 -34 -35 35 -37 -38 57 -40 40 42 -43 -44 -45 -46 -47 -48 -49 -50 -51 51 -53 -54 54 -56 -57 -58 -59 59 -61 61 -63
leaf_value=-0.0076079949255109889 0.0010441088247664133 -0.00355858338138709 0.020225868277423543 -0.00039406772334756414 0.00434265070266704 -0.01205195694736823 0.020390680689217847 0.034419698148042709 -0.0091327332115016778 0.0028672405152289802 0.02213230248438772 0.017183710328391649 -0.015903419009255581 -0.0095742055296438189 0.0013492318867050345 -0.016289626306438123 -0.0055295062754385262 0.011308819330624317 -0.018006974898483071 0.0095084079314910353 0.023640525573897446 0.006654199920517914 -0.01163191912593632 0.023749450562878454 -0.03092800444569024 0.024777790443878848 0.012752402149310471 0.0092325969797845703 -0.0044971365765973867 -0.023541569910902012 0.0058958644108084747 -0.025225395951473512 -0.02143709893925759 -0.0054375542267678422 -0.023564585718564117 0.00049117912198512719 -0.0006184444586715517 -0.0041092749526060171 -0.012956884621397552 0.0091020121521268576 0.0034283733553687017 -4.3252851840192858e-05 -0.018133677269466377 0.022929454750599536 -0.030818984477174651 0.0033666850459174455 0.030649484465226536 0.016162155141308931 -0.00027172921758967551 -0.0069537156197898436 0.0012083660654993488 -0.016688363342536171 0.022169919210732549 -0.032833215229835198 -0.0011630268293435857 -0.0012062541871311675 -0.0057349975955849489 -0.023355525714815022 -0.0064307841053122036 -0.036314276584470374 -0.016865460687846869 -0.03542807284012494
leaf_weight=226.21144571900368 133.11185956001282 53.459021165966988 122.85725124180317 136.31608982384205 87.231994569301605 83.931443735957146 130.74449983239174 49.285191342234612 86.240482807159424 70.07902230322361 118.37350586056709 49.662996605038643 164.10623225569725 47.981311932206154 125.71482469141483 96.165045246481895 193.27908396720886 169.64333914220333 200.84522166848183 55.642338320612907 504.12009209394455 370.42827388644218 56.424683630466461 82.44580352306366 327.28179626166821 138.53365445137024 90.569569393992424 279.86263088881969 320.74241437017918 65.633201658725739 66.750177159905434 370.82025696337223 127.20396353304386 44.764473021030426 131.20128326117992 48.683636844158173 171.22305110096931 75.144604533910751 97.542457759380341 385.79543064534664 185.32631184160709 167.34871980547905 51.156520619988441 124.56178669631481 216.7378054857254 65.206831634044647 143.11174888908863 849.58775310218334 60.118075221776962 71.798230156302452 151.69943942129612 92.970276355743408 50.771549597382545 45.609892174601555 47.91091300547123 189.72857637703419 60.268014967441559 77.96557243168354 62.837355226278305 71.853309080004692 95.406101450324059 69.898611173033714
leaf_count=928 547 242 503 572 354 340 533 202 366 296 478 205 679 220 538 393 793 704 825 233 2162 1500 228 338 1511 559 366 1134 1299 275 282 1641 547 191 564 201 709 319 405 1558 747 675 206 503 1025 266 610 3569 247 293 638 394 211 212 216 772 250 338 266 301 406 299
internal_value=-4.83312e-05 -0.00468763 -0.0077139 -0.0060802 -0.00250912 0.00090332 0.00262138 0.00542391 -0.00820418 -0.00193317 0.00452565 -0.0127618 0.00140201 -0.0167441 -0.0139821 0.00343129 0.00653689 0.016574 -0.0112393 0.00515761 0.0180532 0.00559343 0.00852778 0.0069985 -0.0233304 0.0103894 0.000822009 0.0143797 0.00147935 -0.0155049 -0.0162384 -0.0191296 -0.0105518 -0.0256007 -0.0114691 -0.0170542 -0.00809873 -0.00789668 -0.00479667 0.00557564 0.00663771 0.00938521 -0.00123598 0.0124768 -0.0269683 0.0193689 0.020066 0.0189471 0.0134912 0.00587803 -0.00938864 -0.00559208 0.0068771 -0.0277456 -0.0166085 -0.0062798 0.00461888 -0.0139097 -0.0204187 -0.0236631 -0.0196787 -0.0247146
internal_weight=9107.93 7120.58 5480.37 4961.34 3716.71 2324.11 2036.04 1640.21 1392.59 586.124 1590.92 806.47 1905.29 1244.63 979.915 1569.96 1364.71 1987.35 288.077 336.16 1745.91 1284.07 1171.43 1053.06 519.026 592.897 174.501 418.396 691.171 696.539 854.201 634.34 263.52 465.567 249.964 179.885 335.329 219.86 153.185 970.613 914.189 677.706 236.483 510.357 264.719 1562.03 1496.82 1353.71 182.975 241.442 310.303 244.67 183.883 420.803 93.5208 285.894 109.931 153.11 386.236 299.995 228.142 165.305
internal_count=38184 29822 23166 20794 15312 9463 8284 6656 5849 2449 6454 3400 7751 5482 4237 6363 5526 8362 1179 1388 7365 5198 4733 4255 2372 2399 706 1693 2799 2945 3699 2760 1119 2130 1061 765 1388 939 638 3917 3689 2736 953 2061 1245 6607 6341 5731 750 997 1307 1032 758 1939 428 1165 455 657 1638 1272 971 705
is_linear=0
shrinkage=0.03


Tree=25
num_leaves=63
num_cat=0
split_feature=83 83 10 5 29 5 29 65 40 60 80 63 28 83 32 13 64 69 65 41 5 61 29 26 29 81 41 46 59 63 64 31 44 57 53 64 41 54 56 64 91 64 40 60 59 26 59 59 53 40 33 77 61 70 40 57 53 83 29 60 10 77
split_gain=916.285 227.333 81.8794 61.028 73.0909 53.3588 67.563 43.0043 42.7742 37.5983 36.0608 34.8983 34.4126 33.5923 32.3096 28.3524 38.1184 26.5204 30.7589 29.0285 26.0343 23.3354 23.1415 26.7119 23.0303 37.5686 22.9763 22.8869 22.3998 30.2625 22.2585 23.9817 21.048 21.7469 25.5154 22.062 20.3619 19.7258 21.9038 37.5843 19.6656 23.3283 21.3076 19.6277 19.4985 19.0609 20.4217 18.9249 18.8719 28.5571 18.6816 18.5216 19.781 20.0242 17.4022 17.3237 17.1874 22.2625 16.8812 16.5442 24.4219 16.2426
threshold=0.19386509805917743 0.92666059732437145 0.056329838931560523 -0.00093361694598570455 0.63475203514099132 0.0014380452921614053 -1.0759288668632505 354.50000000000006 -23.34560394287109 10.337144851684572 29.657057762146 0.95037782192230236 0.73399558663368236 0.058088766410946853 0.90749999880790722 0.015077503863722088 -0.84455960988998402 17697.500000000004 241.50000000000003 -43.486059188842766 -5.216776116867549e-05 4.1577265262603769 0.32899616658687597 1.954026520252228 -0.17456021904945371 -0.33327469229698176 -15.720693588256834 1.0025864243507387 0.150162048637867 0.34816221892833715 0.68039956688880932 0.6225000023841859 17.945283889770511 18.182867050170902 0.60982346534729015 0.51316559314727794 -32.704647064208977 -2.0332707166671748 8.5725183486938494 -0.16289508342742917 0.53987714648246776 -0.5206359028816222 4.1013431549072275 2.5116831064224248 -0.68161344528198231 0.80721908807754528 1.0703667998313906 0.77380588650703441 0.88882952928543102 -17.22166538238525 602.87545776367199 -0.085292708128690706 7.5922839641571054 19951.500000000004 37.369119644165046 19.563225746154789 0.82663261890411388 0.65568822622299205 0.62272191047668468 2.8160773515701298 0.18532114475965503 0.15703535825014117
decision_type=2 2 2 2 2 2 2 2 2 2 2 2 2 2 2 2 2 2 2 2 2 2 2 2 2 2 2 2 2 2 2 2 2 2 2 2 2 2 2 2 2 2 2 2 2 2 2 2 2 2 2 2 2 2 2 2 2 2 2 2 2 2
left_child=2 3 11 14 8 6 44 13 -5 26 45 32 15 22 24 17 21 18 19 20 -10 -17 27 -24 25 -2 28 51 37 50 59 -32 33 -1 35 -35 -12 -8 -39 -40 41 -14 -42 47 -3 -6 -47 -21 49 -15 -30 -4 53 -53 -28 -51 57 -45 -31 -18 -61 -38
right_child=1 5 7 4 10 -7 9 -9 12 -11 36 -13 40 48 -16 16 30 -19 -20 43 -22 -23 23 -25 -26 -27 54 -29 29 58 31 -33 -34 34 -36 -37 61 38 39 -41 42 -43 -44 56 -46 46 -48 -49 -50 55 -52 52 -54 -55 -56 -57 -58 -59 -60 60 -62 -63
leaf_value=0.02549570391223966 -0.0068439622514812771 -0.0063888174057246064 0.0078642319156153641 0.011591987058886297 -0.00079145969706233635 -0.026288337825222326 0.0027189779173483527 0.029486529365466672 0.001638923155348611 0.0084986988717198689 0.016087069638555222 0.035105386555507503 -0.017069290793036238 0.014071694583527141 0.0026800021066226663 0.014901404520304189 -0.0029514482918776954 -0.0083481016786967274 0.01982409057025598 -0.020350133377604069 0.024547408582544894 -0.010411484454621206 0.010205455151109202 -0.011377768493216032 0.0046231155884696208 -0.022735890747518493 -0.019890062343178048 -0.0019078009628124306 -0.0040328332685798506 -0.0060155784145371578 0.013079261470110562 -0.012891806976980863 0.0017733097012262204 0.01671488744987144 0.018223168358700588 -0.0072245504782427993 0.0027459310447581799 -0.026192696832930986 0.011157415286069634 -0.022690316506926766 0.025281913420643214 0.0084482254857629144 0.005774370674462021 -0.0001954566564020764 -0.027795539482263598 -0.022892915071544 -0.0017388920001838225 0.00075075343143094061 0.0073818083474029208 0.0098903326450621148 0.014462297883416724 0.016505465591567979 0.027469099495121732 0.00088154341071543902 -0.0002629134397824066 -0.0095861225564967019 0.0044040192918011192 -0.020536312191548563 -0.027953720235557103 -0.028389449306289085 -0.0041557951991160478 -0.018409475814483718
leaf_weight=269.85312217473984 239.20864576101303 43.900335252285004 314.7301077246666 297.25078597664833 57.853834137320518 364.69830749928951 52.384163811802864 88.4574144333601 102.22908189892769 92.2733234167099 49.755652353167534 105.88328962028027 49.561970591545105 80.446457877755165 129.16973555088043 87.027102842926979 50.337316393852234 264.44650664925575 82.780355125665665 88.220771372318268 79.265982881188393 52.581278279423714 138.09094248712063 82.404163584113121 55.062235206365585 304.04922433197498 325.31808713078499 88.517982542514801 102.42814208567142 94.7823216766119 50.955054238438606 86.018911838531494 75.409479722380638 65.088642597198486 602.95812587440014 74.077732041478157 75.484319448471069 127.87660978734493 51.135383948683739 69.86315330862999 87.461961403489113 92.278929248452187 118.90094466507435 182.63446980714798 299.93286088109016 260.2282802015543 48.769603535532951 67.539998441934586 470.57096043229103 49.83478832244873 94.499819278717041 537.860436424613 124.26276145875454 85.57337498664856 46.463503614068031 234.55851198732853 411.20301805436611 65.89925990998745 47.33246448636055 147.02401599287987 50.208053261041641 57.577035188674927
leaf_count=1152 1024 204 1290 1204 243 1741 222 371 414 389 204 465 201 325 538 355 210 1075 336 359 321 215 563 333 228 1308 1412 359 437 404 210 357 317 276 2571 309 310 548 218 300 353 374 481 741 1418 1103 205 274 1897 201 395 2235 514 350 196 946 1669 272 207 613 210 244
internal_value=0.000219647 -0.00729444 0.0122899 -0.00311596 -0.00126108 -0.0160322 -0.0134494 0.00897603 0.000905758 -0.00983375 -0.0111708 0.0186642 -0.000527305 0.00815391 -0.0109269 -0.00214101 -0.00805923 0.000166685 0.00225204 0.000793028 0.011644 0.00536771 0.0110427 0.0021393 -0.0138645 -0.0157383 -0.0115051 0.0127484 -0.00806082 -0.00277157 -0.0129339 -0.00323043 0.0170633 0.0182026 0.0155507 0.00397202 -0.000285891 -0.0140134 -0.0175353 -0.00838587 0.00813141 -0.000468091 0.0140422 -0.00162193 -0.0250623 -0.0165952 -0.0195541 -0.0112005 0.00341157 -0.00170926 0.00484243 0.0139695 0.0165394 0.0143609 -0.0174372 -0.00617323 0.00063953 -0.00558888 -0.0133223 -0.0183026 -0.0222204 -0.00640823
internal_weight=9092.45 5603.87 3488.58 3790.98 3063.49 1812.89 1448.19 2295.31 2513.83 1104.36 549.669 1193.27 2216.57 2206.85 727.49 1868.37 524.152 1344.22 1079.77 996.993 181.495 139.608 1371.44 220.495 598.32 543.258 1012.08 1150.94 640.302 339.043 384.543 136.974 1087.39 1011.98 742.125 139.166 182.817 301.259 248.875 120.999 348.204 141.841 206.363 815.498 343.833 366.852 308.998 155.761 835.411 364.84 196.928 1062.43 747.697 623.434 371.782 284.393 659.737 248.534 142.115 247.569 197.232 133.061
internal_count=38216 23742 14474 15651 12553 8091 6350 9384 10244 4728 2309 5090 9040 9013 3098 7631 2170 5461 4386 4050 735 570 5644 896 2560 2332 4339 4748 2731 1443 1600 567 4625 4308 3156 585 758 1288 1066 518 1409 575 834 3315 1622 1551 1308 633 3369 1472 832 4389 3099 2585 1608 1147 2682 1013 611 1033 823 554
is_linear=0
shrinkage=0.03


Tree=26
num_leaves=63
num_cat=0
split_feature=83 83 83 77 5 64 5 64 61 5 29 36 63 5 65 13 66 3 41 64 64 60 64 2 64 59 29 40 53 13 29 65 41 81 33 64 51 40 10 50 59 42 38 83 53 64 41 47 63 53 6 64 40 90 18 18 64 90 64 47 83 17
split_gain=908.126 182.787 120.654 69.1183 89.6291 40.4945 41.2374 38.3549 32.9242 43.9178 30.4237 29.0505 27.8658 27.7218 26.9623 26.3802 27.7736 24.729 24.0526 22.3038 25.2016 22.0338 23.1982 21.2627 21.2194 27.3004 21.1591 20.4886 23.403 26.9495 20.4725 20.3261 19.9499 19.3978 19.3136 22.0259 19.0208 18.9007 18.745 19.5119 19.3937 19.3428 21.1383 18.7431 18.356 17.8109 27.4095 22.8784 17.6491 17.6213 16.9777 16.8702 16.8595 16.5229 16.3 19.3299 16.2967 15.7621 17.8814 20.0449 16.4586 20.585
threshold=0.29574047029018408 1.2923802733421328 1.0000000180025095e-35 -0.19156140089035031 0.00080016316496767115 0.93894198536872875 0.0013032292481511833 0.88599923253059398 -0.75791576504707325 -0.00072207872290164221 0.33600695431232458 1.3126904964447024 -0.99280729889869679 -0.00059485959354788054 354.50000000000006 0.015298543963581325 560.50000000000011 -0.00065391536918468763 -43.486059188842766 -0.95037782192230214 0.94336524605751049 12.54214382171631 -0.86493045091629017 -6.0387661505956196e-05 -0.84455960988998402 0.75996637344360363 -0.80565619468688954 -20.17571926116943 0.88037973642349254 0.0078521361574530619 0.67132046818733226 -773.49999999999989 -27.277956008911129 0.028221940621733669 301.07777404785162 -0.96185845136642445 0.033994326367974288 2.1553512811660771 0.066593587398529067 1.0000271797180178 0.4525981098413468 21.635670661926273 -0.099860683083534227 0.84930020570755016 0.84218034148216259 0.10669767111539842 -26.994931221008297 1.0003972649574282 -0.88396760821342457 1.1227339506149294 0.0012662965455092492 -0.8959035575389861 -12.754689693450926 0.6130647361278535 66.505393981933608 41.068099975585945 -0.97485619783401478 2.7801389694213872 -0.53176689147949208 1.0005049109458926 0.66275772452354442 71.767547607421889
decision_type=2 2 2 2 2 2 2 2 2 2 2 2 2 2 2 2 2 2 2 2 2 2 2 2 2 2 2 2 2 2 2 2 2 2 2 2 2 2 2 2 2 2 2 2 2 2 2 2 2 2 2 2 2 2 2 2 2 2 2 2 2 2
left_child=2 3 10 19 8 6 7 17 21 23 13 45 -11 44 34 16 18 -4 48 -2 -21 22 -5 -10 -17 54 -24 -19 29 -29 -13 33 56 -20 -3 -36 37 -37 39 40 -34 -42 -43 57 -1 47 -47 51 -14 -7 -48 -6 -30 -40 55 -26 -15 58 59 -33 61 -60
right_child=1 14 5 4 11 49 -8 -9 9 12 -12 30 15 32 -16 24 -18 27 31 20 -22 -23 26 -25 25 -27 -28 28 52 -31 -32 43 38 -35 35 36 -38 -39 53 -41 41 42 -44 -45 -46 46 50 -49 -50 -51 -52 -53 -54 -55 -56 -57 -58 -59 60 -61 -62 -63
leaf_value=-0.0040875478433599578 0.00083587618612174436 -0.029283782825443385 -0.0032209024700398585 0.021437982746214827 -0.0099700677588172651 0.006358649791119571 -0.014345338558572099 -0.013155108557545269 -0.005127192799558318 -0.020471469159283658 0.0058741432591370097 0.015951469859642155 0.02438180972019913 0.039272377864764021 -0.0015526350049448535 0.0054772990832412296 0.020735987900088952 0.016282945085218981 0.0018465813901962203 -0.019228749054964449 0.0011788031492414564 0.021659158302417981 -0.013875757321432045 -0.01943854852838104 -0.00043711040540466681 -0.031047629267950072 0.0055944191073616775 0.016006106569386083 0.00052317951344725935 -0.00037479985987092212 -0.0099208774221834391 0.0035661948902261506 0.029680415830156692 -0.021860087182981425 -0.0059111358529757895 -0.022435701534753671 -0.02346615134564925 0.0039872052315184847 0.014705305934702777 0.026361068806594543 -0.0041724708578157752 0.025828497749346476 0.0064773211981109073 -0.0086313444021192919 0.013355416363907519 0.0011082135728685519 -0.005895765679903118 -0.012148833390368761 0.0052843516863538059 0.02652093417748105 -0.02565301759684354 -0.030456058545244788 0.012090053259718453 -0.00080882490624413679 0.0060289412780738976 -0.02267977966162759 0.021162111552184615 0.017618076050935794 0.015024502445825965 -0.015593306034000259 -0.0057844019433623923 -0.0057076706052804948
leaf_weight=78.155547708272934 71.731489554047585 216.92260676622391 216.34107668697834 53.044450208544731 47.391100540757179 59.714329913258553 100.58832009136677 95.813235059380531 203.30737079679966 59.651515007019043 246.12106046080589 51.673152238130569 52.266460537910461 48.022734105587006 65.650749728083611 92.045077040791512 70.627471640706062 211.56609131395817 52.312527224421501 488.01075446605682 61.302613690495491 76.544290497899055 73.381904259324074 172.88358710706234 66.660818502306938 50.636479809880257 159.251844227314 107.48684629797935 139.39586372673512 568.2459581643343 58.903258129954338 102.62972624599934 60.05205474793911 76.476382598280907 98.762426316738129 47.98440982401371 517.08673027157784 49.497664093971252 166.05500870943069 191.16625188291073 60.068383395671844 92.345942750573158 112.93466936051846 152.75837185978889 177.87177200615406 139.91669984161854 69.104352697730064 262.70796681940556 261.23501315712929 112.52934521436691 90.287707343697548 152.90784272551537 608.40158785879612 98.392647102475166 64.560162723064423 74.422285944223404 650.04690760374069 60.94901017844677 176.3339536190033 94.302251875400543 80.366224154829979 57.046999499201775
leaf_count=321 306 1020 874 215 203 243 415 387 855 242 1021 213 211 212 294 373 286 859 212 2135 261 314 307 737 272 210 648 438 564 2298 254 415 261 310 449 215 2411 219 687 822 253 398 483 630 736 596 294 1137 1055 462 401 673 2462 405 264 306 2804 246 710 381 326 231
internal_value=0.000141938 -0.00866947 0.0103632 -0.00572506 -0.00397596 0.00556051 0.00438545 0.00535302 -0.000964204 -0.00245668 0.0157449 -0.0122005 -0.000342257 0.017145 -0.0201337 0.000415006 0.00246812 0.00631083 0.00136224 -0.0148969 -0.0169513 0.00736493 0.00353495 -0.0117042 -0.00687799 -0.0113155 -0.000547246 0.00757198 0.00627735 0.00223086 0.00216946 -0.00124889 0.0187227 -0.0122307 -0.0214451 -0.0190613 -0.0211746 -0.00901916 0.0154287 0.0187541 0.0142852 0.010801 0.0151825 0.000703577 0.00803073 -0.0142849 -0.0085815 -0.0179718 0.00846825 0.019531 -0.0170873 -0.025609 0.00993389 0.00893299 -0.00645676 -0.0121703 0.022408 0.00319818 0.00147719 -0.00560847 0.00592469 0.00995679
internal_weight=9074.85 4873.54 4201.32 3877.63 3256.59 2220.08 2047.84 1947.25 2383.69 2021.47 1981.23 872.892 1645.28 1735.11 995.905 1585.63 1237.3 1851.44 1166.68 621.045 549.313 362.222 285.678 376.191 348.325 256.28 232.634 1635.1 1423.53 675.733 110.576 853.175 1479.08 128.789 930.254 713.331 614.569 97.4821 781.015 516.567 325.401 265.349 205.281 724.387 256.027 762.316 299.309 463.007 313.501 172.244 159.392 200.299 747.797 264.448 205.643 141.083 698.07 571.628 510.679 196.932 313.747 233.381
internal_count=38242 20837 17405 16229 13527 9002 8297 7882 9756 8272 8403 3771 6680 7382 4608 6438 5013 7495 4727 2702 2396 1484 1170 1592 1425 1052 955 6621 5762 2736 467 3461 6325 522 4314 3294 2845 434 3309 2217 1395 1134 881 2939 1057 3304 1291 2013 1266 705 695 876 3026 1092 842 578 3016 2309 2063 796 1267 941
is_linear=0
shrinkage=0.03


Tree=27
num_leaves=63
num_cat=0
split_feature=83 83 83 17 54 17 12 12 14 59 83 63 27 52 52 65 65 12 63 65 44 90 78 44 54 83 52 52 59 52 59 63 63 12 63 56 28 51 60 12 56 14 25 25 17 17 68 67 67 54 25 78 29 6 44 65 83 27 25 52 68 29
split_gain=818.07 238.285 74.6009 59.3822 57.0718 49.2395 47.4403 37.4029 33.5074 32.9623 38.5173 28.8626 27.5722 26.2765 24.9536 24.7389 24.0854 20.4482 26.2861 24.5358 29.9838 25.8913 21.5325 20.3045 20.3041 19.9942 19.728 19.3153 19.104 23.7777 23.3537 19.0752 26.0712 24.6199 18.9868 25.4167 22.9337 17.829 21.871 21.4125 17.15 16.5632 16.4445 16.9375 16.4019 17.5932 17.6913 16.1542 19.0004 20.9449 15.9657 15.8949 15.8086 15.6484 15.414 18.7716 15.2395 17.74 14.8105 27.6482 20.3508 14.2156
threshold=0.15037757903337481 0.63788178563117992 1.4604680538177492 82.646514892578139 -0.26842699944972986 24.751137733459476 0.010146197862923147 0.011811332311481239 0.0084868371486663836 0.8655015528202058 0.003450799267739058 0.86051779985427868 -0.21081939339637754 -0.33728338778018946 0.25422888994216924 354.50000000000006 -665.49999999999989 0.030115982517600063 0.69934985041618358 -436.49999999999994 5.5815875530242929 -2.481914639472961 -0.028018452227115628 -13.670328140258787 0.8596077859401704 0.10351252555847169 0.34847094118595129 -0.24974445998668668 0.75996637344360363 0.14318465441465381 0.60565301775932323 0.43247817456722265 0.67074871063232433 0.010606790892779829 0.32350382208824163 10.511068820953371 0.71651995182037365 0.030432534404098991 5.0014326572418222 0.0075019444338977346 8.9549579620361346 0.012636379804462196 70.042346954345717 87.923374176025405 25.082938194274906 75.868541717529311 1.0000000180025095e-35 1065.5000000000002 760.50000000000011 0.35644111037254339 26.509885787963871 0.173151470720768 -1.0759288668632505 -0.00024991715326905245 -6.9229788780212393 -216.49999999999997 0.89140948653221141 0.83659291267395031 29.827463150024418 -0.21393965929746625 0.6078576147556306 -0.36010602116584772
decision_type=2 2 2 2 2 2 2 2 2 2 2 2 2 2 2 2 2 2 2 2 2 2 2 2 2 2 2 2 2 2 2 2 2 2 2 2 2 2 2 2 2 2 2 2 2 2 2 2 2 2 2 2 2 2 2 2 2 2 2 2 2 2
left_child=6 3 4 5 13 31 11 37 23 10 44 12 24 -3 17 41 -5 18 19 20 -15 -21 -20 -6 47 -14 27 -10 29 30 34 58 -33 -34 35 -9 -36 38 -7 -39 -24 52 -30 -44 -8 46 -46 48 49 -1 -31 -18 -4 -11 -23 -56 57 -29 59 -2 -61 -60
right_child=1 2 15 16 8 7 9 28 26 53 -12 -13 25 14 -16 -17 51 -19 22 21 -22 54 40 -25 -26 -27 -28 56 42 50 -32 32 33 -35 36 -37 -38 39 -40 -41 -42 -43 43 -45 45 -47 -48 -49 -50 -51 -52 -53 -54 -55 55 -57 -58 -59 61 60 -62 -63
leaf_value=0.011451150254989485 -0.008646746803037654 -0.019583925456830843 -0.026029082510393649 0.0042205705939038904 -0.016390531430564625 -0.0072666864487732153 0.0051015160730726178 0.002951684708476027 -0.02573243060100144 0.0095825687412860409 0.0047301784925142237 0.02522135789112237 0.020806676824143101 -0.0097759229352855446 -0.013615269563949652 -0.00051747393224922157 -0.011394402570226633 -0.020028006854982773 -0.019731707866423899 0.026612609104979975 0.011850567307390333 0.019087852521707336 -0.0086671059281108812 0.0063317808637033393 0.024486333640142317 0.0017044089992130479 -0.032659089238287226 -0.012225756539563822 0.0051285435695488475 0.0020942057116717081 0.020243852164661544 -0.025471726335052444 0.0037903880256786263 -0.015297864321473852 -0.0086428917758213254 0.025311399629886242 0.014422160286464144 0.025015576055241635 0.014670360525675529 0.0089407128372205533 0.013076838569606114 -0.025565023150224363 -0.024347416771561728 -0.0016162581224581417 0.011622289150102194 0.0053350587527494263 0.022526839843103691 0.024502229868073037 -0.011262790187741022 -0.0047864052175782988 -0.016005814302604282 -0.029452382848812617 -0.010882826034895883 -0.0051363072630346883 0.010168505792592047 -0.0093645310644446967 -0.018263750845067556 0.0072248302804072302 -0.0094242567972618041 0.0024337063623328507 0.027597986380526563 0.0048361801950622813
leaf_weight=373.31355056166649 76.610535979270935 105.10206459462643 95.598073035478592 80.597970828413963 56.715339004993439 116.49423326551914 128.0107032507658 194.12225119769573 150.47618412971497 97.536724895238876 551.9764506816864 266.98033365607262 530.9865864366293 193.86049072444439 192.56283403933048 51.406981006264687 318.93662251532078 51.340674579143524 96.641891241073608 60.53546629846096 82.146214410662651 50.924174264073372 99.399570867419243 94.149288207292557 76.709785938262939 54.363634556531906 71.499073788523674 223.08361919224262 51.745360299944878 81.892445132136345 78.148924931883812 79.416524738073349 122.63733600080013 120.63093121349812 180.31769174337387 59.863755434751511 49.43434838950634 86.509453102946281 63.035662397742271 540.76803724467754 48.611422538757324 453.4325240701437 72.147436529397964 49.911008670926094 204.20933744311333 102.90444988012314 388.92283464968204 48.894952297210693 49.239377975463867 88.431962355971336 94.442611634731293 50.865914672613144 176.56479986011982 194.92197722196579 88.178680092096329 88.943194016814232 307.65969336032867 52.048045068979263 216.97242580354214 59.908221423625946 55.9241653829813 88.604861348867416
leaf_count=1577 319 478 465 330 237 470 530 786 689 398 2230 1139 2261 811 860 232 1338 219 413 252 340 209 413 390 323 220 330 933 210 338 317 334 506 505 735 242 200 350 255 2187 204 2163 296 205 864 426 1655 206 205 371 394 220 797 796 364 373 1332 216 903 243 227 361
internal_value=7.50332e-05 -0.00653831 -0.0126797 -0.000600389 -0.00975791 0.0011801 0.0123927 0.00406664 -0.0151848 0.00891891 0.0108629 0.0162854 0.0143331 -0.0052804 -0.00385293 -0.0206286 -0.0106395 -0.00166852 -0.000503737 0.00305548 -0.00333936 0.00917167 -0.00871738 -0.00221034 0.0100118 0.0190326 -0.017617 -0.0161503 -9.57029e-05 0.00201106 0.00502724 -0.00486528 -0.0105472 -0.00567502 0.00256897 0.0082218 -0.00368012 0.00877181 0.000435743 0.0111576 -0.00152572 -0.0220534 -0.00904407 -0.0150524 0.0149708 0.0167859 0.0187725 0.00802862 0.0064523 0.00834139 -0.00759991 -0.0138783 -0.016203 -0.000227474 0.00454192 0.000359832 -0.0136762 -0.00854619 -0.00118375 0.00533541 0.0145831 -0.00528932
internal_weight=9038.22 5880.82 2890.88 2989.94 2113.88 2539.54 3157.4 1718.83 955.631 1668.48 1376.02 1488.92 1221.94 1158.25 1053.14 777.002 450.401 860.582 809.241 564.588 276.007 288.582 244.653 150.865 636.59 585.35 804.767 733.268 912.026 738.222 561.887 820.705 322.685 243.268 483.738 253.986 229.752 806.807 179.53 627.277 148.011 725.595 173.804 122.058 824.047 696.037 593.132 559.88 510.985 461.746 176.335 369.803 272.163 292.459 228.046 177.122 582.791 275.132 498.02 192.443 115.832 305.577
internal_count=38192 24991 12720 12271 9063 10383 13201 6985 4127 6899 5705 6302 5163 4936 4458 3657 1888 3598 3379 2349 1151 1198 1030 627 2682 2481 3500 3170 3723 3012 2280 3398 1345 1011 1963 1028 935 3262 725 2537 617 3425 711 501 3475 2945 2519 2359 2153 1948 732 1558 1262 1194 946 737 2481 1149 2053 789 470 1264
is_linear=0
shrinkage=0.03


Tree=28
num_leaves=63
num_cat=0
split_feature=83 83 83 54 33 64 52 77 80 64 33 29 82 29 50 64 80 41 11 14 90 51 52 90 14 47 70 61 65 33 52 52 52 47 64 64 64 64 42 65 63 65 23 29 63 54 40 54 66 14 64 29 53 33 41 80 78 80 25 58 61 42
split_gain=831.153 260.23 70.7319 57.869 46.5554 41.475 38.5236 35.6706 32.3394 33.6023 31.3023 34.8624 30.793 36.911 29.432 29.2085 28.1142 27.8203 26.7303 26.2171 24.7307 24.5934 26.8849 23.7445 23.4958 23.4775 22.1989 25.6986 21.756 21.4708 20.9855 20.7656 21.2711 20.6471 20.1152 27.8148 24.7792 23.5908 20.1064 19.8712 19.5246 19.3207 18.5043 18.4979 18.3761 18.3044 18.1819 19.9491 28.6485 24.1724 18.0183 17.9773 17.6066 17.3178 17.131 16.7254 16.4731 19.4154 16.291 22.5914 27.4364 16.2824
threshold=0.10351252555847169 0.64951205253601085 1.4604680538177492 -0.26842699944972986 362.73524475097662 -0.87142586708068837 0.27206397056579595 -0.18059515208005902 13.651201248168947 -0.99674141407012928 3159.5966796875005 0.3063525259494782 -58.461711883544915 0.87796708941459667 1.0026594400405886 0.95943480730056774 19.934536933898929 -38.196931838989251 -0.060803703963756554 0.0084868371486663836 -1.9786643385887144 0.035686479881405837 0.21195309609174731 -2.0188264846801753 0.0095038586296141165 0.99817177653312694 6045.5000000000009 0.82646891474723827 354.50000000000006 759.31472778320324 0.15147592872381213 0.33164449036121374 -0.24974445998668668 0.99885258078575145 -0.084981974214315401 0.55738157033920299 0.75613728165626537 -0.73283809423446644 -0.3664849698543548 266.50000000000006 -0.7589854598045348 -21.499999999999996 2.5000000000000004 -0.33884800970554346 0.50188699364662182 -1.2948119044303892 -22.858267784118649 -0.47025503218173975 535.50000000000011 0.0155107150785625 0.041439602151513107 0.93473362922668468 1.057596027851105 1161.4080810546877 3.5525751113891606 26.060076713562015 0.041023930534720428 15.82679605484009 34.975507736206062 0.56085565686225902 2.3524584770202641 38.252489089965827
decision_type=2 2 2 2 2 2 2 2 2 2 2 2 2 2 2 2 2 2 2 2 2 2 2 2 2 2 2 2 2 2 2 2 2 2 2 2 2 2 2 2 2 2 2 2 2 2 2 2 2 2 2 2 2 2 2 2 2 2 2 2 2 2
left_child=8 4 3 5 16 20 12 55 58 -10 11 14 23 26 18 17 46 21 -11 29 -3 -9 -23 -6 -25 -8 38 -28 53 -5 39 32 -21 34 37 -36 -37 -20 -14 -29 -12 -13 -43 -26 -19 -17 -2 48 -48 54 -32 52 61 -4 56 -7 57 -49 -1 60 -60 -34
right_child=1 2 28 19 6 7 25 15 9 10 40 41 13 -15 -16 45 -18 44 33 31 -22 22 -24 24 43 -27 27 30 -30 -31 50 -33 51 -35 35 36 -38 -39 -40 -41 -42 42 -44 -45 -46 -47 47 49 -50 -51 -52 -53 -54 -55 -56 -57 -58 -59 59 -61 -62 -63
leaf_value=0.026483689994014764 0.011683117077169416 0.02457820418400488 -0.023702307803402288 -0.01759058172040676 0.0032390348358610956 -0.028588061462328833 -0.023211042460195778 0.013216364822094208 0.036325160559576998 -0.0075622008275395497 0.01120766891902936 -0.0033035685444786547 0.010608817083079571 -0.018437923587721474 -0.0083957652647724292 -0.002695156211221995 -0.014980547912863552 -0.023003356740033128 0.014041321116143918 -0.026485351408919378 0.00063502770332252026 -0.000197715334689351 -0.021881083200070428 0.005959858441701469 -0.016519343984828884 -0.0022902526600816838 0.018211450077259609 0.0068181626285417178 -0.0020212314599411113 0.0056811899159936001 -0.013905487081545027 -0.032623811151029442 -0.022777332626868086 0.016496573103136302 0.026700649455660311 -0.010225463911873921 0.015582066906761343 -0.0019068642652726436 -0.002860913434597366 0.025815745057574644 0.031983433209584598 0.0013104087381196076 0.025151371109819926 0.0032759825932234801 -0.0077268724720679872 0.022872237888261874 -0.015182621711441278 0.028108112294575854 0.0072204856450232531 -0.01181237359817673 0.006292868709151354 -0.028696307486257313 -0.0052798336023487649 -0.0078787171090083392 -0.010465951000700373 -0.010491752780813015 -0.0028560479188031846 0.0045818497681671825 0.024551687835981151 0.02447893122298709 0.0040388908032889135 -0.0080511655261882049
leaf_weight=196.46686635911465 66.345968395471573 51.08024200797081 646.48412126302719 61.258930280804634 302.23459519445896 98.035028144717216 84.212746843695641 75.424091637134552 48.43841889500618 56.332887977361679 68.988841697573662 241.84914544224739 135.20982410013676 58.980262011289597 61.822468504309654 52.214087888598442 248.79977510869503 128.97698581218719 139.95023214817047 144.78064554929733 161.82979345321655 183.31189580261707 71.550412967801094 80.21471905708313 212.69598500430584 113.13280938565731 191.66064845025539 614.2031607478857 51.669883579015732 85.453319817781448 79.258715227246284 77.235684797167778 162.86123031377792 858.6515661329031 113.93195244669914 49.925428077578545 101.67553132772446 206.86570252478123 380.16904716193676 53.901714891195297 99.321630612015724 69.081528007984161 50.880227580666542 53.089980900287628 157.29520781338215 48.713306576013565 240.12865099310875 60.018567353487015 65.353577107191086 105.92278406023979 79.737984880805016 62.869082689285278 217.82948124408722 68.880112946033478 48.8649031072855 86.545405715703964 64.892272055149078 66.606407269835472 86.548803091049194 175.58810491859913 182.27336478233337 115.49539817869663
leaf_count=842 271 213 3093 257 1242 443 357 309 208 232 295 987 548 249 250 217 1041 561 582 669 684 760 318 327 883 471 776 2488 233 353 328 361 695 3631 481 207 428 861 1545 220 436 286 212 216 673 201 990 244 271 442 326 283 921 315 200 388 265 273 369 747 773 486
internal_value=-0.000174723 -0.00629499 -0.0130531 -0.0101364 -0.000719246 -0.00553041 0.0014894 -0.00834141 0.0133695 0.0116191 0.0110544 0.00998352 0.00260823 0.00485125 0.011897 -0.00531559 -0.00628967 -0.00776457 0.0127184 -0.0156718 0.00637935 -0.00183178 -0.00628514 -0.00290428 -0.00827053 -0.0112177 0.00574661 0.00831334 -0.0208208 -0.00403582 0.0060197 -0.0178574 -0.016237 0.0134951 0.00928635 0.0155004 0.0070831 0.00452869 0.000672875 0.00835086 0.0234676 0.00157891 0.0114222 -0.0125653 -0.0146095 0.00964512 -0.00327869 -0.00480166 -0.0103898 0.000127739 -0.00377587 -0.013583 -0.011668 -0.0221787 0.00538907 -0.0201031 0.00943442 0.015733 0.0192899 0.0161097 0.0106431 -0.0166672
internal_weight=9024.02 6215.43 2809.79 2042.76 3405.64 1114.98 2438.7 902.066 2808.59 2167.72 2119.28 1950.97 2241.36 1593.12 1589.16 717.486 966.933 616.559 1527.33 927.784 212.91 330.286 254.862 648.235 346.001 197.346 1534.14 1018.76 767.034 146.712 827.102 781.072 703.836 1471 612.349 265.533 151.601 346.816 515.379 668.105 168.31 361.811 119.962 265.786 286.272 100.927 718.133 651.787 305.482 346.305 158.997 559.055 496.186 715.364 240.382 184.58 191.517 126.625 640.877 444.41 268.822 278.357
internal_count=38233 26406 12433 8792 13973 4767 9976 3870 11827 9096 8888 8157 9148 6480 6672 3039 3997 2621 6422 4025 897 1387 1078 2668 1426 828 6231 4138 3641 610 3362 3415 3054 6190 2559 1116 635 1443 2093 2708 731 1485 498 1099 1234 418 2956 2685 1261 1424 654 2385 2102 3408 982 831 782 517 2731 1889 1142 1181
is_linear=0
shrinkage=0.03


Tree=29
num_leaves=63
num_cat=0
split_feature=83 83 10 5 52 64 64 4 5 12 64 57 53 1 63 64 17 64 83 64 18 63 63 70 52 40 46 64 64 57 42 7 10 5 77 12 70 70 81 18 8 5 52 70 81 57 69 52 5 13 90 14 64 60 42 65 47 54 6 58 46 9
split_gain=760.877 194.415 71.8284 69.0196 94.6289 55.2188 42.0265 35.0013 35.5078 33.4422 33.1411 32.8322 32.4969 32.0609 30.5546 30.4947 29.5771 29.273 25.8483 25.2059 25.1401 24.6825 23.6893 23.5527 22.5627 22.066 21.8807 21.8131 28.4261 24.3921 21.8119 21.7105 25.6582 21.3277 34.8249 27.1473 21.2118 30.4539 20.8208 20.7239 22.5058 20.0017 19.5895 20.9388 20.8666 19.3903 19.2398 22.5928 18.9356 18.4627 17.9756 16.7437 16.3728 18.3218 15.7146 15.5077 15.4841 19.6136 15.4825 32.0372 18.5939 15.8742
threshold=0.15037757903337481 1.2145466208457949 0.056329838931560523 -0.00093361694598570455 0.15147592872381213 0.11970336735248567 0.93894198536872875 -0.00070061656879261125 -0.00031217074138112361 0.012158456258475782 -0.87777194380760182 50.801988601684577 0.87468683719635021 -0.00013714349188376215 0.95037782192230236 0.26092512905597692 70.662349700927749 -0.8959035575389861 0.43136291205883032 0.8102954924106599 13.220597743988039 0.69934985041618358 0.1326885595917702 21320.500000000004 0.19445858150720599 -23.906067848205563 1.0025215148925783 0.61048936843872081 0.2861058115959168 17.563218116760257 37.817237854003913 -0.0011372236767783759 0.14628829807043078 0.0014380452921614053 -0.15528684854507444 0.0078764627687633055 7457.5000000000009 12151.500000000002 -0.30887943506240839 26.846114158630375 0.0025016178842633967 0.00049942667828872811 -0.23442562669515607 6685.5000000000009 0.12277949228882791 34.623971939086921 11990.500000000002 0.16537520289421084 -0.00048097991384565825 0.010970920324325563 2.8333712816238408 0.024926810525357727 -0.95819556713104237 10.789377212524416 3.9690339565277104 216.50000000000003 0.99820607900619518 -1.4117825031280515 0.00077122281072661291 0.58698025345802318 1.0030064582824709 -0.001869423489551991
decision_type=2 2 2 2 2 2 2 2 2 2 2 2 2 2 2 2 2 2 2 2 2 2 2 2 2 2 2 2 2 2 2 2 2 2 2 2 2 2 2 2 2 2 2 2 2 2 2 2 2 2 2 2 2 2 2 2 2 2 2 2 2 2
left_child=2 3 14 10 6 17 7 20 13 19 38 12 23 -9 24 -7 -13 22 -12 27 -5 31 -6 26 48 -19 45 28 29 -10 -8 -17 36 34 -3 -36 -33 -38 -2 -37 -41 54 -14 44 -44 -4 47 -45 -1 -23 -35 58 -50 55 -31 -54 57 -20 59 -11 61 -60
right_child=1 33 11 4 5 15 30 8 9 51 18 16 42 -15 -16 21 -18 25 56 -21 -22 49 -24 -25 -26 -27 -28 -29 -30 41 -32 32 -34 50 35 39 37 -39 -40 40 -42 -43 43 46 -46 -47 -48 -49 52 -51 -52 -53 53 -55 -56 -57 -58 -59 60 -61 -62 -63
leaf_value=0.0047262689107779787 0.012673974633178743 -0.023204712136301195 0.0070248114027449144 0.0038193544131827004 0.0037015785979783657 0.016958554341256146 0.016975759811953466 0.005641261604407909 0.026926214943548098 0.0018283455597375366 -0.0058345700459236129 0.0062910516124965671 -0.0027644765370378691 -0.0082867427656341079 0.033502464551035616 0.01736631026578354 -0.008808435445999796 0.00051632614752443755 -0.00074222542383345401 -0.012419072589420569 -0.015305383424996608 -0.0035497566310562696 -0.019590533940635126 -0.0080190888225350528 0.0012437867010206976 -0.020879107920714065 -0.0094696837763054778 0.027007608828676366 -0.003396625238558432 0.025635821967808736 -0.0040699793341207463 -0.0093788782248234691 -0.020873131487500952 -0.029933100195982266 0.010438667859321953 -0.0024853143435191361 0.024802175522280357 -0.0041237807258663484 -0.0084798030856039677 -0.020980936691869737 -0.0024545144678598681 -0.0031493445623351256 0.014986912824388098 0.019971512118428146 -0.0038260816559974151 0.021694949750744409 0.032240276692013466 -0.0016924688980138592 0.031541898527520575 -0.027990621975284773 -0.012475487480088839 0.013992545837141313 0.014838546672772167 0.031829586083350792 0.0089892461171279994 0.032358954800366317 -0.022611035858962368 -0.01840684659043787 0.022435326986272406 -0.017251491190981568 -0.010385730943590285 0.0012389764185740959
leaf_weight=94.376324310898781 74.120017677545547 326.37280531227589 349.17615449428558 87.050113812088966 113.15655937790871 66.977270528674126 205.83524478971958 210.76086281239986 78.051403492689133 167.41924287378788 243.50463919341564 487.68415360152721 52.050974652171135 505.50352419912815 100.45668119192123 50.735669016838074 153.50406514108181 48.172500178217888 86.69038051366806 49.697939485311508 213.78562347590923 50.76673212647438 60.208620250225067 94.90227110683918 83.731871411204338 436.38338850438595 55.824261799454689 59.876285791397095 149.35935670137405 63.690845504403114 56.482847675681114 105.68449908494949 63.001860544085503 197.51291097700596 49.554738357663155 124.86658507585526 58.588669821619987 74.29851932823658 96.260184720158577 260.99153481423855 76.256648764014244 98.683431401848793 177.76912799477577 317.00054906308651 75.63809697329998 105.61545279622078 93.709120616316795 50.183408930897713 83.06285734474659 61.531979113817215 72.592823922634125 57.08439365029335 657.23276230692863 73.085229605436325 256.91716445982456 48.846874356269836 272.73324258625507 162.82115758955479 53.712741702795029 150.31754177808762 58.952891051769257 77.94217087328434
leaf_count=400 313 1578 1445 356 476 278 836 858 315 678 1017 1997 211 2073 455 212 624 201 377 201 877 211 255 387 352 1894 227 243 603 258 229 436 283 996 211 559 241 309 407 1156 339 402 743 1317 314 436 392 206 373 266 365 237 2845 319 1035 215 1224 717 220 613 246 318
internal_value=-0.000183582 -0.00660058 0.0116885 -0.00394912 -0.0021476 -0.0091569 0.00105778 -0.000219302 0.00119074 0.00410584 -0.0112439 0.00828026 0.0108995 -0.00418843 0.0177026 -0.00196603 0.00267615 -0.014967 -0.0139065 0.00823204 -0.00977143 -0.00469417 -0.00438762 0.00570512 0.0161769 -0.0187521 0.00825587 0.00968455 0.00808066 0.0115275 0.0124441 -0.000790275 -0.00384487 -0.0179103 -0.0155475 -0.0106633 0.000651937 0.00862939 0.000722665 -0.0129261 -0.0167918 0.00866097 0.0150038 0.0162986 0.00937153 0.0104316 0.0201072 0.0170107 0.017484 -0.0169417 -0.0252412 -0.00141306 0.0188804 0.0175307 0.0122962 0.0160506 -0.0176702 -0.0122694 -0.00314302 -0.0071981 0.00361665 0.00988669
internal_weight=8988.76 5834.91 3153.85 4726.76 3790.63 1189.51 2601.12 2338.81 2037.97 1321.71 936.13 2013.06 1371.87 716.264 1140.79 531.585 641.188 657.921 765.749 756.276 300.836 464.608 173.365 605.518 1040.34 484.556 510.616 706.578 646.702 497.343 262.318 352.309 301.574 1108.15 838.042 511.67 238.572 132.887 170.38 462.115 337.248 419.291 766.351 714.3 253.407 454.792 460.893 367.184 956.604 112.299 270.106 565.429 862.228 779.165 320.608 706.08 522.245 249.512 508.345 317.737 190.608 131.655
internal_count=38177 24919 13258 19715 15660 5062 10598 9533 8300 5369 4055 8299 5678 2931 4959 2236 2621 2826 3335 3057 1233 1958 731 2495 4504 2095 2108 2856 2613 2010 1065 1481 1269 5204 3843 2265 986 550 720 2054 1495 1695 3183 2972 1057 1881 1915 1523 4152 477 1361 2312 3752 3379 1293 3060 2318 1094 2075 1291 784 538
is_linear=0
shrinkage=0.03


Tree=30
num_leaves=63
num_cat=0
split_feature=83 83 83 83 77 52 14 10 12 58 70 53 12 61 59 59 57 52 5 61 77 28 53 42 6 5 64 29 33 57 50 44 33 63 33 70 7 32 59 65 31 70 63 78 63 26 64 77 52 33 59 77 47 42 81 52 69 64 2 53 59 70
split_gain=737.337 146.354 98.2235 61.1362 47.5222 48.8966 42.1064 38.9404 33.2964 33.1414 32.2751 25.9896 25.1624 23.2152 22.4511 21.3569 20.7031 20.5672 34.8981 24.3612 20.24 20.0046 19.5076 19.4169 23.3097 21.5966 19.4163 22.1258 21.8924 19.1135 18.873 18.6251 18.3425 18.3281 18.9753 18.3263 18.2889 18.0593 17.456 18.2754 17.3779 25.3797 17.3766 19.0269 17.0244 16.9645 16.2134 16.1973 17.0692 16.6034 16.0639 17.949 19.356 16.0566 15.4468 14.977 14.6696 15.0414 14.3369 14.0191 14.0122 15.7997
threshold=0.26083885133266455 0.63788178563117992 0.02615575306117535 1.543337941169739 -0.18302987515926358 0.30542688071727758 0.016030669212341312 0.055824181064963348 0.010403099469840528 -0.66880580782890309 6305.5000000000009 0.85988211631774913 0.030115982517600063 5.5499925613403329 -0.68161344528198231 -0.30007414519786829 44.084753036499031 -0.074232209473848329 0.0003736513172043488 8.1201319694519061 0.12154511362314226 -0.94285660982131947 1.0513971447944643 34.316423416137702 0.0015075673582032325 0.0014756770106032493 0.93894198536872875 0.53473114967346203 153.94215393066409 45.367223739624031 0.99798560142517101 -4.3122997283935538 191.40832519531253 0.7702331840991975 289.59730529785162 885.50000000000011 -0.0023708193330094214 0.49250000715255743 -0.20289005339145658 -76.499999999999986 0.4212500005960465 9740.5000000000018 0.40872775018215185 0.023890205658972267 -0.45204447209835047 1.9824129939079287 -0.94190874695777882 -0.17535937577486035 0.21527059376239779 501.47174072265631 0.91090303659439098 -0.080023143440484987 0.99912419915199291 23.500436782836918 0.27411420643329626 0.16537520289421084 5579.5000000000009 -0.30694064497947687 0.00042472229688428348 1.1191971898078921 0.74246397614479076 7027.5000000000009
decision_type=2 2 2 2 2 2 2 2 2 2 2 2 2 2 2 2 2 2 2 2 2 2 2 2 2 2 2 2 2 2 2 2 2 2 2 2 2 2 2 2 2 2 2 2 2 2 2 2 2 2 2 2 2 2 2 2 2 2 2 2 2 2
left_child=2 6 7 4 46 9 10 47 21 -6 35 37 14 20 -11 -12 55 19 -19 40 50 -4 29 25 -25 -5 27 28 -13 58 36 -32 -18 34 -24 -2 -30 56 -23 53 -17 -42 43 -34 -36 59 -3 -1 49 60 51 52 -9 -40 -51 -8 -10 -58 -16 -33 61 -49
right_child=1 3 8 23 5 -7 16 13 11 12 15 26 -14 -15 22 17 32 18 -20 -21 -22 38 33 24 -26 -27 -28 -29 30 -31 31 45 42 -35 44 -37 -38 -39 39 -41 41 -43 -44 -45 -46 -47 -48 48 -50 54 -52 -53 -54 -55 -56 -57 57 -59 -60 -61 -62 -63
leaf_value=0.0024611568523209078 0.012033260544422839 -0.0033880796713487539 0.0198416556578613 -0.018716164811724445 0.018234925538432346 -0.019480098898320322 0.00104570830454395 0.0039641226762903376 -0.010486625711858539 0.011390525033367566 0.019878564754754174 -0.010585887983400389 -0.02358225986511284 0.0056735781580247889 -0.0087203668294492907 -0.01478323575823467 -0.025715605298343512 0.01410355553876453 -0.00085575680026504601 0.014095578032448175 0.00070908342640596989 0.019233138454603289 -0.009909120076474192 -0.02067630265399752 0.005847697800308584 -0.031992184941147979 0.020273819759874006 -0.016551497264010714 0.01119700916793492 -0.018679116130488865 -0.00033868551765852588 0.0038287647585461622 0.0046526236820736361 -0.011380435965592933 -0.008238670959560896 -0.0064523439453626789 -0.0099657715566104921 -0.017101178751844848 -0.0070918022857966254 0.012644608217596474 -0.013267225125515668 0.0099285452233044951 -0.021922511736054435 -0.015943735047468731 0.0085698017327496701 0.028811201518038343 -0.020723071814972755 0.0069058084392742414 0.002463393464910011 0.024371512925294738 0.0036993560274345976 0.021436936163876496 0.026259657552617565 0.0060002497651416836 0.0084439837997605759 -0.015359196955698626 0.014940144445325838 -0.0055762631703918375 0.0052067262155851028 0.020163607714538529 -0.00065725563742340283 0.03018067595432717
leaf_weight=51.715440317988396 53.078714266419411 55.63953609764576 133.00331379473209 381.59676784276962 51.6988535374403 259.31897954642773 223.0391631424427 131.39090500771999 93.826154977083206 68.83124677836895 71.642743706703186 77.633933201432228 71.337424516677856 508.97182513773441 504.28044746816158 125.68904611468315 84.544381946325302 275.11242140829563 286.53048472106457 64.045039042830467 90.209870025515556 90.717320546507835 104.41469360888004 69.402703121304512 52.283909738063812 155.10201954841614 61.749422371387482 49.766870856285095 58.25788152217865 157.04980058968067 105.1212560236454 116.92071567475796 94.895585358142853 139.5242423415184 69.646172821521759 532.43851648271084 99.560408711433411 94.734120234847069 135.34053935110569 186.29260346293449 74.921906441450119 97.961494937539101 70.245450705289841 70.250973924994469 245.04342682659626 58.743597626686096 381.57405599951744 53.371013805270195 48.506105020642281 591.54424153268337 84.546996474266052 378.34395502507687 47.791790693998337 223.60624520480633 60.395412236452103 64.591493889689445 67.10354545712471 61.761663869023323 76.63313016295433 79.396397620439529 52.260057717561722 51.653827384114265
leaf_count=221 219 246 546 1812 214 1200 925 550 380 287 293 315 312 2110 2116 520 362 1110 1186 263 373 370 442 324 252 802 255 203 235 679 425 472 394 597 297 2184 403 384 548 762 311 406 301 299 1020 238 1753 238 206 2636 347 1611 201 907 261 281 271 250 324 320 226 233
internal_value=1.49553e-05 -0.00759695 0.00972682 -0.0120859 -0.00967115 -0.00745832 -0.00176608 0.0140501 0.00454262 -0.00536389 0.000812891 0.00100146 -0.00621304 0.0105948 -0.00530557 0.00409908 -0.00847883 0.00287596 0.00647184 -0.00269355 0.0140152 0.00926091 -0.00619191 -0.0200997 -0.00927999 -0.0225528 0.00420268 0.00266505 0.00427065 -0.00939349 0.00649723 0.0102877 -0.0137297 -0.00196253 0.0011728 -0.00477657 -0.00215363 -0.00613009 0.00704806 0.0050207 -0.00629489 -0.000123729 -0.00942473 -0.00410877 0.0048498 0.0146673 -0.018517 0.0187661 0.0197492 0.0207853 0.0158847 0.0177326 0.00991081 0.0010639 0.022896 -0.00263824 -0.00146293 0.00510718 -0.00688313 0.0104351 0.0120366 0.018353
internal_weight=8976.6 5032.36 3944.24 2843.38 2184.99 1747.78 2188.99 2150.7 1793.54 1488.46 1581.42 1024.58 1436.76 1241.26 1365.42 995.903 607.567 924.26 561.643 362.617 732.284 768.96 1296.59 658.385 121.687 536.699 707.15 645.401 595.634 737.963 518 360.182 319.936 558.629 419.104 585.517 157.818 317.425 635.957 545.239 298.572 172.883 235.392 165.147 314.69 255.061 437.214 909.446 857.731 809.225 642.074 557.527 179.183 358.947 651.94 287.631 222.691 128.865 580.914 196.317 157.285 105.025
internal_count=38228 21731 16497 12677 9487 7488 9054 9213 7284 6288 6492 4151 6074 5192 5762 4089 2562 3796 2296 1500 3082 3133 5475 3190 576 2614 2866 2611 2408 3119 2093 1455 1356 2356 1759 2403 638 1285 2587 2217 1237 717 994 693 1317 1030 1999 4021 3800 3594 2709 2362 751 1455 2897 1206 901 521 2440 792 697 471
is_linear=0
shrinkage=0.03


Tree=31
num_leaves=63
num_cat=0
split_feature=83 83 83 83 54 5 5 14 42 80 33 57 66 70 29 81 53 5 54 63 33 59 44 65 33 80 54 22 70 56 39 41 65 14 68 59 70 57 53 54 63 63 54 56 65 29 56 54 15 57 44 44 5 70 33 63 28 69 90 54 9 41
split_gain=680.78 156.338 63.1055 58.5549 52.7595 40.2647 40.9667 27.8216 27.6253 27.5558 27.1315 26.4245 31.0765 25.8524 25.8332 25.9663 25.083 24.2394 30.039 26.8103 27.0514 22.6235 22.0751 22.0348 23.2268 24.074 23.7792 22.1134 25.8427 21.7014 22.6541 20.1727 20.1019 21.2437 19.8271 19.8446 19.3282 18.9648 18.0362 21.5913 17.7797 30.128 17.5946 20.6871 17.5154 19.4991 17.4317 17.1615 17.1409 19.4633 16.6569 16.6191 16.3575 23.9572 16.1672 15.4829 15.4114 15.1698 21.2097 24.6754 22.307 15.8669
threshold=0.19781456142663958 0.63788178563117992 1.4604680538177492 0.010669274255633356 -0.35587255656719202 0.0012174312723800542 -0.00077507959213107813 0.0084868371486663836 -12.096460819244383 13.651201248168947 1388.2924804687502 53.194644927978523 465.50000000000006 4964.5000000000009 -0.16740251332521436 -0.28297010064125055 0.9946962594985963 0.00069463954423554252 0.83537986874580394 -0.75039777159690846 3372.0974121093755 0.88642415404319774 8.8459568023681658 -942.49999999999989 379.59667968750006 19.109164237976078 -1.0391561985015867 2.5000000000000004 7915.5000000000009 7.6236054897308358 0.50994917750358593 14.008107185363771 354.50000000000006 0.012636379804462196 1.0000000180025095e-35 0.82797920703887951 7915.5000000000009 69.368038177490249 0.92349645495414745 -0.26842699944972986 0.88599923253059398 0.34816221892833715 -1.3767408728599546 7.5689623355865487 354.50000000000006 0.65933069586753856 11.927486419677736 -1.5165590643882749 52.46571350097657 64.905147552490249 5.0428299903869638 5.1382277011871347 -0.00065626282594166685 7457.5000000000009 881.42898559570324 -0.76744312047958363 0.88672029972076427 3415.5000000000005 -2.3785771131515498 -1.0812949538230894 0.0030699088238179688 -44.422548294067376
decision_type=2 2 2 2 2 2 2 2 2 2 2 2 2 2 2 2 2 2 2 2 2 2 2 2 2 2 2 2 2 2 2 2 2 2 2 2 2 2 2 2 2 2 2 2 2 2 2 2 2 2 2 2 2 2 2 2 2 2 2 2 2 2
left_child=3 5 4 9 23 6 14 50 -8 21 13 22 48 37 15 42 -9 18 19 29 34 -1 38 -3 25 -25 -27 28 -26 30 -11 -23 33 46 35 40 56 -10 39 47 41 -21 -2 -44 45 -15 52 -5 49 -13 54 -32 -4 -54 -6 -24 -36 61 59 -59 -60 -29
right_child=1 2 32 11 7 -7 8 16 10 17 -12 12 -14 44 -16 -17 -18 -19 -20 20 -22 31 55 24 27 26 -28 57 -30 -31 51 -33 -34 -35 36 -37 -38 -39 -40 -41 -42 -43 43 -45 -46 -47 -48 -49 -50 -51 -52 -53 53 -55 -56 -57 -58 58 60 -61 -62 -63
leaf_value=0.023827496636903461 0.0099648631415193076 0.011162541699763568 -0.027265634476282288 0.0070353442635937725 -0.021328766643630738 -0.012596523328658795 0.012183920699974673 -0.021501865577196393 -0.013126616766409294 0.0086583524962990047 0.0086413283254949853 -0.0059182414961428276 -0.019246282507106784 0.0016053049464508557 0.010921919344409555 -0.016208394319244049 -0.010949293957986685 0.0010478425653952907 0.026192251800890472 0.018645495009070822 0.033498578249383695 0.0004344187660033713 0.0035143447906139181 0.0020739356927032531 -0.0042821735425114865 -0.021682934612284176 -0.0021540641757485323 0.013447766195478968 0.026666482568406848 0.021216668335781688 1.7598135454839436e-05 0.024782637909240783 0.00033333508044664797 -0.02409253076028604 0.015171854618029544 -0.0069437245215931013 0.023216499083241325 0.0051486534173243751 0.01056651181632901 0.010550521871534154 0.024202789885994343 -0.0055230463044469418 -0.016869723523190282 0.003223039430177644 0.018572951653110025 -0.014280409398210504 0.0031006901560465343 -0.0089715700531383148 -0.0063830846852234698 0.014968529112835255 0.012227079466577639 -0.02281485997191765 -0.025673700493988157 0.00065797454288288727 0.002740867974994034 0.022446705501714452 -0.0015467318899789746 -0.0099054020220917787 -0.0074763421098686268 0.020337389033034777 -0.02959497014026112 -0.0061075702096553665
leaf_weight=369.94121408462524 72.386529579758644 78.422768011689186 83.618133470416069 92.851259231567383 48.769818842411041 248.05948030948639 222.79317662119865 383.1970297396183 223.17711161077023 146.09814570844173 325.86178782582283 57.6315947920084 68.069860026240349 866.84393025934696 64.591414600610733 245.70899991691113 430.44326515495777 164.60659325122833 144.02700102329254 90.560564875602722 61.947252348065376 83.57009981572628 52.997113808989525 88.432222843170166 48.679865345358849 191.31863397359848 79.406482949852943 77.292073622345924 48.451490521430969 56.289892345666885 73.342005893588066 48.33860681951046 46.537166103720665 434.36784578859806 224.97369518876076 70.435384824872017 224.80107361078262 66.282849937677383 442.536789894104 161.93486300110817 67.823472112417221 95.240005984902382 98.658010005950928 86.595753565430641 49.878476306796074 75.606840893626213 47.881095394492149 171.85053145885468 106.88897921144962 132.39296419918537 50.192008882761002 47.126680746674538 52.9605453312397 75.328060656785965 51.781778857111931 145.90697202086449 63.666663810610771 48.04566279053688 304.54117049276829 49.088892161846161 47.426821038126945 72.248277068138123
leaf_count=1630 302 329 415 376 207 1078 904 1690 910 624 1320 233 275 3521 265 1048 1904 679 624 392 281 353 216 379 207 852 351 328 207 243 312 213 213 2147 980 295 969 272 1801 658 295 408 422 362 203 316 230 696 433 535 209 200 247 345 214 600 271 205 1299 210 203 309
internal_value=0.00024116 -0.00633568 -0.0112263 0.0106493 -0.00856826 -0.00109028 9.97866e-05 -0.0137259 0.00228378 0.0139234 0.000911783 0.00600512 -0.000963668 -0.00105325 -0.0069391 -0.00923108 -0.0159192 0.0119236 0.0132338 0.0117069 0.0143688 0.020024 0.00838649 -0.00417954 -0.00532006 -0.0115158 -0.0159549 -0.00212181 0.0111558 0.00429093 0.000716786 0.00935695 -0.0187542 -0.0200338 0.0129538 0.00714364 0.016621 -0.0089418 0.00632329 0.00192194 0.0110559 0.00625688 -0.00257689 -0.00747748 0.00124781 0.000330895 -0.0132476 -0.00335672 0.00322777 0.00863389 -0.00188778 -0.00891433 -0.0169416 -0.0102124 -0.00893345 0.0174023 0.0114842 -0.00427613 -0.00703185 0.0053784 -0.0104568 0.00399989
internal_weight=8950.72 5484.88 2838.43 3465.85 2097.74 2646.44 2398.38 964.384 1830.44 2032.79 1607.65 1433.06 364.983 1281.79 567.941 503.349 813.64 1530.94 1366.33 1222.3 899.448 501.85 1068.08 1133.35 1054.93 359.157 270.725 695.774 97.1314 322.857 266.567 131.909 740.693 694.156 837.501 324.059 513.441 289.46 869.173 426.637 253.624 185.801 257.64 185.254 992.329 942.451 259.788 264.702 296.914 190.025 150.744 120.469 211.907 128.289 100.552 198.904 288.64 598.643 449.103 97.1346 351.968 149.54
internal_count=38215 23623 12700 14592 9103 10923 9845 4224 7446 8769 6542 5823 1476 5222 2399 2134 3594 6573 5894 5270 3891 2196 4347 4879 4550 1582 1203 2968 414 1379 1136 566 3597 3384 3610 1390 2220 1182 3531 1730 1095 800 1086 784 4040 3837 1237 1072 1201 768 630 512 1007 592 421 816 1251 2554 1917 415 1502 637
is_linear=0
shrinkage=0.03


Tree=32
num_leaves=63
num_cat=0
split_feature=83 83 83 10 54 33 14 41 65 77 61 66 77 29 44 9 56 54 4 4 65 14 63 59 41 77 63 44 90 23 56 10 32 63 56 67 59 63 59 90 80 31 33 28 77 69 41 82 90 82 66 66 54 14 44 33 78 81 54 31 56 44
split_gain=647.207 178.892 68.0219 60.1848 47.942 40.5006 38.1885 36.5749 30.3237 29.213 31.3662 28.496 27.8327 34.9248 25.7531 29.5098 24.9304 25.0782 25.717 27.9859 30.1479 24.9054 23.6275 39.1958 23.903 22.6586 21.4569 20.7022 19.8023 19.0711 19.0405 18.1551 18.1526 20.5986 18.3239 18.1463 17.4245 22.3908 17.324 17.1251 16.9415 16.9139 16.4362 16.1253 18.0816 15.9962 15.9147 15.8342 17.8125 19.1814 16.0442 21.7574 24.8323 17.6424 19.5252 18.4838 17.7949 15.6826 15.572 15.4499 15.282 15.067
threshold=0.14662909507751468 0.63788178563117992 1.543337941169739 0.055291593074798591 -0.26310922205448145 1897.7409667968752 0.0084868371486663836 -99.052349090576158 348.50000000000006 -0.24517001956701276 -1.386652886867523 656.50000000000011 -0.20056647807359693 0.63475203514099132 8.020484924316408 -0.0015898813726380465 8.2713599205017108 -1.8274565935134885 0.00059412678820081066 -0.00067445283639244724 -496.49999999999994 0.026728129014372829 0.2861058115959168 0.19055603444576266 -44.726808547973626 -0.17031217366456983 0.95037782192230236 5.7595894336700448 1.3576342463493349 1.0000000180025095e-35 8.4401888847351092 0.092321798205375685 0.91250002384185802 0.041439602151513107 9.235873222351076 85.500000000000014 0.19804473221302035 -0.14996640384197232 0.58014312386512767 -1.6934356093406675 15.82679605484009 0.3275000005960465 301.07777404785162 0.98782441020011913 -0.087122499942779527 3967.5000000000005 -41.12542533874511 -93.350315093994126 -1.1337248682975767 -52.702726364135735 385.50000000000006 455.50000000000006 -0.75845429301261891 0.011927111074328424 0.32340365648269659 334.94140625000006 -0.011442638467997311 0.28285063803195959 -1.2948119044303892 0.092500001192092909 4.9275670051574716 3.9782664775848393
decision_type=2 2 2 2 2 2 2 2 2 2 2 2 2 2 2 2 2 2 2 2 2 2 2 2 2 2 2 2 2 2 2 2 2 2 2 2 2 2 2 2 2 2 2 2 2 2 2 2 2 2 2 2 2 2 2 2 2 2 2 2 2 2
left_child=3 5 4 25 9 7 35 -2 16 -3 58 12 -9 14 27 -16 17 -5 19 -19 60 22 23 46 61 -1 36 32 -15 -17 -25 -30 47 34 -34 -6 37 -27 -29 40 -22 -20 -4 44 -41 -7 -12 -14 -49 -50 53 -52 -53 -51 55 -55 -57 -38 -11 -18 -21 -24
right_child=1 2 42 8 6 45 -8 11 -10 10 21 -13 13 28 15 29 59 18 41 20 39 -23 24 30 -26 26 -28 38 31 -31 -32 -33 33 -35 -36 -37 57 -39 -40 43 -42 -43 -44 -45 -46 -47 -48 48 49 50 51 52 -54 54 -56 56 -58 -59 -60 -61 -62 -63
leaf_value=0.0010287825238913845 0.023607443738558175 -0.017642112911665019 -0.028884246985853516 0.015018230087768316 0.012535195777065038 0.002267037780870429 -0.016358318595837341 -0.011472925531050417 0.026374611412362504 0.00075414688064450591 -0.00019044097991912406 0.012984763225215835 -0.010884021687897321 -0.023310791642522546 0.027800803707871708 -0.0098865537868150794 0.027040583662019311 -0.0048538903309625712 0.0011863689352262089 0.0083576596220027253 0.035214815928399333 -0.021864897226349267 -0.0065914429754135393 0.023966980711122809 -0.014391496679323955 0.015718348923486319 0.032865233738406663 -0.017540870328803571 0.006740478685886217 0.0072767276989782834 0.0035599044597077519 -0.013153781781691921 0.0037262399388706311 -0.0056167190561487506 0.029098008310731952 -0.00864283215653203 0.015594275017306373 0.034084189174611923 0.0014676767164243185 -0.0034223962767989786 0.013521823475233431 -0.015708315809915128 -0.01733365828993284 -0.001825413356500569 0.015294115844278264 0.019032828448898708 -0.014367716014440906 0.0045281102726259306 -0.015982586741576273 0.0026035232677669696 0.023175128946723304 0.015453780230872334 -0.012019505045178182 -0.027840361989551022 0.001186680118468334 0.0054409613759067738 -0.016503807571566532 -0.0019164994134231686 0.02098114549788993 0.011081423097298324 -0.0068252564452996982 0.014799844250346026
leaf_weight=75.026336655020714 50.341722756624222 140.57481604814529 142.81473407149315 205.24654759466648 62.09645988047123 88.831109881401062 808.80873338878155 296.41492335498333 78.599841877818108 72.730020374059677 188.21536852419376 106.94906498491764 156.895945712924 90.381378754973412 51.349721744656563 75.518017262220383 61.918760672211647 183.28381006419659 134.03221060335636 100.7655576467514 48.786082342267036 73.229266986250877 77.670659095048904 73.51884751021862 257.70798045396805 138.07884062826633 81.592249363660812 129.36113148927689 63.922287970781326 255.0546842366457 93.458593055605888 116.57367661595345 49.654565319418907 57.479401230812073 52.925234749913216 88.039258480072021 611.4733942002058 105.30750034749508 64.749958515167236 56.110214233398438 96.471429467201233 88.576762869954109 495.7728493064642 97.619203627109528 269.95627510547638 120.95510947704315 114.68267548084259 387.9868795722723 94.734431430697441 208.87324631214142 49.422083631157875 51.195603147149086 70.227206319570541 62.182908058166504 116.59917731583118 53.435719013214111 88.065005749464035 49.778334841132164 64.752466514706612 461.52727523446083 146.27430520951748 47.916270822286606
leaf_count=319 205 655 724 863 259 361 3601 1259 340 304 794 437 651 383 208 308 265 750 551 416 205 328 332 313 1122 607 381 531 264 1040 395 501 203 238 216 369 2688 483 265 230 399 360 2425 400 1122 492 494 1584 390 846 201 211 290 258 481 217 363 212 272 1915 603 204
internal_value=4.00685e-05 -0.00585828 -0.0113134 0.0111329 -0.00877391 -0.000780248 -0.013779 -0.00173271 0.00810526 -0.00478906 -0.00309073 -0.0021966 -0.00281091 -0.00171675 -0.000394627 0.00664249 0.00736908 0.00531503 0.00368512 0.00573935 0.00811877 -0.00507514 -0.00363404 0.000875033 -0.00916165 0.0169219 0.018131 -0.00198138 -0.0118481 0.00335584 0.012545 -0.00610827 -0.00078815 0.0087605 0.0168166 0.000116446 0.0168021 0.0236648 -0.0112002 0.0119186 0.0208076 -0.00553608 -0.0199169 0.008871 0.0120733 0.0119336 -0.00555821 -0.00192903 -0.000741095 -0.0033135 -0.00159894 0.00639429 -0.00043592 -0.00417965 -0.00860332 -0.0142076 -0.00821668 0.0142761 0.0102808 0.0129692 -0.000632268 0.00157016
internal_weight=8902.49 5812.07 2801.99 3090.42 2163.4 3010.08 958.944 2800.29 2029.17 1204.46 1063.88 2749.95 2643 2346.59 2075.71 381.922 1950.57 1427.12 1221.88 999.267 815.983 926.4 853.17 469.875 383.295 1061.26 986.23 1693.79 270.877 330.573 166.977 180.496 1499.68 160.059 102.58 150.136 904.638 243.386 194.111 568.943 145.258 222.609 638.588 423.686 326.066 209.786 302.898 1339.62 1182.72 794.735 700.001 170.845 121.423 529.156 320.283 203.684 141.501 661.252 137.482 523.446 247.04 125.587
internal_count=38103 24994 12591 13109 9442 12403 4229 11550 8419 5213 4558 11345 10908 9649 8501 1556 8079 5899 5036 4125 3375 3982 3654 1996 1658 4690 4371 6945 1148 1348 708 765 6149 657 419 628 3990 1090 796 2356 604 911 3149 1752 1352 853 1288 5492 4841 3257 2867 702 501 2165 1319 838 580 2900 576 2180 1019 536
is_linear=0
shrinkage=0.03


Tree=33
num_leaves=63
num_cat=0
split_feature=83 83 83 5 5 54 10 53 64 64 5 51 53 54 4 40 81 70 31 61 10 54 82 5 4 36 83 42 22 53 81 11 51 26 5 29 56 70 54 70 58 64 64 10 81 2 29 5 3 42 34 23 4 42 29 36 30 59 70 6 31 59
split_gain=617.772 117.432 109.985 55.4495 51.41 37.2596 35.3582 28.8207 25.9482 25.6812 25.5487 24.3291 22.6476 22.3722 22.3612 26.0665 23.2757 22.0068 21.8268 20.6217 20.2922 20.6523 19.9102 24.5051 34.1138 21.9109 20.1516 19.796 24.3963 19.6977 19.3674 27.1959 19.1391 19.4801 19.0574 19.9467 19.0121 18.2598 18.1671 17.2132 23.8765 23.5228 21.8618 21.3892 20.545 16.6879 16.3288 21.2913 16.2005 16.0323 16.0185 15.7281 16.4826 15.5348 15.4383 15.2315 15.1441 14.8667 16.6798 14.4738 14.4317 14.3364
threshold=0.36344960331916815 0.07448242232203485 1.2923802733421328 -0.001225001295097172 0.0011148297344334426 -0.35587255656719202 0.055291593074798591 0.76020276546478283 -0.87142586708068837 0.95943480730056774 0.0013694668887183072 0.038567634299397476 1.2062575817108157 -1.0203431248664854 -0.00055677053751423944 -20.470543861389157 -0.33788774907588953 7103.5000000000009 0.97750002145767223 -4.5478260517120352 0.14734648168087008 -1.9063204526901243 -59.526628494262688 0.00036337359051685786 0.00039957906119525438 0.94322341680526745 0.76329931616783153 9.5770072937011737 16.500000000000004 1.0904318094253542 -0.21315672248601911 0.41782025992870336 0.034155081957578666 1.5482522845268252 0.00051121594151481997 -1.0295106172561643 10.511068820953371 6685.5000000000009 1.0805336236953738 18768.500000000004 0.54466712474823009 0.45593219995498663 0.6411133110523225 0.042797036468982703 0.24521442502737048 0.000308683273033239 -0.33884800970554346 -0.00058367359451949586 -9.4341448857448982e-05 -28.489665031433102 0.91514021158218395 3.5000000000000004 -0.00010632627891027367 31.576240539550785 0.78141233325004589 0.65333473682403576 0.72499999403953563 1.4522265791893008 31462.500000000004 0.0010528133716434243 0.65749999880790722 0.6573271155357362
decision_type=2 2 2 2 2 2 2 2 2 2 2 2 2 2 2 2 2 2 2 2 2 2 2 2 2 2 2 2 2 2 2 2 2 2 2 2 2 2 2 2 2 2 2 2 2 2 2 2 2 2 2 2 2 2 2 2 2 2 2 2 2 2
left_child=1 6 3 8 5 9 11 -8 -2 17 14 39 45 -11 16 49 -3 27 19 -4 21 -9 51 24 26 48 37 28 -5 38 -19 -32 -21 34 35 -34 -23 -24 50 40 41 43 -43 -1 -42 -6 -18 -48 -25 -16 57 52 -7 -33 -14 61 -35 58 -17 60 -50 -31
right_child=2 10 18 4 12 22 7 20 -10 13 -12 -13 54 -15 15 29 46 30 -20 32 -22 36 23 25 -26 -27 -28 -29 -30 55 31 53 33 56 -36 -37 -38 -39 -40 -41 44 42 -44 -45 -46 -47 47 -49 59 -51 -52 -53 -54 -55 -56 -57 -58 -59 -60 -61 -62 -63
leaf_value=0.022869440130946325 -0.0015334191397317991 0.009908997278748697 0.0049021594674454943 0.0064053010882265619 -0.023098198344331588 -0.0047929210287773012 0.0017577561558040182 0.023078013450767366 -0.018279528896705199 0.0044560116077009219 -0.013229663165025883 0.025879603647672503 0.0046642452528188509 0.02994788739505477 0.00032594195219921385 0.00066578513968409731 -0.014298594888521749 0.01303378005893743 -0.024445318581756605 -0.0036077638336749576 -0.002819526356134926 0.009245244792019781 0.00013329758484201707 -0.023108104573124046 -0.014823293715593093 0.0064760812284042736 -0.005194795067850263 -0.014449909089246244 -0.011610960829599037 0.0094293433424669712 -0.011762413571902901 0.0021346081618110256 -0.022588680672403182 -0.028437700391129583 -0.021632867135552996 0.00133422028576083 0.021547727695803369 0.015826893534623142 0.014953934183138352 0.022133908335408757 0.02337104284414564 -0.017085525536596282 0.0070807683268172602 0.0040214324015438452 0.0010835682006030225 -0.010117828275421004 0.010706896090601797 -0.0097611546872247469 -0.010060180330083268 0.019424860271361939 0.01061503135659218 -0.025718493931919374 -0.024080976391370204 0.019523544360776666 -0.014237954013761798 0.0034123160625877248 -0.013878382323791405 -0.017361354564731462 -0.015569216328686923 -0.018255799759350756 0.011088646530947138 0.027945292360992056
leaf_weight=101.35872411727905 105.11282554268837 96.416640803217888 46.669210389256477 173.53649491071701 183.16015493869781 183.869220495224 367.09265500307083 142.74412713944912 400.86518439650536 81.11083547770977 91.647227436304092 194.85253459215164 93.478665843605995 50.137653455138206 53.138090267777443 667.63129492104053 147.11726379394531 152.19086645543575 267.26781153678894 99.104787573218346 84.612912535667419 856.38327392935753 115.45365057885647 96.4737618714571 102.04734118282795 62.931933224201202 128.62257398664951 138.44626033306122 110.85825426876545 111.64337059855461 117.37169751524925 277.57447530329227 43.518263027071953 185.64350850880146 110.47487013041973 112.34996218979359 130.2492418140173 158.09603647887707 75.905101180076599 180.13717067241669 188.42461128532887 57.887719556689262 80.599251478910446 116.43901009857655 46.38862743973732 173.65177746117115 80.447596162557602 106.01645636558533 73.053544878959656 154.77005234360695 105.84703755378723 64.333812162280083 50.915634945034981 55.480364397168159 66.59055370092392 199.01531018316746 98.370236963033676 51.734221994876862 62.266283109784126 77.442479088902473 48.198660761117935 56.772947862744331
leaf_count=460 456 393 221 714 838 784 1527 614 1818 330 388 900 401 204 216 2716 607 632 1367 448 346 3578 470 410 421 260 539 574 456 456 486 1142 222 902 543 502 552 642 310 802 843 249 356 510 200 790 326 429 302 632 429 276 215 228 301 810 474 210 253 331 200 231
internal_value=-5.54109e-05 0.00757892 -0.00822739 -0.00565228 -0.00401953 -0.00211191 0.0118864 0.00912349 -0.0148007 0.00169924 0.00225371 0.0164082 -0.0125749 0.0141941 0.00297448 0.00466465 -0.00307368 0.000100034 -0.0171577 -0.0143598 0.0113508 0.0124124 -0.00590754 -0.00359415 0.000667791 -0.00959514 0.0045985 -0.0051465 -0.000617513 0.00312132 0.00378139 0.000655183 -0.0157439 -0.0179293 -0.012101 -0.00534503 0.0108693 0.0092033 0.000867292 0.0140152 0.011541 0.00664618 -0.00302077 0.0127929 0.018968 -0.016781 -0.00682613 -0.000930469 -0.0130216 0.0145435 -0.000337523 -0.0125767 -0.00897574 0.00503126 -0.00319928 0.00903124 -0.023395 -0.0018207 -0.000719194 -0.00812427 -0.00165336 0.015671
internal_weight=8911.94 4607.54 4304.4 3341 2835.03 2318.15 2547.17 1581.08 505.978 1156.71 2060.37 966.088 516.881 131.248 1968.72 1538.72 429.998 1025.46 963.399 696.131 1213.99 1129.38 1161.44 862.32 504.22 358.1 402.172 422.841 284.395 1330.82 602.617 450.427 649.462 550.357 266.343 155.868 986.633 273.55 963.384 771.235 591.098 356.285 138.487 217.798 234.813 356.812 333.581 186.464 295.168 207.908 887.479 299.119 234.785 333.055 160.069 367.432 284.014 781.632 729.898 198.695 121.252 168.416
internal_count=38242 19343 18899 14220 11946 9616 10937 6617 2274 4766 8406 4320 2330 534 8018 6263 1755 4232 4679 3312 5090 4744 4850 3575 2072 1503 1651 1744 1170 5415 2488 1856 3091 2643 1267 724 4130 1112 3918 3420 2618 1575 605 970 1043 1628 1362 755 1243 848 3608 1275 999 1370 702 1497 1376 3179 2969 833 502 687
is_linear=0
shrinkage=0.03


Tree=34
num_leaves=63
num_cat=0
split_feature=83 83 83 52 52 58 4 65 5 4 4 64 29 5 5 70 29 29 33 65 64 77 25 64 3 68 3 74 54 53 70 65 80 80 83 54 33 51 64 13 25 41 53 26 53 4 54 5 53 68 64 29 57 27 29 41 52 22 42 74 4 30
split_gain=589.518 119.546 97.3201 69.3199 63.4506 41.1525 39.7022 37.0881 37.0344 37.9697 36.2657 33.6072 33.7866 31.5563 30.9636 30.3961 27.6008 27.5275 25.8498 30.1001 24.8174 24.6005 24.2652 23.5517 22.8638 21.5838 21.2506 20.6658 18.0511 17.2689 17.2065 27.8537 23.1223 17.2007 17.6635 17.1911 17.4795 17.7291 21.6682 17.2951 16.1344 17.4948 20.5237 18.4905 15.5446 18.6183 15.4286 15.3957 15.0522 15.0414 14.9183 14.4695 14.1613 14.121 13.938 18.8087 17.9727 13.8657 13.6655 13.585 13.0087 13.6794
threshold=0.32453268766403204 1.2592110037803652 0.10351252555847169 -0.262771725654602 0.19445858150720599 -0.72408130764961232 -0.00068726073368452479 -821.49999999999989 -0.00058367359451949586 -0.00010632627891027367 -0.00067445283639244724 -0.98518189787864674 0.22869636118412021 -0.00048097991384565825 0.00067948389914818119 21506.500000000004 -0.012579361908137797 0.99699327349662792 379.59667968750006 354.50000000000006 -0.96185845136642445 -0.19156140089035031 18.929729461669925 -0.84455960988998402 0.00014489325985778126 -1.0000000180025095e-35 -0.00046384042070712889 0.66702663898468029 -1.3767408728599546 0.85096886754035961 7419.5000000000009 -821.49999999999989 32.889648437500007 23.780121803283695 0.85690689086914074 -0.93818336725234974 524.36502075195324 0.041438780725002296 0.2861058115959168 0.016359656117856506 16.514154434204105 -42.266559600830071 1.1002731919288637 0.84779247641563427 1.4227036237716677 -0.00061210774583742012 -0.45882140100002283 -0.0011742191272787748 0.76698631048202526 1.0000000180025095e-35 -0.64778602123260487 -0.18131717294454572 35.684499740600593 -1.1053976416587827 0.57237783074378978 -8.8821368217468244 0.075297642499208464 15.500000000000002 20.849733352661136 -0.55723291635513295 0.00076899791019968699 0.82500001788139354
decision_type=2 2 2 2 2 2 2 2 2 2 2 2 2 2 2 2 2 2 2 2 2 2 2 2 2 2 2 2 2 2 2 2 2 2 2 2 2 2 2 2 2 2 2 2 2 2 2 2 2 2 2 2 2 2 2 2 2 2 2 2 2 2
left_child=2 3 6 49 5 -5 57 -6 9 24 51 -8 13 26 21 22 -9 33 -3 20 -20 59 -14 -24 25 -7 -13 -15 47 -28 -22 -32 46 35 48 -12 39 38 -38 -37 -18 -42 43 -43 45 -23 -33 -27 53 50 -2 -10 -51 -35 55 -25 -57 -1 -31 -4 61 -47
right_child=1 18 14 4 7 8 11 16 10 -11 17 12 15 27 -16 -17 40 -19 19 -21 30 44 23 54 -26 28 29 -29 -30 58 31 32 -34 34 -36 36 37 -39 -40 -41 41 42 -44 -45 -46 60 -48 -49 -50 52 -52 -53 -54 -55 -56 56 -58 -59 -60 -61 -62 -63
leaf_value=0.0039720135796428684 -0.0088944334270145489 -0.023943847794131879 0.0030174369350021565 0.020767662762281043 0.010342417166509436 -0.015599349962008846 0.028627792262321546 0.0082067599092073215 0.00039427318854193244 -0.018741349091066908 0.0066616710054326579 0.018779879060313108 -0.017007804742457097 0.01774422129241281 -0.0069388384942411013 0.023541445062929416 -0.030643463361020869 -0.018745047229820861 -0.00024211365533329459 0.010626618446030816 -0.023311037450467097 -0.0039905125027272989 -0.011542505639678206 0.014439111281832904 -0.021262312832544171 0.002270773442342504 -0.0078828885593164692 0.0083071455326540009 -0.0020969522048298332 0.00041705361356034204 0.0075849620796046551 0.0051664099545038851 -0.023648751845848012 0.010932842570529231 -0.0008248082772472923 0.0063190605706252689 0.0064243519425631864 -0.022221942125903636 -0.015794911375815124 -0.011244808255193237 -0.0014811171979315482 -0.0033502243018186098 -0.0081899979464085566 -0.024168971264387749 0.018491878436893847 0.0052187222852472298 -0.017858869295461457 0.024865310655700457 0.013107045232594214 -0.006742897467825637 -0.028268605407727462 -0.019092301729333433 -0.020458434609791826 -0.011292019644997179 -0.0069590084757774444 0.010116100188707285 -0.013621836215629323 -0.013454417817952235 0.019765025824190201 -0.013801043191739495 -0.0060963473767172757 0.0140904167063321
leaf_weight=251.91748356819153 50.488354235887527 302.35556314885616 77.034523725509644 76.949784606695175 67.576508820056915 71.320033222436905 113.34639252722263 51.250099048018456 50.759340077638626 191.87771937251091 245.29139621555805 82.688115328550339 48.062972217798233 1140.2936500310898 282.03753910958767 76.527900487184525 52.301024079322815 53.171644762158394 88.104479596018791 43.82168735563755 246.72020389139652 183.48037581145763 64.597425445914268 256.74541284143925 54.211132645606995 59.297411173582077 106.46806132793427 255.66848160326481 239.60707095265388 81.270434781908989 50.891322329640388 55.845884442329407 164.21863634884357 52.493980497121811 188.994285851717 207.69223268330097 86.003830462694168 66.550764560699463 73.053508311510086 66.649576768279076 95.060584500432014 45.866790741682053 198.92371191084385 235.71807640790939 78.955587595701218 580.74611547589302 49.324007719755173 50.050559043884277 345.76152503490448 194.97475296258926 122.69966484606266 105.72613562643528 103.83242101967335 50.463447645306587 50.084896668791771 66.927927926182747 50.26464432477951 49.102718994021416 55.149469971656799 98.48497961461544 67.641320899128914 214.08437377214432
leaf_count=1047 228 1513 315 317 281 303 503 215 207 816 998 347 201 4996 1166 329 227 232 416 198 1210 746 270 1082 233 253 443 1104 1019 340 239 267 808 214 787 846 349 273 296 280 411 204 877 1069 323 2355 237 205 1409 874 562 440 474 206 205 281 207 203 232 405 273 867
internal_value=7.50127e-05 -0.00745883 0.00799901 -0.00487965 -0.00324033 -0.000806888 0.0114107 -0.010853 -0.0015418 -0.00748017 0.000942867 0.0126749 0.0119004 0.0140543 0.0020721 0.00585362 -0.0129621 0.00243723 -0.0166151 -0.0134447 -0.0150549 0.00402639 0.00333143 0.0053321 -0.00292626 -0.000561102 0.00564391 0.0160158 0.00251244 0.00117194 -0.0173566 -0.0127698 -0.0166151 0.00325164 0.00686845 0.000156683 -0.00303487 -0.0092206 -0.00378074 0.00205203 -0.01469 -0.0132403 -0.0155667 -0.0207778 0.00565627 0.00468735 -0.0056323 0.0126127 0.0101087 -0.0155861 -0.0226206 -0.0127714 -0.0115089 3.95715e-05 0.00790285 0.00989343 -6.52527e-05 0.0011294 0.00823872 -0.00641951 0.00653346 0.00760828
internal_weight=8887.48 4555.9 4331.58 3554.62 3082.62 2335.93 2749.12 746.697 2258.98 666.364 1592.61 2448.1 2334.75 1721.54 1582.46 613.211 679.12 1436.13 1001.28 698.926 655.105 1300.43 536.683 488.62 474.486 420.275 325.576 1395.96 348.955 242.888 567 320.28 269.389 1382.95 637.713 745.241 499.95 225.608 159.057 274.342 627.87 575.569 480.509 281.585 1124.91 1045.95 105.17 109.348 448.719 471.995 173.188 156.485 298.807 102.957 424.023 373.938 117.193 301.02 136.42 175.52 862.472 794.83
internal_count=38233 19993 18240 15105 12967 9683 11790 3284 9366 2829 6537 10540 10037 7462 6450 2575 3003 5890 4888 3375 3177 5284 2246 2045 2013 1780 1362 6100 1477 1015 2761 1551 1312 5658 2616 3042 2044 918 645 1126 2788 2561 2150 1273 4564 4241 504 458 1829 2138 790 647 1348 420 1775 1570 488 1250 572 720 3495 3222
is_linear=0
shrinkage=0.03


Tree=35
num_leaves=63
num_cat=0
split_feature=83 83 52 52 29 5 4 12 54 43 60 40 12 30 52 70 5 29 64 65 59 65 17 56 80 54 54 44 12 80 41 28 4 65 44 51 12 64 25 70 54 54 29 77 42 51 44 40 41 53 64 44 54 52 5 3 41 12 64 51 64 10
split_gain=533.35 148.933 81.0825 75.3072 42.9779 39.9431 39.361 38.5769 37.581 33.277 31.7338 31.1524 27.9502 27.2015 29.1273 28.6785 26.2065 28.9384 25.7303 25.3473 28.9286 23.5334 22.1803 22.0985 23.2297 20.6992 23.9775 20.616 20.6035 20.568 20.3808 20.0169 19.8312 19.5653 27.0628 19.1761 21.9098 19.1375 19.1353 19.0906 18.9057 31.9605 18.8949 24.5169 19.5714 19.2427 19.2713 18.9865 18.8826 18.8453 18.4652 18.4598 20.2815 18.438 18.0638 18.0441 17.9255 19.7046 17.8403 17.6598 17.7707 20.1369
threshold=0.4908346831798554 0.058088766410946853 -0.31263391673564905 0.27206397056579595 -1.1352217197418211 0.001275315822567791 -0.00061210774583742012 0.010554650798439981 -0.26842699944972986 26.726824760437015 13.118154525756838 -22.858267784118649 0.030115982517600063 0.87500000000000011 -0.13434148579835889 4292.5000000000009 -0.00058367359451949586 0.79479312896728527 -0.8959035575389861 354.50000000000006 -0.76092749834060658 -821.49999999999989 62.615755081176765 8.4027581214904803 13.140483856201174 -1.3358626365661619 0.8545438051223756 8.8459568023681658 0.016784775070846084 28.898004531860355 -1.0000000180025095e-35 -1.4828134179115293 -0.00063684952328912903 -496.49999999999994 -5.9267919063568106 0.030432534404098991 0.012376788072288038 -0.0327190039679408 44.501001358032234 2733.5000000000005 -1.0812949538230894 -1.5040463209152219 0.64619597792625438 -0.013280022889375685 19.595508575439457 0.05575451813638211 8.8459568023681658 -0.18706075102090833 -50.149295806884759 1.4007718563079836 -0.023995916359126564 5.9611775875091562 -1.8274565935134885 0.11774524673819543 -0.00041814387077465648 2.1722943529312037e-05 -28.846224784851071 0.0070357779040932664 -0.66750615835189808 0.091606210917234435 -0.45204447209835047 0.077903423458337798
decision_type=2 2 2 2 2 2 2 2 2 2 2 2 2 2 2 2 2 2 2 2 2 2 2 2 2 2 2 2 2 2 2 2 2 2 2 2 2 2 2 2 2 2 2 2 2 2 2 2 2 2 2 2 2 2 2 2 2 2 2 2 2 2
left_child=1 7 -2 4 -4 6 49 25 10 23 12 40 18 14 38 50 55 32 -6 20 -20 -5 27 24 -9 39 31 29 42 -17 -19 -27 -18 53 -35 -15 58 -25 -13 -1 41 -8 43 45 -45 46 47 48 -22 -3 -16 52 -26 54 -33 -10 -34 -58 -37 60 -54 -62
right_child=2 5 3 21 8 -7 11 9 16 -11 -12 13 -14 35 15 22 17 30 19 -21 28 -23 -24 37 51 26 -28 -29 -30 -31 -32 33 56 34 -36 36 -38 -39 -40 -41 -42 -43 -44 44 -46 -47 -48 -49 -50 -51 -52 -53 59 -55 -56 -57 57 -59 -60 -61 61 -63
leaf_value=0.012244261844715169 -0.021321457056158694 -0.0065751413806856467 -0.020452720522824413 0.0013504411224060106 0.0095292884126315456 -0.011966940245770216 0.022799722644752451 0.017877630978078419 -0.010982279750380424 -0.014357758555617973 0.023444223073180604 0.0014327009021664441 -0.018289542448493262 -0.007765544588303047 -0.014213195056196722 0.0030100016656564137 -0.017665098418811021 -0.025697045359252144 0.013645849965623114 0.016917539888448015 -0.017758827966124251 -0.019206105822020154 -0.00014324111024917563 0.0097968359271103662 0.01908214354593948 -0.0074903428479779245 0.025109072453777515 0.019747762697959789 -0.012818377471064485 0.019931091395378811 -0.0050003745036321144 -0.006520790958586588 -0.014180004672097108 0.008257960993331849 0.02281958969697942 0.0042664689453070972 0.0033727972486994801 0.02510576359788444 -0.016460511591926796 0.031532765338538708 0.027778687963945031 -0.002738061965816484 -0.012530702331573372 0.0030897063688847142 0.025151751090219557 0.011250666671834768 0.0046126959032678876 -0.027676505857244724 0.0073468943833554408 0.011881753102399768 0.0029759769672078563 -0.0063140413319524788 0.0078291694895787824 -0.0065506596653972854 0.013837813646434671 -0.027009874627245075 0.018856139568809133 -0.00036446118478950499 0.022521098560049104 0.018290668954659705 0.0047709421697237318 -0.015073519879716042
leaf_weight=74.360021933913231 424.3873653113842 498.05656066536903 154.41558434069157 55.544976279139519 195.3095066100359 185.36702570319176 82.525308340787888 126.09080973267555 210.15529736876488 58.711837261915207 47.201482594013214 91.784569308161736 84.367705762386322 52.598983645439148 131.39147892594337 386.59805200994015 66.334612652659416 93.029478520154953 79.901758149266243 57.55320306122303 61.037751480937004 513.34737578034401 450.35393373668194 195.56953355669975 92.353903651237488 45.956165820360184 140.83725778758526 120.90295505523682 233.45160536468029 77.634437829256058 79.343835413455963 46.069061324000359 71.899542599916458 193.96841628849506 281.672104626894 67.071686118841171 173.85507582128048 117.73392286896706 129.94226334989071 121.8663529753685 67.791108906269073 94.736504733562469 128.82246220111847 136.50611692667007 49.243333429098129 53.606213808059692 69.929837480187416 59.949823871254921 48.296761676669121 55.318440899252892 98.3440330773592 129.77225658297539 175.98638458549976 66.917384371161461 264.00210276246071 90.416767612099648 54.541646674275398 400.47600999474525 171.10025572776794 62.456010416150093 88.920991778373718 95.390476554632187
leaf_count=333 2083 2051 757 256 816 798 337 545 932 243 196 379 383 214 536 1573 286 423 334 236 255 2496 1843 842 396 198 623 495 1021 316 361 195 296 859 1248 272 705 512 535 547 278 387 565 562 202 229 295 255 206 225 401 551 738 287 1168 409 222 1680 696 256 378 394
internal_value=3.42612e-05 0.0060332 -0.0090245 -0.00733816 -0.00511716 0.00151217 0.00242074 0.0116124 -0.00411857 0.00764005 -0.000705148 0.00422218 -0.00161128 0.0029562 0.000976369 0.00273408 -0.00829707 -0.00535012 -0.000412317 -0.00239708 -0.00360438 -0.017199 0.00486152 0.0088312 0.00610099 0.0152869 0.0135998 0.00871347 -0.0052436 0.00583975 -0.0161703 0.0117959 -0.00220624 0.0128354 0.0168813 0.0092923 0.0114699 0.0155497 -0.00905356 0.0242234 0.0143043 0.00915121 -0.00233222 0.000413025 0.00893849 -0.00499507 -0.00863563 -0.0141084 -0.00666878 -0.00473009 -0.00685494 0.00379835 0.00634599 0.00773088 0.010813 -0.0158036 -0.000260096 0.00193946 0.0173804 0.00356367 0.00101081 -0.00549957
internal_weight=8833.08 5314.01 3519.07 3094.68 2525.79 2935.37 2750.01 2378.63 2371.37 1142.99 1305.18 2196.63 1257.98 1951.58 1486.95 1265.22 1066.2 765.625 1173.61 978.299 920.746 568.892 1035.49 1084.27 770.971 1235.65 1039.42 585.135 840.844 464.232 172.373 898.585 593.252 852.629 475.641 464.626 412.027 313.303 221.727 196.226 245.053 177.262 607.392 478.57 185.749 292.82 239.214 169.284 109.335 553.375 229.736 644.88 515.108 376.989 310.071 300.572 526.917 455.018 238.172 422.754 360.298 184.311
internal_count=38110 22354 15756 13673 10921 12041 11243 10313 10164 4855 5555 8967 5359 7965 6078 5164 4609 3268 4976 4160 3924 2752 4227 4612 3258 5458 4578 2384 3590 1889 784 3955 2484 3757 2107 1887 1673 1354 914 880 1002 724 2569 2004 764 1240 1011 716 461 2276 937 2713 2162 1650 1363 1341 2198 1902 968 1766 1510 772
is_linear=0
shrinkage=0.03


Tree=36
num_leaves=63
num_cat=0
split_feature=31 10 66 84 52 52 52 5 53 64 63 64 63 51 7 56 3 54 14 10 12 5 59 63 61 5 26 17 26 52 26 26 68 64 63 31 63 31 63 44 54 25 52 39 4 5 66 51 59 5 10 77 68 44 61 26 8 59 64 63 2 56
split_gain=439.329 128.188 73.8234 67.6818 57.3473 72.0826 35.1799 58.7781 44.2771 34.492 39.5823 35.6955 33.6554 32.3713 30.7825 24.1817 23.6529 22.6291 22.1922 30.8024 25.84 22.9478 23.8265 22.1499 22.0234 21.5895 23.5871 24.4814 21.9849 21.5834 22.0288 32.2499 23.1564 22.9413 21.064 21.06 20.6356 21.7602 27.4335 32.9895 20.2089 19.544 19.2388 19.1865 21.4621 18.5121 18.4124 23.2612 27.7727 18.1113 17.8643 17.5092 16.88 38.1632 27.2209 18.7315 17.6593 16.6412 18.9029 18.3741 16.2734 16.1365
threshold=0.31250000000000006 0.13414333760738376 632.50000000000011 1.0000000180025095e-35 0.30542688071727758 -0.29122687876224512 -0.15430410206317899 0.00048864472773857426 0.5762617588043214 -0.84455960988998402 0.1326885595917702 0.95943480730056774 0.97768935561180126 0.021792345680296425 -0.0016392917605116961 9.235873222351076 -0.00026010806323029095 -1.8411073088645933 0.024926810525357727 0.27880954742431646 0.017609894275665287 -0.0010630127508193252 0.97929543256759655 -0.75039777159690846 -0.49149067699909205 -0.00069532523048110295 1.7485553622245791 69.93506240844728 0.77450451254844677 -0.42230461537837977 0.95883992314338695 1.1993096470832827 -1.0000000180025095e-35 0.23556562513113025 0.33586180210113531 0.95749998092651378 0.24826665222644809 0.14249999821186068 0.9556623399257661 -7.7934484481811515 -1.4085726141929624 54.545661926269538 0.28264832496643072 0.86354386806488048 0.00049523552297614526 0.00095907328068278741 -473.49999999999994 0.037067282944917686 -0.25391118228435511 -0.00089970085537061084 0.035724675282835967 -0.0082383984699845297 0.6078576147556306 -6.9229788780212393 2.9092200994491582 1.2691125273704531 0.0011307823588140311 -0.30007414519786829 -0.82288655638694752 -0.01963364519178867 0.00010626329822116533 7.2593448162078866
decision_type=2 2 2 2 2 2 2 2 2 2 2 2 2 2 2 2 2 2 2 2 2 2 2 2 2 2 2 2 2 2 2 2 2 2 2 2 2 2 2 2 2 2 2 2 2 2 2 2 2 2 2 2 2 2 2 2 2 2 2 2 2 2
left_child=3 2 6 12 5 -3 29 8 -8 10 15 18 13 -1 -13 -7 -9 -18 20 61 21 -11 45 50 -21 -15 28 46 -27 -2 -31 -32 -33 34 -34 -17 -25 38 39 -38 -22 -41 -19 44 49 -23 -28 -48 -49 -10 -5 -46 53 -30 -54 -56 -55 -51 59 -59 -47 -20
right_child=1 4 -4 23 -6 9 7 16 43 11 -12 14 -14 25 -16 35 17 42 19 24 40 22 -24 36 -26 26 27 -29 52 30 31 32 33 -35 -36 -37 37 -39 -40 41 -42 -43 -44 -45 51 60 47 48 -50 57 -52 -53 54 56 55 -57 -58 58 -60 -61 -62 -63
leaf_value=0.022487425484197642 -0.026343814511687231 -0.021066974211583715 0.015089796388885635 0.01876823601596711 -0.021900371263831882 -0.0021201046587727111 -0.015087840857666568 -0.021736317082408869 -0.0059817171278493805 -0.020392872437713143 -0.022042760957988808 0.025086935682291384 0.029067122597775746 -0.0052319444721748735 -0.0045960672069273135 0.019759053440330802 0.014446333509804189 -0.0032822795677513545 0.016588372421778602 0.0013470165309289366 -0.0091520806468247517 0.00068418935921677013 -0.023089864169967281 0.022050298697418664 -0.025686448698966188 0.017127867424812725 0.00065677858836529757 0.00038077731474249948 -0.024296963429356909 -0.015396445162750703 0.012927778168682647 -0.023160410585380348 0.0086839531496854371 -0.013691336056487051 -0.009965810285877074 -0.002503081871638019 0.0021146047317941959 0.0045208554226186699 0.033587932163109471 0.027264858953840097 -0.024593083920776779 0.012055578248876757 -0.014124251703550418 0.021982328738195941 -0.017271440147314882 -0.028117700077415625 0.028289271823407888 0.026089668849245507 0.0019432570934143345 0.01816912863175121 0.0050664629645767387 0.0024868142500792715 0.022279062686721904 -0.0048135202936370799 0.0068273269413405861 -0.014924022267147617 0.011290009293291188 0.021604079693828462 0.0027793330735117771 0.0047353321092656105 -0.0037153340153327275 -0.0040906854004049273
leaf_weight=79.186000674962997 53.557544231414795 341.43690150976181 233.15705919265747 110.20168176293373 330.0982970148325 224.52392716705799 110.1551198810339 86.036485582590103 111.48227949440479 117.99731945991516 58.283433452248573 48.849540486931801 48.939844220876694 250.23780207335949 88.244994193315506 120.84115250408649 49.62841409444809 494.31314133107662 75.308497503399849 47.719847440719604 119.02561464905739 307.00406375527382 60.916321739554405 328.84775826334953 62.835193321108818 65.09390164911747 79.31829009950161 197.10467958450317 74.423738792538643 188.55122892558575 89.792768105864525 66.172374114394188 147.68965670466423 136.00444863736629 86.38596148788929 55.952588647603989 152.86355026066303 198.36717839539051 70.546150341629982 143.16975304484367 212.43423838913441 162.16964867711067 209.82711534202099 55.467884317040443 71.817619636654854 42.971683129668236 104.53945668041706 66.865042835474014 119.46368806064129 103.28333160281181 384.24009719491005 92.171433582901955 61.87102010846138 220.61527991294861 95.093838721513748 56.984641924500465 84.862733006477356 110.78074060380459 641.89996720850468 122.24049624800682 57.515634641051292 61.857644453644753
leaf_count=328 257 1691 983 500 1681 953 451 365 467 549 262 209 207 1033 376 503 205 2064 312 218 518 1313 279 1483 297 268 325 810 303 808 381 290 627 588 367 258 682 854 336 645 963 726 930 226 295 202 432 273 485 425 1656 377 253 899 388 234 345 458 2629 496 268 259
internal_value=-8.96286e-05 -0.00506523 -0.00117626 0.00889047 -0.010275 -0.00845087 -0.00242906 -0.000543238 0.00317908 -0.00600654 0.00105942 -0.0084995 0.00457134 0.00380072 0.00598058 0.00441455 -0.00683408 -0.00513311 -0.0102026 -0.00223448 -0.0123531 -0.00856875 -0.00559012 0.0133606 -0.0140178 0.00279852 0.00443729 0.00892157 0.000576738 -0.00797515 -0.00659846 -0.00344498 -0.00681495 -0.00389229 0.00180123 0.0127134 0.0158142 0.0129939 0.0161727 0.0134914 -0.0190483 0.019187 -0.00651308 0.00471611 0.00395218 -0.00297406 0.0134691 0.0169629 0.0106083 0.0054749 0.00812033 -0.00616615 -0.00123748 -0.00503316 0.00550235 -0.00132302 -0.00033991 0.00678057 0.00543617 0.0127549 -0.0141506 0.00726276
internal_weight=8849.24 5694.23 3260.42 3155.01 2433.82 2103.72 3027.26 2259.1 1419.3 1762.28 459.601 1302.68 1604.6 1555.66 137.095 401.318 839.805 753.769 1165.59 247.721 917.865 586.405 468.408 1550.41 110.555 1476.47 1226.24 567.291 658.945 768.154 714.596 526.045 436.252 370.08 234.076 176.794 1055.96 727.116 528.749 458.203 331.46 305.339 704.14 1309.14 1253.68 407.491 370.186 290.868 186.329 1089.69 494.442 163.989 593.851 379.902 213.95 152.078 305.478 978.205 874.921 233.021 100.487 137.166
internal_count=38265 24800 13689 13465 11111 9430 12706 9388 5824 7739 1976 5763 6583 6376 585 1714 3564 3199 5178 1086 4092 2611 2062 6882 515 6048 5015 2325 2690 3318 3061 2253 1872 1582 994 761 4726 3243 2389 2053 1481 1371 2994 5373 5147 1783 1515 1190 758 4475 2156 672 2422 1547 875 622 1244 4008 3583 954 470 571
is_linear=0
shrinkage=0.03


Tree=37
num_leaves=63
num_cat=0
split_feature=83 83 83 12 77 58 41 33 70 14 31 59 64 41 65 64 70 12 18 47 77 18 57 64 65 60 25 66 65 57 53 31 38 32 61 90 70 25 41 57 82 63 66 26 82 82 26 64 64 33 90 82 31 61 59 9 61 82 26 65 54 59
split_gain=498.234 136.652 66.6869 41.3293 41.0412 47.0057 38.813 34.4477 29.0329 43.3907 27.6536 25.8549 25.7204 27.652 30.4849 44.6968 39.2721 32.6743 24.1829 23.3852 21.7493 21.2139 21.1258 21.0028 22.1486 20.915 23.6685 20.798 22.0298 38.697 20.283 20.0544 20.0392 19.6639 19.409 19.0037 19.0037 18.9951 18.8491 18.5957 18.7682 18.5119 18.4526 18.0521 17.8624 20.0847 25.7093 17.8509 19.9797 17.5493 20.7495 23.265 17.3718 17.0509 16.82 16.2888 16.2659 16.1522 15.8706 15.835 17.3325 15.5297
threshold=0.4908346831798554 0.10351252555847169 1.4604680538177492 0.01322389440611005 -0.18560015410184857 -0.66880580782890309 -40.235937118530266 406.32836914062506 7103.5000000000009 0.013508492149412634 0.97750002145767223 0.8655015528202058 -0.99428912997245777 -48.424360275268548 231.50000000000003 0.51316559314727794 6609.5000000000009 0.0092214616015553492 29.594733238220218 0.99739244580268871 0.14957328885793689 42.737644195556648 21.934336662292484 -0.82288655638694752 -276.49999999999994 8.537626266479494 27.283112525939945 355.50000000000006 -286.49999999999994 25.75476169586182 0.73978808522224437 0.31749999523162847 -1.0000000180025095e-35 0.72250002622604381 6.6623320579528817 1.3870286345481875 8482.5000000000018 53.986288070678718 -14.511701107025145 120.73646926879884 71.388031005859389 -0.30694064497947687 215.50000000000003 1.954026520252228 -99.143898010253892 22.322423934936527 1.3994712829589846 -0.94190874695777882 0.94336524605751049 1567.047302246094 -2.1172388792037959 -42.471431732177727 0.036250000819563873 1.5427327156066897 -0.060014160349965089 0.00046023706090636557 4.7069473266601571 -16.236516952514645 0.57153302431106578 -96.499999999999986 0.8545438051223756 -0.24560821801424024
decision_type=2 2 2 2 2 2 2 2 2 2 2 2 2 2 2 2 2 2 2 2 2 2 2 2 2 2 2 2 2 2 2 2 2 2 2 2 2 2 2 2 2 2 2 2 2 2 2 2 2 2 2 2 2 2 2 2 2 2 2 2 2 2
left_child=1 3 4 12 47 -6 8 19 -7 22 44 33 -1 30 15 17 55 59 -11 -3 25 -18 -10 24 -8 26 53 28 36 -30 54 -16 -19 52 37 -29 43 -35 -26 40 58 -13 -31 -28 -4 46 -46 -2 -49 50 -27 -52 -5 -9 -14 -17 -55 -34 -25 60 -15 -21
right_child=2 7 10 11 5 6 23 20 9 18 -12 41 13 14 31 16 21 32 -20 61 -22 -23 -24 39 38 49 27 35 29 42 -32 -33 57 34 -36 -37 -38 -39 -40 -41 -42 -43 -44 -45 45 -47 -48 48 -50 -51 51 -53 -54 56 -56 -57 -58 -59 -60 -61 -62 -63
leaf_value=0.033512825763928306 -0.00012293171710436748 -0.018315733020314882 -0.024898215559729521 0.019814011496103422 0.019096710133598777 -0.0063094500877491164 0.0026631015373901772 0.022016395374959617 0.028815045566711692 0.012257578125269184 -0.025419299415978636 0.0013242609492835164 0.0023899538348460194 0.010509799933741265 0.033999173061549454 -0.0052779748020325215 -0.0056575753538769379 0.011222397878336409 -0.013530557026378558 0.0092712446789884936 -0.0047681998174078253 0.017269023314305226 0.0078692667800909916 0.0072892968113128587 -0.023452764597997607 0.0067791971153675591 0.0077676700177445246 0.0059213869879136396 0.0088114826951678753 -0.024013639365634342 0.024842291113321362 0.01253517407992959 0.0087419461183003214 0.013075653998348475 -0.00049260043794123714 0.024797171749151782 0.013140343883651217 0.034681449757019291 0.0010938809805381162 -0.025470057198332108 -0.015111934045918747 -0.021710829488728399 -0.0038728531235560225 -0.0097600166354839344 0.01247175253706171 -0.016229406685582728 -0.01119360614226457 -0.018839108945889593 0.00035392779003262382 0.0075909537352537157 -0.022915431762267482 -0.0010079337584799448 0.0010214705103392596 -0.0023576088241909262 0.022122945727007948 -0.028371443958365817 0.017672226570188288 -0.0082899805874582216 -0.0079548848898214775 0.02474452359796895 0.026655897177001169 -0.0041473457623968533
leaf_weight=52.994813427329063 69.532942831516266 94.841331243515015 89.952236622571945 50.150695249438286 71.065672039985657 278.62973617017269 270.73619465529919 131.18719185888767 76.453314915299416 48.718158230185509 232.00572340190411 85.795561209321022 89.159319862723351 325.27008733153343 75.739139974117279 60.691668137907982 61.839759275317192 279.71634873747826 99.708154961466789 88.932792752981186 265.50997023284435 88.029586926102638 100.05104026198387 66.948998808860779 66.366139203310013 77.139973714947701 118.75719201564789 143.92139348387718 108.88818019628525 84.541719540953636 239.23889784514904 81.155844062566757 86.587224289774895 154.97608369588852 66.511152252554893 72.02707202732563 182.39607362449169 47.954197883605957 48.898856043815613 66.579159900546074 337.89684548974037 49.522851631045341 79.380773961544037 95.338429927825928 64.633793011307716 216.87217438220978 114.51393899321556 393.41062830388546 55.728658154606819 124.54908616840839 86.804952874779701 87.709612607955933 377.58609898388386 77.092339918017387 68.93303382396698 50.246623292565346 69.281706050038338 118.96160325407982 750.34998106956482 156.37952566146851 73.32582114636898 610.37859229743481
leaf_count=241 308 399 480 220 296 1173 1155 535 314 205 1240 352 390 1428 331 262 270 1199 429 367 1110 381 416 278 285 316 483 592 444 343 1074 349 371 661 275 294 743 208 212 302 1540 203 323 388 297 1080 547 1847 249 510 359 358 1584 315 309 214 283 509 3206 704 326 2521
internal_value=2.27385e-05 0.00579868 -0.00874107 0.010472 -0.00665023 -0.00491914 -0.00569094 0.00086988 0.000795933 0.00688884 -0.0168982 0.00489442 0.0129052 0.0123166 0.0104046 0.00889812 -0.0022069 0.0116824 -0.00506608 -0.00433672 0.00316125 0.00780895 0.016942 -0.00812611 -0.00202585 0.00452924 0.00651847 0.00412185 0.00150992 -0.00505156 0.0193323 0.0228967 0.00599639 0.00722362 0.0135717 0.0122172 0.00602461 0.0181813 -0.0130393 -0.0100534 -0.00916486 -0.00710595 -0.0142603 -3.75439e-05 -0.0128301 -0.010089 -0.0026555 -0.0142678 -0.0164577 -0.0016193 -0.00617764 -0.0119049 0.00322483 0.0141622 0.0109941 -0.0157376 0.00712291 -0.0011153 -0.00670616 0.0166541 0.01348 -0.00244088
internal_weight=8858.5 5339.44 3519.05 2740.77 2801.07 2282.4 2211.34 2598.68 603.56 324.931 717.978 832.497 1908.27 1855.27 1457.94 1301.05 260.808 1040.24 148.426 794.153 1804.53 149.869 176.504 1607.78 386.001 1539.02 1162.81 885.251 669.302 272.811 397.331 156.895 485.265 697.178 269.441 215.948 396.492 202.93 115.265 1221.77 1155.2 135.318 163.922 214.096 485.972 396.02 179.148 518.672 449.139 376.204 251.655 174.515 427.737 277.561 158.092 110.938 146.374 205.549 817.299 554.975 398.596 699.311
internal_count=38403 22544 15859 11861 12215 9811 9515 10683 2537 1364 3644 3503 8358 8117 6344 5664 1127 4537 634 3287 7396 651 730 6978 1652 6286 4743 3610 2724 1110 1773 680 2079 2948 1144 886 1614 869 497 5326 5024 555 666 871 2404 1924 844 2404 2096 1543 1033 717 1804 1133 699 476 598 880 3484 2458 1754 2888
is_linear=0
shrinkage=0.03


Tree=38
num_leaves=63
num_cat=0
split_feature=83 83 83 52 52 52 29 12 30 11 12 31 41 60 15 61 70 64 32 43 53 65 44 44 59 10 80 65 44 54 77 64 65 41 65 77 54 90 64 46 13 41 52 25 32 30 64 80 8 61 65 14 59 16 31 64 59 61 65 26 83 65
split_gain=481.819 108.939 64.5616 54.0514 48.5687 30.1978 38.009 32.8525 31.6953 30.3262 27.4394 27.3369 29.829 26.7318 26.5409 30.9675 29.2702 26.49 26.2157 25.8763 29.5833 25.3572 24.8997 24.5404 25.7692 21.8861 21.41 28.0036 21.9131 21.2975 21.2701 20.0645 20.5536 18.996 18.4558 21.4967 18.3671 18.2205 18.1837 24.0116 18.0329 17.9185 21.3922 17.5961 17.5624 16.8343 16.8033 16.6268 16.5777 17.2744 16.568 16.1624 16.5578 16.0745 16.0691 16.0491 15.5082 15.2027 15.1917 14.6625 20.8585 14.5805
threshold=0.26083885133266455 1.2592110037803652 0.010669274255633356 -0.31866346299648279 0.24994840472936633 -0.076426096260547624 0.79479312896728527 0.012098331004381182 0.82500001788139354 0.068584214895963683 0.0098244817927479761 0.15250000357627871 -39.358087539672844 -0.32927753031253809 57.275590896606452 1.0310683250427248 4917.5000000000009 0.10669767111539842 0.72750002145767223 -21.098176002502438 1.080034136772156 354.50000000000006 8.020484924316408 0.32340365648269659 0.26429677009582525 0.11345345526933671 14.227865695953371 -486.49999999999994 -7.6505184173583975 0.83537986874580394 -0.13984895497560498 -0.87142586708068837 -306.49999999999994 -67.355972290039048 -91.499999999999986 -0.19156140089035031 1.0000000180025095e-35 0.024168322794139389 -0.90722548961639393 1.0025864243507387 0.015153669752180578 -48.424360275268548 0.086366698145866408 21.833013534545902 0.1475000008940697 0.67499998211860668 0.27353890240192419 17.007421493530277 -0.0014526599552482364 4.292229652404786 -216.49999999999997 0.012013954576104881 0.57357141375541698 45.591466903686531 0.46750000119209295 -0.25249098241329188 0.029432321898639206 0.98320561647415172 136.50000000000003 1.7580993771553042 0.50567668676376354 -821.49999999999989
decision_type=2 2 2 2 2 2 2 2 2 2 2 2 2 2 2 2 2 2 2 2 2 2 2 2 2 2 2 2 2 2 2 2 2 2 2 2 2 2 2 2 2 2 2 2 2 2 2 2 2 2 2 2 2 2 2 2 2 2 2 2 2 2
left_child=2 3 11 56 5 8 7 13 9 -5 34 26 55 -7 15 16 -9 -6 37 -12 -21 25 44 45 46 -3 28 29 50 41 -29 32 -11 -33 35 -4 -8 53 39 40 -27 43 -43 -28 -10 57 -25 -26 -17 -50 -1 52 -19 -14 -16 -13 -2 -15 -36 60 -59 -40
right_child=1 21 10 4 17 6 36 14 22 31 19 12 18 23 54 48 -18 51 -20 20 -22 -23 -24 24 47 38 27 30 -30 -31 -32 33 -34 -35 58 -37 -38 -39 61 -41 -42 42 -44 -45 -46 -47 -48 -49 49 -51 -52 -53 -54 -55 -56 -57 -58 59 -60 -61 -62 -63
leaf_value=0.019833790411659058 -0.026757707067298787 -9.5326300807441918e-05 -0.011946543704580748 0.0018288793040260719 -0.017773186036205788 -0.011449606404655416 -0.0043610788347870711 -0.012606876638493733 0.014759905992207521 0.01004680900780631 0.014103065442133644 0.032208285269990936 -0.001905052068892083 0.010125542891952746 -0.0069010458434756051 -0.020707924379896971 0.0092423297629828059 0.012533913156591575 0.012009203482278966 -0.0039505061034686749 0.0066862476763659496 0.0027638673596298139 0.022117444311464455 0.037738537778895437 0.023822903464974274 -0.0039273291387043269 0.0010543511055024055 -0.0012994512404213502 0.025882160607433188 0.024721502781203854 0.019543100749618354 0.0032515205094780222 -0.01326892009331173 -0.014699860793061919 0.024089661015626162 0.0076791695377680875 -0.02219079463252896 -0.0070190720738286718 -0.008168337402183359 0.0098382348011464092 -0.026455345184390706 0.0040192206352068485 -0.017081697406529671 0.023459928520130492 -0.0054724814172676167 0.013497118046443034 0.014710715906943209 0.0045934333387319393 0.00063816040681541157 -0.013978640211576781 -0.00017482122539856355 -0.011771082295299634 -0.0096879843846918549 0.015625459623649397 0.012945136371225689 0.01095019491085256 -0.011785191005346507 0.00080936826801075842 0.0083557065784903694 0.0069775793721234096 -0.023352130317190231 -0.021777823462159316
leaf_weight=88.321918591856956 88.794684931635857 67.61033296585083 56.688885405659676 231.07630912959576 276.45177394151688 65.744767054915428 148.68014678359032 76.228103533387184 50.748913392424583 76.803400114178658 125.10117617249489 58.038417831063271 102.02548786997795 79.068811759352684 48.733435735106468 96.553871557116508 199.86623694002628 73.133963212370872 260.34063057601452 691.75641983747482 356.65559941530228 65.933207258582115 54.387761384248734 55.342716783285141 51.163289338350296 60.888012796640396 63.372931689023972 49.915110439062119 244.32728250324726 47.551408231258392 376.10567055642605 58.742816552519798 61.096221998333931 547.70592305064201 105.52716824412346 440.87207838892937 79.966170623898506 186.89229199290276 80.728194326162338 44.400707855820656 67.352825284004211 149.24262341856956 60.880058482289314 62.814400359988213 161.466492369771 100.90800602734089 58.839294031262398 193.59625793993473 151.86030584573746 139.71805475652218 64.406715169548988 129.57802078127861 51.377762392163277 87.403307572007179 148.925791233778 71.14209146797657 208.35129955410957 64.629331573843956 115.87611870467663 57.804877161979675 64.002586245536804 578.90750278532505
leaf_count=406 415 303 230 993 1278 269 645 317 207 319 510 261 431 322 202 407 821 305 1126 2811 1456 307 223 226 207 294 278 219 1116 213 1715 244 254 2358 440 1812 351 790 395 229 337 650 261 284 667 411 240 788 630 583 294 594 219 373 625 316 972 262 477 235 263 2975
internal_value=6.74665e-05 -0.00616253 0.00799293 -0.00395487 -0.00295432 -0.00152894 0.00086755 0.00245334 -0.00515954 -0.00766501 0.00403431 0.0117904 0.00735708 0.00686782 -0.00159859 -0.0044704 0.00320989 -0.0113465 0.00469013 0.00120681 -0.000332026 -0.0151945 0.00400725 0.00852807 0.0141033 -0.0165102 0.0146035 0.0118058 0.02031 0.00592892 0.0171011 -0.0106123 -0.00028319 -0.012961 0.00864944 0.00544314 -0.0105968 -0.000373238 -0.0178437 -0.00917592 -0.0157592 0.00327181 -0.00209447 0.0122076 -0.000634135 0.00306657 0.025872 0.00861306 -0.0099337 -0.00636589 0.011396 -0.00435423 0.0033644 0.00618361 0.008052 0.0205011 -0.0162594 -0.000897665 0.015855 -0.00557266 -0.0112125 -0.0201123
internal_weight=8782.43 4917.17 3865.26 3951.35 3654.2 3123.66 1881.63 1652.99 1242.03 975.425 1892.48 1972.78 765.842 791.1 861.886 664.227 276.094 530.542 636.662 1173.51 1048.41 965.821 266.603 725.355 358.942 899.888 1206.94 809.882 397.056 383.861 426.021 744.348 137.9 606.449 718.964 497.561 228.646 376.321 832.277 172.642 128.241 336.31 210.123 126.187 212.215 366.414 114.182 244.76 388.132 291.578 152.729 254.09 124.512 189.429 197.659 129.181 297.146 265.506 221.403 186.437 128.632 659.636
internal_count=38161 21692 16469 16852 15465 13069 7804 6808 5265 4168 7736 8733 3297 3223 3585 2758 1138 2396 2720 4777 4267 4840 1097 2954 1461 4533 5436 3620 1816 1686 1934 3175 573 2602 2959 2042 996 1594 4230 860 631 1473 911 562 874 1493 466 995 1620 1213 700 1118 524 804 827 577 1387 1082 917 760 525 3370
is_linear=0
shrinkage=0.03


Tree=39
num_leaves=63
num_cat=0
split_feature=83 83 10 52 17 18 77 58 66 53 63 52 65 59 69 69 13 53 14 70 65 25 80 66 31 70 70 17 42 63 70 63 63 31 58 90 63 54 60 42 83 18 70 32 56 42 4 65 80 31 0 31 54 26 51 58 77 18 64 78 42 25
split_gain=470.323 120.736 67.242 65.638 47.0162 45.0602 33.5136 33.1569 31.3011 30.9994 30.4636 28.049 30.8632 26.0793 23.7095 26.3932 24.0394 23.583 25.2833 27.5558 23.3416 23.215 33.5076 23.0799 30.5972 31.767 33.7169 30.2294 23.0316 29.3352 25.8514 23.6732 27.2781 26.151 22.9735 22.6978 21.8838 20.3572 18.7109 18.6892 26.2087 19.7474 17.9123 19.9749 17.1055 17.0159 16.909 16.8156 16.5076 16.3111 16.2495 16.2383 16.0661 27.9098 16.0388 15.961 15.4817 21.9366 15.8984 15.3246 15.3053 15.1697
threshold=0.29574047029018408 1.2923802733421328 0.064712785184383406 -0.262771725654602 73.286895751953139 68.635105133056655 -0.17535937577486035 -0.72408130764961232 525.50000000000011 0.88334387540817272 0.95037782192230236 0.079650834202766432 -821.49999999999989 -0.32273253798484797 16151.500000000002 14968.500000000002 0.0086776139214634913 1.2330297827720644 0.0152983320876956 6343.5000000000009 354.50000000000006 48.744308471679695 14.689742565155031 632.50000000000011 0.24750000238418582 6045.5000000000009 12928.500000000002 85.511924743652358 9.840675354003908 -0.15858851373195645 12433.500000000002 0.37258200347423559 0.51316559314727794 0.087500002235174193 0.90132808685302745 -0.22467506676912305 -0.75039777159690846 0.52287176251411449 6.6359636783599862 13.593772411346437 0.047450134530663497 50.994918823242195 11527.500000000002 0.27250000834465032 8.5384731292724627 3.9690339565277104 0.00018303379329154271 306.50000000000006 14.227865695953371 0.97750002145767223 22.500000000000004 0.21249999850988391 -1.8274565935134885 1.808242976665497 0.045473011210560806 -0.50217330455780018 -0.1530719920992851 19.118350982666019 -0.90164175629615773 0.091929476708173766 36.168758392333991 76.680488586425795
decision_type=2 2 2 2 2 2 2 2 2 2 2 2 2 2 2 2 2 2 2 2 2 2 2 2 2 2 2 2 2 2 2 2 2 2 2 2 2 2 2 2 2 2 2 2 2 2 2 2 2 2 2 2 2 2 2 2 2 2 2 2 2 2
left_child=2 3 6 -2 5 7 -1 -5 10 21 28 -6 -13 52 15 16 44 18 19 45 49 22 -4 24 25 -11 -27 47 29 48 31 33 -33 46 61 -35 -16 -18 -24 40 -23 -41 43 -21 60 -14 -30 55 -8 56 -50 -12 -9 -54 -55 -26 -3 -58 -59 -7 -15 -32
right_child=1 20 9 4 11 59 8 13 -10 23 51 12 17 14 36 -17 37 -19 -20 42 -22 39 38 -25 27 26 -28 -29 30 -31 34 32 -34 35 -36 -37 -38 -39 -40 41 -42 -43 -44 -45 -46 -47 -48 -49 50 -51 -52 -53 53 54 -56 -57 57 58 -60 -61 -62 -63
leaf_value=-0.0020545575654666338 -0.01429440467678899 -0.022101651878611902 0.019594801291109982 0.016279243467147854 0.0061941130220866973 0.014362557387134493 0.024445675340502106 0.017478425937462128 0.030241646772966063 0.00088214533684821087 0.032326258500719032 0.009317808006493556 -0.0065633914927223013 0.023567710084712947 0.0046280264382527071 0.018579200140137354 -0.0025581746906407389 -0.0016238560502250872 -0.022305199391881241 -0.0071759839119314118 0.0017097101693865553 0.00085599985226666108 0.0069934783875054462 0.020595958536257002 0.022382920416987816 0.024596742916019074 -0.00035087787096394206 -0.015995286743936018 0.022048501537572342 0.02742459202374212 0.015259946784041847 -0.022405537705983469 0.0028298053182826627 0.013954938714483944 -0.0016051009584319967 -0.0051087154543392162 -0.015056936745056907 -0.012684632859948492 -0.006221785448313347 0.0056645151884192457 -0.029015248555724214 -0.0082065467699294833 -0.009781934234150573 0.018776469401258745 -0.0081053279659641531 -0.026049807454708029 0.0043182544482178427 -0.011635479347734757 0.012354506844423243 -0.024290860768490762 -0.0075270956585696469 0.011193438869533313 0.018721631350718828 0.0074375049068724566 -0.013941386754021132 0.0045653742534017185 0.0060981944485944259 -0.0022635564064997986 -0.017277055852147123 -0.0042210874162251222 0.0039415644719982745 0.032376649715860246
leaf_weight=138.80609066784382 483.7221032679081 189.45091995596886 106.70633144676685 88.91537994146347 116.37008067965508 234.79792067408562 54.629587799310684 79.072414174675941 92.623550921678543 133.3291093558073 97.536181315779686 72.86380372941494 62.769277319312096 58.394899368286133 63.186411172151566 53.233643874526024 760.62532229721546 187.84678341448307 209.07359807193279 53.6237673163414 62.118385925889015 47.923907831311226 199.37612430751324 105.70195008814335 48.214505314826965 208.33074861764908 63.653440549969673 69.860676452517509 156.31073993444443 150.18142102658749 150.46643036603928 48.773968413472176 183.93391314148903 91.905774608254433 52.149466976523399 144.72405344247818 259.85198800265789 233.51981699466705 186.73446953296661 181.95512045919895 58.955135062336922 187.61387667059898 179.12903025746346 53.143675714731216 54.190028950572014 112.81892755627632 70.128521278500557 54.074901893734932 105.51189704239368 224.42195476591587 56.977585360407829 49.246792942285538 58.684463649988174 50.085275247693062 85.489883691072464 735.64874692261219 53.776073813438416 79.119567438960075 321.11986991763115 48.121435895562172 92.264661476016045 67.505873486399651
leaf_count=583 2239 989 449 367 484 966 249 327 421 558 470 302 274 239 265 224 3179 817 978 231 290 202 821 455 200 882 265 290 714 691 664 213 801 395 231 613 1083 983 769 747 240 769 786 233 222 492 310 225 461 1228 248 215 245 206 360 3022 247 376 1580 201 380 299
internal_value=0.000117793 -0.00637899 0.00753741 -0.0039804 -0.00245378 1.78707e-05 0.012076 -0.00161521 0.0133233 0.00428482 0.0122644 -0.00769234 -0.00942757 -0.00247591 -0.00396019 -0.00209084 -0.00300856 -0.0110187 -0.0136506 -0.00972962 -0.0160553 0.000149444 0.00471453 0.00710991 0.00602432 0.0128778 0.0187582 0.00296438 0.0108363 0.0172306 0.00840476 0.00534672 -0.00245935 0.00926954 0.0162816 0.00229551 -0.0112066 -0.00493683 0.000602187 -0.00457248 -0.0156212 -0.00137721 -0.00398459 0.00574189 0.00634941 -0.0190838 0.0165574 0.00454509 0.0101793 -0.0173268 0.00538294 0.025236 0.00607829 0.00143793 -0.00604342 0.00566131 -0.014898 -0.011892 -0.0143092 0.0112017 0.0115486 0.020561
internal_weight=8781.29 4681.8 4099.49 3751.79 3268.07 2220.43 1711.41 1937.51 1572.61 2388.08 1479.98 1047.64 931.269 1848.6 1575.27 1252.23 1198.99 858.405 670.558 461.485 930.007 969.265 492.817 1418.81 1313.11 405.313 271.984 907.799 1333.2 367.3 965.899 695.777 232.708 463.069 270.122 236.63 323.038 994.145 386.111 476.448 106.879 369.569 285.896 106.767 204.85 175.588 226.439 837.938 217.119 867.888 162.489 146.783 273.332 194.26 135.575 783.863 643.466 454.016 400.239 282.919 150.66 217.972
internal_count=38265 20793 17472 16083 13844 9247 7578 8080 6995 9894 6574 4597 4113 7713 6575 5227 5003 3811 2994 2016 4710 3997 2039 5897 5442 1705 1147 3737 5889 1649 4240 3046 1014 2032 1194 1008 1348 4162 1590 1958 442 1516 1250 464 841 766 1024 3447 958 4420 709 685 1138 811 566 3222 3192 2203 1956 1167 619 963
is_linear=0
shrinkage=0.03


Tree=40
num_leaves=63
num_cat=0
split_feature=83 83 52 5 64 29 5 5 64 83 12 52 56 54 80 3 18 58 31 29 69 4 66 38 56 25 64 38 82 81 56 26 57 64 31 29 50 78 78 12 32 29 26 80 70 41 74 43 43 54 41 66 56 90 32 12 66 66 53 56 17 3
split_gain=434.444 100.139 79.492 82.7486 44.5854 39.9436 37.4863 39.0436 32.3852 28.6288 28.0918 25.6061 25.5721 25.5715 25.7012 25.5512 27.5667 25.0428 23.7801 23.368 22.8476 22.7316 21.729 25.7615 21.6601 21.3136 21.1399 21.0502 20.4124 20.2265 20.083 19.5981 19.2067 18.1087 17.9464 19.5662 18.3891 17.8655 19.6514 17.6937 17.9253 17.6787 17.6441 19.1048 17.3349 17.2227 17.097 16.9182 16.5581 16.4596 18.4022 22.2244 30.227 22.0094 16.2236 28.2677 16.8419 18.4509 16.1913 16.2556 15.9447 19.4709
threshold=0.39416263997554785 0.010669274255633356 -0.262771725654602 0.00093856040621176373 0.90352019667625438 -1.1352217197418211 0.00070856171078048657 -0.00030169186356943095 0.87985393404960643 0.99743705987930309 0.0085922912694513815 0.26722157001495367 6.6625571250915536 -0.26842699944972986 18.227205276489261 0.00025782981538213795 43.142608642578132 -0.2309605851769447 0.017499999608844522 -0.81751790642738331 17697.500000000004 -0.00039183367334771896 330.50000000000006 -1.0000000180025095e-35 11.366666316986086 28.759186744689945 -0.98518189787864674 -0.1967329531908035 60.439676284790046 -0.3483040183782577 12.800847530364992 1.8258438706398012 24.781816482543949 -0.90722548961639393 0.14249999821186068 0.42742489278316503 0.99697008728981029 0.023890205658972267 0.081509064882993712 0.012158456258475782 0.43750000000000006 -0.61663898825645436 1.2480123043060305 20.914029121398929 29913.500000000004 -34.949975967407219 -0.42019042372703547 2.2082115411758427 -16.959464073181149 0.90576696395874035 -38.767377853393548 530.50000000000011 6.5372276306152353 0.53307643532753002 0.24750000238418582 0.010746670886874201 430.50000000000006 150.50000000000003 0.56859487295150768 7.6236054897308358 82.315212249755874 0.0001057209010468796
decision_type=2 2 2 2 2 2 2 2 2 2 2 2 2 2 2 2 2 2 2 2 2 2 2 2 2 2 2 2 2 2 2 2 2 2 2 2 2 2 2 2 2 2 2 2 2 2 2 2 2 2 2 2 2 2 2 2 2 2 2 2 2 2
left_child=1 11 19 4 5 -4 7 15 10 60 20 18 -6 17 -15 16 29 31 -1 -2 25 -9 23 27 26 -7 -20 45 48 -3 -14 -12 -11 -34 35 54 -36 -16 -39 40 47 -31 -21 -44 -43 -23 -8 -19 -25 50 -38 52 -52 -54 55 56 57 -28 -27 -60 61 -5
right_child=2 6 3 9 12 8 46 21 -10 32 13 -13 30 14 37 -17 -18 39 24 42 -22 22 -24 28 -26 58 34 -29 -30 41 -32 -33 33 -35 36 -37 49 38 -40 -41 -42 44 43 -45 -46 -47 -48 -49 -50 -51 51 -53 53 -55 -56 -57 -58 -59 59 -61 -62 -63
leaf_value=0.019569607645450186 -0.021942512563343355 0.0086730079245115332 -0.02325846862231765 -0.011331696900247018 0.027827047169145906 0.021646667779414784 -0.019457400840877225 -0.0019908235442085637 -0.027062254906110812 -0.00594783612905772 0.02341793291644495 -0.0079738477895987658 -0.00046641452819798119 0.0038564148508792363 -0.015365958360946393 -0.01325936526077201 0.015996266722645345 0.0045120623647824168 0.026639193268176858 -0.00065994278412379102 -0.012115221148708116 0.016493189446451936 0.01669511803180717 0.016770172014741805 0.022563918567141988 -0.011681921579834364 0.014511800382577414 0.025105470255048366 -0.011560570079462554 -0.0151832891349073 0.017605972844441167 -0.00090771904331795402 -0.0086147964387714732 -0.025224099705588206 0.022440705727636654 -0.0051089090870223633 0.01354471404714659 0.0029015099027996523 -0.017054218254569379 -0.0065550499870646152 0.015807940604619691 0.00082095987728918358 -0.00056497359114629497 -0.022702139118919246 -0.017443175214076113 0.002807665859410168 -0.0030065187122413177 -0.015394562832785631 0.00031907696983237473 0.019792668496354859 -0.014174621584593199 0.011116720028035825 0.012203586472891785 -0.010300178080607292 0.020973230304749284 -0.00027797602644142721 0.0019685192437500845 0.033725339711025468 0.01143097950114577 -0.0056522748569059807 -0.012422438288462836 0.0084721039570754171
leaf_weight=303.99325612187386 366.90452137589455 173.16228646039963 94.888842970132828 85.63921694457531 47.762949004769325 71.086905971169472 66.302649214863777 189.31080436706543 50.532634109258652 85.952780768275261 61.191494315862656 60.341199278831482 216.92680852115154 117.15954145789146 377.95468808710575 120.85016016662121 103.53536324203014 119.20185308158398 61.521850913763046 104.37476560473442 67.357775524258614 140.77871568500996 267.00204366445541 76.837686434388161 122.1433432251215 52.923221707344055 272.87809340655804 85.332975909113884 89.236920639872551 90.309860378503799 74.292757958173752 58.118180587887764 74.730706468224525 282.06282736361027 49.592511758208275 57.886371865868568 98.706916764378548 125.34543406963348 68.783221915364265 489.53025367856026 72.662645474076271 504.41672006249428 49.318044185638428 121.59087714552879 51.549348592758179 200.81137879192829 399.10957504808903 56.701019704341888 194.31143213808537 50.412111967802048 156.94704742729664 106.12847962975502 108.51395444571972 61.160665348172188 175.20513647794724 157.14289674162865 75.626014441251755 53.861374378204346 177.33240588009357 69.887508541345596 284.99259087443352 93.42725695669651
leaf_count=1417 1905 708 474 381 198 294 277 772 215 425 257 256 907 489 1643 493 421 493 287 479 279 580 1105 318 554 219 1243 350 362 376 311 244 390 1502 211 247 441 539 297 2080 302 2065 222 564 211 819 1656 237 792 217 651 461 472 260 800 682 340 259 737 290 1313 400
internal_value=-5.96737e-05 0.0061075 -0.00731074 -0.00547063 -0.00262478 -0.00423258 0.00241097 0.00399007 -0.00334577 -0.0132212 -0.00274208 0.0112676 0.00748098 -0.00464245 -0.00894485 -0.000288036 0.00141037 -0.00118388 0.0118749 -0.0169856 0.00395942 0.00758086 0.00929954 0.00679146 0.01042 0.00687609 0.00942153 0.0117774 0.000885028 -0.000432542 0.00414402 0.0115684 -0.0186784 -0.0217453 0.0086777 0.0116837 0.0049046 -0.0115665 -0.00416916 -0.00324523 0.0032732 -0.00287227 -0.0103788 -0.0163142 -0.000872496 0.00844785 -0.00535011 -0.00190469 0.00498095 0.00341 0.001856 -0.0008101 -0.00468546 0.00409191 0.0130068 0.0105121 0.0147262 0.0176791 0.00337777 0.00660165 -0.00801453 -0.000999139
internal_weight=8743.55 4724.92 4018.63 3376.45 2469.64 2130.66 2752.86 2287.45 2035.77 906.805 1985.24 1972.06 338.983 1546.65 689.243 1043.82 922.974 857.405 1911.72 642.188 438.588 1243.62 1054.31 787.309 1607.73 371.23 1485.58 426.923 360.386 819.438 291.22 119.31 442.746 356.794 1424.06 792.6 631.462 572.083 194.129 738.096 248.566 646.276 275.284 170.909 555.966 341.59 465.412 175.903 271.149 581.869 531.457 432.75 326.622 169.675 734.714 559.508 402.365 326.739 300.143 247.22 464.059 179.066
internal_count=38189 20103 18086 14916 10505 9089 11305 9372 8615 4411 8400 8798 1416 6581 2968 4274 3781 3613 8542 3170 1819 5098 4326 3221 7125 1540 6571 1749 1472 3360 1218 501 2317 1892 6284 3571 2713 2479 836 3112 1032 2652 1265 786 2276 1399 1933 730 1110 2502 2285 1844 1383 732 3324 2524 1842 1502 1246 1027 2094 781
is_linear=0
shrinkage=0.03


Tree=41
num_leaves=63
num_cat=0
split_feature=83 83 83 5 52 31 41 56 53 63 53 31 52 63 14 64 52 18 3 29 53 30 59 69 61 5 28 59 64 29 64 64 29 5 5 27 52 73 64 65 18 33 27 65 5 40 29 27 13 26 63 56 70 29 3 63 14 18 7 17 3 56
split_gain=409.477 98.2702 60.3958 43.7027 53.7769 28.1889 34.2552 31.1351 27.686 26.9151 24.9615 24.7943 24.7282 24.3719 22.3361 23.2766 21.574 27.4095 37.2057 21.2411 23.2026 20.9702 20.8343 21.072 20.7955 20.4186 21.756 22.2826 20.3883 20.0124 19.6814 19.4606 22.9307 30.1645 18.6748 20.1988 21.1817 18.6683 23.4855 18.3771 18.1507 17.8042 17.7389 17.5991 17.4049 20.6517 17.3032 17.1915 17.1076 16.7908 16.0512 15.9484 15.8846 15.5781 15.3946 15.2875 25.8143 16.5229 21.4957 15.1568 15.0186 14.8161
threshold=0.26083885133266455 1.2145466208457949 0.003450799267739058 -0.0011086861486546693 0.19445858150720599 0.15250000357627871 -39.358087539672844 6.5372276306152353 1.1297181248664858 0.95305636525154125 1.1297181248664858 0.97750002145767223 0.28264832496643072 -0.99280729889869679 0.0152983320876956 0.093673683702945723 -0.088492546230554567 12.185115337371828 -0.00068640513927675773 -0.33884800970554346 1.2490210533142092 0.22500000149011615 0.25305710732936865 4766.5000000000009 -4.5478260517120352 -0.00037611019797623152 -0.90090999007225026 1.5936498045921328 0.96648588776588451 0.28540015220642095 -0.7238691747188567 0.95943480730056774 -0.84491083025932301 0.00051121594151481997 -0.00031217074138112361 -0.67920196056365956 0.079650834202766432 0.71390753984451305 0.46754305064678198 231.50000000000003 4.5544598102569589 1141.392517089844 1.2458739876747134 196.50000000000003 0.00076694160816259693 18.048095703125004 0.87796708941459667 0.25668896734714514 0.023045204579830173 0.92303147912025463 0.054514370858669288 5.2684054374694833 6571.5000000000009 0.44340717792510992 0.00011570330752874726 0.33586180210113531 0.012145375367254021 76.893573760986342 -0.00016548448911635202 26.45436000823975 0.00049422791926190268 8.6113471984863299
decision_type=2 2 2 2 2 2 2 2 2 2 2 2 2 2 2 2 2 2 2 2 2 2 2 2 2 2 2 2 2 2 2 2 2 2 2 2 2 2 2 2 2 2 2 2 2 2 2 2 2 2 2 2 2 2 2 2 2 2 2 2 2 2
left_child=2 3 5 21 13 9 -7 48 14 29 12 24 25 -5 15 -6 19 -18 -19 20 40 30 23 -20 -3 37 -27 44 -12 39 -2 32 -26 -34 54 36 -36 38 -4 43 -15 47 -35 -1 45 -28 55 -32 -8 -21 -10 -17 -53 -52 -24 57 -57 58 -37 -9 -61 -23
right_child=1 11 10 4 8 6 7 59 50 -11 28 -13 -14 16 -16 51 17 18 22 49 -22 61 34 -25 31 26 27 -29 -30 -31 41 -33 33 42 35 46 -38 -39 -40 -41 -42 -43 -44 -45 -46 -47 -48 -49 -50 -51 53 52 -54 -55 -56 56 -58 -59 -60 60 -62 -63
leaf_value=0.014521417762249701 0.0067325921724878139 0.0077725028698391709 0.005126294610038792 -0.01546949786264349 -0.016817687349708205 0.020586599863740392 -0.0085801719864373703 -0.0048969122013656817 0.0062266839380659177 0.030898042396133057 0.0070459146803606952 -0.02203715259689382 -0.015089092426257238 0.0068346115537776418 -0.023065269578827628 0.013307535690862743 0.021866537611816318 -0.015957629111043592 0.019835002533256069 -0.011572378928183177 0.004801305811829572 -0.02114617460348029 -0.0013906838165329428 0.0048085066215714364 -0.022708929591087262 0.01631150393061194 0.0043027904977036811 -0.01578262980052865 0.024686813208943247 0.0033358868977628985 -0.015727997792785432 0.0010838454901780231 -0.0012337040722602553 -0.020578915468013329 0.0028861424779552626 0.020064998834037753 -0.015039555303920179 -0.013477747497503616 -0.011784949127917501 0.031876440194984791 -0.012426912616258856 -0.024409035605824594 0.001295027063350678 -0.0034829091735527626 -0.0048710780429720097 0.01888997432031151 -0.011081500315746548 0.0049530189142474338 0.010967349379677754 0.0064693318900192354 0.0055534209074834338 -0.019715306113158405 0.0015047535818348559 -0.016058767335579847 -0.023781702007908374 0.0098304332123248638 -0.010959338699317171 0.024589121520317812 -0.001674500294952086 0.015329122439041241 -0.0010655868997550904 -0.0083246050972706556
leaf_weight=826.73271854221821 90.062331080436707 48.208710819482803 284.37132461369038 88.243803381919861 179.37120255827904 127.95574000477791 199.19042477011681 57.884735286235809 131.47941400110722 78.732286110520363 371.4005781263113 258.72921320796013 74.737858802080154 49.961353451013565 146.34745335578918 47.765231519937515 64.468387112021446 98.17788103222847 107.77841578423977 57.148439332842827 120.26151064038277 199.04517391324043 64.348203793168068 380.55418135225773 202.10350273549557 135.81518352031708 503.56592880189419 51.39565409719944 70.090753957629204 171.84020060300827 67.100474327802658 83.075445592403412 183.80654692649841 214.9499079734087 132.98676142096519 70.171661257743835 107.1093113720417 106.22843867540359 99.861864075064659 51.614339366555214 370.92347398400307 56.582317173480988 39.49825544655323 51.932232394814491 140.77071349322796 105.67993997037411 51.485785320401192 78.492272824048996 50.513332769274712 247.43619149923325 45.940264403820038 52.604682773351669 80.078566655516624 86.597775056958199 48.437415793538094 136.28426007926464 88.763096675276756 71.578710541129112 98.249690815806389 237.84455679357052 63.771424263715744 136.90386846661568
leaf_count=3797 388 234 1155 367 808 581 834 247 568 390 1518 1423 309 214 698 204 263 412 442 235 502 943 264 1563 1057 565 2061 209 301 747 303 378 835 1111 546 285 450 432 406 239 1582 252 205 230 576 436 225 351 208 1018 196 227 342 391 201 554 368 294 402 1054 274 629
internal_value=2.26304e-06 -0.00577084 0.0073019 -0.00356996 -0.00215969 0.0110788 0.00647569 0.00351187 -0.00907572 0.0139523 0.00357533 -0.0140003 0.00173251 1.05647e-05 -0.0131837 -0.00916456 0.000587888 0.0027244 0.00187679 -0.00325299 -0.00681988 -0.010809 0.00316639 0.00812496 -0.0113056 0.0026131 0.00520847 0.00332684 0.00984657 0.0127418 -0.00493212 -0.0125769 -0.0143492 -0.010494 0.000381258 0.0020788 -0.00511069 -0.00234639 0.000731077 0.0144792 -0.0101405 -0.0101284 -0.0171834 0.0134573 0.00463633 0.00683309 0.00542064 -0.0045784 -0.00462584 0.00308421 -0.0012001 -0.00155713 -0.00690832 -0.00856756 -0.0110068 0.00724761 0.00163054 0.0125147 0.00738312 0.0091642 0.0118627 -0.0159212
internal_weight=8745.04 4883.11 3861.93 3852.74 3224.55 1918.01 737.16 609.204 770.185 1180.85 1943.92 1030.37 1502.43 2454.37 506.167 359.82 2366.12 1520.39 1455.93 845.731 541.146 628.186 1357.75 488.333 771.642 1427.69 937.227 801.412 441.491 1102.12 292.237 723.434 640.358 438.255 869.415 756.629 240.096 490.462 384.233 930.279 420.885 202.175 254.448 878.665 750.017 609.246 516.533 145.593 249.704 304.585 264.017 180.448 132.683 132.538 112.786 465.047 225.047 240 168.421 359.501 301.616 335.949
internal_count=38299 21730 16569 16487 13621 8601 3198 2617 3434 5403 7968 5243 6149 10187 2279 1581 9820 6269 6006 3551 2298 2866 5594 2005 3820 5840 3847 3282 1819 5013 1294 3586 3208 2151 3589 3124 996 1993 1561 4266 1796 906 1316 4027 3073 2497 2128 654 1042 1253 1155 773 569 587 465 1903 922 981 687 1575 1328 1572
is_linear=0
shrinkage=0.03


Tree=42
num_leaves=63
num_cat=0
split_feature=83 83 29 52 61 29 17 53 77 41 10 54 13 70 69 13 10 44 43 28 13 43 31 42 69 44 56 42 31 69 53 32 41 66 63 9 77 28 57 44 63 46 41 56 68 44 26 70 83 17 70 61 11 43 54 90 78 70 52 44 69 54
split_gain=365.996 101.507 62.5617 69.6018 41.3426 32.6916 36.6933 31.0513 30.2594 27.8253 27.3658 25.7518 28.5359 26.4535 26.045 25.128 27.3201 22.319 22.1424 21.3489 20.2158 23.7085 20.3334 19.7993 19.6664 19.3366 24.6985 22.7179 19.2691 23.4672 21.1379 19.9084 19.4876 18.9731 34.6129 19.2482 19.2738 18.4611 18.3656 17.9146 17.5067 18.4407 17.3178 17.0836 16.9412 16.3164 15.9004 23.5494 16.7548 19.8054 15.5899 15.4979 15.3019 18.6572 15.2058 15.1726 15.1614 15.1227 17.909 14.7546 14.4073 14.3135
threshold=0.4908346831798554 0.089150417596101775 -1.0759288668632505 0.24994840472936633 -4.3071341514587393 0.33600695431232458 17.389852523803714 1.4227036237716677 -0.25847736001014704 -19.838800430297848 0.11768952012062074 -0.26842699944972986 0.029004691168665889 1543.5000000000002 17697.500000000004 0.016832492314279083 0.21146889030933383 -1.5564087033271787 37.014207839965827 -1.5080822110176084 0.014798962976783516 12.984902381896974 0.73250001668930065 6.5538733005523691 2997.5000000000005 -11.42568778991699 6.4645137786865243 -12.096460819244383 0.15749999880790713 4061.5000000000005 0.75327178835868847 0.21750000119209292 -15.150030612945555 220.50000000000003 0.32350382208824163 -0.0014845473342575131 -0.12456554174423216 0.096801485866308226 26.919284820556644 4.5976903438568124 -0.38066601753234858 1.001329302787781 -43.486059188842766 4.9588692188262948 1.0000000180025095e-35 3.5512828826904301 1.5200750231742861 3822.5000000000005 0.88207319378852855 59.794981002807624 11621.500000000002 2.3524584770202641 0.63317707180976879 -0.56220829486846913 0.81626099348068248 1.0000000180025095e-35 -0.03697440214455127 17429.000000000004 0.079650834202766432 5.2337627410888681 7031.5000000000009 0.133606031537056
decision_type=2 2 2 2 2 2 2 2 2 2 2 2 2 2 2 2 2 2 2 2 2 2 2 2 2 2 2 2 2 2 2 2 2 2 2 2 2 2 2 2 2 2 2 2 2 2 2 2 2 2 2 2 2 2 2 2 2 2 2 2 2 2
left_child=1 5 61 4 -4 6 43 15 60 -8 -5 12 13 -10 19 17 38 25 46 -15 21 22 42 -24 -22 26 55 -27 29 31 -30 54 -32 34 -19 -35 -37 -36 -17 50 41 -7 59 -1 -34 56 47 -13 49 -48 -40 -50 53 -28 -11 -3 -16 58 -38 -21 -6 -2
right_child=2 7 3 10 8 40 9 -9 11 28 -12 18 -14 14 45 16 -18 33 -20 20 24 -23 23 -25 -26 27 52 -29 30 -31 32 -33 44 35 37 36 57 -39 39 -41 -42 -43 -44 -45 -46 -47 48 -49 51 -51 -52 -53 -54 -55 -56 -57 -58 -59 -60 -61 -62 -63
leaf_value=0.014272783435670497 -0.015896840000083796 0.0027557107469397628 0.018748471185000448 -0.0057209154935515824 -0.0088941828663914695 -0.016454025807363354 0.014673846740123132 0.011218150565608577 0.016535085000148809 -0.0099055342299118766 -0.019629082761990116 -0.023443981998604497 -0.018057467853044608 0.017964294043517175 -0.029934289580161432 0.0056766934105476159 0.011468275305188329 0.0047947875012521743 0.0059723447292783817 -9.6277684580397781e-05 0.0072574251828629553 -0.015324435027991683 0.0044711144413057229 0.026341685848183988 -0.01014734087552527 0.0090953554343422421 -0.006521120415370861 -0.0085235426301799935 -0.012321187194659368 0.017679660856486892 -0.0078654842449039728 0.020236552778432601 0.0031141277513706614 0.021044332675665803 -0.0032306045986035176 -0.007577988583954632 0.015712563603401179 -0.024480308408522795 -0.0039916954154387103 -0.02279127306997588 0.005746359254698445 0.0057560073492302875 -0.0071656306419205507 -0.0060329629210652677 0.018459015206570725 0.0042474098056651602 -0.014811379423420737 -0.0036582063996483303 -0.0092336970411540566 0.0056478084931968426 -0.020641415581513774 -0.028224913576316322 -0.014972874576884544 0.01668047385015849 0.011026460534630699 0.022786554515884828 -0.0092826586002710751 0.024241206371733499 -0.0035934842656424439 0.019000792382459851 -0.02546858482789861 -0.029037931075095783
leaf_weight=48.081633314490318 235.42479965090752 66.08042685687542 67.892018556594849 179.39224182069302 103.21426080167294 84.73255243897438 1131.5788533240557 225.15958854556084 82.518974810838699 85.753099322319031 438.67559333145618 60.84156545996666 82.866961717605591 62.842392385005951 47.683739975094795 65.746542260050774 67.710855692625046 502.9021929204464 98.246160909533501 84.927086025476456 76.719145730137825 52.145297005772591 77.275282442569733 71.932028248906136 245.09210565686226 77.027818754315376 80.12651689350605 454.48890267312527 69.246435329318047 257.03028859198093 72.856737345457077 47.879714593291283 151.90750570595264 95.130240425467491 95.698731541633606 75.301152497529984 83.528288558125496 59.780739784240723 223.22559458017349 94.907835379242897 235.35483552515507 55.803162887692451 121.82702779769897 166.12791123986244 112.86233493685722 47.099821835756302 126.61196680366993 491.50350680947304 62.398484155535698 64.165734201669693 65.455427646636963 101.71262107789516 68.610050618648529 51.076559647917747 49.128240555524826 70.176299333572388 97.237915739417076 51.448983266949654 89.665182739496231 63.738250702619553 86.97591894865036 109.19880554080009
leaf_count=202 1246 270 286 793 495 353 5107 925 352 380 2292 277 383 263 206 275 288 2064 414 353 333 225 337 310 1078 316 327 1869 289 1170 315 221 641 391 394 313 342 245 931 398 1006 230 516 702 480 201 545 2156 284 271 277 472 281 209 221 287 411 213 371 264 422 587
internal_value=-0.000335435 0.00466236 -0.00793578 -0.00658592 -0.00433905 0.00891766 0.0103191 0.000558693 -0.00498956 0.0115962 -0.0155923 -0.00400542 -0.00106437 0.000180655 -0.00110645 -0.000425718 -0.00629627 0.00115433 -0.00755612 0.00113231 -0.00020046 0.00375368 0.00612402 0.0150148 -0.00599808 -0.00240888 0.00322359 -0.0059702 0.00748295 0.0118361 0.00277761 0.00361784 0.00587434 0.00408886 0.000970096 0.00928621 0.005557 -0.011401 -0.00897323 -0.0114842 0.000743422 -0.00763499 0.00121975 -0.00147512 0.00965513 -0.0110923 -0.00902115 -0.00583764 -0.0139759 -0.00793018 -0.00776685 -0.0210041 -0.00349238 0.00251112 -0.00228141 0.0130722 -0.0160777 0.00995991 0.0057175 0.00809133 -0.0164738 -0.0200608
internal_weight=8671.75 5231.59 3440.16 3095.54 2477.47 2568.34 2192.45 2663.25 2409.58 1978.24 618.068 2219.39 1213.91 1131.04 1048.52 2438.09 517.046 1921.04 1005.48 856.499 793.656 471.845 419.7 149.207 321.811 867.587 336.07 531.517 846.664 439.791 406.873 182.761 337.627 1053.46 658.382 395.074 299.944 155.479 449.335 383.589 375.891 140.536 270.492 214.21 264.77 192.021 907.234 552.345 354.889 190.778 288.681 164.111 199.813 131.203 134.881 136.257 144.922 224.642 173.193 148.665 190.19 344.624
internal_count=38075 22303 15772 13939 10854 11317 9728 10986 10568 8824 3085 9651 5232 4849 4497 10061 2169 7892 4419 3679 3416 2005 1780 647 1411 3559 1374 2185 3717 1992 1725 822 1436 4333 2703 1630 1239 639 1881 1606 1589 583 1133 904 1121 818 4005 2433 1572 816 1208 756 817 536 601 557 617 926 713 617 917 1833
is_linear=0
shrinkage=0.03


Tree=43
num_leaves=63
num_cat=0
split_feature=83 31 83 52 58 63 52 65 42 63 56 25 17 47 17 44 64 29 39 16 12 44 64 41 44 40 64 52 52 69 10 7 77 65 43 64 50 7 29 23 44 59 63 17 43 13 63 43 56 81 69 42 39 29 17 12 10 10 39 29 77 27
split_gain=320.325 76.2528 71.9548 53.162 45.8146 39.9183 38.0188 36.8467 36.4966 33.6419 27.5912 30.8132 25.8655 30.7779 30.7093 26.5423 25.6039 25.3011 25.4371 24.2252 23.6296 30.0038 23.4637 22.6959 21.5566 25.0062 21.4587 22.799 26.6573 21.1828 20.3886 19.6164 20.1081 19.6066 21.3193 19.9138 23.8804 18.7716 18.422 27.2592 18.0819 22.0623 18.9058 21.3804 18.3608 18.047 17.507 17.4001 16.887 16.796 22.1383 25.6663 18.4742 16.6498 17.7604 16.3017 20.2636 16.3812 15.9827 15.9597 15.832 15.5249
threshold=0.42692916095256811 0.096249997615814223 1.326517701148987 -0.262771725654602 -0.72408130764961232 -0.99280729889869679 0.25422888994216924 348.50000000000006 -17.999180793762203 0.95037782192230236 9.6713781356811541 65.618251800537124 80.37952041625978 0.99838799238204967 25.082938194274906 8.8459568023681658 0.83508598804473888 0.87796708941459667 0.7528846561908723 77.160125732421889 0.010699172038584949 -13.248202323913572 0.65110388398170482 -48.424360275268548 3.3810821771621709 -29.044412612915036 0.67074871063232433 -0.22058115899562833 0.15387640148401263 2177.5000000000005 0.039544612169265754 0.001376532716676593 -0.08189069107174872 354.50000000000006 24.486953735351566 -0.90722548961639393 1.0024830102920534 -0.0020853413734585042 -0.68535742163658131 2.5000000000000004 -0.35685446858406061 0.49706906080245977 0.94190874695777904 39.319658279418952 -15.497875690460203 0.013351225294172766 -0.36852931976318354 -10.211113929748533 4.2187066078186044 0.23256301134824756 4155.5000000000009 45.173339843750007 0.44820904731750494 0.36625815927982336 37.341463088989265 0.014457452576607467 0.090166993439197554 0.064712785184383406 0.84391170740127575 1.1051425933837893 -0.074610054492950426 1.5231002569198611
decision_type=2 2 2 2 2 2 2 2 2 2 2 2 2 2 2 2 2 2 2 2 2 2 2 2 2 2 2 2 2 2 2 2 2 2 2 2 2 2 2 2 2 2 2 2 2 2 2 2 2 2 2 2 2 2 2 2 2 2 2 2 2 2
left_child=1 9 3 -2 -5 -6 8 12 60 10 11 26 14 -14 16 24 61 18 20 -20 21 -10 -8 -17 25 -16 27 -1 31 -25 -13 32 -29 34 35 36 47 -26 39 -23 42 44 43 -27 -42 -24 -43 -4 -45 50 52 -52 -32 54 -40 56 57 -39 -21 -37 -7 -3
right_child=2 7 33 4 5 6 22 -9 17 -11 -12 30 13 -15 15 23 -18 -19 19 58 -22 38 45 29 37 40 -28 28 -30 -31 49 -33 -34 -35 -36 59 -38 55 53 -41 41 46 -44 48 -46 -47 -48 -49 -50 -51 51 -53 -54 -55 -56 -57 -58 -59 -60 -61 -62 -63
leaf_value=-0.0085645008408431582 -0.01438860706474997 -0.00064213295166967146 0.0011707480917812439 0.019247119541370337 -0.025962985754818008 0.0012674212398327499 -0.015463800332815639 0.016826378724010931 -0.013875994025034231 0.032687038133262916 0.030376893077595054 0.014966547841072816 -0.017867973124818588 -8.866697208893846e-05 0.024527949576089177 0.031860481209379905 -0.01423754895930796 -0.013869272672514008 0.018061922411824239 -0.013499400842968242 -0.0058773602877429778 0.0073627656681239956 0.01492274728405572 0.025034963417981396 0.016881645600718247 -0.0064453334728917788 0.026768070425928308 0.0077316604995571227 -0.001130258926711169 0.0046930928925959974 0.0027826201021613948 -0.002089764549760158 0.022365044089267667 0.0025108783306726293 0.00096679351347838392 -0.017031389075770786 0.012593773917904814 0.0070058213298682887 0.0043052389769988163 -0.021863886616138223 0.0054990074356884317 0.015060316632051996 0.013219894646894766 -0.01130646132811677 0.027923063073821905 -0.011032709496514647 -0.0081462382691117694 -0.023409929490839174 0.00581316898952303 -0.018076208113436572 -0.00010987545781011881 0.027678613476325796 -0.022947601839376469 -0.0043155864864244395 0.021136513840140737 -0.0093888835120999707 0.013718690975052098 -0.010123792508015596 0.0054892088065520289 -0.029181092822526962 0.022494085505985941 0.016401143810274091
leaf_weight=49.378492265939713 415.99406987428665 681.26673448085785 40.579128623008728 81.95316256582737 69.522123232483864 52.556139662861824 302.40469428896904 162.36367870867252 85.284560099244118 64.408919185400009 58.88317334651947 86.314296647906303 113.17775091528893 388.20142358541489 61.789033070206642 50.211503133177757 122.85397344827652 155.56354095041752 107.22449718415737 54.252186939120293 894.14974327385426 72.805956497788429 46.70281583070755 61.261185511946678 47.412150621414185 225.86778829991817 88.742890492081642 120.38512898981571 102.22556330263615 185.82895311713219 55.158042043447495 49.029163837432861 283.62487767636776 57.461708843708038 63.84775710105896 441.3317347317934 39.485948637127876 82.44109283387661 103.1570380628109 47.432207599282265 51.061116576194763 53.68364380300045 144.2707195430994 56.919116422533989 92.208098202943802 49.837551310658455 64.300383895635605 71.738575175404549 583.06431391835213 46.977415949106216 84.256526604294777 46.381170466542244 46.107802703976631 59.464905291795731 124.54735620319843 204.57452684640884 87.752201557159424 128.65771581232548 150.73819075524807 124.82743518054485 79.399838835000992 51.756580650806427
leaf_count=211 1996 2828 204 344 302 221 1427 711 352 326 279 405 480 1615 264 214 513 700 442 230 3798 310 200 261 199 943 410 536 444 785 239 212 1311 273 319 2298 207 360 426 204 214 223 615 235 389 241 268 369 2444 200 372 207 200 244 506 854 358 531 634 717 326 216
internal_value=-0.000109847 0.00497052 -0.00665117 -0.00444813 -0.00281818 -0.00355475 -0.0029017 0.00285194 -0.0012045 0.0116047 0.0103895 0.00927771 0.00221074 -0.00410204 0.00325285 0.00514245 -0.001563 -0.00228913 -0.00122887 0.00650751 -0.00297053 0.00230485 -0.011353 0.013473 0.00382786 0.00589058 0.0129922 0.0109704 0.0127076 0.00973646 0.00222506 0.01583 0.0180047 -0.0144026 -0.0156457 -0.017123 -0.00747419 -0.00116445 0.00569206 -0.00416672 0.0049848 0.0120198 0.00316531 0.00148998 0.0199311 0.00152362 0.00241292 -0.0145292 0.00429058 -0.00171846 0.00159519 0.00975606 -0.00893272 0.00981994 0.0135114 -0.00286401 0.0016025 -0.00343411 0.000463736 -0.0197102 0.0140398 0.000561242
internal_weight=8675.06 4882.8 3792.26 2952.99 2537 2455.04 2385.52 3700.92 1986.58 1181.87 1117.46 1058.58 3538.56 501.379 3037.18 2181.3 855.877 1854.62 1699.06 312.215 1386.84 492.692 398.945 297.302 1884 1333.16 693.386 604.643 555.265 247.09 365.195 453.039 404.01 839.272 781.811 717.963 151.804 550.838 407.407 120.238 1271.38 261.253 1010.12 865.851 143.269 96.5404 117.984 112.318 639.983 278.881 231.904 130.638 101.266 287.169 227.704 503.426 298.851 211.099 204.99 566.159 131.956 733.023
internal_count=38162 20872 17290 12903 10907 10563 10261 15520 8393 5352 5026 4747 14809 2095 12714 9157 3557 7846 7146 1306 5840 2042 1868 1260 7897 5595 3124 2714 2503 1046 1623 2059 1847 4387 4114 3795 780 2302 1690 514 5331 1094 4237 3622 603 441 491 573 2679 1218 1018 579 439 1176 932 2103 1249 891 864 3015 547 3044
is_linear=0
shrinkage=0.03


Tree=44
num_leaves=63
num_cat=0
split_feature=31 29 5 65 63 41 77 29 5 5 3 57 64 64 44 41 61 63 4 18 33 64 38 54 33 64 63 42 54 54 80 32 43 54 10 74 32 64 26 26 44 44 57 64 43 44 61 64 29 25 11 64 82 7 63 81 41 29 7 56 31 43
split_gain=275.731 100.36 101.334 52.8297 51.8963 51.2724 48.7727 42.4889 47.0969 36.1046 45.658 34.124 31.1416 29.2519 28.0785 30.5833 26.1192 25.4141 23.9655 24.4142 23.9133 23.9072 23.3818 23.3446 22.8683 22.4387 31.8301 22.594 22.1935 22.6664 22.1013 21.2763 20.6135 20.0348 26.246 19.3916 18.668 19.6945 18.8831 17.9611 29.8686 23.0257 18.7304 17.9355 17.8911 17.6898 17.997 23.9125 17.6551 17.5862 17.7745 17.2475 18.7584 16.7861 16.7592 22.2557 16.0117 20.6018 18.433 15.9561 15.5449 15.3644
threshold=0.27250000834465032 -1.0075990557670591 0.0014756770106032493 354.50000000000006 0.95819556713104259 -109.37187576293944 -0.1884173974394798 0.65933069586753856 -0.0003962278133258223 0.00056054579908959578 -0.00024073511303868142 17.408953666687015 0.98120620846748363 -0.87142586708068837 8.8459568023681658 -45.00854301452636 -4.085211753845214 -0.41667649149894709 0.00098084489582106493 79.302669525146499 992.84268188476574 -0.9543684422969817 0.022320166230201725 -1.8411073088645933 318.17916870117193 -0.8959035575389861 -0.26933941245079035 39.264469146728523 1.0000000180025095e-35 0.92518675327301036 22.696318626403812 0.50249999761581432 -23.715250015258786 -1.4704807996749876 0.045129574835300452 -0.071247283369302736 0.37250000238418585 -0.85149618983268727 0.8448101580142976 1.6214670538902285 -2.8703950643539424 5.7595894336700448 31.869395256042484 -0.99280729889869679 8.2535390853881854 -7.5276317596435538 7.2407197952270517 -0.48671542108058924 1.2087465524673464 26.509885787963871 0.29910103976726538 0.31109040975570684 17.381641387939457 0.001376532716676593 0.29862368106842047 0.1975992023944855 1.5390225052833559 -0.099027581512927995 0.00078839703928679239 7.7933471202850351 0.11124999821186067 -0.74970257282257069
decision_type=2 2 2 2 2 2 2 2 2 2 2 2 2 2 2 2 2 2 2 2 2 2 2 2 2 2 2 2 2 2 2 2 2 2 2 2 2 2 2 2 2 2 2 2 2 2 2 2 2 2 2 2 2 2 2 2 2 2 2 2 2 2
left_child=4 21 3 6 5 -1 35 8 31 13 -11 -10 -5 17 16 -16 -15 -8 19 22 30 -2 24 -12 -18 26 -4 48 54 -30 -14 45 -26 -13 51 -3 37 -36 -39 40 -40 -42 -41 -25 49 -7 47 60 -27 -34 -51 -35 -53 -21 55 -19 57 -45 -58 -46 -47 -24
right_child=1 2 25 12 -6 7 9 -9 11 10 23 33 20 14 15 -17 18 28 -20 53 -22 -23 61 43 32 27 -28 -29 29 -31 -32 -33 44 34 36 -37 -38 38 39 42 41 -43 -44 56 59 46 -48 -49 -50 50 -52 52 -54 -55 -56 -57 58 -59 -60 -61 -62 -63
leaf_value=0.036070275560700235 0.0030560270014504194 -0.0063845076618498451 0.016191464575372936 0.027680903325212568 0.023768271844086829 -0.011379261773437982 0.02455690610194779 -0.014770855792480719 0.01764237830374811 -0.018990030459904546 0.012554722816027727 0.014987207149222033 0.010429876303713288 0.015251354233206576 0.021629234261940231 0.0020033221357257025 -0.0080184406303764229 0.0080034577603577354 -0.018525869441431472 0.0021953505650922182 0.022587654322639886 -0.019965542164133928 -0.0032424806435934215 0.014245682792672921 0.017246875550067965 -0.016561466102733468 -0.01481778067475549 0.00084939863382403873 -0.013985506050734809 0.007964877809991229 -0.013482833614836128 0.017794735282528503 0.003408767104579164 0.019797695499785353 -0.013055154697559659 -0.018156263121008757 0.012277164885085625 0.017488134060733133 -0.018534369750652733 -0.0022600784599256375 0.015115165914477143 -0.0078126853596705865 0.011783105061557882 0.010291592994881167 0.0011674653707814094 0.02187083482283864 0.01284841913590282 -0.0080433698091827294 -0.031625393135995827 -0.018783681045414332 -0.0024161265946287306 0.014934666216130515 -0.0073668284909380044 0.023837098066570125 -0.0045254954920117005 0.029330089708944497 -0.0095316137446069399 -0.0089941988888779523 0.012768082175119511 0.017539418511374649 -0.00040107169409691511 -0.013282678003309194
leaf_weight=52.590178310871124 45.328522115945816 424.07640908658504 47.470820844173431 78.262228548526764 172.08765424787998 137.28441753983498 64.243777200579643 84.512397229671478 354.6769572198391 185.17704139649868 82.774225249886513 251.17909505963326 71.115549862384796 75.210721522569656 94.30715312063694 294.9800281971693 271.98095428943634 278.33048245310783 83.123828545212746 89.751084014773369 51.930499687790871 388.99026134610176 282.7108555585146 44.941871792078018 73.007853239774704 312.68674220144749 79.996207371354103 53.299448698759079 96.568473860621452 75.394488543272018 68.093227997422218 53.430634498596191 233.18861730396748 166.61815670132637 78.964521586894989 179.14614099264145 164.48882931470871 70.360469907522202 93.04949663579464 154.80804067850113 73.876417905092239 84.523301184177399 190.87004613876343 54.628395408391953 137.37960290908813 47.998800113797188 90.836401849985123 219.05322073400021 90.227726697921753 89.340903386473656 180.06326575577259 80.118796110153198 58.898527875542641 50.351673036813736 72.760750859975815 52.317187264561653 55.243520140647888 570.0213326215744 84.222709387540817 87.826602578163147 68.391047567129135 266.46645292639732
leaf_count=238 233 1899 221 336 799 580 270 352 1583 828 350 1108 306 312 391 1233 1158 1159 354 372 225 2054 1188 191 301 1532 409 270 403 315 288 234 980 791 338 820 726 305 390 656 318 358 811 232 573 213 378 926 539 377 750 370 261 212 301 218 235 2491 373 368 285 1122
internal_value=-3.38468e-05 -0.00368117 -0.0025815 -0.0011737 0.00781774 0.00675239 -0.00192522 0.00614151 0.00686601 -0.00073336 -0.00543445 0.00929143 0.0117408 0.000983356 -0.000588892 0.00675782 -0.00207815 0.00666084 -0.00278451 -0.00204193 0.00521413 -0.0175629 -0.00307977 -0.00261981 -0.000502628 -0.0143974 -0.00326943 -0.0175066 0.00466263 -0.0043617 -0.0012669 -0.00029804 0.00204999 0.00727346 0.00568085 -0.00988051 0.00312851 0.0011125 0.00278855 0.00105648 -0.00504401 0.00288069 0.00549402 -0.00417231 0.000525547 -0.00201339 0.00100292 -0.00220479 -0.0199348 -0.00262304 -0.007844 0.0132881 0.00548602 0.0099732 0.00850948 0.0113779 -0.00525558 -0.00730757 0.00393502 0.00755225 0.00878379 -0.00811409
internal_weight=8665.56 5916.94 5482.62 4898.94 2748.62 2576.53 4629.54 2523.94 2439.43 4026.31 1077.01 1822.43 269.402 2949.3 2309.69 389.287 1920.4 639.615 1845.19 1762.07 191.139 434.319 1621.97 891.832 1072.79 583.681 127.467 456.214 575.371 171.963 139.209 616.995 800.807 1467.76 1216.58 603.223 910.941 746.452 667.488 597.127 251.449 158.4 345.678 809.058 727.799 563.564 426.279 335.443 402.914 502.593 269.404 305.635 139.017 140.103 403.408 330.648 764.116 624.65 139.466 225.206 116.39 549.177
internal_count=38209 26189 23902 20931 12020 11221 19776 10983 10631 17057 4700 8015 1155 12357 9691 1624 8067 2666 7755 7401 819 2287 6817 3872 4507 2971 630 2341 2396 718 594 2616 3349 6432 5324 2719 3902 3176 2838 2533 1066 676 1467 3522 3048 2382 1802 1424 2071 2107 1127 1422 631 584 1678 1377 3331 2723 608 941 498 2310
is_linear=0
shrinkage=0.03


Tree=45
num_leaves=63
num_cat=0
split_feature=10 84 52 29 61 29 5 5 18 4 29 40 5 2 4 5 29 5 4 25 59 47 54 61 40 31 70 4 7 54 56 41 59 52 5 61 67 25 50 80 56 52 18 40 64 67 29 64 65 65 70 31 90 41 74 5 18 80 70 43 66 52
split_gain=238.038 107.954 71.0885 86.1644 48.7207 45.0255 36.3358 36.1969 52.8573 30.9719 29.4952 28.6376 30.8646 30.4357 27.8294 27.2004 25.3056 24.5358 23.4323 23.2164 22.982 22.4244 24.6593 21.2997 20.9606 20.8059 20.4483 20.3814 20.2415 19.463 21.0261 28.9639 30.2972 23.3853 22.5385 19.2553 20.6162 19.2341 20.8337 29.1892 19.2047 18.5167 20.903 18.4354 18.1447 17.6824 17.6517 16.5039 16.7579 18.8926 16.4519 16.0953 18.8406 15.9461 15.9065 21.9774 17.0003 15.8967 15.4562 15.2263 15.9205 15.0741
threshold=0.11988709867000581 1.0000000180025095e-35 0.24994840472936633 -0.97107404470443714 -3.870863556861877 -0.59946727752685536 0.00048864472773857426 -0.0013579669175669549 12.502252101898195 -0.00062216963851824392 0.95454317331314098 -20.17571926116943 -0.00031217074138112361 -5.6518339988542714e-05 0.00017595826648175719 -0.00021781773830298332 0.069529894739389433 -6.0211481468286358e-05 -0.00061210774583742012 49.475839614868171 1.5936498045921328 0.99807673692703258 -1.8053607344627378 0.87639328837394725 4.96323585510254 0.01124999998137355 5669.5000000000009 0.00060433789622038614 -0.0016664069844409821 -1.3874605894088743 7.3167278766632089 14.860534191131594 0.88642415404319774 0.052858751267194755 -0.0004909897397737949 8.3603854179382342 235.50000000000003 90.591709136962905 0.9987466335296632 38.808475494384773 4.9275670051574716 0.16239389777183535 53.987716674804695 -8.5353112220764142 -0.93279412388801564 -65.499999999999986 0.28540015220642095 0.10669767111539842 -526.49999999999989 -236.49999999999997 30904.500000000004 0.13250000029802325 -0.023925211280584332 -22.829625129699703 -0.25528195500373835 0.0002847519208444283 30.420306205749515 19.028816223144535 11933.500000000002 -11.063432693481444 -128.49999999999997 -0.28626005351543421
decision_type=2 2 2 2 2 2 2 2 2 2 2 2 2 2 2 2 2 2 2 2 2 2 2 2 2 2 2 2 2 2 2 2 2 2 2 2 2 2 2 2 2 2 2 2 2 2 2 2 2 2 2 2 2 2 2 2 2 2 2 2 2 2
left_child=1 5 3 19 -5 15 11 61 -9 17 37 23 13 -13 24 28 -4 -10 -14 44 27 -16 -23 -7 43 -3 -24 45 -1 -27 31 32 34 40 -31 36 -25 38 39 59 -34 42 -40 -8 -2 -20 50 48 -28 -50 51 -36 -53 -12 55 -47 -56 -18 -49 -11 -61 -6
right_child=2 25 16 4 7 6 14 8 9 10 53 12 18 -15 21 -17 57 -19 20 -21 -22 22 26 35 -26 29 47 -29 -30 30 -32 -33 33 -35 46 -37 -38 -39 41 -41 -42 -43 -44 -45 -46 54 -48 58 49 -51 -52 52 -54 -55 56 -57 -58 -59 -60 60 -62 -63
leaf_value=4.3386513809897713e-05 0.0063392531839992572 0.018604086328104612 0.0056112294775269916 0.019954406334864071 -0.018364714688341832 0.027983416457404552 -0.012569845725545691 0.018274420681587134 -0.0036310649586813871 0.0012754796004203633 -0.00042088026695035683 0.0029523357735457127 -0.0085063426041737337 -0.0099421068870917239 -0.015375797335936723 0.014790264693552321 -0.0028567307046441746 -0.021240734605458899 -0.0020320390627567263 -0.030111455931341773 -0.0092113413585699234 0.023168096998857867 -0.0068769568505174048 -0.0016909250794345315 -0.020866370988074055 0.015847578748354602 -0.01538655739767329 -0.0027777653023484373 -0.01197446946822364 -0.0068848323749121894 0.01223845146639916 0.027327810967033711 0.013029631945047119 -0.02334627913796708 0.019463119761671071 0.024784742173359586 0.018831926399040619 0.01283244727791936 -0.0078051714863955398 -0.016077230905194202 -0.012845470412533542 -0.014030883817790243 0.0037899269205690029 0.0093271568746285064 -0.01599622589063281 0.010880148715678783 -0.0027848810362862755 0.021262698009165151 0.017667989002387214 -0.0034330460471051799 -0.0040409567921076859 0.018216701764400888 -0.0072036948728442275 -0.020991407162443434 0.02954402928031374 -0.0074473053497661314 0.012860896265972763 -0.020627563897188464 0.0035502192627800333 -0.00046485496462492004 0.019987938011370686 -0.006325740924835105
leaf_weight=186.95196644961834 37.485536456108093 228.21978197991848 42.074027627706528 86.837097436189651 158.75096955895424 67.089012980461121 81.802932441234589 117.92804576456547 160.67876456677914 132.38436639308929 54.031561702489853 467.3925506323576 89.277292087674141 254.4305984377861 70.200774878263474 51.026266887784004 50.866002723574638 127.88669516146183 95.551325142383575 96.50057615339756 69.571414202451706 47.986885637044907 205.0640220195055 139.83270421624184 107.63010922074318 292.1736873537302 53.1714076846838 124.44081893563271 387.72880561649799 99.319391578435898 467.28518912196159 45.609430730342865 51.549650967121124 61.080044060945511 202.48877009749413 54.925117433071136 64.314646571874619 111.92734381556511 240.15939450263977 48.314497247338295 51.713986948132515 119.41226173937321 335.2685421705246 59.974060893058777 258.25531180202961 241.00007583200932 92.386898770928383 80.808595284819603 58.687082558870316 109.32913210988045 49.968432396650314 50.451038882136345 54.68148909509182 91.100502640008926 63.112703412771225 77.927051678299904 426.20126254856586 414.2842433154583 98.245930850505829 46.197345376014709 132.47693298757076 228.0963898152113
leaf_count=800 187 1098 189 362 769 280 339 505 687 554 256 1928 365 1049 294 210 244 572 392 523 282 197 876 579 451 1364 229 509 1703 425 2148 213 226 255 955 230 267 479 1028 209 221 532 1415 249 1383 992 398 336 243 465 232 222 236 457 260 321 1758 2212 414 198 559 1000
internal_value=0.000278051 0.00397718 -0.00640067 -0.00438483 -0.00206703 0.00116055 0.00259641 -0.00297565 -0.00110858 -0.00253735 -0.000579218 0.00470292 0.00329924 -0.00159274 -0.00224291 -0.00620105 -0.016669 -0.0114353 0.00627387 -0.0173344 0.00747585 0.000736129 0.00246746 0.0129182 -0.0108847 0.0101584 0.00082638 0.00860493 -0.00806489 0.00888919 0.00723163 0.00415015 0.00266884 -0.00863197 0.00604993 0.00901689 0.0047746 0.00100807 -0.000247337 0.00561688 7.14917e-05 -0.00328032 -0.00104938 -0.00330704 -0.0131652 0.0101722 0.00890491 0.00477318 -0.000707879 0.00393742 0.0119251 0.0145185 0.00499506 -0.0133332 0.011615 0.006402 0.0150127 -0.0186843 0.011544 0.00898647 0.0146997 -0.0112662
internal_weight=8671.52 5580.6 3090.92 2583.69 2191.45 3833.67 3207.97 2104.61 1717.77 1599.84 1311.27 2235.07 1908.91 721.823 972.901 625.707 507.224 288.565 1187.08 392.241 1097.8 723.494 653.293 326.161 249.407 1746.93 605.306 1028.23 574.681 1518.71 1226.53 759.249 713.64 164.344 549.296 259.072 204.147 1166.14 1054.21 359.373 103.264 694.84 575.428 141.777 295.741 903.792 449.977 400.242 221.188 168.016 357.59 307.621 105.133 145.132 808.241 318.927 489.314 465.15 179.055 311.059 178.674 386.847
internal_count=38331 24011 14320 11675 9582 16018 13305 9220 7451 6946 5687 9212 7856 2977 4093 2713 2645 1259 4879 2093 4514 3054 2760 1356 1039 7993 2563 4232 2503 6895 5531 3383 3170 702 2468 1076 846 4974 4495 1520 447 2975 2443 588 1570 3723 2043 1687 937 708 1645 1413 458 713 3331 1313 2018 2456 750 1311 757 1769
is_linear=0
shrinkage=0.03


Tree=46
num_leaves=63
num_cat=0
split_feature=83 83 5 17 5 56 5 80 41 42 63 58 63 25 80 63 66 25 61 83 41 83 47 70 10 1 31 68 81 63 65 25 53 80 56 54 59 65 46 59 5 5 42 18 59 25 30 30 54 54 13 81 60 63 65 53 82 38 41 63 56 51
split_gain=298.274 104.627 40.1902 44.9406 31.6093 38.0961 31.8584 30.9 28.8381 26.3312 28.4003 26.8764 25.737 30.1831 28.2334 24.9555 37.4895 26.3137 24.2414 29.8513 28.9329 23.744 23.1863 23.1742 25.8032 22.9296 21.3894 27.732 27.3799 25.8352 25.665 22.7016 20.907 20.4756 20.3259 20.4755 25.5166 26.027 19.6107 21.7102 19.5477 21.1529 24.4986 19.8035 19.3933 19.1952 18.9274 20.4594 18.9162 22.2375 18.4417 18.2975 18.2784 18.0156 17.675 16.8616 16.7495 16.6859 16.4937 18.0898 27.6073 15.9797
threshold=0.10351252555847169 0.92666059732437145 -0.001197992358356714 82.646514892578139 0.00088445039000362169 10.432330608367922 -0.00048097991384565825 27.075118064880375 -23.894924163818356 6.8086004257202157 0.96759679913520824 -0.66880580782890309 0.98120620846748363 48.074979782104499 14.602265357971193 0.38469719886779791 144.50000000000003 70.949943542480483 7.7344360351562509 1.7203765511512759 -45.00854301452636 1.9877306222915652 0.99917277693748485 6045.5000000000009 0.092804130166769042 -0.00038421504723373795 0.087500002235174193 0.6078576147556306 0.11930449679493906 0.95037782192230236 -61.499999999999993 65.618251800537124 1.4007718563079836 22.108295440673832 13.633193016052248 1.0805336236953738 -0.29195830225944513 171.50000000000003 0.99923381209373485 0.81715559959411632 -0.0023323575733229514 0.00093856040621176373 39.264469146728523 82.494171142578139 0.17715624719858172 62.825216293334968 0.17500000447034839 0.87500000000000011 0.92518675327301036 0.31998336315155035 0.013018156867474319 -0.33327469229698176 1.2656103372573855 -0.75039777159690846 -935.49999999999989 1.3799433112144472 13.720767974853517 -0.080326627939939485 -11.836702346801756 -0.25671049952507013 7.7108275890350351 0.042873892933130271
decision_type=2 2 2 2 2 2 2 2 2 2 2 2 2 2 2 2 2 2 2 2 2 2 2 2 2 2 2 2 2 2 2 2 2 2 2 2 2 2 2 2 2 2 2 2 2 2 2 2 2 2 2 2 2 2 2 2 2 2 2 2 2 2
left_child=4 2 25 7 5 6 -1 12 9 11 18 -3 13 14 22 17 -17 58 19 20 -11 32 -4 -5 -25 -2 29 30 -29 31 48 53 -13 50 35 36 -9 -38 -19 -40 -10 43 -43 55 -26 -22 -18 -48 49 -28 -14 -27 -16 -8 -54 -42 -33 -58 59 60 -15 -56
right_child=1 8 3 23 -6 -7 26 34 40 10 -12 21 33 15 52 16 46 38 -20 -21 45 -23 -24 24 44 51 27 28 -30 -31 -32 56 -34 -35 -36 -37 37 -39 39 -41 41 42 -44 -45 -46 -47 47 -49 -50 -51 -52 -53 54 -55 61 -57 57 -59 -60 -61 -62 -63
leaf_value=0.0012156463814150392 -0.00010482149633667478 0.0088754136694585966 0.0033845230342257333 -0.015216618535934244 -0.0033093586797383607 0.020419387319151851 0.009948981964220234 0.017566401362697364 -0.029380094674381442 0.026029346506465666 -0.022962883515209188 -0.013634287472766972 0.016669606787782201 0.0042595719295676565 0.012697512319567526 -0.030927256105071195 0.0083627419248948724 -0.010473509835603214 0.021112888017724356 -0.020932989815496066 0.0064455632820491189 -0.031685873409340946 0.026327686956123988 0.0062415625700362161 0.0025164219414248348 -0.0047931354556043845 -0.00055529035077293647 0.019073685207365979 0.0014051286615013997 0.034475073183672308 0.011952717331155223 0.012510168376690911 0.0066957708746741328 0.027243559385339414 0.023124719986767246 0.022858951927573867 -0.0021530574562407673 0.01294498522398603 0.016118451922881898 0.00012334222122208671 -0.014084441305055951 -0.024259969666194946 -0.0029933216691846991 0.0098022265634853094 -0.014631410004981193 -0.015933792996389428 -0.01494942291600386 0.0025444093483838331 0.015941439778029736 -0.020489615035437385 -0.0068517338911632504 -0.019213105020564482 0.016813970038121549 0.021638474454120666 -0.0071085491486493277 1.9069773778629193e-05 0.0097489134095216038 -0.01175224847650477 -0.01669879119981765 0.0081905872892133642 -0.026160414805005174 0.0014754301236181609
leaf_weight=476.91670739650726 166.04314537346363 55.215035125613213 86.765686601400375 223.08842301368713 191.69157452881336 250.7460214048624 224.4263341575861 100.75072161853313 69.032520234584808 44.212075978517532 41.972703859210014 302.17995795607567 56.543776050209999 55.431921124458313 94.98577293753624 68.153343603014946 62.427236244082451 68.732805415987968 56.388526886701584 51.786661669611931 96.099113628268242 55.396621584892273 72.993855118751526 160.04002040624619 88.565828412771225 127.76576346158981 270.75570271909237 244.20152039825916 116.6370090842247 49.905476525425911 182.61579886078835 139.55667217075825 53.601023271679878 48.69139763712883 60.158433243632317 53.600436553359032 458.32052409648895 132.45890453457832 137.63042730093002 171.58355881273746 337.08656989037991 211.14067195355892 63.386854857206345 46.012053623795509 179.98587656021118 53.807059094309807 206.07260118424892 84.979746475815773 47.680823564529419 61.874096140265465 63.905318051576614 208.33366757631302 46.394394084811211 251.7811932861805 343.80271166563034 98.61262409389019 57.525291100144386 74.622092083096504 116.44669926166534 82.653786569833755 52.074050143361092 451.49900178611279
leaf_count=2018 721 273 356 979 793 1137 1031 416 392 199 208 1458 235 230 389 281 258 288 267 281 444 318 299 664 397 581 1173 1088 504 266 805 646 252 203 248 221 1895 551 567 713 1617 1177 328 207 815 252 866 349 205 260 268 953 192 1210 1427 460 262 331 482 341 216 1877
internal_value=2.82755e-05 -0.00368701 -0.00124546 -0.000198862 0.00842243 0.00934062 0.00807705 0.00127317 -0.0101507 -0.00613181 0.000161313 -0.0107771 -0.000450792 -0.00131679 0.0022106 -0.00481311 -0.0105546 -0.00127677 0.00337205 -0.000696106 0.00470267 -0.0134161 0.0138672 -0.00737529 -0.00329376 -0.00922555 0.00997781 0.00687019 0.0133625 0.013576 0.00270858 0.0121815 -0.0105714 0.0108267 0.00635065 0.00499639 0.00361187 0.00123208 0.00402088 0.00724273 -0.0140983 -0.0127034 -0.0193496 -0.00891566 -0.00897622 -0.00158724 -0.00662664 -0.00984168 -0.00173023 -0.00426337 0.00419015 -0.0137315 0.000222459 0.0161295 -0.00118536 -0.0108924 0.00526201 -0.00239254 -0.00780707 -0.00236212 -0.0104753 -0.00223536
internal_weight=8607.75 5966.81 4330.88 3828.74 2640.94 2449.24 2198.5 3177.06 1635.93 810.659 344.266 466.393 2371.77 2202.63 1096.44 1106.19 421.633 684.553 302.293 245.905 194.118 411.178 159.76 651.68 428.592 502.143 1721.58 923.765 360.839 797.817 562.926 747.912 355.781 169.14 805.289 745.131 691.53 590.779 377.947 309.214 825.271 756.239 274.528 481.711 268.552 149.906 353.48 291.052 380.311 332.63 120.449 336.099 936.682 476.208 841.696 435.699 271.704 132.147 306.606 190.16 107.506 795.302
internal_count=38140 26411 18278 16023 11729 10936 9799 13168 8133 3952 1651 2301 9837 9131 4540 4591 1754 2837 1443 1176 895 2028 655 2855 1876 2255 7781 4035 1592 3746 2443 3480 1710 706 3331 3083 2862 2446 1568 1280 4181 3789 1505 2284 1212 696 1473 1215 1638 1433 503 1534 3885 2241 3496 2077 1239 593 1269 787 446 3304
is_linear=0
shrinkage=0.03


Tree=47
num_leaves=63
num_cat=0
split_feature=31 5 5 65 41 17 63 63 31 63 5 38 33 12 59 26 33 12 32 1 5 2 47 43 32 44 43 69 8 44 63 25 25 40 47 42 63 65 5 63 17 69 38 3 44 42 63 57 68 56 42 54 22 10 28 50 10 54 66 63 57 56
split_gain=220.038 85.9706 84.671 51.9148 47.0191 46.2263 35.7812 47.6389 34.6715 30.928 30.145 29.1307 27.0833 26.0463 32.0312 24.0207 23.1532 22.5542 49.5641 22.531 25.7259 21.7987 21.2985 24.3577 21.4422 20.4956 19.8348 38.2721 18.833 19.8842 18.5207 21.6572 34.6682 18.2898 33.7381 17.8377 17.3388 17.2514 17.1954 17.0002 16.9948 18.7276 16.8911 16.0677 15.3799 18.4193 21.1138 18.0237 18.9417 22.5709 21.3037 23.6214 15.5886 26.3159 19.8619 20.2235 16.0196 15.2868 15.2543 21.7686 16.4786 15.8373
threshold=0.33750000596046453 0.0016456681769341233 -0.001197992358356714 354.50000000000006 -109.37187576293944 17.389852523803714 -0.7589854598045348 0.041439602151513107 0.042500000447034843 -0.87777194380760182 0.00085134984692558657 0.083666533231735243 992.84268188476574 0.015699348412454132 0.2248097360134125 2.8115617036819462 1374.609558105469 0.011811332311481239 0.27250000834465032 -0.0004014037840534001 -0.0023323575733229514 0.00036930730857420718 0.9966825842857362 11.035692214965822 0.12249999865889551 -2.3331351280212398 2.7814360857009892 5142.5000000000009 0.0011634313268586995 9.3491744995117205 -0.054514370858669274 70.949943542480483 31.327282905578617 16.011285781860355 1.002697288990021 23.500436782836918 0.98120620846748363 -581.49999999999989 -0.00018427213217364621 0.19722913205623629 73.67914199829103 4061.5000000000005 -0.1267169192433357 -0.00028378833667375142 17.945283889770511 70.04557037353517 -0.99771150946617115 17.721862792968754 0.6078576147556306 6.7402520179748544 23.792036056518558 -1.2811403274536131 19.500000000000004 0.051176333799958236 0.38526815176010137 1.0007990598678591 0.08357758074998857 -1.1431622505187986 340.50000000000006 -0.054514370858669274 33.251674652099616 6.7669091224670419
decision_type=2 2 2 2 2 2 2 2 2 2 2 2 2 2 2 2 2 2 2 2 2 2 2 2 2 2 2 2 2 2 2 2 2 2 2 2 2 2 2 2 2 2 2 2 2 2 2 2 2 2 2 2 2 2 2 2 2 2 2 2 2 2
left_child=4 2 19 6 -1 35 9 11 40 22 13 16 39 14 36 -11 30 44 25 20 -2 57 -4 -24 -25 -19 27 -13 29 -16 31 32 42 34 -33 -6 -9 -27 -29 -5 41 -7 -8 -3 45 46 -10 -48 52 50 51 -50 53 -49 56 -56 -55 -12 59 -20 -60 -61
right_child=1 43 3 12 5 8 7 10 17 15 21 26 -14 -15 28 -17 -18 18 58 -21 -22 -23 23 24 -26 37 -28 38 -30 -31 -32 33 -34 -35 -36 -37 -38 -39 -40 -41 -42 -43 -44 -45 -46 -47 47 48 49 -51 -52 -53 -54 54 55 -57 -58 -59 60 61 -62 -63
leaf_value=0.03141936634310228 -0.016045196924926695 -0.032393098534188584 0.013739960926214257 0.00051612910999298265 -0.010040025142654688 0.0078791340246760454 0.018204343409057903 0.0051621364957364132 -0.011983119857810694 -0.023878558759955509 -0.0050160397010845532 0.024212042016330385 0.02950280758340738 -0.0084346661493908126 -0.0082234017845001332 0.0008413805052742303 0.021645823736293583 -0.014076973198046188 0.012046688631440679 -0.014217547326340131 0.0028770242138395699 -0.00052370371232333273 -0.012192271588462578 -0.008455046829673794 0.013105400646565527 -0.013566522959974408 -0.010342909584803004 -0.018772297867309478 0.0046843575093842267 0.0038373583596482586 0.019148942785947504 0.036806113902816032 -0.0077139223400937785 0.001361305706953642 0.004927984973581356 0.0033322177770188487 0.021987016920022917 0.0055623269180062685 0.003968057853339816 0.021570063562633822 0.00085581395223685629 0.020143097601810562 -0.0024698811815082131 -0.014344646438945318 -0.0065660497110377695 0.01902309524044811 0.016315037175506225 0.017465929620083864 0.012146381891888988 0.019040505540455534 0.015991687067135614 -0.01127523805684261 -0.010726830069037536 -0.0074640113268797667 0.025960336311753183 0.0019101119464488851 0.011460207877733792 -0.020670250006126132 0.030248476267511901 -0.018033807782107239 0.0081353562978237742 0.0029686055927401734
leaf_weight=64.453478738665581 101.20621606707573 49.890220925211906 55.071598142385483 119.0345423668623 214.73975877463818 177.07787880301476 98.690974533557892 289.67619307339191 50.560135647654533 148.89727191627026 82.731785386800766 58.25719490647316 64.454412654042244 353.97332300245762 465.25427757203579 46.403379291296005 96.843172430992126 179.37279069423676 163.74818536639214 614.89632204174995 179.09883132576942 128.8441823720932 242.73350964486599 80.147285848855972 86.124006673693657 60.506207481026649 159.04976180195808 50.378890916705132 250.54112406075001 167.25380957126617 83.755539894104004 54.806642070412636 224.732945561409 86.747698873281479 65.696530506014824 154.28065553307533 68.082420259714127 142.041887819767 73.717756718397141 48.613291203975677 81.85020337998867 305.22300601005554 55.605817228555679 402.90292312204838 67.447719350457191 126.38608920574188 189.04549357295036 110.31619712710381 66.189963698387146 181.50640948116779 101.86023113131523 93.493975564837456 68.799206599593163 214.52788157761097 47.555393517017365 93.015610009431839 49.558927968144417 174.69200497865677 50.077190458774567 47.828278139233589 76.909797683358192 99.614565625786781
leaf_count=297 517 279 235 508 907 844 419 1220 213 650 376 247 280 1517 1972 200 404 752 701 3055 800 580 1070 354 378 253 670 213 1049 704 352 230 952 368 276 654 287 593 309 208 367 1464 235 2117 292 545 821 515 288 797 442 400 295 913 201 389 207 834 222 203 330 440
internal_value=-6.66884e-05 -0.00382886 -0.00266768 -0.000792986 0.00604922 0.00554038 -0.00164546 -0.000291385 0.00683635 -0.0079896 -0.00307781 0.00468934 0.0129754 -0.00125654 0.000791212 -0.0180051 0.00793454 0.00518895 0.00120773 -0.0110041 -0.00395498 -0.0105973 -0.0037747 -0.00613301 0.00271268 -0.00669197 -0.00260022 0.00415299 -0.00227681 -0.00503418 0.00595279 0.0040676 -0.000196048 0.0118651 0.0194266 -0.00444934 0.00836396 -0.000151941 -0.00526373 0.00662119 0.0134953 0.0156404 0.0107537 -0.0163333 0.00742484 0.00810235 0.00701249 0.0078024 0.00623516 0.0109123 0.00527146 -0.00156683 0.00268549 0.00447734 0.000936449 0.0100463 -0.00391266 -0.0156392 0.0080932 0.00451753 0.0168556 -0.00384427
internal_weight=8606.79 5328.81 4876.01 3980.81 3277.99 3213.53 3748.71 3089.33 2844.51 659.377 1981.05 1108.28 232.102 1594.78 1240.81 195.301 766.879 2280.36 820.099 895.201 280.305 386.268 464.076 409.005 166.271 381.921 341.404 182.354 883.049 632.508 670.036 586.281 379.03 207.251 120.503 369.02 357.759 202.548 124.097 167.648 564.151 482.301 154.297 452.793 1460.26 1392.82 1266.43 1215.87 1026.82 443.051 261.544 159.684 583.773 514.974 404.658 140.571 264.087 257.424 438.178 311.191 126.987 147.443
internal_count=38210 23865 21469 17097 14345 14048 16101 13214 12487 2887 8539 4675 996 6749 5232 850 3236 9812 3494 4372 1317 1790 2037 1802 732 1598 1439 769 3725 2676 2832 2480 1606 874 506 1561 1507 846 522 716 2675 2308 654 2396 6318 6026 5481 5268 4447 1927 1130 688 2520 2225 1710 590 1120 1210 1896 1344 552 643
is_linear=0
shrinkage=0.03


Tree=48
num_leaves=63
num_cat=0
split_feature=31 52 29 66 30 41 5 29 63 42 5 18 53 51 29 54 12 31 64 66 13 10 64 54 1 53 52 2 42 25 59 64 54 59 63 41 47 54 77 2 14 64 47 61 5 50 12 5 64 63 10 63 43 8 25 42 26 12 90 10 64 90
split_gain=230.278 87.325 89.4418 61.0601 47.2608 39.1191 35.8119 34.8798 34.2299 33.3661 32.0363 32.0022 31.642 30.9225 30.7333 29.8584 30.4479 28.7531 25.5744 25.3747 25.3387 25.1219 24.2024 23.6903 21.9728 21.9466 27.7026 21.5645 21.2279 21.124 20.9295 20.2652 19.8935 19.8905 19.6411 33.6838 20.052 19.2535 19.2156 25.1357 18.3486 18.242 17.7558 17.2179 16.3429 21.7775 20.5967 16.2118 15.569 15.2908 25.1816 23.4106 22.4936 19.4347 21.4848 19.4206 17.6449 19.0883 17.9066 15.1613 15.0161 14.3528
threshold=0.27250000834465032 0.30542688071727758 -0.98927167057991017 656.50000000000011 0.22500000149011615 -109.37187576293944 -0.001197992358356714 0.65933069586753856 0.95819556713104259 71.584506988525405 0.00088445039000362169 75.704154968261733 0.70173805952072155 0.087547421455383315 -0.40276597440242762 -0.22005594521760938 0.017854304052889351 0.55250000953674328 0.98120620846748363 565.50000000000011 0.0079128076322376745 0.095629077404737486 0.18437977880239489 -1.2117109298706052 0.00059482827782630931 0.7938746213912965 0.13762427121400836 -0.00035568463499657804 3.9690339565277104 79.915096282958999 -0.29195830225944513 -0.8153785467147826 -1.7724320292472837 1.4522265791893008 -0.4047416597604751 -8.8821368217468244 0.99957960844039928 -0.080762375146150575 0.005333750508725644 -0.00037433639226946974 0.0088154533877968805 -0.9543684422969817 1.0009042620658877 12.234344482421877 -0.00058367359451949586 0.99919340014457714 0.0091258194297552126 -0.00068197125801816572 -0.8959035575389861 0.067579798400402083 0.13510215282440188 0.80255532264709484 -9.1848535537719709 0.00014796155301155525 71.374774932861342 22.167378425598148 1.1184999942779543 0.010245810728520157 0.83505192399024974 0.031270854175090797 -0.97768935561180104 0.98647174239158641
decision_type=2 2 2 2 2 2 2 2 2 2 2 2 2 2 2 2 2 2 2 2 2 2 2 2 2 2 2 2 2 2 2 2 2 2 2 2 2 2 2 2 2 2 2 2 2 2 2 2 2 2 2 2 2 2 2 2 2 2 2 2 2 2
left_child=5 2 41 4 13 -1 28 8 9 14 11 22 -13 15 20 16 30 -15 -5 25 -7 -3 49 -19 48 26 59 37 -6 -11 -4 -18 -22 44 36 -36 -24 -27 39 -32 -31 -2 -20 60 -17 46 -46 -43 -12 50 -8 52 -51 -52 -55 -54 57 -53 -58 -16 -29 -50
right_child=1 21 3 18 6 7 10 -9 -10 29 24 12 -14 17 19 33 31 23 42 -21 32 -23 34 -25 -26 27 -28 43 -30 40 38 -33 -34 -35 35 -37 -38 -39 -40 -41 -42 47 -44 -45 45 -47 -48 -49 61 51 53 56 55 54 -56 -57 58 -59 -60 -61 -62 -63
leaf_value=0.032598504785571351 0.0022382942152764139 -0.0022710516427251119 0.019437623011239101 0.028189049894621867 -0.023481466118050163 0.011438658443003968 0.0086856416793672231 -0.012449917494140896 0.02033926539455071 0.024747238688449073 -0.0018193345901889957 -0.011480233455058763 0.0096201752902695982 0.032387418575816368 0.021273865188460254 -0.012961865356801393 0.0099192497694172901 -0.0088565376064016002 0.012527079237942364 0.023197706437873576 0.0095907930379223773 -0.018533484771048915 -0.0044271956389898273 0.017216638815542331 0.0050750181136406287 0.0065946794941790796 -0.0089980868197193122 0.025116372360816392 -0.0080270126412654227 -0.0076402924275180729 0.015525315521209112 -0.01308849873386601 -0.011574743416679894 0.013557087488856489 0.0010918017918612724 -0.017624149204507618 -0.024999383957987557 -0.013874185401815165 0.013892347995025665 -0.0054487922467681736 0.018760230219478691 -0.019268513739313525 -0.0082883352646240041 0.028355307983359432 0.012842418133464685 -0.015837682243237131 -0.003642501019064456 0.00079299147090168944 -0.022855689754396374 0.0021002745875503739 -0.01834002702658161 0.0095065074561181372 -0.026982536203382108 -0.013179647993789349 0.011706483435578795 -0.0076931604045292609 0.01621196832813666 -0.01373935343882743 -0.0029964093881262341 0.0035834885116660799 0.0086193158865654831 -0.010508383531480292
leaf_weight=52.49100436270237 48.233839720487595 107.21523195505142 121.72240723669529 70.929963290691376 118.05354486405849 81.77930811047554 306.23495787382126 85.107952490448952 163.84365947544575 133.83931928873062 117.08460904657841 77.63848277926445 363.11185899376869 53.321050420403481 47.300866663455963 184.20132191479206 49.045637860894203 54.377229377627373 141.42024472355843 79.081201776862144 49.029996126890182 421.93992039561272 72.752939894795418 74.106814280152321 84.263732075691223 118.2818533629179 162.10794688761234 53.397143349051476 248.10062628984451 45.027939885854721 70.914585545659065 115.81276205182076 216.20000743865967 53.487208783626556 289.14335483312607 123.51379047334194 103.0307532697916 63.595079556107521 147.44211165606976 187.10136389732361 50.004940897226334 365.28251655399799 49.894055262207985 47.692275732755661 97.697986513376236 83.662093862891197 226.02315729856491 40.247757658362389 121.62673157453537 92.876511886715889 66.029965698719025 47.494385465979576 81.604244068264961 52.378411710262299 77.297456353902817 110.69891418516636 102.9843021184206 96.160460606217384 75.849805384874344 557.54833717644215 709.07446502149105 279.2972677052021
leaf_count=250 246 462 508 308 560 354 1277 356 775 606 526 325 1517 223 228 798 203 237 608 360 207 2249 309 317 383 514 691 264 1162 201 298 496 914 226 1229 520 436 275 614 782 219 2000 217 211 403 347 949 185 558 388 281 200 341 225 325 469 435 404 319 2440 3132 1335
internal_value=-0.000272488 -0.00361354 -0.00246206 -0.00127939 -0.00207768 0.00695162 -0.00419771 0.00644607 0.00706993 0.0061693 -0.00302059 -0.00129954 0.00590332 0.00225925 0.00502781 0.000680871 0.00500909 0.0138676 0.0128029 0.00657371 -0.00316066 -0.0152385 -0.00316913 0.00618191 -0.00913242 0.00582632 0.00201521 0.00877273 -0.0130098 0.0170673 0.00852802 -0.00624366 -0.00766212 -0.00396248 -0.00808736 -0.00451013 -0.016485 -0.000562463 0.00525285 0.000315852 0.00625128 -0.015203 0.0070985 0.0108684 -0.00554649 -0.00219357 0.00133259 -0.0172775 -0.0114435 -0.000560932 0.00331395 -0.00376163 -0.0100233 -0.00509151 0.00165453 -0.0158786 0.00177564 -0.00605393 0.00806502 0.00496692 0.00977463 -0.0142541
internal_weight=8586.71 5871.31 5342.15 4888.39 4626.14 2715.4 3107.23 2662.91 2577.8 2413.96 2741.07 2138.8 440.75 1518.92 2185.09 1337.11 692.039 181.805 262.244 1838.08 347.009 529.155 1698.05 128.484 602.272 1759 766.957 992.041 366.154 228.872 527.18 164.858 265.23 645.072 588.441 412.657 175.784 181.877 405.458 258.016 95.0329 453.764 191.314 810.164 591.585 407.383 323.721 405.53 518.009 1109.61 501.941 607.669 285.18 195.706 129.676 192.303 322.489 143.655 178.834 604.849 762.472 400.924
internal_count=38197 26200 23489 21058 19925 11997 13524 11747 11391 10616 11802 9000 1842 6401 9590 5624 2901 777 1133 8115 1475 2711 7158 554 2802 7755 3359 4396 1722 1026 2202 699 1121 2723 2494 1749 745 789 1694 1080 420 2431 825 3607 2497 1699 1352 2185 2419 4664 2108 2556 1198 831 550 810 1358 604 754 2668 3396 1893
is_linear=0
shrinkage=0.03


Tree=49
num_leaves=63
num_cat=0
split_feature=83 83 83 5 29 5 5 54 5 29 56 41 33 63 66 10 22 41 44 54 80 43 4 66 66 40 70 32 12 44 10 64 7 5 18 28 42 33 13 63 18 78 44 7 41 41 12 64 5 7 42 63 66 70 44 28 44 70 12 32 90 31
split_gain=258.361 72.0062 46.5584 32.6978 33.4471 29.8441 32.6759 29.4732 27.7918 30.98 24.1432 22.4062 24.639 22.1912 23.041 21.9164 25.005 24.6749 24.9855 21.3985 26.9729 35.2501 21.2513 20.1342 18.9342 21.8881 18.3163 17.9796 21.2912 28.2084 20.7709 20.6838 17.6 16.8363 17.2626 22.4997 15.8787 15.6924 15.6215 19.7412 15.5163 25.1013 17.859 19.2419 17.1459 15.1048 14.4006 14.2055 14.1676 15.9414 16.5786 14.1037 18.0948 17.0338 15.2058 24.4129 15.6214 17.1177 14.6582 14.376 19.2327 14.0528
threshold=0.4908346831798554 0.10351252555847169 1.543337941169739 -0.0013579669175669549 0.64619597792625438 0.00073688718839548539 -0.00068197125801816572 -0.26842699944972986 0.00090214307419955741 -0.61663898825645436 10.511068820953371 -1.0000000180025095e-35 673.31173706054699 0.94480377435684215 385.50000000000006 0.031270854175090797 19.500000000000004 -18.152448654174801 0.21868963539600375 -0.066109508275985704 29.945054054260257 3.1690975427627568 0.00059412678820081066 656.50000000000011 595.50000000000011 36.333688735961921 31648.500000000004 0.88749998807907116 0.0098244817927479761 -3.2137905359268184 0.078892294317483916 0.067579798400402083 -0.0015015314565971492 -0.00058367359451949586 30.034047126770023 -0.17850678414106366 38.768623352050788 501.47174072265631 0.011407141108065845 -0.15858851373195645 12.830715179443361 -0.071176707744598375 9.6085038185119647 0.0014357807231135669 -47.226825714111321 -14.727440834045408 0.014027299359440805 -0.85149618983268727 0.0014756770106032493 0.0020460782106965785 -13.129128932952879 0.86051779985427868 -377.49999999999994 12433.500000000002 -7.3957409858703604 -0.22225070744752881 6.2341039180755624 3277.5000000000005 0.01322389440611005 0.0224999999627471 0.93151196837425243 0.61250001192092907
decision_type=2 2 2 2 2 2 2 2 2 2 2 2 2 2 2 2 2 2 2 2 2 2 2 2 2 2 2 2 2 2 2 2 2 2 2 2 2 2 2 2 2 2 2 2 2 2 2 2 2 2 2 2 2 2 2 2 2 2 2 2 2 2
left_child=1 5 3 45 7 6 -1 23 9 32 15 19 -13 27 37 -8 22 18 -18 20 61 46 26 40 25 33 51 28 30 -30 -11 -32 38 -9 -35 -36 48 -15 -3 -40 41 -5 43 -42 -44 47 -22 -2 49 50 -4 52 -17 -53 55 -54 57 -56 -58 -57 -61 -6
right_child=2 8 36 4 11 -7 10 24 -10 13 -12 12 -14 14 -16 16 17 -19 -20 -21 21 -23 -24 -25 -26 -27 -28 -29 29 -31 31 -33 -34 34 35 -37 -38 -39 39 -41 42 -43 44 -45 -46 -47 -48 -49 -50 -51 -52 53 54 -55 56 59 58 -59 -60 60 -62 -63
leaf_value=-0.00019204917298630263 0.002220016183245663 0.013374139573466205 -5.9086127076487811e-05 -0.0014539294224593367 -0.025410383367987555 -0.0018642633362815552 0.020268693344076161 -0.016095616353589786 -0.0078641249968029129 0.0018517323546334721 0.019837837675369775 -0.016000346646468436 0.010548215067197095 -0.0068940441204858533 0.025772334749964751 0.023005991950102837 0.020975779447358647 -0.021710825329296492 -0.0070531766738085701 -0.021696903650533401 0.024459722475830482 -0.016793900298354064 -0.001028138525212764 0.020977958429449942 0.012215248825629133 0.005934812057186282 -0.0034309878848742766 0.010687602546916671 -0.0093726934731330515 0.0017393664366715277 0.0048127724249907499 0.027162367119024165 -0.015676663904030635 0.0045236450196934688 -0.017434214625326086 -0.0018243955035346338 -0.0017433617426355309 0.013199377425075541 0.0042775933118269042 -0.019667308538640418 -0.0049133214606736971 0.024638424586682355 0.022423586994340026 0.010368012733825626 0.00026929451791775724 -0.023440718715103909 0.00053589529103635321 -0.013369955972344385 -0.024862459658756123 0.00011977642541764953 -0.01952615589625736 0.013437005268166963 0.014587053812958486 0.032056758830052767 -0.00070788228682354176 -0.017137232947765688 0.0086375789504295735 0.016707891606289764 -0.0095752479180301435 0.013085347928141268 -0.010869090769016638 -0.0094100951555884348
leaf_weight=337.12166653573513 67.989035576581955 48.276028528809547 46.863276928663254 73.786878362298012 78.761729389429092 282.46167640388012 138.90934707224369 210.80636924505234 327.90876790881157 493.50455532968044 198.29814767837524 48.794116228818893 88.571823164820671 58.943706721067429 72.20403727889061 82.923011541366577 47.34736180305481 46.539645731449127 72.378028869628906 158.45669527351856 47.291643634438515 58.934271320700645 166.62761344015598 47.144581168889999 48.539446443319321 100.29415695369244 81.818719863891602 181.01229403913021 324.38936851918697 561.48229560256004 85.555302962660789 66.030744001269341 131.49660049378872 109.74854417145252 157.41477607190609 176.04243686795235 74.734631225466728 86.043095663189888 67.449050262570381 57.323858246207237 550.19972687959671 60.300319850444794 53.278869450092316 85.712559282779694 76.704064175486565 97.325469315052032 43.448867827653885 232.44380238652229 135.02322681248188 63.925131186842918 246.30727998912334 210.50188831984997 95.567172840237617 55.977465078234673 59.045040339231491 54.006277799606323 175.94992032647133 363.42730632424355 51.386308655142784 62.278102025389671 58.502273827791214 132.53249464929104
leaf_count=1408 310 200 251 331 356 1182 686 982 1424 2024 925 248 401 244 300 377 217 196 326 756 208 271 723 194 207 430 369 745 1331 2306 350 271 557 460 696 747 392 352 281 243 2356 255 222 362 323 500 202 1162 851 318 1353 995 436 264 268 243 798 1631 225 285 260 647
internal_value=-0.00031692 0.00387518 -0.00678614 -0.00520116 -0.00388429 0.00735102 0.00845462 -0.00171767 0.000291534 0.00148878 0.00989662 -0.00965708 0.00111783 0.00289253 0.011926 0.00881537 0.00787077 -0.00317422 0.00403133 -0.0125066 -0.00847225 0.00127134 0.0090805 0.00186685 -0.00594637 -0.00711507 0.0103269 0.0017465 0.00068935 -0.00232966 0.00483521 0.0145482 -0.00740337 -0.0091163 -0.00579665 -0.00919331 -0.0146278 0.00503049 -0.00111666 -0.00672331 0.000865733 0.0102801 -0.000782457 -0.0028536 0.00935015 -0.0131693 0.0130044 -0.00984189 -0.0165845 -0.0134545 -0.0164143 0.0112136 0.0095838 0.0173483 0.00837422 0.00239534 0.0108617 0.0142739 0.00452081 -0.00427066 0.00148256 -0.0153743
internal_weight=8574.06 5202.69 3371.38 2804.52 2406.76 2641.07 2358.61 1749.97 2561.62 2233.71 2021.48 656.792 137.366 1929.17 217.191 1823.19 1684.28 166.265 119.725 519.426 360.969 149.675 1518.01 947.127 802.846 754.306 1351.38 1711.97 1530.96 885.872 645.091 151.586 304.546 654.012 443.206 333.457 566.854 144.987 173.049 124.773 899.982 134.087 765.895 635.912 129.983 397.758 90.7405 300.433 492.119 357.096 293.171 1269.56 1003.09 266.479 920.162 270.354 649.809 422.472 227.336 174.787 120.78 211.294
internal_count=38233 22442 15791 12626 10654 11814 10632 7565 10628 9204 9224 3089 649 7923 896 8299 7613 739 543 2440 1684 681 6874 4043 3522 3315 6151 7027 6282 3637 2645 621 1281 2885 1903 1443 3165 596 724 524 3849 586 3263 2718 545 1972 410 1472 2773 1922 1604 5782 4523 1259 4146 1224 2922 1899 1023 788 545 1003
is_linear=0
shrinkage=0.03


Tree=50
num_leaves=63
num_cat=0
split_feature=83 83 5 17 26 64 17 5 3 5 31 67 29 50 64 41 53 64 5 18 70 16 83 40 41 64 7 14 53 3 69 69 51 64 69 44 6 41 54 59 9 31 29 29 41 64 26 18 7 6 58 68 29 63 70 44 7 26 64 64 17 40
split_gain=255.335 89.6317 42.6676 47.7331 30.521 28.9275 27.995 37.755 27.3454 24.0656 23.2359 26.5923 21.6024 21.3399 27.9975 19.249 19.1349 23.759 25.5482 26.5363 23.8187 20.2806 18.5768 19.1057 18.4559 20.4991 34.5813 24.1451 18.1735 17.9905 17.6449 22.6309 18.2592 17.3571 16.9379 20.4904 16.0382 16.1666 16.8703 29.8101 17.1436 20.599 15.7673 16.3393 15.458 20.1309 15.7693 15.4373 15.3388 15.33 18.2755 15.1209 24.5319 15.1125 18.33 14.495 14.4329 16.0858 15.4554 14.1965 14.1554 14.0295
threshold=0.13917518407106402 1.0874727964401247 -0.00088294071611016978 85.511924743652358 3.7575553655624394 -0.99771150946617115 81.354038238525405 -0.00027349703304935241 -0.00088114719255827356 0.00070856171078048657 0.97750002145767223 1196.5000000000002 -0.16740251332521436 0.99967437982559215 -0.54280677437782276 -47.973539352416985 1.0323297381401064 0.87985393404960643 0.00048864472773857426 68.228107452392592 6305.5000000000009 65.089424133300795 0.66275772452354442 31.989603996276859 -51.607326507568352 -0.90722548961639393 0.0014874336193315687 0.0084868371486663836 0.87773165106773388 -7.3798135417746366e-05 20573.500000000004 2130.5000000000005 0.044443801045417793 0.90352019667625438 5908.5000000000009 2.3481546640396123 -0.00044009854900650675 -47.590559005737298 0.8545438051223756 0.80833691358566295 0.00046023706090636557 0.10749999806284906 1.166577994823456 -1.0075990557670591 3.1346079111099248 0.94762688875198375 1.8463888764381411 59.824304580688484 -0.0016664069844409821 -0.0012549785315059123 -0.11789028346538542 0.6078576147556306 -0.54907664656639088 0.2861058115959168 12621.500000000002 2.6518213748931889 1.5668087144149471e-05 1.5179440975189211 0.054514370858669288 0.093673683702945723 17.109227180480961 -8.9442219734191877
decision_type=2 2 2 2 2 2 2 2 2 2 2 2 2 2 2 2 2 2 2 2 2 2 2 2 2 2 2 2 2 2 2 2 2 2 2 2 2 2 2 2 2 2 2 2 2 2 2 2 2 2 2 2 2 2 2 2 2 2 2 2 2 2
left_child=5 2 12 4 8 -1 7 28 -4 36 11 24 13 14 -2 -8 17 18 19 22 -19 -21 23 49 34 26 -26 -27 -7 -20 31 -5 59 -16 -3 -36 -9 -38 39 -39 41 -41 43 -29 45 -18 -46 -31 -45 -10 -51 52 -52 54 61 -47 -50 58 -58 -33 -30 -12
right_child=1 10 3 30 -6 6 15 9 16 -11 53 -13 -14 -15 33 -17 44 20 29 21 -22 -23 -24 -25 25 27 -28 42 60 47 -32 32 -34 -35 35 -37 37 38 -40 40 -42 -43 -44 48 46 55 -48 -49 56 50 51 -53 -54 -55 -56 -57 57 -59 -60 -61 -62 -63
leaf_value=0.029875576424902205 0.001167751077100246 0.01325515976315499 -0.013669609004520007 -0.019594371560748051 0.020484041441523462 -0.001967380784359013 0.015138521649454839 0.019669348628907572 0.015843227325933122 0.00085765469526812856 -0.0051074142194458584 0.014850729945016551 0.0066776281443679765 -0.019130634339501153 -0.014783107854656958 -0.0061067574429816956 0.0012210190502281943 -0.028497487756522447 -0.014744553831479172 0.025462765721788874 -0.0021862726518663981 0.0057462500230987777 -0.0070186796642336567 0.01730845372910635 -0.012054643885057082 0.0024086593281423025 0.018378597120349383 -0.023686875444166276 -0.0018142455295684676 0.013971199463702798 -0.023156461812256435 -0.0047473123150675043 -0.0092313323589850622 0.0013526077303333708 -0.02088403051255202 0.0071244934120016281 0.017375275919719886 0.010578958245989131 0.018911190502890834 0.015611349198040263 -0.014701182599670428 -0.0070453997465014118 -0.028721728451309918 -0.00023688093992568613 0.025695266213258065 0.021261662334798533 0.0037866026458725642 -0.0048446658379082191 -0.025038074113868082 0.015538640188192279 -0.022791549399545186 0.0043725400453827994 -0.0020084776737026313 -0.029912662218889385 -0.00091751372231196069 0.0034066970426543091 0.011851064420878162 -0.019371234151055169 -0.011626216350389268 0.012882587308694788 0.0093790602841264045 -0.027571970767637243
leaf_weight=49.99345275759697 246.94303901493549 54.336434230208397 113.9312825948 94.523732706904411 72.195845097303391 389.07525362074375 46.493005633354187 205.17958660423756 58.918815985321999 202.52301381528378 35.472226098179817 41.208986878395081 85.768950939178467 155.65048518776894 317.37987667322159 220.0070087313652 788.44231484830379 52.816282033920288 141.48212015628815 69.554035484790802 74.848229303956032 144.49569180607796 227.55999810993671 73.289621204137802 97.881850436329842 71.810524135828018 51.171365693211555 119.7565858066082 136.16100911796093 47.55824202299118 65.571597561240196 80.304631635546684 198.94627322256565 73.985271573066711 50.203406944870949 44.208698153495789 253.13783042132854 640.04125261306763 130.72677452862263 67.484759464859962 68.725047782063484 77.695169687271118 76.522786810994148 90.899811908602715 58.968692019581795 86.051935121417046 59.30443973839283 224.45397666096687 81.53502269089222 60.454309642314911 61.905369728803635 220.37680466473103 293.27286432683468 77.621699243783951 62.401564717292786 78.023118734359741 42.783359706401825 88.779672086238861 61.531457871198654 84.219378501176834 401.56414921581745 84.91197158396244
leaf_count=236 1092 262 477 438 301 1685 201 915 242 853 207 184 364 733 1466 921 3265 219 616 284 309 590 958 301 476 334 245 698 568 198 296 355 932 322 254 220 1218 2945 605 315 300 328 455 431 245 357 247 958 401 247 257 901 1195 480 353 325 217 444 309 355 1767 487
internal_value=-1.71146e-07 -0.0037128 -0.00171404 -0.000241431 0.00121372 0.00725367 0.00685528 0.00781419 0.000739814 0.0105418 -0.0108633 -0.00873244 -0.00762552 -0.00917064 -0.00674192 -0.00240035 0.0013216 -0.000610294 0.000369707 0.00256996 -0.0130715 0.012153 0.00051001 0.00274014 -0.00977583 -0.0116168 -0.00160663 -0.0139716 0.0029713 -0.00606792 -0.0086013 -0.00651742 -0.00311664 -0.0117327 -8.90549e-05 -0.00776897 0.011901 0.0106133 0.00887499 0.00733859 -0.00235714 0.00348626 -0.0160654 -0.0140696 0.0044807 0.00321056 0.0147098 -0.00155493 -0.0109188 0.00120372 -0.000152462 -0.0018006 -0.00563084 -0.0188224 -0.0141128 0.012771 -0.0144544 -0.00998538 -0.00199732 0.00427738 0.00654473 -0.0209526
internal_weight=8533.04 5644.23 4411.2 3531.47 3007.9 2888.81 2838.81 2572.31 2935.71 1645.51 1233.04 972.63 879.728 793.959 638.308 266.5 2821.78 1750.99 1623.32 1209.83 127.665 214.05 995.778 768.218 931.421 782.672 149.053 633.619 926.8 413.494 523.566 457.994 363.47 391.365 148.749 94.4121 1442.99 1237.81 984.673 853.946 213.905 145.18 561.809 485.286 1070.79 952.517 118.273 272.012 365.529 694.928 636.009 575.555 355.178 260.407 182.786 164.075 274.63 193.094 104.315 164.524 537.725 120.384
internal_count=38159 25302 18845 14868 12492 12857 12621 11499 12191 7479 6457 4930 3977 3613 2880 1122 11714 7275 6747 4975 528 874 4101 3143 4746 4010 721 3289 4020 1772 2376 2080 1642 1788 736 474 6626 5711 4493 3888 943 643 2955 2500 4439 3947 492 1156 1802 2842 2600 2353 1452 1527 1047 682 1371 970 526 710 2335 694
is_linear=0
shrinkage=0.03


Tree=51
num_leaves=63
num_cat=0
split_feature=83 83 77 5 12 64 4 5 41 6 90 30 33 5 65 57 38 80 34 33 65 60 11 77 74 64 36 25 38 11 58 25 38 74 69 56 64 57 58 51 77 18 64 90 30 36 64 57 81 40 40 80 25 13 56 30 57 4 56 64 13 64
split_gain=228.696 79.9922 45.8827 37.5096 32.1544 30.7334 27.9391 29.485 27.2949 26.5638 27.6862 30.9427 23.1943 22.0726 24.5563 26.7434 22.0035 21.8497 21.8129 20.0444 19.5093 19.4374 19.1242 18.6584 18.6191 18.602 17.9736 17.9513 16.4234 20.1384 24.4789 18.2529 18.1384 15.9414 15.9314 15.9255 39.2383 27.5462 21.1289 25.0808 15.9199 15.4327 14.6613 14.2961 14.4781 13.8663 13.7859 17.2017 25.2229 13.9782 13.6282 13.3814 12.893 12.577 12.4929 13.5438 13.4821 12.3175 12.0453 11.9148 12.8338 11.7683
threshold=0.13917518407106402 1.2923802733421328 -0.19756754487752912 0.00069463954423554252 0.0087396050803363341 -0.99771150946617115 -0.00068726073368452479 0.00073688718839548539 -53.128269195556634 0.00080678082304075371 -1.0098730921745298 0.32500000298023229 1512.6343994140627 -0.00026315855211578304 -81.499999999999986 89.821411132812514 -1.0000000180025095e-35 24.586878776550297 0.77583578228950512 379.59667968750006 354.50000000000006 8.1925168037414569 0.64177203178405773 -0.37425148487091059 -0.74121761322021473 -0.87142586708068837 -0.34086398780345911 8.2392497062683123 -0.028451561927795407 0.56784129142761242 0.50381579995155346 48.744308471679695 -0.32286901772022242 0.09268804639577867 5485.5000000000009 7.0139236450195321 0.66098293662071239 24.015249252319339 0.18005791306495669 0.03161598555743695 0.02352369669824839 58.957933425903327 0.47907376289367681 0.30254504084587103 0.075000001117587103 0.19836618751287463 -0.96185845136642445 24.483136177062992 -0.43806971609592432 1.0438540577888491 4.746913194656373 14.863908290863039 60.793941497802741 0.013295117300003769 6.1984949111938485 0.42499999701976782 29.415114402771 -1.9406971659918778e-05 6.2446393966674814 0.94336524605751049 0.021123568527400497 -0.16289508342742917
decision_type=2 2 2 2 2 2 2 2 2 2 2 2 2 2 2 2 2 2 2 2 2 2 2 2 2 2 2 2 2 2 2 2 2 2 2 2 2 2 2 2 2 2 2 2 2 2 2 2 2 2 2 2 2 2 2 2 2 2 2 2 2 2
left_child=5 2 23 4 35 -1 -7 13 17 10 11 12 25 27 15 28 22 -5 41 -3 46 -18 58 -2 -25 -6 50 -8 32 -30 34 -32 -15 -29 -31 36 42 -37 -39 -40 -27 -10 43 44 -4 54 49 48 -48 -21 57 -9 -50 -28 -43 -56 -57 -11 -12 60 61 -26
right_child=1 19 3 8 9 6 7 51 18 26 16 -13 -14 14 -16 -17 21 -19 -20 20 -22 -23 -24 24 59 40 53 33 29 30 31 -33 -34 -35 -36 37 -38 38 39 -41 -42 45 -44 -45 -46 -47 47 -49 52 -51 -52 -53 -54 -55 55 56 -58 -59 -60 -61 -62 -63
leaf_value=0.029751897399477357 -0.027960518982627365 -0.018825341901789413 0.016953693666428481 -0.0028235758660215731 0.020009057347857368 -0.0016585734334265776 0.022621718114340723 0.0096777375261055121 0.0038139340485850845 -0.003994327863822705 -0.012546954129797878 -0.0061558068820228651 -0.010750520154567669 0.008799336131173811 0.01626758298284461 -0.010240694631546667 -0.0082221461608209551 0.022608066594393642 0.00028038570312870513 0.012830477785168482 0.010839350902944075 -0.026031932967778455 0.012039049330752168 0.0023165939074602641 -0.0051798738422587946 0.0023919665233173401 0.022104357744400241 0.0064180955715889658 0.012079895423720665 -0.019821697115309893 0.021598744052246283 -0.00088967782871780018 0.020873131579557867 -0.003717815051890532 0.0025770827755429541 -0.0076263889009187125 0.030647074381750666 0.023724831634343222 -0.012195559979622256 0.014773494380276803 0.017167445387141746 -0.022122740621726835 -0.0056653449049095727 0.016983598505405064 -0.0026369124039193814 -0.0055661773369937648 -0.022961833518281675 -0.015701306772272897 0.018530087393361611 -0.011800047818309756 -0.011061245783722216 -0.0048459028986892767 -0.0052202675532834414 0.0063626165011862199 -0.01910474260612163 0.006704508756336696 -0.011487205538202754 0.01549208447220541 -0.0016158782289950246 0.0040763569540542338 -0.026054308632414584 -0.015611902107325935
leaf_weight=52.534543603658676 44.574985846877098 258.41982364654541 48.940121725201607 72.720663949847221 91.024023845791817 326.54481069743633 45.208930790424347 76.644740149378777 68.238553926348686 56.757832854986191 118.10446217656136 309.59343974292278 69.625784039497375 292.50845964252949 507.61818078160286 66.263275563716888 321.82645697891712 52.250833719968796 265.92600850760937 42.963173359632492 42.225434079766273 66.558406725525856 75.392154529690742 128.1151410639286 203.22076135873795 357.54081381857395 80.17127251625061 420.32294867932796 223.12925720214844 67.43644480407238 55.591834619641304 78.142440259456635 181.44844634830952 209.13561937212944 49.598485380411148 159.53056187927723 70.43090982735157 61.644451290369034 57.912937432527542 66.870004668831825 80.384800046682358 132.90031607449055 74.776911094784737 122.53433260321617 110.85709603130817 247.25239968299866 37.338358774781227 347.44597071409225 41.535633772611618 40.084917232394218 65.545393750071526 223.83098062872887 40.756131142377853 106.17105306684971 109.91164943575859 54.485145255923271 112.10542391240597 60.116524025797844 391.3879222869873 45.53293876349926 51.909986436367035 186.76936054229736
leaf_count=250 228 1469 204 315 372 1380 201 324 291 236 497 1313 286 1335 2372 283 1342 223 1192 216 201 280 309 569 947 1510 331 1866 1040 296 256 342 832 910 224 657 291 254 237 275 331 621 308 504 458 1116 211 1939 201 203 275 929 205 441 525 244 518 249 1640 203 248 869
internal_value=0.000129813 -0.00337546 -0.00187263 -0.000701291 0.00103348 0.00701659 0.00659357 0.00767279 -0.00540236 -0.000780329 -0.00222339 0.00154401 0.00552649 0.00887858 0.0108811 0.00818482 -0.00573879 0.00780944 -0.00706876 -0.0118536 -0.00881216 -0.0112743 -0.00206303 -0.00921783 -0.00786057 0.00766903 0.0065822 0.00436192 0.00947292 0.00552373 -0.000309819 0.00845851 0.0134216 0.00305047 -0.0103293 0.00631007 0.0101823 0.00152471 0.00935553 0.0022569 0.00510413 -0.00976478 0.00614612 0.00927445 0.00336298 -0.0111759 -0.0103205 -0.0123231 -0.00251154 0.000942034 -0.000111791 -0.00114124 0.0067674 0.0131353 -0.0145637 -0.0109305 -0.00553742 0.00602887 -0.00414979 -0.0105355 -0.0120411 -0.0101759
internal_weight=8526.34 5650.38 4799.61 4139.49 3023.7 2875.96 2823.42 2496.88 1115.79 2250.2 1881.44 908.169 598.575 2196.4 1521.74 1014.12 973.269 124.971 990.819 850.769 592.35 388.385 584.885 660.123 615.548 528.95 368.762 674.667 947.855 473.898 250.769 133.734 473.957 629.459 117.035 773.497 427.539 345.958 186.427 124.783 437.926 724.893 357.108 282.332 159.797 656.655 550.124 467.076 119.63 83.0481 182.42 300.476 82.2918 186.342 409.403 276.502 166.591 116.874 509.492 487.433 441.9 389.99
internal_count=38194 25354 20709 17645 12600 12840 12590 11210 5045 9412 7880 3812 2499 9957 6980 4608 4068 538 4507 4645 3176 1622 2446 3064 2836 2213 1532 2977 4325 2158 1118 598 2167 2776 520 3188 1765 1423 766 512 1841 3315 1474 1166 662 3024 2975 2556 617 419 760 1253 406 772 1908 1287 762 485 2137 2267 2064 1816
is_linear=0
shrinkage=0.03


Tree=52
num_leaves=63
num_cat=0
split_feature=83 83 5 5 42 29 70 52 26 14 10 77 80 29 29 52 68 33 41 31 53 14 10 69 4 80 26 6 30 77 3 41 53 52 59 65 52 26 46 9 13 54 52 53 54 69 40 69 26 20 3 30 65 32 91 54 41 32 13 7 10 70
split_gain=221.473 66.1977 31.2778 34.2441 26.9388 25.7036 29.7207 36.5527 29.8648 24.8615 26.5625 24.9881 24.3805 25.7056 23.7713 22.8764 22.2353 27.4711 21.8048 20.3008 22.1875 20.0233 19.7969 22.0941 19.2889 19.1816 19.0339 18.8773 18.4087 17.5669 17.1955 16.7813 16.4704 19.4793 18.8005 18.437 16.454 23.6336 27.6904 21.3397 16.5977 16.3545 16.1734 18.254 16.3396 19.5868 16.4634 15.9796 17.3856 15.9387 15.1738 14.585 27.6775 17.4228 16.1917 14.5489 19.5272 14.3471 14.2656 13.9616 13.9472 13.9453
threshold=0.20561888813972476 1.1474119424819949 0.00088445039000362169 -0.00048097991384565825 -46.253950119018548 0.19461512565612796 18768.500000000004 0.13227381557226184 2.2685538530349736 0.017612531781196598 0.18532114475965503 -0.21709526330232617 26.060076713562015 0.99699327349662792 -0.5916333496570586 0.13762427121400836 0.6078576147556306 1793.3093872070315 -36.410087585449212 0.97250002622604381 1.4007718563079836 0.0086523536592721956 0.10175383090972902 5861.5000000000009 -0.00068726073368452479 15.98778009414673 1.5657908916473391 -0.00057333329459652294 0.82500001788139354 0.19721233099699023 0.00031679982203058904 -42.549798965454094 0.8979996144771577 -0.21073463559150693 0.41661694645881658 186.50000000000003 -0.05861943028867244 0.9825529456138612 0.99983853101730358 -0.00079698447370901693 0.010018855798989536 -0.50208368897438038 -0.2539199143648147 0.82377463579177868 -0.50208368897438038 6594.5000000000009 -4.4804348945617667 18258.500000000004 0.84440749883651745 0.27908831834793096 -0.000289254545350559 0.17500000447034839 -386.49999999999994 0.69749999046325695 0.57631608843803417 -1.5881813168525694 -24.948523521423336 0.042500000447034843 0.010106596630066635 0.00023354370932793247 0.075920928269624724 10354.500000000002
decision_type=2 2 2 2 2 2 2 2 2 2 2 2 2 2 2 2 2 2 2 2 2 2 2 2 2 2 2 2 2 2 2 2 2 2 2 2 2 2 2 2 2 2 2 2 2 2 2 2 2 2 2 2 2 2 2 2 2 2 2 2 2 2
left_child=2 4 3 25 -2 16 7 8 18 12 28 -12 14 42 22 36 17 24 -7 20 21 -3 60 -24 -5 -1 31 -26 -11 51 47 -23 50 34 -34 -35 37 38 -16 40 -39 -28 -14 -44 45 46 -45 48 -17 -29 -27 -13 53 -53 -54 -21 -57 -20 -38 -9 -6 -50
right_child=1 19 -4 5 9 6 -8 59 -10 10 11 29 13 -15 15 30 -18 -19 57 55 -22 26 23 -25 27 32 41 49 -30 -31 -32 -33 33 35 -36 -37 58 39 -40 -41 -42 -43 43 44 -46 -47 -48 -49 61 -51 -52 52 54 -55 -56 56 -58 -59 -60 -61 -62 -63
leaf_value=0.0082785604350868493 0.020034283234424646 0.0028009575410407185 -0.0037365669643925387 -0.011632185544318038 -0.0067371939540057648 0.021815099591256572 0.01632764430314031 -0.019584783563843213 -0.011231554835901885 -0.01703392097624341 -0.018737234131579256 0.011329569160420244 -0.0083835280364261897 -0.017739587008386157 -0.00050351829818798776 0.0091508970484471576 0.01529619176787823 0.016923133742815951 -0.0093205309467319208 -0.033113028139830233 0.0018152348350990641 0.011612453699766366 -0.013364880032970284 0.0066230780710378242 0.018559056663646604 -0.00030208742870194833 -0.012403542229894508 -0.0045060592924533903 -0.0013523769639784825 -0.0151303331340936 -0.0004803931399139768 -0.0098637845789816981 -0.020815119405020739 0.012600123181149609 0.0050095569389773638 -0.0085657205874156428 0.010815362488447711 0.023466034367721555 -0.026895021089170863 -0.0042946168009869662 0.0022758586331192011 -0.026648843321060867 -0.0018972090783590597 0.034904993077036123 0.0034877534772631753 0.0064780427428366158 0.011632003548752563 -0.023177989925217711 -0.0035620848542042604 0.0071876660003691636 -0.016426733314560071 -0.0047590494702122498 -0.026741620783309869 0.018732143310744478 -0.0018767873495683215 -5.424976329473875e-05 -0.020147179084723021 0.0082883888472551608 0.0010553514029682089 -0.0015695731260468018 -0.022247271137077005 -0.018416910536348658
leaf_weight=239.8518799841404 48.361372098326683 86.747390493750572 276.8757601827383 56.776239857077599 88.798247471451759 91.391008108854294 140.62983070313931 85.780291303992271 78.752262458205223 274.8027700483799 70.794693574309349 124.92605838179588 90.745957925915718 53.267464444041252 73.862393632531166 47.668711960315704 600.21706035733223 235.37733471393585 51.946754992008209 46.119238153100014 159.37269738316536 38.105102181434631 93.639989405870438 106.24118947982788 100.80192951858044 103.8156478703022 193.9950936883688 135.88352444767952 89.256185933947563 54.646564528346062 265.66244760155678 232.81522965431213 52.527367174625397 159.56672082841396 49.0750432908535 48.23577119410038 204.17692478001118 53.367091551423073 69.397965908050537 252.0470080524683 88.329714894294739 115.84814934432507 251.26899679005146 53.70180082321167 355.73010294139385 155.21550534665585 55.762126713991165 72.22556483745575 117.16756738722324 460.12450510263443 106.30954824388027 51.256087407469749 44.751157402992249 63.765098288655281 49.798979297280312 60.309283748269081 156.46889398992062 209.94355934858322 396.55921159684658 70.567375302314758 126.53288941085339 110.53246721625328
leaf_count=1022 205 405 1148 244 381 420 627 364 338 1207 350 536 423 249 312 203 2783 1120 230 285 796 187 437 493 439 431 1024 613 383 278 1178 1218 215 676 202 203 834 220 292 1056 370 628 1057 224 1510 644 233 313 510 2105 441 227 200 280 220 344 929 908 1625 298 566 481
internal_value=-7.57396e-05 -0.00398657 0.00592151 0.00679041 -0.00222214 0.0086016 0.00393755 0.000976182 0.00547438 -0.00249083 -0.00713508 -0.00234295 -0.00128814 0.00254689 -0.00308631 -0.00155596 0.0107412 0.00797663 0.00919841 -0.0105507 -0.00824193 -0.0106431 -0.00953995 -0.00274085 0.00518226 0.00126131 -0.0126513 0.0065523 -0.0131893 0.000639568 -0.00622656 -0.00684314 -0.00197835 0.00242358 -0.00834153 0.00768704 0.000961556 -0.00285427 -0.0132881 0.000941969 0.0102567 -0.0177298 0.00366969 0.00492449 0.00768731 0.0133315 0.0230495 -0.0106183 -0.00732406 0.00452162 -0.0084601 0.00321588 -0.00162071 0.00826393 -0.0136455 -0.0178124 -0.0145572 0.00479561 0.00437256 -0.0114536 -0.0158512 -0.0107731
internal_weight=8498.49 5144.04 3354.45 3077.57 4054.26 2318.19 729.011 588.381 432.034 4005.9 823.998 459.939 3181.9 1015.69 2166.21 1751 1589.18 988.964 353.281 1089.78 826.884 667.511 415.212 199.881 753.586 759.382 580.764 696.81 364.059 389.144 613.257 270.92 519.53 309.405 101.602 207.802 1137.74 537.004 143.26 393.744 141.697 309.843 962.424 871.679 620.41 264.679 109.464 347.594 275.369 596.008 210.125 334.497 209.571 115.021 94.5501 262.897 216.778 261.89 600.736 156.348 215.331 227.7
internal_count=38140 23313 14827 13679 17497 10489 3185 2558 1896 17292 3681 2091 13611 4340 9271 7394 7304 4521 1558 5816 4258 3462 1877 930 3401 3190 3057 3157 1590 1741 2685 1405 2168 1296 417 879 4709 2250 604 1646 590 1652 4091 3668 2611 1101 457 1507 1194 2718 872 1463 927 507 420 1558 1273 1138 2459 662 947 991
is_linear=0
shrinkage=0.03


Tree=53
num_leaves=63
num_cat=0
split_feature=83 83 29 52 60 4 29 52 26 33 54 52 50 18 3 77 31 59 65 63 63 13 26 25 52 18 60 77 31 18 49 30 15 80 52 9 33 41 69 33 69 80 9 65 41 25 57 54 77 42 54 40 79 26 61 25 77 57 63 3 52 57
split_gain=233.695 68.12 44.355 44.8006 33.2968 30.7453 31.0249 27.5247 24.7807 23.3256 25.9247 22.1371 22.0882 21.3721 22.367 23.01 22.9596 21.1345 20.1194 19.9797 21.0687 31.153 29.243 24.2751 24.682 23.9751 20.8403 19.3716 19.1554 18.3618 17.7986 19.251 22.7633 18.0754 17.7832 17.2981 18.6981 17.2554 17.2009 23.6396 16.9335 16.9804 19.4602 16.8822 16.8391 20.8511 18.6191 16.4311 16.3337 16.2124 16.0408 16.0373 14.721 14.6123 14.4895 14.4552 14.6494 14.4156 14.2725 14.236 15.2393 15.4405
threshold=0.4908346831798554 0.10351252555847169 -1.0759288668632505 0.3180836439132691 12.915895938873293 -0.00096212598145939399 0.32177469134330755 0.27206397056579595 1.808242976665497 362.73524475097662 -0.4236814528703689 -0.33728338778018946 1.0027699470520022 11.780463218688967 -0.00033353980688843871 -0.13756147772073743 0.9624999761581422 -0.68161344528198231 -821.49999999999989 0.98120620846748363 0.31109040975570684 0.010926756076514723 1.2392886877059939 42.936883926391609 -0.21073463559150693 55.455224990844734 8.537626266479494 -0.072877828031778322 0.49250000715255743 38.918195724487312 1.0002405047416689 1.0000000180025095e-35 50.974149703979499 13.651201248168947 0.066782645881176009 0.0025580239016562705 2309.324829101563 -11.564351081848143 6324.5000000000009 1065.0476074218752 2605.5000000000005 23.684583663940433 -0.00022207854635780674 354.50000000000006 -45.00854301452636 17.546585083007816 29.415114402771 0.14464386552572253 -0.033250637352466576 1.6949310898780825 -1.344562768936157 -18.859725952148434 -0.0021843832219019528 0.95883992314338695 2.6743820905685429 63.619501113891609 -0.15528684854507444 24.934078216552738 -0.87142586708068837 0.00016598646470811221 0.47277128696441656 25.75476169586182
decision_type=2 2 2 2 2 2 2 2 2 2 2 2 2 2 2 2 2 2 2 2 2 2 2 2 2 2 2 2 2 2 2 2 2 2 2 2 2 2 2 2 2 2 2 2 2 2 2 2 2 2 2 2 2 2 2 2 2 2 2 2 2 2
left_child=1 5 17 4 11 -1 12 9 -8 10 51 49 30 27 34 29 43 -2 -5 20 23 22 25 24 -11 -22 -26 -13 -21 -16 31 32 35 -33 -15 -7 -37 -12 -23 -40 -25 42 -42 44 45 46 -17 -44 53 -4 -35 -3 -52 -32 -39 56 58 -53 -19 -20 61 -61
right_child=2 7 3 18 -6 6 8 -9 -10 19 37 13 -14 14 15 16 -18 55 59 28 21 38 -24 40 26 -27 -28 -29 -30 -31 48 33 -34 50 -36 36 -38 54 39 -41 41 -43 47 -45 -46 -47 -48 -49 -50 -51 52 57 -54 -55 -56 -57 -58 -59 -60 60 -62 -63
leaf_value=-0.0062437342376172097 0.0034197018826113107 0.0016100131509715603 -0.028085387028344174 0.005669971968494193 0.014499376139350945 0.019278002109490877 0.0062770766515187395 -0.011018025467139122 -0.0087887249420826805 -0.0079441189101121471 0.010252948590005018 0.00054639939170550867 -0.0090211114536541109 -0.0061419035937747106 -0.01776676340198672 -0.018832929606519572 -0.015316773274551276 -0.0047499906771343303 -0.026495397808675072 0.029492512751609651 -0.010023933535827492 -0.012432990379306801 0.020501826032462169 0.01050940405666068 0.018884205426917895 0.011666312308627717 0.0031271295729798239 0.021216113135968617 0.0050605520751417308 0.0020825638045593427 -0.0024465144015552668 0.010552574212570434 -0.0020096430780884556 0.012662804805269171 -0.018537631265667143 0.014014987925388585 -0.0061831694402653984 0.0095036309905888929 0.0099060732356833544 -0.012624918729379875 0.0021062247196955131 0.0062097979125536147 -0.0019700653747056866 0.016661887294243082 -0.0028977790323830308 0.011945935088481598 0.0076451191107228004 -0.023461505003552367 0.017939159755407066 -0.0086465905836315103 -0.0087649960909470942 -0.02367518880030163 0.003974954469550933 0.012510276728684331 -0.010269950034063547 -0.033546306815211202 -0.0020239463837677285 -0.0082305313955159005 -0.025012258166512608 0.0056455439286437247 -0.025356438763616547 -0.014049195815245994
leaf_weight=140.9951798170805 40.758330807089806 95.033559262752533 54.004786282777786 39.2303586602211 87.507531017065048 291.31412237882614 269.1472177952528 174.63359636068344 154.75685381889343 54.564532622694969 149.26448655128479 206.35830301046371 55.19866943359375 308.29328559339046 149.72324322164059 47.795569688081741 101.04154074192047 40.51046846807003 100.62725169956684 48.672559559345245 105.64722245931625 229.62144476175308 86.392989367246628 125.88586039841175 232.81647126376629 81.050357609987259 111.82904115319252 50.866193115711212 71.027993962168694 58.266686797142029 77.626850470900536 278.73226241767406 86.838170975446701 80.127041891217232 157.31182713806629 131.29284019768238 60.145613893866539 48.671049028635025 96.707352578639984 73.965035527944565 116.31264324486256 139.98067493736744 54.027956053614616 49.753321081399918 1019.6655869632959 168.62697556614876 47.811177715659142 78.587646946310997 407.1857803016901 135.49844211339951 161.27079005539417 77.084850460290909 165.29386945068836 242.23231720924377 105.96659959852695 54.644984930753708 50.027532681822777 184.73816189169884 137.42002612352371 49.982261076569557 66.132632300257683 126.4983703494072
leaf_count=590 224 400 285 199 376 1390 1174 760 646 226 621 931 227 1362 698 201 516 244 558 203 435 952 359 521 960 333 460 215 293 255 355 1303 390 367 744 578 274 203 403 305 481 578 223 207 4501 713 203 325 1897 698 724 318 745 1103 445 314 271 777 809 247 402 699
internal_value=-4.64935e-05 0.00396822 -0.00621497 -0.00508606 -0.0036971 0.00738049 0.00816099 0.000475857 0.000776926 0.00132355 -0.00346239 -0.00432031 0.00969744 -0.00352994 -0.00452597 -0.00288087 -0.00152898 -0.0167757 -0.0146825 0.00317604 0.0022848 -0.00174183 0.00607041 0.00525138 0.0108033 -0.000607624 0.0137714 0.00463384 0.0149951 -0.0122061 0.0102187 0.00805496 0.0121308 0.00466788 -0.01033 0.0146745 0.00766919 0.00297688 -0.00707154 0.000141719 0.000945997 -0.00214958 -0.00685034 -0.000484371 -0.00114882 0.00560034 -0.00559174 -0.0147058 0.0139538 -0.0141863 0.000634709 -0.00894613 -0.00231655 0.0088804 -0.00404636 -0.0196884 -0.0163664 -0.0127777 -0.020399 -0.0170087 -0.0130739 -0.00847132
internal_weight=8493 5144.64 3348.36 3025 2642.52 2602.16 2461.16 2542.48 423.904 2367.85 660.759 2555.02 2037.26 2365.51 2108.29 1642.68 1434.69 323.361 382.471 1707.09 1587.39 673.384 273.091 914.005 399.21 186.698 344.646 257.224 119.701 207.99 1982.06 1255.01 569.591 685.424 465.605 482.753 191.438 303.902 400.294 170.672 514.795 388.909 248.928 1333.65 1283.9 264.234 95.6067 132.616 727.045 189.503 406.692 356.857 326.565 319.859 154.638 282.603 227.958 261.823 177.93 343.241 242.613 176.481
internal_count=38216 22344 15872 14010 11905 11763 11173 10581 1820 9821 2764 11529 9353 10546 9400 7294 6341 1862 2105 7057 6561 2787 1127 3774 1646 768 1420 1146 496 953 9126 5771 2632 3139 2106 2242 852 1269 1660 708 2128 1607 1029 5825 5618 1117 404 548 3355 983 1836 1495 1469 1458 648 1638 1324 1095 1053 1906 1348 946
is_linear=0
shrinkage=0.03


Tree=54
num_leaves=63
num_cat=0
split_feature=83 83 17 5 64 5 29 28 2 58 59 47 7 29 12 51 32 12 5 32 54 51 66 29 83 57 2 68 12 32 65 6 27 6 14 27 70 7 63 25 65 16 57 80 60 70 58 63 90 64 63 5 63 56 1 77 14 43 40 70 25 54
split_gain=204.707 83.3058 33.3607 43.8643 30.2227 24.5051 47.2347 28.9636 24.3143 21.8875 23.6196 19.9559 30.7103 19.0716 21.5128 26.5677 30.7928 26.8433 21.5341 21.406 19.3157 18.462 17.9885 19.5109 17.885 18.3191 17.6036 16.6502 16.5773 16.5206 23.0744 16.6514 16.2166 19.4946 16.1184 16.1059 15.813 15.5368 15.4428 18.4438 18.1189 20.849 15.2783 15.2251 15.0665 15.0136 14.963 14.9207 15.5999 14.6658 14.4892 14.4872 14.3437 14.2972 13.6681 13.5626 18.692 13.6266 14.101 13.3332 13.3243 12.6269
threshold=0.15037757903337481 1.1998813152313235 86.161594390869155 -0.00086629900033585716 -0.99771150946617115 -0.0004909897397737949 0.16160547733306888 -0.08545344695448874 -0.00039694659062661225 -0.12706050276756284 -0.32273253798484797 0.99778801202774059 -0.0022226620931178327 -0.58163398504257191 0.012728246394544842 0.03161598555743695 0.27750000357627874 0.0074462066404521474 0.00042287932592444127 0.47249999642372137 -1.3611185550689695 0.033404761925339706 195.50000000000003 0.36625815927982336 2.0336730480194096 18.748115539550785 -2.0766253328474701e-05 0.6078576147556306 0.0094555867835879343 0.097500000149011626 24.500000000000004 0.00031526079692412173 -0.021362519823014733 0.00080678082304075371 0.0076471799984574327 1.5231002569198611 29913.500000000004 0.00011106201782240534 0.32350382208824163 46.259965896606452 -496.49999999999994 57.391994476318366 22.081564903259281 23.780121803283695 10.553853511810305 5622.5000000000009 0.30863793194293981 -0.90164175629615773 0.53307643532753002 0.093673683702945723 0.093673683702945723 -0.0021264930255711074 0.43247817456722265 4.304157257080079 -1.9971789697592609e-05 0.15971739590168002 0.021810850128531459 -2.7671172618865962 -8.7295837402343732 9992.5000000000018 85.164726257324233 -0.44759947061538691
decision_type=2 2 2 2 2 2 2 2 2 2 2 2 2 2 2 2 2 2 2 2 2 2 2 2 2 2 2 2 2 2 2 2 2 2 2 2 2 2 2 2 2 2 2 2 2 2 2 2 2 2 2 2 2 2 2 2 2 2 2 2 2 2
left_child=4 2 3 8 -1 21 27 37 51 10 -5 12 -11 20 15 16 18 -17 34 36 -13 -6 23 -9 25 54 -25 29 -12 31 38 -7 55 -34 -15 -27 47 -8 40 -40 41 -31 -22 -44 -14 -4 -39 48 -19 -47 -30 -2 -10 -23 -3 56 57 58 -16 -21 -26 -54
right_child=1 24 45 9 5 6 7 22 52 11 28 13 44 14 32 17 -18 19 -20 59 42 53 -24 26 60 35 -28 -29 50 30 -32 -33 33 -35 -36 -37 -38 46 39 -41 -42 -43 43 -45 -46 49 -48 -49 -50 -51 -52 -53 61 -55 -56 -57 -58 -59 -60 -61 -62 -63
leaf_value=0.028994589598222181 -0.011214680338284221 -0.0088779913730202102 -0.016495253553204327 0.025891924331428947 -0.017663891141459529 0.016187050296353225 -0.014485589884325162 0.0080697988004768614 -0.0064256822071835033 0.012781214819088537 0.015973494397918241 0.010164671958941151 -0.014151986176828016 0.014964634225641453 -0.0063085711787280027 0.022662749400247321 -0.017769727096835858 0.002918140193979644 -0.013495929434343652 0.0069752087377892482 -0.020689085970013128 0.015035043461741315 0.011812907727701969 -0.016431253411441003 -0.021655132186292256 -0.012168110368104305 0.0017207408395373558 0.015116808897371352 -0.0098888495772826261 -0.012148025550498705 0.015835556807284868 -0.0033284162031174112 -0.0028745815744429899 0.010054026598726408 -0.0010258157900353507 0.0039501678632549182 -0.01420631477987061 0.013043075162777217 0.0060750659813562256 -0.016503567100832128 0.013603177998025233 0.012681978805743411 -0.014429908164506115 0.0070458560864947424 0.0033319143351079592 -0.010770470987807661 -0.0092825592329020129 0.00092041137575710826 0.02622113991553136 0.0014761077060225808 0.0072535368534149807 0.0025449552475108913 -0.0095781822529755044 0.00052360993301806859 0.014367480375454643 -0.018755182316869685 0.011837742272025397 -0.011407267475199448 0.013674253442111303 0.020066459390915111 -0.0055022863370233254 -0.023995900151230719
leaf_weight=52.855247467756271 89.133183002471924 41.875097051262856 156.81199982762337 57.78685936331749 45.078963190317154 292.12151771783829 120.52683334052563 204.40943831205368 332.90704838931561 60.832742750644684 80.831041663885117 49.402179360389709 226.3081338852644 110.72041267156601 87.45698170363903 91.932760238647461 87.53390446305275 55.714334815740585 59.559410750865936 179.47086083889008 82.49010194838047 69.468276455998421 242.13784028589725 76.428412169218063 200.04540963470936 568.78292347490788 129.65102392435074 537.44673825800419 80.051331639289856 77.148196533322334 132.9359377771616 45.47456169128418 245.70854073762894 183.25404150784016 116.35474833846092 61.862534403800964 49.130926489830017 50.772323131561279 56.56749464571476 76.725263625383377 128.80789490044117 50.264370322227478 60.510667249560356 58.368459701538086 55.172939717769623 199.13506656885147 57.74848185479641 384.06856608390808 48.24191702902317 157.70358034968376 99.573084339499474 302.8889192044735 117.22450248897076 507.52725584805012 49.88574643433094 60.185911297798157 60.742530137300491 193.10139483213425 49.924047574400902 114.81178399920464 59.670382753014565 102.44772104918957
leaf_count=253 431 212 726 241 195 1393 517 918 1522 253 333 204 958 456 364 379 361 231 248 741 351 291 1088 323 1205 3010 546 2527 336 348 616 207 1020 785 477 334 203 221 262 348 581 227 259 246 231 937 248 1590 200 708 414 1339 553 2146 244 279 258 816 208 478 356 495
internal_value=0.000137465 -0.00326865 -0.00155742 -0.000640509 0.00651319 0.00610362 0.00754404 0.00210673 -0.00629794 0.00108937 0.00854069 0.000233605 -0.00654768 0.0011894 0.00209149 0.00454745 -0.00219615 0.0072801 0.00255978 0.00557923 -0.00664508 0.000826163 0.00532797 0.00150266 -0.0111921 -0.00876471 -0.00501127 0.0109744 0.004691 0.00838584 0.00504351 0.0135583 -0.00152824 0.00264856 0.00677103 -0.010587 0.00201631 -0.00707158 0.00136032 -0.00692153 0.00566875 -0.00235257 -0.010769 -0.00388552 -0.010725 -0.00875818 0.00116267 0.00364949 0.0137321 -0.00535814 -0.000386131 -0.000583542 -0.010352 0.00227074 0.0037594 -0.00549734 -0.00345775 -0.00626906 0.000953156 0.0120826 -0.017944 -0.0163021
internal_weight=8483.71 5529.61 4547.49 4033.84 2954.1 2901.24 2279.17 881.674 944.601 3089.24 318.242 2771 342.314 2428.68 2177.91 1297.54 374.168 923.371 286.635 831.438 250.771 622.074 652.627 410.489 982.122 722.406 206.079 1397.49 260.455 860.045 522.449 337.596 880.373 428.963 227.075 630.645 537.156 229.048 389.513 133.293 256.22 127.413 201.369 118.879 281.481 513.651 108.521 488.025 103.956 356.839 179.624 392.022 552.579 576.996 91.7608 451.411 391.225 330.482 137.381 294.283 259.716 219.672
internal_count=38247 24992 19631 17260 13255 13002 10370 3861 4340 12920 1324 11596 1442 10154 9094 5364 1542 3822 1181 3443 1060 2632 2875 1787 5361 3800 869 6509 1083 3982 2382 1600 3730 1805 933 3344 2224 986 1766 610 1156 575 856 505 1189 2371 469 2021 431 1645 750 1770 2570 2437 456 1925 1646 1388 572 1219 1561 1048
is_linear=0
shrinkage=0.03


Tree=55
num_leaves=63
num_cat=0
split_feature=10 31 66 5 5 63 18 64 56 53 68 64 64 17 40 30 63 60 70 59 70 64 58 57 64 54 26 54 48 47 64 38 69 10 26 40 70 66 80 64 70 70 4 65 22 26 60 2 64 77 17 17 40 81 17 41 31 63 63 69 26 64
split_gain=163.269 63.7832 45.4508 44.3358 41.4266 29.6949 29.419 27.3383 28.9773 26.0503 27.6135 35.1954 46.4712 25.9679 25.9376 25.5227 27.9925 24.4055 29.6384 24.1493 27.3677 21.556 20.9671 20.2154 19.9753 19.7869 23.8182 21.1036 19.3816 20.304 19.2551 18.9133 25.2502 21.0582 20.0378 18.8112 18.5568 17.9264 17.6488 17.2838 17.2327 20.8852 17.1803 17.0257 16.7331 16.2121 16.1757 16.5318 15.7953 19.6482 15.7236 15.7098 19.14 16.7195 15.5177 21.0519 16.6311 15.4543 20.1749 15.3368 16.7912 14.9234
threshold=0.12458229064941408 0.096249997615814223 656.50000000000011 0.0014756770106032493 -0.0013579669175669549 0.95037782192230236 12.830715179443361 0.66098293662071239 9.7214808464050311 0.9290660321712495 0.6078576147556306 0.83508598804473888 0.66098293662071239 25.424438476562504 5.9073600769042978 0.22500000149011615 0.63101285696029674 8.3336987495422381 28922.500000000004 0.150162048637867 12057.500000000002 -0.8959035575389861 0.38554084300994879 57.682071685791023 0.91442844271659862 -1.7878555655479429 1.8071511387825014 -0.090139005333185182 0.99500429630279552 1.0049410462379458 -0.99115538597106922 -0.080326627939939485 4061.5000000000005 0.049409918487071998 1.7579857110977175 -8.7295837402343732 7495.5000000000009 -63.499999999999993 14.602265357971193 -0.4981082528829574 7381.5000000000009 7852.5000000000009 -0.00031803749152459199 -907.49999999999989 16.500000000000004 0.96086353063583385 6.3211879730224618 -0.0003890979714924469 0.46754305064678198 -0.058992711827158921 12.874746799468996 67.047595977783217 12.269175052642824 0.27035784721374517 84.522956848144545 0.85197287797927868 0.48750001192092901 0.86711210012435924 0.067579798400402083 4484.5000000000009 1.5214107036590578 0.47907376289367681
decision_type=2 2 2 2 2 2 2 2 2 2 2 2 2 2 2 2 2 2 2 2 2 2 2 2 2 2 2 2 2 2 2 2 2 2 2 2 2 2 2 2 2 2 2 2 2 2 2 2 2 2 2 2 2 2 2 2 2 2 2 2 2 2
left_child=1 5 9 4 15 7 39 8 14 10 11 12 17 45 35 16 25 18 19 -3 57 37 48 -19 -13 -2 27 -27 -8 30 -30 34 -33 -34 -16 38 -4 -5 -1 -6 44 -42 -24 -9 -32 -11 59 -48 -12 -50 -41 -44 53 -53 -15 56 -56 58 -21 -47 -61 -40
right_child=3 2 36 21 6 -7 28 43 -10 13 22 24 -14 54 31 -17 -18 23 -20 20 -22 -23 42 -25 -26 26 -28 -29 29 -31 40 32 33 -35 -36 -37 -38 -39 61 50 41 -43 51 -45 -46 46 47 -49 49 -51 -52 52 -54 -55 55 -57 -58 -59 -60 60 -62 -63
leaf_value=0.017795580180470921 0.01356764165101287 0.0085129855312936972 0.0059794850077518023 0.012438062775043078 0.020360942964675645 0.029303703093571189 0.015343012496744758 0.0083303411555353708 0.02943612202082059 -0.011199808162903509 0.013214633765965444 -0.031644969857880602 0.01762000606335681 0.006324990542791474 -0.003731848684161326 -0.017102335207540481 -0.023670692952996047 -0.0068223021724676657 -0.016720269642384624 -0.0035206628970463278 0.0086885881097980237 -0.017449851425156846 -0.01082379255235557 -0.025949393118528497 -0.007195857365481494 0.01637421631912641 -0.016196968124670579 -0.010003783546344609 0.010406940721866327 0.006992388020833679 -0.0076664926766405305 -0.017900141942084894 0.015712111719138645 -0.010422893256295276 0.016167507625352743 0.01843342498111622 0.02534019065399876 -0.012219919042423585 0.0056944329936137062 -0.010739094156217365 0.015767594005161707 -0.0040945888491813126 0.0072353805514691096 0.030822649485756033 -0.023035902929959506 0.017000291421628188 0.0058290762709346947 -0.011218138734159279 -0.015078545179576804 0.01117377430492854 0.013971878498850317 0.011545692754128369 -0.01801478430937686 -0.0093673109708212361 0.0027310479421335876 0.015806750739553704 -0.015536971848255414 0.0027462740854233723 -0.018290898774088519 0.01209705248787548 -0.0087038307729342904 -0.011795160014200745
leaf_weight=84.056745111942291 64.507911339402199 209.91151385009289 84.793765306472778 43.994131058454514 78.898449510335922 63.04562996327877 49.740575686097145 52.36452579498291 46.564724311232567 140.61872550845146 219.04494208097458 61.839591309428215 93.083449810743332 1333.5560196191072 89.150724738836288 299.08993855118752 59.43731415271759 145.06273889541626 111.64497588574886 187.02827872335911 131.32081604003906 384.45661297440529 123.65263171494007 75.674001395702362 58.551247015595436 58.888206586241722 98.064278662204742 50.883484661579132 70.187255084514618 143.94100488722324 466.54090730845928 97.869366064667702 57.044069543480873 54.02661620080471 93.103742077946663 153.30734279751778 93.891920760273933 66.864450588822365 208.61576177179813 47.723765000700951 51.441400036215782 645.7870727032423 229.12842206656933 71.845224231481552 73.84462659060955 77.610164433717728 79.257999122142792 144.61521518230438 47.924050986766815 55.226446866989136 45.052148193120956 75.121620520949364 62.63845981657505 63.479574248194695 85.72985665500164 46.566041529178619 94.063893556594849 112.54066261649132 149.96753099560738 62.178350120782852 79.691155463457108 55.614001125097275
leaf_count=412 313 896 380 213 342 350 216 255 235 613 946 263 398 5695 409 1546 329 623 477 801 563 2137 526 317 248 286 505 271 304 617 2084 439 276 234 443 724 419 377 953 238 227 2870 974 351 345 334 348 635 209 236 200 317 269 271 364 200 420 484 634 267 343 250
internal_value=-1.97311e-05 0.00291045 0.00132349 -0.00594639 -0.00419587 0.00929912 -0.00172574 0.0081133 0.0063643 0.000715285 -0.00156807 -0.00428143 -0.00274982 0.00307208 0.00516096 -0.010747 -0.00501784 -0.00443802 -0.00225086 -0.000207988 -0.00335959 -0.0140892 0.00257103 -0.0133795 -0.0197543 -0.000946975 -0.00545201 0.00414698 -0.00307086 -0.00370177 -0.0048788 -0.000629221 -0.00679002 0.00299961 0.00643363 0.00967673 0.0161527 -0.00243442 0.00582225 0.0100388 -0.00574568 -0.00262916 -0.000967977 0.0213403 -0.00976675 -0.00232419 0.000490894 -0.0051829 0.00865643 -0.00102314 0.0012606 0.00186378 -0.00425224 0.0019675 0.00509223 -0.00217034 -0.00682635 -0.00687917 -0.0100936 0.00627827 0.000412749 0.00201329
internal_weight=8461.37 5662.02 4535.41 2799.34 2304.03 1126.61 1673.16 1063.56 939.353 4356.73 2212.84 1336.62 1216.23 2143.89 892.788 630.871 331.781 1123.15 902.414 790.769 580.857 495.315 876.216 220.737 120.391 272.344 207.836 109.772 1501.48 1451.74 1307.8 391.195 208.94 111.071 182.254 501.594 178.686 110.859 348.287 171.674 1237.61 697.228 554.021 124.21 540.386 583.972 443.353 223.873 322.195 103.15 92.7759 430.368 201.24 138.601 1559.92 226.36 179.794 449.536 336.996 219.48 141.87 264.23
internal_count=38221 24801 19470 13420 10693 5331 7443 4981 4375 18671 9452 5704 5193 9219 4140 3250 1704 4795 3855 3378 2482 2727 3748 940 511 1375 1062 557 6663 6447 5830 1801 949 510 852 2339 799 590 1615 780 5526 3097 2357 606 2429 2540 1927 983 1391 445 438 1831 857 588 6679 984 784 1919 1435 944 610 1203
is_linear=0
shrinkage=0.03


Tree=56
num_leaves=63
num_cat=0
split_feature=83 83 52 77 10 52 5 17 2 18 67 29 52 64 18 29 69 57 47 64 65 0 44 27 11 53 65 53 77 81 81 63 46 63 29 64 64 47 44 3 54 14 5 11 58 70 59 53 18 43 64 47 54 14 90 14 0 29 26 3 79 18
split_gain=169.896 63.3154 31.9131 50.3343 28.0403 27.542 38.3345 27.4732 27.222 35.0838 26.8037 26.1677 26.3918 25.0448 24.2669 23.1795 23.1914 21.6061 21.0588 20.0948 20.0545 19.5754 19.3569 20.0385 18.4726 18.045 19.8125 16.7434 15.9049 15.8172 15.2215 18.0513 20.3687 14.9023 14.3407 17.8259 14.3195 14.1437 13.9645 13.9634 17.1632 19.5291 14.8048 14.729 13.9416 13.7278 13.3702 13.8733 13.1818 13.1382 13.0805 14.4191 13.0411 13.037 12.6711 16.8936 12.9772 12.5013 12.1779 11.9792 12.335 11.9437
threshold=0.10351252555847169 0.63788178563117992 0.30542688071727758 -0.13756147772073743 0.031270854175090797 0.14318465441465381 -0.00030169186356943095 23.780755996704105 -5.2818995754932978e-05 42.306432723999031 169.50000000000003 0.1085319146513939 0.13227381557226184 -0.98518189787864674 18.797056198120121 0.096103176474571242 20761.500000000004 50.339452743530281 1.0016129612922671 0.95943480730056774 -821.49999999999989 22.500000000000004 14.407094001770021 1.2458739876747134 0.25419437885284429 0.76020276546478283 -629.49999999999989 0.69787836074829113 -0.048656478524208062 -0.33327469229698176 0.050440296530723579 -0.76744312047958363 0.99861562252044689 0.87355786561965953 -0.59946727752685536 -0.57536083459854115 -0.32350382208824152 0.99838799238204967 -3.0926277637481685 -0.00033353980688843871 -0.26842699944972986 0.0085393111221492308 0.00015979168529156598 0.33348274230957037 0.66264146566391002 5199.5000000000009 0.16339051723480227 1.2490210533142092 51.435543060302741 -0.56220829486846913 -0.16289508342742917 0.99832105636596691 -1.0000000180025095e-35 0.014612555969506504 -1.4111343026161192 0.012410094495862724 20.500000000000004 -0.03950714319944381 1.646465599536896 -0.00026010806323029095 0.57973724603652965 47.013956069946296
decision_type=2 2 2 2 2 2 2 2 2 2 2 2 2 2 2 2 2 2 2 2 2 2 2 2 2 2 2 2 2 2 2 2 2 2 2 2 2 2 2 2 2 2 2 2 2 2 2 2 2 2 2 2 2 2 2 2 2 2 2 2 2 2
left_child=4 5 3 13 -1 6 8 33 9 29 27 28 25 -3 24 -12 37 -14 59 61 -4 38 23 39 45 26 -13 -7 -9 50 31 32 -30 -6 -31 -36 -28 -17 52 42 -41 -42 48 -43 -37 -5 -39 53 -16 -32 51 -2 -20 -48 55 -10 -56 -51 -57 -8 -61 -15
right_child=1 2 20 14 7 10 18 11 54 -11 15 12 17 19 22 16 -18 -19 21 -21 -22 -23 -24 -25 -26 -27 36 -29 30 34 49 -33 -34 -35 35 44 -38 46 -40 40 41 43 -44 -45 -46 -47 47 -49 -50 57 -52 -53 -54 -55 56 58 -58 -59 -60 60 -62 -63
leaf_value=0.019263685871042647 0.022065206751360363 0.007500217902634789 0.0053466195532469582 -0.011155112005085619 -0.0043885117187224673 -0.0084358447493769924 0.0015517393495174212 0.0055481476976022986 -0.011913447502170752 0.019490103786488047 0.0041329447024765374 -0.0171285185842633 0.00049505948235598919 -0.016138356247178059 -0.013725572147910033 -0.017810461543930636 -0.027591295637202983 -0.018894617850515306 -0.0018977607668859389 0.001067212870726321 -0.017364081024621753 0.013605900052015419 0.01496919693349945 0.0069064353856870377 0.024099670293150969 0.0097403810327960656 -0.0034549774159568711 0.012792783303106452 -0.010137583983996898 -0.014825195138618238 0.014968184213843751 0.018825492478313496 0.014933403873365232 0.01071875410175881 -0.010434632705725115 -0.00096798129985891041 0.015618779561721047 0.0051542897348051181 0.00096010313760168582 6.1707974483123044e-05 0.0090806181095702231 -0.026777238644643177 -0.018683353627686909 -0.0085307610289722374 0.015646199875129684 0.0080383617073562352 -0.0069238009938294171 0.0051537747431881836 0.0083837081969484854 -0.013080345151559647 -0.0013154442264663195 0.0002243131722472299 -0.022606674492127832 -0.02295358246883138 -0.0065501020647378448 0.017493773405399253 -0.019770540486459855 0.0070858432984641437 -0.0030151520749840881 0.011444758452226457 -0.0001355605033738874 0.00094287095068672244
leaf_weight=143.80986008048058 64.109520748257637 57.594787657260895 39.452024444937706 46.109826326370239 321.61561486124992 48.471528112888336 211.89859963953495 437.93722948431969 85.549363791942596 84.443681955337524 121.56130613386631 51.507251128554344 185.12022851407528 554.87955802679062 51.207337975502014 103.62234777212143 62.303298324346542 71.776644051074982 51.753063708543777 79.369382113218307 309.68962408602238 66.245276942849159 49.340875491499901 130.70521458983421 46.812821969389915 452.05469401180744 84.72466441988945 107.81407789885998 46.146356612443924 91.963021636009216 82.49303811788559 382.0308790653944 79.255918383598328 71.904283136129379 131.57088151574135 175.35327246785164 60.877475425601006 85.08287687599659 164.79316435754299 473.8299772888422 50.037051647901535 46.00674869120121 131.39281515777111 295.89953044056892 61.364227116107941 123.00659334659576 145.54662658274174 53.412417024374008 46.13630448281765 44.948288977146149 125.9652061611414 47.258275702595711 58.083353504538536 66.538673877716064 160.43747641146183 46.567383632063866 114.52389837801456 71.956255659461021 59.162316009402275 564.81230770051479 96.999834641814232 39.46198582649231
leaf_count=738 269 278 203 210 1385 201 872 2007 358 346 506 226 802 2996 226 467 274 301 212 386 1796 275 208 581 202 2039 374 447 204 409 395 1817 372 319 550 734 280 368 682 2133 209 223 640 1383 256 553 627 226 205 204 534 205 241 307 677 199 485 331 252 2327 398 182
internal_value=-6.23334e-06 -0.00284665 -0.00636621 -0.00504123 0.00638996 -6.8645e-05 0.00149805 0.00563255 -0.00219391 0.00122684 -0.0049261 0.00702575 0.00321668 -0.0114876 -0.00187832 -0.00765343 -0.0104274 -0.00492239 0.00529239 -0.0131109 -0.0147978 -0.00103188 -0.0034539 -0.00419582 0.00742181 0.00643759 -0.0011371 0.00620879 0.0100406 -0.00098396 0.012824 0.0155837 0.00570762 -0.0016281 -0.00422787 -0.00158168 0.00451992 -0.008073 -0.00456276 -0.00552164 -0.00377994 -0.00842421 -0.012114 -0.010986 0.00333891 0.00280523 -0.00519487 -0.00851141 -0.00324681 0.00580099 0.00530685 0.0127972 -0.012849 -0.0119529 -0.00793156 -0.00200195 -0.0120565 -0.000667796 0.00601776 0.00775978 0.00974747 -0.0150042
internal_weight=8416.3 5828.14 2570.93 2221.79 2588.16 3257.21 2462.85 2444.35 1248.27 782.028 794.353 2050.83 906.061 731.306 1490.49 638.068 516.506 256.897 1214.59 673.711 349.142 340.875 1274.56 1225.21 215.929 649.164 197.109 156.286 1144.77 697.584 706.831 507.433 125.402 393.52 460.251 368.288 145.602 454.203 274.63 1094.51 865.773 391.943 228.736 341.906 236.717 169.116 350.581 265.498 97.3436 199.398 237.333 111.368 109.836 212.085 466.24 191.279 274.961 116.905 105.73 873.711 661.812 594.342
internal_count=38112 26318 12614 10615 11794 13704 10281 11056 5274 3303 3423 9352 4022 3842 6773 2775 2269 1103 5007 3564 1999 1410 5808 5600 965 2919 880 648 5330 2957 3323 2393 576 1704 1949 1540 654 1995 1135 5019 3948 1815 1071 1606 990 763 1528 1160 431 930 1008 474 453 934 1971 809 1162 535 451 3597 2725 3178
is_linear=0
shrinkage=0.03


Tree=57
num_leaves=63
num_cat=0
split_feature=83 52 31 5 53 63 54 26 56 12 40 12 52 44 33 69 54 53 46 65 12 22 59 63 47 65 13 12 7 4 66 56 54 46 65 32 63 12 29 80 80 51 44 28 52 77 59 40 69 3 51 26 12 51 33 63 69 83 14 26 16 65
split_gain=190.297 45.5292 41.9407 40.4545 35.5434 29.3024 25.9811 26.6532 24.9602 23.118 22.7486 26.2038 22.4534 22.2995 29.0561 25.5544 21.1339 21.0213 20.908 20.6987 20.2814 26.826 19.5952 22.4292 28.2446 24.9236 19.4121 25.9834 27.6786 20.4776 19.0775 20.0761 18.9098 19.3866 18.813 21.8168 18.584 19.7163 19.6987 28.8867 18.5387 17.9842 17.6267 17.5879 17.0652 16.164 18.0319 22.7624 21.3336 15.7586 15.7441 15.9918 18.406 18.9083 15.6618 15.2787 15.1011 15.0496 15.6432 14.8954 28.0408 21.0137
threshold=0.41759657859802252 -0.2539199143648147 0.096249997615814223 0.0016954421298578384 1.4106180071830752 0.95037782192230236 -0.24197693914175031 0.72300216555595409 9.7214808464050311 0.0064439051784574994 7.2049489021301278 0.0064439051784574994 0.32483632862567907 8.8459568023681658 1844.0556640625002 6261.5000000000009 -0.26842699944972986 0.56017529964447033 0.9952368736267091 -914.49999999999989 0.009961769916117193 21.000000000000004 -1.2717738747596739 0.31109040975570684 1.0057328939437868 -501.49999999999994 0.012610387057065965 0.022428563795983795 -0.00065233474015258242 -0.0008199710864573716 -173.49999999999997 7.2039778232574472 0.14464386552572253 1.0001317858695986 -56.499999999999993 0.60250002145767223 -0.99280729889869679 0.016784775070846084 0.63475203514099132 30.424527168273929 14.689742565155031 0.073071684688329711 -4.2096397876739493 -0.83460053801536549 0.093464616686105742 -0.085292708128690706 0.40075621008872991 -19.367568016052243 4860.5000000000009 -0.00030187539232429112 0.045288616791367538 1.7579857110977175 0.0080333375371992605 0.035686479881405837 552.06274414062511 -0.83747833967208851 4061.5000000000005 0.64951205253601085 0.015955273993313316 0.93384000658988964 69.32462310791017 -21.499999999999996
decision_type=2 2 2 2 2 2 2 2 2 2 2 2 2 2 2 2 2 2 2 2 2 2 2 2 2 2 2 2 2 2 2 2 2 2 2 2 2 2 2 2 2 2 2 2 2 2 2 2 2 2 2 2 2 2 2 2 2 2 2 2 2 2
left_child=2 -2 5 6 12 8 7 -3 10 -8 40 56 13 18 15 30 -17 -11 -4 54 21 50 -22 25 34 32 -27 29 -29 -28 -15 -32 33 -24 35 -25 -21 38 45 -40 42 44 -1 -42 -39 49 47 -47 -49 -38 51 52 53 -20 -9 -53 -12 58 -19 60 -36 -61
right_child=1 3 4 -5 -6 -7 9 19 -10 17 11 -13 -14 14 -16 16 -18 57 20 36 22 -23 23 24 -26 26 27 28 -30 -31 31 -33 -34 -35 59 -37 37 41 39 -41 43 -43 -44 -45 -46 46 -48 48 -50 -51 -52 55 -54 -55 -56 -57 -58 -59 -60 61 -62 -63
leaf_value=0.008356428454292195 -0.012645226754024852 0.014419889617428752 0.020139707371012023 -0.013427278123576728 0.012266743473236022 0.02877103208807957 0.0082372202846827895 0.02466867092453618 0.027362806884647289 -0.024195397157835738 0.0023806841733909618 -0.00346726815979127 -0.013529612871019258 -0.00084166858229838719 0.023917162697780464 0.0062803347633680383 -0.015973359301370959 0.0015852355410641468 0.0019551224294683889 -0.020995157027681999 -0.020469245766039566 -0.01068208776874475 -0.0080873819197495901 -0.0049719727738951197 -0.026144052233891948 -0.0071214794531280299 -0.0017705373446389697 0.013320171762487447 -0.014688113877280865 0.015346254983345686 0.0050378591492985843 0.028965060999484739 -0.015670975667795989 0.010030181341688144 -0.011611483562126667 -0.027183828169539546 0.007141744479927466 -0.0073639559751081038 -0.016579694143961859 0.0052990588631213207 0.017308697049391905 -0.0014740662582496352 0.027142030890267645 0.0031662565225395191 -0.027449687868776652 0.016625625892160024 0.021408507735720627 0.011702050442764121 -0.0076312965033090239 -0.0089451562524795903 0.017002850264478432 0.021864415146673907 -0.0052248378960902441 0.020811256964744704 0.002619658059567966 0.0042427343111301648 0.023117133955724296 -0.0086714682098161175 -0.013607916883279204 0.022064669876347569 0.011387813111109193 0.00074460610320310023
leaf_weight=83.437671482563019 618.86346215009689 108.90152923762798 49.354582518339157 344.15385276079178 294.08910013735294 63.109965085983276 98.062257617712021 45.615567058324814 55.277883499860764 60.203393325209618 62.749390706419945 298.77365744113922 88.460962668061256 73.430720061063766 84.175164699554443 76.436513379216194 77.19788008928299 319.40202848613262 179.00230397284031 45.322280824184418 46.76105771958828 94.648343235254288 112.72378638386726 152.41237111389637 49.742423519492149 87.551187872886658 78.390144571661949 53.190305724740028 78.798631489276886 318.4147422760725 56.748679310083389 71.103224411606789 94.394591733813286 100.5871500223875 194.05696791410446 53.863154053688049 91.863728865981102 107.79950445890427 118.72606955468655 100.10578951239586 107.82165119051933 226.56078127026558 97.464277029037476 297.53903815150261 58.853918433189392 98.293664500117302 69.884577989578247 80.082874223589897 143.2595372647047 135.8509239256382 105.65487307310104 79.508476823568344 203.07764095067978 65.329662919044495 79.568754300475121 99.951515063643456 63.685625746846199 684.26725132763386 75.387732073664665 47.413560658693314 63.262620404362679 339.75884966552258
leaf_count=415 3324 462 209 2009 1278 360 414 197 283 269 303 1351 385 310 370 324 324 1342 766 200 196 411 475 634 205 375 329 223 331 1366 243 311 395 418 825 227 401 475 558 464 506 1031 487 1367 274 413 293 336 602 602 455 333 869 286 340 425 315 3210 332 199 269 1448
internal_value=-0.000139442 -0.00521755 0.00387068 -0.00373098 0.00227617 0.00890814 -0.00251664 0.000123308 0.00773303 -0.00573984 0.00666024 0.00137741 0.00137914 0.00179297 0.00807066 0.00431237 -0.00490165 -0.00694292 0.000789827 -0.000987359 0.000435924 0.0043478 -0.00129323 -0.000801772 -0.00417117 0.00248179 0.00596304 0.00812941 -0.00340104 0.0119648 0.0113452 0.0183447 -0.00449127 0.000455987 -0.00288647 -0.010772 -0.00212892 -0.00143447 0.00116587 -0.00657114 0.0104918 -0.00697665 0.0184775 0.006928 -0.0144573 0.00390006 0.00759652 0.00459548 -0.000699026 -0.00245544 0.00628979 0.00448417 0.00144949 0.00699689 0.010654 0.0120499 0.0128257 -0.00598036 -0.001316 -0.000362635 -0.00595705 0.00335548
internal_weight=8410.38 3711.03 4699.35 3092.17 3569.49 1129.86 2748.01 1510.69 1066.75 1237.32 1011.47 425.209 3275.4 3186.94 439.092 354.917 153.634 1139.26 2747.85 1401.79 2698.49 827.173 1871.32 1824.56 900.51 924.051 616.345 528.794 131.989 396.805 201.283 127.852 307.706 213.311 850.768 206.276 1276.6 1231.28 838.067 218.832 586.263 393.214 180.902 405.361 166.653 619.235 391.521 321.636 223.342 227.715 732.524 626.87 447.41 244.332 125.184 179.46 126.435 1079.06 394.79 644.492 257.32 387.172
internal_count=38149 17548 20601 14224 15214 5387 12215 6648 5027 5567 4744 1969 13936 13551 1882 1512 648 5153 11669 6186 11460 3545 7915 7719 3807 3912 2624 2249 554 1695 864 554 1288 893 3602 861 5649 5449 3669 1022 2775 1780 902 1873 749 2647 1644 1351 938 1003 3134 2679 1921 1052 537 758 618 4884 1674 2741 1094 1647
is_linear=0
shrinkage=0.03


Tree=58
num_leaves=63
num_cat=0
split_feature=31 52 29 41 66 63 64 64 29 61 5 22 64 63 4 69 91 10 64 66 64 44 44 12 64 51 44 26 64 69 40 60 57 64 4 61 63 63 4 32 57 53 64 40 69 12 41 80 26 61 57 26 64 60 40 29 52 26 63 69 41 13
split_gain=133.394 64.8737 58.1301 43.9896 43.6177 35.6167 35.0475 33.5336 32.8565 29.841 29.5929 27.6938 28.6583 26.8661 24.8361 27.9557 27.8239 23.9517 23.9379 48.0038 34.8477 30.4661 33.1242 36.8779 28.3031 28.2436 23.6462 23.5562 22.5951 21.5988 38.124 21.2777 21.1559 27.7368 20.347 21.5385 24.3823 26.1072 20.7811 21.7424 22.4696 20.2296 19.5604 19.5206 18.5811 18.1111 17.6655 17.2567 39.4368 16.9492 16.4856 16.2728 16.0223 15.878 15.7892 22.1614 23.4619 16.7411 15.7119 32.007 30.2336 18.3939
threshold=0.27250000834465032 0.30542688071727758 -0.97107404470443714 -109.37187576293944 656.50000000000011 0.95819556713104259 -0.87142586708068837 0.98120620846748363 0.95454317331314098 -4.085211753845214 -0.00059485959354788054 2.5000000000000004 -0.96868926286697377 -0.36852931976318354 -0.00019023605273105201 21166.500000000004 0.46133349835872656 0.031270854175090797 0.50188699364662182 -377.49999999999994 0.65110388398170482 -2.9701416492462154 1.2458220124244692 0.0063786229584366092 0.69934985041618358 0.030192729085683826 -1.1251030564308164 3.0257364511489873 0.93894198536872875 13424.500000000002 16.291166305541996 12.01647472381592 41.064327239990241 0.65110388398170482 0.0014026893186382952 0.72399476170539867 0.98518189787864696 0.99381411075592052 -0.00058903449098579575 0.52749997377395641 24.934078216552738 0.52099725604057323 -0.90722548961639393 31.115144729614261 8902.5000000000018 0.024840721860527996 -24.674983978271481 30.770950317382816 1.2691125273704531 3.4711639881134038 40.76795959472657 0.73932549357414257 -0.90164175629615773 7.030729055404664 14.162873744964601 -0.17456021904945371 -0.024375540204346176 1.416135370731354 0.40872775018215185 12893.500000000002 -23.894924163818356 0.014594210311770441
decision_type=2 2 2 2 2 2 2 2 2 2 2 2 2 2 2 2 2 2 2 2 2 2 2 2 2 2 2 2 2 2 2 2 2 2 2 2 2 2 2 2 2 2 2 2 2 2 2 2 2 2 2 2 2 2 2 2 2 2 2 2 2 2
left_child=3 2 -2 -1 6 11 13 -6 9 31 14 -5 -13 26 15 16 -11 49 19 25 41 43 44 -24 -22 46 -4 34 -26 -25 -31 -8 33 -3 35 53 38 -38 -37 51 -41 -20 -34 52 -23 47 -19 -15 -49 -14 -10 -40 -21 -12 55 56 -54 -57 59 -42 -60 -62
right_child=1 32 4 5 7 -7 8 -9 50 10 27 12 17 45 -16 -17 -18 18 20 21 24 22 23 29 28 -27 -28 -29 -30 30 -32 -33 42 -35 -36 36 37 -39 39 40 58 -43 -44 -45 -46 -47 -48 48 -50 -51 -52 -53 54 -55 -56 57 -58 -59 60 -61 61 -63
leaf_value=0.032910928911971393 -0.011835121157336811 -0.013158542046946215 0.0017612603567389014 0.017454406954730693 0.028699560013751908 0.018693634499509608 0.00066592625131291119 0.0046321308256631662 -0.0079761122193156529 -0.0075200075642295671 0.014901106864592888 0.017684481475399295 -0.0010095452533433386 0.00073108814276992107 -0.014608681532156923 0.016990642771412125 0.016545162474669257 0.019252369888690474 -0.024578700570990888 -0.020260367017474981 0.021031364626005394 0.030464916293383475 0.029089886346696278 0.0044444319684623802 -0.0162182643525892 0.029572542187130898 0.024385724806185331 0.011385411599707233 0.0094643835847437862 0.0012724552852912607 -0.028830436653483699 0.028116096764967735 -0.00079589135968171384 0.0079000933166782517 -0.016294447792060504 -0.013253809467439976 0.023032886373720945 -0.00031720078100841859 0.016099479585519744 -0.020974000888568618 0.0095565803379149845 -0.006069995856225455 -0.024500754772495234 0.010321241861520385 0.0086821909450761851 -0.012015975024904223 -0.0072746925468339437 0.0343035006512371 0.00035849664227230959 0.022827146518911004 -0.026963438533831728 -0.00057319998883334142 -0.020055270073180826 0.0013430903765234807 -0.013097379611845688 0.014295848243610567 0.0054297910374960972 -0.0012270444003802748 0.0057220042033426215 -0.018382890867190409 -0.0087585990707475803 -0.031722149832842064
leaf_weight=51.636291354894638 460.05786629021168 218.01257278770208 74.038831546902657 131.30318303406239 71.830312311649323 159.27202285826206 52.865059867501259 189.71714407205582 102.42733678221703 581.01291935145855 115.80435962975025 118.13704752922058 39.223231688141823 633.08968533575535 277.85474874079227 52.846006020903587 46.716304361820221 45.155089691281319 78.474271759390831 56.393281564116478 65.713105738162994 65.370112136006355 44.375797212123871 420.87971200048923 61.506065458059311 92.306247964501381 94.825659275054932 135.16480784118176 61.815690904855728 122.3867883682251 54.825724899768829 48.942789942026138 38.305045366287231 75.884437397122383 80.821561068296432 178.39921036362648 65.835945010185242 124.76067069172859 56.464689791202545 90.087761104106903 135.19802366197109 164.66963078081608 172.02364067733288 85.055584773421288 76.476853251457214 82.233417168259621 45.220277711749077 48.167593538761139 85.444052323698997 85.087704122066498 68.796870678663254 787.23985293507576 86.154266878962517 236.51289282739162 118.29666985571384 97.130612015724182 52.215372875332832 175.52577248215675 69.215736076235771 50.755865141749382 70.989707171916962 56.283453837037086
leaf_count=254 2576 1147 330 603 319 785 223 831 521 2648 493 589 203 2693 1255 239 209 202 335 254 287 293 204 1859 266 404 406 570 277 550 233 205 213 384 361 775 280 537 238 385 582 718 978 378 342 369 202 206 374 427 385 3317 368 997 508 436 235 773 296 217 300 246
internal_value=-6.73126e-05 -0.00264338 -0.00165158 0.00549184 -0.000668232 0.00494791 -0.00136004 0.0112419 -0.00279038 -0.00212823 -0.00263507 0.00405201 0.00329099 0.00353751 -0.00705059 -0.00396489 -0.00572905 0.00251606 0.00174795 0.00340521 -0.00453233 0.00158536 0.00559982 0.00270292 0.00512901 0.0179006 0.014466 -0.000757152 -0.0033447 0.000745125 -0.00804073 0.0138622 -0.0129197 -0.00772119 -0.00153192 -0.00094635 -0.00235665 0.00774839 -0.00364525 -0.00234293 -0.00749509 -0.0120436 -0.0201836 -0.00310864 0.0187208 0.00136368 0.00597927 0.00279873 0.0125958 0.0153061 -0.0156051 0.000542614 -0.00505888 0.00579952 -0.00343934 -0.000659671 -0.0104382 0.0043028 -0.00432001 0.00193054 -0.0102354 -0.0189137
internal_weight=8383.23 5728.63 5224.4 2654.61 4764.34 2602.97 4502.8 261.547 3485 3313.77 3211.96 2443.7 2312.39 1017.8 958.43 680.575 627.729 2194.26 2069.95 1637.77 432.179 1455.09 784.315 642.468 189.035 182.682 168.864 2253.53 123.322 598.092 177.213 101.808 504.226 293.897 2118.37 2037.55 1685.23 190.597 1494.63 1316.24 472.531 243.144 210.329 670.772 141.847 848.935 90.3754 766.701 133.612 124.311 171.224 843.705 585.716 352.317 529.323 411.026 138.37 272.656 382.443 185.954 196.489 127.273
internal_count=38090 26105 23383 11985 20807 11731 19657 1150 15279 14373 13945 10946 10343 4378 4351 3096 2857 9754 9124 7241 1883 6433 3481 2846 830 808 736 9594 543 2642 783 428 2722 1531 9024 8663 7173 817 6356 5581 2026 1053 1191 2952 635 3642 404 3273 580 630 906 3555 2574 1490 2320 1812 603 1209 1641 799 842 546
is_linear=0
shrinkage=0.03


Tree=59
num_leaves=63
num_cat=0
split_feature=31 29 52 66 41 33 30 29 64 51 63 22 5 5 5 51 64 12 66 56 14 57 41 64 54 56 25 26 63 32 41 33 69 29 18 64 63 63 25 32 56 44 8 38 70 11 56 57 52 63 8 12 52 70 40 36 52 54 14 42 64 64
split_gain=132.527 64.1757 78.8136 43.2267 40.4818 33.4801 32.7768 32.209 32.0848 31.567 29.5216 33.1215 27.8104 28.3439 25.6576 24.0508 22.6806 31.6994 36.5908 29.5976 22.6786 35.9368 25.6398 22.1874 21.6298 21.3673 21.2471 20.8235 21.3375 28.886 25.4491 26.2068 22.9654 22.4272 22.7191 20.6029 21.6554 34.9833 34.0712 23.5622 23.1334 20.2957 21.4595 20.2363 22.0754 20.0589 19.9454 19.4596 18.6927 18.3621 18.3721 18.1317 17.2826 17.1704 17.7042 17.1242 16.955 16.7866 16.3915 16.2531 16.0115 15.8252
threshold=0.27250000834465032 -0.93283227086067189 0.24994840472936633 656.50000000000011 -109.37187576293944 1306.9089965820315 0.22500000149011615 0.65933069586753856 0.98120620846748363 0.087547421455383315 0.95819556713104259 2.5000000000000004 -0.001197992358356714 0.0016456681769341233 -0.0003962278133258223 0.01934989728033543 0.51316559314727794 0.0081455740146338957 -365.49999999999994 9.7214808464050311 0.0093506653793156164 30.088367462158207 -4.0478684902191153 0.18437977880239489 0.21386041492223742 8.6113471984863299 63.266820907592781 3.0333400964736943 -0.4047416597604751 0.25249999761581426 -8.8821368217468244 507.34216308593756 4907.5000000000009 0.64619597792625438 50.016393661499031 0.11970336735248567 0.31109040975570684 0.79467767477035534 89.782341003417983 0.16250000149011615 5.0834255218505868 0.43567360937595373 0.00055211145081557344 -1.0000000180025095e-35 7255.5000000000009 0.58067438006401073 15.959263801574709 39.212570190429695 0.12524890899658206 -0.91265374422073353 -0.00066776119638234366 0.0094084851443767565 0.13227381557226184 7381.5000000000009 2.3349968194961552 -0.19844080507755277 -0.18573043495416638 0.8596077859401704 0.013558865524828436 7.0289790630340585 0.49052239954471594 -0.9543684422969817
decision_type=2 2 2 2 2 2 2 2 2 2 2 2 2 2 2 2 2 2 2 2 2 2 2 2 2 2 2 2 2 2 2 2 2 2 2 2 2 2 2 2 2 2 2 2 2 2 2 2 2 2 2 2 2 2 2 2 2 2 2 2 2 2
left_child=4 56 3 6 -1 46 9 10 -5 20 11 -6 25 23 60 -16 17 49 -19 26 21 24 -22 35 -3 -8 -20 28 29 -25 33 -32 -33 34 59 36 38 39 40 -38 -14 42 -42 44 -28 -44 53 -40 -18 -17 -51 -39 -43 54 -4 -50 61 -24 -53 -30 -13 -2
right_child=1 2 5 8 7 -7 12 -9 -10 -11 -12 14 13 -15 15 16 48 18 19 -21 22 -23 57 27 -26 -27 43 -29 30 -31 31 32 -34 -35 -36 -37 37 51 47 -41 41 52 45 -45 -46 -47 -48 -49 55 50 -52 58 -54 -55 -56 -57 -58 -59 -60 -61 -62 -63
leaf_value=0.0317790084876277 0.00040824423687026899 0.013759674448525196 -0.014096357863817922 0.029401453011924324 0.019575211324343408 0.0074351412840049716 -0.017392588822787457 -0.013299019466008597 0.0053248462347594257 0.015664947116277868 0.018228280423844063 0.00075978067139905511 -0.012749534280145837 -0.015004428780264716 0.025372339596804877 0.0057837776117143072 0.0027527129120369486 0.024315028896273228 0.0040949580486929274 0.018448376093120625 0.0017622115056678562 0.028897910419145061 -0.019244418378420124 -0.0025850874239872249 -0.012252635834483045 -0.0021501469442475178 -0.012942257908701722 0.011504862154273843 -0.016919497769120283 -0.026950651937628595 -0.026618568988135371 -0.018198859358275716 0.0095166860810987526 -0.014558458320374574 0.013516066263194102 0.018239312376379765 -0.00017651014917129674 0.013995647287328007 0.0065292635849392147 -0.018700788374297613 -0.0098118833842257263 0.012458280109694452 0.018787182046929241 -0.015085625196271114 0.0098498304298111593 -0.0023369386529584184 0.0061346125268406815 0.032050535955118691 -0.024799072504186812 0.031211719993823626 0.013548209213968366 -0.0075195114740942356 -0.0066301370492156666 -0.0097090458792244948 -0.029993562146469539 0.00017876610681229888 -0.0047957092381058662 0.00037240336600672888 0.0054004312928547203 0.0035211053959755875 -0.012313452506464442 -0.018868437657010385
leaf_weight=51.722303152084351 43.82337187230587 59.046816155314445 182.107730910182 69.820152014493942 128.34054097533226 84.167756468057632 188.45369879901409 83.998182877898216 173.84793867170811 158.66334816813469 155.93661318719387 459.83078782260418 89.289121985435486 132.66076269745827 54.46168826520443 166.54863695800304 232.10477715730667 70.481199458241463 418.36172588169575 85.4172123670578 832.98928189277649 65.650006845593452 96.45150825381279 83.081578359007835 56.107268303632736 147.60042583942413 63.614282488822937 64.139049306511879 51.597397938370705 92.594539701938629 72.278504833579063 50.021728858351707 58.229541659355164 67.013064354658127 139.05683943629265 61.96105545759201 97.943459182977676 89.213139891624451 52.342178329825401 167.45619967579842 152.71099174022675 249.27310174703598 64.985713630914688 133.00607815384865 95.904555767774582 107.18466114997864 47.595553778111935 55.293937385082245 51.501209691166878 73.783336877822876 188.11188393831253 178.96815913915634 51.509697005152702 364.8341059833765 96.437357053160667 47.473250210285187 165.50041297078133 66.209735885262489 174.59542079269886 108.90327619016171 103.24773116409779 305.70755754411221
leaf_count=257 235 248 939 312 592 362 921 354 763 683 780 1986 380 671 260 764 1063 313 1878 403 3537 276 405 351 236 710 284 276 222 403 311 215 249 306 585 262 415 382 221 717 650 1052 275 573 421 463 263 236 221 361 901 775 227 1920 531 207 797 283 756 471 437 1815
internal_value=-2.9444e-05 -0.00260446 -0.00160439 -5.93046e-05 0.00549723 -0.010429 -0.000774733 0.00497683 0.0122237 0.00310385 0.00558405 0.00475288 -0.00259275 -0.00150859 0.00390509 0.00576188 0.00510517 0.00689635 0.00359672 0.00176294 0.00140979 0.0111842 -0.000365182 -0.000756218 0.00108553 -0.0106979 -0.000241916 -0.00487744 -0.0063312 -0.0154276 -0.00341031 -0.0126303 -0.00329036 0.00113035 0.00464004 0.00127994 0.000593476 -0.00325218 0.00390425 -0.0118646 0.00153525 0.00357385 -0.00162511 -0.0064444 0.000760607 0.00563636 -0.012605 0.0196398 -0.0019022 0.0135718 0.0185245 0.00191007 0.00918935 -0.0139914 -0.0196003 -0.0128184 -0.0127061 -0.0112596 -0.00113943 -0.00305009 -0.00163737 -0.0164516
internal_weight=8381.16 5717.32 5202.29 4427.14 2663.85 775.143 4183.48 2612.12 243.668 1335.12 2528.13 2372.19 2848.36 2512.3 2243.85 1680.77 1626.31 1295.23 866.785 796.304 1176.45 180.804 995.651 2379.64 115.154 336.054 710.887 786.916 722.776 175.676 547.1 180.53 108.251 366.571 299.558 1592.73 1530.77 708.176 822.589 265.4 714.953 625.664 324.881 292.525 159.519 172.17 690.975 107.636 331.079 428.444 261.895 442.777 300.783 643.379 278.545 98.9745 515.031 162.661 353.564 160.501 563.079 349.531
internal_count=38162 26107 23260 19245 12055 4015 18170 11798 1075 5668 11444 10664 12502 10871 10072 7649 7389 5898 3872 3559 4985 760 4225 10200 484 1631 3156 3389 3113 754 2359 775 464 1584 1278 6811 6549 3045 3504 1132 3047 2667 1388 1278 705 738 3653 457 1491 2026 1262 1913 1279 3390 1470 428 2847 688 1531 693 2423 2050
is_linear=0
shrinkage=0.03


Tree=60
num_leaves=63
num_cat=0
split_feature=83 52 29 58 52 5 5 29 4 4 5 3 59 5 18 90 57 14 65 56 38 52 70 73 69 47 26 63 32 52 44 3 44 67 5 69 5 73 64 26 69 65 4 53 57 68 44 15 40 59 26 65 69 43 44 63 32 78 51 56 52 70
split_gain=152.487 47.7329 37.1533 43.376 42.4917 34.3271 29.8861 29.4091 27.5348 31.6192 30.7452 25.3298 24.9135 22.8634 22.0521 19.3487 19.4691 18.5274 17.5063 20.5125 16.9477 15.9397 17.3344 17.3266 15.525 15.5225 15.4444 17.1173 20.3833 15.4194 15.0702 14.3056 15.9667 17.1501 15.6825 14.0991 13.3524 13.196 12.9867 15.2648 13.6345 13.1426 12.9029 12.5172 16.7867 15.8987 17.9392 16.2111 15.9908 33.3341 12.4686 11.6291 11.5062 15.4958 19.2228 14.8456 15.5633 14.5107 13.859 12.4696 16.9064 12.2086
threshold=0.42692916095256811 0.17853766679763797 -1.1352217197418211 -0.72408130764961232 0.24994840472936633 -0.00029162497958168382 -0.001197992358356714 0.062569014728069319 -0.00038269416836556042 0.00051635969430208217 0.00057295709848403942 0.00026363602955825632 -0.68161344528198231 0.0021222868235781793 44.027139663696296 2.890045285224915 31.869395256042484 0.011220230255275966 354.50000000000006 10.370512485504152 -0.099860683083534227 -0.004455957328900694 6647.5000000000009 0.72672611474990856 21470.500000000004 0.99562546610832225 2.8115617036819462 -0.76744312047958363 0.42750000953674322 0.2225231006741524 17.085385322570804 -0.00078364071669057001 -12.658557415008543 945.50000000000011 -4.3808586269733489e-05 15964.500000000002 -5.216776116867549e-05 0.32454486191272741 -0.86493045091629017 1.3781531453132632 4719.5000000000009 -647.49999999999989 -7.5523828854784356e-05 1.1907010078430178 17.563218116760257 0.6078576147556306 -7.1691658496856681 48.696342468261726 11.498266220092775 0.84619590640068065 1.6495518684387209 -371.49999999999994 7031.5000000000009 -2.2590063810348506 -4.6367318630218497 0.68039956688880932 0.14249999821186068 -0.031798969954252236 0.062788575887680068 9.1525468826293963 -0.18859737366437909 7255.5000000000009
decision_type=2 2 2 2 2 2 2 2 2 2 2 2 2 2 2 2 2 2 2 2 2 2 2 2 2 2 2 2 2 2 2 2 2 2 2 2 2 2 2 2 2 2 2 2 2 2 2 2 2 2 2 2 2 2 2 2 2 2 2 2 2 2
left_child=1 5 12 51 6 11 24 20 36 10 30 14 -2 18 21 17 -17 -6 25 -20 -3 23 -23 52 35 -8 27 -9 29 -29 43 34 -33 -34 -27 38 -7 -11 -5 40 -40 -41 -16 44 -10 46 47 -46 -47 -50 -30 -4 53 54 -1 56 -54 61 -55 60 -58 -56
right_child=2 7 3 4 15 8 13 26 9 37 -12 -13 -14 -15 42 16 -18 -19 19 -21 -22 22 -24 -25 -26 31 -28 28 50 -31 -32 32 33 -35 -36 -37 -38 -39 39 41 -42 -43 -44 -45 45 48 -48 -49 49 -51 -52 -53 55 58 57 -57 59 -59 -60 -61 -62 -63
leaf_value=-0.020848297961163408 0.0073469430776730545 0.014872132794647037 0.0038674886979451714 0.00084304789543098498 -0.0065552708500820119 0.0059240025478999037 0.010529433482137999 -0.019516893578607579 0.019451051223882011 -0.0099050735825680723 0.00035891515879954531 -0.0097688739552764196 -0.019665136717781626 -0.021240202562890075 0.020459183194143127 0.011968693306146491 -0.012611063689937455 -0.01875136235897493 0.025416718869804417 -0.0015021974876339268 -0.0037557789585300882 -0.001072542971860256 0.019015317011020084 -0.0079658265270390865 0.0077385755693959559 -0.0028819916562659782 0.0083736331054131141 -0.0093722639794305215 -0.018330050274099684 0.0093883669729630526 -0.0023961076464314242 -0.0093737340192535188 0.00095022567287550658 -0.0071793716267602621 -0.023898481390882638 -0.02739339799305834 -0.0061435415299566616 0.0037394757521913048 -0.015421172455174964 -0.0054403888403975822 0.0047896677265463292 -0.024471928721840508 0.0035946968210378788 0.020283398312652079 0.01258441426124568 0.018359756142922734 0.0099567055172591588 -0.009034426006361963 -0.010503151594548163 0.024182037258759628 -0.001654650872295491 0.024049906787997732 0.010772862629131182 0.00032068450927811318 -0.018475443441069012 0.014204233742300705 -0.02260937856785946 0.012404235583482113 0.017056381062758089 0.0078617849187463812 -0.00026316635113219088 0.00066242850830691789
leaf_weight=64.420352518558502 35.848716959357262 99.667306631803513 45.780266582965851 81.403685733675957 176.40232726931572 145.33785746991634 91.626459941267967 110.54042920470238 202.60399663448334 75.733249753713608 234.85424397885799 164.36291788518429 215.21454195678234 51.125543028116226 91.934005349874496 56.409539639949799 59.692428395152092 307.54459409415722 48.151002570986748 54.102779373526573 78.63939905166626 68.286954447627068 89.117975980043411 197.51684506237507 40.733708590269089 76.44300776720047 49.681889399886131 66.536431878805161 122.57071752846241 96.780144214630127 61.424807593226433 202.31688392162323 1363.0553348064423 281.83508452773094 54.907557621598244 45.66387702524662 190.92634402215481 404.58481189608574 56.838790491223335 46.127362623810768 63.717035740613937 111.83035591244698 73.452936604619026 174.53476847708225 45.108869016170502 275.81454561650753 385.46579863131046 101.36571073532104 57.874317049980164 43.816696241497993 60.165288463234901 58.564685791730881 111.97465400397778 237.56674732267857 50.160347566008568 123.90559783577919 48.38539257645607 47.832694441080093 54.807619273662567 61.314082577824593 82.29969210922718 74.641280993819237
leaf_count=277 206 445 202 388 853 642 393 470 965 320 1005 693 1339 280 392 286 353 1767 200 227 347 299 396 843 205 331 211 284 534 416 290 871 5946 1254 262 233 828 1740 297 235 321 586 320 828 213 1271 1751 464 265 202 261 257 483 1026 212 533 204 205 232 263 349 318
internal_value=-4.59048e-05 0.00350457 -0.00467432 -0.0038459 -0.00445351 0.00474544 -0.00283226 -0.00382094 0.00703262 0.00833004 0.0103759 0.00140315 -0.0158081 -0.00141023 0.00264588 -0.0116672 -0.000668693 -0.0143058 -0.00094356 0.0111738 0.00665658 0.00134478 0.0103006 0.000124079 -0.00991684 -0.00154208 -0.00751105 -0.00923947 -0.00595652 0.00174514 0.0121211 -0.00210111 -0.00142088 -0.000442697 -0.0116674 -0.01169 -0.000927789 0.0015881 -0.00969769 -0.0127785 -0.00473919 -0.0189143 0.0129692 0.0128141 0.0116419 0.00990214 0.00656062 -0.00237661 0.0146107 0.00444203 -0.0128397 0.0151951 0.00179323 -0.00116354 -0.00686347 0.00545174 0.00188406 -0.00164488 0.00345791 -0.00329993 -0.00853672 -0.00702948
internal_weight=8351.34 4726.01 3625.34 3374.27 3269.93 4041.43 2669.88 684.582 2399.45 2063.18 1582.86 1641.98 251.063 2223.56 1477.62 600.049 116.102 483.947 2172.44 102.254 178.307 1312.23 157.405 1154.83 446.315 2070.18 506.275 456.593 346.053 163.317 1348.01 1978.56 1847.21 1644.89 131.351 405.581 336.264 480.318 359.917 278.514 120.556 157.958 165.387 1286.58 1112.05 909.446 531.94 146.475 377.506 101.691 182.736 104.345 957.308 529.429 237.055 427.879 303.974 172.634 292.374 191.999 130.685 124.802
internal_count=38089 20797 17292 15747 15288 17829 12029 2968 10784 9314 7254 7045 1545 9764 6352 3259 639 2620 9484 427 792 5640 695 4945 2265 9057 2176 1965 1495 700 6249 8664 8071 7200 593 2060 1470 2060 1827 1439 618 821 712 5959 5131 4166 2428 677 1738 467 795 459 4102 2270 1012 1832 1299 735 1258 816 553 530
is_linear=0
shrinkage=0.03


Tree=61
num_leaves=63
num_cat=0
split_feature=83 83 77 52 53 44 63 12 41 69 56 12 77 70 41 25 64 44 42 59 64 70 63 42 52 8 68 41 41 83 10 77 40 56 56 42 41 1 14 70 52 41 41 6 25 25 64 61 48 69 12 42 44 59 59 70 56 44 69 65 67 14
split_gain=167.66 61.8624 34.5396 32.2553 23.7403 25.1498 25.0288 23.7108 35.9374 22.7158 21.4994 27.6957 23.5078 21.7053 23.1467 20.4902 19.146 20.7053 18.9009 21.667 19.6871 19.2094 18.7575 18.6797 21.2396 19.1195 17.4375 17.3735 17.717 16.9576 15.6338 15.6269 18.5228 15.539 17.7763 16.9362 14.9916 15.8091 14.8239 21.8559 14.0189 13.5721 13.2081 13.1567 13.1056 32.5088 19.4608 13.8928 26.5705 16.7242 13.0675 12.947 12.9068 12.5114 17.8572 12.4992 12.4325 12.2968 12.2341 18.1336 14.2652 14.0338
threshold=0.10351252555847169 1.3085194230079653 -0.22064402699470517 0.30542688071727758 1.080034136772156 -0.91024279594421376 0.26092512905597692 0.01322389440611005 -46.822256088256829 14594.500000000002 10.432330608367922 0.010403099469840528 0.12154511362314226 31462.500000000004 -6.7963244915008536 10.806821823120119 0.87985393404960643 1.813953220844269 23.235518455505375 0.36059877276420599 0.31109040975570684 11339.500000000002 -0.75039777159690846 36.958501815795906 0.25849719345569616 0.0010190800530835988 1.0000000180025095e-35 -14.727440834045408 -18.350578308105465 0.48564723134040838 0.14135348051786426 -0.06244163587689399 -14.018266201019285 3.7535582780838017 4.8658795356750497 -11.782103061676024 -40.235937118530266 0.00021641796774929392 0.02255997154861689 6045.5000000000009 -0.23062428832054135 4.8647642135620126 -52.121284484863274 -0.00012194302325951865 70.949943542480483 30.563585281372074 0.94762688875198375 0.76844576001167308 0.99978020787239086 13048.500000000002 0.011554093565791847 73.234706878662124 10.697952270507814 0.23113749176263812 0.58014312386512767 7381.5000000000009 7.1787486076354989 11.607769489288332 3757.5000000000005 -196.49999999999997 67.500000000000014 0.017712675966322425
decision_type=2 2 2 2 2 2 2 2 2 2 2 2 2 2 2 2 2 2 2 2 2 2 2 2 2 2 2 2 2 2 2 2 2 2 2 2 2 2 2 2 2 2 2 2 2 2 2 2 2 2 2 2 2 2 2 2 2 2 2 2 2 2
left_child=10 2 58 4 5 33 44 8 56 38 11 15 13 14 26 -1 17 -10 19 31 -21 57 -23 24 27 30 -13 28 -3 52 -25 42 43 -4 -35 -36 55 -38 39 -9 -28 -24 -17 -33 45 47 -47 49 -49 -6 -8 -37 53 -19 -55 -5 -7 -20 59 -2 -60 -62
right_child=1 23 3 36 6 7 50 9 16 -11 -12 12 -14 -15 -16 18 -18 29 21 20 -22 22 41 25 -26 -27 40 -29 -30 -31 -32 32 -34 34 35 51 37 -39 -40 -41 -42 -43 -44 -45 -46 46 -48 48 -50 -51 -52 -53 -54 54 -56 -57 -58 -59 60 -61 61 -63
leaf_value=0.026451344776492906 0.0064408891282463849 -0.0088977453533358054 -0.020775315256211135 -0.012002557941980839 0.026232952668056825 0.021119402565072047 0.0048786944419545982 -0.02107251448493944 0.017950737576263694 -0.015830467942138507 0.014300645827754086 0.00060175690080101088 -0.0085464679776749968 -0.016153453161495905 -0.0046141207227321009 0.010145881996873234 -0.017675450822808421 0.011335792101197173 0.010133003368976219 0.0023721899190565121 -0.020790857205534523 0.0077492097867418071 0.033936894784883938 0.0045300003313469327 -0.022631534674664732 0.015944600943795181 -0.0053430469431632703 -0.019165588708341029 0.011356731877105102 -0.005588033285854015 -0.021988335532159061 0.018644449399484338 0.020512166505225402 0.0058230773114242834 0.00502797203028027 -0.0076760870191781667 -0.019193187158265557 -0.0033571461815688521 0.0093351246168135085 -0.00026266167540716842 0.012015840964460959 0.013150576781294904 -0.0097803079216506172 -0.0010984801658409911 0.011358998998158369 -0.0066498824548222903 0.0094156686961370129 -0.0098775583506704144 0.019827493299897258 0.0057574421542638454 -0.0051073449794277114 0.0082371595079929853 0.012959044723153429 -0.019009380169236135 0.0023481146300040781 0.0089589881315896049 0.00605341934955671 -0.0031023226065953341 -0.028547073286505378 -0.013270134521465797 -0.0064755715986111609 -0.021912617408546411
leaf_weight=54.884968265891075 92.55196525156498 343.62106478214264 53.005372181534767 44.869124740362167 85.948089987039566 119.75927278399467 170.40257228910923 55.756541132926941 65.753921076655388 117.56105752289295 267.95362256467342 244.55674180388451 163.27771587669849 46.923733726143837 188.83691935241222 50.754128128290176 47.88646574318409 70.097360983490944 311.16718734800816 85.049330100417137 53.987143740057945 82.33413428068161 76.879046097397804 40.046651169657707 150.0227822586894 43.751191541552544 46.183769807219505 133.22248740494251 43.824951976537704 259.70021295547485 39.987172231078148 42.203344091773033 112.74754452705383 141.21274654567242 121.75409357249737 896.85818879306316 160.30064713954926 87.817091375589371 97.611977159976959 245.08096760511398 448.38500028848648 44.712568864226341 73.000374138355255 108.42227107286453 287.65372893214226 255.95825776457787 92.341389164328575 59.853670284152031 49.524667635560036 61.657568946480751 383.04321031272411 48.502962604165077 111.3833741992712 49.076052412390709 124.91343349218369 59.622738763689995 83.781833797693253 79.272796973586082 42.874580636620522 76.913515940308571 229.47472573816776 68.920078605413437
leaf_count=284 435 1879 226 211 360 504 720 247 279 514 1265 1093 693 207 796 244 202 289 1476 393 239 386 366 206 1003 238 193 767 250 1125 236 211 557 598 510 3831 815 450 426 1059 2033 219 335 518 1217 1078 388 253 207 258 1660 206 461 202 516 274 350 382 198 370 1115 349
internal_value=-0.000106247 -0.00293125 -0.00170009 -0.000862511 -0.000123413 -0.00177996 0.00298001 0.000917188 0.00377277 -0.00424241 0.00625598 0.00532426 0.00198862 0.00375308 0.00475968 0.00855418 0.000660171 0.00194964 0.00767756 0.00353644 -0.0066219 0.0113435 0.0188061 -0.0107096 -0.0126858 -1.97703e-06 0.00715457 -0.00982013 -0.00660671 0.000239322 -0.00871931 0.0071848 0.0113165 -0.00487704 -0.00417963 -0.0055033 -0.00957399 -0.0135883 -0.000823402 -0.00411951 0.0103948 0.0262932 -0.00160819 0.00443323 0.00608691 0.00358141 -0.00239057 0.0116755 0.00357239 0.01768 -0.0020327 -0.00685964 0.00449668 0.000635081 -0.00367605 -4.19637e-05 0.0149179 0.00744578 -0.00909411 -0.00250515 -0.012366 -0.0100411
internal_weight=8395.43 5813.9 5019.42 4508.69 4156.08 2709.7 1446.38 1448.36 932.352 516.011 2581.53 2313.58 1138.16 974.886 927.962 1175.41 728.811 680.924 1120.53 526.164 139.036 594.366 203.926 794.476 670.691 123.785 739.126 520.669 387.446 615.17 80.0338 387.128 263.373 1261.33 1208.33 1067.12 352.61 248.118 398.449 300.838 494.569 121.592 123.755 150.626 892.937 605.284 348.3 256.984 109.378 147.606 553.446 945.361 355.47 244.087 173.989 104.492 203.541 390.44 510.735 169.465 341.269 298.395
internal_count=38372 26482 21903 19436 17686 11545 6141 6174 3928 2246 11890 10625 5015 4322 4115 5610 3074 2872 5326 2497 632 2829 971 4579 3899 680 3319 2896 2129 2593 442 1865 1286 5371 5145 4547 1750 1265 1732 1306 2226 585 579 729 3761 2544 1466 1078 460 618 2380 4037 1468 1007 718 485 854 1858 2467 805 1662 1464
is_linear=0
shrinkage=0.03


Tree=62
num_leaves=63
num_cat=0
split_feature=83 52 41 52 17 70 64 25 64 67 31 13 41 10 69 30 68 64 52 26 14 70 77 82 82 27 64 13 64 64 42 70 32 64 42 43 70 64 6 44 53 83 52 70 70 32 70 14 70 28 65 41 69 26 42 6 32 52 41 67 50 23
split_gain=140.375 38.0833 33.4655 33.9719 48.6022 30.0933 39.3746 48.7328 38.1491 28.0391 27.0359 24.5141 22.3675 42.4082 21.965 26.0338 20.403 20.0238 23.8393 18.2543 17.8019 18.8957 17.6035 17.1414 17.0195 20.1849 16.7775 17.3138 16.3343 21.319 18.7908 21.6187 16.1785 16.9841 16.1658 22.2481 22.5939 15.6037 17.7342 15.4013 17.5531 17.7728 19.1131 18.7444 17.4151 15.2207 14.124 13.9816 15.0038 13.7754 13.7479 13.6583 17.9162 32.3808 13.291 14.0297 17.3916 16.4592 19.2406 15.3502 13.4974 18.086
threshold=0.4908346831798554 -0.33728338778018946 -109.37187576293944 0.17853766679763797 25.082938194274906 7419.5000000000009 0.66098293662071239 8.2392497062683123 0.51316559314727794 1196.5000000000002 0.14249999821186068 0.014324487652629616 -41.970575332641594 0.13323421031236651 9278.5000000000018 0.32500000298023229 1.0000000180025095e-35 0.29862368106842047 0.33164449036121374 0.97172543406486522 0.018948008306324485 7217.5000000000009 0.32245324552059179 -62.424289703369134 37.528104782104499 -0.19844080507755277 -0.57536083459854115 0.015444993041455747 0.11970336735248567 -0.16289508342742917 35.779598236083991 2263.5000000000005 0.2624999880790711 -0.084981974214315401 70.04557037353517 5.1247427463531503 3775.5000000000005 -0.97768935561180104 0.00078799424227327119 8.020484924316408 0.7251252830028535 0.13175014406442645 -0.15430410206317899 5669.5000000000009 12433.500000000002 0.042500000447034843 9425.5000000000018 0.014936160296201708 8671.5000000000018 0.10918661579489709 321.50000000000006 -22.355224609374996 7527.5000000000009 1.5669384598731997 -28.489665031433102 -0.0010611550533212719 0.17249999940395358 -0.19751764088869092 -23.377792358398434 495.50000000000006 0.99821490049362194 3.5000000000000004
decision_type=2 2 2 2 2 2 2 2 2 2 2 2 2 2 2 2 2 2 2 2 2 2 2 2 2 2 2 2 2 2 2 2 2 2 2 2 2 2 2 2 2 2 2 2 2 2 2 2 2 2 2 2 2 2 2 2 2 2 2 2 2 2
left_child=2 51 -1 4 54 17 8 -8 12 10 34 14 13 -7 15 -9 20 18 19 49 37 -22 23 26 32 -26 27 -14 29 30 31 -21 -5 -34 35 36 -6 -12 -39 40 -18 42 -42 -44 -41 -25 -13 -45 -49 -3 -48 52 53 -2 -4 56 -56 58 -58 -59 -57 -62
right_child=1 5 3 24 9 6 7 11 -10 -11 16 46 22 -15 -16 -17 39 -19 -20 28 21 -23 -24 45 25 -27 -28 -29 -30 -31 -32 -33 33 -35 -36 -37 -38 38 -40 44 41 -43 43 47 -46 -47 50 48 -50 -51 -52 -53 -54 -55 55 60 57 59 -60 -61 61 -63
leaf_value=0.027076702077709031 0.018462300091496183 -0.0039233359938710714 -0.016768072947923145 -0.0057725773096240843 -0.0011920869084957176 0.018372351027329037 0.036050095292434678 0.023016133316995358 -0.0231009644051243 0.021039171468169259 0.015809586421168892 0.0055241270076226085 0.007904526674341758 -0.0059127659554873363 0.027180755669364346 -0.0048717875292992223 -0.0049518875409808386 -0.012238782682846252 -0.01957493378959782 0.011557863885223051 0.0011479667115308189 -0.022153248803370443 -0.022838056055699323 0.014473019470400642 -0.011556755404836987 -0.00011342956282459291 -0.020914400600162291 -0.017180339337845314 0.013423149394299888 -0.017588169932766309 0.017599281054590715 -0.0053626394363098188 -0.00016691254191288535 0.023721082258867217 0.019993220024221121 0.0025162551570251596 0.014666690499938784 -0.0018247424784304568 0.012509209284708656 0.0067818083104279432 -0.0067280549082483444 0.0020527866392061654 0.00158534579722077 0.026395780318782678 0.026357268769454646 -0.0026540271537598696 -0.02190490566246699 0.02099654519538232 0.0020807932936332298 -0.023544350640386246 -0.00039171104082861956 -0.022459134834023543 -0.019194741736412765 -0.018823974394624864 0.017142801028238588 -0.011308958151812685 -0.021203959396343907 0.018551422933481419 0.0033887938837571896 -0.0019578710227975615 0.0012507349164741794 -0.012349724478564569
leaf_weight=52.127569586038589 43.18966481089592 69.951404213905334 48.302384287118912 75.024799510836601 98.4619510024786 121.09362246096134 45.878094166517258 45.172352492809296 85.663654424250126 105.65327230095863 62.871454030275345 72.995565012097359 56.392352476716042 139.00388671457767 53.080889001488686 90.44853962957859 153.09756563603878 460.67888056486845 84.116062931716442 84.767816215753555 61.490087479352951 63.84155847132206 45.213162340223789 50.554381862282753 268.4647708684206 287.06962399184704 90.535510510206223 44.151838690042496 66.921393126249313 71.209728948771954 49.039594188332558 342.71245796978474 50.988020613789558 56.436450362205505 111.6802724301815 397.40394684672356 452.09113778173923 561.17917084693909 90.163448736071587 110.40838007628918 48.901683837175369 452.34501504898071 89.821056023240089 98.008956670761108 64.971501469612122 612.43447379767895 55.745544776320457 78.025292292237282 73.094184026122093 59.677479475736618 51.370066344738007 127.88300080597401 84.660361930727959 40.730175003409386 75.709816843271255 140.08424396812916 51.479436933994293 63.703669100999832 64.511284336447716 67.799200296401978 527.52527147531509 105.61780077219009
leaf_count=263 241 310 205 329 474 518 219 198 402 498 274 357 263 660 235 408 641 2148 523 396 259 265 278 218 1171 1238 447 222 302 344 219 1607 224 249 549 1869 2207 2365 374 474 209 1865 403 450 278 2902 285 345 313 279 252 764 491 247 322 597 223 264 279 286 2277 457
internal_value=6.26614e-05 -0.00481649 0.00316232 0.00291578 0.00393235 -0.00378604 -0.00111518 0.00689127 -0.00378191 0.00584386 0.00532056 0.00326409 -0.00235448 0.00539366 0.0108204 0.00441707 0.00327483 -0.00722489 -0.00443662 -0.00272574 -0.000292863 -0.0107212 -0.00459545 -0.00362972 -0.0030326 -0.00564347 -0.0115464 -0.00311096 -0.000568127 -0.00227758 1.03944e-05 -0.00200736 0.00491718 0.0123829 0.0091976 0.00792576 0.0118305 0.00153713 0.000159464 0.00583777 0.00439065 0.00609302 0.0108051 0.0133347 0.0140338 -0.00134805 -0.00465261 0.0175708 0.0118473 -0.0129563 -0.0115877 -0.0150659 -0.00945756 0.000365549 -0.00136689 -0.000688403 0.00456053 0.00071153 -0.00752605 0.0079774 -0.00288242 -0.00101803
internal_weight=8353.63 3245.27 5108.35 5056.23 4318.24 2948.81 1659.73 414.691 1245.04 3173.51 3067.86 368.813 1159.38 260.098 188.702 135.621 2008.22 1289.07 828.396 744.28 839.546 125.332 899.282 854.069 737.984 555.534 191.08 100.544 614.651 547.73 476.52 427.48 182.449 107.424 1059.64 947.957 550.553 714.214 651.343 1168.67 993.294 840.196 387.851 338.949 175.38 662.989 180.111 249.128 151.119 129.629 107.116 296.463 168.58 83.9198 1144.73 1096.43 323.203 247.494 115.991 131.503 773.227 633.143
internal_count=38231 15735 22496 22233 19022 13992 7864 1954 5910 14112 13614 1735 5508 1178 841 606 8515 6128 3980 3457 3537 524 4330 4052 3211 2409 932 485 2868 2566 2222 2003 802 473 5099 4550 2681 3013 2739 4978 4226 3585 1720 1511 752 3120 894 1108 658 589 537 1743 979 488 4910 4705 1374 1052 502 550 3331 2734
is_linear=0
shrinkage=0.03


Tree=63
num_leaves=63
num_cat=0
split_feature=10 80 29 61 52 5 52 33 4 5 64 54 64 64 64 33 56 51 38 69 25 54 4 40 26 38 65 29 64 56 26 26 25 69 40 10 61 65 30 66 68 64 44 69 42 12 47 51 69 56 32 10 25 14 33 13 11 51 44 66 44 44
split_gain=114.295 49.2522 33.8417 43.7921 39.9233 30.7119 29.8353 33.7242 26.3597 23.4743 28.205 22.8956 22.6053 40.4301 28.8081 24.0923 21.9157 21.7257 21.168 26.0943 20.6442 22.8543 26.5971 20.5763 27.1159 20.4458 19.8127 20.1185 19.2858 19.6863 19.223 18.9833 18.8747 20.1322 19.6958 19.5422 28.2423 18.2627 20.9432 22.8151 25.2315 25.9468 27.6448 23.4672 26.5207 22.1327 20.8426 20.0784 18.5739 18.6806 17.5319 16.4685 15.9699 15.9411 31.5567 23.8108 15.9161 16.159 15.2149 20.8249 15.0086 19.047
threshold=0.11988709867000581 13.248032093048097 -1.0509431362152097 -3.870863556861877 0.29968844354152685 -0.00059485959354788054 0.17853766679763797 3159.5966796875005 -0.00066010066075250496 -0.0025895866565406318 -0.85828685760498036 1.0805336236953738 0.65110388398170482 0.55738157033920299 0.10669767111539842 1055.8146972656252 9.1525468826293963 0.028953031636774543 -0.14209798723459241 4296.5000000000009 47.743316650390632 0.54973521828651439 0.00059412678820081066 -8.7295837402343732 1.7895570397377016 -0.29472197592258448 354.50000000000006 1.1051425933837893 -0.4047416597604751 11.547011375427248 2.8115617036819462 0.45379509031772619 47.073843002319343 6387.5000000000009 10.917214393615724 0.062386142089962966 3.2761334180831914 -773.49999999999989 0.37500000000000006 275.50000000000006 0.87837970256805431 -0.95037782192230214 -3.7541408538818355 3491.5000000000005 29.105889320373539 0.0069763779174536475 1.0017750263214114 0.042247740551829345 3757.5000000000005 6.6376779079437265 0.63749998807907116 0.091248355805873885 66.40057754516603 0.025813775137066845 438.96215820312506 0.020690157078206543 0.078448094427585616 0.044769728556275375 -4.4165256023406974 370.50000000000006 4.2519726753234872 -3.7541408538818355
decision_type=2 2 2 2 2 2 2 2 2 2 2 2 2 2 2 2 2 2 2 2 2 2 2 2 2 2 2 2 2 2 2 2 2 2 2 2 2 2 2 2 2 2 2 2 2 2 2 2 2 2 2 2 2 2 2 2 2 2 2 2 2 2
left_child=1 30 23 -4 9 28 7 8 -7 -5 16 20 13 14 18 -14 -11 -16 25 -20 21 22 -10 24 -2 -8 27 53 56 -30 32 -28 58 35 -35 36 -34 48 45 40 41 42 -40 -43 47 -39 -46 -45 -22 -50 52 -19 -47 55 -55 -12 57 -3 59 -1 61 -57
right_child=2 5 3 4 -6 6 12 -9 11 10 26 -13 15 -15 17 -17 -18 51 19 -21 37 -23 -24 -25 -26 -27 31 -29 29 -31 -32 -33 33 34 -36 -37 -38 38 39 -41 -42 43 -44 44 46 50 -48 -49 49 -51 -52 -53 -54 54 -56 60 -58 -59 -60 -61 -62 -63
leaf_value=0.016372860971213082 0.0089767899559946521 0.00015309433976383569 0.014550282106922064 -0.020227771498099196 -0.01443420494000191 -0.006727808597737926 -0.0059948564310210129 0.018875511197421091 0.0096333477594170974 -0.0017526680552361561 -0.0039858412259315291 0.014676576070768969 -0.00073431103012057105 -0.029702582774044136 -0.010754653429532328 0.022068420719712843 0.011103895219272252 0.020669187843052873 -0.027480009208116531 -0.005270636459916057 0.0070209569983621101 -0.0081501392347815855 -0.0051691510194293716 -0.022913962351353685 -0.018811749304468311 0.014855618870259397 -0.0034495938045281211 -0.021679752111520453 -0.0082091287168304401 0.0081255969111635254 0.028414000086085456 0.021750103380014839 -0.011595727365190612 0.0019988583911624324 0.024951942985467906 -0.011614248944884576 0.017763426884426583 0.026069910186059135 -0.0096870872059090091 0.0061774668366729128 0.016530837022784201 -0.021297586163975875 0.022703849750949915 -0.026097618380580223 0.017856282562316576 0.01157966725598147 -0.0085872027168374457 -0.0019983978987270622 0.00010176876742435467 -0.023705290895227171 0.021533646134708772 -0.00019674825718045392 -0.0058671760288920675 -0.0070851531048389815 0.015493836606009654 -0.026490260388805163 -0.0026168658959945285 0.020525630647182786 0.021852575596361001 -0.0096394892341211784 -0.027977495203389807 -0.0037573250677908
leaf_weight=79.24424834549427 57.731433033943176 70.283426880836487 112.91793562471867 69.847996056079865 320.8581628203392 209.16732433438301 161.42379613220692 134.85493205487728 896.79307293891907 276.38036100566387 1040.3045329600573 179.62222146987915 121.21381606161594 53.725563108921051 46.531118273735046 63.571427002549171 209.99784210324287 90.334220379590988 78.703157097101212 120.52232541143894 52.246143743395805 87.442652150988579 124.40070253610611 139.2337112352252 69.829889312386513 57.369567662477493 59.347804605960846 64.54125452041626 561.39390084147453 75.310212284326553 48.746280997991562 49.21566142141819 47.845568224787712 67.38449764251709 67.200250834226608 94.022844895720482 76.859525918960571 56.635504499077797 44.726041927933693 316.3339861780405 47.896431148052216 114.70198586583138 50.478589504957199 62.898930922150612 60.378892853856087 79.849514737725258 48.273778825998306 61.573863223195076 49.031719014048576 75.094326928257942 47.790888041257858 54.629540458321571 115.54529590904713 127.81661322712898 98.748727217316628 46.240658491849899 220.70492228865623 69.878685563802719 137.0061949044466 42.584023579955101 57.703098759055138 117.3595414608717
leaf_count=382 340 313 487 360 1949 895 718 683 3974 1213 4762 785 516 232 201 281 934 397 349 535 224 384 528 892 427 252 253 387 2489 334 233 212 228 311 311 400 372 265 199 1400 203 495 218 268 260 357 204 269 211 330 211 246 499 583 426 212 953 295 631 204 261 515
internal_value=3.22162e-05 0.00260856 -0.00475501 -0.00373016 -0.00454336 0.00154332 0.00278374 0.00422422 0.00351372 -0.00311222 -0.00255557 0.00434671 -0.00216899 -0.00475435 -0.00255529 0.00711048 0.00379826 0.00708092 -0.00696965 -0.0140444 0.00357104 0.0065697 0.00783012 -0.0149395 -0.00623527 -0.000527676 -0.00441581 -0.00528211 -0.00313672 -0.00627704 0.0102829 0.00797432 0.00883914 0.0043303 0.0134597 -0.00128708 0.00649921 0.000980828 0.00240919 -0.000105451 -0.0041539 -0.00639014 0.00748696 -0.0101885 -0.00472259 0.00917981 0.00610759 -0.0141763 -0.00798496 -0.0143011 0.00524627 0.0128059 0.0012626 -0.00457095 0.00275592 -0.00588674 0.00240396 0.0103099 0.0149938 0.00728047 -0.0148225 -0.0101827
internal_weight=8340.3 5422.23 2918.08 2651.28 2538.36 4761.33 3763.76 2915.74 2780.88 2217.5 2147.66 2571.71 848.025 663.239 609.514 184.785 486.378 191.495 418.019 199.225 2392.09 1108.64 1021.19 266.795 127.561 218.793 1661.28 1552.71 997.571 636.704 660.893 108.563 612.147 353.313 134.585 218.728 124.705 1283.46 1107.08 807.263 490.929 443.032 95.2046 347.827 233.125 299.821 108.653 124.473 176.372 124.126 243.186 144.964 195.395 1488.17 226.565 1261.61 360.867 140.162 258.834 121.828 221.303 163.6
internal_count=38258 24045 14213 12554 12067 20973 16589 12862 12179 10118 9758 11284 3727 2930 2698 797 2147 844 1854 884 10499 4886 4502 1659 767 970 7611 7146 4384 2823 3072 465 2839 1622 622 1000 600 5613 4848 3516 2116 1913 417 1496 1001 1332 464 537 765 541 1067 643 856 6759 1009 5750 1561 608 1217 586 988 727
is_linear=0
shrinkage=0.03


Tree=64
num_leaves=63
num_cat=0
split_feature=83 29 52 42 25 77 29 57 59 33 80 80 54 59 13 32 29 32 47 27 54 81 70 31 47 77 57 13 63 65 65 57 14 13 13 47 29 63 31 51 42 40 23 13 40 7 31 10 57 14 32 57 54 14 13 42 63 58 58 65 10 40
split_gain=124.988 52.0437 39.7864 31.9411 23.7088 23.6559 29.2909 23.26 21.898 20.6396 21.6033 20.1975 23.8936 19.494 22.7172 25.5529 20.4067 18.9574 18.5395 18.5011 18.4524 18.1732 18.1139 18.0501 17.889 17.4568 17.0022 16.9779 16.6522 28.202 16.5808 25.2704 18.2253 16.8365 16.326 20.2507 21.0653 26.2594 19.2508 17.9938 18.9158 22.6545 17.6085 17.1654 20.9175 16.2401 23.6454 16.0673 21.7736 16.0285 15.8886 15.7975 25.0313 18.3022 15.6857 14.6335 14.5304 14.5068 14.4425 17.1447 20.8352 21.7234
threshold=0.10351252555847169 -1.0759288668632505 0.34847094118595129 -46.253950119018548 63.619501113891609 -0.20056647807359693 0.63475203514099132 41.927831649780281 1.0703667998313906 340.86238098144537 20.357108116149906 13.446605682373049 0.83537986874580394 0.85519987344741832 0.0096214362420141714 0.20250000059604648 0.57237783074378978 0.13750000298023227 1.0014992952346804 -0.54639750719070423 1.0000000180025095e-35 0.27411420643329626 5622.5000000000009 0.26749999821186071 0.99735385179519664 -0.15528684854507444 36.346996307373054 0.01189507218077779 0.27353890240192419 -406.49999999999994 354.50000000000006 34.184749603271491 0.023800566792488102 0.031834885478019721 0.017228725366294387 0.99536657333374035 -0.59946727752685536 0.98120620846748363 0.56250000000000011 0.061318302527070052 71.584506988525405 -19.367568016052243 2.5000000000000004 0.0096214362420141714 -4.8591060638427725 0.00053579776431433867 0.11749999970197679 0.098366372287273421 50.339452743530281 0.010849540587514641 0.12249999865889551 26.105343818664554 0.18503074347972873 0.011341239325702192 0.015523741953074934 21.110496520996097 -0.36852931976318354 0.26882453262805944 -0.137745626270771 42.500000000000007 0.032456129789352424 -18.375274658203121
decision_type=2 2 2 2 2 2 2 2 2 2 2 2 2 2 2 2 2 2 2 2 2 2 2 2 2 2 2 2 2 2 2 2 2 2 2 2 2 2 2 2 2 2 2 2 2 2 2 2 2 2 2 2 2 2 2 2 2 2 2 2 2 2
left_child=11 4 3 -3 17 -5 9 22 20 10 18 19 13 16 -15 -16 51 -2 24 45 21 -8 -4 -17 -7 -19 -23 -24 29 -28 32 -32 34 -34 35 -11 42 39 -39 40 41 56 43 -37 -45 46 -1 50 -49 -10 -26 58 55 -54 -30 -53 -38 -21 -13 60 -60 -62
right_child=1 2 7 5 -6 6 8 -9 49 30 -12 12 -14 14 15 23 -18 25 -20 57 -22 26 27 -25 47 -27 28 -29 54 -31 31 -33 33 -35 -36 36 37 38 -40 -41 -42 -43 -44 44 -46 -47 -48 48 -50 -51 -52 52 53 -55 -56 -57 -58 -59 59 -61 61 -63
leaf_value=0.00872902941549486 0.0094289543762840627 0.021253243260279362 -0.02016048204972545 -0.0070983540622961017 -0.033921097788633107 -0.012785604344167777 -0.015059757396187807 -0.0213273758065445 0.017801873955784635 0.019807809278727436 -0.0091603170144295178 0.022955009575146637 0.013704043358174812 0.011852859523381807 -0.025560715971128276 0.0092327244941293098 -0.014106659382417289 -0.019293071322443553 -0.010492964198700973 0.02579073792718475 -0.016236138272016448 0.003862193876994666 0.0097901400527013235 -0.012116211692731723 0.011480703709070084 0.00070443295606153523 -0.014591267984618893 -0.0098868333934443338 -0.0061608975344166024 0.016980145720253272 -0.0021565086916344044 0.0277290106601439 0.020842133875240792 -0.0015427944463912299 -0.0053487528054161617 0.0090868067944766193 0.0021853937002274987 0.029643917068257 0.0060068210686890656 0.01611485673338002 0.013220580514821733 -0.0019653009118502755 -0.012547949280340975 0.0047067810983621519 -0.016324642317942489 0.018704807020721255 -0.015988311655133293 0.015102014356007058 -0.0031211387529296039 -0.0030415974122308957 -0.0061117126793531519 0.0035534951588484707 -0.018246008757224624 0.001985929002594864 -0.032895167098499697 0.018879625965277674 0.018490445406666518 0.011317261574646563 0.020965196919249907 0.017051854949386762 -0.017630585956970205 0.0043675663263315354
leaf_weight=80.806576922535896 34.949155911803246 56.204358890652657 55.987462982535362 596.41951365768909 48.823547467589378 63.348009750247002 124.82909817248583 137.07464727014303 54.287217751145363 54.782677263021469 352.16885305941105 59.056054577231407 206.79341077804565 58.702240660786629 61.136369571089745 65.381826385855675 52.74017658829689 160.91521211713552 125.34051562845707 82.042751029133797 179.81571880728006 211.59519562870264 76.950847670435905 78.360640898346901 62.499151140451431 51.978199437260628 57.8941830098629 81.012817844748497 41.157249301671982 45.459498405456543 47.907079607248306 54.357280626893044 80.091686561703682 48.583579510450363 333.76440171897411 112.60303749144077 116.56864029169083 53.976748466491699 72.881044268608093 74.700031653046608 104.35419905185699 990.52262035012245 156.27928197383881 83.526882246136665 86.780678853392601 45.292218998074532 61.223556324839592 180.98553909361362 87.557955786585808 85.498897083103657 177.20795071125031 714.93525570631027 81.397406682372093 79.588142782449722 37.978448309004307 60.84075228869915 85.100778728723526 259.33937904238701 55.302871957421303 120.55742278695107 47.768856152892113 261.95787480473518
leaf_count=407 201 243 315 2843 303 275 574 848 233 232 1602 287 963 283 258 287 223 1031 537 403 863 979 378 322 260 292 297 477 206 218 202 231 338 212 1441 477 489 228 305 308 436 4113 675 361 385 211 269 772 382 435 734 3222 371 352 214 277 359 1255 295 602 225 1222
internal_value=-0.000128676 -0.00257659 -0.00191027 -0.00123748 -0.0148131 -0.00148825 -0.000735401 -0.0116794 -0.00578587 0.000439038 -0.00310422 0.00542259 0.00404686 0.00293599 -0.00460079 -0.00931512 0.00423088 -0.0110489 -4.40215e-05 0.0106385 -0.0079543 -0.00508444 -0.00549815 -0.00240556 0.00224723 -0.0144107 -0.00192469 -0.000301339 -0.00863455 -0.000704771 0.00189292 0.0137287 0.00139979 0.0123903 0.000791753 0.00182057 0.00131193 0.00300573 0.0160642 0.00179766 0.000972775 -9.92922e-05 -0.00446573 -1.12667e-06 -0.00600984 0.00306255 -0.00192564 0.00412091 0.0091604 0.00505316 -0.00152482 0.00488372 0.0025215 -0.00824373 -0.0189911 0.00475546 0.00906583 0.0147956 0.00894663 0.00724296 0.0040034 0.000974812
internal_weight=8277.94 5744.72 5448.05 5097.03 296.666 5040.82 4444.4 351.026 838.516 3605.89 1049.11 2533.22 2004.52 1797.73 263.581 204.879 1534.14 247.843 696.939 528.704 698.729 518.914 213.951 143.742 571.599 212.893 394.085 157.964 182.489 103.354 2556.78 102.264 2454.52 128.675 2325.84 1992.08 1937.29 1498.1 126.858 1371.25 1296.55 1192.19 439.19 282.911 170.308 187.322 142.03 508.251 268.543 139.786 239.707 1481.4 936.762 160.986 79.1357 775.776 201.669 341.382 544.643 485.587 365.03 309.727
internal_count=38038 26304 24477 22459 1827 22216 19373 2018 4019 15354 4562 11734 9189 8226 1150 867 7076 1524 2960 2545 3351 2488 1170 609 2423 1323 1914 855 935 515 10792 433 10359 550 9809 8368 8136 6238 533 5705 5397 4961 1898 1223 746 887 676 2148 1154 668 994 6853 4222 723 420 3499 848 1658 2631 2344 1742 1447
is_linear=0
shrinkage=0.03


Tree=65
num_leaves=63
num_cat=0
split_feature=83 52 5 12 70 11 12 63 59 5 67 67 64 26 54 64 56 31 63 77 61 25 34 68 57 61 5 46 47 64 54 63 77 32 6 54 44 60 32 60 58 64 29 52 90 78 57 63 32 25 53 12 22 56 31 51 70 53 13 52 64 67
split_gain=112.408 39.7786 44.5912 33.3039 32.7825 31.8223 26.4955 23.3334 23.0341 22.4571 21.6018 40.5667 21.0447 20.4669 25.5807 21.3411 19.9416 24.8733 19.9225 22.6366 20.8215 19.2955 18.8319 18.4981 18.3132 18.27 17.297 16.9816 24.4284 16.8581 20.426 25.8411 17.4706 17.0434 16.8463 16.6452 16.2116 26.4727 16.19 15.9486 15.9433 16.4836 15.671 15.4597 22.8118 16.7837 15.2235 14.886 29.3639 14.8839 17.522 13.985 13.7755 13.4334 17.4192 16.7022 14.7514 17.8937 14.3508 14.1301 13.3465 13.3226
threshold=0.32453268766403204 -0.262771725654602 0.0014756770106032493 0.010554650798439981 7381.5000000000009 0.050941325724124915 0.0081455740146338957 -0.99280729889869679 0.8655015528202058 0.00059772594249807309 1065.5000000000002 1035.5000000000002 -0.8959035575389861 1.4461203813552859 -0.35587255656719202 0.89783340692520153 6.6138901710510263 0.65249997377395641 0.86051779985427868 -0.22812663018703458 13.675638675689699 86.182662963867202 1.2124653458595278 1.0000000180025095e-35 63.031074523925788 0.92983540892601024 -0.0021264930255711074 0.99548000097274791 0.99800962209701549 -0.97485619783401478 0.8545438051223756 -0.99851059913635243 0.079312130808830275 0.047500001266598708 0.00080678082304075371 -0.24197693914175031 4.7773709297180185 2.9479668140411381 0.91250002384185802 7.932392120361329 1.1176260709762575 0.95943480730056774 0.17464226484298709 -0.06074456870555877 -0.47382318973541254 -0.068754013627767549 19.138699531555179 -0.41667649149894709 0.21750000119209292 48.744308471679695 0.46963438391685491 0.011607556138187649 12.500000000000002 7.6797533035278329 0.37250000238418585 0.058894759044051177 2545.5000000000005 0.7804049849510194 0.018965813331305984 -0.11959216371178626 -0.77576932311058033 373.50000000000006
decision_type=2 2 2 2 2 2 2 2 2 2 2 2 2 2 2 2 2 2 2 2 2 2 2 2 2 2 2 2 2 2 2 2 2 2 2 2 2 2 2 2 2 2 2 2 2 2 2 2 2 2 2 2 2 2 2 2 2 2 2 2 2 2
left_child=3 23 4 10 7 -6 16 -3 9 27 11 18 52 36 15 -15 35 -18 19 -1 29 -16 -14 25 -20 -2 61 -5 43 -21 31 -31 33 -32 39 -7 40 -38 46 53 41 -8 -11 44 45 -29 -28 48 -10 50 -33 -49 -4 54 56 -55 -30 -58 -57 -56 -52 -25
right_child=1 2 12 8 5 6 13 -9 47 42 -12 -13 22 14 21 -17 17 -19 24 20 -22 -23 -24 26 -26 -27 38 28 34 30 32 49 -34 -35 -36 -37 37 -39 -40 -41 -42 -43 -44 -45 -46 -47 -48 51 -50 -51 60 -53 -54 55 59 58 57 -59 -60 -61 -62 -63
leaf_value=-0.012109380249612419 -0.0067736566109272848 -0.0253115057249589 -0.0072062021108482898 0.022226701084158425 0.021104222172549369 0.028291830353296452 0.002022342616860618 -0.0034254266533437182 -0.014546034557166975 0.0050268322431229221 0.018472535264787534 -0.017776841582017009 -0.016796869870019573 -0.0022661961625310271 -0.015506122148201316 0.016477889929404316 -0.0075895081214536475 0.017953632844585603 0.01615576821283311 0.016903530054815534 0.023223563213704383 0.0030641785033052541 0.0043396856457431224 -0.0015712553944833101 -0.0014551136203739712 -0.024662525621268926 0.0076847932581161887 -0.014571371664739825 -0.010093084230008324 -0.01975150544446461 0.03231020366284372 -0.0087792385459954728 -0.0010929049573832593 0.0095883757150900181 0.020026319923486344 0.0077785483448174304 -0.013998492348849029 0.0063720268166616145 0.014109276972144605 0.019844539752529051 0.023013323780872581 0.020673491362431805 -0.0075057319274973999 0.0021932480819087945 -0.026719144857227678 0.0088558053426320126 -0.0099250892820108676 0.0027996086534374087 0.011390532827120029 -0.00045841398900102318 -0.00055368315527880285 -0.01572752498134089 0.015621122065800642 0.0033143860359680136 -0.020677799502001125 0.02329461145116998 -0.0048787204410613112 0.014343237510328018 0.003611391888710013 0.00047293346124613919 0.012147890465304199 -0.024678993347683847
leaf_weight=66.466746747493744 85.873276524245739 45.238769143819809 64.692819871008396 46.420006290078163 75.121566712856293 66.598879799246788 286.57700090110302 1419.4257839620113 65.615097478032112 131.0977755188942 128.55558940768242 63.663570910692215 313.93088486790657 383.91438211500645 214.73934948444366 63.74450546503067 94.979218810796738 53.714417859911919 290.63870637118816 98.825206249952316 59.188963621854782 65.783451288938522 43.152206219732761 33.390770398080349 65.034035757184029 127.92942407727242 57.956944808363914 51.240577578544617 50.266798928380013 45.529062181711197 54.00205285847187 55.12126798927784 51.396453246474266 66.049170270562172 77.053788840770721 76.487820416688919 105.40134331583977 126.11863186955452 43.596654653549194 63.126498818397522 49.618847742676735 50.102502003312111 285.0305248349905 284.80005986988544 48.174894735217094 59.460324630141258 185.88818715512753 48.428517684340477 97.901819884777069 458.64555698633194 96.828512102365494 150.99443730711937 37.633090302348137 251.94092658162117 54.972339332103729 91.510441809892654 64.561133190989494 134.15692283213139 52.440902188420296 58.870275095105171 322.23517668247223 68.565211817622185
leaf_count=279 515 205 378 200 327 285 1283 6296 275 570 600 280 1901 1696 973 280 400 235 1388 483 279 294 238 218 292 678 289 215 223 202 259 252 228 301 331 327 467 549 218 278 219 213 1212 1254 204 253 982 206 411 2080 441 633 193 1132 229 408 284 601 227 249 1484 425
internal_value=0.000170135 -0.00325256 -0.00206921 0.0037183 -0.00080614 0.00201158 0.00113584 -0.00410142 0.00116938 0.00255593 0.00659327 0.00574184 -0.0108054 -0.00064074 -0.00404824 0.000402873 0.00933131 0.00163775 0.00660734 0.00496954 0.00583753 -0.0111513 -0.0142426 -0.0103876 0.0129357 -0.0174775 -0.00649474 0.00438743 0.00377063 0.00501338 0.00399143 0.00231758 0.0135432 0.0198092 0.00661363 0.0173263 0.00337545 -0.00290182 -0.00272908 0.0053561 0.00713761 0.00479789 -0.00355745 -0.00198936 -0.00948709 -0.00198803 -0.00573958 -0.00572677 0.000982861 0.00339471 0.00712157 -0.0112283 0.00118916 0.00415064 -1.9137e-05 0.00797215 0.00442566 0.00809825 0.0161241 -0.00974034 0.00921308 -0.0171112
internal_weight=8330.42 4240.18 3636.98 4090.24 3177.57 1712.9 1637.78 1464.66 2168.06 1805.12 1922.18 1793.62 459.409 1346 728.182 447.659 291.78 148.694 1729.96 1374.29 1307.82 280.523 357.083 603.2 355.673 213.803 389.398 1389 1342.58 1248.63 1149.81 978.36 171.448 120.051 898.9 143.087 617.818 231.52 287.442 821.846 386.298 336.68 416.128 443.676 158.876 110.701 243.845 362.94 163.517 932.831 474.185 199.423 102.326 758.72 362.827 395.892 248.985 198.718 143.951 113.843 419.064 101.956
internal_count=38327 20084 16759 18243 14049 7548 7221 6501 9395 7870 8848 8248 2710 5974 3243 1976 1247 635 7968 6288 6009 1267 2139 3325 1680 1193 2132 6088 5888 5730 5247 4459 788 560 3962 612 2731 1016 1489 3631 1715 1496 1782 1926 672 468 1271 1525 686 4257 2177 839 571 3353 1586 1767 1108 885 635 478 1925 643
is_linear=0
shrinkage=0.03


Tree=66
num_leaves=63
num_cat=0
split_feature=83 64 77 52 65 64 52 42 12 33 29 18 30 41 54 64 68 52 54 81 1 78 64 46 25 52 64 45 14 77 12 64 12 28 25 70 65 69 10 64 26 69 42 69 11 33 59 28 69 69 45 26 44 33 64 6 83 65 38 82 50 82
split_gain=114.908 37.2146 36.1951 37.0939 32.2657 37.6064 27.8962 26.2405 25.1956 22.7483 21.8953 26.2514 20.8741 20.0595 19.7408 26.4987 23.9928 20.6511 27.9247 26.6121 19.2722 18.7236 18.4763 18.3375 24.4253 20.2084 17.8224 17.4306 17.4197 16.9909 18.3972 15.9533 15.9466 21.4299 17.4005 15.3605 15.2464 15.1974 14.8335 19.3372 21.9301 16.679 16.6268 14.7938 14.195 14.0954 14.0234 15.9994 31.6233 22.2202 22.6611 15.5207 17.1396 16.6674 17.7481 13.9829 13.7665 13.5533 12.876 14.1334 12.7838 12.545
threshold=0.24900863319635394 -0.99771150946617115 -0.32057794928550715 0.38434277474880224 354.50000000000006 0.98120620846748363 0.33164449036121374 -46.253950119018548 0.0072773778811097154 3159.5966796875005 -0.98927167057991017 7.6010673046112069 1.0000000180025095e-35 -20.07780838012695 0.88303765654563915 0.60006982088089 1.0000000180025095e-35 -0.10471083968877791 -1.5291600227355955 0.26229102909564977 0.00024394964566454294 0.12232069671154024 -0.0327190039679408 0.99853888154029857 55.048866271972663 0.15147592872381213 -0.9543684422969817 -0.56174489110708226 0.011671387124806644 -0.13524287939071652 0.015699348412454132 0.87355786561965953 0.01518108928576112 0.37267592549324041 34.23620796203614 31834.500000000004 -271.49999999999994 18071.500000000004 0.041223654523491866 -0.77576932311058033 1.4330188632011416 9278.5000000000018 16.593232154846195 15964.500000000002 -0.048473386093974107 186.09773254394534 -0.71353211998939503 -1.4349214434623716 13142.500000000002 3149.5000000000005 -0.56174489110708226 0.95883992314338695 5.7595894336700448 1465.3469848632815 -0.26933941245079035 -0.00080668588634580363 1.1111552715301516 -821.49999999999989 -0.017095487564802166 -5.9481258392333975 0.99964642524719249 -89.47573089599608
decision_type=2 2 2 2 2 2 2 2 2 2 2 2 2 2 2 2 2 2 2 2 2 2 2 2 2 2 2 2 2 2 2 2 2 2 2 2 2 2 2 2 2 2 2 2 2 2 2 2 2 2 2 2 2 2 2 2 2 2 2 2 2 2
left_child=1 -1 44 4 7 -6 9 -4 37 12 26 61 46 56 16 28 23 27 45 35 21 -13 -21 -14 25 31 -10 55 -16 -22 -31 -25 33 34 -29 58 -32 -9 -26 40 -40 42 -41 -43 -2 -19 -3 48 -48 50 -49 -51 53 54 -53 -18 -5 -11 -20 -60 -30 -12
right_child=2 6 3 13 5 -7 -8 8 10 57 11 20 14 -15 15 -17 17 18 19 22 29 -23 -24 24 38 -27 -28 32 60 30 36 -33 -34 -35 -36 -37 -38 -39 39 41 -42 43 -44 -45 -46 -47 47 49 -50 51 -52 52 -54 -55 -56 -57 -58 -59 59 -61 -62 -63
leaf_value=0.026334199692591594 -0.0010839670206400163 0.024320447856494051 0.018165446669133365 0.0024479010409860329 0.028493278302932027 0.00088503813391116145 -0.017714233838650516 0.0060142179340381251 0.0074436796300974203 0.030107158037618032 0.0017061481923528678 -0.0044168764914380831 -0.01984198026219924 -0.024949378330768702 0.026898058322372083 -0.0093910124655621832 0.020627736615853983 0.0021328921560407467 0.012573538931545275 -0.018336325629433142 -0.011937368476245267 -0.01427857489681362 0.0039035810518944416 0.0081233256783674011 0.0089491678439635475 -0.012796309810745131 -0.015086130906263946 0.0027209771530203007 -0.0033061490021226076 0.0065075395217975901 0.0022445195796796315 -0.01089260220836117 -0.016545100164301229 0.0057915443551187305 -0.02067773449323047 -0.0074089638252770153 -0.010645125145540174 -0.01009801296825881 -0.032827840230298104 -0.022964580431110524 -0.0052605608579876593 0.014571018743711049 -0.00082954142845706631 -0.0050312964502294468 -0.02203548905001745 0.019085421532669747 0.009326649969917172 0.010104611240250347 -0.017915341545654547 0.024441228537605546 -0.017047093258370796 0.016828798233433383 -0.002644266915185847 0.024361367013271028 -0.0064832796639999251 0.0010986017985729125 -0.016691773333460082 0.0097979828639312479 0.013654533671132603 -0.0017777184026646906 0.017186310851953674 0.016177014152317426
leaf_weight=65.661397978663445 38.039543248713017 44.465431720018387 53.866825431585312 68.667967066168785 64.586961776018143 142.10150310397148 54.717091515660286 385.39801558852196 36.611640736460686 40.671808138489723 170.5738603323698 2112.5418235659599 51.564392104744911 95.264126144349575 74.03913539648056 47.98236395418644 48.62708991765976 57.846893772482872 260.31388220191002 76.74082288146019 91.706801936030388 188.7538423910737 59.831078067421913 344.63025614619255 48.793679684400558 59.813365742564201 230.8728301525116 48.577612772583961 49.17368046939373 360.85702683776617 194.358935944736 44.876451060175896 80.290727898478508 159.90606485307217 69.565337300300598 66.631021827459335 143.61917631328106 61.029950961470604 54.221240401268005 65.047202989459038 49.847902163863182 55.852325886487961 57.574600756168365 91.278845578432083 123.89283008873463 186.31591387093067 98.593018651008606 61.86694198846817 62.764626696705818 85.353146314620972 50.04201540350914 70.182465374469757 73.224574789404869 85.761087745428085 50.571315497159958 102.65823206305504 66.649647161364555 108.37723404169083 77.58787028491497 171.40472960472107 61.868589028716087 78.836482912302017
leaf_count=316 216 198 239 349 285 614 233 1653 197 216 786 9423 216 603 344 216 204 260 1198 324 437 929 257 1550 243 253 1378 210 211 1585 896 201 337 723 298 304 681 263 232 284 214 243 245 398 748 862 426 284 272 419 232 305 339 416 221 450 449 556 365 773 268 346
internal_value=-9.74464e-05 0.00395742 -0.00317644 -0.00268001 -0.00205365 0.00951219 0.00353875 -0.00263542 -0.00291173 0.00387537 -0.00374345 -0.00308228 0.00335845 -0.0144035 0.00214209 0.0104762 0.00132931 0.00371486 0.00631337 0.00331298 -0.00383753 -0.00522574 -0.0085932 -0.00245837 -0.00143034 0.00343927 -0.0120024 -0.0011631 0.0156268 0.000203597 0.00179683 0.00593243 -0.00476807 -0.00136728 -0.0110567 0.00613629 -0.00323276 0.00381156 -0.00660765 -0.00863823 -0.0196234 -0.0044002 -0.0125715 0.00240992 -0.0171138 0.015069 0.00803071 0.00689604 -0.00126989 0.00965837 -0.00203674 0.0132432 0.00982647 0.0142483 0.00706577 0.00737578 -0.0069792 0.0153399 0.00790837 0.00303108 0.00811148 0.00628027
internal_weight=8283.34 3575.11 4708.23 4546.3 4315.72 206.688 3509.45 4109.03 4055.16 3454.73 3608.73 3341.25 3305.69 230.582 2622.86 233.064 2389.8 1466.3 956.672 712.509 3091.84 2301.3 136.572 923.5 871.936 449.32 267.484 509.625 185.081 790.542 698.835 389.507 358.34 278.049 118.143 575.938 337.978 446.428 422.616 373.822 104.069 269.753 122.622 147.131 161.932 244.163 682.825 638.359 161.358 477.002 111.909 365.093 279.739 206.515 120.754 151.285 135.318 149.049 509.306 248.993 111.042 249.41
internal_count=38193 16116 22077 21113 19712 899 15800 18813 18574 15567 16658 15083 14795 1401 11683 1039 10644 6565 4343 3221 13951 10352 581 4079 3863 2004 1575 2222 823 3599 3162 1751 1568 1231 508 2640 1577 1916 1859 1616 446 1170 529 641 964 1122 3112 2914 698 2216 516 1700 1281 942 526 654 798 772 2336 1138 479 1132
is_linear=0
shrinkage=0.03


Tree=67
num_leaves=63
num_cat=0
split_feature=83 83 26 77 18 41 31 47 69 26 1 64 5 64 12 63 64 28 28 44 81 41 7 63 64 25 12 63 64 64 30 25 25 17 90 25 13 44 44 7 5 12 78 31 26 60 60 44 25 54 26 54 17 54 54 80 43 58 63 41 17 80
split_gain=112.525 37.9884 34.127 32.7013 38.4499 22.3988 21.831 21.5304 20.3784 20.232 19.8932 19.9035 17.8029 17.0999 16.7589 16.422 40.2381 22.741 15.7128 14.9741 14.892 14.8453 14.3872 14.1975 25.9659 29.9596 27.2284 19.5065 37.6557 36.1024 35.3282 25.8436 25.1808 22.9369 19.2528 18.8576 18.4568 23.1343 20.409 17.9999 16.3121 15.8911 15.7497 15.1713 15.1342 19.7975 29.9698 19.8732 18.8945 15.0161 14.858 14.4358 14.0912 13.8867 15.997 19.5435 21.3353 26.3071 15.487 21.9477 21.6511 20.6975
threshold=0.63788178563117992 0.054493138566613204 3.9163285493850712 -0.16274311393499372 18.797056198120121 -103.03857040405272 0.9624999761581422 1.0066549181938174 188.50000000000003 0.6309054195880891 0.00015735496708657595 0.94762688875198375 -0.00089970085537061084 -0.96535655856132496 0.0079318834468722361 0.97948506474494945 0.11970336735248567 0.60099807381629955 -0.011636984534561632 -2.6737791299819942 0.018711952492594722 -19.838800430297848 0.00077024693018756818 0.31109040975570684 -0.79202145338058461 64.378673553466811 0.010503152385354044 -0.7589854598045348 0.55738157033920299 0.054514370858669288 0.67499998211860668 27.992222785949711 41.209245681762702 32.330015182495124 -2.1367720365524288 90.591709136962905 0.011938878800719978 12.046248435974123 3.6384950876235966 0.0012743477127514782 0.00033311208244413143 0.022156016901135448 -0.022135921753942963 0.40250000357627874 0.93384000658988964 10.674014568328859 8.2640318870544451 -3.0926277637481685 55.048866271972663 0.685437172651291 1.1547893881797793 -1.5419038534164426 79.310775756835952 0.92518675327301036 -1.3874605894088743 13.651201248168947 2.9585313796997075 0.54466712474823009 -0.75039777159690846 -50.149295806884759 65.005264282226577 19.443605422973636
decision_type=2 2 2 2 2 2 2 2 2 2 2 2 2 2 2 2 2 2 2 2 2 2 2 2 2 2 2 2 2 2 2 2 2 2 2 2 2 2 2 2 2 2 2 2 2 2 2 2 2 2 2 2 2 2 2 2 2 2 2 2 2 2
left_child=1 7 3 -2 -5 -3 10 12 -7 -10 11 14 18 21 19 23 17 20 -1 -6 -17 -14 -12 27 25 -25 39 28 29 30 34 51 -32 -33 -11 41 37 38 -31 40 43 49 -34 50 -28 46 47 48 -46 52 -26 -29 -35 54 -15 56 -56 -58 60 -60 -57 -61
right_child=2 5 -4 4 6 8 -8 -9 9 15 22 -13 13 53 -16 16 -18 -19 -20 -21 -22 -23 -24 24 26 -27 44 31 -30 36 32 33 42 35 -36 -37 -38 -39 -40 -41 -42 -43 -44 -45 45 -47 -48 -49 -50 -51 -52 -53 -54 -55 55 58 57 -59 59 61 -62 -63
leaf_value=0.0051259018283599288 -0.011900025749138694 0.020993423818071139 0.018600386211782362 0.0073442742461739489 -0.010387411038571139 0.019669203531456004 -0.014325824451866122 -0.010888100723592363 0.0082114893985880955 -0.00028037224219316117 -0.0041685088711635888 0.0071475018425267147 0.026195145788357185 0.011057346021059828 -0.010080859667051939 0.0011356943705045262 0.028244109046469026 0.017346796866750638 -0.015081271507302135 0.010384526257360248 -0.019172764568193734 0.0059338140215072907 0.0057928690669320606 -0.0036379510899591755 -0.0052585315321214045 -0.026114111387003276 -0.012993032035647523 0.026388337750185956 -0.025879907246876433 0.0102675517493143 0.023265903451156277 -0.0064898792129797741 0.010409452610618963 0.01168371232004453 -0.017716608391589825 0.021500466877661766 -0.0060975347227606776 -0.0050889186392566402 0.033487549077715527 0.021747610772444147 -0.0081104876433934214 -0.012866026312619143 -0.012159099085974994 0.01809721271163519 -0.0014421243409402705 0.014388811132949196 -0.024978855753350227 0.0040877465912349011 -0.025421543761865884 -0.0062325370040302195 0.012141124385434693 0.008214595247876183 -0.0033195257859407563 0.015240024011507725 0.018324044542421571 0.0021087291510982764 -0.0065794084759706857 0.016696083628104819 0.02430164697188017 -0.0032616417528958711 -0.014766443772430632 0.0076031350587569546
leaf_weight=75.443796560168266 573.04525995254517 47.944526121020317 53.46360794454813 245.98488983511925 53.528973877429962 48.47033978998661 213.38643460720778 68.505749359726906 255.47726772725582 79.237910121679306 271.75938185304403 83.942098796367645 74.606935396790504 357.21590209752321 679.16884376853704 91.963818311691284 59.983848616480827 50.778769463300705 64.02210821211338 74.991536051034927 50.255427703261375 57.729281276464462 251.02466022223234 128.32848957180977 110.95611871778965 91.382611468434334 176.38639223575592 51.970267429947853 59.490288957953453 111.44272175431252 46.974012330174446 255.40879006683826 47.505552858114243 222.3111324608326 203.03012688457966 52.970305919647217 70.402128055691719 55.596911445260048 49.066987112164497 47.777639523148537 100.32707439363003 52.915395811200142 67.191982582211494 69.717688262462616 73.463050469756126 54.163962811231613 57.437731832265854 210.2528510093689 49.500269085168839 87.859406962990761 73.380795955657959 161.81166255474091 75.466049045324326 140.66522842645645 154.85839070379734 190.60351741313934 104.75431208312511 74.989204660058022 45.834981992840767 282.29633367061615 106.75012889504433 357.83355611562729
leaf_count=325 3236 208 276 1127 234 204 1300 284 1095 336 1251 368 403 1767 3276 392 260 214 266 324 224 286 1255 540 467 385 751 218 249 465 197 1084 202 922 870 222 300 236 206 201 425 225 287 296 316 232 251 898 214 364 311 682 326 674 777 893 486 366 243 1319 465 1677
internal_value=0.00020327 0.00251198 -0.0051105 -0.00562858 -0.00371064 0.000625282 -0.0053812 0.00566094 0.000350251 8.28761e-05 -0.00403176 -0.00675605 0.006204 0.00694526 -0.00820103 -0.000556749 0.00678288 0.000112728 -0.00415024 0.00173299 -0.00604062 0.0173565 0.000614635 -0.00117698 -0.0036287 -0.0129863 -0.00161968 0.000563905 -0.00292839 -0.00105914 -0.00641712 0.00343542 0.00476525 0.000803051 -0.0128219 0.00459266 0.00724295 0.011589 0.0173658 0.00446217 0.00213175 0.00255046 -0.00281163 0.00617645 -0.00555699 -0.00260832 -0.00496497 -0.0015151 -0.0110953 0.00466585 0.00166792 0.0126326 0.00788142 0.00618648 0.00542623 0.00389995 0.0101626 0.00313115 0.00176889 0.0042477 -0.00394947 0.00281178
internal_weight=8255.01 5754.71 2500.3 2446.83 1873.79 3598.6 1627.8 2156.11 3550.66 3502.19 1414.42 891.631 2087.6 1948.14 807.689 3246.71 252.982 192.998 139.466 128.521 142.219 132.336 522.784 2993.73 1243.07 219.711 1023.36 1750.65 789.939 730.448 443.94 960.713 161.672 746.931 282.268 491.522 286.509 216.107 160.51 402.159 354.382 438.552 114.698 254.055 621.204 444.818 390.654 333.216 122.963 385.637 184.337 213.782 297.777 1815.8 1675.14 1317.92 334.602 179.744 983.319 685.965 297.354 640.13
internal_count=38153 25506 12647 12371 9135 15275 8008 10231 15067 14863 6708 4202 9947 9356 3834 13768 1090 830 591 558 616 689 2506 12678 5287 925 4362 7391 3348 3099 1892 4043 686 3143 1206 2059 1207 907 671 1700 1499 1837 489 1074 2662 1911 1679 1428 530 1612 778 900 1248 8667 7993 6226 1629 852 4597 3239 1358 2996
is_linear=0
shrinkage=0.03


Tree=68
num_leaves=63
num_cat=0
split_feature=83 83 26 17 90 47 56 31 54 5 64 5 69 80 59 49 80 49 41 27 57 90 66 69 59 4 60 59 51 26 49 57 77 25 42 66 9 63 5 59 47 25 63 39 80 54 66 54 14 26 69 69 16 63 27 66 23 8 64 43 69 64
split_gain=110.593 41.303 24.5949 23.6289 27.7409 25.4387 21.1355 21.2991 21.6002 20.7523 24.145 20.643 20.5425 19.6713 20.941 35.8601 19.0656 18.4656 18.1042 17.9863 17.1985 16.6596 16.6097 16.4625 19.6107 19.1179 18.3866 16.9158 20.9437 16.2314 20.3195 19.5115 24.1262 15.6106 25.9811 20.2637 17.2202 25.2599 21.5086 23.2961 20.1105 21.9753 17.6418 16.0202 15.4329 14.9416 29.1742 23.3604 16.4612 19.3688 14.8093 14.6573 15.8909 14.8238 14.9906 14.5316 14.441 19.5086 13.7913 17.8487 21.1294 13.7895
threshold=0.10351252555847169 0.92666059732437145 3.9163285493850712 85.511924743652358 2.8333712816238408 0.99924239516258251 10.432330608367922 0.032499999739229686 0.96427923440933239 -0.0021264930255711074 -0.99280729889869679 0.0014756770106032493 19254.500000000004 13.446605682373049 1.0959384441375735 1.0010662674903872 25.552910804748539 1.0027282834053042 -13.59651470184326 -0.66720709204673756 23.871623039245609 0.80636566877365123 270.50000000000006 15964.500000000002 1.3023789525032046 -0.00066010066075250496 13.3707332611084 -0.237657755613327 0.057955596596002586 3.061071634292603 0.99631959199905407 19.706979751586918 -0.13312140107154843 48.744308471679695 4.3174645900726327 -635.49999999999989 -0.00058778902166523028 0.34816221892833715 -0.00032048574939835811 0.42837470769882208 1.000875771045685 80.205627441406264 0.76181921362876903 0.28811021149158483 20.188551902771 -0.73223170638084401 335.50000000000006 0.19519700855016711 0.011058830190449955 1.24474573135376 2177.5000000000005 21166.500000000004 46.059574127197273 -0.48671542108058924 -0.3054912388324737 -449.49999999999994 1.5000000000000002 0.0002478147362126038 -0.87777194380760182 -6.453364133834838 3339.5000000000005 -0.0065449222456663838
decision_type=2 2 2 2 2 2 2 2 2 2 2 2 2 2 2 2 2 2 2 2 2 2 2 2 2 2 2 2 2 2 2 2 2 2 2 2 2 2 2 2 2 2 2 2 2 2 2 2 2 2 2 2 2 2 2 2 2 2 2 2 2 2
left_child=6 3 9 4 16 -6 7 -1 13 -3 -11 18 17 19 -15 -16 33 50 29 -9 -13 -20 -23 24 26 -25 27 28 -18 30 -12 32 -32 35 -35 -2 37 40 39 -38 -36 -42 -39 -40 51 46 -29 -47 49 -49 -5 52 53 -37 -55 -33 61 -58 -46 60 -60 -52
right_child=1 2 -4 12 5 -7 -8 8 -10 10 11 20 -14 14 15 -17 23 -19 21 -21 -22 22 -24 25 -26 -27 -28 45 -30 -31 31 55 -34 34 36 44 38 42 43 -41 41 -43 -44 -45 58 47 -48 48 -50 -51 56 -53 -54 54 -56 -57 57 -59 59 -61 -62 -63
leaf_value=0.010247115692363251 0.016357298653006901 -0.018053551796840213 0.016327267462837854 -0.013841904744908141 -0.0050844711625614523 0.01416082638674669 0.013221187025481375 -0.0017851375033922081 0.014171782869379311 0.0099632099330814079 0.018951933888378781 0.0054833488068722841 -0.021403673182665131 0.0013177147719449771 -0.030242977396784498 0.0058080574041897625 0.026321512253353226 -0.020374714010682735 -0.01827583529608124 0.013076886212285388 -0.018597385337735965 0.0032601459484183724 -0.019704295540581711 -0.020330148716038079 0.021546289286436451 0.00024034054716306076 0.021424804168510558 -0.0031819537978087665 0.0024834006861254886 -0.019201616035937143 -0.0099138064044034628 -0.016131375465206307 0.020332521861105998 -0.023667503779673634 0.018588221849479624 0.0058037436912316302 0.0023695682735942925 -0.016672911746534805 0.013689888861783175 -0.018148911758218204 -0.016595107878677864 0.0097640123866510192 0.0013436430535756889 -0.0045475560229617162 0.0073848408536612616 -0.013024047088361355 0.019316583232569465 -0.01837052454807666 0.010570842757841497 0.0057306634415930291 -0.013832276703776637 0.015842283646931965 0.0060446729377351266 0.0018821521586493261 -0.011731376311057553 -0.0029074101388868565 -0.0033337655239903574 0.020604469589493087 0.0064604448867486884 0.0034966536428790618 -0.015610903558423305 0.0050572689912112018
leaf_weight=430.66786742210388 64.751821026206017 144.7312133833766 40.861381024122238 71.573195308446884 86.562727034091949 216.20677222311497 263.93127183616161 107.42184798419476 139.49240988492966 79.288458578288555 40.992461994290352 30.918351016938686 76.656688615679741 1242.860946521163 51.87289734184742 47.636878907680511 52.901091739535332 55.899020329117775 156.06110688298941 230.63640421628952 195.30646224319935 91.907713338732719 40.987132161855698 53.597202405333519 56.4029321372509 168.49131289124489 46.982865795493126 124.47650091350079 88.935908749699593 50.188491843640804 37.609885096549988 90.128128722310066 64.336197897791862 62.314930722117424 93.829674571752548 119.8260500729084 65.582758814096451 88.312624588608742 49.640459284186363 206.94704505801201 44.830781280994415 77.976437836885452 109.64632630348206 342.04822127521038 63.931326195597649 148.27937030792236 88.931792378425598 55.938300639390945 110.88781714439392 64.745072782039642 74.724706307053566 60.453142836689949 277.88318730890751 116.58065901696682 193.84093198180199 439.40687949955463 59.166910722851753 63.548270985484123 47.469799384474754 94.210512578487396 219.73251570761204 65.068342745304108
leaf_count=2225 276 949 220 337 366 909 1270 495 641 397 195 190 361 5615 220 201 225 265 820 1095 1333 452 207 241 244 716 200 528 378 251 202 442 283 269 402 513 286 383 204 920 198 331 470 1432 271 644 380 239 477 275 352 254 1164 498 832 2191 272 284 209 415 962 292
internal_value=-5.58569e-05 -0.00235673 -0.006629 -0.000838908 -4.9325e-05 0.00865854 0.00518958 0.0042477 0.00282799 -0.00727067 -0.0060858 -0.0071138 -0.00720642 0.00188634 0.000257472 -0.0129848 -0.000811228 -0.00441574 -0.00528175 0.00835431 -0.0153062 -0.0116285 -0.0038225 0.00253845 0.00446205 -0.00472399 0.00322995 0.00206705 0.0113743 -0.00274399 -0.00151572 -0.00284437 0.00917407 -0.00229158 -0.00483275 1.22606e-05 -0.00374481 0.00105263 -0.00673931 -0.0132113 0.0081312 0.000141614 -0.00669383 -0.00223624 -0.000874201 -0.00015815 0.00619367 -0.00372674 0.0022265 -0.00544055 -0.00174546 0.00166315 0.000452677 -0.00315901 -0.00661874 -0.00515816 0.00155266 0.00906269 -0.00545912 -0.00773112 -0.0116898 -0.00503991
internal_weight=8247.03 5732.51 1502.72 4229.79 3763.15 302.769 2514.52 2250.59 1819.92 1461.86 1317.13 1237.84 466.637 1680.43 1342.37 99.5098 3460.38 389.98 1011.62 338.058 226.225 288.956 132.895 1060.57 838.482 222.089 782.079 735.096 141.837 722.662 672.474 631.481 101.946 2399.81 1141.13 1258.68 1078.81 414.596 664.218 272.53 216.637 122.807 197.959 391.689 1193.93 593.259 213.408 379.851 231.571 120.683 334.081 768.584 708.131 430.248 310.422 529.535 262.508 122.715 425.344 361.413 267.202 139.793
internal_count=38168 26406 8132 18274 16111 1275 11762 10492 8267 7912 6963 6566 2163 7626 6036 421 14836 1802 5043 1590 1523 1479 659 4547 3590 957 3346 3146 603 3564 3313 3118 485 10289 4895 5394 4626 1784 2842 1206 931 529 853 1636 5118 2543 908 1635 991 514 1537 3261 3007 1843 1330 2633 1200 556 1857 1586 1171 644
is_linear=0
shrinkage=0.03


Tree=69
num_leaves=63
num_cat=0
split_feature=83 52 5 21 18 16 5 2 52 18 64 64 54 69 77 64 2 10 82 53 52 69 51 40 60 83 64 40 12 5 25 31 53 47 64 64 90 38 64 40 30 44 52 6 69 32 18 83 77 18 12 51 10 44 60 32 65 52 67 51 46 82
split_gain=98.2245 38.7293 44.6334 29.4703 28.1314 29.4203 26.3305 23.8929 23.8058 23.0252 22.9231 28.4367 25.1812 25.1341 21.8257 22.4535 20.7365 20.5983 20.227 19.5572 17.4884 20.2281 16.7616 15.985 19.733 21.5 18.4373 15.3582 18.0778 15.0012 14.9445 14.9201 16.006 18.2812 14.9133 14.888 22.4032 18.6627 14.5474 14.2521 14.229 16.4956 14.0099 13.7168 13.8476 13.6701 13.6595 15.3139 14.6451 13.9722 13.6211 15.7042 14.2296 15.7362 14.1541 12.2564 16.786 12.252 19.3002 18.5067 14.5952 18.7016
threshold=0.60735377669334423 0.15147592872381213 -0.00029162497958168382 2.5000000000000004 47.013956069946296 51.368589401245124 -0.0025895866565406318 -0.00050837732851505269 0.38434277474880224 50.994918823242195 -0.89001184701919545 0.90352019667625438 -0.26310922205448145 16525.500000000004 -0.25847736001014704 0.87985393404960643 0.00011799199273809792 0.12848694622516635 -85.96014022827147 1.7037190198898318 -0.013183877803385256 16338.500000000002 0.043499585241079337 6.3424911499023446 5.1394126415252694 1.0874727964401247 0.98364779353141796 37.369119644165046 0.0071556267794221648 -7.7255252108443515e-05 67.98047256469728 0.042500000447034843 0.7251252830028535 1.0003467798233034 -0.95037782192230214 0.093673683702945723 -0.85107040405273426 -0.14209798723459241 -0.7238691747188567 -10.038956642150877 0.12500000372529033 -14.141978740692137 0.0066433546599000701 -0.00065337246633134771 21755.500000000004 0.94749999046325695 4.9067397117614755 1.2592110037803652 -0.083659060299396501 25.67959022521973 0.0099142827093601244 0.02943724021315575 0.043555550277233131 -1.770508289337158 -0.41262322664260859 0.13250000029802325 -146.49999999999997 -0.17119318991899488 515.50000000000011 0.053924608975648887 0.99945393204689037 -162.63562011718747
decision_type=2 2 2 2 2 2 2 2 2 2 2 2 2 2 2 2 2 2 2 2 2 2 2 2 2 2 2 2 2 2 2 2 2 2 2 2 2 2 2 2 2 2 2 2 2 2 2 2 2 2 2 2 2 2 2 2 2 2 2 2 2 2
left_child=1 2 3 4 19 -6 39 29 10 -3 12 14 18 23 -12 27 35 -18 -8 20 43 38 -10 24 25 -13 -26 28 42 -4 -14 40 33 -33 45 37 -37 -11 -22 -2 -9 -42 -16 44 57 -20 -30 48 -48 -50 51 52 53 -34 -53 -35 -57 60 -59 -60 61 -1
right_child=6 9 7 -5 5 -7 8 31 22 16 11 13 30 -15 15 -17 17 -19 34 -21 21 -23 -24 -25 26 -27 -28 -29 46 -31 -32 32 50 55 -36 36 -38 -39 -40 -41 41 -43 -44 -45 -46 -47 47 -49 49 -51 -52 54 -54 -55 -56 56 -58 58 59 -61 -62 -63
leaf_value=0.0046612919489678771 -0.007035719389755276 0.010797977077237498 0.0085977097654691415 -0.019171701085405786 0.018861013112726598 -0.005565751797177821 0.028534007014952078 0.02328502070351314 -0.0021496658607872013 -0.0057782828715780893 -0.017613629819703304 0.005475907253760297 -0.013952098512316513 -0.014284025089958631 -0.0036178071861126624 -0.026665664528943017 0.0023691322281592705 -0.012305425474735815 0.0076679604090314161 0.018893592599541893 0.026676058438464469 -0.010134973133730268 -0.020585791706443278 0.020448218456263254 0.024453643079285048 -0.021510350363723042 -0.00036181035016681135 0.0097070499285373691 0.0077817614179154122 -0.010665807179663258 0.0029656864430264501 0.0067212641471023323 0.023634067465433856 0.0021088868068574631 0.020028135046153642 -0.020780575282820145 0.003050664866934331 -0.02266529217052982 0.0065948725015981769 -0.02787628381458334 -0.0079937898922146124 0.012448143555646017 0.017907050135058885 -0.0053490601955356225 0.014543508831917804 -0.011210228955312868 -0.011451783705176534 -0.012987053731004007 0.0097897134964935288 -0.0042524406221193072 0.0053358997875945771 -0.00048813670918577631 -0.0073542316404353473 -0.0023068658560428772 0.016571674076129469 -0.02399208876100194 -0.001159652560843317 0.011846052508288404 0.0054593411931997465 -0.014131064286895277 0.00080491070400089007 -0.016740248438025896
leaf_weight=51.858064129948616 53.67292346060276 101.68910886347294 52.672280922532082 68.642014279961586 142.85533128678799 64.374345570802689 41.540498316287994 85.356202512979507 68.237081572413445 117.69944919645786 141.37684445083141 63.513549447059631 90.461924135684967 60.721905559301376 58.571593597531319 42.715004533529282 454.66158221662045 106.19623209536076 95.236026510596275 45.870335131883621 45.251551315188408 46.892384171485901 126.96340001374483 61.999572522938251 54.926113545894623 45.679853372275829 52.896405547857285 64.539587914943695 58.450251176953316 117.64553636312485 97.797903411090374 250.8728401362896 43.898050889372826 111.01700110733509 48.121355511248112 47.383880779147148 141.58680988103151 117.89847050607204 114.92582115530968 65.662514224648476 42.21139195561409 224.37496502697468 50.832773923873901 653.81919892132282 58.60789979994297 54.150954373180866 231.01887394487858 293.55121321976185 72.422291696071625 534.01036610454321 997.37738384306431 50.172326967120171 66.602042242884636 40.429009482264519 343.00043924152851 54.374440595507622 62.048090025782585 146.4357962757349 102.13201080262661 75.468960866332054 242.84009259939194 126.11698588728905
leaf_count=228 332 458 234 295 613 279 193 481 378 525 867 277 438 272 263 204 1986 503 418 195 198 208 872 293 255 232 247 292 290 510 458 1102 217 484 224 207 620 522 514 441 220 1161 219 2856 250 258 1104 1702 311 2445 4340 219 280 197 1561 230 271 616 434 329 1057 562
internal_value=5.09304e-05 0.00229156 0.00351233 0.000142686 0.000834114 0.011273 -0.00473468 0.00614501 -0.00408001 -0.00279329 -0.0032315 -0.00465214 0.00304282 0.00320729 -0.00637761 -0.00524789 -0.00419582 -0.000409438 0.00950567 -0.000430783 -0.000963373 0.00719468 -0.014141 0.00701391 0.00317585 -0.0058135 0.0122795 -0.00457688 -0.00528664 -0.0047084 -0.00516359 0.00692441 0.00593117 0.0011369 0.00550358 -0.00919765 -0.00292495 -0.0142289 0.012268 -0.0185029 0.0126246 0.00921136 0.00638333 -0.00212258 0.000502985 0.000824848 -0.00636003 -0.00709087 -0.00502409 -0.00257548 0.0074188 0.0112369 0.00301081 0.0111972 0.0143947 -0.00502282 -0.0118234 -0.00060178 0.00378291 -0.00286532 -0.00397809 -0.0105043
internal_weight=8244.33 5615.26 4528.14 1986.09 1917.45 207.23 2629.07 2542.05 2509.74 1087.12 2314.53 1887.23 427.309 339.737 1547.49 1406.11 985.426 560.858 239.049 1710.22 1664.35 207.07 195.2 279.015 217.016 109.193 107.823 1363.4 1298.86 170.318 188.26 2371.73 2019.79 478.312 197.508 424.569 188.971 235.598 160.177 119.335 351.943 266.586 109.404 1457.28 803.46 149.387 1189.45 1131 837.452 606.433 1541.48 544.102 150.929 84.3271 393.173 227.44 116.423 744.852 324.037 177.601 420.815 177.975
internal_count=38247 24962 20141 8634 8339 892 13285 11507 12512 4821 11262 9273 1989 1576 7697 6830 4363 2489 1093 7447 7252 920 1250 1304 1011 509 502 6626 6334 744 896 10763 8901 2087 900 1874 827 1047 712 773 1862 1381 482 6332 3476 676 5852 5562 3860 2756 6814 2474 694 414 1780 985 501 3226 1379 763 1847 790
is_linear=0
shrinkage=0.03


Tree=70
num_leaves=63
num_cat=0
split_feature=83 12 5 6 52 51 57 66 2 29 54 7 41 52 32 6 17 31 43 51 57 63 52 63 44 57 50 63 63 12 52 47 56 66 59 12 43 29 25 63 43 66 29 44 59 52 27 30 33 47 80 26 26 54 3 47 51 22 57 41 44 41
split_gain=89.2923 31.1721 39.4176 37.8881 30.6954 24.7911 27.1579 27.04 24.7073 24.1327 27.1392 24.7609 24.2312 24.0821 30.029 25.4922 22.981 21.0809 22.1825 20.5617 20.2657 25.1106 20.8519 24.6511 20.2045 19.4265 21.5313 18.893 24.0247 21.3615 20.4152 18.7437 18.6301 18.5557 21.5653 18.7848 18.0357 17.7925 17.7706 20.4482 17.5416 17.4742 20.5946 17.3465 17.2903 16.8285 16.6011 16.4115 15.701 15.654 24.6787 15.5291 15.1857 14.7906 16.8466 14.2185 13.9374 13.9318 13.9085 13.7097 13.6551 16.0215
threshold=0.52618610858917247 0.010403099469840528 -0.00031217074138112361 0.00012816879461752254 -0.31263391673564905 0.029931137338280681 17.062090873718265 -437.49999999999994 -0.00015252977755153549 0.63475203514099132 -0.26842699944972986 0.00060526380548253666 17.481124877929691 0.17853766679763797 0.90249997377395641 0.00077122281072661291 78.244953155517592 0.14249999821186068 11.602402210235597 0.027863615192472938 26.919284820556644 0.26092512905597692 -0.18573043495416638 -0.76744312047958363 4.3351647853851327 29.415114402771 1.0018998980522158 -0.44032992422580713 0.2861058115959168 0.017007223330438141 -0.10471083968877791 1.0015379786491396 9.6713781356811541 595.50000000000011 1.5936498045921328 0.010944090783596041 -23.715250015258786 0.069529894739389433 37.742771148681648 0.61048936843872081 2.7814360857009892 340.50000000000006 -0.38835054636001581 5.5815875530242929 -0.024651727639138695 -0.17119318991899488 -0.18783038854598996 0.67499998211860668 1132.210632324219 1.0004503130912783 19.109164237976078 1.7895570397377016 0.95215162634849559 -1.5778267979621885 0.00034438191505614674 0.99930956959724437 0.049171168357133872 15.500000000000002 33.251674652099616 -18.987116813659664 -8.3279247283935529 -9.9022946357727033
decision_type=2 2 2 2 2 2 2 2 2 2 2 2 2 2 2 2 2 2 2 2 2 2 2 2 2 2 2 2 2 2 2 2 2 2 2 2 2 2 2 2 2 2 2 2 2 2 2 2 2 2 2 2 2 2 2 2 2 2 2 2 2 2
left_child=1 2 8 -4 -2 7 -7 -5 19 10 27 -11 25 14 15 17 -8 18 57 -1 -19 22 40 -24 31 26 46 32 -29 30 -30 -16 43 34 35 45 -15 -38 -10 51 -22 44 -43 -6 -23 59 -13 49 55 50 -37 -40 -44 -25 -55 -18 -46 -3 -59 -12 -47 -62
right_child=4 13 3 5 9 6 16 -9 38 11 33 12 -14 36 24 -17 48 20 -20 -21 21 41 23 53 -26 -27 -28 28 29 -31 -32 -33 -34 -35 -36 47 37 -39 39 -41 -42 42 52 -45 56 60 -48 -49 -50 -51 -52 -53 -54 54 -56 -57 -58 58 -60 -61 61 -63
leaf_value=-0.013167918917727254 -0.012540722521225093 0.013059369589494472 0.012467811781806582 -0.015044154223005713 -0.0048362444958340266 0.023688252601079242 0.0098458610710385544 0.0051660632276535326 0.002480798818415664 -0.02107370544192257 -0.0017827227982890133 -0.017788188964510454 0.018092941291828309 0.0099096633214669078 0.020731199657129964 0.0081875632918264017 -0.023272344371930188 0.0035670937319500296 -0.0063936244061257846 0.0077907710396176808 -0.020209911401228568 -0.0045726424985065954 -0.0077409171340438775 0.021046590632793145 -0.0010583005291171033 -0.010219748580546374 0.013372393110248865 0.01117956879368865 -0.0050563625802780392 -0.010424767248119795 0.010758863294291361 0.00056510943772369708 -0.016309597369109845 0.011220248068417666 0.0099733736362341372 0.0089922281985008352 0.0023570339289546859 -0.012245790296856053 -0.027585739883389599 0.0003661919688148829 0.0015040101068087381 -0.017031061804413699 -0.0076370589597157847 0.013389269894654656 -0.015426790480697637 -0.0088570111368150156 0.0020046774583915611 0.0010729471414609398 0.0058583819173450508 -0.030959319863727072 -0.016619017549113956 -0.0074413230591151465 0.008901504939680142 0.0088306181943967037 -0.0086807860081529378 -0.0024543899390130318 -0.035073379858547742 0.010784050678508511 -0.012725388586024277 -0.025453260258758638 -0.0016323912407117749 0.018456139082723214
leaf_weight=49.184906408190727 338.19486933946609 221.57491791248322 770.28658234328032 119.22914381325245 166.0414863973856 72.732770256698132 281.79484662413597 119.09485620260239 123.95775473117828 101.6800232604146 44.013150751590729 63.584704510867596 37.884309738874435 55.685420379042625 157.83541975915432 317.56460861861706 45.973696038126945 349.7301020026207 115.25256095826626 293.63286690413952 77.243537545204163 80.151953235268593 142.85246974229813 57.515341594815254 97.253949999809265 448.84689202904701 77.484327211976051 306.31286916136742 122.69318936765194 122.24654874950647 183.0617973357439 56.270220056176186 82.09757549315691 57.339565485715866 65.22007168084383 40.242543503642082 102.33753870427608 282.08580592274666 77.715215802192688 79.990016058087349 59.104959219694138 84.658094018697739 100.04118113219738 65.555775746703148 98.80723625421524 70.896020218729973 95.298496372997761 64.644608452916145 102.08318898081779 49.765462577342987 213.54308753460646 61.853063300251961 99.826704606413841 186.97726598381996 67.219277337193489 82.538116559386253 48.424127608537674 45.553176581859589 45.043220117688179 44.074145391583443 81.190365791320801 63.816787913441658
leaf_count=218 2065 1068 3712 523 763 339 1301 550 543 532 212 317 178 240 688 1346 200 1493 513 1289 335 343 598 250 423 2531 410 1326 577 603 781 240 386 263 294 178 448 1265 344 349 252 367 429 291 414 305 469 292 437 243 1094 272 421 806 289 356 204 205 201 226 352 273
internal_value=9.40796e-05 0.00246253 0.00509677 0.00768529 -0.00402632 0.00321153 0.00653362 -0.00494474 -0.000914032 -0.00294685 -0.00103785 -0.007212 -0.0052628 0.000425827 0.00156128 0.000325865 0.00409856 -0.00100213 0.0048542 0.00478378 -0.0027254 -0.00472089 -0.000507502 0.00257896 0.0102807 -0.0065541 0.000406726 0.00213257 0.00476527 0.000174681 0.00441254 0.0154312 -0.0040302 -0.00521861 -0.00649687 -0.00809492 -0.00604698 -0.00835836 -0.00660026 -0.0117272 -0.0107973 -0.00958453 -0.00462956 0.000322658 -0.0157847 -0.00257555 -0.00591638 -0.0126518 -0.00292484 -0.0155747 -0.0125579 -0.0186583 0.000623349 0.00730839 0.00419993 -0.00990179 -0.0218885 0.00900686 -0.000904503 -0.0136262 0.00193304 0.00720845
internal_weight=8234.8 5229.08 2280.07 1593.73 3005.73 823.447 585.123 238.324 686.334 2667.53 1842.76 824.779 723.099 2949.01 2508.9 2197.54 512.39 1879.98 427.424 342.818 1452.55 1102.82 590.913 454.564 311.36 685.214 236.368 1048.01 734.314 428.002 305.755 214.106 313.695 794.746 737.406 672.186 440.109 384.423 343.516 219.558 136.348 511.909 284.526 231.597 227.383 303.99 158.883 368.196 230.595 303.551 253.786 139.568 199.868 311.712 254.197 128.512 147.231 312.171 90.5964 88.0873 215.903 145.007
internal_count=38232 23271 10433 7418 14961 3706 2633 1073 3015 12896 8459 4437 3905 12838 10885 9534 2294 8188 1987 1507 6201 4708 2530 1943 1351 3727 1196 4727 3287 1961 1358 928 1440 3732 3469 3175 1953 1713 1508 965 587 2178 1217 1054 961 1368 786 1807 993 1515 1272 616 850 1345 1095 556 618 1474 406 438 930 625
is_linear=0
shrinkage=0.03


Tree=71
num_leaves=63
num_cat=0
split_feature=83 29 58 52 52 29 29 33 28 47 14 59 42 54 31 52 53 60 6 33 8 63 63 64 53 64 82 47 58 56 66 48 60 54 25 63 3 69 29 65 65 25 47 42 29 54 80 68 64 13 63 33 51 42 56 40 59 58 90 82 54 7
split_gain=102.447 37.411 35.0761 32.047 29.5045 36.6492 30.3394 26.845 30.2178 27.4853 23.0891 21.9266 20.9523 24.313 21.0431 20.6184 21.0684 22.925 20.5557 22.8172 18.7967 18.7669 18.3562 17.9714 17.377 16.9209 17.14 15.8808 15.5367 15.3309 14.621 16.8784 17.3485 14.4402 16.0535 18.4274 15.3477 15.2253 14.4146 14.2431 23.2554 15.047 14.2152 13.907 13.5308 13.2793 25.6811 17.1629 18.1165 22.6864 16.9756 14.187 15.9513 25.5087 16.3679 16.0438 14.1177 13.2057 12.9712 15.6388 19.7542 12.8317
threshold=0.52618610858917247 -1.1352217197418211 -0.66880580782890309 0.38434277474880224 0.17544251680374148 0.062569014728069319 -0.40276597440242762 490.39440917968756 1.0568923354148867 1.0039878487586977 0.029873868450522426 -0.68161344528198231 14.092026710510256 -1.2041596770286558 0.062499998137354858 -0.34447248280048365 0.82101386785507213 10.910658836364748 -0.00079116580309346307 2614.2377929687505 0.0021634434815496211 0.97768935561180126 0.89783340692520153 0.78396254777908336 0.93495121598243724 0.39674647152423864 17.381641387939457 0.99829387664794933 0.11804688349366189 12.953024387359621 595.50000000000011 0.9999891221523286 4.0707886219024667 -1.8411073088645933 87.574604034423842 0.29862368106842047 0.0011283927015028896 3035.5000000000005 -0.78080317378044117 -86.499999999999986 -226.49999999999997 78.248737335205092 0.99944406747818004 3.6293907165527348 -0.64582759141921986 -0.019882387015968558 15.744040012359621 0.6078576147556306 0.49052239954471594 0.0097487298771739023 0.62080430984497081 2357.984008789063 0.029183354228734974 70.04557037353517 6.929880142211915 8.6493525505065936 1.0825214982032778 0.26353654265403753 -1.3204212784767149 -106.94987869262694 -1.6028479337692259 -0.00017935238429345188
decision_type=2 2 2 2 2 2 2 2 2 2 2 2 2 2 2 2 2 2 2 2 2 2 2 2 2 2 2 2 2 2 2 2 2 2 2 2 2 2 2 2 2 2 2 2 2 2 2 2 2 2 2 2 2 2 2 2 2 2 2 2 2 2
left_child=4 11 38 10 6 24 18 30 9 20 15 -2 14 -14 -10 43 17 -17 58 23 21 29 33 44 -6 26 -16 -7 -29 45 31 32 -8 -18 36 37 -35 -36 -3 40 41 -15 -23 -4 -20 46 50 48 49 -48 -9 52 55 54 -54 -47 -56 -30 59 -1 -61 -46
right_child=1 2 3 -5 5 27 7 8 12 -11 -12 -13 13 39 25 16 22 -19 19 -21 -22 42 -24 -25 -26 -27 -28 28 57 -31 -32 -33 -34 34 35 -37 -38 -39 -40 -41 -42 -43 -44 -45 61 51 47 -49 -50 -51 -52 -53 53 -55 56 -57 -58 -59 -60 60 -62 -63
leaf_value=-0.00053788060858357863 0.0069627889624094422 0.0036576533605950424 -0.026414545519417056 -0.015678381904506256 -0.0010452560583034494 -0.01408032750302932 -0.011795081531887949 0.024924968058794079 0.013521332101674525 -0.01060158337836869 -0.017596425125588355 -0.019690285699140095 0.022025522640984591 -0.0082725923762780509 -0.025096460268835025 -0.008301316237042616 0.010088340291780823 0.013094920160977181 -0.014703099501748793 0.013153709782542619 0.020523821506986239 0.011340531248432796 -0.0066581899317438471 -0.020891044382610045 0.016940853755102885 0.0052967062594640414 -0.0043073644786652378 0.011836429879907458 -0.019882569673607433 0.02483628338757651 0.011415052791593668 0.0040586364281316222 1.7626164798326478e-05 -0.00022400111603479501 0.029170420310030143 -0.0063121923698464749 -0.017601132463816102 0.0073492904173107195 0.026709539882161227 0.0090604692476458221 -0.017891922173813291 0.010859862019567828 0.034047794175140728 -0.0070044042101493316 0.0012846937989156677 -0.020527836777905758 0.023963715254211641 0.012495764897979178 -0.014689614688241252 -0.0018999172420513552 0.0051181514240537639 0.01941406804401765 -0.0027735985901768683 0.02654693263305009 0.013323966116791403 0.0010253090891420508 -0.0052767074188782258 -0.0032031464036771451 -0.0036547702832279544 0.027101557113167522 0.00605768293098451 -0.015846580005872021
leaf_weight=147.93418075144291 32.377861946821213 52.634088158607483 47.936797924339771 193.18497463315725 89.047227919101715 168.06848143041134 162.50755700469017 141.525141492486 42.305743291974068 60.956273332238197 93.789806187152863 195.58340261876583 67.433914825320244 59.328969895839691 74.05842724442482 544.87755836546421 157.53275938332081 49.132856920361519 92.4131770581007 54.782456837594509 137.48796911537647 56.087482646107674 299.50084383785725 73.791279822587967 105.76281770318747 49.354172050952911 68.899359345436096 54.017316475510597 49.065163135528564 46.582826092839241 114.51251438260078 498.25858029723167 359.257837921381 960.76935944706202 43.71038830280304 52.437592931091785 48.030473150312901 84.236149936914444 45.53390996158123 169.39384865760803 63.119136303663254 98.279617220163345 44.496867388486862 108.22331622242928 241.1399239897728 44.642210602760315 42.775219418108463 198.44668510556221 54.572822585701942 106.56430929899216 53.728253036737442 51.966235712170601 198.60227581858635 47.926776617765427 165.6655156314373 102.34214758872986 47.18319183588028 330.39421239495277 157.6207616776228 57.784489020705223 131.528076171875 47.024000808596611
leaf_count=639 193 240 284 1249 400 749 727 702 209 266 503 1321 292 268 310 2496 711 217 389 267 609 251 1434 317 481 218 290 236 214 223 509 2196 1575 4435 213 274 233 400 202 745 271 421 212 607 1047 208 208 919 251 473 253 273 886 225 769 482 204 1437 684 244 557 202
internal_value=0.000188804 -0.00422084 -0.00326329 -0.00390765 0.0027269 -0.00258967 0.00368214 0.00502535 0.0068924 0.0091561 -0.00299449 -0.0159047 0.00165464 0.0053922 -0.00563442 -0.002423 -0.0016883 -0.00653155 -0.000904323 -0.00513624 0.00993784 0.00890054 5.93097e-05 -0.00734143 0.00871944 -0.0098484 -0.015077 -0.00625212 -0.00321694 0.00793639 0.0012507 0.000109598 -0.00366153 0.00155324 0.000422581 0.00866556 -0.00105135 0.014804 0.01435 0.00251707 -0.00250455 0.00365779 0.0213859 -0.0129628 -0.00471426 0.00730958 0.0105473 0.00621504 0.000102672 0.00550819 0.0194747 0.00437049 0.00308123 0.00583358 0.00342084 -0.00552083 0.00920067 -0.00535984 0.00344974 0.00677022 0.012481 -0.00151087
internal_weight=8238.13 3009.49 2781.53 2683.36 5228.64 796.355 4432.28 3428.26 2293.73 1601.55 2490.18 227.961 692.173 457.555 234.618 2396.39 2240.23 594.01 1004.02 509.151 1540.6 1403.11 1646.22 454.368 194.81 192.312 142.958 601.545 433.477 1302.52 1134.54 1020.02 521.765 1346.72 1189.18 180.384 1008.8 127.947 98.168 390.122 220.728 157.609 100.584 156.16 380.577 1255.94 597.612 402.359 203.912 149.34 195.253 658.328 606.362 459.378 411.451 146.984 212.849 379.459 494.868 337.247 189.313 288.164
internal_count=38320 15012 13498 13056 23308 3517 19791 15445 10438 7414 11807 1514 3024 1997 1027 11304 10413 2713 4346 2222 7148 6539 7700 1955 881 818 600 2636 1887 6076 5007 4498 2302 6266 5555 887 4668 613 442 1705 960 689 463 891 1638 5853 2806 1851 932 681 955 3047 2774 2084 1859 690 973 1651 2124 1440 801 1249
is_linear=0
shrinkage=0.03


Tree=72
num_leaves=63
num_cat=0
split_feature=29 5 12 3 52 82 38 52 38 90 5 10 31 47 41 0 70 51 57 17 12 51 52 12 29 77 5 64 3 50 47 15 59 51 59 41 14 82 80 33 12 53 41 64 18 23 10 31 70 13 51 65 42 51 44 14 70 64 3 40 57 74
split_gain=61.7698 80.2307 46.2811 35.3411 37.3502 25.7081 24.6805 27.2626 34.2869 23.9498 21.9109 23.2521 23.0994 20.8806 23.044 19.1582 19.5809 19.0987 22.9833 30.1135 18.9595 22.8216 20.0423 22.6707 18.6733 29.5127 19.0605 18.0827 17.6986 17.6939 19.9807 17.7664 17.3674 23.7326 18.6314 17.4098 16.7836 25.1929 16.7761 16.6561 16.5325 16.6824 16.4006 16.3268 16.0263 15.9932 15.8027 15.6841 21.9425 23.322 19.0519 16.146 15.2159 15.1947 15.1704 18.8239 14.8588 20.0155 16.6637 14.4536 14.3491 14.3792
threshold=0.63475203514099132 -0.00059485959354788054 0.014696165919303896 -0.00032064602419268334 -0.33728338778018946 -15.316356658935545 -1.0000000180025095e-35 0.14318465441465381 0.041789257898926742 0.53307643532753002 0.0028633757028728728 0.23956237733364108 0.97250002622604381 0.99928852915763866 -49.667766571044915 24.500000000000004 7065.5000000000009 0.02840026002377272 82.358360290527358 37.341463088989265 0.0051782112568616876 0.045640559867024429 -0.18573043495416638 0.0080333375371992605 0.20117078721523288 0.010037208907306196 0.00069463954423554252 0.45593219995498663 -0.0010477429023012517 0.99929201602935802 0.99807673692703258 54.429441452026374 1.0703667998313906 0.045832896605134017 0.59349802136421215 -32.162450790405266 0.024926810525357727 62.449457168579109 18.480670928955082 1929.9368896484377 0.012158456258475782 0.97224554419517528 2.7354001998901372 -0.98734235763549794 48.398910522460945 2.5000000000000004 0.054313180968165405 0.61250001192092907 12151.500000000002 0.017132569104433063 0.052461614832282073 -496.49999999999994 -13.545677185058592 0.032817682251334197 3.206095933914185 0.017712675966322425 7457.5000000000009 0.39674647152423864 -0.00095118908211588849 -14.795787334442137 45.009149551391609 -0.25528195500373835
decision_type=2 2 2 2 2 2 2 2 2 2 2 2 2 2 2 2 2 2 2 2 2 2 2 2 2 2 2 2 2 2 2 2 2 2 2 2 2 2 2 2 2 2 2 2 2 2 2 2 2 2 2 2 2 2 2 2 2 2 2 2 2 2
left_child=1 3 6 4 -1 42 15 20 -9 -2 11 12 13 -11 -15 16 24 -18 19 -19 -8 22 53 27 25 39 -26 -24 -4 30 -10 -31 34 -34 35 -16 43 38 -38 -3 -23 -42 56 -30 -5 -13 -21 48 50 -50 -45 -52 -25 -22 55 -49 57 58 -6 -53 -58 -62
right_child=9 2 28 44 5 -7 7 8 29 10 -12 45 -14 14 32 -17 17 18 -20 46 21 40 23 52 26 -27 -28 -29 36 31 -32 -33 33 -35 -36 -37 37 -39 -40 -41 41 -43 -44 47 -46 -47 -48 54 49 -51 51 59 -54 -55 -56 -57 60 -59 -60 -61 61 -63
leaf_value=-0.010760235475281175 -0.016674590084140944 -0.0016317077042090364 -0.017131553302104422 -0.0089028338812625601 -0.0077746741392701203 0.024558940317335357 0.015904659768415524 -0.018594222587433207 -0.0020628113913257118 -0.017399158807874814 -0.019787533492255736 -0.0020092636785897914 -0.02588226393149505 0.013726866101904375 -0.0098182388360754363 0.024235787038128211 -0.00093436561132732702 0.0035331525779867378 -0.0021344620096792628 0.030084335183558637 -0.02446853377947223 0.016708871203302837 0.014211506482980869 0.013912435351001045 0.0025169854626542259 0.014237700411418357 -0.013530551205404496 -0.00033579707338229003 0.011427220034592889 -0.020685956247381791 0.022109424689280587 0.0014216293514523507 0.017434405181919112 -0.010897760506982528 -0.014026818417636814 0.0057015679224553042 0.026010716582780209 -0.012077948985081422 0.0057223440938725546 0.014293650498596247 -0.0060807133806811877 0.014209417853493275 -0.01223871492351794 -0.011287361610953953 0.0048458732123992498 0.022631510880058273 0.015143521912912291 0.0036321315183307384 -0.0010124242538171167 -0.027672800624402905 -0.0043829976846018826 -0.0031752517804794172 -0.0040532718983451715 -0.0011360980183887915 -0.016773113822789804 -0.014059213537627293 0.0099994526969019604 -0.013109404043036475 0.0076956629796774249 0.013263018495977792 0.0064053153712032565 -0.015300826222602957
leaf_weight=235.14232604950666 174.85060977190733 314.47370429337025 63.326974235475063 928.65884201228619 94.101921431720257 45.757359623908997 116.87290120124817 113.1597166955471 64.614394038915634 87.094451613724232 78.108164355158806 45.579824559390545 44.606053069233894 76.315667197108269 120.72538966685534 57.98768937587738 127.11900234222412 197.21989013254642 96.596233338117599 74.797657161951065 46.404896914958954 164.69877091050148 193.37687103450298 47.649681374430656 231.93278960883617 273.24369762837887 93.454201892018318 127.6778642386198 70.180043697357178 49.09177178144455 58.768882043659687 98.077004805207253 69.851566508412361 42.982522167265415 178.41116382181644 141.06390216201544 53.847793385386467 49.863497480750084 115.0566122084856 72.787553630769253 82.491422787308693 65.36953492462635 71.862781040370464 74.536668002605438 83.135586559772491 49.399947226047516 429.90745820105076 128.39093716442585 73.292030096054077 49.458890810608864 109.16711933910847 63.279514729976654 387.16687394678593 54.764857307076454 128.67620295286179 93.583621881902218 305.90987783670425 99.774303078651428 187.56345844268799 201.21516501903534 67.043594546616077 46.529869973659515
leaf_count=1369 877 1404 280 4496 428 200 575 492 287 437 557 269 282 344 578 263 591 878 417 411 209 742 918 218 1018 1259 409 580 308 211 266 421 313 215 866 691 237 232 514 359 356 287 328 323 367 273 1892 577 316 213 466 280 1722 243 576 435 1372 447 843 890 308 219
internal_value=9.88521e-05 0.00113018 0.0032504 -0.00368072 -9.16104e-05 0.0026395 0.00497288 0.00229024 -0.00472787 -0.00648444 -0.00457707 -0.00318919 -0.00493589 -0.00363176 -0.00172652 0.00724781 0.00673246 0.00986604 0.0115854 0.0134735 0.00438351 0.00323225 0.000701548 0.00237995 0.00379039 0.00668827 -0.00209202 0.0084263 -0.00167106 0.0010718 0.0094507 -0.0059529 -0.003859 0.00664167 -0.00655058 -0.00145547 -0.00086228 0.00665895 0.0121904 0.00136154 0.0101715 0.00288958 0.00149034 -0.00252132 -0.00777315 0.0108067 0.0173578 -0.0035835 -0.00051647 -0.0117544 0.00256134 0.00532383 -0.00208449 -0.0118383 -0.00857742 -0.00382647 0.00272218 -0.00156294 0.00252716 0.00933021 0.00661867 -0.00248747
internal_weight=8188.05 7079.06 4913.58 2165.48 1153.69 918.543 3639.71 1670.19 383.712 1108.99 934.139 856.03 761.051 716.445 629.35 1969.52 1911.53 925.64 798.521 701.925 1286.47 1169.6 857.041 755.871 985.892 660.505 325.387 321.055 1273.88 270.552 123.383 147.169 553.035 112.834 440.2 261.789 1210.55 218.768 168.904 387.261 312.56 147.861 872.786 991.78 1011.79 94.9798 504.705 921.6 570.949 122.751 448.198 373.662 434.817 101.17 350.651 221.975 800.923 381.44 281.665 264.495 419.483 113.573
internal_count=38154 32452 22075 10377 5514 4145 16428 7527 1677 5702 4825 4268 3726 3444 3007 8901 8638 4189 3598 3181 5850 5275 3890 3438 4449 3022 1427 1498 5647 1185 553 632 2663 528 2135 1269 5367 983 751 1763 1385 643 3945 4384 4863 542 2303 4076 2488 529 1959 1636 1940 452 1588 1012 3617 1718 1271 1170 1899 527
is_linear=0
shrinkage=0.03


Tree=73
num_leaves=63
num_cat=0
split_feature=10 52 29 53 60 52 59 4 52 12 8 57 59 9 31 63 14 10 29 52 66 70 59 32 49 44 58 80 70 60 41 90 59 63 80 44 54 41 44 40 80 54 16 90 18 67 25 80 31 70 59 28 14 16 80 54 90 57 32 12 23 28
split_gain=69.2408 45.1703 38.4934 31.4271 27.752 27.506 30.7749 25.4912 25.2836 27.3551 25.0569 23.9722 22.904 22.6517 24.6972 30.663 21.843 21.7095 21.1759 23.5896 24.3025 27.7571 22.2727 20.067 18.7252 18.5507 26.7216 22.8155 21.368 20.1999 18.2238 17.619 17.2603 16.9497 16.0385 15.8269 17.4789 15.6115 19.5773 19.7885 15.5554 17.539 15.4009 15.3665 15.3285 15.2446 14.8222 14.464 14.4201 16.9083 14.4182 14.3111 13.7824 13.481 13.2844 18.8195 13.2507 13.1755 13.1608 13.0682 13.8408 18.1723
threshold=0.092321798205375685 0.38434277474880224 -0.98927167057991017 0.60982346534729015 12.915895938873293 0.15387640148401263 0.80833691358566295 7.2167954385804487e-06 -0.10471083968877791 0.0099142827093601244 0.00085420135292224597 43.418546676635749 -1.2717738747596739 0.0011244426714256408 0.48750001192092901 -0.30694064497947687 0.019253203645348552 0.031270854175090797 0.74102535843849193 -0.25806505978107447 405.50000000000006 3916.5000000000005 0.18392280489206317 0.89749997854232799 1.0024437308311465 -0.58438250422477711 0.68478110432624828 16.259340286254886 8293.5000000000018 4.6997673511505136 -10.828952789306639 2.4887634515762334 -0.20289005339145658 -0.99771150946617115 34.387193679809577 7.9070920944213876 0.5044531822204591 -53.551818847656243 19.210906982421879 -8.9442219734191877 13.140483856201174 -1.8274565935134885 69.737850189208999 -0.50404775142669667 50.529758453369148 259.50000000000006 65.207088470458999 24.586878776550297 0.57249999046325695 11151.500000000002 -0.18604583293199536 -0.7281636893749236 0.012278464622795584 31.088416099548343 16.430171966552738 -0.97585487365722645 -1.0563466548919676 38.973503112792976 0.042500000447034843 0.0051782112568616876 1.5000000000000002 0.60099807381629955
decision_type=2 2 2 2 2 2 2 2 2 2 2 2 2 2 2 2 2 2 2 2 2 2 2 2 2 2 2 2 2 2 2 2 2 2 2 2 2 2 2 2 2 2 2 2 2 2 2 2 2 2 2 2 2 2 2 2 2 2 2 2 2 2
left_child=3 2 46 17 5 6 11 -7 10 33 32 25 -13 14 43 24 23 -1 19 22 21 -21 -14 40 -16 26 27 -4 31 -29 48 -27 -5 -10 42 36 50 51 39 47 -11 -42 -28 -8 -9 -30 -2 58 -23 -50 -12 -35 -52 -22 -34 -56 -6 -25 -39 -41 -61 -62
right_child=1 -3 4 8 56 7 13 44 9 16 35 12 18 -15 15 -17 -18 -19 -20 20 53 30 -24 57 -26 28 34 29 45 -31 -32 -33 54 37 -36 -37 -38 38 -40 59 41 -43 -44 -45 -46 -47 -48 -49 49 -51 52 -53 -54 -55 55 -57 -58 -59 -60 60 61 -63
leaf_value=0.015798555858474461 -0.008647700152095367 -0.016385950982916002 0.0094832400611558551 0.0086538114708014455 0.020195243032656528 -0.016735043569565445 -0.0027004296535895062 0.01410625460938526 -0.0064895928272927055 0.0089729415780281947 0.014787867640733579 -0.022600416671383062 -0.025719451910636602 -0.01876992134063803 0.0023581275143882865 -0.006826143018610527 0.022426877119655332 -0.0050922333845956555 -0.020477412224235072 0.026574290549418567 -0.018483167234743927 0.0075017658680177927 0.0027917371782540884 0.0033822048319268709 0.025155201359752515 -0.00036120181269944226 0.0071404841525251296 -0.017873107750719708 -0.0028436995192910111 -0.0025294686748125392 0.018188585734600329 0.01892094742369865 0.00063118634017614371 0.029749599148450899 -0.0068321593209875534 0.020112179083758511 0.01810904880077736 -0.016186001285353271 -0.009814880871158109 0.025252750327911331 0.010525893968164429 -0.0038232272148372611 0.02640241692853915 -0.025448840939983227 -0.0047931509911949208 0.015094005592751611 -0.025485320246754782 0.014694313858347952 -0.010252992063328376 0.0081896988537594265 -0.013373229892835794 0.011349033742605305 0.0041912179993595306 -0.001155668418982675 -0.025750661324411912 -0.0062539486491014779 0.0014724340252196377 0.023944046315735764 0.0023888660314187586 0.0062878777374633073 0.011448576383068355 0.029669315402491993
leaf_weight=48.764803841710091 310.65099409967661 203.41942661255598 93.233868658542633 87.134842440485954 79.201258569955826 166.85903948545456 46.422980725765228 41.062134325504303 62.472664311528206 135.51757095754147 42.684582188725471 48.134034812450409 57.771351672708988 107.68769711256027 78.853224396705627 199.40691659599543 45.677622675895691 546.42842230200768 48.62141378223896 50.53671957552433 64.131615236401558 153.37004064023495 43.024487674236298 59.250632040202618 55.077053360641003 319.72172617167234 122.54475678503513 110.31469570100307 49.677437648177147 257.40632262825966 61.296154350042343 49.214219689369202 185.40774448215961 60.442659594118595 46.274891763925552 63.339854300022125 56.787134602665901 50.793614968657494 51.67015241086483 56.120905101299286 87.130055546760559 638.30238778889179 53.741923332214355 62.983289256691933 650.20280460268259 301.03130796551704 55.452962540090084 51.498442307114601 145.81471174955368 64.543580286204815 82.607168823480606 102.64020016789436 78.333298742771149 109.25123231112957 53.18341426551342 274.75207863748074 59.636820673942566 53.256781116127968 105.91556471586227 382.11733819544315 288.77123911678791 59.395383432507515
leaf_count=262 1918 1319 403 383 336 833 201 179 282 642 194 206 296 476 370 919 220 2423 238 215 283 655 205 277 252 1406 535 497 229 1138 264 214 821 307 212 289 261 235 233 273 417 2809 227 270 3225 1316 362 230 634 277 375 495 348 477 232 1213 258 247 490 1743 1353 264
internal_value=-3.52845e-06 -0.00258235 -0.00190788 0.0029517 -0.00101214 -0.00151179 -7.16963e-05 -0.00621085 0.00412393 0.00581366 -6.45439e-05 0.00148401 -0.00250311 -0.00642998 -0.00342856 0.000630713 0.00215155 -0.00338063 -0.00129142 -4.71879e-05 0.00205003 0.00555548 -0.0135495 0.00120017 0.0117331 0.00388934 0.000349925 -0.00377175 0.00725107 -0.00713249 0.00305628 0.00221094 -0.00369159 0.00874814 0.00888648 0.00666271 0.0033914 0.00953528 0.00818959 0.00912492 -0.000356887 -0.00209979 0.0130126 -0.0157963 -0.0036705 0.0125532 -0.0111981 0.000901057 0.000506151 -0.00459428 -0.000713069 0.0181688 -0.00482422 -0.00756484 -0.0057871 -0.00941586 0.012153 0.0131154 -0.00363174 0.0113023 0.0102302 0.0145569
internal_weight=8176.97 4366.57 4163.15 3810.4 3797.05 3658.21 2800.09 858.124 3215.2 2290.97 924.23 2249.66 846.495 550.431 442.743 333.337 1019.14 595.193 798.361 749.74 648.944 475.561 100.796 973.457 133.93 1403.16 683.516 460.955 719.645 367.721 425.024 368.936 600.478 1271.84 222.562 323.752 260.412 1209.37 1046.28 994.612 860.95 725.432 176.287 109.406 691.265 350.709 366.104 208.208 363.728 210.358 203.625 163.083 160.94 173.383 513.343 327.935 138.838 112.507 156.709 786.405 730.284 348.167
internal_count=38163 20845 19526 17318 17246 16652 12415 4237 14633 10517 4116 9927 3750 2488 2012 1541 4612 2685 3544 3306 2805 2045 501 4392 622 6177 3012 2038 3165 1635 1830 1620 2649 5905 974 1467 1178 5623 4821 4588 3868 3226 762 471 3404 1545 2280 955 1566 911 917 802 723 760 2266 1445 594 524 725 3633 3360 1617
is_linear=0
shrinkage=0.03


Tree=74
num_leaves=63
num_cat=0
split_feature=31 29 58 52 41 63 53 70 66 41 12 52 63 63 46 63 12 29 51 64 12 65 51 26 38 56 64 18 81 77 59 9 33 13 32 64 56 51 13 15 40 43 63 64 81 52 38 56 32 66 46 59 60 41 70 51 61 12 80 70 50 61
split_gain=59.2167 35.2994 38.7233 34.9197 28.6159 29.8024 28.2057 26.7615 25.9795 25.6191 20.778 26.8592 24.637 25.1931 28.2554 22.3194 20.7069 19.1052 23.1045 18.4395 21.755 29.9765 20.3844 22.948 21.6856 18.2313 18.0765 34.8415 27.0541 19.6311 17.5596 16.0276 15.7641 27.0996 19.6674 15.6202 31.1579 20.1602 19.8224 15.1184 14.5789 26.5249 16.6251 14.4832 14.2287 14.1826 14.1449 13.9228 18.8811 14.5301 13.8992 21.1656 23.5067 19.1766 15.4593 16.5426 15.1491 15.0965 16.7062 15.0251 14.3414 15.2161
threshold=0.27250000834465032 -1.0075990557670591 -0.66880580782890309 0.29968844354152685 -109.37187576293944 0.9556623399257661 0.72183042764663707 4668.5000000000009 540.50000000000011 -15.720693588256834 0.0086924722418189066 -0.18573043495416638 0.34816221892833715 0.99913862347602855 1.0027304887771609 -0.56820151209831227 0.030115982517600063 0.65933069586753856 0.020234299823641781 0.50188699364662182 0.006861722795292736 -671.49999999999989 0.067038115113973631 2.9903488159179692 -0.31436921656131739 9.7214808464050311 -0.53176689147949208 28.811021804809574 0.34835892915725714 -0.12456554174423216 -0.68161344528198231 -0.00067785638384520997 324.55082702636724 0.02448715548962355 0.42750000953674322 0.6411133110523225 6.0411982536315927 0.02729867305606604 0.011756488587707283 46.614213943481452 -1.7522029280662534 -4.9328091144561759 0.99280729889869701 0.65110388398170482 0.0064310659654438504 -0.18573043495416638 0.51908603310585033 7.4820225238800058 0.19249999523162845 -208.49999999999997 0.99830764532089245 0.052409848198294647 5.8387258052825937 -37.310976028442376 12057.500000000002 0.038736866787076003 7.5922839641571054 0.011656271759420635 18.947482109069828 8356.5000000000018 0.99957332015037548 6.0055789947509775
decision_type=2 2 2 2 2 2 2 2 2 2 2 2 2 2 2 2 2 2 2 2 2 2 2 2 2 2 2 2 2 2 2 2 2 2 2 2 2 2 2 2 2 2 2 2 2 2 2 2 2 2 2 2 2 2 2 2 2 2 2 2 2 2
left_child=4 30 7 6 -1 8 9 -3 17 -4 11 31 15 14 26 32 -17 18 -6 20 -20 -22 23 25 -24 50 27 -14 29 46 -2 -8 34 47 -12 38 -37 -38 -21 -27 41 42 44 -5 -31 -32 -28 -34 -49 -50 -23 52 53 -52 55 60 59 58 -56 -57 -53 -62
right_child=1 2 3 43 5 -7 10 -9 -10 -11 12 -13 13 -15 -16 16 -18 -19 19 35 21 22 24 -25 -26 39 28 -29 -30 40 45 -33 33 -35 -36 36 37 -39 -40 -41 -42 -43 -44 -45 -46 -47 -48 48 49 -51 51 54 -54 -55 57 56 -58 -59 -60 -61 61 -63
leaf_value=0.026775013657674384 0.0064333041529902194 -0.0058770695746172344 -0.0024645163034780573 -0.012391989695243646 0.018406253803770749 0.015677257880586652 0.007467859472915523 0.020991692748225627 0.015450647112840093 -0.015258792783225169 -0.0011594300607604526 0.0088592766162094057 0.0052539752892691097 0.012526051514660056 -0.017437060056000719 0.0046691559410908974 -0.0092787241004038696 -0.013348048297593406 0.010505084899393098 -0.015369902286447825 0.016116779345344688 0.010192407738285439 -0.0024819476832409044 -0.018719028805173538 0.020858970372656362 -0.002576426004569702 -0.0065646480393049171 -0.017156184773721297 0.017464134138102584 -0.0017245391138082946 -0.017347692966997081 -0.014319954080231172 -0.0089375125833508762 0.015707337892256368 -0.020191399685529111 0.019993650399955078 -0.020090238713215559 0.0034491703558543483 0.0040531946095028522 0.020603656799734742 -0.0045911264465081456 0.023260967156020905 -0.014919456697837168 -0.00041126204377604791 0.014389763980005696 -0.0035211603373322201 -0.025564379206457963 0.019621555666617781 -0.013238525868676049 0.0094520237341681693 0.0032229462050913714 -0.0039416407465834467 -0.0072286993007196002 0.024656317176959007 0.016540136281885363 0.010100550379655911 -0.013462509751213584 -0.012100722827224505 -0.0040478830301885812 -0.0091645389367317805 -0.031392563352209038 -0.010999024297046894
leaf_weight=47.230963580310345 46.418920353055 46.958035632967949 419.94073093682528 359.69555891305208 75.684068620204926 161.53668534755707 47.277477294206619 115.23020601272583 129.06981191039085 211.94707262516022 100.97384472191334 444.90169198811054 92.333558306097984 80.043625921010971 142.34651269763708 1217.7325666844845 103.97408375144005 74.305430889129639 284.42035908997059 156.33122113347054 114.37182046473026 83.227158948779106 63.652215957641602 64.000639230012894 81.942947655916214 41.529876530170441 188.75917765498161 192.84251128137112 64.608026660978794 132.57498943805695 228.14687994122505 85.052180513739586 197.25813901424408 79.54439827054739 94.69798868149519 60.570394292473793 54.105381846427917 82.942827388644218 67.797368660569191 64.890740655362606 303.58704523742199 56.397460252046585 50.320482909679413 121.48108194768429 78.525893285870552 94.393530808389187 43.367406532168388 44.332547977566719 60.72100929915905 43.663367733359337 92.912351757287979 69.191435173153877 92.030495300889015 63.073182955384254 73.363728150725365 90.877741351723671 84.682272464036942 53.59228777885437 68.680570349097252 60.818455174565315 63.429085865616798 68.474851220846176
leaf_count=253 266 207 1833 2113 377 838 214 503 612 937 468 1901 415 358 713 5353 494 318 1392 699 521 380 284 280 368 197 889 850 302 570 1545 390 875 363 441 281 256 376 295 322 1322 246 220 672 342 491 205 197 286 195 422 319 435 289 345 420 364 227 310 273 283 311
internal_value=-0.00011346 -0.0018506 -0.00121687 -0.00167947 0.00363768 0.0032077 -0.00087139 0.0132124 0.00236134 -0.00675596 7.09677e-05 0.00532997 -0.000830195 -0.00382522 -0.00479783 0.00136756 0.00357192 0.00161078 0.00212145 0.0015348 0.00294335 0.00140134 8.68502e-05 -0.00126903 0.0106546 -0.000226036 -0.00330267 -0.00990028 -0.00125344 -0.00267027 -0.0108185 -0.00653581 -0.00332265 -8.18817e-05 -0.0103702 -0.00407325 0.0020753 -0.00584397 -0.00949455 0.0115578 0.000110454 0.0046015 0.00057602 -0.00936725 0.0042697 -0.0133013 -0.0101143 -0.00371204 0.00321903 -0.0037472 -0.00152643 -0.00263334 0.00479543 0.0118896 -0.0055435 -0.00867842 -0.00329765 0.00146665 0.00658552 0.00237674 -0.0150033 -0.0208057
internal_weight=8178.78 5590.05 5221.09 5058.9 2588.74 2541.51 4577.72 162.188 2379.97 631.888 3945.84 577.231 3368.6 1425.71 1345.66 1942.9 1321.71 2250.9 2176.59 2100.91 1679.16 1394.74 1280.37 1134.77 145.595 1070.77 1203.32 285.176 918.14 853.532 368.959 132.33 621.191 425.519 195.672 421.747 197.619 137.048 224.129 106.421 621.406 317.819 261.421 481.177 211.101 322.54 232.127 345.975 148.717 104.384 964.354 881.126 248.016 155.986 633.11 437.474 236.378 195.637 142.044 151.696 201.095 131.904
internal_count=38223 26176 23874 23164 12047 11794 20379 710 10956 2770 17609 2505 15104 6432 6074 8672 5847 10344 10026 9649 7742 6350 5829 5177 652 4897 5361 1265 4096 3794 2302 604 2825 1916 909 1907 913 632 994 519 2700 1378 1132 2785 912 2036 1094 1553 678 481 4378 3998 1146 711 2852 1970 1057 882 655 693 913 594
is_linear=0
shrinkage=0.03


Tree=75
num_leaves=63
num_cat=0
split_feature=83 69 12 83 54 53 10 51 82 10 40 60 64 13 77 77 0 17 64 69 44 57 26 64 77 80 57 12 53 29 26 47 58 51 47 47 58 60 40 25 18 82 77 15 57 40 6 12 10 64 77 23 67 67 10 78 64 49 26 42 13 64
split_gain=67.3199 33.3149 27.8158 25.7482 24.8082 24.6819 24.7149 22.8254 22.4451 20.2537 20.9242 18.7964 19.2488 20.0272 21.2451 18.7293 21.1515 25.0167 18.1917 26.5531 23.5697 22.0618 21.6372 18.1113 17.5164 17.4735 17.4063 17.1607 18.1222 16.8135 18.3926 21.2057 16.5421 16.4168 24.0121 26.3587 24.5291 17.8633 16.4155 16.3753 16.0004 15.4247 15.3903 15.0298 14.8784 16.3419 14.5112 13.8666 18.95 13.8343 13.727 13.68 13.3521 14.7001 19.8307 16.0739 13.9753 13.2916 13.2601 13.0306 13.9304 13.0908
threshold=0.4908346831798554 188.50000000000003 0.010347495321184398 2.0336730480194096 -0.26310922205448145 0.67115452885627758 0.031270854175090797 0.02840026002377272 166.60437774658206 0.033586530014872558 38.427310943603523 12.915895938873293 -0.89001184701919545 0.029004691168665889 -0.32057794928550715 -0.19156140089035031 23.500000000000004 78.244953155517592 0.94762688875198375 5142.5000000000009 -1.5564087033271787 41.339454650878913 0.76482227444648754 -0.9543684422969817 0.23358751833438876 20.188551902771 17.563218116760257 0.0058832985814660796 0.8179900348186494 -0.98927167057991017 0.96086353063583385 0.99996855854988109 -0.6194651424884795 0.095589935779571547 1.0066549181938174 0.99712452292442333 0.25161813199520117 5.30462670326233 -0.54692730307579029 85.164726257324233 45.255004882812507 -47.11681938171386 -0.12038094922900199 36.963603973388679 50.339452743530281 -19.907259941101071 -0.0019658072851598258 0.014027299359440805 0.11079856380820276 -0.95037782192230214 -0.17277086526155469 3.5000000000000004 765.50000000000011 169.50000000000003 0.042797036468982703 0.028855491429567341 -0.26092512905597681 0.99883636832237255 1.5214107036590578 59.636714935302741 0.0078521361574530619 0.38469719886779791
decision_type=2 2 2 2 2 2 2 2 2 2 2 2 2 2 2 2 2 2 2 2 2 2 2 2 2 2 2 2 2 2 2 2 2 2 2 2 2 2 2 2 2 2 2 2 2 2 2 2 2 2 2 2 2 2 2 2 2 2 2 2 2 2
left_child=1 -1 5 4 11 6 -3 9 23 -7 42 12 47 14 -14 -8 17 59 21 -20 -21 22 -16 25 33 -6 41 -25 -29 -24 31 -31 -30 34 35 36 38 40 44 -5 -35 -9 -11 -23 45 -4 -32 48 -2 57 -34 -48 53 55 -55 -28 -54 -49 -47 60 -17 -62
right_child=3 2 24 39 8 7 15 26 -10 10 -12 -13 13 -15 18 16 -18 -19 19 20 -22 43 29 27 -26 -27 52 28 32 30 46 -33 50 37 -36 -37 -38 -39 -40 -41 -42 -43 -44 -45 -46 58 51 49 -50 -51 -52 -53 56 54 -56 -57 -58 -59 -60 -61 61 -63
leaf_value=0.02470341099967548 -0.00022248714824069392 0.018013369378328748 0.020917582925412879 -0.017655790481206461 0.019463445108974284 0.010875492691667774 -0.020488993016595989 0.0022820289763435266 0.014591973159531545 -0.016248667532504858 -0.024089470732170493 0.015396426586333773 -0.021278565387160251 -0.018660504577910762 0.019903917328409498 0.01691104341990889 -0.012662423983079646 -0.013441362296636701 0.022686784514094026 -0.016144025016674252 0.010562465472896515 0.0057803041558826826 -0.018539484392211224 0.0084019504575761402 -0.013776171615675648 -0.0032753441316183958 0.0058961692928269924 -0.015232168334769454 0.011919236120721849 0.003540105211259434 0.019371813367219076 -0.021421306918404305 -0.015905291329250899 -0.011700784413694054 -0.018090780373620181 0.0017261579314639011 -0.01740475406267462 0.019264189879493455 -0.014988855783462074 0.0015929228324638 0.0099846714724386894 0.023318626186919138 0.0040763469166267934 -0.013488760451552175 -0.0078220999222664081 0.0083347176005444043 -0.0007972196937183556 0.0090876935390748134 0.024949685336467357 0.014610075972126945 -0.0053451766449322769 0.014582969250124598 0.02170054505593318 0.02097263388223972 9.3668488481023072e-05 0.027429720535237821 0.0082933400018999695 -0.011145037795617114 -0.012089638146632067 0.020949307404339916 0.0051490881824632524 -0.012801771626183477
leaf_weight=58.572930380702019 46.113505214452744 55.659307777881622 50.926341727375984 171.84174309670925 42.741276040673256 93.532302379608154 49.954043358564377 43.253423511981964 46.894947916269302 45.057611629366875 44.785633906722069 66.593548856675625 47.355438187718391 64.966227121651173 46.892020732164383 53.974250972270966 108.32513509690762 69.800456076860428 68.319713994860649 51.335971087217331 70.704008512198925 44.209236197173595 46.682058073580265 55.166398733854294 81.087621241807938 105.46290321648121 99.138530075550079 283.28593455255032 42.224250227212906 55.20733404904604 42.331203386187553 68.806988015770912 137.76949886977673 50.744178891181946 66.501315921545029 1944.9820685535669 127.7154880464077 82.866139099001884 69.933859542012215 51.757181815803051 77.224097371101379 114.17385802417994 131.05005574226379 207.07274194806814 101.59118531644344 76.417184978723526 430.2687426507473 44.584345079958439 64.654088236391544 48.523440271615982 565.60695747286081 59.210657395422459 86.871719613671303 44.754455134272575 480.52099859714508 45.524751648306847 359.6946384832263 84.807478152215481 45.727094516158104 47.625161543488503 113.95407900214195 53.836349442601204
leaf_count=265 196 304 223 1181 185 507 213 198 258 197 197 310 298 349 227 252 478 300 313 224 323 229 271 249 370 513 444 1387 215 254 201 327 806 216 279 8536 560 360 299 344 331 560 596 1027 437 338 1982 197 301 233 2713 277 399 250 2137 203 1676 389 199 226 515 240
internal_value=3.67531e-05 0.00221178 0.00194387 -0.00338657 -0.00263964 0.00451271 -0.00094505 0.00641332 -0.00577887 -0.000825547 -0.00578009 -0.000218648 -0.00087181 -0.00242428 -0.00157253 -0.00306621 -0.00112139 0.0025644 -0.000789024 0.00771169 -0.000671588 -0.00240611 0.000173283 -0.0065541 -3.80175e-05 0.0032824 0.00819998 -0.00789888 -0.00877289 -0.00114373 9.45143e-05 -0.0103093 -0.00631873 0.000375395 -0.000306832 0.000182416 -0.00617473 0.00841257 -0.00201261 -0.0132002 0.00138558 0.0175388 -0.00112386 -0.0100987 0.00129137 0.00664092 0.0025206 0.00613738 0.0144703 0.000949426 -0.00741357 0.00106327 0.0068832 0.00420471 0.0018726 0.0126727 0.0109015 -0.00417348 0.000688461 0.00671159 0.00365396 -0.00061053
internal_weight=8137.17 4975.78 4917.2 3161.39 2937.79 2141.49 553.129 1588.36 1279.15 314.426 220.893 1658.64 1592.05 1303.36 1238.4 497.469 447.515 339.19 1191.04 190.36 122.04 1000.68 749.399 1232.26 2775.72 148.204 1273.93 1084.05 1028.89 702.507 655.825 124.014 745.601 2694.63 2483.79 2417.29 472.311 210.834 344.596 223.599 127.968 157.427 176.108 251.282 274.662 173.071 531.811 288.683 110.768 177.915 703.376 489.479 1116.51 669.939 525.275 144.663 446.566 129.392 122.144 269.39 221.765 167.79
internal_count=38084 22305 22040 15779 14254 9892 2528 7364 6326 1497 990 7928 7618 6302 5953 2224 2011 1533 5655 860 547 4795 3539 6068 12148 698 5867 5370 5121 3312 3041 581 3734 11778 10871 10592 2056 907 1496 1525 547 758 793 1256 1197 760 2460 1316 497 819 3519 2259 5109 3034 2387 647 2075 586 537 1233 1007 755
is_linear=0
shrinkage=0.03


Tree=76
num_leaves=63
num_cat=0
split_feature=83 29 77 90 39 2 12 64 77 30 26 29 59 64 51 56 70 7 42 39 12 40 64 51 64 15 12 66 11 82 59 56 10 25 90 9 54 54 25 12 13 7 43 59 53 60 44 68 77 83 70 59 64 59 66 47 70 38 38 70 56 12
split_gain=66.8379 30.5212 35.0604 23.6254 20.3381 21.1072 20.1514 18.3909 17.2513 16.1421 23.1842 16.5338 16.4973 16.0373 17.7707 28.6965 16.171 15.9485 19.8313 16.2143 19.6398 22.2983 21.9809 19.0229 20.5747 20.6485 16.5486 16.1171 20.2144 15.6909 15.4969 15.4884 22.3294 16.0543 21.4237 18.5434 17.6902 20.2021 16.4049 15.7205 15.4745 15.6525 16.2684 15.2112 15.1492 16.284 14.8743 14.8482 14.6803 15.1404 15.8465 14.5063 23.8588 20.2869 14.4774 14.418 14.2734 17.3408 15.535 13.9647 13.9258 13.8824
threshold=0.10351252555847169 0.63475203514099132 -0.19156140089035031 2.9164173603057866 0.40198063850402838 -0.00012163066639914176 0.0087875821627676504 -0.99674141407012928 -0.37425148487091059 1.0000000180025095e-35 0.63997170329093944 0.062569014728069319 -0.52983725070953358 0.9785965383052827 0.029183354228734974 7.2880151271820077 7217.5000000000009 0.002423438243567944 7.3167746067047128 0.13546101748943332 0.016784775070846084 -19.367568016052243 -0.14565102010965345 0.082121647894382491 -0.87142586708068837 55.044414520263679 0.033371675759553916 220.50000000000003 0.36049403250217443 -80.230148315429673 -1.0470159649848936 4.3438832759857187 0.14415169507265094 48.744308471679695 -2.0384155511856075 7.5478830694919466e-05 -1.344562768936157 0.86776280403137218 89.782341003417983 0.012728246394544842 0.0072097966913133868 0.00053579776431433867 23.96550273895264 -0.237657755613327 1.2552798390388491 4.1117794513702401 -6.6926505565643302 1.0000000180025095e-35 -0.018070150166749951 0.010669274255633356 11151.500000000002 0.17715624719858172 0.27353890240192419 0.39551968872547155 235.50000000000003 0.99924239516258251 4198.5000000000009 -0.050711719319224351 -0.68877583742141713 6685.5000000000009 9.4433732032775897 0.017609894275665287
decision_type=2 2 2 2 2 2 2 2 2 2 2 2 2 2 2 2 2 2 2 2 2 2 2 2 2 2 2 2 2 2 2 2 2 2 2 2 2 2 2 2 2 2 2 2 2 2 2 2 2 2 2 2 2 2 2 2 2 2 2 2 2 2
left_child=7 2 4 40 5 8 13 -1 -2 11 -11 12 -9 14 15 16 -4 19 -19 29 21 22 -21 24 60 54 44 56 -29 47 -12 39 33 55 35 -35 -36 38 48 -32 -3 -42 -43 -14 45 -25 -18 -8 49 50 -38 52 -30 59 -26 61 -23 58 -58 -53 -22 -33
right_child=1 3 6 -5 -6 -7 17 9 -10 10 30 -13 43 -15 -16 -17 46 18 -20 20 23 27 -24 26 25 -27 -28 28 51 -31 31 32 -34 34 36 -37 37 -39 -40 -41 41 42 -44 -45 -46 -47 -48 -49 -50 -51 -52 53 -54 -55 -56 -57 57 -59 -60 -61 -62 -63
leaf_value=0.022562664758655118 -0.019994163752435543 0.0082533285672333877 -0.0070956517896690443 0.0014876241254797556 0.0098871660455393372 -0.014852217466897034 -0.010205209586965053 0.028793556261597211 -0.0023446239669937469 0.014300838710314316 -0.014674180823881673 -0.0041560586764510712 -0.0040454076792125525 0.02163437057552697 0.0071013722982258545 -0.01422998275269562 0.0019591016584853856 -0.0039567431419239895 0.019400375271913697 0.021142959865286325 -0.010477056617662298 -0.015154022599096007 0.0018143530796019863 -0.015798461350734434 -0.024266093780708303 0.00059401651150342929 -0.013151585027092448 -0.0064481798501264754 0.023531269272157481 0.012898218592322397 0.014604574117990727 -0.0023787071270320996 -0.017011506638064 0.016652040918571698 0.0087114871185802571 -0.0058077749584928041 -0.020018938211523583 0.0082644460740470341 0.0055342805933101752 -0.0020509752538559333 -0.022378958593686903 -0.010194995873219375 0.0044042878217681125 0.011059801335681014 0.019135209369909985 0.0054931424843482806 0.024582038325879806 0.0054729730707958266 -0.005137210107030824 -0.03010929974892947 0.0015503214012738463 -0.0195436637765402 -0.0023140383936377739 0.0064535692926914892 -0.010534046879037983 0.010267645234371967 -0.011230759992417849 -0.0082976717390104131 0.0046185826468363991 0.00089921679226680033 0.010424951680434424 0.016099326161807523
leaf_weight=47.688841968774796 55.815643310546875 44.22465181350708 58.593574076890945 256.65441299974918 64.391039848327637 248.85653280466795 82.704573385417461 39.817549645900726 465.7358165755868 136.47542926669121 51.989948093891144 83.550826773047447 71.448302216827869 47.341333672404289 482.87767384946346 111.01111286878586 55.73663903772831 56.940170377492905 76.898954778909683 79.496552750468254 51.522020794451237 101.43697510659695 158.58764465153217 43.863207444548607 133.86601892858744 74.729475274682045 64.895567744970322 202.52726634591818 80.614776983857155 134.15502146631479 155.91319337487221 227.77305529266596 60.681578904390335 99.884657517075539 94.294941768050194 49.469614714384079 71.872742742300034 84.505047380924225 72.998750083148479 75.797397613525391 81.973302558064461 586.17634098976851 77.814240910112858 374.45811711996794 47.262619979679585 122.93611694872379 49.285772040486336 158.66300839930773 247.02367667853832 51.736061617732048 53.454813167452812 55.081230655312538 53.466258123517036 262.32972101867199 142.81291195750237 283.06616142392159 69.373735263943672 304.65513546019793 281.52753204107285 66.241192802786827 64.725931949913502 43.59681823849678
leaf_count=255 366 188 247 1309 292 1370 376 189 2373 667 238 379 342 201 2054 466 237 247 329 337 222 438 685 198 623 343 332 898 342 585 758 1068 258 468 455 234 336 405 328 321 445 3154 382 1857 211 553 210 719 1139 216 260 235 229 1121 652 1381 298 1315 1205 284 282 201
internal_value=3.50246e-06 -0.0017959 -0.000746012 -0.00642028 -0.00630977 -0.00766352 0.000483972 0.00411276 -0.00423345 0.00375065 0.00239808 0.00817117 0.0102916 0.00469479 0.00363613 -0.00245681 0.00553112 -0.000656622 0.00946338 -0.00113397 -0.00201966 -0.000251898 0.00826819 -0.00608107 -0.0097795 -0.0133987 0.00011914 -0.00162505 0.00158741 0.00467269 0.00145587 0.0019574 0.000799333 0.0015827 -0.00106985 0.00921283 -0.00334207 -0.00529635 -0.0076017 0.00915619 -0.00898877 -0.010011 -0.00848408 0.00863947 0.00414233 -0.000105909 0.0125758 0.000100846 -0.00986281 -0.0164556 -0.0108192 0.00473078 0.0132252 0.00176211 -0.017178 0.00553084 -0.00468164 -0.0030612 0.00148514 -0.00838199 0.00116101 0.000589874
internal_weight=8135.3 5657.8 4610.96 1046.84 834.799 770.408 3776.16 2477.5 521.551 2429.81 1860.53 569.275 485.724 804.846 757.505 274.627 163.616 2971.31 133.839 2837.47 2461.95 1715.34 238.084 746.614 467.656 351.408 278.958 1477.25 720.26 375.523 1724.06 1672.07 1440.36 1379.68 825.24 149.354 675.886 581.591 497.086 231.711 790.189 745.964 663.991 445.906 214.062 166.799 105.022 241.368 424.087 177.064 125.328 517.733 134.081 383.652 276.679 554.436 756.993 655.556 350.901 121.322 116.248 271.37
internal_count=38108 26353 20875 5478 4401 4109 16474 11755 2739 11500 8733 2767 2388 3415 3214 1160 694 13059 576 12483 10803 7387 1022 3416 2122 1618 1294 6365 3109 1680 8066 7828 6749 6491 3841 702 3139 2684 2279 1079 4169 3981 3536 2199 962 751 447 1095 1951 812 596 2211 571 1640 1275 2650 3256 2818 1503 519 504 1269
is_linear=0
shrinkage=0.03


Tree=77
num_leaves=63
num_cat=0
split_feature=83 29 5 36 50 42 58 5 69 18 7 42 42 53 57 59 70 69 63 57 64 51 5 26 56 57 33 83 33 59 70 26 69 26 8 47 65 65 20 70 26 44 2 5 5 56 23 56 26 42 44 79 64 47 10 47 41 44 52 26 54 44
split_gain=54.8721 32.3826 28.7111 25.7606 19.9092 18.9611 18.2596 21.3639 26.4209 20.2667 19.6254 18.8238 27.2088 17.8569 21.0929 17.5704 16.7686 16.3411 26.7517 15.4922 19.5398 19.894 15.4867 18.2221 15.9133 17.235 21.185 15.8191 17.2962 15.7902 15.3043 14.9108 14.6174 15.1744 37.8114 16.917 15.5858 14.4817 14.4652 14.3614 18.0527 17.0731 15.3633 15.1896 14.6037 14.097 25.0567 13.3384 13.1101 13.0185 13.0002 12.8723 12.7394 12.3315 12.2652 15.1962 13.3208 14.3753 14.2408 11.686 14.5989 13.8695
threshold=0.10351252555847169 -1.0759288668632505 0.00083425932098180066 1.3126904964447024 1.0032247304916384 -46.253950119018548 -0.66880580782890309 -0.00093361694598570455 21166.500000000004 5.2027819156646737 0.0029850414721295242 -31.112794876098629 -20.131087303161618 0.85988211631774913 19.98427772521973 -0.80363446474075306 7027.5000000000009 2769.5000000000005 -0.29445663094520563 78.308006286621108 0.46754305064678198 0.040121112018823631 0.0034734148066490893 3.363720297813416 15.959263801574709 40.76795959472657 1180.6689453125002 1.2592110037803652 1002.9856262207032 0.60565301775932323 6837.5000000000009 0.57153302431106578 15964.500000000002 1.2997673153877261 0.00088286536629311751 0.99960342049598705 -1.0000000180025095e-35 276.50000000000006 0.15549799054861072 4198.5000000000009 0.37968783080577856 0.32340365648269659 -0.00054028062731958915 -9.7051101874967554e-06 0.00053770086378790449 6.7136545181274423 3.5000000000000004 6.8773670196533212 2.1214975118637089 9.5770072937011737 3.206095933914185 -0.46195347607135767 0.054514370858669288 0.99783116579055797 0.13414333760738376 1.0005540251731875 -18.152448654174801 2.4541933536529545 -0.015429182443767784 1.808242976665497 -0.37696772813796992 1.1451578736305239
decision_type=2 2 2 2 2 2 2 2 2 2 2 2 2 2 2 2 2 2 2 2 2 2 2 2 2 2 2 2 2 2 2 2 2 2 2 2 2 2 2 2 2 2 2 2 2 2 2 2 2 2 2 2 2 2 2 2 2 2 2 2 2 2
left_child=4 15 5 22 13 -3 30 8 32 -9 11 -11 -13 14 51 -2 -15 18 -16 20 52 -22 23 24 25 26 45 28 29 48 -7 -18 33 34 35 47 -35 38 -33 41 -41 -14 43 -42 53 -4 49 -8 -27 -47 -21 -1 -19 -43 55 56 58 -58 -40 60 61 -17
right_child=1 2 3 -5 -6 6 7 9 -10 10 -12 12 39 16 17 59 31 19 -20 50 21 -23 -24 -25 -26 27 -28 -29 -30 -31 -32 37 -34 36 -36 -37 -38 -39 54 40 42 44 -44 -45 -46 46 -48 -49 -50 -51 -52 -53 -54 -55 -56 -57 57 -59 -60 -61 -62 -63
leaf_value=-0.0055634861455461657 0.0095191091940276407 0.018368679646354164 -0.015231767234395352 0.005677677583332502 -0.010308262296373726 -0.0023582103328033677 0.013542825063777578 0.013399177464154493 0.011714915798438644 -0.017683252885718755 0.013008964676936116 0.016560420416685151 -0.013183919393362949 0.0028375499555318849 -0.021983909532826133 0.012768758538295915 0.026396956849314708 0.0046003772217306695 0.002451021119224846 0.0020944663403135687 -0.014812957166392266 0.0059801251429201291 -0.024178054328284029 0.012819558464181684 0.0098167778908672815 -0.017139923210400382 0.010099299322653299 -0.027082088794447137 -0.024469455444699143 0.0048787663861956862 0.018394320803474449 -0.003298464492231899 -0.01789167148668943 -0.0061941311921431671 0.026828953300733819 -0.021290119422878343 -0.022945001065637245 -0.0082576635211295216 0.0039899005310013742 0.01472791795869394 -0.001468647726145345 -0.010323898976866365 0.00056191702526346536 -0.019105845602337419 -0.016104891976896182 0.0016191985076004726 0.012547609499506342 -0.0055627714222300237 0.0022733729024116116 -0.01358945797356996 -0.017695604460416684 0.011465060668590198 0.019931058510182873 0.0055527585510112033 -0.0030521840334123921 0.019478267159243633 0.015807128703151496 -0.0055637935063926683 0.021119923744356384 -0.022878174687338135 -0.018427957922534783 -0.01379559636223562
leaf_weight=48.631792634725571 30.647634357213974 49.304385080933571 135.75261584669352 160.73049270361662 89.801083251833916 51.68128590285778 46.627931207418442 104.86079479753971 78.471720851957798 55.993491187691689 100.75795783102512 85.406039729714394 165.57949538528919 625.15083418786526 80.667871341109276 38.143029488623142 44.51969738304615 298.21330491453409 80.631313800811768 54.360810354351997 90.788301035761833 76.144388124346733 46.461586475372314 42.248856484889984 46.185639820992947 116.96292110532522 74.402696393430233 61.932936795055866 62.126330330967903 73.249060958623886 83.909492313861847 68.974153757095337 90.366833157837391 397.30635891854763 42.12104606628418 42.301600188016891 57.187430068850517 43.560649454593658 75.313944339752197 75.713389217853546 110.40342880785465 57.478414073586464 2115.0965439081192 73.009200155735016 48.962569341063499 77.336404077708721 67.157956272363663 111.59951489418745 42.750634767115116 146.82437163591385 66.321948647499084 223.85832446813583 58.323940068483353 188.16961386799812 48.875781133770943 185.91650347411633 41.751837462186813 88.106363654136658 103.9801228120923 93.754731811583042 76.551576018333435 32.98683650046587
leaf_count=239 179 217 690 826 370 221 223 443 373 237 440 365 703 3001 356 230 230 1395 389 238 426 350 338 211 246 599 336 443 295 367 362 320 451 1917 199 210 287 192 361 327 465 243 8978 326 210 388 342 550 213 775 292 1124 300 793 210 907 207 411 537 641 540 217
internal_value=-0.000146687 -0.00178065 -0.00127058 -0.00546487 0.00356069 -0.000126827 -0.000344831 -0.000707615 -0.00488524 0.000429529 -1.25243e-05 -0.000453419 -0.000123001 0.00407874 0.00121095 -0.0118784 0.00640978 -0.00122994 -0.00976921 0.000908342 0.00314223 -0.00532844 -0.00726773 -0.00643802 -0.00733735 -0.00826021 -0.00467363 -0.0132979 -0.0104049 -0.00665421 0.0104844 0.0095955 -0.00653936 -0.00506783 0.000989609 -0.00443793 -0.00830184 0.0084561 0.00964396 -0.000625703 0.000314445 -0.00547614 -0.000160338 -0.00848931 -0.00114415 -0.00724732 -0.00352661 6.74429e-05 -0.0119436 -0.00834241 -0.00878129 0.00842595 0.00710824 0.00183783 0.0112851 0.0127006 0.00862461 0.00130736 0.0139243 -0.0145946 -0.00933579 0.000449404
internal_weight=8152.41 5658.51 5386.43 1154.12 2493.89 4232.31 4183 4047.41 865.982 3181.43 3076.57 2975.81 2919.82 2404.09 1077.94 272.084 1326.15 805.452 161.299 644.153 523.47 166.933 993.392 946.93 904.682 858.496 501.474 357.022 295.089 232.963 135.591 700.999 787.511 697.144 242.65 200.529 454.494 656.479 612.919 2834.41 2374.22 460.19 2298.51 183.413 294.611 427.071 291.319 158.227 159.714 224.161 120.683 272.49 356.537 245.648 543.945 495.069 309.152 129.858 179.294 241.436 147.681 71.1299
internal_count=38271 26416 24609 6069 11855 18540 18323 17740 4210 13530 13087 12647 12410 11485 5109 1807 6376 3746 745 3001 2471 776 5243 4905 4694 4448 2531 1917 1474 1179 583 3375 3837 3386 1182 983 2204 3145 2953 12045 10096 1949 9769 791 1246 2195 1505 773 812 1163 530 1363 1695 1036 2633 2423 1516 618 898 1628 987 447
is_linear=0
shrinkage=0.03


Tree=78
num_leaves=63
num_cat=0
split_feature=83 5 5 29 58 12 4 4 52 38 74 25 70 29 47 64 63 64 64 64 70 60 64 57 56 10 67 51 59 81 33 40 83 53 29 70 57 57 57 50 47 70 81 38 25 25 12 47 70 43 18 64 68 33 38 4 43 51 4 33 10 56
split_gain=70.0542 28.943 29.493 26.3655 32.6221 25.8938 21.1517 26.9977 24.0818 22.3668 21.0504 19.5143 20.2336 18.4059 20.7235 17.6317 22.748 22.1854 42.9624 36.9387 34.9719 32.7976 26.3901 22.3423 19.9535 23.3588 17.3819 20.6191 18.4426 17.5793 20.0178 16.6774 25.2627 16.3973 16.0877 19.5188 15.4822 15.4518 16.836 15.9405 19.6798 23.5035 17.248 15.0487 14.6331 19.6943 14.4293 13.8338 13.6823 20.8487 13.5581 15.4446 13.332 13.2119 16.4016 13.0278 16.71 14.7057 18.9784 16.2921 12.7563 12.6586
threshold=0.4908346831798554 0.00069463954423554252 -0.00029162497958168382 -1.0759288668632505 -0.72408130764961232 0.033371675759553916 -0.00038269416836556042 0.00059412678820081066 0.16239389777183535 -0.039231697097420686 0.61154052615165722 63.619501113891609 5716.5000000000009 -0.080209475010633455 0.99838799238204967 -0.85828685760498036 -0.36852931976318354 0.66098293662071239 0.69934985041618358 0.52435624599456798 4870.5000000000009 7.030729055404664 0.90352019667625438 29.415114402771 5.5882034301757821 0.12690073251724246 67.500000000000014 0.020234299823641781 -0.52983725070953358 0.1040649749338627 1449.4182128906252 6.871852159500123 1.1353052258491518 1.4106180071830752 -0.44951908290386194 31462.500000000004 40.225034713745124 14.480782508850099 18.330966949462894 1.0018532872200014 0.99790814518928539 10869.500000000002 0.14953747391700747 -0.50138476490974415 70.531055450439467 82.369579315185561 0.015607405453920366 1.000610411167145 7065.5000000000009 -9.8136000633239728 24.917943000793461 0.8102954924106599 0.6078576147556306 416.94113159179693 -0.20560628175735471 -0.00090866896789520968 -4.9328091144561759 0.037569848820567138 4.9026672058971606e-05 490.39440917968756 0.14628829807043078 6.7973654270172128
decision_type=2 2 2 2 2 2 2 2 2 2 2 2 2 2 2 2 2 2 2 2 2 2 2 2 2 2 2 2 2 2 2 2 2 2 2 2 2 2 2 2 2 2 2 2 2 2 2 2 2 2 2 2 2 2 2 2 2 2 2 2 2 2
left_child=1 2 10 11 -5 15 -4 8 26 -10 33 12 -2 -3 -15 16 -6 19 -19 23 -20 22 60 37 -25 36 27 -8 -28 30 -29 32 52 34 50 55 -26 -17 -39 40 -40 47 -43 -27 46 -46 48 -42 -18 -50 51 -1 -24 -45 -55 56 -36 -57 -59 -60 -22 -23
right_child=3 13 6 4 5 -7 7 -9 9 -11 -12 -13 -14 14 -16 17 44 18 20 -21 21 61 31 24 25 43 28 29 -30 -31 -32 -33 -34 -35 35 -37 -38 38 39 -41 41 42 -44 53 45 -47 -48 -49 49 -51 -52 -53 -54 54 -56 57 -58 58 59 -61 -62 -63
leaf_value=0.00091400087918275556 -0.022702503800507867 0.015267200449061069 -0.0012816591979319097 0.015470581097192841 0.017080028457919828 -0.018301917166241799 0.017672542934269321 -0.0011508358517530811 0.0086985895715532852 -0.0076015697509067524 -0.0099106442458933817 -0.030338454451717987 -0.0029093762864279699 -0.013453575232315782 -0.001307626727276936 -0.01325114211489257 -0.0093810051116202924 0.028467982653992197 -0.017168142422271736 -0.020873314088685441 -0.0063270038929016644 0.027455752601695697 -0.0039186810890464293 -0.01759915282318214 -0.0069268488052375626 -0.020846481070462664 0.028912344913996964 -0.0040267905730470115 0.010575894443809068 -0.01337071610395742 0.021422815068519695 0.015469177693853942 -0.017200788448852894 0.01184361548024556 -0.01311971138270995 -0.014689901766678535 0.008378690545920579 0.012953947785822094 0.010206250343206529 0.013754636797496474 -0.018556857540583206 0.013554321656251809 -0.010368399079109187 -0.01461535194903835 0.018842799281191841 -0.0010584853491156206 -0.013496509091254346 -0.0025666770396359337 0.02357769006705682 -0.00442808853998263 -0.013816823727593942 -0.015518477486743606 0.014722073056601587 0.012663833756711623 -0.0077244106337760838 -0.0013494383688625428 0.006321824127931139 0.011695218010655163 -0.013437868523262725 0.0070056976646791173 -0.028190080700563929 0.0069251713078631125
leaf_weight=383.80788284540176 65.314000904560089 47.394884064793587 343.65931624174118 89.105582296848297 80.861799485981464 95.725849293172359 63.462475717067719 327.77380158007145 151.33230458945036 151.72367517650127 158.47094014286995 44.539248257875443 161.21403237432241 162.90872384607792 564.57202981412411 70.476108334958553 69.417003631591797 47.671722590923309 101.35594360530376 130.49477390944958 58.989740431308746 51.841368392109871 67.238568678498268 146.57625059038401 102.96483142673969 88.543890953063965 51.603296175599098 77.681836143136024 1138.9643519297242 75.370203338563442 43.332497164607048 69.813197635114193 63.531167194247246 128.15424610674381 82.360411256551743 52.96612723171711 140.84328369796276 97.917333833873272 82.298232533037663 59.501475803554058 125.28249626606703 72.242449834942818 43.431047946214676 110.72642167657614 69.980635248124599 124.14313994348049 103.23958357423544 79.65342852473259 43.208564922213554 53.601496815681458 94.303332090377808 59.450453251600266 70.988075792789459 52.273849673569202 110.74414967745543 194.38212398439646 76.975454017519951 395.37318058311939 57.211539924144745 90.709658265113831 40.514472976326942 56.471658304333687
leaf_count=1655 439 204 1540 397 383 571 319 1430 695 671 686 315 1073 730 2441 341 321 226 485 625 269 244 296 708 467 504 248 357 5442 342 226 333 338 554 349 233 647 447 382 311 587 337 216 614 320 590 492 389 193 248 405 261 311 272 594 890 325 1741 247 396 231 260
internal_value=0.00026446 0.00247986 0.00346293 -0.00324181 -0.00239759 -0.00296978 0.0056135 0.00675204 0.00822932 0.000537985 0.000523555 -0.0121854 -0.00861626 -0.00284738 -0.00402754 -0.00242353 0.00239724 -0.00364865 0.00108985 -0.0056155 -0.00115754 0.00222754 -0.00201189 -0.00417632 -0.00766646 -0.00526438 0.00983638 0.00280659 0.0113707 -0.0019974 0.00508614 0.00283083 -0.00154235 0.00154697 0.00065989 0.00300677 0.00191487 -1.18935e-05 0.0016533 -0.000739669 -0.00288019 -0.00623939 0.00457224 -0.0100958 -0.000163812 0.00611583 -0.00468766 -0.0123419 0.000783294 0.00807154 -0.00348751 -0.00128995 0.00565452 -0.00661841 -0.00118665 0.00405171 -0.00372747 0.00573199 0.00826561 -0.000901268 -0.0152288 0.0167516
internal_weight=8116.68 4973.94 4199.07 3142.74 2871.67 2782.56 2424.9 2081.24 1753.47 303.056 1774.17 271.067 226.528 774.876 727.481 2686.84 544.452 2142.39 628.416 1513.97 580.744 479.388 371.075 1383.48 752.673 606.096 1450.41 259.847 1190.57 196.385 121.014 271.571 201.758 1615.69 1487.54 949.978 243.808 630.803 560.326 462.409 402.908 320.609 115.673 362.288 463.59 194.124 269.467 204.936 166.227 96.8101 537.562 443.258 138.227 273.744 163.018 897.012 159.336 737.677 543.294 147.921 99.5042 108.313
internal_count=38163 22387 19012 15776 13949 13552 11270 9730 8300 1366 7742 1827 1512 3375 3171 12981 2547 10434 2993 7441 2767 2282 1778 6816 3806 3098 6934 1244 5690 925 583 1278 945 7056 6502 4181 1114 3010 2669 2222 1911 1529 553 1984 2164 910 1254 976 762 441 2321 1916 607 1480 866 3948 674 3274 2384 643 500 504
is_linear=0
shrinkage=0.03


Tree=79
num_leaves=63
num_cat=0
split_feature=5 5 3 4 4 67 63 22 80 65 77 18 14 4 70 3 5 18 27 18 90 61 70 44 63 52 77 25 26 52 15 65 64 52 9 43 70 6 8 25 57 63 63 90 63 65 67 63 46 63 64 64 7 75 15 53 68 40 46 69 3 10
split_gain=47.4228 63.2972 47.7577 32.3341 26.7222 30.994 45.1717 72.5544 40.8449 33.1446 25.265 25.1657 25.6646 24.623 22.4534 22.382 22.3013 21.1407 20.1459 20.0086 19.6933 19.5684 17.0366 30.9383 17.1153 16.9194 16.9019 16.1038 22.3415 17.3848 15.8786 15.124 14.9657 13.9007 21.0374 24.8452 19.6504 18.3567 20.7039 18.0529 18.1278 20.8802 16.7032 22.5584 15.9701 28.1986 17.7983 22.2605 14.2823 13.6622 13.6362 13.3837 20.0285 13.153 13.0189 12.8329 12.6445 12.6352 13.8508 12.3688 12.3012 12.8464
threshold=-0.00088294071611016978 0.00057295709848403942 -0.00027783600671682501 0.00093668737099505972 -0.00098453013924881794 67.500000000000014 -0.7589854598045348 21.000000000000004 20.914029121398929 -755.49999999999989 -0.37425148487091059 69.837299346923842 0.024163309484720234 -0.00015031549264676866 6305.5000000000009 0.00063337388564832519 0.0034734148066490893 46.13335037231446 1.3126904964447024 55.870004653930671 -1.0563466548919676 4.901653766632081 31462.500000000004 -5.2829992771148673 0.45593219995498663 0.13762427121400836 -0.13984895497560498 31.680379867553714 1.7325391769409182 -0.024375540204346176 33.331230163574226 -821.49999999999989 -0.9543684422969817 -0.17387241125106809 -0.002117040334269404 4.2331948280334482 7027.5000000000009 0.0001072777740773745 -0.0038857274921610947 46.259965896606452 111.00484848022462 0.91964805126190197 0.7702331840991975 -1.6725233793258665 0.36040300130844122 -111.49999999999999 970.50000000000011 0.87985393404960643 0.99961522221565258 -0.3440686017274856 -0.90722548961639393 -0.33996844291687006 -0.00012446053005987776 0.03866205736994744 30.875649452209476 0.76020276546478283 -1.0000000180025095e-35 37.369119644165046 0.9993562400341035 7151.5000000000009 0.00074498850153759133 0.12378071248531343
decision_type=2 2 2 2 2 2 2 2 2 2 2 2 2 2 2 2 2 2 2 2 2 2 2 2 2 2 2 2 2 2 2 2 2 2 2 2 2 2 2 2 2 2 2 2 2 2 2 2 2 2 2 2 2 2 2 2 2 2 2 2 2 2
left_child=10 3 -3 4 -2 6 8 -8 21 -7 -1 12 15 17 49 22 18 20 19 -4 26 -6 33 -24 -25 55 32 -16 -29 -30 -28 -27 -12 34 35 -11 37 38 -35 42 41 51 50 -44 53 48 -47 -48 -46 -9 -38 52 -41 -40 -34 -21 -36 58 -53 -55 61 -33
right_child=1 2 16 -5 5 9 7 14 -10 11 13 -13 -14 -15 27 -17 -18 -19 -20 25 -22 -23 23 24 -26 31 30 28 29 -31 -32 60 54 36 56 -37 39 -39 44 40 -42 -43 43 -45 45 46 47 -49 -50 -51 -52 57 -54 59 -56 -57 -58 -59 -60 -61 -62 -63
leaf_value=-0.023577343491521973 -0.0072198971604545605 -0.016175927260331142 0.0099564298509365618 -0.010259240377980483 -0.01303183426676619 0.026058677896838255 0.031586910508799824 -0.021534575733063853 -0.027311681968152618 -0.0043010227884647907 0.010776565709112463 0.0099515947281825431 0.019299843345625064 -0.012562773813437879 0.015747387445447326 -0.009230986241207188 -0.02122939310516336 0.017599446486806752 0.0073908124483757455 -0.0083698524122607955 -0.0089644979084494095 0.012426957455872386 -0.023757456582058956 0.013314243979287516 -0.0080781399591320184 0.0080045200122709319 0.022782545638381162 0.017088681340497246 -0.017273303587345877 0.0034956291125920447 0.0019120260554206241 -0.0053975147560128955 -0.011800815787445813 -0.012873433859705611 -0.018113038054126906 0.020368851921588327 0.0060733157784637025 -0.0042663624013001217 0.026792673750635394 0.015921784864452393 -0.01373778035541906 0.020891585235907888 -0.010510482306548861 0.014410765756916129 -0.00013845539282629718 0.013619529384772552 0.0068916153544317056 -0.018188714988699561 -0.02421227977818587 -0.0031420094395197382 0.020688147720777515 -0.016526418064791187 -0.00020569388501505677 -0.00010491026463110781 -0.0012257667711520024 0.0044684628220408298 -0.0021724297406784704 0.012401135544138664 0.0010968620653672375 0.01446140898385034 -0.00057934548171381856 -0.013927318541378257
leaf_weight=63.402742192149162 206.28260977566242 236.87680180370808 108.10011601448059 163.27931216359138 56.747323051095009 65.665849566459656 68.839887857437134 63.559921368956566 101.25290139019489 68.951907709240913 65.963525198400021 637.65513156354427 88.347967967391014 257.34151250123978 71.310414850711823 130.98140367120504 51.702131532132626 46.226106904447079 213.33921766281128 89.722610756754875 348.84642268717289 52.136068359017372 56.684680342674255 67.601130694150925 67.039504945278168 68.112640485167503 48.636820428073406 46.741653278470039 71.65468455851078 73.459803283214569 100.81410331279039 410.9228944927454 150.40037553757429 55.48197840154171 53.754319906234741 78.64923120290041 78.299428299069405 284.25506358593702 44.395068734884262 147.6963574141264 44.166811257600784 75.668559864163399 56.001146003603935 78.530496768653393 43.174563616514206 160.31860611587763 104.54700224101543 45.804243072867393 45.609860464930534 84.897880904376507 215.86104077100754 62.663841962814331 130.57279722392559 84.794223889708519 345.36408808082342 319.96808817237616 268.4114623144269 46.241191938519478 111.64892126619816 137.6072673946619 224.30035739392042 259.10852461308241
leaf_count=429 894 1223 476 709 249 301 336 285 451 305 326 2870 389 1277 323 575 382 211 1002 390 1660 238 255 302 300 315 232 210 317 329 454 1848 930 240 245 348 368 1300 209 668 189 359 260 368 198 745 475 209 212 392 971 281 587 387 1721 1411 1198 219 512 635 1151 1490
internal_value=-0.000100856 0.000959726 -0.00353598 0.00285683 0.00332918 0.00383201 -0.00199432 0.0030798 -0.013596 0.0049383 -0.00506516 0.00454997 0.00337592 -0.0042044 -0.00168772 0.00288149 -0.00182043 -0.00226004 -0.0012279 -0.00247008 -0.00312608 -0.000841533 0.00346596 -0.00516492 0.00266267 -0.00344907 -0.000262231 0.00357485 -0.000949522 -0.00675966 0.00870406 -0.00562255 -0.00264776 0.00412044 -0.000535006 0.00884431 0.00518552 0.00219101 0.00473425 0.00806177 0.00478311 0.00620699 0.0127933 0.00403686 0.00620053 0.00240464 0.00666573 -0.000749063 -0.0125055 -0.0110165 0.016798 0.00397943 0.00835426 0.0118838 -0.00443393 0.00165686 -0.00483217 -0.00154022 -0.00523855 0.00890776 -0.00666039 -0.00869608
internal_weight=8106.39 6679.4 1982.15 4697.24 4533.96 4327.68 690.601 480.464 210.136 3637.08 1427 3571.42 2933.76 1363.59 411.624 2845.41 1745.28 1106.25 1693.57 1480.24 1060.03 108.883 2714.43 191.325 134.641 1372.14 711.179 263.167 191.856 145.114 149.451 962.444 561.728 2523.11 469.767 147.601 2053.34 1005.99 721.733 1047.35 618.658 574.492 428.692 134.532 666.251 399.454 310.67 150.351 88.7844 148.458 294.16 498.823 278.269 266.797 495.764 409.691 322.166 220.554 174.313 222.401 894.332 670.031
internal_count=38141 30901 9688 21213 20504 19610 3130 2192 938 16480 7240 16179 13309 6811 1856 12920 8465 5534 8083 7081 5323 487 12345 857 602 6605 3663 1179 856 646 686 4804 2977 11488 2096 653 9392 4610 3310 4782 2815 2626 1967 628 3070 1839 1429 684 410 677 1339 2267 1255 1231 2651 1801 1443 1012 793 1022 4489 3338
is_linear=0
shrinkage=0.03


Tree=80
num_leaves=63
num_cat=0
split_feature=83 41 69 26 29 60 53 80 63 42 70 42 70 51 29 17 57 38 9 5 5 53 39 80 14 7 33 80 34 63 70 47 65 69 10 90 52 54 14 65 43 39 90 26 14 25 54 42 69 70 42 23 33 70 44 69 42 57 81 29 61 57
split_gain=53.7228 27.2031 27.4517 24.7923 25.896 22.9719 21.1098 21.0832 22.6832 30.1293 28.353 24.8506 21.4172 19.7953 21.0844 22.3051 20.7007 22.0049 19.2601 18.9633 17.7757 17.5365 19.6133 17.2199 16.599 16.341 15.5923 25.0789 14.5407 14.503 14.4363 23.639 18.6013 19.8577 24.815 13.7413 13.6238 15.1271 15.0491 14.1847 21.8142 14.4169 15.0391 14.048 12.8966 13.402 21.0038 12.88 18.4793 12.8469 12.7725 16.1746 12.5329 20.3394 18.9435 18.1215 21.1924 16.9301 16.8631 12.5229 14.6542 12.4666
threshold=0.44630408287048345 -109.37187576293944 188.50000000000003 3.9163285493850712 -1.1352217197418211 12.915895938873293 1.4106180071830752 13.651201248168947 0.8537760078907014 -8.4992008209228498 11151.500000000002 13.351277351379396 9614.5000000000018 0.095589935779571547 0.60197338461875927 36.175458908081062 81.018753051757827 -1.0000000180025095e-35 0.0024723486276343469 -0.0022125089308246966 0.0018860552227124574 1.0355905890464785 0.96700704097747814 17.923728942871097 0.0091896699741482752 0.0038045068504288797 829.46362304687511 19.028816223144535 1.1233021616935732 0.99280729889869701 4198.5000000000009 1.0013149976730349 -749.49999999999989 1848.5000000000002 0.062386142089962966 2.6751756668090825 0.10555930808186532 -0.43528982996940607 0.0083703529089689272 -629.49999999999989 25.923850059509281 0.61516243219375621 -0.85107040405273426 0.93304955959320079 0.020101992413401607 42.469318389892585 -0.55879852175712574 73.234706878662124 1271.5000000000002 6837.5000000000009 -2.271442055702209 1.5000000000000002 1481.748962402344 4527.5000000000009 -3.8713417053222652 12956.500000000002 17.159036636352543 37.171674728393562 -0.29927958548068995 -0.54078143835067738 4.0708436965942392 63.917444229125984
decision_type=2 2 2 2 2 2 2 2 2 2 2 2 2 2 2 2 2 2 2 2 2 2 2 2 2 2 2 2 2 2 2 2 2 2 2 2 2 2 2 2 2 2 2 2 2 2 2 2 2 2 2 2 2 2 2 2 2 2 2 2 2 2
left_child=1 -1 -3 4 50 19 7 30 13 -10 12 -12 24 14 15 47 17 61 35 -6 21 22 36 -18 -11 29 27 -15 -22 -23 31 -4 -32 34 -34 -19 39 43 -39 40 -21 42 -41 -38 45 -35 -47 48 -9 -7 51 -2 54 -54 55 56 -50 -55 -56 -44 -61 -17
right_child=3 2 6 -5 5 49 -8 8 9 10 11 -13 -14 26 -16 16 23 18 -20 20 28 25 -24 -25 -26 -27 -28 -29 -30 -31 32 -33 33 44 -36 -37 37 38 -40 41 -42 -43 59 -45 -46 46 -48 -49 52 -51 -52 -53 53 57 58 -57 -58 -59 -60 60 -62 -63
leaf_value=0.024750608629750471 0.010885713258431622 0.023151602035189719 0.0052185506151766342 0.014636454168693575 -0.016826380111398559 0.0016613905787303486 0.0088788307987914313 -0.022587021514689113 0.025500525447397216 0.018201112323479238 -0.00053367598410854471 0.02101339601340569 -0.016074051848725436 0.019068989636040399 -0.011969256341404711 0.0048163830070687853 -0.020863691565811911 0.0025785666077195999 -0.01350379660130557 -0.013954838089643358 -0.013780959909829553 0.00081488619256787844 0.014360481321666774 -0.0015293661294785697 -0.00073295281808801978 0.01625222059221915 0.022021863077604151 -0.0089765231123995187 0.0057029723514492115 -0.011516622845017036 -0.0066248669348655453 -0.020833394578275585 0.013979733777567489 0.023333772696627279 -0.012797673750641683 -0.010826934074364603 0.011843184692219795 0.0010309604001534501 -0.018676831606776304 0.00071463672096804074 0.0095162460874730539 0.0068567271704221659 -0.019624291740501353 -0.0073950068843632762 -0.0015756218357425992 -0.0023365161048512014 0.017129992773825629 0.0096877842903829638 -0.028880270040638683 0.023337021521725815 -0.019482274364484121 -0.017190868230359275 -0.01298787409404482 0.00039544684772619418 0.0087738832882115515 8.0463110168960724e-05 -0.0071643364696951694 0.020888662921607157 -0.0059731364948058755 0.0071563883649544448 -0.012116920449022104 0.020238092786438941
leaf_weight=46.661322928965092 35.219561696052551 53.236011549830437 100.99170333147049 70.362620562314987 88.582240521907806 54.122844621539116 323.40786953270435 53.809927508234978 58.033887036144733 47.673081286251545 80.636050693690777 119.6575556024909 73.216935873031616 48.770924374461174 172.72433097660542 685.54228815436363 64.734306633472443 458.78680766373873 104.48981782793999 184.89177729934454 203.2923296391964 1082.5931868106127 49.16980604082346 115.30526959896088 331.00205688178539 57.237375199794769 53.96480093896389 69.71626852452755 41.512057833373547 93.227170795202255 72.025313884019852 45.45553894340992 56.743731364607811 115.72834146022797 69.0491603910923 80.962798312306404 42.216529525816441 43.367703452706337 178.01159676909447 347.62646497786045 44.147694706916809 167.3770389482379 71.517810955643654 179.02485491335392 48.020866334438324 73.972748428583145 153.18900467455387 52.948707908391953 87.93234546482563 45.128616973757744 128.34497226774693 38.822000406682491 62.477749034762383 110.62037144601345 88.869043782353401 62.780215665698051 74.892023414373398 53.988276034593582 324.99894723296165 59.595954596996307 87.832683354616165 50.663004651665688
leaf_count=257 235 242 484 352 511 248 1478 238 271 243 361 560 328 208 750 3108 279 2076 460 848 1399 4966 246 495 1475 275 230 303 256 453 336 208 290 576 300 365 205 190 914 1633 200 726 360 867 220 355 716 243 376 199 933 264 279 508 380 269 325 238 1405 263 391 225
internal_value=-0.000102976 0.00195732 0.00173108 -0.00298567 -0.00335883 -0.00268436 0.00148573 0.000932818 -1.52184e-05 0.00478651 0.0029433 0.0123388 -0.00122108 -0.00119976 -0.00182769 -0.00113636 0.00108661 0.00233445 -0.00171454 -0.00315089 -0.00273782 -0.00203294 -0.00426386 -0.00848114 0.00165074 0.000599131 0.00865521 0.00256739 -0.010477 -0.000162841 0.00556122 -0.00286767 0.00765792 0.00964885 -0.000718692 0.000567733 -0.00491536 -0.00927181 -0.0148161 -0.002913 -0.00943075 -0.000879039 -0.00316434 -0.00372404 0.0129851 0.0150243 0.0107909 -0.00470038 -0.00552813 0.0115171 -0.0137581 -0.0038356 -0.00446884 0.00158545 -0.00661881 -0.0136124 -0.0188919 0.0071168 -0.00280654 -0.00932308 -0.00432596 0.00587765
internal_weight=8140.9 4747.68 4701.02 3393.22 3322.86 3120.48 4647.78 4324.37 3589.2 710.22 652.186 200.294 451.892 2878.98 2706.53 2533.8 1560.48 1380.44 644.239 3021.22 2932.64 2687.84 1454.78 180.04 378.675 1233.06 172.452 118.487 244.804 1175.82 735.176 146.447 588.729 516.704 125.793 539.75 1405.61 442.621 221.379 962.989 229.039 733.95 566.573 221.241 390.911 342.89 227.162 973.318 920.369 99.2515 202.387 74.0416 866.559 227.086 639.473 225.605 162.824 164.609 413.868 218.946 147.429 736.205
internal_count=38394 21460 21203 16934 16582 15150 20961 19483 15998 3238 2967 921 2046 12760 12019 11269 7008 6234 2901 14703 14192 12537 6843 774 1718 5694 741 511 1655 5419 3485 692 2793 2457 590 2441 6597 2176 1104 4421 1048 3373 2647 1072 1867 1647 1071 4261 4018 447 1432 499 3780 1025 2755 970 701 746 1785 1014 654 3333
is_linear=0
shrinkage=0.03


Tree=81
num_leaves=63
num_cat=0
split_feature=83 5 4 5 4 2 63 1 18 31 14 25 63 32 63 7 69 60 49 56 32 65 43 51 63 65 56 42 12 43 38 18 51 57 23 80 43 13 70 31 5 63 57 53 70 14 51 6 70 69 41 31 25 18 51 56 78 34 18 25 59 76
split_gain=57.2119 28.7418 31.0563 32.34 32.5208 27.1594 25.2728 21.5129 20.1972 18.6411 18.4131 17.9645 17.6446 25.4121 24.3623 23.889 22.9568 26.9186 27.5727 24.5712 21.2489 19.3738 24.8321 21.7124 17.2806 16.7469 17.0335 21.3051 21.7282 25.6107 22.2702 27.7978 19.2938 19.2226 18.8368 17.0786 16.9303 16.5512 15.2646 15.0367 14.7671 14.5626 14.2763 14.2581 14.9476 14.4907 14.2221 13.9098 13.7709 13.6254 17.3261 16.9457 13.308 13.0113 12.9096 12.826 12.8097 12.664 12.4658 12.6083 16.3373 13.775
threshold=0.92666059732437145 -0.00059485959354788054 -0.00070061656879261125 0.0005241590552031995 0.00071046969969756912 0.00017723817290971058 0.95037782192230236 -0.00034640720696188504 75.288463592529311 0.2424999997019768 0.029873868450522426 91.88385391235353 0.2861058115959168 0.60250002145767223 -0.7589854598045348 0.0014357807231135669 3795.5000000000005 -1.3233081102371214 0.99848130345344555 8.4027581214904803 0.76749998331069957 -436.49999999999994 -10.018036365509031 0.057646151632070548 -0.86493045091629017 226.50000000000003 3.9943575859069829 9.840675354003908 0.0066738296300172814 -9.1848535537719709 -0.028451561927795407 30.420306205749515 0.028692115098237995 21.186041831970218 1.0000000180025095e-35 14.689742565155031 2.9585313796997075 0.011493323370814325 17833.500000000004 0.97750002145767223 -0.00020057092478964475 -0.20577672123908994 25.927378654479984 0.56017529964447033 29108.500000000004 0.0099671110510826128 0.036541057750582702 -0.00012194302325951865 7255.5000000000009 11990.500000000002 -34.065553665161126 0.82249999046325695 45.550985336303718 32.814605712890632 0.030916504561901096 9.8164830207824725 0.052972920238971717 0.82943594455719005 53.126302719116218 39.019817352294929 0.55299374461174022 0.054619116708636291
decision_type=2 2 2 2 2 2 2 2 2 2 2 2 2 2 2 2 2 2 2 2 2 2 2 2 2 2 2 2 2 2 2 2 2 2 2 2 2 2 2 2 2 2 2 2 2 2 2 2 2 2 2 2 2 2 2 2 2 2 2 2 2 2
left_child=1 7 -3 4 6 -5 11 53 -7 -8 12 25 14 15 24 49 17 -16 -19 37 -20 -21 -23 -24 57 26 34 35 32 33 -31 46 41 -30 -4 52 -33 -18 -11 -15 -38 47 -34 -37 45 54 -32 -29 -36 50 -14 -52 -28 -1 -45 -6 -10 -2 59 60 61 -9
right_child=10 2 3 5 55 8 9 58 56 38 -12 -13 13 39 16 -17 19 18 20 21 -22 22 23 -25 -26 -27 27 28 29 30 31 36 42 -35 48 43 40 -39 -40 -41 -42 -43 -44 44 -46 -47 -48 -49 -50 -51 51 -53 -54 -55 -56 -57 -58 -59 -60 -61 -62 -63
leaf_value=0.0015154141494070276 -0.0084452543750179309 -0.0068424755956217418 -0.0038360697273640324 -0.005225532289973198 -0.0093626625410530451 0.010967083880451641 0.024705646613380313 -0.015342822912385217 0.0064067563548619458 0.0041608528980889145 -0.018832524849191106 0.017156286464985255 0.019392730031685772 -0.012177451761899834 0.03282286013022221 -0.017220256558370572 0.02463948976484534 0.021505928401963335 0.013230494823019683 -0.020658990101625981 -0.014723985232152884 0.017718545234000536 0.0049099860086231463 -0.021574436702629679 -0.022467811962845464 0.01131184153261776 0.022453496946686431 0.0071356824647243336 -0.0040366128176111743 0.0042575973096458932 -0.0031057058706349758 0.0049731765290058306 0.028682081617385696 -0.026488349880894688 0.0087099659071223079 -0.0085170911062246984 -0.026475547160082727 0.00021402099279811497 0.023727302820412938 -0.030544486566160389 -0.0090857090144133151 0.013564511274708832 0.0059711073667958244 0.0070747403238030047 -0.007506288556786791 0.0047741034434800175 0.020182756628125523 -0.0091691956989601569 0.029234125139567944 -0.011163309183164336 -0.011042591726884472 0.01408945431479084 0.0017997770966742498 0.017917521230972979 0.026305069021727186 0.0079167588419200713 -0.0025208273833315729 0.008321224820610925 0.010356679276572019 -0.0083263198812241271 0.014343395830498739 -0.0014546917642038241
leaf_weight=374.72409184277058 194.92263439297676 314.79615205526352 45.338088020682335 668.18335364758968 194.5483056306839 207.93774448335171 95.393945664167404 75.770660400390625 210.43769066035748 156.98213689029217 86.242899186909199 98.0743597894907 59.860488668084145 185.48828618973494 37.864632740616798 76.783571600914001 39.007103629410267 57.114461831748486 38.818901538848877 76.463898427784443 66.217847712337971 41.282164014875889 51.233457952737808 61.064086638391018 63.894846707582474 258.19483815133572 95.018528252840042 84.217065155506134 78.870508976280689 494.56774115562439 45.741506949067116 57.095910608768463 52.419849753379822 60.760529562830925 59.126969009637833 66.984511330723763 57.43941493332386 69.374191805720329 46.517616003751755 51.185995824635029 187.12192393839359 75.732422396540642 47.468485996127129 62.402640834450722 62.929803721606731 327.55518033355474 48.757547095417976 106.81650134921074 58.564336776733398 51.185652926564217 60.370576076209545 40.241051875054836 39.854175433516502 49.248184606432915 63.276642292737961 48.249466255307198 462.68047469109297 51.192651569843292 48.800834134221077 555.14163067936897 50.501662909984589 423.68586727231741
leaf_count=1653 1132 1366 208 3011 835 905 567 338 925 680 556 433 314 1052 207 446 187 308 183 404 363 206 252 345 359 1215 482 397 359 2212 202 261 256 267 279 302 249 371 201 403 828 375 219 294 273 1465 210 500 282 277 320 243 195 210 298 210 2116 303 208 2534 224 1897
internal_value=-1.06444e-05 0.00117514 0.00228135 0.00288917 0.00462256 -0.000664363 0.00549596 -0.00235831 0.00279478 0.013763 -0.00538631 0.00455797 -0.00454206 -0.00886409 -0.00186711 -0.00288603 0.00199022 0.0100478 0.00472955 -0.00277199 -0.00439272 -0.00832049 -0.00217742 -0.00949146 -0.0085667 0.0040708 0.0032501 0.00252988 0.000371277 -0.00186059 1.20633e-05 -0.00528813 0.00664317 -0.0138065 0.0125937 0.00672975 -0.00973597 0.0090049 0.00863351 -0.0161497 -0.01317 0.00243209 0.0178895 0.00450465 0.00619452 0.00809683 0.00891016 -0.0019812 0.018923 0.00231404 0.00661289 -0.000990672 0.0163504 0.00342067 0.0167568 -0.00592885 0.000270213 -0.00495778 -0.00448165 -0.0051369 -0.00191742 -0.00356161
internal_weight=8077.74 6617.93 5040.06 4725.26 3176.02 1549.24 2933.22 1577.87 881.056 298.894 1459.81 2634.33 1373.57 525.116 848.451 288.441 538.441 200.016 162.151 338.425 105.037 230.044 153.58 112.298 310.01 2536.26 2278.06 2115.03 1397.01 1030.36 890.724 396.156 366.654 139.631 163.029 718.021 301.657 108.381 203.5 236.674 244.561 266.766 99.8883 583.149 516.164 453.234 94.4991 191.034 117.691 211.658 160.472 100.612 134.873 423.972 125.679 242.798 673.118 246.115 1153.9 1105.1 549.958 499.457
internal_count=38172 29941 22877 21511 14554 6957 13509 7064 3946 1448 8231 12061 7675 3055 4620 1600 2826 1061 854 1765 546 1207 803 597 1794 11628 10413 9644 6335 4588 3962 1750 1747 626 769 3309 1338 558 881 1455 1077 1272 475 2632 2330 2057 412 897 561 1154 877 563 677 1863 592 1045 3041 1435 5201 4993 2459 2235
is_linear=0
shrinkage=0.03


Tree=82
num_leaves=63
num_cat=0
split_feature=10 33 5 29 4 4 4 80 64 70 66 66 14 25 39 59 33 70 39 78 81 38 10 57 25 40 9 66 60 16 25 32 66 12 69 25 39 61 12 69 69 56 69 5 70 59 64 65 13 68 44 69 61 57 80 33 39 64 67 69 14 16
split_gain=44.6108 32.7987 24.5081 38.0945 24.7505 23.8632 28.6745 21.2902 20.0406 23.9944 28.7969 24.7814 26.8884 23.9405 25.1171 20.1682 19.6589 19.5016 19.21 18.588 18.7926 18.9351 18.4275 23.2889 18.3485 25.5046 17.2687 16.2897 16.1935 16.0957 15.6729 18.985 17.9315 16.9554 22.4305 22.6538 18.6859 15.6117 15.5529 16.4596 16.4996 15.0889 14.8432 14.5417 14.4846 25.4009 20.0909 17.4445 27.3243 15.9338 18.1099 14.3582 20.0574 14.1301 15.2566 13.7121 13.6117 13.4043 28.5606 22.9802 18.3065 16.7094
threshold=0.13414333760738376 351.47776794433599 0.0005241590552031995 -0.52381286025047291 0.00017595826648175719 0.00048549716302659368 -0.00041871597932185972 19.109164237976078 -0.73283809423446644 7457.5000000000009 545.50000000000011 -243.49999999999997 0.019580336287617687 30.563585281372074 0.39777892827987676 0.91090303659439098 759.31472778320324 9803.5000000000018 0.55455225706100475 0.045054422691464431 -0.1723615303635597 1.2895105481147768 0.21497936546802524 28.093923568725589 47.743316650390632 -9.5931386947631818 0.0022198752267286186 505.50000000000006 7.4938466548919687 68.468105316162124 89.392547607421889 0.64749997854232799 102.50000000000001 0.010746670886874201 4531.5000000000009 71.374774932861342 0.38474601507186895 8.3603854179382342 0.0060640671290457257 3339.5000000000005 1425.5000000000002 8.5384731292724627 4296.5000000000009 -2.6755466933536806e-05 7789.5000000000009 0.50318977236747753 0.33586180210113531 -381.49999999999994 0.011533594224601986 0.6078576147556306 -1.4467020034790037 1566.5000000000002 -0.90437704324722279 55.657148361206062 38.072927474975593 1529.8081665039065 0.62818172574043285 0.92961356043815624 67.500000000000014 2921.5000000000005 0.0073311445303261289 44.25709533691407
decision_type=2 2 2 2 2 2 2 2 2 2 2 2 2 2 2 2 2 2 2 2 2 2 2 2 2 2 2 2 2 2 2 2 2 2 2 2 2 2 2 2 2 2 2 2 2 2 2 2 2 2 2 2 2 2 2 2 2 2 2 2 2 2
left_child=2 7 3 19 27 6 43 22 13 -10 11 12 -11 26 42 17 41 -16 -6 20 21 44 23 -2 37 -26 -3 -4 30 -7 31 33 -32 34 38 -36 -35 57 -27 40 -40 -12 -15 -5 46 47 49 -46 -49 50 -1 -47 -53 -28 -55 -30 -31 58 60 61 -8 -60
right_child=1 8 4 5 18 29 24 -9 9 10 16 -13 -14 14 15 -17 -18 -19 -20 -21 -22 -23 -24 -25 25 28 53 -29 55 56 32 -33 -34 36 35 -37 -38 -39 39 -41 -42 -43 -44 -45 45 51 -48 48 -50 -51 -52 52 -54 54 -56 -57 -58 -59 59 -61 -62 -63
leaf_value=-0.018259193489567706 0.014432314973574211 0.028551317087440364 -0.011939617573593249 0.0019642781998097602 0.018950190457879369 -0.0099693361890097719 0.0065927332823734076 -0.0123878803223278 -0.008539711777348245 -0.0028152022497609499 0.012695136064556037 -0.0094960552259863006 0.023557595977098906 -0.00033542829529355738 -0.010276179572353647 0.020304056301722519 0.024549016145117605 0.014416690268646217 -0.00076219711743937132 0.012839787022256743 -0.01413005257103739 -0.01892909437697585 0.015462252339756658 -0.01045875653456394 -0.011714832442392055 0.0072116895297787455 -0.00457709183488921 0.0073836675108257593 0.023229094475989996 0.016819741421838095 0.024115042832559573 0.011672356244143705 0.0037859227198111453 0.0053416030919018111 0.0015980067070366503 0.018829596822592939 -0.015057948111195632 0.019073648259986597 -0.010783943847834619 -0.019709782407383997 0.012370096862641844 -0.011411792644075651 -0.023179540395877746 -0.0079922162875381841 0.0011697909811075127 0.010803067297871683 -0.013246120655577957 0.037470745405915273 0.005285801017608476 0.010731754971106528 0.0050323432479275508 0.0069390524742105227 -0.016823351125874301 0.027120880821786271 0.002038766679022138 0.0054006136986360182 -0.0013827770497723943 0.018581626118085757 -0.012723784578895846 0.011842630234886074 -0.019718101124951978 0.007458172505326514
leaf_weight=57.324753753840923 42.290555402636528 45.226664073765278 286.92504953593016 695.64954341948032 46.716931864619255 170.85879081487656 41.619633384048939 490.03565024584532 452.21124371886253 107.8233675211668 58.347620248794556 245.99699414521456 51.369513280689716 45.635728433728218 79.707978017628193 56.058600313961506 63.004423141479492 45.056763857603073 934.59658325463533 63.84306513518095 137.42206387221813 55.825227655470371 46.056667402386665 169.10708882659674 85.403369456529617 86.352876856923103 55.373857259750366 45.488825410604477 77.452074959874153 45.646090686321259 68.858837187290192 161.40217599272728 90.206376232206821 62.735314086079597 164.26962332427502 117.97991934418678 113.57305608689785 133.72416530549526 66.995512574911118 69.708996385335922 47.222974836826324 38.97794471681118 58.304067172110081 162.94546160101891 77.149217501282692 43.974576085805893 153.94314640760422 44.64847394824028 50.696294888854027 88.170815005898476 63.132182247936726 48.268084354698658 94.67709955573082 44.414124689996243 42.915132604539394 77.851482719182968 194.60093741118908 97.092389799654484 66.147292584180832 533.28359945118427 55.587757229804993 83.563742741942406
leaf_count=258 195 210 1264 3072 204 749 200 2815 2422 603 295 1288 250 222 391 266 293 220 4175 277 614 258 214 774 397 412 252 205 347 199 309 733 416 277 786 544 501 634 314 317 224 210 275 722 368 214 711 201 226 407 293 225 448 205 218 383 865 474 300 2515 250 394
internal_value=1.37623e-05 -0.00358968 0.00138908 0.00243128 -0.00222036 0.0038687 0.00475334 -0.00871806 -0.00101766 -0.00338846 0.000730683 -0.00352774 0.00569496 0.00408679 -0.00139792 0.00535712 0.0114927 -0.00135875 0.000176241 -0.00281108 -0.00390282 -0.00209589 -0.00173297 -0.00547924 0.0064991 0.00412749 0.0123976 -0.00929534 0.00525067 -0.00293035 0.00391251 0.0023627 0.0125863 0.000301063 0.00288581 0.00880079 -0.00779923 0.00952516 -0.00329111 -0.00822211 -0.00121104 0.00304054 -0.0131496 7.47196e-05 -0.000794315 0.00347354 -0.00502501 0.0117757 0.0203575 0.00104122 -0.00605196 -0.00418785 -0.00879954 0.007278 0.0147951 0.0142919 0.00207564 0.0080697 0.00676155 0.00892697 -0.00845304 -0.00145888
internal_weight=8101.45 2237.91 5863.53 4549.81 1313.73 3570.73 3159.63 747.49 1490.42 1017.73 565.52 405.19 159.193 472.693 284.763 180.823 160.33 124.765 981.314 979.075 915.232 777.81 257.454 211.398 2301.03 1290.01 187.93 332.414 1204.61 411.106 1049.31 890.24 159.065 728.838 552.53 282.25 176.308 1011.02 270.28 183.927 114.218 97.3256 103.94 858.595 721.985 359.414 362.571 172.494 95.3448 208.628 120.457 186.92 142.945 142.703 87.3293 155.304 240.247 877.294 780.202 682.995 97.2074 149.711
internal_count=38300 11618 26682 20834 5848 16334 14521 3998 7620 5361 2939 2141 853 2259 1374 877 798 611 4379 4500 4223 3609 1183 969 10727 5960 885 1469 5563 1813 4833 4108 725 3375 2597 1330 778 4767 1267 855 538 505 497 3794 3351 1682 1669 795 427 958 551 887 673 675 423 730 1064 4133 3659 3209 450 694
is_linear=0
shrinkage=0.03


Tree=83
num_leaves=63
num_cat=0
split_feature=83 80 17 56 38 33 5 80 61 63 9 47 67 12 26 13 47 63 64 14 12 14 32 41 40 31 47 64 64 90 42 26 64 63 40 67 14 69 40 41 56 83 41 23 69 33 7 67 47 40 14 10 54 41 64 64 29 32 29 47 61 14
split_gain=47.9392 32.5056 24.0556 26.9581 29.2128 26.8867 19.9396 25.4393 19.8939 22.2104 21.7886 22.5906 29.7137 19.4435 18.9521 18.7839 19.7721 18.279 17.8676 18.0146 25.7788 18.1683 17.6999 21.6526 18.0426 17.5669 18.8551 18.0364 17.3241 17.487 16.7417 16.2216 19.9368 16.0969 16.3364 18.6927 16.0581 25.5185 15.7213 22.1036 23.7316 26.36 17.5948 24.617 24.9401 15.7072 15.4326 16.2721 15.2962 15.5299 15.1571 16.4269 14.754 16.1774 14.5179 13.9033 13.2942 12.9819 20.2098 21.6657 17.526 12.9565
threshold=1.0874727964401247 13.651201248168947 86.47769927978517 11.196866989135744 1.0233610868453982 490.39440917968756 -0.001197992358356714 18.480670928955082 -5.1801528930664054 -0.99428912997245777 0.0023885284317657356 1.0066549181938174 470.50000000000006 0.016891034319996837 1.954026520252228 0.024136655032634739 0.99846771359443676 0.2861058115959168 -0.99115538597106922 0.025813775137066845 0.016171379014849666 0.01092988019809127 0.94749999046325695 -17.123537063598629 -10.458067893981932 0.68750000000000011 0.99846771359443676 0.66098293662071239 -0.84455960988998402 0.44417287409305578 1.0000000180025095e-35 1.7325391769409182 -0.90164175629615773 -0.56820151209831227 12.581345081329347 480.50000000000006 0.029873868450522426 2453.5000000000005 -19.907259941101071 -61.031616210937493 8.9936437606811541 0.070900570601224913 -28.846224784851071 3.5000000000000004 3967.5000000000005 2537.9277343750005 0.00067541765747591864 640.50000000000011 0.9967436194419862 -20.17571926116943 0.013882819563150408 0.11701963096857072 -0.55879852175712574 -18.78262901306152 0.56820151209831249 -0.084981974214315401 -0.0606959331780672 0.46250000596046453 0.037238454446196563 1.0000959038734438 4.376544952392579 0.013995205517858269
decision_type=2 2 2 2 2 2 2 2 2 2 2 2 2 2 2 2 2 2 2 2 2 2 2 2 2 2 2 2 2 2 2 2 2 2 2 2 2 2 2 2 2 2 2 2 2 2 2 2 2 2 2 2 2 2 2 2 2 2 2 2 2 2
left_child=1 38 3 5 33 6 7 -3 -7 14 11 45 -13 31 -10 16 22 36 -8 20 21 28 23 24 48 26 -4 30 -20 52 -28 32 -2 55 35 -35 37 -15 -1 -40 42 -42 -41 44 56 -11 -47 -48 49 -12 51 -34 -30 -54 -46 -5 -44 58 59 -23 -60 -26
right_child=13 2 25 4 -6 8 18 -9 9 10 15 12 -14 17 -16 -17 -18 -19 19 -21 -22 57 -24 -25 61 -27 27 -29 29 -31 -32 -33 50 34 -36 -37 -38 -39 39 40 41 -43 43 -45 54 46 47 -49 -50 -51 -52 -53 53 -55 -56 -57 -58 -59 60 -61 -62 -63
leaf_value=0.018597790310830732 0.014247951269492949 0.0021461434725367616 -0.017438637765272082 -0.013571477738568819 -0.0091350254486132799 0.020008931173994333 0.014857013680304501 -0.019121803809390988 -0.022419987147530095 0.0027152267918961622 0.0058797406219742157 0.0079938569765924793 -0.023467408878700566 0.016407466831904579 -0.00036172587805977655 0.01265267307359773 0.0055313149389067959 -0.020876176408687649 -0.023269746890111579 0.010658049362539406 -0.012119218265261949 0.023259547594428741 0.010057741522789836 -0.020943532041349227 0.01590110264171396 -0.014890509143591888 0.010499097838721711 0.015572025249489078 -0.022224768705834255 0.0052330537255876573 -0.0072962288089325061 -0.0081551536133653048 0.0094623688506865426 0.025665805242645993 -0.00068789360751901933 0.010004258620146773 -0.02075923144509793 -0.0085939079311110177 -0.014920324998469438 0.018373818801808814 0.0086879147660653966 -0.015147629491884449 0.0024921301743324993 0.02335363681518542 0.0045790169344660124 0.017974288212186721 -0.011774241963891071 0.013600130563307035 -0.024046102704900197 -0.014265482393462212 0.010348785542733736 -0.0096861368355794352 0.0096684111358844999 -0.014259781310014381 0.023829277784796581 0.0091862541760270987 -0.017624768927230392 -0.0035608818444890999 0.010863378221110317 0.0021093092996261622 -0.010577107813131247 -0.0048493471605250025
leaf_weight=86.970077462494373 82.511256620287895 77.691735908389091 64.061830192804337 50.407508924603462 96.967266790568829 50.93550132215023 54.320483304560184 145.24682408571243 65.052506282925606 2263.0694876611233 60.126143246889114 46.29256708920002 64.887855246663094 47.261843025684357 76.023315355181694 60.579961687326431 128.59575545787811 121.38522031158209 49.206682577729225 84.02543231844902 255.08471447229385 88.602142184972763 45.316738098859787 112.45151519030333 47.877857595682144 144.24780838191509 62.843472167849541 57.720647640526295 58.738644301891327 111.06019857525826 195.90946669876575 296.12589381635189 50.743239410221577 85.718243390321732 93.784748375415802 343.19971587508917 58.679800167679787 165.08048267662525 46.453898295760155 148.30167324841022 82.625620037317276 84.425287202000618 55.999922588467598 62.02408117800951 138.55932094156742 125.84928166121244 42.586755990982056 48.820108011364937 57.299542397260666 80.61933821439743 66.852174438536167 196.30614054948092 46.672897592186928 55.868112608790398 47.29411393404007 46.39946523308754 62.632153481245041 214.9810301810503 55.855594530701637 85.801803424954414 88.965100169181824 62.348611682653427
leaf_count=436 431 366 303 221 428 231 240 770 291 10118 263 193 279 275 338 266 585 836 219 374 1141 387 197 499 216 757 287 258 258 480 893 1671 251 376 413 1526 396 997 226 728 428 360 258 294 640 678 208 233 256 360 389 1175 209 248 222 207 287 937 247 380 393 276
internal_value=-2.2946e-08 0.000913405 0.000167458 0.000740328 0.00617648 -5.27887e-05 -0.00344544 -0.0117101 0.0013996 0.00111981 0.00162616 0.0028619 -0.0103678 -0.00586595 -0.0105332 -0.00326147 -0.00488276 -0.0112012 -0.00197045 -0.00273546 -0.00374856 -0.00125342 -0.00775635 -0.00967513 -0.00556463 -0.00597551 -0.00259614 0.000408334 -0.00688768 -0.00392775 -0.00297427 -0.00284286 0.00112549 0.00857308 0.0106542 0.0131342 -0.00686803 -0.00302926 0.00654228 0.0051027 0.00646683 -0.00335825 0.00965497 0.00612704 0.00261796 0.00345492 0.01116 0.00177813 -0.0109792 -0.00565949 -0.00232384 -0.00575309 -0.0102361 -0.00336855 0.00947763 -0.00266372 -0.00812865 0.00213793 0.00597578 0.0128542 -0.00230777 0.0041638
internal_weight=8052.35 6967.4 6152.11 5627.33 716.477 4910.85 1472.12 222.939 3438.73 3387.8 3246.72 2591.51 111.18 1084.95 141.076 655.215 594.636 392.407 1249.18 1194.86 1110.84 855.752 466.04 420.723 308.271 524.783 380.535 316.474 321.547 272.34 258.753 692.539 396.413 619.51 522.703 428.918 271.022 212.342 815.286 728.316 681.862 167.051 514.811 366.51 304.486 2480.33 217.256 91.4069 198.045 140.745 313.902 247.049 161.28 102.541 185.853 96.807 118.632 534.206 319.225 174.404 144.821 110.226
internal_count=38105 31684 27805 25307 3171 22136 6649 1136 15487 15256 14627 11709 472 6421 629 2918 2652 2504 5513 5273 4899 3758 2067 1870 1371 2498 1741 1438 1414 1195 1180 3917 2246 2743 2315 1902 1668 1272 3879 3443 3217 788 2429 1701 1407 11237 1119 441 879 623 1815 1426 715 457 862 428 545 2344 1407 767 640 492
is_linear=0
shrinkage=0.03


Tree=84
num_leaves=63
num_cat=0
split_feature=31 65 64 41 52 64 31 63 22 63 32 26 26 41 29 56 13 26 52 80 27 70 44 91 70 26 26 52 90 29 64 64 56 67 42 44 44 80 13 81 52 26 16 56 44 70 63 59 25 41 78 52 25 56 47 70 32 29 65 50 41 65
split_gain=42.1802 32.9539 43.9153 32.7263 28.8086 23.9455 23.416 22.8194 24.6686 21.8597 26.7875 23.6188 19.1149 18.8869 21.4232 23.7816 20.9093 18.8522 21.25 18.0549 16.632 18.6492 16.4428 18.8551 23.5396 25.911 16.2714 16.2641 16.5076 19.5301 15.7658 28.9651 53.9813 25.5304 22.197 19.4501 30.4111 19.3918 18.8978 18.3407 22.5151 21.4135 19.93 17.7852 19.7342 16.9317 16.6658 16.122 24.3489 15.4615 18.882 26.4411 15.5004 32.4906 19.2982 15.4485 30.0273 23.9957 23.339 19.4562 26.2132 21.1686
threshold=0.2624999880790711 354.50000000000006 0.98120620846748363 -109.37187576293944 -0.43887495994567866 -0.87142586708068837 0.97750002145767223 0.95037782192230236 2.5000000000000004 0.041439602151513107 0.17249999940395358 1.6083652973175051 0.48163785040378576 -63.824895858764641 -1.1352217197418211 17.858819961547855 0.016746911220252517 2.9903488159179692 0.24994840472936633 25.862748146057132 0.20964537560939792 9236.5000000000018 4.7773709297180185 0.68228107690811168 11339.500000000002 1.1855916380882265 3.478665947914124 0.01689535100013018 -2.0607098340988155 -0.80565619468688954 0.50188699364662182 0.65110388398170482 6.0672099590301523 163.50000000000003 83.774307250976577 -2.7720113992691036 1.2458220124244692 27.966105461120609 0.0099731707014143484 0.24521442502737048 0.037152120843529708 1.7579857110977175 24.544329643249515 6.7973654270172128 6.4287309646606454 6989.5000000000009 -0.97485619783401478 -0.16057708859443662 64.378673553466811 -12.835771083831785 0.051928563043475158 -0.23062428832054135 72.218990325927749 10.287629127502443 1.0034896135330202 6685.5000000000009 0.61750000715255748 0.096103176474571242 -623.49999999999989 0.99888315796852123 -41.970575332641594 -571.49999999999989
decision_type=2 2 2 2 2 2 2 2 2 2 2 2 2 2 2 2 2 2 2 2 2 2 2 2 2 2 2 2 2 2 2 2 2 2 2 2 2 2 2 2 2 2 2 2 2 2 2 2 2 2 2 2 2 2 2 2 2 2 2 2 2 2
left_child=3 4 12 -1 -2 9 13 8 -5 49 -11 19 -3 27 -15 16 55 18 22 -12 21 -4 23 24 25 -18 -19 28 29 -7 33 -32 -33 -10 35 37 -37 39 46 40 41 42 -35 44 -40 -43 -38 -34 -49 50 51 -6 -51 54 -54 56 58 -58 -16 61 -61 -57
right_child=1 2 20 7 5 6 -8 -9 30 10 11 -13 -14 14 15 -17 17 26 -20 -21 -22 -23 -24 -25 -26 -27 -28 -29 -30 -31 31 32 47 34 -36 36 38 -39 43 -41 -42 45 -44 -45 -46 -47 -48 48 -50 52 -52 -53 53 -55 -56 59 57 -59 -60 60 -62 -63
leaf_value=0.027544203064882037 -0.018012776483212291 0.012077670697897174 -0.018958930027154451 0.015516590445438504 -0.0042997053547096722 -0.0058060423043296717 -0.016952404554883865 0.013646136863959447 0.013179811763912752 0.01075163690724743 -0.0082502278515109093 -0.017577370089126975 0.03854838272703652 -0.017984885232924706 -0.0093145069910959156 0.015916708449073266 0.012532094203357722 0.018547939275668474 -0.021888784738107799 0.010479065190453848 0.0090536959502213587 0.0058419637778002855 -0.015523441073383229 0.0051216278232827164 -0.020430716911032324 -0.0079973715824923873 -0.0045736714283880764 0.011740596383020104 -0.0092470441216239777 0.022156414599196435 -0.010145238415466166 0.024863847838566284 -0.02136960109335315 -0.0020848544877140867 0.021490811193485445 0.017065017594117264 -0.0087750121062231054 0.00958126875323515 0.0025796378689703944 -0.019914002139027449 0.0048851904073247479 -0.015250342908049018 -0.023396595635670869 0.0047842163293257195 -0.015411068401841695 0.0070101975385586379 0.012465055362834409 0.015731794061323353 -0.01307385805832722 -0.0080803636365284967 -0.002195800056321774 0.016943998067016793 0.0096693186958626692 0.027722548810461167 -0.013235723799040588 -0.0051661416112363211 -0.0059130868845508793 -0.023812997480164376 0.0022999512938241982 0.0085218659539128567 -0.0037174266125925529 0.010688176334975145
leaf_weight=49.052577391266823 99.061100900173187 51.814137607812881 60.164805307984352 115.41277545690536 66.444368816912174 45.066240049898624 102.03708682954311 162.5753855779767 185.24854788184166 93.912390001118183 118.1427640914917 126.12737836688757 46.662563964724541 84.327499113976955 223.40051969140768 60.794623784720898 69.920006945729256 45.235032178461552 93.656891144812107 76.200456045567989 103.17478292435408 49.936680607497692 150.71737010776997 141.39511850476265 97.97687192261219 265.18986348062754 69.446518145501614 149.72369381785393 108.31439674645662 44.854055136442184 265.99095200002193 76.992874026298523 43.733214110136032 63.190209299325943 47.658629730343819 132.22750383615494 41.190624415874481 94.232065707445145 92.030445575714111 66.521524518728256 193.65087827295065 44.040110796689987 105.30605219304562 165.00536917895079 135.91368053853512 101.91763618588448 172.40973306447268 49.211091816425323 56.9996567517519 123.25497344136238 103.03902503848076 255.47876653820276 66.511676765978336 45.215639069676399 65.911898240447044 105.1873290464282 178.94417681545019 108.13156699389219 513.93121256679296 189.85088009387255 923.91295427829027 271.24892125278711
leaf_count=278 673 249 280 561 322 234 775 886 885 408 526 585 223 591 1023 278 325 213 578 376 485 237 695 657 449 1209 322 672 480 192 1201 375 202 289 241 626 191 427 413 292 908 197 503 753 599 469 849 247 261 567 504 1123 302 229 285 469 800 504 2347 856 4234 1220
internal_value=1.21294e-05 -0.00142762 0.00805042 0.0032856 -0.00198697 -0.0016807 -0.00276352 0.00279214 0.00200749 0.00215893 -0.00333863 -0.00746771 0.0246207 -0.00239617 -0.00304243 -0.00268333 -0.00301127 -0.0068454 -0.00844084 -0.000906619 0.000399393 -0.00771045 -0.00670408 -0.00439029 -0.00749576 -0.00371394 0.00454643 0.00427754 -0.00135919 0.00814219 0.0012767 -0.00342807 0.00444507 0.00269032 0.00135509 0.000673349 0.00402877 -0.00303283 0.00118688 -0.0051014 -0.00316212 -0.00811791 -0.0154042 -0.00271727 -0.00814748 0.000293482 0.00836913 -0.00603951 0.000272791 0.00529742 0.00898171 0.0125593 9.39821e-05 0.00576575 -0.00173133 -0.00158786 -0.00442392 -0.0126554 -0.00121906 0.000361729 -0.00163113 0.00625801
internal_weight=8054.83 5594.32 311.753 2460.51 5282.56 5183.5 4043.26 2411.46 2248.88 1140.24 414.383 320.471 98.4767 3941.23 3593.27 3508.94 3448.15 933.538 818.856 194.343 213.276 110.101 725.199 574.482 433.087 335.11 114.682 347.958 198.235 89.9203 2133.47 492.928 226.937 1640.54 1455.29 1407.64 738.777 668.858 606.55 574.626 508.105 314.454 168.496 392.949 227.944 145.958 213.6 149.944 106.211 725.856 424.962 321.923 300.894 177.639 132.424 2514.61 1024.41 287.076 737.332 1490.2 1113.76 376.436
internal_count=38150 26497 1474 11653 25023 24350 19123 11375 10489 5227 1895 1487 472 18348 16770 16179 15901 4448 3913 902 1002 517 3335 2640 1983 1534 535 1578 906 426 9928 2286 1085 7642 6757 6516 3431 3085 2805 2658 2366 1458 792 1765 1012 666 1040 710 508 3332 1949 1445 1383 816 587 11453 4674 1304 3370 6779 5090 1689
is_linear=0
shrinkage=0.03


Tree=85
num_leaves=63
num_cat=0
split_feature=83 17 17 41 31 56 26 26 59 41 70 26 42 52 69 44 44 56 58 58 82 82 29 49 81 68 56 44 44 12 53 23 44 12 25 17 69 26 69 65 40 51 17 16 70 12 29 26 12 52 83 68 31 17 59 51 65 40 49 81 61 25
split_gain=50.2657 25.4158 27.1772 21.3202 21.059 21.644 18.6921 17.1791 16.8376 16.2 21.595 20.8924 17.8902 16.5865 15.4989 28.9335 28.6348 24.1412 21.5918 19.7465 21.1665 20.7569 18.9571 19.6297 19.9248 24.302 16.3577 15.3399 20.884 23.7157 22.5077 20.4039 15.8728 15.3693 15.0418 16.6368 14.8425 16.9971 14.6347 16.0673 18.1238 14.0111 13.4643 13.4585 13.9003 17.8211 13.283 18.0694 13.192 13.0764 13.0529 16.4313 12.9484 15.4834 12.8698 13.057 15.3021 16.8761 16.0437 18.2453 13.3503 15.2522
threshold=0.63788178563117992 80.010749816894545 17.991163253784183 -15.933863639831541 0.06749999895691873 15.235766887664797 0.96086353063583385 2.3551425933837895 0.63628068566322338 -48.844125747680657 8671.5000000000018 0.8448101580142976 70.04557037353517 0.057465363293886192 12337.500000000002 -9.2251372337341291 -8.9685158729553205 8.6858420372009295 -0.66880580782890309 1.4503622055053713 49.272323608398445 -65.254001617431626 -0.80565619468688954 1.0030210614204409 0.24098289012908938 0.6078576147556306 10.227179050445558 9.3491744995117205 5.7595894336700448 0.016171379014849666 0.86300069093704235 1.0000000180025095e-35 -3.978618741035461 0.011925060302019121 61.642530441284187 40.968029022216804 4390.5000000000009 0.81833636760711681 16151.500000000002 321.50000000000006 15.492917537689211 0.027863615192472938 65.404426574707045 70.957088470458999 11621.500000000002 0.015098988544195892 0.16810972988605502 1.9824129939079287 0.0086924722418189066 -0.34447248280048365 1.4604680538177492 0.6078576147556306 0.46750000119209295 37.737255096435554 -0.88068169355392445 0.078833322972059264 -791.49999999999989 -23.34560394287109 0.99921885132789623 -0.35362857580184931 5.3958959579467782 68.756847381591811
decision_type=2 2 2 2 2 2 2 2 2 2 2 2 2 2 2 2 2 2 2 2 2 2 2 2 2 2 2 2 2 2 2 2 2 2 2 2 2 2 2 2 2 2 2 2 2 2 2 2 2 2 2 2 2 2 2 2 2 2 2 2 2 2
left_child=1 2 6 14 46 27 36 8 -5 10 -3 -11 13 -13 15 17 -16 -2 -17 20 21 26 -18 24 -24 -26 49 28 30 -30 33 -29 34 -6 -32 -36 -1 -38 39 40 43 -33 -43 44 -34 -46 -4 -48 -23 -20 51 -22 -10 -54 -8 56 -56 -58 59 -59 -60 -62
right_child=3 9 4 7 5 -7 54 -9 52 11 -12 12 -14 -15 16 18 22 -19 19 -21 50 48 23 -25 25 -27 -28 31 29 -31 32 41 38 -35 35 -37 37 -39 -40 -41 -42 42 -44 -45 45 -47 47 -49 -50 -51 -52 -53 53 -55 55 -57 57 58 60 -61 61 -63
leaf_value=-0.022804127669463235 0.0040364069434176688 -0.0024511899370482757 0.010864849115164669 -0.017173048987277562 0.0018293019607623267 0.017104417528561157 -0.015421189956341643 0.0031666215394413589 -0.023524433933376065 0.0066806460450094616 0.022641685589440966 0.0061323030737714451 0.0097877286453297227 -0.01097933401376046 -0.021160685907015697 0.014305343646627154 -0.011836227611678069 0.029240267488760262 -0.016926709489787726 0.01532926354613677 -0.015747241097144971 0.017899729763691089 -0.0007734772237913385 -0.016740848620489905 0.034344453527585243 0.0014131076949797203 -0.022496861114840495 -0.004019869169422847 -0.00060964410117843966 -0.016276517225148574 0.0047115812437530328 -0.003469084927774869 0.0070644659484944807 -0.0063549025553629275 -0.014810455024765771 0.0011918972643370125 0.0083674380855443143 -0.016162524391515821 -0.00016363271877239071 0.02362831166412787 0.019895819341609791 0.01757349502569068 0.0012868530005537262 0.015970528304609641 0.0053222066426086142 -0.01700353869474797 0.0076123497837874785 -0.013453922728785614 0.0014783735211541141 0.00094000960829268326 -0.02592397023649046 0.0028880651267067107 -0.012257784926372566 -0.0011044808040446029 -0.0099427701333357956 -0.0097365096569841433 0.021094995266988239 0.0065743819049827569 0.014290476537070581 -0.014052196364250702 -0.0098171725778841493 0.012157213305276219
leaf_weight=64.362775027751923 99.578089646995068 90.285030856728554 488.59662847220898 180.94920194894075 515.30644676089287 88.617604151368141 46.836366474628448 116.11127683520317 37.496010512113571 112.05961184203625 46.902160480618477 57.235963121056557 49.334706142544746 466.55397713929415 89.469295173883438 71.948711007833481 141.69279263913631 52.097784951329231 48.864004269242287 50.660806074738503 103.51516660302877 53.082637935876846 203.47481993585825 46.745956242084503 37.8970992192626 43.110988780856133 50.949860997498035 105.010777130723 345.40960757434368 116.21716384589672 411.53307937085629 49.100123375654221 277.16609957814217 344.61689454317093 91.430018991231918 162.20676256716251 48.841748103499413 53.020713612437248 181.80674906075001 64.859346389770508 95.234141081571579 206.81276147812605 58.636371672153473 92.094482287764549 70.745835579931736 59.026039108633995 120.1995015963912 52.716072618961334 258.13728450983763 150.16668531298637 46.698202081024647 72.34382402151823 177.55150410532951 303.52006884664297 73.871990039944649 88.809462532401085 50.690992385149002 70.092640921473503 126.36567750573158 85.890262991189957 62.649689145386219 52.041844949126244
leaf_count=284 476 398 2645 1037 2271 405 202 641 173 495 208 247 216 2094 443 396 843 261 326 281 530 228 936 282 200 232 294 454 1516 509 1839 223 1209 1479 397 714 216 234 817 306 408 942 263 403 314 254 631 246 1179 768 330 364 978 1619 325 398 221 305 559 381 278 231
internal_value=3.74971e-05 0.00159222 0.00242377 -0.00356406 0.00344612 0.00247646 -0.002539 -0.00751992 -0.00929376 -0.00328236 0.00612767 -0.00516643 -0.00748282 -0.0091095 -0.00157291 0.000566154 -0.0055972 0.0126935 -0.00146329 -0.00282296 -0.00399629 -0.000891611 -0.00265283 0.00127563 0.00423608 0.016819 -0.00732921 0.00207725 0.001283 -0.00455387 0.00242181 0.00743021 0.00463276 -0.00145054 0.0011699 -0.00457657 -0.0115266 -0.00440072 0.00737185 0.00945036 0.00790295 0.0112528 0.0139759 0.00561426 0.00327053 -0.00483254 0.00833589 0.00118996 0.00427925 -0.00344645 -0.011825 -0.00808116 -0.00654436 -0.00522089 -0.000265952 0.000896894 0.00270736 0.00479453 0.00271342 -0.00478342 0.00756446 0.000153813
internal_weight=8079.25 5643.19 4820.82 2436.06 3997.34 3335.83 823.474 815.628 699.517 822.371 137.187 685.184 573.125 523.79 1620.43 1058.04 562.391 151.676 906.367 834.418 783.758 561.2 472.922 331.229 284.483 81.0081 249.981 3247.21 2827.65 461.627 2366.03 419.56 1506.1 859.923 665.17 253.637 166.225 101.862 840.933 659.126 594.267 314.549 265.449 499.032 406.938 129.772 661.512 172.916 311.22 199.031 222.557 175.859 518.568 481.072 657.249 610.413 521.603 447.731 397.04 155.983 241.057 114.692
internal_count=38354 25537 21879 12817 18245 14723 3634 4448 3807 3658 606 3052 2557 2341 8369 5433 2936 737 4696 4300 4019 2795 2493 1650 1368 432 1388 14318 12436 2025 10411 1882 6661 3750 2950 1111 734 450 3711 2894 2588 1428 1205 2180 1777 568 3522 877 1407 1094 1224 894 2770 2597 2900 2698 2300 1975 1754 686 1068 509
is_linear=0
shrinkage=0.03


Tree=86
num_leaves=63
num_cat=0
split_feature=29 29 5 3 91 3 91 26 90 16 56 41 90 63 40 41 59 56 25 16 42 6 54 32 51 69 46 12 65 5 67 53 41 25 40 54 57 14 59 14 33 60 41 59 80 73 5 56 90 33 53 25 25 44 59 30 31 69 14 27 56 91
split_gain=36.8143 34.4625 27.8729 35.6057 55.4402 35.2548 33.1559 26.3164 24.8687 23.6281 23.5962 22.5844 22.3264 22.1116 21.8338 21.6994 23.1273 22.7444 20.4345 20.2036 20.1014 20.159 21.7304 19.8086 19.2937 20.8966 18.6065 17.6554 21.4264 19.5429 17.4659 19.3241 17.438 17.286 20.5009 21.2422 27.2573 21.5099 18.8992 20.3914 17.0085 16.9134 16.8745 16.2504 16.2401 16.2036 15.8499 15.8318 21.7776 18.5834 17.2536 21.2286 15.8077 15.9464 15.5677 19.0328 16.168 14.948 16.9687 14.842 14.7587 14.4838
threshold=-1.0759288668632505 0.64619597792625438 -0.00031217074138112361 0.00022139784414321187 0.4792288094758988 -0.00051654537674039591 0.30420307815074926 0.63997170329093944 -1.0563466548919676 38.082506179809577 4.765099525451661 -40.235937118530266 0.50572273135185253 0.98285266757011425 14.664030551910402 -4.5695383548736563 0.59349802136421215 5.5533840656280526 62.037025451660163 32.411714553833015 25.316674232482914 0.0035254437243565921 -1.9063204526901243 0.13750000298023227 0.04632434435188771 3225.5000000000005 0.99921599030494701 0.0047736817505210647 -773.49999999999989 0.0018860552227124574 289.50000000000006 1.1297181248664858 -34.656648635864251 93.763084411621108 13.122757434844972 0.29397834837436682 37.810775756835945 0.011844138614833357 0.59349802136421215 0.017050478607416156 1897.7409667968752 8.834726810455324 -6.3733410835266104 0.6573271155357362 25.445149421691898 0.42536278069019323 -7.7255252108443515e-05 7.2039778232574472 0.38932308554649359 992.84268188476574 0.60982346534729015 21.833013534545902 56.400655746459968 1.9298857450485232 0.19055603444576266 0.62500000000000011 0.15250000357627871 13612.500000000002 0.012825174257159235 0.26969200372695928 5.8796191215515146 0.82097989320755016
decision_type=2 2 2 2 2 2 2 2 2 2 2 2 2 2 2 2 2 2 2 2 2 2 2 2 2 2 2 2 2 2 2 2 2 2 2 2 2 2 2 2 2 2 2 2 2 2 2 2 2 2 2 2 2 2 2 2 2 2 2 2 2 2
left_child=18 2 3 4 8 46 10 -8 26 -6 -7 14 44 27 47 16 20 -17 23 -12 21 22 -14 -1 -19 -26 30 -13 -29 33 31 -2 -24 34 38 45 37 42 54 52 41 -10 -37 -18 -3 -36 -4 50 49 -49 51 -9 53 -40 55 56 -30 58 -15 60 -56 -46
right_child=1 12 5 -5 9 6 7 11 40 -11 19 13 15 57 -16 17 43 24 -20 -21 -22 -23 32 -25 25 -27 -28 28 29 -31 -32 -33 -34 -35 35 36 -38 -39 39 -41 -42 -43 -44 -45 61 -47 -48 48 -50 -51 -52 -53 -54 -55 59 -57 -58 -59 -60 -61 -62 -63
leaf_value=0.014876672653959226 -0.0092420458714364013 -0.026398340025627715 0.0030821010014172906 -0.0092231358149786249 0.026680608140716773 0.027952598745396812 0.012544088843338299 -0.01733814310695184 -0.0041028136601546847 0.0058198336447179699 0.0031993419418866725 0.01632523957673742 0.012760196180458649 0.027812737897772583 0.02177502262113816 -0.01278509981159872 -0.029493767295683045 0.022238012147672029 -0.029857793926634887 0.018227454328084477 0.012635594768230769 -0.024920506740143105 -0.01379259180167181 -0.010887177204483893 0.020597828133153855 -0.0090469367697964386 -0.002659267578455202 -0.010378916115867887 0.015578709711362132 -0.016318082916715153 0.0071877701808045471 0.011255012142082407 0.00095647661220134414 0.012944849194690503 -0.022324110541192502 -0.012953542421188461 0.016618907281312933 -0.020043840611892825 0.019487882395708402 -0.0065115608173300539 0.0082802894379785091 -0.015219295373659453 0.008062774027864341 -0.0091834513163994783 -0.01768735860557475 -0.0058913891406140112 -0.011396713139646512 -0.014235743057345112 0.0073248672818528376 0.0063810856052923335 0.011700422353892572 0.011917488086646968 0.020679142708566248 -0.0032210514781303833 0.0019302253483426046 0.014875477108055955 -0.0038394672627142194 -0.0029079779695950622 0.0041035975826016454 0.0040793981469482935 -0.013267858524541216 0.0058314340638012619
leaf_weight=31.318327710032463 138.78928878158331 65.316670402884483 100.07997699826956 405.83657390624285 92.598819360136986 67.31331617385149 227.41445808857679 46.015706107020378 637.83397158235312 103.46967920660973 225.65306164324284 54.343232676386833 69.8693792745471 60.803034260869026 73.001254178583622 47.174560897052288 47.204970739781857 73.953688628971577 42.876517862081528 125.17399657517672 73.025762744247913 39.175087608397007 134.41597720980644 188.58636400848627 33.552123554050922 59.088789999485016 541.81202303618193 197.39926424622536 47.51401199400425 63.250810153782368 583.35092493146658 58.990921474993229 155.73185867071152 97.250310286879539 81.920964032411575 51.28730645775795 71.696925863623619 59.713391289114952 44.016910418868065 62.423305213451385 79.829238064587116 152.66162668168545 104.32890151441097 142.43237613141537 51.696217343211174 158.48114127665758 212.59056049585342 119.6061984077096 180.75837484002113 58.639497600495815 332.77607365697622 43.35403023660183 115.74771278351545 75.676919147372246 84.634904086589813 107.50075351446867 205.48458579927683 47.588461205363274 49.112678997218609 127.15384145826101 179.40484464168549 43.309772089123726
leaf_count=195 630 345 451 1856 403 318 1071 218 2906 456 1054 277 355 277 346 231 258 350 319 565 353 302 694 1313 193 366 2506 865 241 346 2657 269 830 423 368 240 321 270 198 273 366 688 489 744 267 700 958 547 836 281 1564 209 517 343 382 488 910 215 227 570 812 226
internal_value=0.000132085 0.000504625 0.00128607 -0.00100753 0.000387923 0.00290537 0.00373435 0.00270481 -0.000978399 0.0156719 0.011683 0.00195917 -0.00459033 0.00031752 0.00608511 -0.00270581 -0.00538978 0.00560408 -0.010912 0.00856133 -0.00183598 -0.00448332 -0.00225946 -0.00721795 0.0108113 0.00168962 0.00161263 -0.000539214 -0.00101287 5.12259e-05 0.00457572 -0.00312849 -0.00587628 0.00066964 -8.73528e-05 -0.00491255 0.000597391 -0.00473719 0.00233743 0.00873258 -0.00491691 -0.00624964 0.00113631 -0.0142391 -0.0148829 -0.0114911 -0.00676232 0.00461883 -1.24465e-05 -0.00745319 0.00855739 -0.00314598 0.0127743 0.00513006 -0.000196705 0.00430065 -0.000192666 0.0111378 0.017219 -0.00434118 -0.00839629 -0.006966
internal_weight=8053.01 7790.23 6754.28 2795.17 2389.34 3959.11 3646.44 3228.3 2193.27 196.068 418.14 3000.89 1035.95 2146.73 854.151 875.625 661.855 213.769 262.781 350.827 472.218 399.192 360.017 219.905 166.595 92.6409 1322.94 1989.23 1934.89 1737.49 781.131 197.78 290.148 1674.24 1576.99 527.429 287.027 215.33 1049.56 297.865 870.325 790.496 155.616 189.637 160.323 240.402 312.671 781.15 359.004 178.246 422.146 89.3697 235.442 119.694 751.693 360.499 252.999 157.504 109.916 391.194 264.04 95.006
internal_count=38248 36421 30907 12737 10881 18170 16761 14824 10022 859 1937 13753 5514 9752 4001 4676 3536 1140 1827 1619 2534 2181 1879 1508 909 559 6062 9033 8756 7891 3556 899 1524 7545 7122 2388 1320 999 4734 1331 3960 3594 729 1002 838 1068 1409 3655 1664 828 1991 427 1058 541 3403 1639 1151 719 504 1764 1194 493
is_linear=0
shrinkage=0.03


Tree=87
num_leaves=63
num_cat=0
split_feature=80 33 65 63 54 12 52 70 52 67 70 11 56 82 40 54 25 43 32 70 32 49 69 57 54 46 25 29 90 70 64 10 29 81 81 70 33 51 12 80 51 44 53 8 64 29 56 40 66 64 39 82 33 68 58 13 23 64 52 57 52 23
split_gain=39.5541 40.0861 28.6326 27.3555 23.1327 30.7289 28.2122 29.7979 24.3892 25.8604 23.8819 23.0391 22.7508 29.9169 34.6279 26.1483 21.2465 22.4408 20.9355 20.9211 22.1818 19.5737 18.5794 22.5071 18.0846 31.7166 24.9806 17.9862 22.9307 17.9142 17.7302 19.3136 17.6401 21.1934 17.0348 21.2059 22.6407 16.5743 23.4041 16.4045 16.2144 15.7213 15.5433 15.0891 23.3425 19.4145 18.2784 17.2204 16.2457 14.9385 18.0955 16.591 14.9285 14.6497 19.7481 16.1034 14.4589 14.2817 15.4264 19.49 13.916 13.8599
threshold=14.414086341857912 496.34970092773443 354.50000000000006 0.19722913205623629 -1.8053607344627378 0.0075019444338977346 -0.088492546230554567 7255.5000000000009 -0.11173857003450392 193.50000000000003 7217.5000000000009 0.56784129142761242 7.9073343276977548 50.264993667602546 23.365829467773441 -0.26842699944972986 48.074979782104499 -9.5945878028869611 0.33250001072883612 30099.500000000004 0.417499989271164 0.99957242608070385 4531.5000000000009 38.042354583740241 -0.6895051598548888 0.99692311882972728 45.550985336303718 0.75326469540596019 1.8789542913436892 21320.500000000004 0.02835773024708033 0.10055223479866983 -0.97107404470443714 -0.35891333222389216 -0.043231623247265809 5763.5000000000009 1101.6994628906252 0.036379689350724227 0.014457452576607467 12.398909091949465 0.043499585241079337 -3.0926277637481685 0.9664597511291505 -0.0015410043997690079 0.69934985041618358 0.43575492501258856 6.1984949111938485 -12.959383010864256 465.50000000000006 0.11970336735248567 0.38106414675712591 -51.771049499511712 1065.0476074218752 1.0000000180025095e-35 0.99106335639953624 0.01307463087141514 1.5000000000000002 -0.99115538597106922 -0.20716879516839978 28.093923568725589 -0.20383755862712857 2.5000000000000004
decision_type=2 2 2 2 2 2 2 2 2 2 2 2 2 2 2 2 2 2 2 2 2 2 2 2 2 2 2 2 2 2 2 2 2 2 2 2 2 2 2 2 2 2 2 2 2 2 2 2 2 2 2 2 2 2 2 2 2 2 2 2 2 2
left_child=16 27 4 -4 6 8 7 60 21 10 11 -10 19 15 37 24 -1 -18 -9 43 -21 -6 23 42 25 -14 -26 28 32 41 -27 -32 -2 -34 35 -17 -37 -15 56 -24 -29 -30 -19 44 48 -45 -46 -47 49 50 51 -7 -11 -49 -55 -56 -39 -35 59 -59 -3 -8
right_child=1 2 3 -5 5 12 61 18 9 52 -12 -13 13 14 -16 34 17 22 -20 20 -22 -23 39 -25 26 30 -28 40 29 -31 31 -33 33 57 -36 36 -38 38 -40 -41 -42 -43 -44 45 46 47 -48 53 -50 -51 -52 -53 -54 54 55 -57 -58 58 -60 -61 -62 -63
leaf_value=0.01002389177196886 -0.017277490355684433 -0.028463881296721189 0.004819893802206726 0.030208500207063432 -0.01412539362607796 -0.0090004670690244978 0.017718602066289859 -0.0043985469009080753 0.0082396514847370775 0.0033474368906731065 0.010000102049700615 -0.017915455524626506 -0.017625290257020695 -0.027707980254274889 0.01919577247010678 -0.015635179705666847 -0.019297734020509948 -0.0022827244434248679 0.021290072014795772 -0.02624436940981708 -0.0032761308485193992 0.0032282059296269753 0.018348137511262526 -0.015598826024674288 0.028458106383832633 0.015279572359702991 0.0026507885393216302 0.0020177932582195464 -0.0020292997897915057 -0.013238633604263108 0.010891542803062986 -0.014605855103438651 0.0077431542997067476 0.0068726793295676419 0.0068664916329244643 -0.007692163819027307 0.010867288575797293 -0.0085572225058779105 -0.018176437894420808 0.0029877591930470779 -0.016276669301127634 0.011227096493913787 0.016511356031965227 0.0022241847024249187 0.017823677481281528 -0.019619704893454284 -0.0079787209013512661 0.0042761240326156932 -0.024221094381248098 0.0027353675529240857 -0.017121622109633 0.010189518276228573 0.020575825093271813 -0.018678640474998249 0.012958343615954562 -0.011681527182211231 0.011740194199341178 -0.0018937884994482822 -0.0040421487374909734 -0.018346290364042752 -0.0043132076945159685 0.0057589779157519484
leaf_weight=499.02110692858696 93.5865089148283 42.13062896579504 124.00995746999979 55.195614017546177 87.832676135003567 157.26232542842627 162.76846284419298 63.330657616257668 51.268294990062714 61.34165795147419 171.56609231233597 74.148348808288574 46.764266915619373 42.94953428953886 40.293219834566116 106.90089835971594 42.933386042714119 131.84742079675198 51.994061648845673 73.824242815375328 77.643188431859016 175.14663565158844 101.66998432576656 80.365895450115204 84.219597481191158 165.66195069998503 56.337682530283928 57.661578573286533 133.19212418049574 50.125801309943199 60.803496330976486 47.721880942583084 129.65513006597757 86.484172850847244 179.36630272865295 135.26213471591473 105.13873994350433 65.685071729123592 100.73606803268194 162.73248238861561 178.81720586121082 203.58174810558558 56.608617536723614 714.46896276623011 57.718294337391853 69.557271480560303 43.20566301047802 137.11615289747715 56.076567448675632 107.03998109698296 173.36328456550837 54.634353898465633 172.72440375387669 90.619441330432892 48.66308756172657 46.857709661126137 60.844187363982201 105.05095444619656 1038.1643094196916 169.13614335656166 43.794762894511223 187.87064749747515
leaf_count=2399 691 213 592 263 441 742 774 301 243 283 786 328 228 197 192 541 201 619 242 327 375 829 497 364 388 745 262 322 603 228 273 226 640 390 815 679 492 325 542 750 1237 921 274 3226 269 322 203 656 249 519 778 244 853 410 223 232 292 505 4676 852 200 854
internal_value=0.000136273 -0.000689096 0.000877333 0.0126396 0.000414335 -0.000379914 0.00617202 -0.00278113 0.00490377 0.00860372 0.00272645 -0.00722367 -0.00168822 0.00137466 -0.00674819 0.00392705 0.00549246 0.0015677 0.00718315 -0.00377293 -0.0144707 -0.00256774 0.00324771 -0.00230599 0.00914025 0.00521024 0.0181141 -0.00399004 -0.00306885 0.00349379 0.00910498 -0.000320432 -0.00463418 -0.00386006 -0.000641169 -0.00451855 0.000424768 -0.0106168 -0.00738688 0.00889425 -0.0118159 0.00598427 0.00336266 -0.00285047 -0.00648146 -0.000721298 0.00677764 -0.00607869 -0.00892168 -0.00717896 -0.00993355 -0.00405262 0.0160608 -0.00316498 -0.0086463 0.000871259 0.00120321 -0.00493553 -0.0057137 -0.0120427 -0.0161547 0.0113107
internal_weight=8052.49 6977.31 4731.86 179.206 4552.65 4000.76 551.889 201.25 794.028 531.049 296.983 125.417 3206.74 1298.69 310.508 988.177 1075.18 576.158 115.325 1908.05 151.467 262.979 533.224 268.822 461.509 320.952 140.557 2245.46 2008.98 386.9 274.187 108.525 1622.08 1528.49 526.668 347.302 240.401 270.215 227.265 264.402 236.479 336.774 188.456 1756.58 649.3 1107.28 100.924 392.814 548.377 492.3 385.26 211.897 234.066 323.256 186.14 95.5208 126.529 1398.84 1312.35 274.187 85.9254 350.639
internal_count=38343 33239 22174 855 21319 18735 2584 956 3763 2493 1357 571 14972 6197 1548 4649 5104 2705 543 8775 702 1270 2504 1257 2122 1472 650 11065 9506 1752 1244 499 7754 7063 2527 1712 1171 1356 1159 1247 1559 1524 893 8073 3004 5069 472 1843 2532 2283 1764 986 1136 1521 865 455 617 6423 6033 1357 413 1628
is_linear=0
shrinkage=0.03


Tree=88
num_leaves=63
num_cat=0
split_feature=83 5 60 29 64 41 64 4 25 64 64 80 54 64 64 54 42 42 58 70 27 64 51 70 41 41 63 28 33 26 80 54 26 27 65 52 63 9 25 26 80 52 23 52 54 28 42 64 64 34 64 25 13 41 64 42 47 6 41 47 30 81
split_gain=37.7696 23.2375 22.3318 26.2273 19.8868 18.686 18.7764 17.4369 22.2211 16.8445 16.699 15.5865 18.7226 18.1952 21.1799 18.8847 18.8408 17.1501 25.4911 18.9014 18.5197 19.2723 16.7163 30.8232 15.245 14.6416 14.4546 17.3991 14.9458 20.1988 24.9989 19.9056 22.0267 19.7788 17.8946 16.8691 16.2981 16.1429 20.1324 25.094 17.0009 16.623 17.0896 15.6363 14.7989 14.4685 14.3812 14.4973 24.6021 14.8208 14.2088 13.2247 12.801 12.7604 13.273 12.7459 12.6395 15.9119 14.9049 14.8976 16.4429 14.7025
threshold=0.10351252555847169 0.0017558964318595829 13.118154525756838 -0.93283227086067189 -0.99674141407012928 -103.03857040405272 0.99946221709251415 -0.00068726073368452479 9.0410046577453631 0.66098293662071239 0.26092512905597692 14.414086341857912 0.83537986874580394 0.054514370858669288 0.45593219995498663 0.66794034838676464 -17.491967201232907 9.840675354003908 0.51825201511383068 3681.5000000000005 0.04592064023017884 0.19722913205623629 0.038567634299397476 17211.500000000004 -54.74140548706054 -41.12542533874511 -0.99428912997245777 -0.28939802944660181 362.73524475097662 2.332206249237061 18.391848564147953 -0.44759947061538691 2.3151074647903447 0.45444647967815405 -928.49999999999989 -0.21393965929746625 -0.91792565584182728 0.0027062945300713186 26.909973144531254 0.73932549357414257 29.034030914306644 0.12741504609584811 1.5000000000000002 -0.27189037203788752 -1.0151283740997312 0.054300274699926383 39.264469146728523 -0.8959035575389861 -0.97485619783401478 1.0663608312606814 -0.9543684422969817 62.459226608276374 0.012069900985807182 -11.564351081848143 0.11970336735248567 6.2653980255126962 0.99731144309043895 -0.0011872347677126525 -49.28925704956054 0.99994787573814403 0.47499999403953558 0.078893322497606291
decision_type=2 2 2 2 2 2 2 2 2 2 2 2 2 2 2 2 2 2 2 2 2 2 2 2 2 2 2 2 2 2 2 2 2 2 2 2 2 2 2 2 2 2 2 2 2 2 2 2 2 2 2 2 2 2 2 2 2 2 2 2 2 2
left_child=4 2 3 50 -1 -5 26 -6 -9 10 -4 17 13 15 -15 16 -13 19 20 -10 21 51 23 25 -18 -16 27 -7 29 30 56 32 37 -33 -34 -31 -36 38 40 -40 -30 43 -43 -41 -32 -37 47 48 -3 -49 -2 -19 -44 -46 -55 -39 -28 -58 -59 60 -60 -61
right_child=1 46 9 5 7 6 -8 8 11 -11 -12 12 -14 14 22 -17 24 18 -20 -21 -22 -23 -24 -25 -26 -27 28 -29 31 35 44 33 34 -35 36 45 -38 55 39 41 -42 42 52 -45 53 -47 -48 49 -50 -51 -52 -53 -54 54 -56 -57 57 58 59 61 -62 -63
leaf_value=0.022625970664525163 0.0058693089652331453 -0.017847914664334098 0.012665036503832491 0.015945059748569638 -0.0041760530332961183 -0.02227898992335961 0.017625825522508746 0.017603695043972478 -0.0025087786334215016 0.02493698904710907 -0.0070069256229719516 -0.020642152068538318 0.011560079594085473 0.015429372166360438 -0.0040927412901999626 -0.021777726455613773 0.014980481808579029 -0.011873217943451673 0.012355834435576744 0.021527386248502797 0.0083724183754810329 -0.022757839956295513 0.0063461495551192038 0.014176801669350163 -0.0016586308671971703 -0.024631165305783759 -0.014899835974578996 -0.001480843337754922 0.009221209412875693 -0.011531117691741645 -0.015777497662021245 -0.0040075731562525937 0.012582064605082724 0.0032391984973768385 0.0042407469068274318 0.0029475546881807765 -0.013223302288672283 0.0019641494943714722 0.022713521347131688 -0.0081413951780152614 0.027427713231955666 -0.017772861329653028 0.013042965161618056 0.0068222198830473575 -0.0014427679896598965 0.021879899248513225 0.0090693588688511469 -0.018478486256053216 0.017518834558237453 0.0020154908027824707 -0.01087098630162261 0.011794394642163421 -0.0088449166065250572 -0.0070124809922120328 -0.026815258902264077 -0.015753396965763024 0.015436498565913582 -0.015221326911802771 -0.0023209720462665597 -0.010766217344859358 0.016459700904835263 0.0054373562551981898
leaf_weight=46.418923862278461 52.67055656015873 33.910348512232304 91.157398343086243 60.822647824883461 284.2007682621479 62.287073649466038 49.275724694132805 99.151651531457901 39.025768272578716 45.78847824037075 67.663285717368126 43.74489738047123 146.67317366600037 122.51759003102779 66.491477988660336 44.177041053771973 53.885744154453278 43.24890823662281 183.02140391618013 119.93269487470388 85.275144949555397 57.283379346132278 242.34192450344563 49.690827324986458 616.9831564873457 58.921656772494316 48.169595792889595 86.438914023339748 197.47833220660686 41.025107629597187 200.19627490639687 1124.3728121221066 45.474481388926506 485.25235905498266 68.531896330416203 96.020556025207043 161.26726301014423 111.0616103708744 57.988916046917439 72.916317395865917 60.240536883473396 67.390701942145824 47.351904407143593 455.25175903737545 239.57715108990669 58.440009817481041 35.292825721204281 184.70715996623039 37.035811990499496 38.353076949715614 341.49951077252626 41.769249945878983 48.863859549164772 108.21980263292789 42.395839966833591 54.463449761271477 61.816422909498215 56.371316835284233 76.899439513683319 121.84178012609482 92.334131211042404 85.949345305562019
leaf_count=259 294 230 423 268 1246 275 213 517 201 216 326 207 735 659 346 195 269 217 925 628 433 270 1130 257 2837 275 217 395 854 207 966 5027 196 2139 296 427 705 480 252 345 260 313 217 1940 1146 269 214 1268 209 236 2194 204 242 537 210 239 277 238 337 517 393 373
internal_value=6.82505e-05 -0.00129529 -0.000809934 -0.00120436 0.00317714 -0.000574011 -0.000793138 0.00280072 0.0037386 0.00890589 0.00428408 0.00305633 0.00140007 0.000252662 0.00446201 -0.00274275 -0.00156602 0.00725962 0.00402056 0.0156263 -0.00268282 -0.00930775 0.00124316 -0.00581931 -0.000322139 -0.0137421 -0.000993233 -0.0101912 -0.000681419 -0.00333723 -0.00487282 0.000473049 0.00302477 -0.00182289 -0.00461249 0.00556881 -0.00801508 0.00481703 0.00624354 0.00375719 0.0134769 0.00216815 -0.00618749 0.00475642 -0.0091465 0.0101106 -0.00902562 -0.0111978 0.000614484 -0.0149547 -0.00863408 -0.000245368 0.00192705 -0.00574434 -0.0125866 -0.00386553 -0.000229421 0.00119758 -0.000833357 0.00131788 0.0079258 -0.00406388
internal_weight=8018.82 5574.07 5244.77 5040.16 2444.76 4645.99 4585.16 2398.34 2114.14 204.609 158.821 2014.98 1445.43 1298.75 539.963 758.791 714.614 569.557 410.598 158.958 227.577 142.302 417.446 175.104 670.869 125.413 4535.89 148.726 4387.16 1329.26 1133.77 3057.91 1448.28 1609.63 275.274 195.486 229.799 1173.01 1007.48 749.763 257.719 691.775 163.606 528.168 590.389 154.461 329.299 294.006 70.9462 223.06 394.17 85.0182 96.2158 390.193 150.616 165.525 543.382 495.212 433.396 377.025 169.234 207.791
internal_count=38190 26380 24223 23258 11810 20770 20502 11551 10305 965 749 9788 6910 6175 2667 3508 3313 2878 2049 829 1124 691 2008 878 3106 621 20289 670 19619 6114 5211 13505 6339 7166 1197 903 1001 5142 4423 3309 1114 3057 772 2285 2859 696 2157 1943 439 1504 2488 421 459 1893 747 719 2352 2135 1858 1620 730 890
is_linear=0
shrinkage=0.03


Tree=89
num_leaves=63
num_cat=0
split_feature=31 41 65 64 5 52 64 65 43 51 90 25 29 5 61 51 12 15 90 69 39 12 41 41 80 43 59 61 42 53 42 31 53 52 68 1 25 46 69 57 29 51 13 70 25 68 32 42 13 33 80 36 32 48 54 49 44 13 41 80 9 12
split_gain=41.6094 29.016 26.694 35.3784 27.3404 24.1502 23.7235 24.4615 25.9094 27.1076 27.6996 24.4083 21.4323 21.1651 24.0903 24.5429 28.3981 20.8645 19.0922 20.4387 25.8033 29.7724 19.2378 19.068 25.3273 33.0375 18.8944 18.8168 18.6996 19.0077 25.3579 21.7562 18.6185 18.2822 17.3721 17.3398 17.2632 18.795 17.2241 23.3259 29.7659 16.6837 18.1262 16.3694 16.1654 15.9548 20.9796 15.9529 27.6282 15.6826 18.6295 15.5012 15.1314 14.9642 18.3312 13.8817 12.9141 12.891 13.7689 12.809 12.5874 15.6444
threshold=0.33750000596046453 -109.37187576293944 354.50000000000006 0.98120620846748363 0.0018860552227124574 -0.42230461537837977 -0.87142586708068837 -291.49999999999994 -6.453364133834838 0.05222399719059468 -0.85107040405273426 70.531055450439467 -0.61663898825645436 -0.00093361694598570455 0.82646891474723827 0.092987682670354857 0.017720229923725132 35.423837661743171 1.7943375706672671 3149.5000000000005 0.67794522643089306 0.014457452576607467 -26.994931221008297 -12.587533950805662 30.770950317382816 -3.9048842191696163 -0.29195830225944513 4.1577265262603769 71.584506988525405 0.72880399227142345 56.809194564819343 0.036250000819563873 0.96924683451652538 0.13762427121400836 1.0000000180025095e-35 -0.00039303296944126481 72.218990325927749 1.0010624527931216 18445.500000000004 29.746093750000004 0.7655482590198518 0.029713853262364868 0.0060698736924678096 20138.500000000004 32.011833190917976 0.6078576147556306 0.0224999999627471 46.958393096923835 0.010155838914215566 992.84268188476574 22.393646240234379 1.6968082785606386 0.93750000000000011 0.99759295582771312 -0.31395770609378809 1.0002405047416689 -6.1520209312438956 0.0055962628684937963 -83.541629791259751 14.957950115203859 -0.0011748689576052127 0.017253582365810875
decision_type=2 2 2 2 2 2 2 2 2 2 2 2 2 2 2 2 2 2 2 2 2 2 2 2 2 2 2 2 2 2 2 2 2 2 2 2 2 2 2 2 2 2 2 2 2 2 2 2 2 2 2 2 2 2 2 2 2 2 2 2 2 2
left_child=1 -1 4 -4 5 -2 7 23 9 10 -9 -10 17 35 15 16 26 -3 33 32 21 22 -21 24 25 44 -15 -27 29 57 31 56 -20 34 -16 -8 -25 -38 39 -22 -41 42 -30 47 -7 55 -47 48 -28 50 -5 -6 -26 -50 -55 -33 -31 -14 -59 -48 -35 -62
right_child=2 12 3 49 51 6 13 8 11 -11 -12 -13 28 14 18 -17 -18 -19 19 20 38 -23 -24 36 52 27 43 -29 41 30 -32 45 -34 60 -36 -37 37 -39 -40 40 -42 -43 -44 -45 -46 46 59 -49 53 -51 -52 -53 -54 54 -56 -57 -58 58 -60 -61 61 -63
leaf_value=0.024655007556352488 -0.015241448723973282 0.005448167084888652 0.022407000801528167 0.0068144184275754386 -0.014232266343716191 0.0058927376293992579 0.00065691016695819155 0.031591178766730295 -0.027483482572783866 -0.010988516199627697 0.0014316824761346496 -0.0036604015654536164 0.014096070273513809 0.019553915753346283 -0.0077899114135576994 0.025095736078948504 -0.014934893653232263 -0.015254594953876696 -0.01571320099450664 -0.0093085074311393436 0.024638549247337146 -0.023637588149078029 0.017723980973969506 -0.0088367566457720013 0.037191973513654115 0.034276719315153199 0.015453657926373805 0.0080829101989941948 0.01766878248466704 0.0042541079893880221 -0.0083308924157287044 -0.0027926781846321636 0.0029745351524339074 -0.024371589631525855 0.00049379748196224597 -0.0098767427940613418 0.018830058734360295 -0.0028056084507092397 -0.0039613934462103652 0.016516782705539926 -0.0080102466750059872 0.018374466728258289 -0.0083309722926940728 0.014421149721866098 -0.012656587375433953 -0.0066211349758674752 0.01837583716030167 -0.016747950768436336 0.00786887377340309 0.014617681769755411 -0.014150651314529829 0.0085405832327640138 0.012391673360115813 0.00029693112049671 -0.022086596160073496 0.0048840047548567907 0.0190126919907464 -0.018160523153636268 -0.0015275227637927618 0.0070869191081843353 -0.005273173082100879 -0.023341791286473196
leaf_weight=53.591017097234726 115.01845718920231 70.267894595861435 92.716870121657848 69.546198099851608 233.77991340309381 106.61532070487738 191.68645040690899 44.876806803047657 59.038847997784615 65.56426564604044 70.406400442123413 112.39171797782183 43.947446301579475 68.05977214127779 381.43008477240801 45.754110716283321 75.022013619542122 116.36687177419662 104.28320652246475 47.63264274597168 92.003072671592236 54.823269255459309 47.142931580543518 110.33454228192568 44.155064523220062 45.800819478929043 94.900769889354706 53.53118796646595 40.241070508956909 84.394861489534378 138.95381653308868 428.54201902449131 88.871907882392406 52.776689946651459 565.87468831241131 528.20716781169176 65.445649959146976 80.69016145169735 74.276743002235889 104.94623494148254 77.356860615313053 129.15001974254847 60.288612350821495 83.259918212890625 70.075643122196198 82.208017110824585 117.96332664787769 46.502606809139252 62.070216834545135 50.236287280917168 84.487595610320568 30.399443984031677 44.411658279597759 71.728474840521812 60.8753492385149 419.55504561215639 145.10734464228153 48.01234869658947 667.79304725676775 387.97178989648819 243.84086219966412 52.393804267048836
leaf_count=298 791 311 446 316 1583 474 962 197 268 301 320 500 214 302 1672 205 345 516 487 206 421 253 202 504 191 200 414 232 217 463 641 1986 407 283 2459 2894 289 349 359 460 432 623 289 373 306 367 575 205 273 240 406 190 215 319 277 1886 796 219 3052 1800 1145 267
internal_value=8.43756e-06 0.00277614 -0.00168296 0.00703804 -0.00223778 -0.00167548 -0.00131168 0.00280632 -0.00350841 0.00441287 0.013172 -0.0118648 0.00238278 -0.00252053 -0.0012583 0.0039664 0.00224748 -0.00746002 -0.00285693 0.00116921 0.00438111 -0.00604094 0.0041379 0.00638817 0.010797 0.00631805 0.00489226 0.0201606 0.00304024 0.00230576 0.00398156 0.00500865 -0.00711485 -0.00500411 -0.00284162 -0.00707194 0.000120719 0.00688374 0.00885387 0.012324 0.0061092 0.0112409 0.00207648 0.00251262 -0.00146393 0.00363812 0.00743508 -0.0004376 0.00218167 6.21748e-05 -0.00468493 -0.0116118 0.0247559 -0.00428824 -0.00997883 0.00100499 0.0135855 -0.0016749 -0.00264317 0.00971903 -0.0108737 -0.0084689
internal_weight=7999.6 3034.35 4965.24 296.987 4668.26 4404.08 4289.06 973.338 352.278 180.847 115.283 171.431 2980.76 3315.72 2595.83 608.173 562.419 186.635 1987.65 691.337 498.182 149.599 94.7756 621.06 364.59 276.023 487.397 99.332 2794.13 2564.45 1804.7 1665.74 193.155 1296.32 947.305 719.894 256.47 146.136 348.583 274.306 182.303 229.68 100.53 419.337 176.691 1436.24 588.143 336.077 289.575 204.27 154.034 264.179 88.5667 194.674 132.604 848.097 229.502 759.753 715.805 505.935 349.011 296.235
internal_count=38193 14253 23940 1408 22532 20759 19968 4346 1586 818 517 768 13955 15622 11766 2713 2508 827 9053 3227 2333 661 408 2760 1618 1212 2163 432 13128 11999 8514 7873 894 5826 4131 3856 1142 638 1672 1313 892 1129 506 1861 780 6614 2742 1488 1283 962 722 1773 406 869 596 3872 1259 3485 3271 2375 1695 1412
is_linear=0
shrinkage=0.03


Tree=90
num_leaves=63
num_cat=0
split_feature=83 5 26 29 54 64 33 63 26 10 10 54 27 65 70 26 44 42 43 26 81 4 44 14 54 64 54 60 29 10 58 70 43 67 48 26 65 65 44 30 13 48 64 8 29 7 12 81 54 28 60 63 64 64 41 54 70 81 29 39 42 43
split_gain=44.3296 22.9821 27.1241 31.0687 20.1811 18.7951 17.54 22.2798 16.3854 20.877 19.8736 16.1577 23.9777 18.5562 19.3715 17.7489 16.2732 19.0067 16.7376 16.8772 15.6659 20.4943 15.2831 13.9539 18.9157 22.2136 14.817 15.342 14.4315 18.7579 17.8975 18.4693 28.5158 15.7533 12.9592 14.745 12.7385 18.2788 14.1252 16.5971 18.5661 17.6021 20.8332 18.2972 18.246 15.1513 12.3424 26.577 17.3891 18.2367 16.0082 15.3896 15.3211 21.8866 23.8524 17.9079 19.7325 14.175 22.8949 18.7792 23.0757 24.6957
threshold=0.10351252555847169 0.0031068685930222277 3.9163285493850712 -1.1352217197418211 0.58523467183113109 -0.99674141407012928 362.73524475097662 -0.99428912997245777 2.332206249237061 0.11281106993556024 0.2083024010062218 -0.50208368897438038 0.5756361484527589 246.50000000000003 3277.5000000000005 2.3110718727111821 8.020484924316408 -43.191507339477532 -32.41906547546386 2.916072010993958 0.17199920862913134 -0.00068726073368452479 -0.80575284361839283 0.017509498633444313 -1.0151283740997312 -0.99115538597106922 -1.1793085932731626 2.1437568664550786 0.61208373308181774 0.079363849014043822 0.73607829213142406 5105.5000000000009 -0.18404506891965863 505.50000000000006 1.0002047419548037 2.2685538530349736 231.50000000000003 196.50000000000003 5.0428299903869638 0.47499999403953558 0.010497211478650572 0.99957379698753368 0.19722913205623629 -0.001123206573538482 -0.24430020153522489 -0.0012237164191901682 0.016263714991509918 -0.39897356927394861 -1.2041596770286558 0.75026437640190136 -1.5682441592216489 0.98664098978042614 0.66098293662071239 0.53545707464218151 -14.31137180328369 -0.83930760622024525 6457.5000000000009 0.47327052056789404 0.63475203514099132 0.50994917750358593 19.832098007202152 -20.123704910278317
decision_type=2 2 2 2 2 2 2 2 2 2 2 2 2 2 2 2 2 2 2 2 2 2 2 2 2 2 2 2 2 2 2 2 2 2 2 2 2 2 2 2 2 2 2 2 2 2 2 2 2 2 2 2 2 2 2 2 2 2 2 2 2 2
left_child=5 2 3 -2 -4 -1 8 -8 23 -10 -11 15 -13 14 -14 46 17 -17 -19 22 21 -7 -20 24 26 -26 27 -5 29 -27 31 -31 -33 -34 -22 -36 37 38 45 41 -41 43 -43 44 -40 -23 51 -48 49 -49 -51 52 53 54 57 56 -54 58 59 60 61 -9
right_child=1 -3 4 6 -6 20 7 11 9 10 -12 12 13 -15 -16 16 -18 18 19 -21 34 36 -24 -25 25 28 -28 -29 -30 30 -32 32 33 -35 35 -37 -38 -39 39 40 -42 42 -44 -45 -46 -47 47 48 -50 50 -52 -53 55 -55 -56 -57 -58 -59 -60 -61 -62 -63
leaf_value=0.021624827389843556 -0.013464010692026959 -0.018279375257403953 0.029589206058187517 0.0099776310449947621 0.0010002725655180701 -0.0034492065308848376 -0.012290234341953017 0.013129697879497301 0.017051927083032027 -0.011358051476474668 0.011278345631691096 -0.0036927632227726965 0.020550382220810268 0.020412965623124047 -7.1466695007331617e-05 0.01137605302515134 0.01078390329127971 -0.019136115685462491 -0.017751170579002214 0.010195490613943354 -0.010735084854591247 0.015612267993101512 0.003392979667278312 -0.010543929302218421 0.017907549626602667 -0.0089067806062099412 -0.023200382825458304 -0.0099945596162240927 -0.013547772405797994 -0.0048314679259349701 -0.012663599129627076 0.026250475697046822 0.018221974891130203 -0.0040205545853549034 0.0038002806632023108 -0.010286609037011812 0.013065149517086844 -0.011690013397173075 0.0076689638728861019 0.018824736682321104 -0.0012116175088086683 0.00077549612083024379 -0.028317020866623209 0.014336184454053727 -0.013698730719723782 0.0055483422304586525 0.020142707627384456 -0.0065998686204499727 -0.01286532828494507 -0.0021295519362690436 0.022925917013641578 0.019442765951671721 -0.0073603369989728188 -0.017260243065568299 -0.015221162843898451 0.026801816125432608 0.014987413898801254 0.02150792176730618 -0.011514274305025184 0.015356963894792 0.017755039625338462 -0.0081472749062890919
leaf_weight=49.031032547354698 193.11016665399075 73.36988777667284 43.71967937797308 42.370070546865463 45.194308020174503 275.66747391223907 130.4107216373086 69.506883166730404 70.56146565079689 92.032660074532032 56.235290460288525 1355.7343729138374 45.43128377199173 54.699100263416767 420.00729337334633 49.055248141288757 63.095021925866604 94.589157871901989 79.398064397275448 55.634909406304359 113.76466561853886 163.76869806647301 50.23012013733387 332.94075593352318 53.864254452288151 156.70773994922638 58.825218223035336 189.14017535746098 86.382280692458153 91.162246346473694 51.961629942059517 74.314481824636459 41.95621283352375 90.41734417527914 309.51981978863478 85.304436549544334 174.0995025858283 60.322329014539719 63.009768769145012 81.187842927873135 85.407706253230572 42.289817109704018 46.524743258953094 67.578692123293877 83.798724077641964 756.81567262858152 48.461634144186974 110.47222040593624 117.73454388976097 42.319719456136227 50.14122498780489 69.937374487519264 56.452983364462852 46.309198960661888 52.688115902245045 54.128206841647625 96.080869406461716 47.811905160546303 70.149388544261456 155.85300723463297 69.564530119299889 167.18718676269054
leaf_count=277 1430 573 207 208 215 1206 593 306 306 453 299 6188 209 251 1915 218 280 418 367 256 529 800 223 1674 248 666 292 871 488 415 233 337 195 421 1459 378 866 280 324 435 401 211 224 345 405 3768 215 485 559 213 227 316 250 203 245 238 431 243 335 661 297 727
internal_value=-0.000118608 -0.00160013 -0.00137739 -0.00164774 0.0150577 0.0032369 -0.00120994 -0.000109378 -0.003962 0.00361989 -0.00277248 0.000332776 -0.00159191 0.00388394 0.00194142 0.00243579 -0.00317181 -0.00584896 -0.00886833 -0.00362594 0.00286266 0.00411415 -0.00955794 -0.00526836 -0.00339402 -0.000538298 -0.00975557 -0.00633933 -0.00221408 -0.000281218 0.00358284 0.00641712 0.0113784 0.00302928 -0.00181385 0.000756713 0.00539736 0.00447715 0.00517857 0.000945761 0.0085528 -0.00323396 -0.0144644 0.00141848 -0.00452778 0.00733868 0.00409506 -0.000564127 -0.00369349 0.00162768 0.0114579 0.00589468 0.00482493 0.00264828 0.0041053 0.0119772 0.00671648 0.00586073 0.00445517 0.00687936 0.00256517 -0.00189914
internal_weight=8025.44 5567.35 5493.98 5405.07 88.914 2458.09 5211.96 3723.08 1488.87 218.829 148.268 3592.67 1875.87 520.138 465.439 1716.8 392.003 328.907 279.852 185.263 2409.06 1900.47 129.628 1270.04 937.102 646.766 290.335 231.51 592.902 506.52 349.812 297.85 206.688 132.374 508.589 394.824 1624.8 1450.7 1390.38 469.797 166.596 303.202 88.8146 214.387 146.808 920.584 1324.8 369.129 320.668 202.933 92.4609 955.67 885.732 679.07 632.761 206.662 152.534 580.073 532.261 462.112 306.259 236.694
internal_count=38308 26400 25827 25405 422 11908 23975 16869 7106 1058 752 16276 8563 2375 2124 7713 1762 1482 1264 846 11631 9265 590 6048 4374 3003 1371 1079 2755 2267 1601 1368 953 616 2366 1837 8059 7193 6913 2345 836 1509 435 1074 729 4568 5951 1699 1484 925 440 4252 3936 3017 2814 919 681 2569 2326 1991 1330 1033
is_linear=0
shrinkage=0.03


Tree=91
num_leaves=63
num_cat=0
split_feature=83 5 5 53 63 31 59 6 70 6 12 51 63 70 70 63 69 47 63 63 63 59 63 8 40 56 32 63 56 25 52 81 47 59 65 12 83 81 70 70 9 25 82 66 32 29 91 52 56 12 5 33 70 47 69 69 56 41 12 63 11 10
split_gain=31.9511 23.275 28.3306 21.4894 19.1175 35.2264 22.6158 20.7666 20.3659 19.4354 21.3302 24.1652 34.4074 23.3861 20.5217 23.2548 28.1622 26.4044 23.0482 28.7762 29.4126 20.4008 18.7938 20.0543 18.6585 18.055 17.669 17.5214 17.5158 21.5217 21.7867 18.1086 17.4328 18.3456 16.7254 16.3799 16.1671 15.7516 15.5169 16.9895 15.0615 14.1273 18.1839 17.332 16.9967 19.2747 14.107 18.7449 13.5129 15.3351 14.2141 13.3432 20.6249 15.5331 28.0091 16.6121 13.1546 13.5562 12.991 13.2379 12.9797 12.9602
threshold=1.2923802733421328 -0.00089970085537061084 0.00090214307419955741 1.076976001262665 0.9556623399257661 0.2424999997019768 -0.080801032483577714 -0.0011872347677126525 19390.500000000004 0.00078799424227327119 0.010403099469840528 0.037717122584581382 -0.99851059913635243 32639.500000000004 11621.500000000002 -0.87777194380760182 8338.5000000000018 0.99902802705764782 -0.7589854598045348 -0.4752392172813415 -0.33174875378608698 0.80833691358566295 0.7702331840991975 -0.0001787472720025107 -23.906067848205563 11.196866989135744 0.86750000715255748 0.054514370858669288 6.3672385215759286 32.385656356811531 -0.026663595810532566 -0.1321570202708244 0.99794092774391185 -0.01009214762598276 84.500000000000014 0.0052878584247082481 0.003450799267739058 -0.3235525637865066 7381.5000000000009 6761.5000000000009 0.00011432301835156979 87.574604034423842 21.329172134399418 195.50000000000003 0.15250000357627871 -1.3833121061325071 0.87193912267684948 0.42045828700065618 10.106014251708986 0.0085922912694513815 -0.00019230607722420243 1132.210632324219 6305.5000000000009 0.99826410412788402 9972.5000000000018 8338.5000000000018 6.0160470008850107 -13.33681011199951 0.0077751863282173881 -0.4047416597604751 0.66137629747390758 0.064712785184383406
decision_type=2 2 2 2 2 2 2 2 2 2 2 2 2 2 2 2 2 2 2 2 2 2 2 2 2 2 2 2 2 2 2 2 2 2 2 2 2 2 2 2 2 2 2 2 2 2 2 2 2 2 2 2 2 2 2 2 2 2 2 2 2 2
left_child=1 26 4 32 7 -6 -7 -3 34 10 11 12 -9 21 15 16 17 -14 -17 -20 -21 25 58 -24 -22 36 37 -28 35 -30 31 -31 -4 -34 -8 -16 -12 51 39 -11 -37 42 44 -43 -2 -46 -44 -48 49 50 -26 53 -53 54 -1 -55 -47 -58 -13 -60 -32 -61
right_child=41 2 3 -5 5 6 8 9 -10 38 13 22 14 -15 28 18 -18 -19 19 20 24 -23 23 -25 48 -27 27 -29 29 30 60 -33 33 -35 -36 40 -38 -39 -40 -41 -42 43 46 -45 45 56 47 -49 -50 -51 -52 52 -54 55 -56 -57 57 -59 59 61 -62 -63
leaf_value=-0.0017552711821928611 0.01474739447449764 0.0090149843615669537 -0.017248511314215179 0.0020315362222989484 0.022346819719018311 0.021463263065658659 -0.0081164273077784371 -0.022024540985701748 0.013909285928325976 0.0040505765122476663 0.0040150047773049782 0.022781997025404298 -0.017993509038696683 -0.022141449510999858 0.026737218659742334 -0.016805886677093498 0.023061578307680304 0.010608357730063191 0.021284443525701434 -0.022320634918041374 0.017017688211099207 -0.0082158113471589335 -0.013463499493853989 0.010528620010359212 -0.0095621983309853494 0.0097136032910699454 0.010093801486337681 -0.0055628049583541315 0.019526806941399504 -0.00098369505137549254 0.016467231631068713 -0.025335068819355509 0.0069899216328172999 -0.0075348008406464755 0.0086168322548115968 -0.00017437740151214929 -0.0038307803105063474 -0.008594095438872542 0.010276801046131752 -0.015431817100074701 0.017364281940516316 0.015724163353869874 -0.019643703389087417 -0.0096692296050446339 -0.020756520456554073 -0.019412099081011974 0.0077154238625191289 -0.021836434287983403 0.01188630124270082 -0.014455894624883258 0.0033847977150952965 -0.024441400077657043 0.0022068701801220259 0.0052195821118349401 0.025838920396092067 -0.019774023835429658 0.0037912212542246444 -0.012141004386603866 0.0017668579898953295 0.025017518803095565 -0.0040871142947150165 0.0085596195689599756
leaf_weight=75.479714959859848 40.477921180427074 323.52052579820156 118.61338226497173 403.23268512636423 115.78191223740578 54.717977598309517 188.17808440327644 59.524019733071327 80.454416245222092 254.42911243438721 353.16197916120291 66.754844024777412 48.315380588173866 51.741951256990433 53.683102086186409 104.58023779094219 70.396644994616508 72.847341388463974 45.845159970223904 65.671760372817516 46.94812422990799 333.64069640636444 68.851974040269852 57.575554370880127 119.75892239809036 155.22463355958462 153.09281830489635 110.95342636853456 46.355906598269939 58.694019198417664 56.735716864466667 51.686801806092262 100.35199899971485 355.56396455317736 75.26070898771286 96.595131151378155 714.79555724561214 527.33862531930208 344.85588794946671 47.862954705953598 81.037291891872883 55.510346427559853 151.31724628806114 42.875193886458874 63.476202800869942 36.409294731914997 48.317206829786301 32.185931324958801 50.604784846305847 105.38080018758774 210.39181719720364 45.323821008205414 61.75556256622076 56.574109897017479 58.971304215490818 41.483039677143097 194.29963722079992 63.863138988614082 155.82394513487816 60.54334182292223 53.936187781393528 149.1523200571537
leaf_count=375 255 1392 611 1903 674 240 824 267 351 1104 1755 327 217 225 272 474 327 340 224 299 235 1443 316 262 545 706 699 521 218 262 275 237 484 1748 319 453 3015 2494 1487 209 374 357 956 290 523 225 305 269 239 472 1015 219 286 301 291 228 1105 401 717 339 240 658
internal_value=7.35927e-05 0.00067468 0.00140435 -0.00327725 0.00229295 0.00778009 0.00354898 0.00168424 0.000698585 0.00113441 0.000288355 0.00231154 0.000326741 -0.00229973 0.001251 -0.00135709 0.00797082 -0.000797049 -0.00374216 -0.0016227 -0.00337664 -0.00164027 0.00763674 -0.0025374 -0.00104289 0.000153299 -0.0032796 0.00351482 0.00617063 0.000941607 -0.00295581 -0.0123864 -0.00700322 -0.00433775 -0.00333597 0.0122156 -0.00123626 -0.00534903 0.00592753 0.000965861 0.0078269 -0.00591479 -0.00756501 0.00465804 -0.00367883 -0.00576195 -0.0142458 -0.00409969 -0.00278707 -0.00449198 -0.0013116 -0.000309838 -0.00907263 0.00372578 0.0103478 -0.00535395 -0.00253083 -0.000150021 0.0106124 0.00838984 0.00645003 0.0133113
internal_weight=7988.78 7260.05 6129.08 977.762 5151.32 514.393 398.611 4636.92 343.893 4313.4 3666.26 2057.69 1498.99 1608.56 1439.47 940.741 191.559 121.163 749.182 644.601 598.756 1556.82 558.702 126.428 533.084 1223.18 1130.97 264.046 498.724 267.409 221.053 110.381 574.529 455.916 263.439 231.316 1067.96 866.926 647.148 302.292 177.632 728.732 630.347 98.3855 398.526 358.048 231.82 80.5031 486.136 435.532 330.151 339.588 107.079 232.508 134.451 98.0571 294.572 258.163 432.274 365.52 110.672 209.696
internal_count=38194 33508 28094 4746 23348 2408 1734 20940 1494 19548 16748 9604 6985 7144 6718 4387 884 557 3503 3029 2805 6919 2619 578 2506 5476 5414 1220 2331 1232 1014 499 2843 2232 1143 1099 4770 4194 2800 1313 827 4686 4039 647 2509 2254 1530 574 2271 2032 1560 1700 505 1195 666 529 1731 1506 2041 1714 515 997
is_linear=0
shrinkage=0.03


Tree=92
num_leaves=63
num_cat=0
split_feature=83 26 17 17 60 59 63 63 63 41 26 56 26 43 42 83 59 25 54 26 27 9 59 43 23 42 14 57 64 64 42 42 13 53 10 25 43 43 80 56 51 80 56 66 74 26 26 47 2 90 83 52 13 78 57 10 60 51 14 32 64 81
split_gain=43.2034 24.4354 22.0681 23.489 20.8284 16.7448 16.675 33.3056 22.2277 17.9829 21.8336 16.4444 16.2757 16.2159 26.5029 26.4344 22.7433 21.9005 19.0667 18.0828 16.1604 15.7713 18.9732 22.1801 17.8534 16.5401 15.8837 15.5359 15.3026 20.1766 15.2339 20.2433 23.4323 21.9953 19.1726 17.2638 15.2211 14.8794 13.9311 13.9287 13.8612 13.6208 17.0821 17.5778 13.5984 13.4883 14.98 14.2342 18.917 13.4332 12.9643 12.4527 15.7482 12.2493 15.6847 19.448 12.6261 11.9947 11.9776 11.8678 16.151 19.75
threshold=0.63788178563117992 3.9163285493850712 81.032993316650405 25.082938194274906 13.3707332611084 -0.88068169355392445 -0.7589854598045348 -0.70246198773384083 -0.87777194380760182 -26.708519935607907 2.7255803346633916 15.602433204650881 1.954026520252228 14.078411102294924 32.107835769653327 1.6618326902389529 1.6418679356575014 78.620353698730483 -0.22005594521760938 0.84779247641563427 0.83659291267395031 0.0047645429149270066 0.20543198287487033 -1.1507656574249265 2.5000000000000004 20.351043701171879 0.012919212691485884 14.480782508850099 0.83508598804473888 0.91442844271659862 73.234706878662124 57.792688369750984 0.012409592512995006 0.69787836074829113 0.043555550277233131 80.205627441406264 -23.715250015258786 5.3797452449798593 25.25541973114014 7.0397708415985116 0.030192729085683826 15.408072471618654 8.9936437606811541 120.50000000000001 0.70255684852600109 0.8448101580142976 1.2480123043060305 0.99849647283554088 8.6013082182034864e-05 -1.0563466548919676 0.96826326847076427 0.28264832496643072 0.015298543963581325 -0.077482074499130235 48.452409744262702 0.090166993439197554 4.8649618625640878 0.037392448633909232 0.01130336942151189 0.91250002384185802 -0.79202145338058461 -0.28705050051212305
decision_type=2 2 2 2 2 2 2 2 2 2 2 2 2 2 2 2 2 2 2 2 2 2 2 2 2 2 2 2 2 2 2 2 2 2 2 2 2 2 2 2 2 2 2 2 2 2 2 2 2 2 2 2 2 2 2 2 2 2 2 2 2 2
left_child=2 6 3 4 5 -1 8 -8 9 10 38 30 -10 14 15 18 -15 19 21 -16 -20 22 26 50 37 -26 36 -4 44 -30 31 33 40 49 -35 -32 -9 -25 -2 -11 -33 42 53 -44 59 -29 -47 -48 -49 -5 -24 52 -17 -36 55 56 -55 -31 -38 60 61 -7
right_child=1 -3 27 11 -6 28 7 13 12 39 -12 -13 -14 16 17 51 -18 -19 20 -21 -22 -23 23 24 25 -27 -28 45 29 57 35 32 -34 34 41 -37 58 -39 -40 -41 -42 -43 43 -45 -46 46 47 48 -50 -51 -52 -53 -54 54 -56 -57 -58 -59 -60 -61 -62 -63
leaf_value=-0.01816891769039047 -0.0021180075491446558 0.016812899846296459 0.013012955161096337 0.0039561357959294685 0.013888649324234573 0.0074702173316276432 0.022022214748047893 -0.0093683149359939794 -0.033087457783802836 -0.020509213298550457 -0.013915944538844678 0.017353167283071916 -0.011210931810362918 -0.013328585635034937 -0.013329319259033733 0.0022736393652402214 0.00786669824898578 0.027177846596063201 -0.011588885283209944 0.01098947049407948 0.0045747705875412749 0.015211206611489746 0.0071021092665741609 0.023195605736938473 -0.019173233266764754 0.0037009471113301461 -0.0090794742949421268 0.0056704197741464842 -0.022677285711935256 -0.014082498715609086 0.018912857107961117 -0.0093856937561587628 -0.021467803690544934 0.014006610554038641 0.025078064950373111 8.2384600873432014e-05 0.00040825804746670856 -0.001900823433756035 0.016837001330752697 -0.003616724969676301 0.011468746878194156 0.0022964762387267619 -0.011400000984262105 0.0089274380541392445 -0.011298617721931081 -0.013963040118102616 -0.012555376288721363 -0.0095047944571726908 0.0052229165552546376 -0.0057784135496113933 0.029560481228131402 -0.026288218587100776 -0.016221530968337488 0.015213030190688205 1.0689578450699975e-05 0.024496723337347578 -0.0013446996012786345 0.0059391803144842438 0.022580218297202179 0.015895016926219096 0.0025469417331371079 -0.012493874611750784
leaf_weight=57.122499614953995 68.406175687909126 51.845495991408825 48.241280883550644 198.66828758269548 75.852444194257259 62.195297762751579 47.888507150113583 51.673284217715263 49.356409005820751 88.683564051985741 61.380792528390884 73.484553173184395 80.57282792031765 255.55299735814333 41.849864177405834 67.317128613591194 55.45001582056284 44.820724308490753 235.09740164130926 80.358088359236717 72.941396087408066 65.144834131002426 49.241640999913216 41.343179278075695 57.602697968482971 56.216355867683887 250.75659108161926 99.482488542795181 66.800863571465015 44.200255617499352 110.31561823934317 57.761613510549068 65.968021929264069 170.74857468158007 47.44636245816946 72.692747324705124 45.247614994645119 43.774231985211372 71.236464947462082 87.053561560809612 56.981050334870815 1777.5165360122919 74.658554777503014 78.587135083973408 89.150623738765717 165.14722584933043 113.98285519331694 125.36274824291468 209.93831963092089 356.56029526144266 43.629821248352528 48.502323321998119 107.76195742189884 84.320949204266071 121.02897903323174 88.394846245646477 81.520945772528648 68.92110912501812 42.548337362706661 45.58576925098896 658.20680388063192 157.62026081234217
leaf_count=249 332 271 215 911 336 271 241 234 268 494 355 342 452 1299 222 420 287 231 1244 405 395 324 224 198 293 274 1250 441 303 200 562 287 286 992 218 345 207 208 384 516 259 7924 348 373 395 748 524 557 928 1632 216 427 735 416 546 397 408 302 207 196 2935 699
internal_value=-0.00015363 -0.00355556 0.00128087 0.00202772 -0.00137539 -0.00230179 -0.00401243 -0.00266228 -0.00882138 -0.00513145 0.00099666 0.00331058 -0.0195212 -0.00333514 -0.00199839 -0.00346631 -0.00954959 0.00924029 -0.0014809 0.00266155 -0.00776145 0.00110838 -0.000238656 0.0055476 -0.000103567 -0.00787545 -0.00456558 -0.00346418 -0.00154185 -0.00960402 0.00301088 0.00253809 -0.00722049 0.00311075 0.00429986 0.0114332 0.00355012 0.010289 0.00755159 -0.0121413 0.000970593 0.00359562 0.00760502 -0.000975726 -0.000109555 -0.00457759 -0.00623684 -0.00339686 -0.000283497 -0.00229526 0.0176528 -0.0128367 -0.00911022 0.0107158 0.00889992 0.0131316 0.00707394 -0.00188395 0.0111534 0.000970461 0.000195598 -0.00684517
internal_weight=7967.72 2363.25 5604.47 4842.31 1325.66 1249.8 2311.41 1804.72 506.69 376.761 201.023 3516.66 129.929 1756.83 1445.83 1278.8 311.003 167.029 1055.22 122.208 308.039 747.179 682.034 291.808 198.936 113.819 390.226 762.155 1192.68 179.922 3443.17 3260.16 180.711 3079.45 2524.22 183.008 139.469 85.1174 139.643 175.737 114.743 2353.47 575.958 153.246 1012.76 713.914 614.431 449.284 335.301 555.229 92.8715 223.581 175.079 422.712 375.266 254.237 165.842 113.121 87.796 923.608 878.022 219.816
internal_count=38158 12613 25545 22132 5886 5550 12342 9541 2801 2081 1071 16246 720 9300 7714 6856 1586 858 5274 627 1639 3635 3311 1413 973 567 1898 3413 5301 805 15904 14997 832 14165 11622 907 648 406 716 1010 546 10630 2706 721 4496 3198 2757 2009 1485 2543 440 1582 1155 1985 1767 1221 824 502 414 4101 3905 970
is_linear=0
shrinkage=0.03


Tree=93
num_leaves=63
num_cat=0
split_feature=83 12 31 63 64 47 57 69 57 64 64 64 64 26 29 27 61 26 57 60 64 29 25 65 25 63 12 83 31 57 80 4 38 78 40 59 54 57 63 63 30 25 13 28 26 22 47 4 67 65 80 54 83 16 6 31 26 63 47 43 26 90
split_gain=33.5576 20.2511 19.0959 21.1807 24.0404 24.4132 24.0038 22.367 18.6927 17.6667 23.5164 39.5187 64.1027 17.4603 22.8859 21.349 21.5298 22.7232 18.4073 18.643 18.4412 25.3743 23.6429 19.9739 17.3093 16.5753 16.222 16.0556 16.576 15.9198 28.5805 15.4863 14.6813 14.6798 17.2668 15.6793 16.8177 20.7448 19.8601 18.9846 15.0427 24.6195 38.7814 15.8315 18.4433 14.4093 14.3779 13.9645 16.7267 13.9018 13.8596 12.9704 12.929 13.3351 13.0933 12.8938 18.5152 18.0362 12.8911 27.5465 12.2513 13.8422
threshold=0.32453268766403204 0.0097753400914371031 0.017499999608844522 0.27353890240192419 -0.90164175629615773 1.0060310959815981 47.585063934326179 970.50000000000011 25.249123573303226 0.98364779353141796 0.51316559314727794 0.6411133110523225 0.83508598804473888 3.9163285493850712 -1.0759288668632505 1.2458739876747134 -3.6968472003936763 1.5971307158470156 41.064327239990241 -4.6509268283843985 -0.83025357127189625 1.0210732817649844 87.574604034423842 -942.49999999999989 59.04505920410157 -0.99851059913635243 0.006861722795292736 1.326517701148987 0.92250001430511486 38.475563049316413 20.104529380798343 -0.0011369687854312358 -0.71111202239990223 0.084463212639093413 2.1553512811660771 -0.98765763640403736 0.14464386552572253 38.24621772766114 -0.41667649149894709 -0.70246198773384083 0.37500000000000006 80.51474761962892 0.018688905052840713 -0.45411145687103266 2.0313453674316411 7.5000000000000009 0.99892926216125499 0.00093668737099505972 67.500000000000014 -677.49999999999989 19.362070083618168 -0.22005594521760938 0.13917518407106402 69.32462310791017 0.00062682875432074081 0.70749998092651378 1.6389505267143252 0.26092512905597692 0.99743211269378673 -2.7671172618865962 0.93384000658988964 -0.24838664382696149
decision_type=2 2 2 2 2 2 2 2 2 2 2 2 2 2 2 2 2 2 2 2 2 2 2 2 2 2 2 2 2 2 2 2 2 2 2 2 2 2 2 2 2 2 2 2 2 2 2 2 2 2 2 2 2 2 2 2 2 2 2 2 2 2
left_child=1 9 -3 7 -5 6 52 -4 -9 10 25 29 -13 14 24 16 17 -16 19 -18 22 23 46 -22 55 -1 32 28 51 30 -12 -25 -27 35 -35 -10 40 -38 39 -39 43 42 -42 44 -37 58 -20 48 -33 -28 -14 -21 53 60 -55 -2 57 -57 -8 -60 61 -6
right_child=13 2 3 4 5 -7 45 8 33 -11 11 12 50 -15 15 -17 18 -19 20 27 21 -23 -24 31 -26 26 49 -29 -30 -31 -32 47 -34 34 -36 36 37 38 -40 -41 41 -43 -44 -45 -46 -47 -48 -49 -50 -51 -52 -53 -54 54 -56 56 -58 -59 59 -61 -62 -63
leaf_value=-0.009032977499558793 0.0098367456893614768 0.013917225697774118 0.019917963166094798 -0.021676657558386176 -0.016841089772765442 -0.023819457289432893 -0.015679977336843304 -0.007459973030255574 -0.0095387972091107737 0.019255066811642015 0.0041383497888042168 0.025515431756813388 -0.012112208588118333 0.011908129752034863 0.025917596758024571 0.0037868753827699007 0.016323443952463594 -0.0016839200405645218 0.0060776444582993638 0.00027749760157098007 0.012678482606868212 -0.027388273557622494 0.019775634369934063 -0.022880666559302106 -0.028497457203124417 -0.0036142969597595101 0.017792465026733296 -0.0097709342052519355 0.011338998049763434 -0.02812410879297559 -0.024681062469467743 -0.023441648721876793 0.015479488658107637 0.0027134648997487335 -0.018829534324922601 -0.0029350054839456827 -0.015687768535971439 0.0002525713116253136 -0.01007803437714147 0.026720952125563628 0.0096889973970234224 0.017579477802872046 -0.014883706259191597 0.027992562280264279 0.019624196214678653 -0.020405225679421681 -0.0092359561636772558 -0.017894823623315684 -0.0039538531111583692 0.0030475585345941256 0.0060569792724477498 -0.0052068557284612764 -0.0036935552676346495 0.024792168461113838 0.0034114651606732805 0.011518648905440704 -0.023160052444235194 -0.014701716697107445 0.018224957634291911 -0.0080645856566461897 0.0063604328287898571 0.0045821223072895004
leaf_weight=63.288439050316811 31.31405832618475 82.619217902421951 59.490688338875771 63.737895920872688 55.042372740805149 46.931836187839508 72.520911462605 192.99182291328907 67.258306130766869 66.669344946742058 74.400406397879124 89.776525907218456 110.36261554062366 75.373608388006687 46.808636099100113 483.98891931027174 50.358871318399906 62.937325321137905 86.401757694780827 987.02700491249561 42.640676319599152 60.923269882798195 46.035410456359386 61.273841969668865 44.709766380488873 42.345947235822678 63.133378699421883 221.28972814232111 90.118102706968784 48.031977087259293 53.054865509271622 42.799664922058582 251.46974673122168 80.330577522516251 57.417834028601646 59.761761382222176 64.596450611948967 52.081620693206787 53.523204147815704 45.867501884698868 139.32182703912258 94.675446704030037 98.793586954474449 59.807709410786629 71.8059411495924 70.211410224437714 152.70400947332382 93.360823296010494 536.84459017962217 650.46783550083637 57.457148253917694 639.59030200541019 252.16951337456703 52.395050041377544 50.743321865797043 43.725508660078049 67.80259907990694 51.325458779931068 49.916464105248451 127.48281575739384 189.61355283856392 53.555264264345169
leaf_count=291 190 442 270 278 256 198 313 876 291 338 356 460 525 371 205 2320 250 280 407 4452 193 469 238 324 345 219 303 1289 424 206 237 202 1301 360 248 270 289 228 229 199 621 411 428 282 326 303 762 521 2595 3110 267 2919 1065 251 228 289 508 398 225 556 891 253
internal_value=-0.000466851 0.00150244 -0.00025142 -0.000764382 -0.00380197 -0.00268565 -0.00166696 0.0019856 0.00104835 0.00414325 0.00347328 -0.0024255 0.0050543 -0.00239487 -0.00266822 -0.00208795 -0.00297068 0.0100886 -0.00343131 -0.0016972 -0.00650178 -0.00874451 8.81355e-05 -0.00728253 -0.0116684 0.00585925 0.00679481 -0.00216546 -0.0011851 -0.013405 -0.00785809 -0.0084417 0.0127276 0.00278551 -0.00626633 0.00432964 0.00558973 -0.00145327 0.00461714 0.0126472 0.00849296 0.00463901 -0.000506166 0.0151948 0.00937717 -0.0083971 -0.00370233 -0.0071271 -0.00539279 0.00435206 -0.00589155 -0.00187896 0.00162986 0.00497457 0.014273 -0.00779325 -0.0111832 -0.00263978 -0.00502359 -0.000667255 0.00175864 -0.00627617
internal_weight=7954.48 3935.12 2364.66 2282.04 1084.32 1020.58 973.651 1197.72 1138.23 1570.46 1503.79 433.084 257.596 4019.35 3943.98 3705.1 3221.11 109.746 3111.37 1988.38 1122.98 837.843 285.141 776.92 238.877 1070.71 1007.42 1938.03 1716.74 175.487 127.455 734.279 293.816 945.242 137.748 807.493 740.235 216.069 151.472 97.9491 524.166 332.791 238.115 191.375 131.568 320.132 239.106 673.005 579.644 713.601 167.82 1626.62 653.519 401.35 103.138 194.168 162.854 95.051 249.92 177.399 298.211 108.598
internal_count=38151 18200 10587 10145 4817 4539 4341 5328 5058 7613 7275 2051 1252 19951 19580 17850 15530 485 15045 9334 5711 4304 1407 3835 1730 5224 4933 9084 7795 799 593 3642 1520 4182 608 3574 3283 945 656 427 2338 1460 1049 878 596 1397 1169 3318 2797 3413 792 7371 2944 1879 479 1385 1195 687 1094 781 1400 509
is_linear=0
shrinkage=0.03


Tree=94
num_leaves=63
num_cat=0
split_feature=83 83 64 80 56 54 57 80 63 65 54 41 53 44 44 41 52 31 54 44 12 41 31 43 7 14 41 0 33 64 52 14 47 13 64 90 53 12 10 43 59 78 43 14 64 64 33 43 63 8 57 7 63 43 64 83 81 21 64 42 59 54
split_gain=35.4403 19.932 18.089 17.3366 16.2149 26.1375 22.3099 19.0071 15.842 18.4206 16.8079 15.9044 15.8002 20.9125 17.5249 20.0685 18.5714 16.9153 15.6888 15.1747 21.2412 20.2237 17.3244 25.0816 20.6614 20.4514 34.3413 17.4228 16.415 18.6707 17.4883 18.1482 16.6637 16.1264 15.0418 14.9639 14.8158 14.556 14.1522 20.3367 16.3828 13.9693 13.6982 13.6331 13.9455 14.6501 13.2895 13.2688 13.4369 24.4859 13.2572 14.3348 13.0963 12.5232 12.4832 12.3462 11.9803 11.7879 11.7544 15.5948 13.1484 24.8834
threshold=0.10351252555847169 1.543337941169739 -0.99674141407012928 13.552102565765383 7.6503803730010995 -1.344562768936157 36.523143768310554 20.503109931945804 -0.42853991687297815 -71.499999999999986 -0.89358863234519947 -7.9047625064849845 1.4227036237716677 4.0630099773406991 -0.7009165585041045 -99.052349090576158 0.33929367363452917 0.70124998688697826 0.86776280403137218 2.7464517354965214 0.016171379014849666 -46.116567611694329 0.27250000834465032 -15.701606750488279 -0.0012484374456107614 0.017145828343927864 -25.788103103637692 20.500000000000004 633.78778076171886 -0.76744312047958363 -0.13434148579835889 0.011220230255275966 0.99962463974952709 0.021890974603593353 0.34816221892833715 -1.9786643385887144 0.82663261890411388 0.0067413654178380975 0.061327837407588966 1.2543312907218935 0.052409848198294647 -0.012348774354904888 10.727241039276125 0.012060055509209635 0.33586180210113531 0.57892408967018139 294.93165588378912 6.8418939113616952 0.32350382208824163 0.001356912369374186 24.483136177062992 -0.00080293312203139056 -0.76744312047958363 17.129424095153812 -0.91265374422073353 0.70735698938369762 0.075569801032543196 -1.4999999999999998 -0.98518189787864674 9.840675354003908 0.40075621008872991 -0.92133778333663929
decision_type=2 2 2 2 2 2 2 2 2 2 2 2 2 2 2 2 2 2 2 2 2 2 2 2 2 2 2 2 2 2 2 2 2 2 2 2 2 2 2 2 2 2 2 2 2 2 2 2 2 2 2 2 2 2 2 2 2 2 2 2 2 2
left_child=2 12 -1 38 5 6 -5 -8 10 11 -6 -10 14 46 58 -16 19 -15 35 22 21 34 -17 24 -24 27 -27 41 30 -30 31 -23 -33 -28 -21 -7 -32 52 43 40 -40 -25 -39 44 -4 -46 55 -3 49 -49 -11 -52 -37 -44 -48 -14 -20 -56 59 -2 -60 -62
right_child=1 47 3 4 8 18 7 -9 9 50 -12 -13 13 17 15 16 -18 -19 56 20 -22 28 23 25 -26 26 33 -29 29 -31 36 32 -34 -35 -36 37 -38 42 39 -41 -42 -43 53 -45 45 -47 54 48 -50 -51 51 -53 -54 -55 57 -57 -58 -59 60 -61 61 -63
leaf_value=0.022048508183538294 0.019583846439135352 -0.010966438352594681 0.015814103488889484 0.012917034510984499 -0.00041417006038953739 0.0028229238397483045 0.0094896226607998017 -0.018274291736204085 0.00073703910031420366 0.021842021146021764 0.020560247121309591 -0.01813729156509054 0.0083336266555625125 0.0058642192606285079 0.01884022526782949 0.022232967520451147 -0.011768651548094566 -0.012418242079934243 0.016267143641005854 0.014615076954328838 -0.0075227972445122042 -0.017857810713958824 0.0074823685817100955 0.034011866497512332 -0.018997253859429172 0.021043343694737326 -0.020579074989417311 0.0041889714347325014 -0.014778230439591438 -0.0016207734513529414 -0.0005801306224880754 0.017871774797956316 -0.0083848261818961975 0.0019642108610142097 0.00025820951438568229 -0.0064628242374569203 0.013019854891081961 -0.0056064881171953391 -0.00056941142793153605 -0.007832908931675351 0.019982904119334895 0.011548700381843115 -0.027334975037635895 0.028215170795543629 -0.013305768734885834 0.010863811754214447 0.000313435768416711 -0.0073615548312362233 -0.013891078086352704 0.022683114255941047 -0.0091140630337693002 0.010184941573883206 0.012940409343580348 -0.0097545733076862141 0.0035046752204380307 -0.01274360577870195 -0.0039786622044723757 0.019265675303236286 -0.0063160730300295198 -0.0020194841143551237 0.01628010267035988 -0.0027989463758237073
leaf_weight=43.824416816234589 44.656560719013214 307.24728847295046 128.18824092298746 197.08691059798002 51.582246318459511 199.66867396235466 42.012699112296104 47.039044141769409 186.34668786078691 52.636236548423767 103.14041419327259 51.226009532809258 53.46959176659584 80.860479451715946 51.342335447669029 47.817079246044159 117.03480556607246 104.289496563375 62.549675956368446 147.9408091083169 343.91705295443535 59.136179618537426 42.551630765199661 48.919642813503742 70.392444878816605 46.883062697947025 57.842178456485271 86.817593708634377 118.00088319182396 547.06155047565699 119.64811085164547 40.163810387253761 47.459086880087852 56.412290446460247 118.11636773496866 66.674036458134651 181.38185078650713 380.26672573387623 69.442160412669182 102.54471626877785 70.188698396086693 50.778301253914833 57.156070604920387 41.202176101505756 39.470953479409218 52.714277945458889 71.203347533941269 53.938381940126419 42.820823490619659 44.599302865564823 48.774849206209183 119.51725518703461 59.020395740866661 100.74387737363577 59.398890152573586 46.995295561850071 45.396778598427773 151.99163289368153 1064.2197614535689 92.09046658873558 66.453944586217403 829.1693657413125
leaf_count=254 196 2143 721 1003 243 954 198 207 912 280 488 232 229 351 229 205 678 483 312 659 1603 299 198 224 315 221 281 392 514 2434 520 198 237 276 528 325 786 1721 340 458 343 223 247 237 195 288 313 352 320 289 235 593 335 448 270 238 213 681 4853 393 308 3838
internal_value=-7.7756e-05 -0.00140596 0.00295002 0.00259754 0.0012674 -0.000682876 0.00728618 -0.00517587 0.00526707 0.002466 0.0135677 -0.00333269 -0.000869089 0.00384456 -0.00146478 0.000285922 -0.000119746 -0.00443375 -0.00303008 0.000491271 -0.000852719 0.000810882 0.00504555 0.00326123 -0.00902107 0.00725146 -0.000576877 0.0140146 -0.000965568 -0.00395528 0.00347479 -0.00501625 0.00365044 -0.0094485 0.00824133 -0.00437801 0.00761437 -0.00654382 0.00753746 0.00231159 0.00976169 0.0225709 -0.00869068 0.0123758 0.00941433 0.000515122 0.00784584 -0.00746681 0.000139739 0.00623701 0.00870156 0.00459165 0.00264805 -0.0161183 0.0111776 -0.00152585 0.00775279 0.014837 -0.00346851 0.00503537 -0.00406186 -0.00138331
internal_weight=7931.44 5513.02 2418.41 2374.59 1870.84 1257.61 286.139 89.0517 613.224 458.501 154.723 237.573 5064.42 568.209 4496.21 2399.62 2348.27 185.15 971.476 2231.24 1722.83 1378.91 508.414 460.597 112.944 347.653 161.138 186.516 1112.85 665.062 447.789 146.759 87.6229 114.254 266.057 863.53 301.03 663.861 503.751 242.176 139.631 99.6979 538.167 261.576 220.373 92.1852 383.059 448.606 141.359 98.5377 220.928 168.292 125.694 157.9 282.594 100.465 107.946 211.391 2096.59 136.747 1959.84 895.623
internal_count=38059 26277 11782 11528 8946 5963 1408 405 2983 2252 731 1144 23173 2565 20608 11020 10791 834 4555 10113 7778 6175 2335 2130 513 1617 778 839 4988 2948 2040 734 435 557 1187 4030 1306 3076 2582 1141 683 447 2416 1441 1204 483 1731 3104 961 641 1108 828 660 695 1264 467 525 951 9588 589 8999 4146
is_linear=0
shrinkage=0.03


Tree=95
num_leaves=63
num_cat=0
split_feature=83 41 69 29 7 12 6 42 56 59 60 70 65 51 51 32 80 70 82 65 59 12 58 38 9 48 33 41 80 69 70 8 70 29 58 12 27 5 59 38 16 38 8 45 40 5 56 38 56 67 65 9 7 60 33 46 4 83 59 12 8 1
split_gain=35.1811 20.363 19.8607 18.1616 18.7628 21.9876 23.1494 18.9503 20.4157 19.1124 18.7196 16.9538 25.7191 28.0587 31.6005 19.651 21.03 26.8933 19.9751 19.5966 22.9377 18.7951 18.7469 17.5694 17.0102 16.1465 15.0848 14.7763 28.9828 14.6656 14.5249 19.4256 18.8108 13.913 19.3281 20.5275 16.6178 15.6589 15.6377 13.8425 16.368 15.321 13.3103 13.924 13.1224 12.9331 16.4435 14.1438 15.5941 12.2671 24.6295 24.318 15.9959 20.2722 19.7969 15.3061 14.9902 13.4497 13.3125 12.2518 11.9365 11.6289
threshold=0.63788178563117992 -109.37187576293944 141.50000000000003 -0.61663898825645436 -0.0026636171387508507 0.012728246394544842 -0.00070689016138203431 56.809194564819343 7.2039778232574472 -0.80363446474075306 13.3707332611084 11933.500000000002 -773.49999999999989 0.020234299823641781 0.037392448633909232 0.4825000017881394 13.651201248168947 30904.500000000004 65.89511871337892 -677.49999999999989 0.80833691358566295 0.0072773778811097154 0.34721176326274877 1.3206800818443301 -0.00034312109346501524 1.0008090734481814 1002.9856262207032 -18.574705123901364 22.009874343872074 3795.5000000000005 9614.5000000000018 0.00088286536629311751 8816.5000000000018 -1.4474478960037229 -0.79385286569595326 0.030115982517600063 0.61396855115890514 0.0014380452921614053 -0.88068169355392445 0.23659959435462954 57.391994476318366 -1.0000000180025095e-35 0.00062619801610708248 1.0000000180025095e-35 -31.504520416259762 0.00083425932098180066 6.4174907207489023 -0.68243968486785878 10.16424608230591 555.50000000000011 -101.49999999999999 -0.0012876464752480386 3.2261748856399215e-05 9.1587657928466815 289.59730529785162 1.0003380179405215 0.00098084489582106493 0.010669274255633356 0.70789548754692089 0.0085446457378566282 0.00048154195246752357 0.00010653875142452308
decision_type=2 2 2 2 2 2 2 2 2 2 2 2 2 2 2 2 2 2 2 2 2 2 2 2 2 2 2 2 2 2 2 2 2 2 2 2 2 2 2 2 2 2 2 2 2 2 2 2 2 2 2 2 2 2 2 2 2 2 2 2 2 2
left_child=1 -1 -3 10 -5 6 -6 9 -9 -7 -4 12 13 -8 27 16 24 39 -17 20 26 22 -21 30 -13 29 -14 28 -15 -24 32 -32 45 -2 -35 36 37 38 -36 40 -18 -42 -39 -44 -40 47 -47 60 -49 52 51 -51 53 57 55 -54 -52 -11 -59 -19 -23 -53
right_child=33 2 3 4 5 7 11 8 -10 49 -12 15 19 14 -16 18 17 59 -20 21 -22 23 25 -25 -26 -27 -28 -29 -30 -31 31 -33 -34 34 35 -37 -38 42 44 -41 41 -43 43 -45 -46 46 -48 48 -50 50 56 61 54 -55 -56 -57 -58 58 -60 -61 -62 -63
leaf_value=0.019346914510137356 -0.017937336657085991 0.020371014435567682 -0.0064506981079599348 0.011984481164568617 0.010274037468306184 -0.014710875084596316 0.011157217853853719 -0.028016494804413584 -9.3955477770807977e-06 0.021737300570157051 0.012253533540010826 0.001708159411220258 0.010226469636949276 -0.0018783542292784322 0.0085503088990239763 0.019321667295491882 0.0081927781573487221 -0.0036594993608020931 -0.0035937075562198677 0.021258204792055597 -0.0056635115195964167 0.0037386753253423545 -0.015914124361611291 -0.012968664199695909 0.023986089477422191 0.018543767830327872 0.033964883598813458 -0.030276363005790456 -0.031183294689020393 0.0055499875716991075 -0.016876429179407602 0.0070796922433362577 0.020194155649708858 0.01076065059059964 0.015105407308753959 -0.014621814782308474 0.001808848468951321 -0.024514484557471836 -0.017378289202478688 0.014456238913134842 0.0019286696373804664 -0.018088697003419821 0.00088097786116827646 -0.021755301883256827 -0.0028692405900175365 -0.02121761662793737 0.0017020305427163974 -0.0017254133419384945 0.012550834569338002 -0.030363988908869419 0.0021404272120971223 -0.013292168323126923 -0.018305036647595134 -0.0091892510752628106 0.0035020434283806472 0.0027037185274012584 -0.010035893411852525 0.012177757523739756 -0.0060372081716333964 -0.02252336479555914 0.020871837829695081 0.0048532301955448113
leaf_weight=57.22210631519556 53.571365520358086 49.00752267986536 430.27268866449594 155.48364277929068 345.83401673287153 81.08678625524044 58.11810490489006 47.974757492542267 45.774887830018997 81.435839369893074 54.226017817854881 55.583672873675823 54.658296972513199 86.430381372570992 52.650247693061829 147.46194633841515 145.02451303601265 73.412278540432453 44.587046891450882 72.926929078996181 42.71554309129715 95.577940031886101 46.357298865914345 95.810949228703976 69.30997709184885 44.117239713668823 43.081860810518265 58.379563674330711 46.83195549249649 75.001424886286259 89.457099698483944 46.195223778486252 47.43979524075985 95.241373285651207 41.798491403460503 129.69911827892065 617.42142172902822 56.717716723680496 58.84493064135313 91.95798747241497 85.744144633412361 57.482535898685455 73.695682108402252 36.604126043617725 1203.5627671405673 51.320495747029781 62.45877343416214 526.82291634380817 79.21531654894352 48.192714124917984 606.2963403314352 73.051420286297798 82.261859782040119 50.193781584501266 312.44408019632101 50.292184501886368 107.06313933432102 127.4344854131341 50.390810668468475 53.619717203080654 59.30452898144722 56.273153826594353
leaf_count=316 456 226 1929 695 1506 355 283 204 204 401 239 280 247 398 240 707 690 340 203 386 206 453 226 442 365 215 207 248 209 377 411 203 232 498 203 823 3235 404 294 435 400 253 494 268 6006 230 281 2424 368 208 2720 329 365 224 1360 224 490 547 218 236 275 250
internal_value=0.000241068 0.00154287 0.00135811 0.00118761 0.00172701 0.00139647 0.00297263 -0.00120559 -0.0143415 -0.000492272 -0.00435728 0.00202302 0.000417558 -0.00757789 -0.012035 0.00559724 0.00304394 0.000328758 0.0140015 0.00199535 0.0126753 0.000917728 0.00858596 -0.000666983 0.0140713 0.00300117 0.0206899 -0.0176905 -0.0121769 -0.002649 0.000447259 -0.00871838 0.00179558 -0.00282282 -0.00247284 -0.003041 -0.00232186 -0.00405538 -0.00294781 0.00432159 0.00108843 -0.00610509 -0.0127041 -0.0066311 -0.00354555 0.000797723 -0.00863595 0.00220833 0.000140636 0.000208464 -0.00217535 -0.0121747 0.00302333 0.00826162 -0.000619413 -0.0103341 0.000312968 0.0116402 0.00701614 -0.0116219 0.010299 -0.00539654
internal_weight=7938.42 5571.27 5514.05 5465.04 4980.54 4825.06 3004.89 1820.17 93.7496 1726.42 484.499 2659.06 1834.87 302.41 244.292 824.184 632.135 507.241 192.049 1532.46 140.456 1392.01 238.403 1153.6 124.894 165.476 97.7402 191.642 133.262 121.359 1057.79 135.652 922.14 2367.16 2313.59 2218.34 2088.65 1471.22 1304.21 380.209 288.251 143.227 167.018 110.3 1262.41 874.7 113.779 760.921 606.038 1645.33 890.877 177.517 754.453 309.455 444.998 132.554 713.359 259.261 177.825 127.032 154.882 129.325
internal_count=38161 25480 25164 24938 22770 22075 13976 8099 408 7691 2168 12470 8561 1378 1095 3909 2999 2354 910 7183 660 6523 1204 5319 645 818 454 855 607 603 4877 614 4263 12681 12225 11727 10904 7669 6503 1778 1343 653 1166 762 6300 4031 511 3520 2792 7336 3997 787 3339 1390 1949 589 3210 1166 765 576 728 579
is_linear=0
shrinkage=0.03


Tree=96
num_leaves=63
num_cat=0
split_feature=83 26 29 53 10 63 58 22 65 52 57 70 63 43 26 80 57 57 52 26 59 59 63 47 64 47 26 16 29 13 56 63 80 56 10 28 28 53 14 70 6 20 53 9 41 26 53 47 64 46 52 51 56 31 63 29 27 6 47 40 47 30
split_gain=32.2111 22.944 23.4176 21.4882 23.2082 21.2829 18.5813 16.3441 25.7444 32.1394 28.5518 28.976 20.3081 18.9853 17.1095 27.9658 22.4124 21.5829 16.9316 28.813 18.1418 17.8593 15.686 30.9306 30.299 41.1157 28.3441 26.2542 25.6565 20.3072 19.3997 18.4545 18.8996 16.7848 16.219 16.0543 29.5125 15.5299 15.3664 14.9961 14.8995 16.0525 14.3879 14.7127 14.091 13.9033 13.848 13.781 13.4422 19.1114 22.2075 18.5945 23.0526 26.1387 20.8652 15.1048 16.1716 15.6728 14.4773 14.1183 13.2966 15.0982
threshold=0.63788178563117992 3.9163285493850712 -1.2016384005546568 1.2164460420608523 0.031270854175090797 -0.77576932311058033 -0.66880580782890309 19.500000000000004 -677.49999999999989 -0.21073463559150693 36.523143768310554 8943.5000000000018 -0.99115538597106922 -22.245958328247067 3.0333400964736943 22.009874343872074 40.76795959472657 30.760325431823734 0.17544251680374148 0.8448101580142976 0.1705465763807297 -0.2301540672779083 0.34816221892833715 1.0063101053237917 -0.79202145338058461 0.99944406747818004 0.95215162634849559 54.772487640380866 -0.50456637144088734 0.010366132482886316 6.3672385215759286 0.63101285696029674 22.298600196838382 7.766564369201661 0.046466315165162093 -1.0024993419647215 -0.3242842555046081 0.85686832666397106 0.030730669386684898 9236.5000000000018 -0.00063989366753958155 0.34177550673484808 0.72880399227142345 0.00077080357004888367 -58.024864196777337 0.77450451254844677 1.0323297381401064 0.99838799238204967 -0.73283809423446644 1.0020866990089419 0.08871158212423326 0.034326132386922843 7.8531892299652108 0.7124999761581422 -0.39273749291896815 1.166577994823456 1.4905351400375368 -0.00027064679306931788 1.0005049109458926 15.492917537689211 0.99800962209701549 0.37500000000000006
decision_type=2 2 2 2 2 2 2 2 2 2 2 2 2 2 2 2 2 2 2 2 2 2 2 2 2 2 2 2 2 2 2 2 2 2 2 2 2 2 2 2 2 2 2 2 2 2 2 2 2 2 2 2 2 2 2 2 2 2 2 2 2 2
left_child=3 2 -2 4 5 -1 -4 8 9 -6 11 -11 -10 44 16 -16 17 39 22 -20 21 -21 34 24 25 -24 27 29 33 47 -27 -30 40 -28 -15 -31 -37 45 48 -9 -33 -42 43 -36 -14 -29 -22 -26 49 50 -8 52 53 58 -54 56 -53 -58 59 -50 -44 -62
right_child=1 -3 6 -5 7 -7 38 14 12 10 -12 -13 13 18 15 -17 -18 -19 19 20 46 -23 23 -25 26 30 28 37 31 35 -32 32 -34 -35 42 36 -38 -39 -40 -41 41 -43 60 -45 -46 -47 -48 -49 51 -51 -52 55 54 -55 -56 -57 57 -59 -60 -61 61 -63
leaf_value=-0.0023206872195253962 -0.014746671714679393 0.016420306854573595 0.010855162263290275 0.0056459819233520185 -0.014567831298612593 0.024607326722586524 0.0037116222511817533 -0.015152380953199705 -0.0094594259245248703 0.034301260340694681 -0.00012297683179549743 0.0088369869605440833 0.0200985364539071 0.020793358669017974 0.020370160770781433 -0.010629762401588073 -0.025201743052279253 0.013451462532483296 0.0098219952526115133 -0.010788013935211416 -0.01663272894440531 0.011438501804704772 0.0080488300412557834 -0.023034017894911316 0.015771702542798638 -0.0054101816045771921 -0.011885982911805437 0.02589515022372094 0.02266659890447386 -0.029186455366848565 -0.02673949177004533 0.013306515132856082 0.012740903019962226 0.0093823093433484783 0.00040659071820438661 0.0090811964314951484 -0.016198591862431524 -0.0026604022188090218 -0.016336851532146372 0.0026089314041967942 -0.0099815696350069455 0.0038468245362049997 -0.0022353217537229024 -0.019365031099168803 0.0042944122282756337 0.0034228954641401174 -0.00076894536887248219 -0.0048804688028565362 0.019004755593826885 0.013572028275333749 -0.010523669925385341 -0.0058774975606978221 -0.020661657967895489 0.029347430614193246 0.0052359359481107303 -0.017518642819137571 -0.004085001946038504 0.020539428899322604 -0.010709815524533491 -0.0034038755615030539 0.01455754238791649 0.0040584523268559171
leaf_weight=43.185886450111866 147.87995521724224 54.935593970119953 91.073177561163902 912.24028983712196 42.908847868442535 68.025651805102825 291.91494708508253 130.51879133284092 186.74156092107296 77.365853667259216 88.79197359085083 83.759075433015823 69.128135934472084 48.212320245802402 52.791414059698582 51.978002160787582 61.739819526672363 46.362669378519058 95.365001201629639 62.895785324275494 209.59861825406551 67.404058568179607 77.156683295965195 54.444521307945251 41.302400648593903 62.285301953554153 116.82987684756517 45.575403071939945 64.467133790254593 45.299513548612595 99.986278638243675 85.735251627862453 232.45085000246763 46.763337448239326 124.89215390384197 56.464037947356701 157.48668517917395 110.06757598370314 74.833070576190948 63.645144626498222 112.25088427960873 231.08217964321375 201.29446677863598 46.478257440030575 191.23494400829077 54.298882260918617 64.846075534820557 98.267048925161362 58.231554985046387 97.618493854999542 148.95926170051098 970.83267020434141 58.378845930099487 43.430485263466835 53.80463969707489 90.138140797615051 50.892316356301308 42.848191224038601 47.804610371589661 44.750237576663494 161.37146850675344 522.1153759509325
leaf_count=245 1167 283 429 4151 194 415 1388 577 837 358 394 383 330 286 250 228 262 204 431 297 976 318 349 238 196 289 529 215 287 200 444 383 1036 213 549 253 707 507 481 282 511 1082 891 210 867 250 301 475 259 538 796 5022 283 214 240 698 261 213 225 201 738 2312
internal_value=0.000189109 -0.00274133 -0.00319636 0.00143576 0.000610657 0.0141506 -0.0024076 0.000279251 0.000843659 0.00941828 0.0135365 0.0210639 0.000190431 0.000683186 -0.0054567 0.00499054 -0.00907785 -0.00493907 8.47381e-05 -0.00501271 -0.00850803 0.000709754 0.00096484 -0.000768147 -7.05548e-05 -0.00998018 0.00151296 -0.00347492 0.00492629 -0.00799513 -0.0185526 0.00734479 0.00585163 -0.00580641 0.00377721 -0.0129621 -0.00952697 0.00511197 -0.00298987 -0.00933039 0.00211931 -0.000674294 0.00300044 -0.00495577 0.00849051 0.0136776 -0.0128844 0.00123107 -0.00249037 0.00156132 -0.00109809 -0.00398363 0.00258636 0.00884036 -0.00824084 -0.00572696 -0.00472855 0.00717067 0.00293378 0.00926719 0.00454145 0.00653729
internal_weight=7935.43 2368.33 2313.39 5567.11 4654.87 111.212 2165.51 4543.65 4136.62 292.826 249.917 161.125 3843.79 3657.05 407.036 104.769 302.266 240.527 3396.69 500.11 404.745 130.3 2896.58 1792.21 1737.77 239.428 1498.34 608.762 889.58 398.82 162.272 725.986 661.519 163.593 1104.36 259.25 213.951 209.942 2074.44 194.164 429.068 343.333 1056.15 171.37 260.363 99.8743 274.445 139.569 1999.6 538.493 440.874 1461.11 306.4 194.217 112.183 1154.71 1064.57 93.7405 150.786 102.982 884.781 683.487
internal_count=38148 12698 12415 25450 21299 660 11248 20639 18836 1329 1135 741 17507 16670 1803 478 1325 1063 15473 2323 1892 615 13150 8164 7926 1082 6844 2803 4041 1831 733 3299 3012 742 4986 1160 960 972 10819 859 1976 1593 4700 759 1197 465 1277 671 10338 2722 2184 7616 1422 899 523 6194 5496 474 685 460 3941 3050
is_linear=0
shrinkage=0.03


Tree=97
num_leaves=63
num_cat=0
split_feature=83 77 18 17 56 52 12 64 70 64 64 63 68 54 5 90 64 69 66 17 60 57 49 13 42 29 81 5 4 80 64 81 51 63 57 69 52 64 40 64 70 64 54 8 53 90 40 10 83 31 27 56 49 10 52 83 46 66 3 42 57 41
split_gain=33.239 24.3421 20.9179 17.8812 17.8517 17.1999 17.3653 27.0756 16.1632 33.781 57.3786 27.0141 22.5513 41.2951 26.8979 26.1769 34.6219 24.4297 21.147 20.929 20.5719 18.8596 18.2024 21.5601 30.3989 18.0704 17.7464 17.4975 25.4098 22.6833 22.2361 17.6526 30.3316 19.5473 17.0658 21.7858 16.8003 19.8745 15.7375 17.182 18.9184 15.6995 16.9845 15.6779 15.2567 15.7268 14.8287 14.8421 13.9939 15.6481 17.0561 13.8424 13.6052 16.7875 13.3749 13.0357 12.7365 12.3859 12.3237 12.206 18.0842 14.2693
threshold=0.10351252555847169 -0.37425148487091059 4.2299287319183358 14.50527334213257 9.3144884109497088 -0.30117683112621302 0.0072108020540326842 -0.10235826298594473 7419.5000000000009 0.65110388398170482 0.50188699364662182 -0.4752392172813415 0.87837970256805431 -0.93818336725234974 0.0018160269828513267 0.8835703730583192 -0.015271000564098356 9972.5000000000018 375.50000000000006 82.646514892578139 2.7267166376113896 22.081564903259281 0.99787676334381115 0.014521691948175432 45.173339843750007 -1.0759288668632505 -0.23164585977792737 -0.00058367359451949586 -0.00098453013924881794 17.990185737609867 -0.33996844291687006 -0.39231319725513453 0.061605541035532958 -0.01963364519178867 23.425226211547855 2529.5000000000005 -0.10004316642880438 -0.35632950067520136 -19.091311454772946 0.87985393404960643 4917.5000000000009 -0.12836257368326184 -1.8053607344627378 -0.005082738120108842 0.7938746213912965 -1.3416424989700315 6.6994943618774423 0.19989908486604693 0.92666059732437145 0.81125000119209301 -1.0193243622779844 5.0210006237030038 0.9996050000190736 0.032456129789352424 -0.097756821662187562 0.63788178563117992 1.000256419181824 535.50000000000011 0.00011073493442381734 51.157728195190437 55.657148361206062 -22.084786415100094
decision_type=2 2 2 2 2 2 2 2 2 2 2 2 2 2 2 2 2 2 2 2 2 2 2 2 2 2 2 2 2 2 2 2 2 2 2 2 2 2 2 2 2 2 2 2 2 2 2 2 2 2 2 2 2 2 2 2 2 2 2 2 2 2
left_child=4 -2 3 -3 5 -1 7 54 19 10 12 -11 14 21 15 25 17 -17 -18 27 -19 -14 43 24 57 -10 36 29 -29 -4 31 32 -31 -33 35 -28 37 -27 -30 48 -41 55 -43 -13 45 -8 47 -25 49 50 -40 -12 -9 -54 -7 -23 -55 -24 -21 60 -46 -62
right_child=1 2 8 -5 -6 6 44 52 9 11 51 22 13 -15 -16 16 18 20 -20 58 -22 41 23 46 -26 26 34 28 38 30 -32 33 -34 -35 -36 -37 -38 -39 39 40 -42 42 -44 -45 59 -47 -48 -49 -50 -51 -52 -53 53 56 -56 -57 -58 -59 -60 -61 61 -63
leaf_value=-0.013910428891936884 -0.019875269228705073 0.0027060326757556638 0.0051453301246722517 0.019834196476992711 0.0089079338067968479 0.0050319494306044167 0.0047065731750641736 0.01329140756191176 -0.022445246387260528 0.028706977383626063 -0.005703913735491669 0.0053168448119718286 0.018557841224791167 0.027910649431635504 -0.017108098618637883 -0.0043184629887181771 0.027319303904645334 0.024066520038793719 0.0052667356973725155 -0.019522590572061731 -0.0025357262185080887 0.011079971046702417 0.0057687136940453836 -0.01424668961365347 -0.010302684495134024 0.0065022538450357058 0.010445247796458645 -0.020949028984548094 0.0079389077120828495 0.027053686238545208 -0.01540725145298379 -0.0011736179930437679 -0.0075632493660211164 -0.023032497340382648 -0.0096587312352941577 -0.0083757054383188697 0.012980934869352369 -0.014699521381623424 -0.0078382050050716748 -0.024781721931356714 -0.0011535831716663538 0.0011405136784264358 -0.025553375803494326 0.03060003413374613 0.0070786776153490194 -0.0067745185860632589 0.011241345714227987 0.004716799897896644 -0.0075784302111500407 0.016994090750549036 0.0036559076745317372 -0.024777416315951446 0.010345210729602369 -0.016760400937869447 0.026533926361529198 -0.0045893982535297083 0.0021363314196343234 0.019070507779730562 -0.0066024603987608656 -0.007029740978919184 -0.011973979177292607 0.0022947138176544466
leaf_weight=58.990808665752411 60.82303861528635 216.00896553695202 132.10318186879158 73.527182213962078 411.47845460474491 37.692232020199299 155.64238724857569 81.683517180383205 45.067848868668079 44.6700119972229 49.729386895895004 47.119371443986893 51.694874867796898 66.072199329733849 96.292475253343582 322.20994964241982 78.16925310343504 59.062851868569851 78.373679608106613 84.043794870376587 46.967360734939575 100.10047695040703 129.09525946527719 123.99094501137733 68.297975569963455 93.701008416712284 108.13924756646156 49.298826426267624 238.96681673824787 40.949747391045094 239.92139270156622 108.32003428041935 51.341953985393047 55.779064923524857 381.16221291571856 113.39321371912956 102.95325588434935 69.163249485194683 147.64336034655571 52.332594834268093 73.095311842858791 44.125274829566479 41.749109588563442 41.526589319109917 636.90557990223169 346.27685717493296 42.110082611441612 53.0324966609478 148.56771194934845 61.525157183408737 545.40959741175175 109.97717699408531 72.224888823926449 67.156161911785603 84.193142756819725 91.424120850861073 61.496950939297676 123.05402287840843 317.26566845923662 96.219907037913799 88.047305397689342 222.42229029536247
leaf_count=254 443 1120 583 317 2093 199 743 440 326 201 228 246 229 324 647 1478 352 272 365 462 213 427 583 574 295 442 478 235 1046 215 1281 523 290 276 1712 492 444 339 629 233 323 213 200 208 3116 1611 226 296 773 261 2297 528 424 324 478 480 318 569 1699 461 402 986
internal_value=0.000283979 -0.00100144 -0.000791131 0.0070557 0.00321513 0.00204912 0.00253193 0.00806614 -0.00123066 0.00029897 -0.00153735 0.00616499 -0.000148747 0.00626695 -0.0017386 -0.000750877 0.00420531 -0.000208086 0.0162786 -0.00307049 0.0122827 0.00192155 0.00456215 0.00249234 0.00745135 -0.00392333 -0.00296221 -0.00178363 0.000181892 -0.00590237 -0.00884294 -0.00270028 0.00779625 -0.00860369 -0.00581016 0.000811588 0.00349499 -0.00250146 0.00100374 -0.000607493 -0.011012 -0.00117872 -0.0118371 0.0171609 0.00108368 -0.0032143 -0.00475939 -0.00856563 0.000837475 0.00249447 0.00120728 -0.0188383 0.00296815 -0.00122963 0.0198846 0.00360021 -0.00772765 0.0122603 -0.00930824 0.00315081 0.00418479 -0.0017518
internal_weight=7939.78 5519.35 5458.53 289.536 2420.43 2008.95 1949.96 404.447 5168.99 2822.42 2149.53 672.897 1989.82 395.166 1594.66 1498.36 584.783 428.24 156.543 2346.56 106.03 329.094 628.227 539.581 320.447 913.58 868.512 1945.25 1316.84 628.415 496.312 256.391 92.2917 164.099 602.695 221.532 265.818 162.864 1267.54 1028.57 125.428 277.399 85.8744 88.646 1545.51 501.919 219.134 177.023 903.146 754.578 693.053 159.707 282.562 200.878 121.885 191.525 128.653 252.149 401.309 1043.6 947.375 310.47
internal_count=38242 26393 25950 1437 11849 9756 9502 2183 24513 13387 10189 3198 9433 1873 7560 6913 2680 1963 717 11126 485 1549 2997 2543 1447 4233 3907 8965 5797 3168 2585 1304 505 799 2682 970 1225 781 5562 4516 556 1320 413 454 7319 2354 1096 870 3960 3187 2926 756 1506 1066 677 907 642 1152 2161 4965 4504 1388
is_linear=0
shrinkage=0.03


Tree=98
num_leaves=63
num_cat=0
split_feature=31 64 64 54 77 41 60 63 63 70 22 64 40 41 63 81 54 41 54 65 64 61 25 27 80 22 70 63 28 70 64 54 25 14 17 14 56 42 25 61 44 90 41 43 56 63 4 77 38 38 32 14 14 54 54 63 63 63 8 63 18 64
split_gain=31.5393 23.8512 25.2347 24.1061 25.2671 22.1418 19.9009 19.5336 45.3902 22.8314 23.8381 34.2827 26.5574 21.4443 18.7291 24.746 19.3076 18.7879 17.5699 19.6211 30.7597 17.3933 17.2057 17.1578 16.3513 15.7851 18.704 28.0245 18.7637 18.1907 18.5457 17.6304 16.7837 16.6529 15.6212 15.4061 15.1671 15.1038 19.8828 30.5238 18.64 14.4727 14.2272 14.1237 13.7199 14.8592 13.2257 14.5019 25.4219 23.4493 22.2185 19.6619 22.0363 21.2231 18.3247 17.0562 24.492 21.1245 19.4439 17.5805 14.1971 13.5229
threshold=0.27250000834465032 0.99970966577529918 -0.87142586708068837 -2.7434639930725093 -0.37425148487091059 -109.37187576293944 13.118154525756838 -0.7589854598045348 -0.55011510848999012 30657.500000000004 19.500000000000004 0.054514370858669288 -1.0000000180025095e-35 -9.9022946357727033 0.041439602151513107 -0.22815959900617597 0.10392096638679506 -10.828952789306639 -2.6052615642547603 354.50000000000006 0.98120620846748363 0.060189679265022285 30.204984664916996 1.927720904350281 13.248032093048097 2.5000000000000004 8293.5000000000018 0.95819556713104259 -1.077376067638397 1167.5000000000002 -0.92799669504165638 0.43270885944366461 76.680488586425795 0.0092997937463223952 30.817674636840824 0.013558865524828436 9.5335445404052752 -10.834610462188719 66.811004638671889 6.0625445842742929 4.7773709297180185 -2.6429187059402461 -31.126849174499508 8.9112606048584002 4.1803596019744882 -0.74168145656585682 0.0010566250421106818 -0.11431879922747611 0.50291308760643016 -0.75053018331527699 0.95249998569488536 0.024926810525357727 0.017509498633444313 -0.080762375146150575 -2.0021274089813228 -0.99428912997245777 -0.98035496473312367 -0.7589854598045348 0.0015537324361503126 -0.48671542108058924 46.13335037231446 -0.29862368106842035
decision_type=2 2 2 2 2 2 2 2 2 2 2 2 2 2 2 2 2 2 2 2 2 2 2 2 2 2 2 2 2 2 2 2 2 2 2 2 2 2 2 2 2 2 2 2 2 2 2 2 2 2 2 2 2 2 2 2 2 2 2 2 2 2
left_child=5 2 14 22 -5 -1 18 9 -9 10 11 -7 -12 -13 37 21 17 -17 -6 23 35 -16 -4 24 36 -10 27 29 -28 -27 33 32 41 -31 -30 -21 -20 -2 40 43 42 -32 -39 -40 -8 -46 47 48 49 -26 60 52 54 61 -49 -56 -57 58 -58 -59 -51 -53
right_child=1 -3 3 4 6 7 44 8 25 -11 12 13 -14 -15 15 16 -18 -19 19 20 -22 -23 -24 -25 46 26 28 -29 34 30 31 -33 -34 -35 -36 -37 -38 38 39 -41 -42 -43 -44 -45 45 -47 -48 51 -50 50 -52 53 -54 -55 55 56 57 59 -60 -61 -62 -63
leaf_value=0.024502022567189422 0.020103140400140673 0.019017419853859446 0.021562319179288053 -0.024429950114888344 -0.022106205141050047 -0.0018179954001387208 -0.0046142447781637652 0.021654678974760023 0.013033142175909184 -0.019328675041729353 -0.026583215508208382 0.020183472310114709 0.0025523267782636191 -0.0016338630459346844 -0.00088123842492432794 -0.0082468613030224035 -0.023032162073405364 0.010560095455116235 0.011000074719484731 0.007505307887997496 -0.0023592099309294613 0.024317151786832202 -0.0030078684643712636 0.0074182318033436155 -0.016492803573378501 0.011962805093960773 0.023319716290573351 0.016837833088217763 -0.0038532873925457697 0.022754598874134141 -0.022096199304038659 0.0082530291786465666 -0.025114664699433971 -0.0033476008084601968 0.0071833460370706592 0.033202856061065829 -0.0086780278348359569 0.014429768031478227 0.030916979018441555 6.5037604249148731e-05 -0.012961963504541782 -0.0049190783136346446 -0.0010443799363336174 0.012160920743028724 0.0022124321100729714 0.024931217538621174 -0.010529718010862894 0.013524596541796703 -0.017630549829188383 -0.0055184705076755181 0.017600391372132269 -0.010677255002642886 -0.010696594947294963 0.023349333323235275 -0.017850351856410623 0.01589673801608938 -0.0063880060456895909 0.013143288393454466 -0.026728003102849823 -0.0019901440280989387 0.010155030880681006 0.01156227587250545
leaf_weight=41.141667619347572 56.769375316798687 51.015413865447044 62.44347258657217 49.025775499641895 43.671086519956589 532.49912496656179 53.746057718992233 125.18594624102116 124.45880594849586 58.655368596315384 59.410916209220886 125.82913815230131 53.522948414087296 59.823132589459419 56.183571897447109 188.39817188680172 55.398694314062595 64.061711624264717 119.18338826298714 43.373863786458969 164.58839955925941 43.930242016911507 43.533402189612389 124.43887223303318 123.02506729960442 61.599338538944721 49.657982893288136 67.444065101444721 160.24873646348715 36.812576167285442 51.476454198360443 55.687054380774498 55.278894796967506 54.660990670323372 412.60118533670902 40.698289453983307 50.057379558682442 72.475195929408073 56.034688837826252 154.58023654669523 86.253702886402607 310.00468313694 203.97563388198614 101.7380355745554 49.691417559981346 54.139393620193005 287.50253608077765 66.230855941772461 165.95616275817156 479.8734996765852 47.423272520303726 52.477012932300568 305.15235462784767 52.536939211189747 63.217606879770756 66.242688052356243 215.17616974562407 73.374687075614929 52.647740595042706 1182.3874583989382 58.335916317999363 46.333379723131657
leaf_count=251 264 238 299 378 216 2418 241 604 618 276 257 615 249 297 275 867 263 297 518 212 787 200 211 604 639 291 247 378 740 215 245 274 249 278 2047 203 223 332 260 722 394 1457 985 468 252 262 1627 298 851 2499 270 246 1463 245 301 302 983 331 256 5438 264 228
internal_value=-0.000115196 -0.00139878 -0.00159251 -0.00265859 -0.00302107 0.00267583 -0.00276391 0.00231004 0.00432774 -0.00123925 3.7445e-05 0.00205228 -0.012775 0.0131532 0.00236998 -0.00278058 -0.00699395 -0.00347459 -0.00318371 -0.00297074 0.0051819 0.0101759 0.0114693 -0.00352897 -0.00391739 0.00282136 0.00185521 -0.0015353 0.00562946 -0.00351631 -0.00520716 -0.00760105 -0.00971946 0.00715696 0.00409596 0.0199452 0.00517976 0.00524127 0.00399145 0.00953954 -0.000786439 -0.00736517 0.00301237 0.0188223 0.0076896 0.0140584 -0.00437864 -0.0037989 -0.00706143 -0.00458631 -0.00208509 -0.00248743 -0.0032672 0.00794273 -0.00194856 -0.00256851 -0.00196085 -0.00273726 -0.0103864 -0.00110589 -0.00381964 -0.000248872
internal_weight=7923.3 5427.3 5376.28 4236.48 4130.51 2496 4081.48 2454.86 1565.12 889.741 831.085 718.151 112.934 185.652 1139.8 407.972 307.859 252.46 3923.9 3880.23 248.661 100.114 105.977 3631.57 3507.13 1439.93 1315.47 692.964 622.508 625.52 563.921 472.447 416.76 91.4736 572.85 84.0722 169.241 731.827 675.057 312.353 362.705 361.481 276.451 157.773 157.577 103.831 3337.89 3050.39 874.614 708.658 585.633 2175.78 2024.43 151.347 1719.28 1653.05 1589.83 1523.59 267.824 1255.76 538.209 98.8104
internal_count=38218 26212 25974 20647 20137 12006 19759 11755 7643 4112 3836 3330 506 912 5327 1902 1427 1164 19004 18788 1202 475 510 17586 16982 7039 6421 3387 3034 3009 2718 2225 1951 493 2787 415 741 3425 3161 1450 1711 1702 1317 728 755 514 16241 14614 4523 3672 3033 10091 9372 719 7909 7611 7310 7008 1239 5769 2763 474
is_linear=0
shrinkage=0.03


Tree=99
num_leaves=63
num_cat=0
split_feature=80 33 63 63 63 67 67 54 42 80 52 70 41 65 12 52 70 68 47 52 5 32 80 40 42 54 42 47 80 26 54 59 31 14 69 40 63 53 69 41 69 30 41 41 61 38 32 78 80 33 26 49 32 32 66 14 25 47 54 69 69 68
split_gain=28.1056 27.6195 23.0448 40.6669 35.5675 33.1461 30.8408 40.0848 30.247 28.8277 30.3578 25.205 39.7686 29.6539 29.9107 23.9549 23.0828 23.4934 21.9805 20.7027 21.5178 20.4407 20.2755 20.1516 19.5866 25.0731 21.0182 20.0153 19.2881 20.0932 21.6567 22.0982 19.0736 20.5259 26.0566 25.5417 22.3706 21.8421 29.6346 21.4238 21.3616 25.9032 21.5366 20.6434 20.0668 18.8691 18.0459 20.7851 17.2906 17.1465 20.9651 16.799 16.6466 23.2479 20.4681 17.6784 16.6455 16.4259 20.1364 18.3356 31.2992 16.3929
threshold=14.512819766998293 324.55082702636724 -0.7589854598045348 -0.60355451703071583 -0.87777194380760182 13.500000000000002 163.50000000000003 -1.9063204526901243 71.584506988525405 24.181616783142093 0.15907473117113116 6685.5000000000009 -51.607326507568352 348.50000000000006 0.0064439051784574994 -0.23062428832054135 12741.500000000002 -1.0000000180025095e-35 0.99585101008415233 -0.3687226921319961 0.00093856040621176373 0.062499998137354858 20.583094596862797 -19.091311454772946 -0.6470963954925536 -1.4954690933227537 11.549642562866213 0.99992418289184581 22.197080612182621 2.0412271022796635 -0.26310922205448145 1.4096354246139529 0.97250002622604381 0.014479523058980705 9090.5000000000018 8.0012087821960467 -0.23132287710905072 1.222432613372803 20385.500000000004 6.6955246925354013 4484.5000000000009 1.0000000180025095e-35 -31.379313468933102 -39.658718109130852 0.18117582052946093 -0.16815439611673352 0.60750001668930065 -0.048237793147563927 35.854925155639656 836.76504516601574 1.808242976665497 1.0008748769760134 0.11250000074505807 0.65249997377395641 -63.499999999999993 0.014232723042368891 48.074979782104499 0.99892926216125499 -1.1237419843673704 3882.5000000000005 3339.5000000000005 1.0000000180025095e-35
decision_type=2 2 2 2 2 2 2 2 2 2 2 2 2 2 2 2 2 2 2 2 2 2 2 2 2 2 2 2 2 2 2 2 2 2 2 2 2 2 2 2 2 2 2 2 2 2 2 2 2 2 2 2 2 2 2 2 2 2 2 2 2 2
left_child=23 22 4 5 6 -4 15 -8 16 10 56 32 -13 14 -14 -3 17 -9 -7 -16 28 -17 -2 -1 -25 -26 27 -27 52 30 48 -32 33 34 39 37 -36 38 44 40 41 -5 43 -42 -35 -24 47 -38 -30 50 -22 -43 -21 -54 -55 -56 -6 -28 -59 60 -60 -47
right_child=1 2 3 11 9 18 7 8 -10 -11 -12 12 13 -15 19 21 -18 -19 -20 20 49 -23 45 24 25 26 57 -29 29 -31 31 -33 -34 35 36 -37 46 -39 -40 -41 42 51 -44 -45 -46 61 -48 -49 -50 -51 -52 -53 53 54 55 -57 -58 58 59 -61 -62 -63
leaf_value=0.015416106627509236 -0.0014216842443795438 -0.011451588738696268 0.035983593326286208 -0.027414142788705863 0.016059228835871384 -0.011644024207492085 0.022036491046685258 -0.024554784094909805 0.016577001038837715 -0.018271878387894663 -0.023004795665362628 0.013029408896160636 0.016699360058012144 0.014309604571395317 -0.018179386905214028 0.021139700209467645 -0.020412724423543031 -0.002167851458584022 0.013955918267499142 0.0076369127481330278 -0.020504510465639045 0.004742269251224525 -0.013959731557291034 -0.0081842046393635123 0.021295634754468669 0.024798069473866941 -0.0089063980649132669 0.00016384106691804629 0.01666718120311993 -0.0068355557699611262 -0.0010406713077894736 0.02127466336519656 -0.021169135447542769 -0.020547652402606597 -0.027186964788396988 -0.012262138228967786 -0.014097611309074713 0.019045588566712943 0.01573419996555692 0.02126163302332609 0.0056764769303543124 0.007798058087309003 0.01421246928122873 -0.019338019017245953 0.0022452468485053855 -0.013063904412470769 -0.014363865150290308 0.002184131043325213 0.001945194771360388 0.00081012489213899209 0.0016198463501050492 -0.012369445189530778 -0.010471256033688054 0.020245537524178049 0.0098870126688440398 -0.013454970770862718 -0.0049346914562348083 -0.016796426680930412 0.0047283626998003035 0.010752813611212339 -0.021445113534218262 0.0015527627229221103
leaf_weight=130.41617679595947 805.25957274436951 58.09137187153101 48.154810696840286 48.062260322272778 65.103512413799763 40.060819923877716 46.644953615963459 49.060101792216301 44.744376361370087 213.64037876576185 46.369236171245575 286.07718682289124 92.712363488972187 141.81344740092754 59.474958755075932 95.669132173061371 122.93447535485029 301.22862394154072 122.45558004826307 109.09711241722107 120.73464798182249 240.22389405965805 304.4825156852603 125.86619430035353 73.084162369370461 70.049434445798397 127.06736872345209 51.51387282460928 220.69826778024435 125.73887164890766 354.95626046508551 45.002182118594646 47.276828095316887 53.426082581281662 51.818716548383236 73.484516441822052 99.242282748222351 99.871853224933147 93.334579758346081 43.071799002587795 80.417133510112762 75.887469261884689 118.32740146666765 47.072276942431927 99.516926139593124 104.70947699248791 174.68438013643026 244.2087919563055 106.4207397326827 132.94162733852863 56.627435363829136 72.86431822925806 293.50523656606674 47.384313955903053 52.530269153416157 65.756066136062145 71.123245939612389 42.013551607728004 188.92208340018988 238.981545612216 52.560047470033169 202.8075372427702
leaf_count=660 3691 352 246 232 302 201 222 223 214 1055 215 1349 449 696 345 452 581 1417 571 502 708 1149 1735 596 368 334 602 249 998 568 1669 206 347 244 240 348 469 471 450 199 382 363 551 224 462 580 823 1138 511 646 302 342 1319 207 237 295 320 201 910 1139 239 1117
internal_value=-0.000104393 -0.000822567 0.000155763 0.00129006 -0.00323057 0.0141229 -0.00010547 -0.00460048 -0.00699924 -0.010791 -0.00203824 0.000584929 0.00255908 0.00108019 8.41619e-05 0.00633625 -0.00922843 -0.00530328 0.00764545 -0.000775999 -0.000178176 0.00941259 -0.00454985 0.00434428 0.00285577 0.00450179 0.0029101 0.014359 0.00138463 0.00423766 0.00615263 0.00147019 -0.00241211 -0.00181102 -0.00404206 0.00380152 -0.00839301 0.00721169 0.00241274 0.00106362 -0.000901826 -0.0082672 0.00499529 -0.0035595 -0.00571677 -0.00866585 -0.00651343 -0.00252058 0.0118777 -0.00733532 -0.0134407 -0.00208076 -0.00289695 -0.00539973 0.00358508 -0.00308893 0.00509842 0.000767414 0.0031201 0.00486168 -0.000968453 -0.00342421
internal_weight=7917.28 6816.8 5399.54 4044.71 1354.83 210.671 958.597 564.613 517.968 396.236 182.596 3834.04 2311.47 2025.39 1883.58 393.984 473.223 350.289 162.516 1790.87 1731.39 335.893 1417.26 1100.47 970.058 844.192 771.108 121.563 1421.09 852.816 727.077 399.958 1522.57 1475.29 1055.66 419.634 569.954 346.149 246.278 485.703 442.631 196.814 245.817 127.489 152.943 612 518.135 343.451 327.119 310.304 177.362 148.752 568.273 459.176 165.671 118.286 136.227 649.545 522.477 480.464 241.482 307.517
internal_count=38233 32935 25812 19310 6502 1018 4610 2657 2435 1892 837 18292 11007 9658 8962 1953 2221 1640 772 8513 8168 1601 7123 5298 4638 4042 3674 583 6512 3952 3384 1875 7285 6938 4963 1975 2670 1627 1156 2293 2094 937 1157 606 706 3432 2430 1607 1509 1656 1010 705 2560 2058 739 532 622 3091 2489 2288 1149 1697
is_linear=0
shrinkage=0.03


Tree=100
num_leaves=63
num_cat=0
split_feature=5 5 4 2 82 4 4 63 18 70 67 6 54 42 13 41 77 4 25 40 1 38 38 42 77 18 47 59 38 82 70 59 41 40 18 69 78 67 42 82 38 51 63 83 5 67 69 18 61 41 70 61 41 25 67 59 26 74 63 47 33 54
split_gain=27.2517 38.4684 38.4193 29.1816 26.1689 25.8924 24.7942 24.9047 24.7446 23.852 32.4007 19.7927 18.5323 22.3641 18.8389 17.6357 15.486 16.4411 14.4148 17.2978 13.8324 13.8198 20.0097 16.9425 15.9782 14.2254 19.9059 31.9207 17.5411 15.5798 14.4308 15.7425 14.139 21.1397 17.4216 16.3872 13.6112 13.0265 12.9495 12.4956 11.6883 11.5833 11.4932 11.4246 11.0343 11.0001 13.6402 10.9234 10.3921 12.1306 11.7616 14.7948 13.7138 14.9605 11.6723 10.9866 15.4182 10.3258 10.2793 10.2059 11.3885 12.9341
threshold=0.0005241590552031995 -0.00060582856531254936 -1.0000000180025095e-35 -5.6518339988542714e-05 -49.920894622802727 0.00093668737099505972 -0.0010284185991622505 0.9556623399257661 55.455224990844734 19390.500000000004 925.50000000000011 -0.0011033876216970382 -1.8984543681144712 -9.5150589942932111 0.01307463087141514 -52.121284484863274 -0.37425148487091059 -0.00010632627891027367 90.190830230712905 11.498266220092775 0.00014001645467942583 -1.0000000180025095e-35 -0.42001262307167048 -12.430550098419188 -0.12883926928043363 23.453187942504886 0.99914708733558666 1.3176865577697756 0.022320166230201725 -64.232002258300767 5011.5000000000009 0.10190351307392122 -32.162450790405266 5.6856069564819345 68.228107452392592 1519.5000000000002 -0.039995444938540452 925.50000000000011 2.4557678699493413 68.040729522705092 1.0000000180025095e-35 0.03379208222031594 0.92636218667030346 0.16676810383796695 -0.0002265207076561637 67.500000000000014 22499.500000000004 47.433498382568366 3.1369211673736577 -8.2400326728820783 7495.5000000000009 1.0310683250427248 -17.123537063598629 9.8160262107849139 810.50000000000011 -0.32273253798484797 0.95510345697402965 0.013216115534305574 0.66098293662071239 1.002295255661011 379.59667968750006 -0.090139005333185182
decision_type=2 2 2 2 2 2 2 2 2 2 2 2 2 2 2 2 2 2 2 2 2 2 2 2 2 2 2 2 2 2 2 2 2 2 2 2 2 2 2 2 2 2 2 2 2 2 2 2 2 2 2 2 2 2 2 2 2 2 2 2 2 2
left_child=1 3 18 4 16 6 44 11 -4 10 38 -8 14 -14 -10 -15 -1 48 19 37 -17 22 59 40 -24 29 28 32 -27 -25 -30 -32 33 34 43 -34 -37 -2 -9 -38 -23 -42 -5 -28 -3 57 58 -6 49 50 51 -18 53 54 -52 -50 -57 -26 -47 60 -13 -62
right_child=2 5 8 42 47 -7 7 9 12 -11 -12 21 13 15 -16 20 17 -19 -20 -21 -22 23 24 25 45 26 27 -29 30 -31 31 -33 35 -35 -36 36 39 -39 -40 -41 41 -43 -44 -45 -46 46 -48 -49 55 -51 52 -53 -54 -55 -56 56 -58 -59 -60 -61 61 -63
leaf_value=-0.018166277920111672 -0.014561164851817625 -0.0018552146163521501 0.012495854246368605 -0.0060296786860016835 0.0055314379820937476 -0.0097794422250776884 0.011069970986662299 0.014503528082237744 0.025463607440995316 0.027718180367653979 0.021639323438299472 -0.0041170913950701361 -0.015400030209673671 0.017662443774691398 0.0019308722867085672 -0.0060901289902393829 -0.0041490208250732734 -0.01312823344901844 0.005038321689652233 -0.027702067738515693 0.00033264426293718482 0.021954905027987644 -0.0056391861721132161 -0.0010246364982045811 -0.01111815478064212 -0.020455872121964758 0.0064868345968412348 -0.019120146190678759 -0.016694436483867592 0.017693265000824153 -0.014293936952579094 0.0060281849047785418 -0.0065660084630923829 -0.016562630227362356 0.017827662428985893 -0.0014525499028593433 0.014548340893721002 0.00021012915451206897 -0.0042960538836811224 -0.002885755112052369 -0.0065168017734442869 0.01184429625134561 -0.018165573206876187 -0.014795020925015289 -0.021130444619939091 0.014377043186955195 -0.0050085053981477412 0.020472389528349021 -0.019117427994978686 -0.0067921799440924203 0.026344417427155816 0.011706580418308955 0.02334495331134568 -0.00018858779042271531 0.0046615546175924564 -0.016915766431035546 0.0016297020094683859 0.0092816051698349829 0.0047178169596749676 -0.0074028145184595355 0.0097334848667453046 0.00029383835496343119
leaf_weight=49.589673601090908 193.39137516915798 56.462031543254852 112.00103889405727 596.70185822248459 187.34411721676588 143.01233018934727 242.95270103961229 43.123810574412346 38.345260940492153 64.87252988666296 96.042737737298012 188.14351351559162 125.28011612594128 39.343252375721931 151.89559915661812 579.81740010529757 225.71575497835875 92.313704080879688 40.929444275796413 65.068765632808208 629.34342446923256 44.865490138530731 73.192227125167847 93.888630770146847 43.605359360575676 85.548756808042526 43.21684854477644 69.967088297009468 63.6049824655056 69.755418568849564 48.406719036400318 117.77759942412376 85.743361674249172 78.320340432226658 46.813021779060364 99.130159817636013 218.26796948164701 74.40492807328701 140.13436678051949 44.552206113934517 53.26964708417654 73.712062112987041 79.601954936981201 47.824022397398949 50.758308365941048 401.41912267357111 46.158333942294121 57.573563173413277 40.98288581520319 116.42792831361294 43.200091660022736 69.203167207539082 44.733990363776684 159.96059899032116 46.283173523843288 51.247223757207394 189.67046728730202 45.772570967674255 131.68501596152782 115.03008060902357 234.54741366952658 294.87857142090797
leaf_count=365 971 246 508 3050 831 631 1063 201 178 313 491 852 609 183 822 2977 1128 452 200 317 3130 217 329 434 205 388 239 316 296 328 225 547 399 363 220 450 1019 370 664 196 260 358 421 200 231 1910 215 255 191 594 217 330 223 781 233 245 904 212 606 515 1121 1396
internal_value=-8.90143e-05 0.000954463 -0.00306548 -0.00235655 0.000154063 0.00274281 0.00323299 0.00366273 -0.00112587 0.0113311 0.00752494 0.00283848 -0.00210133 -0.00331656 0.00667417 -0.00210405 -0.00177382 -0.00102096 -0.0117623 -0.0138282 -0.00274721 0.00216265 0.00408531 -2.35143e-05 0.00766829 -0.00127265 -0.00255582 0.000152984 -0.00885958 0.00695411 -0.00454236 0.00010869 0.00218424 -0.00411631 0.00295494 0.00522654 0.0080201 -0.0104571 0.000127812 0.011593 0.00879233 0.0041417 -0.00745809 -0.00469258 -0.0109801 0.00912498 0.0106365 0.00904365 0.000110941 0.00205636 0.00380517 -0.00042848 0.00804948 0.00530647 0.0151295 -0.00475794 -0.00231523 -0.000670951 0.0119911 0.000892938 0.00222279 0.00447581
internal_weight=7896.83 5847.01 2049.82 2050.55 1374.25 3796.46 3653.44 3546.22 1676.03 344.173 279.301 3202.05 1564.03 1373.78 190.241 1248.5 1129.33 1079.74 373.795 332.865 1209.16 2959.1 1574.43 1384.66 741.833 1212.82 1049.17 733.835 315.338 163.644 229.789 166.184 663.868 216.174 137.854 447.694 361.95 267.796 183.258 262.82 171.847 126.982 676.304 91.0409 107.22 668.64 579.262 244.918 987.425 705.525 589.097 294.919 294.178 249.444 89.4833 281.901 240.918 89.3779 533.104 832.6 717.569 529.426
internal_count=38141 27876 10265 10220 6749 17656 17025 16548 8407 1669 1356 14879 7899 6899 1000 6290 5663 5298 1858 1658 6107 13816 7361 6455 3477 5620 4858 3402 1456 762 1068 772 3086 1022 659 2064 1665 1341 865 1215 835 618 3471 439 477 3148 2731 1086 4846 3506 2912 1458 1454 1231 450 1340 1149 417 2516 3884 3369 2517
is_linear=0
shrinkage=0.03


Tree=101
num_leaves=63
num_cat=0
split_feature=29 5 4 18 66 60 47 9 90 59 63 31 59 12 70 59 60 44 70 64 56 47 10 28 10 81 25 80 8 31 80 8 80 70 51 64 44 51 47 51 30 59 61 80 18 64 12 43 44 59 69 63 47 69 48 59 59 90 59 51 80 47
split_gain=25.2759 34.1157 21.5743 21.2344 20.6589 24.3482 20.1724 19.9681 18.3471 16.2731 14.5241 30.8127 24.7552 21.9694 14.9075 26.3066 18.6075 18.7262 16.6644 24.0922 15.8489 16.7341 15.8064 21.7413 15.541 15.5342 15.9417 15.1183 15.5964 15.6291 14.8368 14.5718 14.4272 14.2774 14.5646 14.2313 21.6739 20.7814 15.3442 14.5545 13.8855 21.9864 18.6495 17.1856 15.1031 14.0382 13.0692 16.9686 13.1743 16.3035 15.6422 12.9306 15.9604 19.7529 15.8894 14.391 14.4046 13.5792 16.18 18.5309 12.8199 12.8153
threshold=0.63475203514099132 -0.00088294071611016978 -0.0013516627368517218 51.86335754394532 535.50000000000011 10.553853511810305 0.99119859933853161 0.0051104775629937657 2.7292002439498906 0.67239350080490123 0.9556623399257661 0.24750000238418582 0.1705465763807297 0.015422357246279718 4198.5000000000009 1.2887467145919802 13.930284023284914 17.085385322570804 32639.500000000004 -0.87777194380760182 3.9943575859069829 0.99656537175178539 0.064239758998155608 -0.10645677149295805 0.057395538315176971 0.39351320266723638 9.8160262107849139 28.608726501464847 -0.0018553340341895817 0.3874999880790711 17.34681606292725 -0.0024342221440747376 11.356755733489992 11339.500000000002 0.023424569517374042 0.51316559314727794 8.8459568023681658 0.022417751140892509 1.0000180006027224 0.036898437887430198 0.22500000149011615 0.2248097360134125 1.2876679897308352 20.661623001098636 12.185115337371828 0.1456510201096535 0.013958688825368883 -3.0173155069351192 0.32340365648269659 0.26996386051177984 3567.5000000000005 0.32350382208824163 1.0030835866928103 11242.500000000002 1.00433886051178 1.0703667998313906 0.60565301775932323 0.1476908624172211 0.23113749176263812 0.038736866787076003 24.477552413940433 1.0050955414772036
decision_type=2 2 2 2 2 2 2 2 2 2 2 2 2 2 2 2 2 2 2 2 2 2 2 2 2 2 2 2 2 2 2 2 2 2 2 2 2 2 2 2 2 2 2 2 2 2 2 2 2 2 2 2 2 2 2 2 2 2 2 2 2 2
left_child=1 3 -3 9 6 46 -4 10 51 40 14 -12 13 -13 15 22 17 18 20 -20 -16 31 -8 27 -21 26 -23 28 -24 -30 -25 -22 -28 34 -19 61 37 -37 -38 60 42 43 44 45 -1 -42 48 -48 49 -6 -51 52 55 54 -54 56 -2 -53 -59 -60 -39 -34
right_child=8 2 4 -5 5 -7 7 -9 -10 -11 11 12 -14 -15 16 -17 -18 33 19 24 21 25 23 30 -26 -27 32 -29 29 -31 -32 -33 35 -35 -36 36 38 39 -40 -41 41 -43 -44 -45 -46 -47 47 -49 -50 50 -52 57 53 -55 -56 -57 -58 58 59 -61 -62 -63
leaf_value=0.0038748492472590631 -0.0052749427514193221 -0.015467871737127872 0.021628988085278578 0.017571919512956374 -0.0089431961340840083 0.028245758713283671 0.0053273933608995972 -0.011701858227360227 0.0014674728131804729 -0.010601448409984249 0.019371810434030461 0.021500621562019501 -0.0031604553540661136 -0.0032705756549847305 0.011258186872849685 -0.025778654580797547 0.016301174045394402 -0.0043283661600584398 0.010852836040897599 -0.00083356626587122965 0.00050435297217391853 0.01553136061337727 -0.025538616981597127 0.01312957606083495 -0.022669538999546681 0.015437085395397454 0.011761734652012669 0.0026750790022447386 0.002471463495796519 -0.017453072376527067 -0.0034632864297466878 -0.018909466263789559 0.0024442324191055482 0.0039368592508844677 -0.028801845304040858 0.010830616904730729 0.017708530358819054 -0.023201705878489264 -0.0046445500585702501 -0.0038803894562379183 0.0027819350170163906 0.00069992456222453937 0.015007627370590713 -0.019269818666060989 -0.0069542280836356893 -0.017712328525751744 0.012224456783685162 -0.0046138812275422951 0.016493728550363962 -0.0013043752424354081 0.023086072546525969 -0.025791858109622944 0.027054860721317027 -0.011672591637831378 -0.00012721835530017875 0.0079525522284934029 -0.020099811026761161 0.0044416094097723229 0.0024552075133543365 -0.019530742704754796 -0.0045503358683865597 -0.010406612519842397
leaf_weight=236.87163762003183 185.86254555732012 65.806026175618172 42.969646647572517 41.025371849536896 57.482853822410107 45.286822237074375 199.78287324309349 109.16105426847935 325.46205697208643 291.74163262546062 119.31184851378202 87.663306891918182 274.20735967904329 50.951646231114864 162.67081505060196 43.714869692921638 74.870852254331112 42.538569711148739 46.927903294563293 47.318758442997932 75.145362317562103 73.618599638342857 70.813745856285095 76.456368252635002 77.181483589112759 76.968163840472698 114.96906524896622 63.201340265572071 65.43658222258091 77.27448782324791 132.63884226977825 64.804451949894428 1935.8519017398357 44.567062556743622 45.0753203779459 47.79170460999012 61.351549580693245 100.90040562301874 50.296356081962585 150.84293133020401 88.021602384746075 228.54745241999626 71.783261552453041 139.62743253260851 226.98500165343285 45.697703689336777 76.889484703540802 179.85706033557653 136.63186858594418 45.765744656324387 49.003837861120701 52.796575285494328 41.525280587375164 39.466328270733356 36.250685825943947 47.268623515963554 86.412538550794125 60.317001976072788 47.30892501026392 127.45603706687689 49.407918401062489 72.454850748181343
leaf_count=1260 983 294 193 192 274 213 1037 506 1729 1569 706 387 1211 235 764 196 357 204 211 238 334 338 310 330 337 335 577 294 289 341 571 299 8868 213 207 237 277 446 231 680 410 1169 355 814 1197 225 358 832 651 219 224 290 224 220 212 234 467 359 226 761 220 306
internal_value=-0.000115346 0.000548502 0.00160616 -0.00368571 0.00181345 0.00710819 0.00116556 0.000981846 -0.00444954 -0.00434178 0.00127788 0.00594369 0.00206276 0.0123953 0.00067887 -0.00321462 0.00151024 0.00117875 0.00163464 -0.00746558 0.00214831 0.00163275 -0.00177591 -0.00469699 -0.0143703 0.00215059 0.00176578 -0.0102136 -0.0140285 -0.00831718 0.00260395 -0.00848531 0.00137358 -0.00988736 -0.0169194 0.000889832 -0.00386625 -0.00754736 0.00763867 -0.0104639 -0.00258164 -0.00616698 0.000777823 -0.0119085 -0.00142428 -0.00422185 0.00535379 0.000428801 0.00973088 0.00366188 0.0113075 -0.00710699 -0.00385362 0.0056138 0.0143855 -0.00732727 -0.00997994 -0.0120432 -0.0089554 -0.0135791 -0.0170708 0.00198061
internal_weight=7906.29 6856.16 5485.86 1370.3 5420.06 590.918 4829.14 4786.17 1050.13 1329.28 4677.01 532.134 412.822 138.615 4144.87 729.319 3415.55 3340.68 3208.5 171.428 3037.07 2874.4 685.604 485.821 124.5 2734.45 2657.49 276.726 213.525 142.711 209.095 139.95 2583.87 132.181 87.6139 2468.9 460.591 348.943 111.648 301.151 1037.53 501.894 535.64 273.347 463.857 133.719 545.631 256.747 288.884 152.252 94.7696 724.665 436.786 117.242 77.776 319.544 272.275 287.879 235.082 174.765 150.308 2008.31
internal_count=38246 32541 25350 7191 25056 2771 22285 22092 5705 6999 21586 2539 1833 622 19047 3368 15679 15322 14698 786 13912 13148 3172 2135 575 12515 12180 1234 940 630 901 633 11842 624 411 11265 2091 1583 508 1346 5430 2618 2812 1449 2457 635 2558 1190 1368 717 443 3976 2340 656 436 1684 1450 1636 1346 987 666 9174
is_linear=0
shrinkage=0.03


Tree=102
num_leaves=63
num_cat=0
split_feature=12 26 78 63 63 47 63 67 59 57 33 44 57 42 51 80 57 26 44 63 18 47 7 44 78 8 13 33 54 51 57 44 25 80 14 47 47 81 47 14 41 59 30 30 80 6 63 10 12 64 33 17 64 65 1 59 59 59 59 44 33 33
split_gain=24.6302 26.6713 22.3887 21.2718 19.0211 39.205 33.1027 28.0285 23.1636 22.6171 21.7677 47.6725 45.1214 38.8813 36.2995 26.4964 24.2883 23.1351 31.2631 22.7658 22.0225 20.0606 18.9723 24.4009 18.8062 18.535 18.2188 17.4312 19.6409 17.3885 17.1601 17.0697 22.5666 19.6788 26.2907 28.6736 16.9591 18.5972 17.7685 16.4872 16.6593 15.4541 28.4519 24.9765 25.9748 20.8293 20.6224 15.1596 14.6079 19.3072 25.5131 17.5922 16.8849 33.1681 13.8474 13.8366 19.5887 19.7463 13.8301 15.69 17.0235 13.7574
threshold=0.01065414445474744 3.478665947914124 -0.1809732913970947 -0.99851059913635243 0.32350382208824163 1.0066549181938174 -0.77576932311058033 670.50000000000011 0.68290770053863536 38.042354583740241 395.43945312500006 3.8876618146896367 25.419859886169437 11.549642562866213 0.11997839063405992 20.357108116149906 28.583176612854007 1.1993096470832827 3.7239212989807133 -0.18008953332900998 77.356491088867202 1.0016129612922671 0.0012743477127514782 0.43567360937595373 -0.11611467599868773 0.0025626510614529256 0.022449535317718986 467.45034790039068 -1.8053607344627378 0.064079508185386672 30.582729339599613 19.210906982421879 78.984287261962905 13.651201248168947 0.013156233821064236 1.0014249086380007 1.0012538433074953 0.041145473718643195 0.99727216362953197 0.016436735168099407 -26.050704002380368 -0.59050837159156788 0.22500000149011615 0.97499999403953563 18.865608215332035 -0.0015272097080014644 -0.8959035575389861 0.10290225967764856 0.0075019444338977346 0.52435624599456798 1002.9856262207032 17.991163253784183 0.6411133110523225 -907.49999999999989 0.00022534458548761907 -0.15170976519584653 0.040100581943988807 0.31291522085666662 -0.20289005339145658 -0.35685446858406061 822.28228759765636 1929.9368896484377
decision_type=2 2 2 2 2 2 2 2 2 2 2 2 2 2 2 2 2 2 2 2 2 2 2 2 2 2 2 2 2 2 2 2 2 2 2 2 2 2 2 2 2 2 2 2 2 2 2 2 2 2 2 2 2 2 2 2 2 2 2 2 2 2
left_child=1 2 -1 -4 6 7 8 9 41 -6 15 12 13 -12 21 17 -13 47 39 20 -17 22 23 24 -14 -23 -27 36 58 -20 -21 33 -33 34 35 -5 38 -38 -9 -19 -41 42 -2 44 -43 -46 -47 -8 49 50 -35 -52 61 -54 -50 -40 -57 -58 -29 60 -60 -51
right_child=4 -3 3 31 5 -7 10 27 -10 -11 11 16 14 -15 -16 19 -18 18 29 30 -22 25 -24 -25 -26 26 -28 28 -30 -31 -32 32 -34 48 -36 -37 37 -39 55 40 -42 43 -44 -45 45 46 -48 -49 54 52 51 -53 53 -55 -56 56 57 -59 59 -61 -62 -63
leaf_value=-0.013367514190133994 0.0019493665839374708 0.019195475765398855 -0.012795508274143256 0.010178297866744927 -0.0069270718849360133 -0.028040701658304221 0.0046531325873487702 -0.015544164949062947 -0.01334067053284729 -0.032675752993466839 -0.021989097660410312 0.011459210273865714 0.0032740014558359344 0.0099846157673102454 -0.014327621338769704 -0.0073431717416601672 -0.0089419009774015547 -0.021562813286942272 0.026425310731268234 -0.0015434288625159269 0.016009943684379687 -0.0034805635818312723 0.035999182328488623 0.0040905017816194869 0.024869178378003228 0.0232613390569507 0.00025877392121312885 -0.0050364208745913869 -0.0016208954478377469 0.0020267444118387498 -0.023129987179167602 0.0056152326344818294 -0.020911317300845379 0.0011004899775798138 0.030791358425371375 -0.014237048225022086 -0.027300139411713723 -0.0042692779595637272 0.013746593277625209 0.013579015460693789 -0.0086381961990430432 0.011194177364820227 -0.021205761210760281 0.016918658284433005 0.010894260298171509 -0.0060388767876237114 -0.029770587997350825 0.028933046085827488 -0.00092141485488754287 -0.0013441142637123545 -0.00033168877232999945 0.017651442001970524 -0.0043493831430056187 0.021626529317652986 0.0067227203971783238 -0.020188748828702148 0.0086681542305739566 -0.0064471627015718798 -0.0070147779481746489 0.023297529063843751 0.018203604759720757 -0.022926955394442304
leaf_weight=87.884812988340855 104.80836822092533 79.134674876928329 85.158808998763561 275.66610575467348 85.500229008495808 57.514604017138481 46.551768764853477 90.400399059057236 214.81730635464191 47.904056653380394 71.795382641255856 66.144416153430939 44.338130585849285 65.41790746152401 43.602023087441921 124.81985136121511 254.9960527792573 53.814168244600296 46.85761621594429 48.343128241598606 51.271056443452835 92.889145866036415 46.464594781398773 112.96110013127327 200.03332897275686 77.70510396361351 51.545821651816368 52.940146580338478 937.70373603701591 59.890126906335354 105.41223411262035 52.923730619251728 63.488476485013962 240.01981476694345 45.042807266116142 51.356193862855434 62.919291511178017 63.302180446684361 51.101074606180191 42.893608301877975 104.07891644537449 89.037767626345158 87.742045722901821 78.283968769013882 40.086853161454201 106.55775896459818 47.710736013948917 46.026815839111805 1390.6163390427828 63.224412105977535 60.905079513788223 249.60459965467453 133.49302946776152 66.170007780194283 251.91961517930031 50.9144322052598 133.25047949701548 186.86862070858479 51.82069655507803 70.706206694245338 45.021282412111759 45.861169874668121
leaf_count=516 494 381 396 1413 407 286 210 465 1062 232 330 304 227 305 202 673 1215 245 202 248 309 425 210 525 937 368 239 261 4518 270 598 259 290 1126 230 255 303 357 256 195 478 396 430 368 252 535 245 206 6550 291 284 1280 613 334 1184 257 669 911 252 330 214 206
internal_value=-1.09628e-05 0.00199285 0.00156251 0.00198915 -0.0014189 -0.00363298 0.00025657 -0.00290575 -0.00497776 -0.0161731 0.00242328 0.00503567 0.008927 -0.00674529 0.0121388 -0.00161323 -0.00473994 0.00357632 -0.000381671 -0.0079083 -0.000543622 0.0139825 0.0179659 0.015621 0.020951 0.0067415 0.0140878 -0.00192079 0.000273504 0.0127367 -0.0163428 0.00241019 -0.00885172 0.00286638 0.0093037 0.00634407 -0.00589948 -0.0157498 -0.00347365 -0.007356 -0.00215415 -0.00173631 -0.00860204 0.00191888 -0.00222463 -0.00837203 -0.0133784 0.0167243 0.00190903 0.00507844 0.00844609 0.0141241 -0.000926393 0.00425925 0.000250984 -0.000888744 -0.00290442 -0.000155369 0.0083301 0.0125535 0.0047091 -0.0104179
internal_weight=7857.23 3242.47 3163.34 3075.45 4614.76 1987.87 2626.9 1930.35 769.045 133.404 1857.85 1127.89 806.753 137.213 669.539 729.959 321.14 400.113 307.534 329.846 176.091 625.937 403.797 357.333 244.371 222.14 129.251 1796.95 1158.19 106.748 153.755 2990.29 116.412 2873.88 372.065 327.022 638.756 126.221 512.535 200.787 146.973 554.227 192.55 361.677 283.393 194.355 154.268 92.5786 2501.81 859.278 550.529 310.51 308.749 199.663 1642.54 422.135 371.034 320.119 220.488 167.548 96.842 109.086
internal_count=38029 15608 15227 14711 22421 9718 12703 9432 3782 639 8921 5287 3768 635 3133 3634 1519 1806 1390 1828 982 2931 1899 1689 1164 1032 607 8793 5575 472 846 14315 549 13766 1898 1668 3218 660 2558 918 673 2720 924 1796 1428 1032 780 416 11868 4134 2690 1564 1444 947 7734 2093 1837 1580 1057 796 466 497
is_linear=0
shrinkage=0.03


Tree=103
num_leaves=63
num_cat=0
split_feature=80 41 52 77 12 60 67 56 63 54 63 33 14 68 83 65 30 25 63 31 63 12 52 51 69 69 63 43 56 18 30 28 56 25 63 52 90 18 16 48 63 69 53 57 57 12 47 50 7 57 69 67 32 31 41 43 69 61 47 42 54 66
split_gain=24.6815 22.4136 22.3084 22.4928 23.5672 21.6413 20.6264 19.9462 21.8478 21.5067 31.6852 20.3551 21.4279 18.5409 18.62 17.7559 17.0603 16.719 16.0893 16.5808 18.9995 16.0034 28.3488 17.5645 16.925 19.3808 17.4027 15.8974 22.192 15.8909 19.5414 22.7309 22.4598 19.5891 20.3215 17.2727 18.5193 18.4549 25.6899 17.65 17.6296 20.4037 17.1077 16.6791 19.0972 18.7703 16.9825 19.4512 15.919 24.8676 15.8339 18.4838 15.4678 15.3556 17.5666 15.3385 15.1741 16.0446 15.0335 33.0277 18.7577 15.4327
threshold=14.414086341857912 -29.104562759399411 0.30542688071727758 -0.37425148487091059 0.0056076515465974816 13.930284023284914 19.500000000000004 11.196866989135744 -0.44032992422580713 0.40804775059223181 -0.23132287710905072 324.55082702636724 0.012410094495862724 1.0000000180025095e-35 0.47038848698139196 -773.49999999999989 0.97499999403953563 27.283112525939945 0.40872775018215185 0.15250000357627871 -0.80773079395294178 0.0074462066404521474 -0.12215737998485564 0.033031521365046508 4437.5000000000009 12337.500000000002 -0.89001184701919545 19.254821777343754 6.7669091224670419 4.9067397117614755 0.82500001788139354 1.1270235776901247 9.3993554115295428 46.259965896606452 -0.25671049952507013 -0.028748746961355206 -1.0563466548919676 31.198801994323734 38.500425338745124 0.99904230237007152 0.90905222296714794 21470.500000000004 1.1768634319305422 88.208522796630874 32.624631881713874 0.017007223330438141 0.99807673692703258 0.99830117821693432 0.001376532716676593 28.883358955383304 3882.5000000000005 49.500000000000007 0.66250002384185802 0.52124997973442089 -62.882595062255852 -19.342119216918942 3882.5000000000005 -2.8767715692520137 1.0015379786491396 35.402801513671882 0.54973521828651439 195.50000000000003
decision_type=2 2 2 2 2 2 2 2 2 2 2 2 2 2 2 2 2 2 2 2 2 2 2 2 2 2 2 2 2 2 2 2 2 2 2 2 2 2 2 2 2 2 2 2 2 2 2 2 2 2 2 2 2 2 2 2 2 2 2 2 2 2
left_child=1 53 3 -2 50 7 -4 15 13 10 -10 12 -12 -9 -15 16 -6 -3 19 20 -19 22 23 -17 26 -26 -24 28 -21 -23 35 42 33 34 -33 36 40 38 -37 -38 41 -31 58 44 45 -39 47 -46 -35 -50 -5 -52 -45 54 55 -1 -7 -58 60 -60 61 -32
right_child=2 17 6 4 5 56 -8 8 9 -11 11 -13 -14 14 -16 21 -18 18 -20 27 -22 29 24 -25 25 -27 -28 -29 -30 30 31 32 -34 48 -36 37 39 43 -40 -41 -42 -43 -44 52 46 -47 -48 -49 49 -51 51 -53 -54 -55 -56 -57 57 -59 59 -61 -62 -63
leaf_value=0.01204399761581915 -0.018689893536820334 0.015142616787918636 0.011449974691230692 0.018626910884442113 -0.0044544000397122837 0.024650873151613812 -0.0090587176208939222 -0.016126362397134136 0.025631663396995071 -0.0047704850183031304 0.011155890686071427 0.0089730450377834402 -0.014737394285389669 0.019359707750265569 -0.0069650315474312618 -0.014204559132578334 -0.01938656438761286 -0.00020760023525296775 -0.0073930964245817665 -0.013296153553527292 0.022186639299973648 0.0061945862385809842 -0.013279971368917657 0.0057113889809038377 0.027772405130746334 0.00673035010840866 0.011149900873263665 -0.014300563835459261 0.011009743541158981 -0.0030124713634664107 -0.0023637473855717978 0.0021814531016613138 -0.01802307912799065 -0.0054883165682561097 -0.022575972650937633 0.00096499225411372683 -0.018328806008828802 -0.0032254557325109871 0.025234374787836415 -0.0058756991569303644 -0.014443230422703858 0.016774722655442796 0.016195919182155027 -0.020560334259594911 0.0026489109177974066 -0.01828897734301984 0.0067692285163244211 -0.01626370369901543 0.01854257360533559 0.00046320448268722455 -0.006227329831675313 0.013664520683681552 0.00013395000062695032 -0.0066054880172015697 0.015139018528199365 -0.013242895498978094 0.018376237579715207 -0.004167346523839939 0.0045345294413044511 -0.021214217143674035 0.025101872472912127 0.01237760177601986
leaf_weight=44.233116671442986 59.463905557990074 64.020979590713978 49.086434990167618 92.707258105278015 369.74848587810993 46.613900706171989 437.60509441792965 85.500460729002953 81.311962381005287 141.62323290109634 45.722051732242107 363.54456462711096 77.552549593150616 38.290955983102322 65.629100874066353 90.358524017035961 84.622967921197414 67.290540091693401 220.35798691213131 49.952629953622818 69.120528720319271 222.91405259072781 43.576946839690208 71.304665394127369 75.402474798262119 82.495007932186127 65.974894925951958 67.461065754294395 104.60163554549217 456.16615983098745 147.14602940529585 52.861845508217812 77.209984056651592 187.21573958545923 68.51295180618763 178.89854519814253 187.02188539505005 488.60073579847813 50.288857206702232 226.4650911912322 105.70386365801096 52.275786235928535 103.84407206624746 86.512405760586262 135.10552589595318 87.83271636813879 316.9298228174448 76.742783240973949 93.977507591247559 252.28664507716894 88.779313437640667 79.860459007322788 52.072633177042007 47.21979795396328 285.76841229200363 42.172200568020344 46.112644292414188 74.0278724655509 147.70031710714102 64.37513367831707 44.574977718293667 112.99953093379736
leaf_count=240 448 304 255 473 1698 228 2689 410 380 691 203 1740 416 170 368 428 401 343 1025 215 376 1085 202 342 369 394 327 291 471 2300 664 245 386 850 317 810 897 2256 224 1059 523 257 468 394 605 405 1468 345 422 1199 427 392 245 211 1451 214 226 343 681 287 207 515
internal_value=-0.000139036 0.00411527 -0.000800359 -0.000325673 -0.00015198 -0.000534506 -0.00699026 -0.000837819 0.0032732 0.00568901 0.00829634 0.00540087 -0.00513368 -0.00577877 0.00273473 -0.00158313 -0.00723539 0.000595247 -0.00101388 0.00290802 0.0111397 -0.00101309 0.00449762 -0.00542025 0.0104926 0.0167788 0.00143232 -0.00214973 0.00315397 -0.00159321 -0.00204373 0.000860978 -0.00271977 -0.000915447 -0.0117935 -0.00361503 -0.00660013 -0.00153247 0.00629024 -0.0115083 -0.0032956 -0.000978038 0.00508458 -0.00297392 -0.00174374 -0.00552073 0.00237364 -0.00420225 0.00155947 0.00537002 0.00866758 0.00319259 -0.0127846 0.00951041 0.0115551 -0.000297881 0.0101224 0.00448539 0.00285189 -0.00328146 0.0071205 0.00403946
internal_weight=7895.35 1062.2 6833.15 6346.46 6287 6025.65 486.692 5858.89 899.175 709.754 568.131 486.819 123.275 189.421 103.92 4959.72 454.371 642.805 578.784 358.426 136.411 4505.35 429.113 161.663 267.449 157.897 109.552 222.015 154.554 4076.24 3853.32 1352.7 732.065 654.855 121.375 2500.62 1027.63 1472.98 229.187 413.487 614.146 508.442 620.64 1243.8 1105.21 576.433 528.778 211.848 533.48 346.264 261.347 168.64 138.585 419.394 372.174 86.4053 166.754 120.141 516.796 212.075 304.721 260.146
internal_count=38275 5141 33134 30190 29742 28450 2944 27653 4378 3430 2739 2359 619 948 538 23275 2099 3025 2721 1696 719 21176 2062 770 1292 763 529 977 686 19114 18029 6241 3419 3033 562 11788 5036 6752 1034 1956 3080 2557 2822 5718 5079 2661 2418 950 2471 1621 1292 819 639 2116 1905 454 797 569 2354 968 1386 1179
is_linear=0
shrinkage=0.03


Tree=104
num_leaves=63
num_cat=0
split_feature=80 59 83 10 51 42 5 5 4 3 5 53 38 0 40 42 32 61 59 38 43 64 57 44 80 18 30 80 43 59 25 38 0 80 57 26 65 51 70 47 10 70 42 48 58 25 26 47 82 49 51 82 38 38 82 58 51 42 3 25 42 26
split_gain=28.5032 23.7882 21.1301 16.9519 29.6208 16.842 16.2067 18.9932 24.3975 23.2251 17.936 17.0111 15.2659 20.1828 14.5979 22.814 15.2938 14.3786 19.258 14.6466 19.7614 16.3008 13.9097 13.775 13.5933 13.5717 23.0652 14.7126 17.8546 17.9971 14.6721 13.7837 13.6311 13.5203 13.4438 19.0907 15.4178 14.9755 15.5196 13.4166 13.1424 28.6287 19.6022 12.821 12.6363 17.1898 16.6056 14.3189 13.0533 12.9814 12.5209 14.2076 12.455 24.7363 12.1694 14.2001 11.8154 13.1656 11.5534 11.4325 14.3422 10.7063
threshold=15.408072471618654 0.69862437248229992 2.0336730480194096 0.036679295822978027 0.02943724021315575 -4.3151156902313224 0.00083425932098180066 -0.00059485959354788054 -0.00061210774583742012 -0.00021652675059158352 -7.7255252108443515e-05 0.85686832666397106 -0.017095487564802166 23.500000000000004 -19.907259941101071 -1.0000000180025095e-35 0.0224999999627471 7.1712641716003427 0.64697352051734935 -0.34631304442882532 -9.8136000633239728 0.33586180210113531 46.402479171752937 8.4934401512146014 36.430492401123054 35.652910232543952 0.32500000298023229 20.583094596862797 7.1905198097229013 0.77380588650703441 30.563585281372074 -0.31274144351482386 20.500000000000004 20.104529380798343 40.76795959472657 1.808242976665497 -401.49999999999994 0.090027358382940306 5622.5000000000009 0.99574565887451183 0.064239758998155608 10963.500000000002 14.306409835815431 0.99985617399215709 0.54466712474823009 79.915096282958999 1.7580993771553042 1.0012189745903017 -22.897477149963375 0.99950784444808971 0.050403319299221046 46.477836608886726 -0.13482312113046643 -0.4513473361730575 -66.28591156005858 0.36304681003093725 0.062168966978788383 21.883937835693363 0.00013455134467221799 9.8160262107849139 -13.947206974029539 1.6495518684387209
decision_type=2 2 2 2 2 2 2 2 2 2 2 2 2 2 2 2 2 2 2 2 2 2 2 2 2 2 2 2 2 2 2 2 2 2 2 2 2 2 2 2 2 2 2 2 2 2 2 2 2 2 2 2 2 2 2 2 2 2 2 2 2 2
left_child=1 3 6 -1 -5 -4 7 9 10 25 -9 58 13 17 22 54 -17 18 19 59 21 33 -6 34 -7 26 30 31 -29 -30 -2 -28 -33 -21 37 50 -37 38 -13 -14 43 56 -43 -18 45 48 47 -46 49 -3 -36 -52 53 -40 -16 -56 57 -42 -8 -10 -61 -26
right_child=2 44 5 4 14 24 11 8 12 -11 -12 23 39 -15 15 16 40 -19 -20 20 -22 -23 -24 -25 61 -27 27 28 29 -31 -32 32 -34 -35 35 36 -38 -39 52 -41 41 42 -44 -45 46 -47 -48 -49 -50 -51 51 -53 -54 -55 55 -57 -58 -59 -60 60 -62 -63
leaf_value=0.022027106397848991 0.0072919651111769453 -0.0039411690352048733 -0.026305277792751481 -0.011169180158588692 0.026319535581448998 -0.015889531674820045 -0.018711423354314059 -0.00034603424276342265 0.012445881186148651 -0.006607868941746033 -0.014189000058708925 -0.0053772886009653947 0.01499180554168065 0.019040302472472469 -0.016680850966329479 -0.0070788411956233272 0.0093912565923347374 -0.00075356874373445925 0.011184622955218508 -0.0052348045523831002 0.019229048833430559 -0.013238577623818215 0.0054102181754199976 -0.013189939652871152 0.0098410954593409414 0.010824336814898913 -0.0084696049364606299 -0.016221505875347327 0.015840907007761681 -0.01115771844932501 -0.0030292765587234451 0.019330295105077958 -0.0029298621742381305 0.015487152129365241 0.0043425771054825171 -0.0046374420631673328 0.013666993319997742 -0.0137387798365307 0.0048343344328873649 -0.00047199605871717481 0.00036776361150105293 0.0058258163944749182 -0.019897967567613657 0.028836606893821136 0.0064323882810061826 -0.015752976847529916 0.014528909513247845 -0.015348519982185111 -0.0087161278109845527 0.018535231196599503 0.00087596085031960169 -0.020498254088865051 0.0023089845173821272 0.030708472065492796 0.012936992581890926 -0.0069832472091664703 0.023123773283604831 0.017988300327586641 -0.0057918152189888683 -0.018090566111358779 -8.245090082582249e-05 -0.011671294669405023
leaf_weight=60.708274677395821 342.03207028657198 44.826669968664646 45.656342253088951 85.292373701930046 65.950458154082298 66.393504463136196 93.487757429480553 210.03245647996664 56.443133436143398 675.73067059367895 140.64912977814674 85.550509288907051 52.496596932411194 80.473215200006962 46.324336886405945 48.234709180891514 61.004762746393681 471.63881400227547 361.94521605968475 44.699036188423634 97.281436443328857 44.89141059666872 50.605495870113373 82.233407355844975 57.18013921380043 103.38069543242455 79.014865517616272 165.379370033741 38.677085556089878 52.225833065807819 194.41494637727737 50.103229433298111 48.942629344761372 77.420010425150394 37.566834203898907 102.4172527641058 69.530827917158604 39.865156784653664 80.280952148139477 1324.5703648477793 79.91140852868557 63.357599221169949 46.031262204051018 61.06081834435463 60.762236773967743 98.423641681671143 82.094383969902992 49.127319842576981 83.240858510136604 47.772921018302441 37.545639924705029 109.9558070152998 119.77886954694986 56.769071102142334 54.521654210984707 78.688886970281601 78.107496909797192 73.0492148026824 186.70508051663637 44.263376802206039 395.03979088366032 32.744402274489403
leaf_count=379 1649 205 354 392 328 539 503 922 268 3378 638 430 231 380 213 234 333 2155 1649 202 446 205 239 421 405 459 371 877 198 278 968 236 230 356 200 550 345 219 404 6026 350 283 202 344 297 450 382 220 382 223 187 645 591 274 264 366 367 330 957 202 1819 254
internal_value=0.000120999 0.00397057 -0.000725255 0.00668759 0.00564377 -0.0102757 -0.000416795 0.00028946 0.00159591 -0.00225031 -0.00589808 -0.00371941 0.00245722 0.00438181 0.00742107 0.00576293 0.00899643 0.0036416 0.00548915 0.00277686 0.00848061 0.00221978 0.0172413 -0.00154228 -0.00559383 0.000490912 -0.000609508 -0.00574857 -0.0103509 0.000329571 0.00355142 0.00087549 0.00833064 0.00790233 -0.000246622 -0.00443272 0.00276434 0.00366319 0.0056894 0.000117516 0.0106729 0.00764485 -0.00499885 0.0191184 -0.00158206 -0.00571417 0.00432097 -0.003305 -9.51164e-05 0.0076546 -0.0111196 -0.0150576 0.00937575 0.015552 -0.00343603 0.00116989 0.0136304 0.00878278 -0.0101025 -0.000263918 -0.00189692 0.00200775
internal_weight=7874.5 1419.1 6455.41 952.849 892.14 201.974 6253.43 5151.75 3401.84 1749.9 350.682 1101.69 3051.16 1674.1 806.848 690.292 510.757 1593.62 1121.98 760.038 264.292 167.01 116.556 821.494 156.318 1074.17 970.79 434.343 256.282 90.9029 536.447 178.061 99.0459 122.119 739.261 357.016 171.948 382.245 342.379 1377.07 462.523 340.457 109.389 122.066 466.248 274.264 191.984 109.89 175.84 92.5996 185.068 147.501 256.829 137.05 179.535 133.211 231.068 152.961 280.193 495.746 439.303 89.9245
internal_count=38204 6783 31421 4624 4245 1552 29869 24143 15499 8644 1560 5726 13939 7682 3853 3286 2443 7302 5147 3498 1209 763 567 4266 1198 5266 4807 2190 1353 476 2617 837 466 558 3845 1927 895 1918 1699 6257 2209 1532 485 677 2159 1260 899 517 810 428 1032 832 1269 678 843 630 1047 680 1460 2289 2021 659
is_linear=0
shrinkage=0.03


Tree=105
num_leaves=63
num_cat=0
split_feature=5 5 52 2 4 4 18 5 4 69 27 18 14 64 64 38 12 56 83 63 12 58 63 64 52 66 63 25 57 70 64 69 44 64 30 22 56 66 56 40 18 81 18 30 5 52 64 12 64 38 57 69 56 30 44 38 64 59 52 44 31 33
split_gain=24.0143 23.1924 23.806 29.9622 19.8665 19.451 21.8124 19.0353 18.6748 18.386 18.1321 16.8031 16.3855 23.001 24.2144 21.6164 20.8125 37.0094 18.2397 18.141 25.8874 21.7815 23.5264 19.5261 19.2963 16.1367 16.1135 21.5415 15.639 20.085 16.0017 15.7964 15.3602 19.6628 15.2599 14.6358 29.6314 20.1231 17.754 19.7645 17.5811 14.6085 14.5116 20.4758 14.1027 14.0217 15.3184 13.4776 13.4207 14.8028 13.3711 12.9905 12.5829 13.2008 12.5624 12.4577 12.4287 21.0288 12.296 12.2617 16.2804 15.9547
threshold=0.0022409680532291536 -0.00088294071611016978 0.15387640148401263 0.00010626329822116533 -0.00066010066075250496 -0.00010632627891027367 46.13335037231446 -6.0211481468286358e-05 0.00098084489582106493 2769.5000000000005 1.3362607955932619 50.016393661499031 0.013714415021240713 0.2861058115959168 0.054514370858669288 0.79667958617210399 0.014386930502951147 7.8810682296752939 0.4908346831798554 -0.99428912997245777 0.0066738296300172814 1.0919137597084048 0.34816221892833715 -0.79202145338058461 -0.11425836756825446 -208.49999999999997 0.37258200347423559 64.760688781738295 45.734195709228523 11933.500000000002 0.40872775018215185 3967.5000000000005 -1.4467020034790037 -0.0327190039679408 0.72499999403953563 21.000000000000004 6.2222552299499521 -521.49999999999989 8.1496715545654315 8.0012087821960467 37.692241668701179 0.018711952492594722 66.505393981933608 0.27500000596046453 0.00051121594151481997 -0.33728338778018946 -0.64778602123260487 0.025724254548549656 0.66098293662071239 -0.14209798723459241 57.146511077880866 3035.5000000000005 6.7402520179748544 0.42499999701976782 -7.7934484481811515 -0.62797668576240528 0.63101285696029674 0.26996386051177984 -0.032588336616754525 -5.0590627193450919 0.32249999046325689 752.28207397460949
decision_type=2 2 2 2 2 2 2 2 2 2 2 2 2 2 2 2 2 2 2 2 2 2 2 2 2 2 2 2 2 2 2 2 2 2 2 2 2 2 2 2 2 2 2 2 2 2 2 2 2 2 2 2 2 2 2 2 2 2 2 2 2 2
left_child=1 5 4 11 7 6 45 25 12 -5 -11 -4 13 14 15 19 17 32 -16 -6 24 23 -23 26 -21 -3 59 -28 30 -30 31 -15 34 -34 -14 37 -37 -32 39 56 -38 -17 43 51 -10 -1 -47 50 49 52 -48 -18 -13 -54 -25 -56 57 -39 -20 -22 -61 -62
right_child=-2 2 3 9 8 -7 -8 -9 44 10 -12 48 16 28 18 41 42 -19 58 20 21 22 -24 54 -26 -27 27 -29 29 -31 35 -33 33 -35 -36 36 40 38 -40 -41 -42 -43 -44 -45 -46 46 47 -49 -50 -51 -52 -53 53 -55 55 -57 -58 -59 -60 60 61 -63
leaf_value=-0.008575874955628969 -0.010808777541661286 -0.0095822980869441753 0.0059240840153564327 -0.0070225392902946628 -0.0088886319289728215 -0.0114161071251396 0.019261794246514786 -0.012046464325489037 -0.013872260718563279 0.0019382208357486236 0.016838759939667384 -0.013130516165808667 0.0084865428954491295 -0.021301647828638307 0.018944352564221497 0.00078825787117378545 0.020915223817202028 0.024755901965154165 -0.0079513698898931295 0.0038399327119836135 -0.0054025457593490731 0.0097025471285438532 -0.017222936141123964 0.016213543437995536 0.029164365258097815 0.0035985306888419561 0.0014029721973285081 -0.025620122498911008 -0.015925001326688625 0.0050525768182698924 0.02295555798965792 -0.00041357109528027456 0.0037704269384936742 0.02126914809289172 -0.0098762039906679019 0.018823640104585655 -0.017845643145565152 0.00069312035933480115 0.012436120699390879 0.0085656795528954912 -0.00075344877948076974 -0.015714690635576407 0.0089781474572647717 -0.0054871184685288399 0.0013638613213435896 0.0045354897551612497 -0.0029039334736036368 0.011508919245812677 -0.00018065871401470263 -0.015897752029947337 -0.015655995624206661 0.002835870179618991 -0.0081463049067143981 0.010526743411277942 -0.0041588351541494489 0.0089758411533549642 0.0019479766477180521 -0.024937742546080197 0.013393086231514546 0.022704634610589879 0.014735648398444616 -0.00901868279341108
leaf_weight=268.79089071601629 184.51735342293978 113.86570484191179 82.498297654092312 178.34810265898705 90.046918407082558 226.64748727530241 42.608970515429974 159.51765941828489 103.58643774688244 580.16026262938976 84.162480629980564 109.37483507394791 78.849701821804047 57.566453076899052 156.94806542992592 106.07944609224796 46.775414444506168 125.57506214827299 50.040850393474102 45.873464249074459 79.295191362500191 44.626753017306328 84.519364036619663 152.03474042564631 66.09585002809763 314.42565659433603 64.293737821280956 45.223022595047951 130.57385013997555 59.931246504187584 49.57655293494463 75.082327857613564 140.98837994039059 97.940240956842899 84.250532038509846 43.029329292476177 98.083086684346199 53.685522794723511 125.04713532328606 124.2772054746747 120.9521980881691 88.593083597719669 223.1396556943655 281.42674789577723 115.79724115878344 314.40038722753525 388.61727170646191 46.950081318616867 137.70693988353014 250.62636993825436 91.409851215779781 152.00582630932331 73.460280783474445 63.549155525863171 84.361480824649334 283.01739722490311 86.896506801247597 62.172805368900299 47.203736118972301 52.394569307565689 47.976750299334526 54.191660836338997
leaf_count=1797 1348 499 391 866 415 1183 194 739 460 2824 397 530 366 274 817 505 212 579 227 221 379 200 382 702 359 1393 297 202 597 274 264 361 634 461 386 213 452 252 600 575 564 408 1012 1265 505 1481 1933 240 678 1235 464 692 361 350 395 1307 421 293 203 286 204 236
internal_value=-0.000113312 0.000142749 0.000911124 -0.0023059 0.00196363 -0.00338195 -0.00180236 -0.00320044 0.00268982 0.00152991 0.00382596 -0.00681268 0.00316175 0.00186597 0.0041059 0.00254759 0.00603521 0.0105392 0.0126187 0.00405899 0.00511515 0.00357164 -0.00791877 0.00529158 0.018789 9.42705e-05 -0.00025914 -0.00975574 -0.00151968 -0.00932564 0.000139318 -0.00947851 0.00609851 0.0109434 -0.000998859 0.00180981 -0.00393612 0.00481149 0.00282175 -0.000854497 -0.00840726 -0.00672203 0.00265665 -0.000280784 -0.00583018 -0.00261081 -0.000705185 -0.00383183 -0.00846815 -0.0107644 -0.00533226 0.00709014 -0.00554261 0.000514824 0.00896106 0.00595972 -0.00662853 -0.0130611 0.0024095 0.00418816 0.00910846 0.00213599
internal_weight=7891.66 7707.15 6327.72 1559.89 4767.83 1379.42 1152.78 587.809 4180.03 842.671 664.323 717.216 3960.64 2729.69 1642.82 1388.62 1230.95 527.604 254.193 1193.95 1103.9 991.935 129.146 862.789 111.969 428.291 343.375 109.517 1086.87 190.505 896.369 132.649 402.029 238.929 163.1 763.72 262.065 501.656 452.079 327.032 219.035 194.673 703.348 480.208 219.384 1110.17 841.378 526.977 634.718 497.011 480.027 198.781 246.384 137.009 519.414 367.379 202.755 115.858 97.2446 233.858 154.563 102.168
internal_count=38360 37012 29720 7632 22088 7292 6109 2631 19457 4087 3221 3545 18492 12885 7745 6498 5607 2426 1247 5585 5170 4590 582 4008 580 1892 1604 499 5140 871 4269 635 1847 1095 752 3634 1229 2405 2141 1541 1016 913 3181 2169 965 5915 4118 2637 3154 2476 2397 904 1241 711 2404 1702 966 545 430 1105 726 440
is_linear=0
shrinkage=0.03


Tree=106
num_leaves=63
num_cat=0
split_feature=5 5 29 3 4 4 4 10 41 47 53 52 82 53 17 68 44 44 70 7 52 57 64 63 63 63 12 70 41 61 64 21 29 63 64 70 34 4 26 47 57 77 65 81 26 0 12 52 16 78 83 70 44 29 26 9 29 57 44 44 65 12
split_gain=24.3322 31.3295 31.5047 31.4695 29.3214 28.2277 25.9851 17.2126 16.1092 22.3855 19.0944 15.9999 19.6576 15.1142 16.915 15.9675 14.5347 14.4434 14.3564 15.0172 14.018 13.9835 13.0397 12.7464 12.5718 22.2006 12.488 11.6471 18.9144 17.7097 12.3624 11.3143 11.0399 11.0252 20.669 23.3881 11.2705 11.1811 14.6979 14.1918 12.6025 12.3355 11.1392 11.6746 11.6747 15.7433 13.8328 12.8644 11.9496 10.5601 10.3103 10.3012 10.2163 12.3622 10.0502 10.0099 9.85455 11.2075 17.4367 13.9398 13.439 16.386
threshold=0.00069463954423554252 -0.0004909897397737949 0.22869636118412021 -0.00030815982609055931 -0.0010047646937891839 -0.00011217942301300353 0.00095748421153984975 0.23956237733364108 -53.128269195556634 1.0000707507133486 0.811750888824463 0.27206397056579595 112.58070755004884 0.62926781177520763 73.286895751953139 0.6078576147556306 -3.5166687965393062 5.2337627410888681 5481.5000000000009 0.00048448536836076533 -0.34447248280048365 41.064327239990241 0.08063365146517755 -0.33174875378608698 -0.79994463920593251 0.29862368106842047 0.014457452576607467 9551.5000000000018 -1.0000000180025095e-35 0.92983540892601024 -0.36446963250637049 1.5000000000000002 0.79479312896728527 0.9556623399257661 0.11970336735248567 19203.500000000004 1.4832785725593569 -0.00038269416836556042 1.7580993771553042 0.99994787573814403 27.73634243011475 -0.016479359008371827 241.50000000000003 -0.32822225987911219 1.1178226470947268 22.500000000000004 0.0071556267794221648 0.27730427682399755 63.382061004638679 -0.038983933627605431 0.54571136832237255 6875.5000000000009 -3.978618741035461 -0.5732135772705077 1.605247497558594 0.00093082996318116795 -0.42574724555015558 82.358360290527358 2.5519000291824345 -7.6505184173583975 -767.49999999999989 0.013813707511872055
decision_type=2 2 2 2 2 2 2 2 2 2 2 2 2 2 2 2 2 2 2 2 2 2 2 2 2 2 2 2 2 2 2 2 2 2 2 2 2 2 2 2 2 2 2 2 2 2 2 2 2 2 2 2 2 2 2 2 2 2 2 2 2 2
left_child=1 2 3 20 -3 -2 7 13 9 51 24 12 16 14 15 -6 -12 -18 -13 22 -1 -21 -20 -23 -10 -26 -19 -5 29 30 -29 -27 -14 36 35 -35 37 38 39 40 -15 -40 43 -39 46 47 -45 56 -48 52 -30 -7 -31 -54 -4 -47 -46 59 -59 -58 -61 -62
right_child=5 4 54 27 6 8 -8 -9 10 -11 11 18 32 33 -16 -17 17 26 19 21 -22 23 -24 -25 25 31 -28 28 50 49 -32 -33 -34 34 -36 -37 -38 42 41 -41 -42 -43 -44 44 45 55 48 -49 -50 -51 -52 -53 53 -55 -56 -57 57 58 -60 60 61 -63
leaf_value=-0.006472344281254247 -0.013960284729141384 -0.013429811030152625 0.025678292015020428 -0.0087708065933177985 -0.0030982208077488592 -0.012131153067221954 -0.0087507240173945282 0.019909859426356449 -0.020553522316316734 0.021822185978520162 -0.002697502310591134 -0.016569834375894824 -0.0024494438099361133 -0.0085958471798682906 -0.010808242286507048 0.0085511363265290477 0.013545208529479231 0.0087490127673817211 -0.020639799259014706 0.010990425653794005 0.0022078605735838803 0.0085508860043671565 0.00058897038938988044 -0.01713855320844649 0.011061022473393658 -0.019146017655661405 -0.011541703352921106 0.019814722588140484 -0.0055165413120433267 0.011592183291987593 0.0017399758835191376 -0.0015639645447547339 -0.01996698455962875 -0.00080233159023128148 0.020324614075777504 0.0234065017481149 -0.0089929928443898289 0.014533990140371832 0.013690345464808221 -0.012056382006412908 0.0090181905923452724 -0.0024148021693628906 0.010952182257115257 0.0088148612635322449 -0.00055181881040771124 -0.004573791246903775 -0.0088995230704008131 -0.0084980996653541974 0.0026386190488892573 -0.015732252521488299 -0.024662823258683981 0.0076965629996966958 -0.017607446186740081 0.0042591986487405557 0.0055806747118341054 0.0081738790292237087 0.0033292764436915938 0.012662272747064673 -0.011964555499761392 -0.0018077575780388541 0.017058117176236176 0.0052109431521459634
leaf_weight=201.4181372448802 199.40027759969234 102.36297826468945 44.21117927134037 668.36620624363422 270.6508216932416 45.072956740856171 166.30847673118114 55.806202843785286 75.323145411908627 58.760017864406109 149.24435019493103 89.591708727180958 125.59138748794794 64.007947683334351 130.94038362056017 173.95825556665659 198.70616771280766 63.698991484940052 60.250851891934872 89.418062888085842 992.70182476937771 29.166145853698254 45.864462241530418 43.026311941444874 50.081619158387184 84.018658936023712 47.77165611833334 57.200238101184368 59.239584542810917 43.671933874487877 84.171500019729137 54.183758325874805 43.62589954584837 178.60600885748863 102.69460040330887 44.956552676856518 65.064631715416908 87.391360983252525 92.866447307169437 131.36048573255539 85.245454877614975 79.397125713527203 220.04334834963083 99.069918192923069 134.17583880573511 226.04256075620651 188.9763395190239 50.304246045649052 141.10133731365204 57.188790895044804 44.199562922120094 49.459706157445908 43.775489471852779 49.671387016773224 45.379312992095947 73.452909208834171 240.61376215517521 46.433132395148277 58.444865748286247 57.255372069776058 353.03728672116995 149.59379021078348
leaf_count=1307 1051 465 196 3324 1279 217 735 258 385 280 691 572 556 296 582 832 945 290 340 542 4600 223 242 341 242 428 232 284 263 204 441 261 235 847 541 220 297 407 421 595 388 362 1068 510 600 1054 880 224 642 267 252 241 241 221 204 346 1153 205 265 266 1700 683
internal_value=-9.96071e-05 0.000744568 -0.00195517 -0.00263455 0.00241261 -0.00339851 0.00284301 0.00337839 -0.00189727 0.0072812 -0.00302326 -0.00110571 0.00177552 0.00311819 -0.0013313 0.00145972 0.00499513 0.0086965 -0.00617474 -0.00269613 0.000743727 0.00306125 -0.0114644 -0.00675988 -0.0101953 -0.00605155 5.32607e-05 -0.00627711 -0.00248154 0.00097472 0.00905318 -0.0122528 -0.00696564 0.00398041 0.00918356 0.00406586 0.00333834 0.00364946 -0.000630479 -0.00486496 0.00146434 0.0062674 0.0045612 0.00382333 0.00330861 0.00464455 -0.00101643 0.00631861 -0.00396721 -0.00490289 -0.0136978 -0.00175725 -0.000386243 -0.0059843 0.0154985 -0.00144736 0.0070356 0.00816004 -0.0010614 0.00936819 0.0119634 0.0135321
internal_weight=7863.61 6261.36 2391.2 2301.6 3870.16 1602.26 3767.8 3601.49 1402.86 153.293 1249.56 985.956 628.638 3545.68 575.549 444.609 459.421 310.177 357.318 267.726 1194.12 161.611 106.115 72.1925 263.607 188.284 111.471 1107.48 439.118 335.679 141.372 138.202 169.217 2970.14 326.257 223.563 2643.88 2578.81 452.877 280.614 149.253 172.264 2125.94 1905.89 1818.5 1389.35 429.148 1089.86 330.078 194.308 103.439 94.5327 137.119 93.4469 89.5905 299.495 1039.55 905.378 104.878 800.5 559.886 502.631
internal_count=38239 29925 11804 11404 18121 8314 17656 16921 7263 738 6525 5209 2949 16663 2693 2111 2158 1467 2260 1688 5907 1106 582 564 1316 931 522 5497 2173 1658 725 689 791 13970 1608 1067 12362 12065 2062 1279 684 783 10003 8935 8528 6496 2032 5096 1522 933 515 458 666 462 400 1400 4872 4272 470 3802 2649 2383
is_linear=0
shrinkage=0.03


Tree=107
num_leaves=63
num_cat=0
split_feature=52 31 5 41 63 63 67 67 66 31 52 63 12 66 69 30 63 66 63 66 32 59 42 44 8 61 25 23 49 59 59 32 41 90 48 41 69 58 40 63 40 54 7 54 41 77 41 8 40 42 63 63 28 41 61 90 31 48 59 58 51 63
split_gain=21.7572 20.4696 19.425 17.1679 17.5229 38.605 38.9726 37.1144 36.7615 24.7788 24.2341 20.3764 32.857 28.9159 38.0649 28.0596 27.1254 30.845 26.1111 24.9365 26.3864 23.656 35.907 26.5303 23.5676 22.9298 24.2646 21.2254 22.9008 21.5863 31.2727 19.8317 19.4137 19.0266 21.4886 18.7921 17.041 16.8134 19.8228 17.4319 16.7451 16.6107 16.5598 16.4699 18.9558 21.009 16.1888 16.0434 15.6035 15.5702 18.2587 25.38 21.8365 20.074 19.2978 26.3369 24.2784 28.2816 22.0884 18.4517 17.2229 15.4713
threshold=-0.43887495994567866 0.01124999998137355 0.0031068685930222277 -109.37187576293944 -0.7589854598045348 -0.65440937876701344 13.500000000000002 61.500000000000007 -371.49999999999994 0.20749999582767489 -0.23442562669515607 0.2861058115959168 0.014936708379536869 -138.49999999999997 17510.500000000004 0.27500000596046453 0.60006982088089 540.50000000000011 -0.33174875378608698 425.50000000000006 0.63249999284744274 1.2887467145919802 25.316674232482914 -4.9620540142059317 0.00083111695130355667 6.6623320579528817 73.036811828613295 2.5000000000000004 0.9986618459224702 0.32246795296669012 0.39551968872547155 0.17750000208616259 -50.619646072387688 1.3870286345481875 0.99967762827873241 -12.835771083831785 2529.5000000000005 0.36900977790355688 6.3424911499023446 0.93279412388801586 6.1323230266571054 -1.1631824374198911 0.00081080413656309258 -0.67134279012680043 -39.658718109130852 -0.10782700404524802 -13.33681011199951 -0.0017225461779162286 19.86043739318848 73.234706878662124 -0.99115538597106922 -0.98035496473312367 -1.5570182204246519 -8.8821368217468244 4.0219132900238046 -1.7752318382263181 0.3575000017881394 1.0006147027015688 0.66282731294631969 0.16262865066528323 0.035195961594581611 0.99913862347602855
decision_type=2 2 2 2 2 2 2 2 2 2 2 2 2 2 2 2 2 2 2 2 2 2 2 2 2 2 2 2 2 2 2 2 2 2 2 2 2 2 2 2 2 2 2 2 2 2 2 2 2 2 2 2 2 2 2 2 2 2 2 2 2 2
left_child=-1 42 3 -3 7 6 -6 48 10 -8 -9 13 16 14 15 41 21 19 -16 20 27 22 23 -13 32 26 43 28 -18 -30 -31 -15 -17 34 -25 -14 -12 39 -39 -29 -27 -7 -2 -21 -45 -46 -26 -11 -5 50 53 -52 -53 60 55 -54 57 -56 -59 -57 -10 -22
right_child=1 2 -4 4 5 11 9 8 49 47 36 12 35 31 18 24 17 -19 -20 25 61 -23 -24 33 46 40 -28 37 29 30 -32 -33 -34 -35 -36 -37 -38 38 -40 -41 -42 -43 -44 44 45 -47 -48 -49 -50 -51 51 52 54 -55 56 59 -58 58 -60 -61 -62 -63
leaf_value=-0.013728810123015175 0.014399619444591401 0.014845526177460438 -0.015509884552265634 -0.019393153344165717 0.035920907664437708 0.023338524596631556 0.026040850879127143 -0.010330139396633213 -0.03149879465340602 -0.011676915567997923 0.02181597990071071 -0.019773854325473763 -0.0039191809095482253 0.020825286075354447 -0.030251251426419736 0.0064969184056133415 -0.006251239596410078 0.017171881641327182 -0.0027808385917289118 0.0056875914223786456 -0.0066053483194243503 -0.024462161188207352 0.0073660863046207305 0.0022097299529687457 -0.0046087756675771115 0.017129053387929132 -0.02218910011172865 0.018511369321016956 0.019190991470001383 -0.010061589520466716 0.012510812870332972 0.0041090338873222597 -0.015695580239111488 0.012743229436152035 -0.019071533628455171 -0.014627312477114605 0.0055002220620222614 -0.013979890919591611 0.0045619628178574928 -0.0050323951843473528 -0.0024303197136281824 0.0043018103673405014 -0.0061221710322194381 -0.025444463947535717 -0.021504683146333636 0.0034966742233898313 0.018780356207678404 0.007864457899891774 -0.0014857927407438908 0.011805967814779623 0.012807910786691417 -0.021194049885482766 0.01951068151855646 0.0041425602888052184 -0.014150741968538617 -0.013938072496828912 -0.019626851746279053 0.018487585978300546 -0.0060516370085754115 0.0087039843393359583 -0.010589907761209555 0.010735927556930189
leaf_weight=101.59276043623686 154.67793980240822 70.805260896682739 72.037125989794731 154.48822012543678 49.801189914345741 53.198896497488022 45.566288433969021 76.449128828942776 59.384296163916588 57.926477372646332 67.657489478588104 127.96436320990324 646.78792483359575 66.8866798132658 67.329126797616482 45.219941042363644 70.30265387147665 117.19072806090117 57.940031729638577 102.78844843059778 271.00843816250563 51.752656161785126 187.95194324105978 92.77443803101778 56.629430674016476 65.23946838080883 85.164131045341492 71.713530756533146 216.03429160267115 74.67821891605854 212.21945504844189 1418.1972973421216 164.64315235614777 54.596163101494312 79.12078557908535 191.07393850386143 388.08684480935335 106.47657405585051 101.22434180229902 46.756618909537792 99.43387209624052 183.69604261219501 45.887614145874977 48.33951523900032 42.670870244503021 103.91836010664701 50.281607791781425 108.89191477000713 61.117575868964195 49.300376705825329 78.588270910084248 69.041102901101112 66.787041202187538 43.672355584800243 101.59932640194893 71.276444032788277 104.64304341375828 69.850339770317078 62.598538160324097 59.377669401466846 87.991763539612293 55.843859829008579
leaf_count=737 937 375 592 726 242 250 223 432 264 289 320 593 3198 337 311 203 347 565 273 495 1300 236 882 434 273 311 389 335 1029 354 1010 6662 772 258 366 993 1850 499 480 238 470 861 246 224 219 481 227 517 284 234 366 344 329 226 454 335 554 308 278 274 417 268
internal_value=6.45192e-05 0.000244994 -5.83116e-06 0.000143245 2.96981e-06 0.000789093 0.0120352 -0.00270029 -0.000980439 0.00643435 0.00530042 0.000251723 -0.00122357 0.00251716 -0.00261168 0.000767144 0.000508541 0.0022654 -0.0175455 0.00128057 0.00365746 -0.00508293 -0.00323391 -0.0088546 -0.00507322 -0.0040425 -0.00806862 0.00631034 0.00978673 0.0120286 0.00663531 0.00486192 -0.0109137 -0.00268539 -0.00758572 -0.00636116 0.00792238 0.000200719 -0.0049434 0.00921935 0.00531862 0.00857684 0.00970442 -0.00402936 -0.00915323 -0.00378101 0.00639143 0.00107886 -0.014317 -0.00459757 -0.005522 -0.00323104 -0.00531387 -0.0137214 -0.00326888 0.00418569 -0.00761454 -0.00224383 0.00688976 -0.00364806 -0.019015 -0.00364253
internal_weight=7866.14 7764.55 7563.99 7491.95 7421.14 5749.23 262.186 1671.91 1456.3 212.385 532.193 5487.05 3323.03 2164.02 678.938 553.669 2485.16 1891 125.269 1773.81 1226.26 594.16 542.408 354.456 316.774 547.555 382.881 899.406 573.235 502.932 286.898 1485.08 209.863 226.491 171.895 837.862 455.744 326.171 207.701 118.47 164.673 236.895 200.566 297.717 194.929 146.589 106.911 166.818 215.606 924.111 874.81 683.762 605.174 191.048 536.132 197.441 338.691 234.048 132.449 130.654 147.376 326.852
internal_count=38296 37559 36376 35784 35409 27414 1271 7995 6985 1029 2602 26143 15974 10169 3170 2586 11783 9014 584 8449 5860 2769 2533 1651 1475 2589 1808 4292 2740 2393 1364 6999 975 1058 800 4191 2170 1552 979 573 781 1111 1183 1419 924 700 500 806 1010 4383 4149 3242 2876 907 2532 938 1594 1040 586 609 681 1568
is_linear=0
shrinkage=0.03


Tree=108
num_leaves=63
num_cat=0
split_feature=80 25 69 64 5 5 3 18 4 4 2 90 51 5 30 47 56 83 25 59 47 64 57 69 69 25 28 12 51 57 56 6 12 4 56 38 51 28 52 51 14 90 70 66 33 70 18 12 70 70 38 14 5 27 56 14 57 43 40 33 54 31
split_gain=27.1308 17.2547 28.3749 17.2106 17.4284 25.5537 22.7851 30.4927 22.0312 23.7163 21.1048 17.3861 21.8495 21.2807 19.5158 18.2124 16.1452 16.0789 15.5327 15.6154 14.9138 31.3808 20.1049 14.2299 24.4993 21.2755 22.3042 18.3316 24.5573 17.7172 15.2236 17.3189 15.1538 14.0407 14.0072 13.9999 17.8892 17.4302 15.7269 14.4483 13.9823 14.6135 13.698 14.7088 15.4213 15.9145 13.6521 13.5639 13.4851 19.9513 13.4033 13.2593 13.1749 13.1943 12.9709 12.4128 12.0827 12.5918 15.8838 11.9844 11.9161 11.8751
threshold=14.512819766998293 78.620353698730483 6324.5000000000009 -0.99851059913635243 0.00069463954423554252 -0.00053875608136877407 0.00022815192642156037 43.58778381347657 0.00071046969969756912 -0.00058903449098579575 0.00023058963415678593 -1.0563466548919676 0.047391356900334365 -0.0024579932214692231 0.22500000149011615 1.0027633905410769 15.959263801574709 0.28219603002071386 69.613681793212905 0.67818021774292003 0.99778801202774059 0.46754305064678198 27.73634243011475 17323.500000000004 4531.5000000000009 90.190830230712905 1.0568923354148867 0.012270773295313122 0.02840026002377272 98.955986022949233 7.2593448162078866 6.3744493672857075e-05 0.0057020713575184354 -0.00056664619478397061 5.4608423709869394 -0.028451561927795407 0.036541057750582702 -0.48860603570938105 0.15647016465663913 0.04835233464837075 0.0096490499563515204 -1.5210927128791807 2263.5000000000005 -497.49999999999994 633.78778076171886 3089.5000000000005 55.870004653930671 0.008839849382638933 10260.500000000002 17646.500000000004 -0.25126034021377558 0.011508853174746038 0.0019597116624936466 0.17645156383514407 5.9057970046997079 0.021353715099394325 43.117460250854499 -19.600589752197262 -5.2963235378265372 706.51315307617199 -0.54808488488197316 0.087500002235174193
decision_type=2 2 2 2 2 2 2 2 2 2 2 2 2 2 2 2 2 2 2 2 2 2 2 2 2 2 2 2 2 2 2 2 2 2 2 2 2 2 2 2 2 2 2 2 2 2 2 2 2 2 2 2 2 2 2 2 2 2 2 2 2 2
left_child=1 61 -3 17 5 6 7 11 9 54 33 12 20 14 -14 18 52 -2 19 48 21 22 -5 24 25 26 32 28 30 40 31 -26 -11 -6 -35 36 37 -34 39 47 -30 51 -25 -44 60 -46 -19 -37 -15 -50 -38 -42 53 55 -7 -12 57 -13 -59 -9 -45 -1
right_child=3 2 -4 4 10 8 -8 59 -10 23 16 56 13 15 -16 -17 -18 46 -20 -21 -22 -23 -24 42 27 -27 -28 -29 29 -31 -32 -33 35 34 -36 38 50 -39 -40 -41 41 -43 43 44 45 -47 -48 -49 49 -51 -52 -53 -54 -55 -56 -57 -58 58 -60 -61 -62 -63
leaf_value=0.012615831283163795 0.025221831654068862 -0.010472289422717539 0.011866564308258718 0.030226455285074123 -0.023500896223847663 -0.015022567665444044 -0.010901289814150792 0.021593204648309702 -0.0060648747235495229 0.01359276760096652 -0.0064447905813697576 0.010047268113550768 5.9763383561723944e-05 0.0046791144468155219 -0.027161301257501571 -0.012055821794630991 0.018361900668769096 -0.0079187944047237648 0.024674424367387281 -0.0098313864596065483 -0.0087034115977245845 -0.015869771598855432 -0.00036195712462421377 0.0059037760708963195 0.020850921553108023 0.016243810166517894 -0.010936437936910726 0.0013584798803699255 0.023085200080143663 -0.00090422470355744149 -0.01303569660543822 -0.0053693633129511913 0.0074948488951534021 -0.015189262000898785 -0.0042189529840509317 0.0034826014056094264 0.0063830062615448692 -0.013837925638615441 -0.014782704765279686 0.011957618896795152 -0.0084743533897521321 0.015793570304381582 -0.019887384440572281 -0.022107174725470611 -0.011575924368474436 0.0082570459438511198 0.01513774219456601 -0.011336795858120257 0.032519717706706787 0.0044924790271867795 0.024762039444928104 0.013661454870446807 -0.0092646289209953048 0.0054190457646142885 -0.0016172356398084023 0.010864864138418206 -0.012826209680733992 -0.016682250728722176 -0.0012891453666529708 0.003049316479109423 -0.0012500020384492725 0.0043674694400386363
leaf_weight=208.41482770442963 42.299015484750271 150.86369636654854 77.444986879825592 39.395774014294147 46.931273549795151 86.868874028325081 268.0124363899231 65.602987080812454 307.55403961241245 89.489581629633904 242.860136911273 51.924083955585957 71.630796976387501 285.06166937947273 35.42729052901268 47.026191636919975 39.208172842860222 49.235513649880886 43.169157013297081 50.739878460764885 333.7159461453557 46.990228608250618 37.985377013683319 166.41996083408594 42.84166008234024 78.782811783254147 142.14950580894947 278.84443506598473 144.8870639577508 69.764250427484512 54.834447726607323 48.15629418939352 67.597607314586639 132.21282016485929 504.30651222169399 112.30586604773998 153.45940785855055 70.339811682701111 85.651307821273804 67.91228760778904 50.780453883111477 254.9667494893074 48.596599414944649 49.11402302980423 49.482237324118614 137.87118789553642 43.562457978725433 110.06052853912115 43.853753067553043 47.746894411742687 46.542349793016911 46.798296526074409 151.40769171714783 273.81531824171543 257.595976755023 44.047320201992989 201.72119640558958 87.126014590263367 196.17844875901937 60.101024404168129 49.498159751296043 637.87979394942522
leaf_count=1220 221 700 379 203 274 381 1401 294 1353 450 1182 241 478 1373 263 230 226 227 212 257 1706 244 212 768 216 348 655 1248 700 308 254 223 332 665 2740 530 717 317 387 304 233 1190 229 220 240 637 205 495 209 233 217 227 1021 1263 1168 199 957 415 945 266 221 2935
internal_value=-3.22195e-06 0.0044243 -0.00289469 -0.000707828 -0.000924234 -0.000114153 -0.00275706 -0.00150648 0.00156492 0.00238494 -0.00385031 -0.00261115 -0.00042233 0.00322717 -0.00894814 0.00574547 -0.000380117 0.00989223 0.00752443 0.00579222 -0.00539885 0.00346801 0.015211 0.00339525 0.00451964 0.00126538 1.73331e-05 0.00788026 0.0104307 0.0132538 -0.000549163 0.0069751 0.00195554 -0.0076652 -0.00649762 0.000496711 0.00492779 -0.00338359 -0.00348657 -0.000153466 0.0152394 0.012015 -0.00112976 -0.00462843 -0.00203535 0.00301893 0.00290471 -0.00385228 0.00789686 0.0179105 0.01066 0.00214187 -0.00141201 0.000708377 -0.00499786 -0.00378733 -0.00702484 -0.0035339 -0.00602306 0.0127271 -0.011638 0.00639877
internal_weight=7827.06 1074.6 228.309 6752.46 6617.36 5182.57 2013.41 1745.4 3169.17 2861.61 1434.79 1619.69 1082.74 624.656 107.058 517.598 751.339 135.097 470.571 427.402 458.087 124.371 77.3812 2517.15 2016.16 1024.29 945.508 991.874 713.029 567.197 145.832 90.998 803.359 683.451 636.519 713.869 337.939 137.937 375.93 290.279 497.433 352.545 500.982 334.562 285.966 187.353 92.798 222.366 376.662 91.6006 200.002 97.5788 712.13 560.723 344.465 286.907 536.95 335.229 283.304 125.704 98.6122 846.295
internal_count=38164 5234 1079 32930 32277 24707 10139 8738 14568 13215 7570 8178 5620 3255 741 2514 3891 653 2284 2072 2365 659 415 11666 9351 4752 4404 4599 3351 2658 693 439 3749 3679 3405 3299 1583 649 1716 1329 2350 1650 2315 1547 1318 877 432 1025 1815 442 934 460 3665 2644 1549 1381 2558 1601 1360 560 441 4155
is_linear=0
shrinkage=0.03


end of trees

feature_importances:
hour_cos=384
ret_10=311
hour_sin=309
macd_hist_atr=259
squeeze=216
trend_slope=206
h1_trend=199
min_since_event=193
dist_prev_high=187
vol_ewma_10=169
d1_pos=161
m1_d1_vol_ratio=156
daily_range_pct=154
m1_h1_vol_ratio=152
round50_dist=148
min_to_london=144
min_to_event=141
daily_pos=137
vol_rel=135
adx_14=127
bb_pctile=124
bb_w_20=122
dist_prev_low=118
atr_pct=118
trend_quality=113
close_ma200=109
dist_prev_close=107
flow_mom=106
vol_ewma_60=101
ret_5=92
min_to_ny=91
atr_pctile=89
range_pos_20=82
dist_day_open=82
stoch_d=78
dist_h1_lo=78
vol_ewma_30=76
obv_slope=75
dist_h1_hi=66
spread_z=61
ret_3=60
di_bias=58
cci_20=55
min_to_close=54
h1_pos=52
above_ema50=48
ret_15=45
ret_30=45
dow_sin=43
trend_ema=41
vol_z=35
ret_mom=33
ret_60=32
close_loc_mom=30
ret_2=29
close_ma100=29
ret_1=26
stoch_k=26
dow=24
hour=22
range_pos=22
low_ma100=20
bb_pos_20=19
high_ma100=19
open_ma100=16
rsi_14=14
spread=12
body_signed=11
body_atr=10
squeeze_bin=10
vol_spike=9
close_loc=8
donch_pos=8
dow_cos=5
ret_streak=4
wick_ratio=3
flow_conviction=3
up_wick_frac=1
dn_wick_frac=1

parameters:
[boosting: gbdt]
[objective: binary]
[metric: auc]
[tree_learner: serial]
[device_type: cpu]
[data_sample_strategy: bagging]
[data: ]
[valid: ]
[num_iterations: 400]
[learning_rate: 0.03]
[num_leaves: 63]
[num_threads: 4]
[seed: 2026]
[deterministic: 0]
[force_col_wise: 0]
[force_row_wise: 0]
[histogram_pool_size: -1]
[max_depth: -1]
[min_data_in_leaf: 200]
[min_sum_hessian_in_leaf: 0.001]
[bagging_fraction: 0.8]
[pos_bagging_fraction: 1]
[neg_bagging_fraction: 1]
[bagging_freq: 1]
[bagging_seed: 26038]
[bagging_by_query: 0]
[feature_fraction: 0.7]
[feature_fraction_bynode: 1]
[feature_fraction_seed: 28694]
[extra_trees: 0]
[extra_seed: 4728]
[early_stopping_round: 0]
[early_stopping_min_delta: 0]
[first_metric_only: 0]
[max_delta_step: 0]
[lambda_l1: 0]
[lambda_l2: 0]
[linear_lambda: 0]
[min_gain_to_split: 0]
[drop_rate: 0.1]
[max_drop: 50]
[skip_drop: 0.5]
[xgboost_dart_mode: 0]
[uniform_drop: 0]
[drop_seed: 5409]
[top_rate: 0.2]
[other_rate: 0.1]
[min_data_per_group: 100]
[max_cat_threshold: 32]
[cat_l2: 10]
[cat_smooth: 10]
[max_cat_to_onehot: 4]
[top_k: 20]
[monotone_constraints: ]
[monotone_constraints_method: basic]
[monotone_penalty: 0]
[feature_contri: ]
[forcedsplits_filename: ]
[refit_decay_rate: 0.9]
[cegb_tradeoff: 1]
[cegb_penalty_split: 0]
[cegb_penalty_feature_lazy: ]
[cegb_penalty_feature_coupled: ]
[path_smooth: 0]
[interaction_constraints: ]
[verbosity: -1]
[saved_feature_importance_type: 0]
[use_quantized_grad: 0]
[num_grad_quant_bins: 4]
[quant_train_renew_leaf: 0]
[stochastic_rounding: 1]
[linear_tree: 0]
[max_bin: 255]
[max_bin_by_feature: ]
[min_data_in_bin: 3]
[bin_construct_sample_cnt: 200000]
[data_random_seed: 6654]
[is_enable_sparse: 1]
[enable_bundle: 1]
[use_missing: 1]
[zero_as_missing: 0]
[feature_pre_filter: 1]
[pre_partition: 0]
[two_round: 0]
[header: 0]
[label_column: ]
[weight_column: ]
[group_column: ]
[ignore_column: ]
[categorical_feature: ]
[forcedbins_filename: ]
[precise_float_parser: 0]
[parser_config_file: ]
[objective_seed: 199]
[num_class: 1]
[is_unbalance: 0]
[scale_pos_weight: 1]
[sigmoid: 1]
[boost_from_average: 1]
[reg_sqrt: 0]
[alpha: 0.9]
[fair_c: 1]
[poisson_max_delta_step: 0.7]
[tweedie_variance_power: 1.5]
[lambdarank_truncation_level: 30]
[lambdarank_norm: 1]
[label_gain: ]
[lambdarank_position_bias_regularization: 0]
[eval_at: ]
[multi_error_top_k: 1]
[auc_mu_weights: ]
[num_machines: 1]
[local_listen_port: 12400]
[time_out: 120]
[machine_list_filename: ]
[machines: ]
[gpu_platform_id: -1]
[gpu_device_id: -1]
[gpu_device_id_list: ]
[gpu_use_dp: 0]
[num_gpu: 1]

end of parameters

pandas_categorical:null
