tree
version=v4
num_class=1
num_tree_per_iteration=1
label_index=0
max_feature_idx=105
objective=binary sigmoid:1
feature_names=f0 f1 f2 f3 f4 f5 f6 f7 f8 f9 f10 f11 f12 f13 f14 f15 f16 f17 f18 f19 f20 f21 f22 f23 f24 f25 f26 f27 f28 f29 f30 f31 f32 f33 f34 f35 f36 f37 f38 f39 f40 f41 f42 f43 f44 f45 f46 f47 f48 f49 f50 f51 f52 f53 f54 f55 f56 f57 f58 f59 f60 f61 f62 f63 f64 f65 f66 f67 f68 f69 f70 f71 f72 f73 f74 f75 f76 f77 f78 f79 f80 f81 f82 f83 f84 f85 f86 f87 f88 f89 f90 f91 f92 f93 f94 f95 f96 f97 f98 f99 f100 f101 f102 f103 f104 f105
feature_infos=[-0.016211707144975662:0.017498468980193138] [-0.024419091641902924:0.017650499939918518] [-0.028708651661872864:0.034524004906415939] [-0.0365598164498806:0.042138665914535522] [-0.040221624076366425:0.040974706411361694] [-0.047017764300107956:0.048986237496137619] [-0.06934741884469986:0.044640447944402695] [-0.069945365190505981:0.044576950371265411] [-0.039115514606237411:0.074393860995769501] [0.00031386298360303044:3.3178353309631348] [-0.56213229894638062:1.5621322393417358] [0.00023310798860620707:0.42030718922615051] [0.0023052021861076355:0.30732128024101257] [0.0016603663098067045:0.25311490893363953] [8.9030342102050781:100] [0:100] [0:99.572288513183594] [0:100] [0:1] [0:1] [-14:16] [0:23] [0:4] [0:3] [0:100] [0.006479332223534584:16.475753784179688] [-3.9438199996948242:4.6093354225158691] [-2.3808462619781494:2.7379097938537598] [0:1] [0.004999999888241291:1] [0.004999999888241291:1] [0.0026386838871985674:141779.109375] [0:8.2258386611938477] [0:0.60000002384185791] [0:1] [-72.440689086914062:263.45785522460938] [-104.17722320556641:71.230201721191406] [-58.84515380859375:277.67706298828125] [-72.425445556640625:263.1895751953125] [-109.55686950683594:151.55303955078125] [-0.90096884965896606:1] [0.93524253368377686:1.0288935899734497] [0.92239928245544434:1.03466796875] [0.9357181191444397:1.0284605026245117] [0.94600635766983032:1.0309566259384155] [0.93214714527130127:1.0266619920730591] [0.0025717266835272312:1.0718468427658081] [-0.91157501935958862:0.899635910987854] [-1:1] [-1:1] [-1015:420] [-715:720] [-175:1260] [-0.43388372659683228:0.97492790222167969] [0:767060] [-767060:34560] [0:1] [-1:1] [0:1] [0:1] [-0.62191849946975708:0.62867230176925659] [-0.34911000728607178:0.43690782785415649] [5.8751688003540039:72.376716613769531] [-0.92159801721572876:1] [-400:400] [0:3] [0:1] [0:1] [0:1] [0:1] [-1:1] [0:1] [-1:1] [0.30000001192092896:231.99235534667969] [0.64999997615814209:1377.0599365234375] [0.30000001192092896:231.99235534667969] [0.64999997615814209:1377.0599365234375] [0.80000001192092896:4.5] [0.80000001192092896:4.5] [1.3011207580566406:10.615123748779297] [1.3011207580566406:10.615123748779297] [0:1] [0:1146610515968] [0:1] [-0.052631579339504242:0.052631579339504242] [0.61582309007644653:1] [1:10] [0:2] [0:1] [0:1] [0:5449.025390625] [-13.285503387451172:16.256143569946289] [-29.342105865478516:23.980142593383789] [0:0.94535070657730103] [0:5449.02490234375] [0:999] [0:1] [-6.1270933151245117:6.1196308135986328] [-13.399599075317383:13.403364181518555] [0:406800.53125] [0:406800.53125] [0:1] [0:0.94999998807907104] [0:0.10000000149011612] [0:8.5433473587036133] [-4.8685559056460548e-11:1]
tree_sizes=3542 3582 3575 3586 3566 3591 3590 3562 3580 3563 3583 3588 3561 3592 3568 3579 3577 3593 3597 3622 3592 3582 3590 3606 3575 3601 3595 3590 3592 3612 3593 3605 3598 3601 3606 3627 3604 3587 3621 3622 3618 3608 3629 3611 3638 3605 3626 3596 3625 3633 3608 3590 3639 3605 3619 3605 3607 3608 3612 3587 3598 3620 3630 3572 3605 3607 3630 3591 3624 3627 3598 3614 3626 3560 3634 3553 3589 3608 3606 3627 3637 3582 3609 3593 3556 3578 3597 3603 3641 3613 3542 3608 3604 3594 3564 3616 3602 3625 3627 3579 3598 3594 3563 3606 3543 3658 3582 3642 3624 3616 3541 3563 3602 3606 3612 3577 3642 3623 3634 3575 3561 3564 3625 3574 3550 3587 3599 3590 3594 3604 3556 3538 3599 3625 3582 3620 3576 3599 3584 3570 3544 3632 3571 3544 3645 3591 3611 3598 3655 3551 3575 3640 3585 3563 3597 3585 3607 3569 3544 3582 3618 3599 3653 3600 3588 3601 3584 3582 3633 3548 3580 3550 3599 3558 3576 3638 3616 3638 3568 3560 3629 3571 3565 3545 3572 3601 3567 3550 3556 3560 3598 3602 3636 3589 3611 3576 3603 3559 3528 3608

Tree=0
num_leaves=31
num_cat=0
split_feature=79 79 77 86 87 77 79 79 77 86 79 79 87 90 77 79 84 79 49 55 79 90 84 49 22 55 55 55 22 77
split_gain=470140 118536 67957.6 141348 42910.9 29298.9 23271.8 19276.8 13889.4 17115.5 9846.52 6687.78 6447.74 5758.6 5223.83 5097.68 4368.28 3988.82 3742.91 3594.79 3078.04 3076.78 3031.18 2895.25 2563.31 3071.13 2690.64 2363.09 2441.01 2343.23
threshold=5.5255424976348886 2.5121113061904912 1.2333478927612307 6.0000000000000009 1.0000000180025095e-35 3.0000000000000004 7.0334143638610849 2.9327796697616582 1.3076950907707217 6.0000000000000009 4.6936223506927499 3.0755002498626713 1.0000000180025095e-35 2690.504272460938 3.7121527194976811 1.6053011417388918 -1.0000000180025095e-35 3.2989671230316167 0.098011311143636717 -235032.49999999997 3.0244181156158452 2690.504272460938 -1.0000000180025095e-35 -0.11969653144478797 1.5000000000000002 21787.500000000004 -615312.49999999988 -525842.49999999988 1.5000000000000002 1.0658904910087588
decision_type=2 2 2 2 2 2 2 2 2 2 2 2 2 2 2 2 2 2 2 2 2 2 2 2 2 2 2 2 2 2
left_child=1 8 3 11 7 20 16 -4 9 -1 17 -3 -11 27 -7 -10 -2 -9 24 -20 -6 -14 -8 -13 25 -15 -26 -5 -29 -24
right_child=6 2 4 13 5 14 22 10 15 12 -12 23 21 18 -16 -17 -18 -19 19 -21 -22 -23 29 -25 26 -27 -28 28 -30 -31
leaf_value=-0.97212020653523912 -0.93475841422233097 -0.99605520061927355 -0.99763585610404792 -0.92303625988163729 -0.99495784342897708 -0.98301482519072425 -0.94835663509533386 -1.0193574736796418 -0.96322615971542158 -0.96494179915181044 -0.92309799846022866 -1.0091585509740801 -0.92318257220291655 -0.95272243118996069 -0.96477435716340343 -0.97408646993530223 -0.9201367881404604 -1.0343467132956494 -0.94240149465929368 -0.96713126314724707 -1.0103885231033205 -0.94249994948379601 -0.92516159036893542 -1.0273225739630492 -1.0125982678712502 -1.0621235931415989 -0.9338482825765364 -0.91469298719275149 -1.0091588783185335 -0.93934059572848239
leaf_weight=78864.559266507626 60725.999947428703 50836.248615682125 95121.535300910473 36957.87536907196 49867.726972460747 76131.998856782913 86345.880150794983 89340.018305778503 218265.16916412115 27839.710293531418 2317.7306476831436 41207.542719244957 26504.263876736164 18393.7000695467 81064.11668741703 214100.68840277195 323709.46870428324 88200.540163397789 24525.912712395191 36711.210041105747 91846.495130360126 93173.596313893795 33309.984779596329 46912.620267450809 1106.4227811098099 664.02834677696228 56372.396006524563 1157.0024998784065 1671.4342374205589 235303.2330173254
leaf_count=284121 189687 198744 373805 109889 194256 284910 284768 375964 761446 97734 6892 168023 78856 61691 284411 776727 950482 388118 79013 129909 375951 300290 99950 202210 4560 3159 175430 3315 6815 748832
internal_value=-0.963773 -0.97943 -0.991326 -0.972726 -1.00158 -0.988471 -0.93097 -1.01584 -0.96335 -0.953316 -1.02547 -1.0105 -0.943263 -0.943168 -0.973608 -0.968604 -0.922446 -1.0268 -0.948008 -0.957226 -1.00496 -0.938221 -0.940203 -1.01883 -0.940635 -0.956536 -0.935364 -0.926408 -0.97049 -0.937582
internal_weight=2.28855e+06 1.54915e+06 890407 316516 573890 298910 739395 274980 658748 226382 179858 138956 147518 177560 157196 432366 384435 177541 137774 61237.1 141714 119678 354959 88120.2 76536.5 19057.7 57478.8 39786.3 2828.44 268613
internal_count=7999958 5726239 3427065 1142758 2284307 1139528 2273719 1144779 2299174 761001 770974 568977 476880 573781 569321 1538173 1140169 764082 453762 208922 570207 379146 1133550 370233 244840 64850 179990 120019 10130 848782
is_linear=0
shrinkage=1


Tree=1
num_leaves=31
num_cat=0
split_feature=79 79 77 86 87 77 79 79 77 86 79 79 87 54 77 79 79 54 55 84 50 79 90 84 77 54 54 77 84 90
split_gain=386461 100174 58223.3 119005 37490.8 25131.3 18449.4 17112.2 11468.6 14029.8 8482.29 5901.79 5232.75 4619.76 4386.25 4249.84 3612.64 3466.1 3516.1 3438.39 2748.75 2694.63 2450.14 2437.59 2301.14 2141.99 2038.04 1864.45 1845.67 1767.44
threshold=5.5255424976348886 2.5121113061904912 1.2333478927612307 6.0000000000000009 1.0000000180025095e-35 3.0000000000000004 7.0334143638610849 2.9327796697616582 1.3076950907707217 6.0000000000000009 4.6936223506927499 2.8302106857299809 1.0000000180025095e-35 414537.50000000006 3.7121527194976811 1.6053011417388918 3.2989671230316167 443322.50000000006 -475727.49999999994 -1.0000000180025095e-35 82.500000000000014 3.0244181156158452 2690.504272460938 -1.0000000180025095e-35 1.0658904910087588 650422.50000000012 483412.50000000006 1.0658904910087588 -1.0000000180025095e-35 2921.341430664063
decision_type=2 2 2 2 2 2 2 2 2 2 2 2 2 2 2 2 2 2 2 2 2 2 2 2 2 2 2 2 2 2
left_child=1 8 3 11 7 21 19 -4 9 25 16 -3 -11 24 -7 -10 -9 -15 26 -2 -13 -6 -14 -8 -5 -1 -19 -25 -23 -16
right_child=6 2 4 13 5 14 23 10 15 12 -12 20 22 17 29 -17 -18 18 -20 -21 -22 28 -24 27 -26 -27 -28 -29 -30 -31
leaf_value=0.051212330286058073 0.081709654856461034 0.029180877471396884 0.025140502613285223 0.061365730552572217 0.027617189321405746 0.038586935360241742 0.069746764977725292 0.0048178597144451739 0.056498289713865828 0.054958345148546285 0.091858410548804004 0.011136243835536214 0.091781630616044108 0.12077798792413691 0.065709772391067719 0.046708557863038881 -0.0094554836462788592 0.14286819477713372 0.042395460983093131 0.094414590145848742 -0.0086179302527502714 0.0060738313029192938 0.074916755657552181 0.090066851643535714 0.075250244386568743 0.024149690007381486 0.083530997585533201 0.077694508259361611 0.020205300554246824 0.050101867598912254
leaf_weight=72658.097645163536 63249.536498755217 40728.302300184965 96318.325519263744 58116.896174669266 50557.479875832796 77608.168794006109 89399.014397382736 89554.057582616806 224493.99356801808 28612.201535493135 2426.28590965271 76239.626079112291 27744.628561943769 6161.1407617330551 26723.556236386299 219137.80216628313 87787.749017953873 1490.1651765853167 5278.0631435960531 339303.53400100768 22898.044736132026 45438.766279280186 96717.290495112538 34839.065389454365 61451.993929117918 8133.5799311101437 51753.685091897845 244591.2371378541 47014.986063271761 56596.169583916664
leaf_count=252980 189687 155788 373805 191424 194256 284910 284768 375964 761446 97734 6892 312852 78856 15478 87588 776727 388118 3328 18555 950482 100337 188957 300290 99950 191466 31141 153530 748832 186994 196823
internal_value=0.056001 0.0418498 0.0309572 0.0479307 0.0214724 0.0335877 0.0850164 0.00813462 0.0563863 0.0653466 -0.000977058 0.0131568 0.074244 0.0743274 0.0471413 0.0516626 -0.00224772 0.0850942 0.0813353 0.0924186 0.00657349 0.0183359 0.078677 0.0769372 0.0685022 0.0484882 0.0851944 0.0792374 0.0132602 0.0551087
internal_weight=2.35302e+06 1.58164e+06 904143 324118 580026 303939 771382 276086 677498 233866 179768 139866 153074 184252 160928 443632 177342 64683.1 58521.9 402553 99137.7 143011 124462 368829 119569 80791.7 53243.9 279430 92453.8 83319.7
internal_count=7999958 5726239 3427065 1142758 2284307 1139528 2273719 1144779 2299174 761001 770974 568977 476880 573781 569321 1538173 764082 190891 175413 1140169 413189 570207 379146 1133550 382890 284121 156858 848782 375951 284411
is_linear=0
shrinkage=0.05


Tree=2
num_leaves=31
num_cat=0
split_feature=79 79 77 86 87 77 79 79 77 86 79 79 87 90 77 79 79 49 84 55 49 79 54 54 55 84 40 55 54 26
split_gain=322814 85346.1 50252.3 101233 32859.8 21685.9 15210.6 15087.7 9619.27 11698.4 7366.51 5316.23 4331.78 4044.77 3720.62 3585.53 3271.57 2982.75 2875.45 2691.91 2452.43 2365.58 2066.31 2343.93 2069.98 2063.01 2037.06 2554.47 2318.68 1981.49
threshold=5.5255424976348886 2.5121113061904912 1.2333478927612307 6.0000000000000009 1.0000000180025095e-35 3.0000000000000004 2.9327796697616582 6.6557295322418222 1.3076950907707217 6.0000000000000009 4.6936223506927499 3.0755002498626713 1.0000000180025095e-35 2690.504272460938 3.7121527194976811 1.6053011417388918 3.2989671230316167 0.098011311143636717 -1.0000000180025095e-35 -235032.49999999997 -0.14132478833198545 3.0244181156158452 414537.50000000006 443322.50000000006 -475727.49999999994 -1.0000000180025095e-35 1.0000000180025095e-35 21787.500000000004 616077.50000000012 1.8121190071105959
decision_type=2 2 2 2 2 2 2 2 2 2 2 2 2 2 2 2 2 2 2 2 2 2 2 2 2 2 2 2 2 2
left_child=1 8 3 11 6 21 -4 18 9 -1 16 -3 -11 -5 -7 -10 -8 26 -2 29 -13 -6 -14 -24 -25 -9 28 -28 -15 -19
right_child=7 2 4 13 5 14 10 25 15 12 -12 20 22 17 -16 -17 -18 19 -20 -21 -22 -23 23 24 -26 -27 27 -29 -30 -31
leaf_value=0.04506241331052524 0.07493496517962446 0.025096795634551645 0.023603948460915458 0.081844179496132791 0.025900344591473074 0.036013192946667515 0.0045663715951928556 0.064322960800101928 0.052332420250392801 0.05093839218316859 0.083938419081848861 0.01392381389940223 0.067605001123522773 0.076609218750639196 0.051074254145494519 0.043441437505026992 -0.009024419714163387 0.072795402774885026 0.086410896428405548 0.048057740259663723 -0.0027562215198696136 0.012517475381413654 0.1162161045749204 0.080760740435082856 0.041334595857741074 0.072873800069684025 0.060299788108924259 -0.038675131737812458 0.0041551990630368449 0.02188082106618152
leaf_weight=82538.705038905144 64957.609069883823 52088.101414442062 97429.416257143021 43057.477062940598 51196.312550276518 78960.594197630882 89756.534738540649 92600.712116986513 230094.55514670908 29307.937279164791 2519.9649705290794 41046.747540831566 83812.879139780998 60543.614932924509 85350.328161492944 223714.26959475875 87392.410465598106 24229.947588026524 344186.92511147261 38833.392303407192 47578.304625600576 93023.415779709816 4258.4300348758698 36918.652886480093 3663.3718081712723 297436.30669771135 19605.397850111127 673.62914624810219 1125.0030642747879 2076.0162360221148
leaf_count=284121 188252 198744 373805 120019 194256 284910 375964 286203 761446 97734 6892 165243 253467 175513 284411 776727 388118 71507 926531 129909 204990 375951 10223 103144 12312 872733 61691 3159 4477 7506
internal_value=0.051901 0.0390113 0.0289938 0.0445706 0.0201935 0.0314178 0.00769596 0.0778809 0.0522343 0.060319 -0.000930555 0.01242 0.0682906 0.0683628 0.0438369 0.0479495 -0.00213832 0.0644158 0.0845891 0.0564266 0.00496916 0.0172684 0.0722431 0.0809106 0.0772029 0.0708439 0.0707654 0.05701 0.0752876 0.0687785
internal_weight=2.40998e+06 1.6108e+06 916487 330858 585629 308531 277098 799182 694309 240500 179669 140713 157961 190144 164311 453809 177149 147087 409145 65139.4 88625.1 144220 128653 44840.5 40582 390037 81947.6 20279 61668.6 26306
internal_count=7999958 5726239 3427065 1142758 2284307 1139528 1144779 2273719 2299174 761001 770974 568977 476880 573781 569321 1538173 764082 453762 1114783 208922 370233 570207 379146 125679 115456 1158936 244840 64850 179990 79013
is_linear=0
shrinkage=0.05


Tree=3
num_leaves=31
num_cat=0
split_feature=79 79 77 85 87 77 95 79 79 77 79 82 0 95 91 77 79 79 105 79 84 84 54 84 79 77 104 49 54 77
split_gain=273253 73216.6 43652.3 44012.5 28883.1 18810.2 15817.4 13537 12605.2 8174.81 6435.37 5301.85 8005.82 3649.75 3422.39 3183.87 3056.03 2980.09 2502.5 2357.09 2327.67 2084.85 2023.84 1680.03 1502.58 1499.3 1457.38 1827.17 1740.45 1439.75
threshold=5.5255424976348886 2.5121113061904912 1.2333478927612307 0.90000000596046459 1.0000000180025095e-35 3.0000000000000004 42.393783569335945 2.8302106857299809 7.0334143638610849 1.3076950907707217 4.6936223506927499 1.0000000180025095e-35 -1.0000000180025095e-35 38.469697952270515 -6.0029738957467763e-09 3.7121527194976811 1.6053011417388918 3.2989671230316167 0.95226702094078075 3.0755002498626713 -1.0000000180025095e-35 -1.0000000180025095e-35 11547.500000000002 -1.0000000180025095e-35 1.4529955387115481 1.0658904910087588 7.8287024497985849 0.054511256515979774 443322.50000000006 0.83046793937683117
decision_type=2 2 2 2 2 2 2 2 2 2 2 2 2 2 2 2 2 2 8 2 2 2 2 2 2 2 2 2 2 2
left_child=1 9 3 6 7 21 11 -4 20 13 17 12 -3 18 -14 -7 -11 -9 -1 -13 -2 -6 -5 -10 -20 -25 28 -28 -17 -15
right_child=8 2 4 22 5 15 -8 10 23 16 -12 19 14 29 -16 26 -18 -19 24 -21 -22 -23 -24 25 -26 -27 27 -29 -30 -31
leaf_value=0.062289863768106281 0.069113063524007826 0.056077095272919979 0.022226116477359639 0.053516328130097546 0.010141091359887822 0.033669612564758339 0.053748804309674228 0.0043541767583925245 0.059455643696938593 0.048622468823928733 0.077205424146773241 0.02375768426433203 0.043181747123992476 0.057863436980059725 0.018238133026715949 0.10728672449477746 0.040495913530991974 -0.0086114707549500014 0.054592695368644341 0.0044420575803548312 0.07923554854495074 0.022121490322676931 0.072339625743370259 0.076511959062582624 0.042973115005027714 0.065769656932954626 0.051118512060289861 0.03347098669896495 0.053778285914036994 0.070432296170311201
leaf_weight=38397.431684374809 67375.988267719746 22415.666177913547 98092.387992337346 17225.77621100843 70944.579800099134 80200.628668874502 53048.180522665381 90317.437050417066 94502.193808794022 235132.3430146575 2600.6131732165813 25140.781654387712 16805.6380905509 48184.763606473804 75684.157987266779 1612.7230437397957 227875.14859591424 87013.960679650307 46046.55271743238 42485.139304608107 364209.24498595297 74402.703747302294 84005.06998115778 37175.071337968111 70424.910586774349 260043.2229526341 31956.708991035819 27133.518324092031 26477.190053120255 43327.310768783092
leaf_count=113535 189687 68137 372348 53386 284756 284910 164532 377421 284768 761446 6892 94796 55971 145119 293357 3986 776727 388118 145808 177225 950482 285451 235354 99950 234006 748832 103114 93690 83621 122533
internal_value=0.0482646 0.036447 0.0271994 0.0415646 0.0190092 0.0294335 0.0297162 0.00728363 0.0717609 0.0485387 -0.000862519 0.0227314 0.0292687 0.0558971 0.0227709 0.0408605 0.044623 -0.00200786 0.051218 0.0116232 0.0776555 0.016274 0.0691372 0.0652662 0.0475673 0.0671135 0.0474753 0.0430158 0.0568542 0.063815
internal_weight=2.46026e+06 1.63695e+06 927563 336810 590752 312728 235580 278024 823306 709388 179932 182531 114905 246381 92489.8 167381 463007 177331 154869 67625.9 431585 145347 101231 391720 116471 297218 87180.1 59090.2 28089.9 91512.1
internal_count=7999958 5726239 3427065 1142758 2284307 1139528 854018 1144779 2273719 2299174 772431 689486 417465 761001 349328 569321 1538173 765539 493349 272021 1140169 570207 288740 1133550 379814 848782 284411 196804 87607 267652
is_linear=0
shrinkage=0.05


Tree=4
num_leaves=31
num_cat=0
split_feature=79 79 78 86 81 78 79 79 78 86 79 79 79 94 78 78 37 79 55 25 50 25 90 54 22 84 55 54 54 54
split_gain=233946 63196.1 38096.9 76962.4 13015.7 28444.7 10761.8 8077.69 7015.55 9119.29 5188.45 5541.79 4434.76 3339.05 3038.65 2744.67 2679.44 2627.52 2508.13 2450.18 2334.36 2268.94 3193.59 2352.95 2888.78 2042.57 1834.14 1782.28 1703.71 1689.56
threshold=5.5255424976348886 2.5121113061904912 1.2333478927612307 6.0000000000000009 1.0000000180025095e-35 3.0000000000000004 6.6557295322418222 2.9327796697616582 1.3076950907707217 6.0000000000000009 2.6733793020248418 4.6936223506927499 2.8302106857299809 4460.2216796875009 0.83046793937683117 3.7121527194976811 3.9589381217956547 1.6053011417388918 19697.500000000004 0.63555029034614574 82.500000000000014 2.5623327493667607 2690.504272460938 101132.50000000001 2.5000000000000004 -1.0000000180025095e-35 -525842.49999999988 720367.50000000012 647932.50000000012 2782.5000000000005
decision_type=2 2 2 2 2 2 2 2 2 2 2 2 2 2 2 2 2 2 2 2 2 2 2 2 2 2 2 2 2 2
left_child=1 8 3 12 5 7 25 -4 9 27 -6 -12 -3 21 -11 -7 18 -10 -15 -18 28 22 26 29 -25 -2 -5 -1 -14 -23
right_child=6 2 4 13 10 15 -8 -9 17 14 11 -13 20 16 -16 -17 19 -19 -20 -21 -22 23 -24 24 -26 -27 -28 -29 -30 -31
leaf_value=0.040141476205069755 0.064010582239316813 0.024400517780873737 0.023711177994886375 0.074199995063613453 0.017800648161857127 0.031539927505941687 0.060639886245383481 0.0061367222155804682 0.045294565510910108 0.053035978867534889 -0.0044113491241965074 0.07635643212198695 0.011947165916187413 0.033841506429654486 0.06674759883240694 0.044251605887090838 0.0083758344774339539 0.037825872490715048 -0.034062399363523184 0.058078534908785451 -0.0089226782574341728 0.021715751055748592 0.05556571730595742 0.025874351498948386 0.097555519143568525 0.073423512605112359 0.034760424061424954 0.0019231016921853834 -0.010985341399054506 0.11248699259019557
leaf_weight=82634.680062890053 68530.045902103186 42151.813145771623 101225.95666314662 41596.387520283461 48202.346150532365 81364.971752732992 410617.19064567983 184652.60421551764 239665.44083479047 95985.499576032162 88954.826678395271 2174.7441232949495 68280.993359416723 6297.0761996954679 69842.984072014689 88866.656095549464 2797.5474237650633 231660.65800586343 1733.4287221878767 21856.80267380178 22967.138818889856 564.90279741585255 110314.83008849621 2996.8440511971712 2648.0876270085573 365038.51819235086 3176.0377924442291 3167.8165278732777 9187.9259583950043 5613.7903368771076
leaf_count=271966 188252 155788 376724 107897 183114 285008 1158936 762402 761446 285635 387017 5476 273401 20472 191245 284566 10106 776727 7288 63999 100337 1925 323233 9893 6281 926531 10130 12155 39451 12557
internal_value=0.0450099 0.0341147 0.0255497 0.0388447 0.0179093 0.0219951 0.0664415 0.0123597 0.0452229 0.0519643 0.00453423 -0.00248301 0.0107893 0.0588869 0.0588114 0.0381761 0.0442691 0.0416237 0.019181 0.0524395 0.00507667 0.061749 0.0601383 0.082869 0.0595128 0.0719359 0.0714032 0.0387306 0.00922717 0.104194
internal_weight=2.50477e+06 1.66058e+06 937626 342184 595442 456110 844186 285879 722957 251631 139332 91129.6 142588 199596 165828 170232 32684.9 471326 8030.5 24654.4 100436 166911 155087 11823.6 5644.93 433569 44772.4 85802.5 77468.9 6178.69
internal_count=7999958 5726239 3427065 1142758 2284307 1708700 2273719 1139126 2299174 761001 575607 392493 568977 573781 476880 569574 101865 1538173 27760 74105 413189 471916 441260 30656 16174 1114783 118027 284121 312852 14482
is_linear=0
shrinkage=0.05


Tree=5
num_leaves=31
num_cat=0
split_feature=79 79 77 85 85 77 93 79 79 77 79 105 84 49 95 79 84 81 77 54 49 54 55 55 105 54 104 79 74 42
split_gain=201946 55743.6 33379.3 33971.5 23112.9 13871.1 11830.1 11164.3 9175.58 5786.45 5044.94 3948.71 3263.21 2844.23 2768.95 2697.42 2657.16 2679.12 3078.81 2468.57 3220.87 2821.74 2281.62 2092.67 2035.68 1889.49 1828.34 1790.72 1701.37 1651.33
threshold=5.5255424976348886 2.5121113061904912 1.2333478927612307 0.90000000596046459 0.90000000596046459 3.0000000000000004 0.01626137271523476 2.9327796697616582 6.6557295322418222 1.3076950907707217 4.6936223506927499 0.95226702094078075 -1.0000000180025095e-35 -0.16288578510284421 38.469697952270515 3.2989671230316167 -1.0000000180025095e-35 1.0000000180025095e-35 3.7121527194976811 414537.50000000006 1.0000000180025095e-35 443322.50000000006 -395082.49999999994 -475727.49999999994 0.95226702094078075 627572.50000000012 7.7371816635131845 3.0244181156158452 222.40083312988284 1.0035901665687563
decision_type=2 2 2 2 2 2 2 2 2 2 2 8 2 2 2 2 2 2 2 2 2 2 2 2 8 2 2 2 2 2
left_child=1 9 3 6 5 27 -3 -6 -2 14 15 12 -8 25 24 -9 -11 18 -18 20 22 29 -7 -23 -1 -13 -19 -4 -22 -21
right_child=8 2 4 -5 7 19 11 10 -10 16 -12 13 -14 -15 -16 -17 17 26 -20 21 28 23 -24 -25 -26 -27 -28 -29 -30 -31
leaf_value=0.054146528439132903 0.066796924779034983 0.046398404914490571 0.022141048964771228 0.059947530602676428 0.019711860700842021 -0.027915519138297942 0.012218783112127461 0.0039140218216556126 0.056475057825381196 0.028955648743894721 0.066401297888459665 0.026773739902934315 0.043685381040780298 0.0097281895073892399 0.055151631946544336 -0.0084382757405818253 0.040351619069999456 0.021798868052744117 0.052699002752913775 0.091424179184632151 0.021050718737789208 0.043533042202894619 0.04082042068533933 0.0098917533994947893 0.041154830579350883 0.0015566441748871502 0.037226006081335548 0.010636094088848386 0.078028688243950386 0.02492075301728508
leaf_weight=40208.706646695733 442718.16788634658 54744.474877640605 52691.757131755352 105850.77909399569 100412.07155230641 1232.3670809268951 11840.269244551659 90078.453637555242 419307.62500068545 56957.770500615239 2724.5239018201828 60112.664675682783 27100.666792929173 78702.532749995589 95417.351425155997 86768.877166464925 238925.44916945696 24064.544813647866 64035.377596855164 4463.3207542300224 52598.7546954602 48988.38017988205 57681.208071544766 5105.5516471117735 120774.24822175503 8476.3972583711147 95256.096089139581 94460.794089153409 1342.8660940527916 1181.6626826375723
leaf_count=113876 1113687 163082 194180 288599 374122 5074 46702 375759 1159421 190205 6915 218292 83124 309424 267385 388638 762999 82559 194423 11337 184353 155689 186442 18487 380299 33621 308052 375712 3696 4037
internal_value=0.0420979 0.0320139 0.0239899 0.0363367 0.0168496 0.0260346 0.0259653 0.00635997 0.0617762 0.0423384 -0.00110611 0.0199586 0.0341184 0.0162148 0.0484014 -0.00214653 0.0390945 0.040462 0.0429616 0.0356506 0.0312992 0.0438702 0.0393821 0.0403582 0.0444001 0.0236575 0.0341149 0.0147559 0.0224707 0.0775108
internal_weight=2.54422e+06 1.6822e+06 946558 346828 599731 319747 240977 279984 862026 735640 179572 186233 38940.9 147292 256400 176847 479239 422281 302961 172594 112855 59738.9 58913.6 54093.9 160983 68589.1 119321 147153 53941.6 5644.98
internal_count=8000191 5727083 3427285 1142844 2284441 1139007 854245 1145434 2273108 2299798 771312 691163 129826 561337 761560 764397 1538238 1348033 957422 569115 379565 189550 191516 174176 494175 251913 390611 569892 188049 15374
is_linear=0
shrinkage=0.05


Tree=6
num_leaves=31
num_cat=0
split_feature=79 79 78 86 87 78 79 79 86 78 74 79 86 87 104 55 49 22 79 55 104 49 55 79 55 49 84 55 84 104
split_gain=175972 50161.9 31120.6 58457 20968.7 11753.4 10771 7240.07 5193.4 8352.86 3946.85 3628.15 3601.03 2976.47 2741.74 2685.32 2516.94 2725.46 2445.63 2426.14 2410.57 2404.17 2283.89 1871.01 1781.52 1776.09 1724.67 1685.04 1648.9 1646.66
threshold=4.6936223506927499 2.2126234769821171 1.2333478927612307 6.0000000000000009 1.0000000180025095e-35 3.0000000000000004 2.9327796697616582 7.0334143638610849 6.0000000000000009 1.2333478927612307 5.4821379184722909 3.0755002498626713 6.0000000000000009 1.0000000180025095e-35 7.8287024497985849 -444337.49999999994 0.054511256515979774 1.5000000000000002 3.2989671230316167 -342589.99999999994 7.8287024497985849 1.0000000180025095e-35 -444337.49999999994 1.4324970841407778 -475727.49999999994 -0.3317298144102096 -1.0000000180025095e-35 -626842.49999999988 -1.0000000180025095e-35 7.8287024497985849
decision_type=2 2 2 2 2 2 2 2 2 2 2 2 2 2 2 2 2 2 2 2 2 2 2 2 2 2 2 2 2 2
left_child=1 8 3 11 6 26 -4 10 -1 13 12 -3 -2 -10 15 24 17 19 -8 -16 22 -22 -7 -11 -5 27 -6 -13 -12 -15
right_child=7 2 4 14 5 20 18 -9 9 23 28 25 -14 29 16 -17 -18 -19 -20 -21 21 -23 -24 -25 -26 -27 -28 -29 -30 -31
leaf_value=0.031208593214078192 -0.0035331649341999796 0.019700372131327484 0.018279290473920354 0.059364464064387418 0.0082476586540945491 0.038824563245244581 0.0037057792971744866 0.052583930705703087 0.037280766376188476 0.041289026942137326 0.055351682033840499 -0.01737440062770253 0.054918864103818424 0.06232441500707861 -0.015502710465034568 0.098667833762878659 0.040123350053633003 0.059011484127555705 -0.0080663103709748413 0.043168167019959514 0.03568932440469972 0.02143230228865492 0.080140697827518773 0.034645834860620367 0.021347097530120665 -0.0026657715079097585 0.019044119036279727 0.015885488105393017 0.063592066159811431 0.050590128201625117
leaf_weight=144665.59872785211 4321.6412411183119 55530.451534718275 103222.2210509181 57360.813880637288 72150.176131933928 52732.922246277332 90194.359849780798 416861.85512582958 31544.912979438901 215579.50887054205 71910.154641479254 4330.9546867907047 6748.9967647045851 43776.652902171016 1977.5477864146233 4200.8141054660082 62641.107467904687 57457.095821991563 86361.351535975933 16123.358780786395 61928.022347435355 56609.862560793757 3571.8007712215185 208653.82382254303 3258.4634661078453 50940.312215521932 75914.148706138134 31491.519116073847 392391.02817173302 94544.576551735401
leaf_count=469485 17740 203943 381294 149205 284747 166386 375580 1134181 97541 659452 189477 18902 18161 112079 7266 8799 187248 152810 388445 47430 199296 195451 8975 674004 10451 215258 285179 120826 958535 262045
internal_value=0.0394364 0.0299373 0.0223256 0.0342938 0.0154683 0.0241494 0.00544882 0.0573943 0.0397048 0.0417736 0.0616124 0.00972068 0.0321023 0.0511432 0.0515167 0.0600025 0.0475361 0.0536809 -0.00205246 0.0367575 0.0329278 0.0288809 0.041447 0.0380218 0.0573214 0.0033332 0.0137832 0.0118638 0.0623159 0.0543043
internal_weight=2.579e+06 1.68676e+06 947997 345312 602685 322907 279778 892234 738765 594099 475372 142293 11070.6 169866 203019 64820.1 138199 75558 176556 18100.9 174843 118538 56304.7 424233 60619.3 86762.8 148064 35822.5 464301 138321
internal_count=8000191 5682097 3407491 1122138 2285353 1140034 1145319 2318094 2274606 1805121 1183913 558929 35901 471665 563209 168455 394754 207506 764025 54696 570108 394747 175361 1333456 159656 354986 569926 139728 1148012 374124
is_linear=0
shrinkage=0.05


Tree=7
num_leaves=31
num_cat=0
split_feature=79 79 78 86 87 78 79 79 86 78 74 79 86 94 87 90 104 55 94 54 81 78 78 35 54 25 25 90 90 54
split_gain=154322 43900.5 27510 51329.4 18597.7 10353.9 9631.17 6418.52 4535.67 7341.26 3437.02 3229.53 3170.94 2638.2 2600.57 2380.83 2707.4 2248.25 2183.16 2081.33 2033.18 2633.11 2027.29 1908.94 2012.05 2182.86 1868.47 2370.9 1860.78 1831.61
threshold=4.6936223506927499 2.2126234769821171 1.2333478927612307 6.0000000000000009 1.0000000180025095e-35 3.0000000000000004 2.9327796697616582 7.0334143638610849 6.0000000000000009 1.2333478927612307 5.4821379184722909 3.0755002498626713 6.0000000000000009 4460.2216796875009 1.0000000180025095e-35 2930.1601562500005 7.8703203201293954 13077.500000000002 5186.3964843750009 414537.50000000006 1.0000000180025095e-35 3.7121527194976811 3.7121527194976811 -7.5364267826080313 22317.500000000004 0.63555029034614574 2.5623327493667607 2690.504272460938 4511.9011230468759 101132.50000000001
decision_type=2 2 2 2 2 2 2 2 2 2 2 2 2 2 2 2 2 2 2 2 2 2 2 2 2 2 2 2 2 2
left_child=1 8 3 11 6 -6 -4 10 -1 14 12 -3 -2 26 -10 -8 19 18 22 -17 21 -11 -7 -15 25 -25 27 -5 -19 -28
right_child=7 2 4 13 5 17 15 -9 9 20 -12 -13 -14 23 -16 16 -18 28 -20 -21 -22 -23 -24 24 -26 -27 29 -29 -30 -31
leaf_value=0.029316299794288649 -0.0033617985817308398 0.01856069987805016 0.017231774903575196 0.058998976241707579 0.013014855095428157 0.026287460053716558 -0.010733999244896783 0.049195050987757317 0.034968749006063803 0.035411180028319666 0.058281907273276472 0.0031609393780187029 0.051349168925636041 0.0044431421247009195 0.050778342354379148 0.070847954876568614 0.00028667905815422636 0.03173230084100738 0.11241126381387 0.0087343084684905602 0.030132964229879544 0.046756110088404891 0.037484751819650594 -0.0077760561870531169 0.074799280845435606 0.040005583614711085 0.087563781243254257 0.045438256753454559 -0.0049041621663887744 0.049199576949047287
leaf_weight=146260.64381220937 4315.0608919858932 55981.221766903996 104001.56901007891 44903.839536741376 148939.10332266986 77379.022758454084 53686.911105245352 423129.78647306561 31938.541519150138 244423.98107039928 471422.64671872556 86883.048594549298 6854.4797374010086 4318.0527795404196 140471.30623742938 2423.3035145103931 117218.14419992268 6327.6469927877188 850.68350058794022 3040.9297352284193 120719.36131426692 64700.514770328999 84684.142320588231 2658.478722512722 3648.9660314619541 23648.086567088962 6557.8607294410467 114409.57247743011 7660.8132410347462 5931.1006527394056
leaf_count=469485 17740 203943 381294 112160 569926 259732 238787 1134181 97541 759004 1148012 354986 18161 14787 374124 8238 504240 20498 1866 12760 384402 190050 259628 9641 8910 68415 14457 318668 28384 16171
internal_value=0.0370141 0.0281482 0.021043 0.0322275 0.014605 0.0227287 0.00516387 0.0536907 0.0372149 0.0391331 0.0576324 0.00919544 0.0302142 0.0481945 0.0478499 -0.00195237 0.00189056 0.0309068 0.0325586 0.0362896 0.0356367 0.0377859 0.0321387 0.0355256 0.0400056 0.0351766 0.0507216 0.0492608 0.011669 0.0693501
internal_weight=2.60939e+06 1.70367e+06 955152 348940 606212 325841 280371 905722 748514 602254 482592 142864 11169.5 206076 172410 176369 122682 176902 162914 5464.23 429844 309124 162063 34273.6 29955.5 26306.6 171802 159313 13988.5 12489
internal_count=8000191 5682097 3407491 1122138 2285353 1140034 1145319 2318094 2274606 1805121 1183913 558929 35901 563209 471665 764025 525238 570108 521226 20998 1333456 949054 519360 101753 86966 78056 461456 430828 48882 30628
is_linear=0
shrinkage=0.05


Tree=8
num_leaves=31
num_cat=0
split_feature=79 79 77 86 87 77 86 77 79 79 74 79 86 77 81 77 79 50 54 77 86 81 77 55 86 94 54 77 55 86
split_gain=136118 38683 21239.4 38028 16419.7 8159.2 13274.1 7410.77 7294.34 5739.28 3013.29 2914.79 2802.01 2780.78 2428.86 2786.06 2213.08 1838.94 1741.83 1737.04 1536.95 1711.63 2001.91 1584.91 1410.74 1348.09 1417.74 1306.14 1256.59 1234.9
threshold=4.6936223506927499 2.9327796697616582 1.2333478927612307 6.0000000000000009 1.0000000180025095e-35 1.3076950907707217 6.0000000000000009 3.0000000000000004 1.8880854249000552 7.0334143638610849 5.4821379184722909 1.9888400435447695 6.0000000000000009 0.83046793937683117 1.0000000180025095e-35 3.0000000000000004 3.2989671230316167 92.500000000000014 11547.500000000002 3.7121527194976811 6.0000000000000009 1.0000000180025095e-35 3.7121527194976811 -720089.99999999988 6.0000000000000009 5009.5100097656259 12742.500000000002 1.0658904910087588 6127.5000000000009 6.0000000000000009
decision_type=2 2 2 2 2 2 2 2 2 2 2 2 2 2 2 2 2 2 2 2 2 2 2 2 2 2 2 2 2 2
left_child=1 5 3 17 16 6 11 29 20 10 12 -1 -2 -8 15 -10 -4 -3 -5 -9 -7 22 -22 -23 -11 26 -20 -26 -19 -6
right_child=9 2 4 18 7 8 13 19 14 24 -12 -13 -14 -15 -16 -17 -18 28 25 -21 21 23 -24 -25 27 -27 -28 -29 -30 -31
leaf_value=0.032543667632188578 -0.0031985174723686682 0.0073694595047412758 0.0036094755904997711 0.032579948655545206 0.0026855750861662689 0.024356503971992453 0.040251732763432101 0.020759530010009953 0.020810339553538115 0.04106830509255055 0.054655850684742081 0.018021441563977062 0.048123514186736195 0.051017780970270071 0.01295310247760789 0.03346657331183412 -0.0076008840053038169 -0.0037680428627210518 0.086053986185343531 0.032893221571302249 0.033648837834397413 -0.0003391714023658843 0.043629139138336492 0.029910782879449024 0.056237793333655951 -0.063293298953872132 0.046814505837273923 0.046565035527741098 -0.036143478259672089 0.013963233974072137
leaf_weight=73985.195573076606 4308.7891044318676 73793.967325761914 90270.273786649108 24091.983184754848 47165.157699301839 48072.350550279021 131665.30084951222 56238.801540210843 137566.95228721201 104410.89411850274 477401.11623066664 64842.760294139385 6945.8278364390135 110231.10946255922 54991.902970194817 63590.218658924103 85933.251377463341 16073.544725865126 2349.885734796524 62056.779213711619 223312.00710174441 4499.7805917412043 64859.566499739885 114565.67223156989 39820.562606573105 273.83679939806461 114769.80640974641 284350.74961842597 3683.2664386183023 50015.756849080324
leaf_count=229859 17740 293131 375580 70741 190177 154652 368649 190029 483491 287212 1148012 229033 18161 283938 201924 199148 388445 69042 5204 190069 683084 15929 187720 358573 97879 1129 305217 749090 17334 189999
internal_value=0.0347951 0.0264954 0.0165935 0.0284759 0.00946313 0.0321773 0.0380851 0.0187206 0.0290158 0.0503486 0.054053 0.0257609 0.0284761 0.045158 0.0222657 0.0248114 -0.00185772 0.00374218 0.0448297 0.027125 0.0328132 0.0338114 0.0358953 0.0287675 0.0461249 0.0473433 0.0476026 0.0477534 -0.00980558 0.00848994
internal_weight=2.63614e+06 1.7189e+06 626716 235036 391680 1.09218e+06 380724 215476 711458 917238 488656 138828 11254.6 241896 256149 201157 176204 93550.8 141486 118296 455309 407237 288172 119065 428582 117394 117120 324171 19756.8 97180.9
internal_count=8000191 5682097 2286097 761798 1524299 3396000 1111479 760274 2284521 2318094 1183913 458892 35901 652587 884563 682639 764025 379507 382291 380098 1399958 1245306 870804 374502 1134181 311550 310421 846969 86376 380176
is_linear=0
shrinkage=0.05


Tree=9
num_leaves=31
num_cat=0
split_feature=79 79 77 86 87 77 79 79 86 77 79 74 86 53 94 87 54 54 38 25 48 54 25 54 54 54 54 25 79 54
split_gain=120663 34095.1 21727.1 40026.7 14684.6 8113.58 7688.66 5167.7 3525.8 5742.6 2715.45 2657.33 2483.51 2210.18 2197.44 2194.05 2054.62 2168.04 1925.81 1673.98 1678.88 1659.08 1597.81 2113 3021.02 2559.81 1584.95 1982.92 1580.93 1564.86
threshold=4.6936223506927499 2.2126234769821171 1.2333478927612307 6.0000000000000009 1.0000000180025095e-35 3.0000000000000004 2.8302106857299809 7.0334143638610849 6.0000000000000009 1.2333478927612307 3.3885325193405156 5.4821379184722909 6.0000000000000009 0.6078576147556306 4460.2216796875009 1.0000000180025095e-35 414537.50000000006 443322.50000000006 -7.5231363773345938 2.2447552680969243 0.098011311143636717 524445.00000000012 2.5623327493667607 414537.50000000006 346377.50000000006 443322.50000000006 22317.500000000004 0.63555029034614574 1.4324970841407778 101132.50000000001
decision_type=2 2 2 2 2 2 2 2 2 2 2 2 2 2 2 2 2 2 2 2 2 2 2 2 2 2 2 2 2 2
left_child=1 8 3 10 6 -6 -4 11 -1 15 -3 12 -2 21 22 -10 -7 -18 19 20 -16 -8 23 24 -5 -25 27 -20 -11 -24
right_child=7 2 4 14 5 16 13 -9 9 28 -12 -13 -14 -15 18 -17 17 -19 26 -21 -22 -23 29 25 -26 -27 -28 -29 -30 -31
leaf_value=0.025950971391741851 -0.0030429598383771126 0.01332816864390097 0.015336767119182979 0.041368900723593623 0.011590410274426267 0.023411866515998761 -0.0035601314869982276 0.043329345110606619 0.03044141803503024 0.034411659747568019 -0.00102705787005471 0.051374616522779075 0.045191022832781251 0.0040031922981014585 -0.015927765056377993 0.044794190432459878 0.063138064143308054 0.031585886655366512 -0.0094211627738423984 -0.023286343699570999 0.081481920503569574 -0.019787394899703624 0.078214242357206559 0.078097320405504211 0.011254495162335227 0.046627691806257199 0.066221840094231585 0.035854882187144686 0.028411913236873532 0.04325720981945861
leaf_weight=149045.19333477318 4302.8124019354582 92852.744525656104 105039.59269496799 81725.158016145229 150550.43897236884 117676.94162924588 70349.244452223182 433294.61669486761 32687.08268789947 223354.14366456866 51055.767735213041 482362.8046579212 7024.6586212664843 85780.782370597124 790.35452868044376 143899.09049487114 6022.388889208436 56803.970064982772 2688.2739010751247 2805.1319047808647 1002.557685688138 20295.286505356431 6774.1983658522367 7177.4353352636099 9274.5552944689989 65044.87056401372 3699.384426549077 24030.517517179251 216094.41864037514 6081.4199914932251
leaf_count=469485 17740 348218 379812 221572 569926 380469 306478 1134181 97541 659452 210711 1148012 18161 365746 2852 374124 15390 174249 9641 10397 2334 93283 14457 15145 28652 165459 8762 67767 674004 16171
internal_value=0.0327546 0.0249646 0.0187273 0.0285694 0.0130231 0.0201615 0.00462689 0.0473147 0.0328522 0.0345218 0.00823522 0.0508124 0.0268699 -0.00174955 0.0424316 0.0421376 0.0273102 0.0346114 0.0309898 0.00082903 0.0385539 -0.00719364 0.0447068 0.0433694 0.0382999 0.0497562 0.0355485 0.0312991 0.0314614 0.0616827
internal_weight=2.65959e+06 1.7326e+06 967521 355002 612519 331054 281465 926985 765080 616035 143909 493690 11327.5 176425 211094 176586 180503 62826.4 35016.2 4598.04 1792.91 90644.5 176078 163222 90999.7 72222.3 30418.2 26718.8 439449 12855.6
internal_count=8000191 5682097 3407491 1122138 2285353 1140034 1145319 2318094 2274606 1805121 558929 1183913 35901 765507 563209 471665 570108 189639 101753 15583 5186 399761 461456 430828 250224 180604 86170 77408 1333456 30628
is_linear=0
shrinkage=0.05


Tree=10
num_leaves=31
num_cat=0
split_feature=79 79 77 86 85 77 86 77 79 79 81 77 79 77 74 77 86 90 104 54 49 54 53 54 54 54 54 90 37 77
split_gain=108161 30361.6 16907 29887.2 12974.8 6584.96 10166.8 5940.63 5636.19 4752.12 2430.97 3026.38 2378.85 2311.9 2285.74 2250.14 2228.28 1982.78 2434.69 1862.27 1765.11 1617.57 1716.06 1533.11 1487.83 1475.21 1317.8 2801.54 1310.54 1295.81
threshold=4.6936223506927499 2.9327796697616582 1.2333478927612307 6.0000000000000009 0.90000000596046459 1.2333478927612307 6.0000000000000009 3.7121527194976811 1.8426437973976137 7.0334143638610849 1.0000000180025095e-35 3.0000000000000004 1.4159873723983767 0.83046793937683117 5.3693246841430673 2.1999999284744267 6.0000000000000009 2930.1601562500005 7.8703203201293954 414537.50000000006 -0.16288578510284421 650422.50000000012 1.0000000180025095e-35 627572.50000000012 11547.500000000002 414537.50000000006 216337.50000000003 3840.0239257812505 3.2358710765838627 1.0658904910087588
decision_type=2 2 2 2 2 2 2 2 2 2 2 2 2 2 2 2 2 2 2 2 2 2 2 2 2 2 2 2 2 2
left_child=1 5 3 20 7 6 12 15 -7 14 11 -10 -1 -8 16 -4 -2 -6 19 -19 23 -14 -23 -3 -5 -13 27 -20 -24 -11
right_child=9 2 4 24 17 8 13 -9 10 29 -12 25 21 -15 -16 -17 -18 18 26 -21 -22 22 28 -25 -26 -27 -28 -29 -30 -31
leaf_value=0.037442699233852385 -0.0044713953053228048 0.013935491860046731 0.0021779345022897986 0.028267945888739789 -0.0097933865792583143 0.029794520104587632 0.035377244261922326 0.029438797993223534 0.019587932253809986 0.046581488454216745 0.012890033467902091 0.025101970975593319 0.022046099236836293 0.045097107411133014 0.048371648779858917 0.015244383872453089 0.042678676324861234 0.065411011541497852 0.023150505170712616 0.0075867763229956258 -0.0032097899596267854 -0.028167965765467807 0.053048663541577126 -0.014747858494500402 0.041802023162474798 0.038453094348553547 -0.0084799457951414015 -0.00071111637347156609 0.0046129425295612205 0.039458549254682722
leaf_weight=23650.895313411951 4009.3836952894926 39095.737210229039 47497.20574644208 24461.189126655459 53277.446687832475 381545.78590044379 134127.82610730827 63108.377128601074 185044.49934232235 77708.881383597851 73379.397933721542 46528.586689800024 105209.42238250375 112550.35734567046 487416.51233687997 107574.3281468004 6679.1802227199078 2555.8141635358334 14895.439053684473 3058.552070453763 49565.17916238308 3276.0943568497896 1741.911003857851 5287.758796826005 119903.7297937572 37278.675718873739 31766.967831626534 70595.717744335532 7030.4064607024193 359290.24030315876
leaf_count=69291 16727 147896 190182 70640 239041 1141986 368099 189673 627250 194596 259535 146728 346165 284080 1150697 379745 17099 8400 59787 12830 208825 13032 5117 22846 311662 108459 140361 304810 24957 938814
internal_value=0.0308112 0.0234548 0.0147108 0.025225 0.0083564 0.0284322 0.0336918 0.0165058 0.0256157 0.0445312 0.0209567 0.0231583 0.0229769 0.0398123 0.04787 0.0112423 0.024993 -0.00173742 0.00175565 0.0339178 0.00327545 0.0200588 0.00270432 0.0105178 0.0395091 0.0310412 0.000215394 0.00344655 0.0142363 0.0407253
internal_weight=2.67911e+06 1.74401e+06 632643 238314 394330 1.11136e+06 387587 218180 723777 935104 342231 268852 140909 246678 498105 155072 10688.6 176150 122872 5614.37 93948.7 117258 12048.4 44383.5 144365 83807.3 117258 85491.2 8772.32 436999
internal_count=7999330 5681397 2286698 761869 1524829 3394699 1110741 759600 2283958 2317933 1141972 882437 458562 652179 1184523 569927 33826 765229 526188 21230 379567 389271 43106 170742 382302 255187 504958 364597 30074 1133410
is_linear=0
shrinkage=0.05


Tree=11
num_leaves=31
num_cat=0
split_feature=79 79 77 85 87 77 77 79 79 82 82 0 76 84 77 79 81 77 83 20 84 99 84 77 79 54 94 94 79 90
split_gain=96629 26865.7 15110.3 13761.7 11643.5 5885.72 5341.55 5065.79 4326.86 3705.22 3137 2485.4 2033.51 1992.06 3818.71 1901.86 1845.02 1994 1801.48 1679.34 1482.34 1447.25 1324.34 1269.93 1224.75 1200.64 1150.46 1223.81 1125.1 1085.07
threshold=4.6936223506927499 2.9327796697616582 1.2333478927612307 0.90000000596046459 1.0000000180025095e-35 1.2333478927612307 3.0000000000000004 1.8880854249000552 7.0334143638610849 2.9861830626032319e-06 1.0000000180025095e-35 -5.8896257542073718e-06 5.3693246841430673 -1.0000000180025095e-35 0.83046793937683117 3.2989671230316167 1.0000000180025095e-35 3.0000000000000004 0.99000000953674328 1.5000000000000002 -1.0000000180025095e-35 286272.59375000006 -1.0000000180025095e-35 3.7121527194976811 1.6053011417388918 11547.500000000002 2921.5000000000005 3030.151489257813 1.9888400435447695 5009.1936035156259
decision_type=2 2 2 2 2 2 2 2 2 2 2 2 2 2 2 2 2 2 2 2 2 2 2 2 2 2 2 2 2 2
left_child=1 5 3 9 15 10 -6 24 12 11 13 -3 -2 -1 -15 -4 17 -9 -13 -20 -14 23 -10 -8 -7 -16 -18 -28 -12 -27
right_child=8 2 4 -5 6 7 21 16 22 -11 28 18 20 14 25 -17 26 -19 19 -21 -22 -23 -24 -25 -26 29 27 -29 -30 -31
leaf_value=0.024089065882707726 0.023633852735296376 0.031757194955071393 0.0033862829576324785 0.041458169317065009 0.0069419784612770562 0.029539473694957637 0.019177376729377957 0.017397849547769306 0.033509368439457905 0.00362193326064904 0.028075364688261141 0.0044027080538064185 0.039237105792573994 0.030507993776180492 0.031310452804405302 -0.0070164196554828298 0.00014563433323851559 0.027970497226645331 0.03318458965387646 0.01490040563382119 0.04681695895787067 0.01061805831231628 0.039918883102945911 0.030446405859882127 0.024388229195353377 0.045100024114696206 0.052302861930700717 0.013279389106643964 0.015379220937236125 -0.066202005880587611
leaf_weight=45007.591572672129 10735.599496200681 34080.724618151784 90399.906626701355 75711.967117771506 98373.37106436491 260587.46673819423 47461.906596601009 140279.3825750649 106275.92735086381 45857.490953281522 37517.124512150884 24703.31627984345 76457.022691041231 161988.52150049806 19898.630596607924 85481.029088526964 18089.765307918191 65392.688062384725 18067.414305374026 41198.185734525323 414255.72312301397 20786.21910354495 334231.77358403802 52855.556143477559 207208.94116950035 93408.68629835546 2128.1010909080505 35726.998821616173 32636.787411421537 218.6137333959341
leaf_count=142974 33826 92835 376340 192382 380173 761480 155431 482935 284183 185488 113281 98645 189958 457622 53401 388497 67543 199050 49327 143192 960739 69168 849227 155220 638274 229847 6540 128136 112760 856
internal_value=0.0290701 0.0221366 0.0139204 0.0238278 0.00791559 0.0267943 0.0155968 0.0241417 0.0419886 0.0156838 0.0317469 0.0203692 0.0451651 0.0338431 0.0354364 -0.00166958 0.0185696 0.0207595 0.0157468 0.020475 0.045636 0.022627 0.0383726 0.0251151 0.0272578 0.0424684 0.0105182 0.0154746 0.0221693 0.0448394
internal_weight=2.69702e+06 1.75507e+06 634977 239619 395358 1.12009e+06 219477 729413 941956 163907 390676 118050 501448 320522 275514 175881 261617 205672 83968.9 59265.6 490713 121104 440508 100317 467796 113526 55944.9 37855.1 70153.9 93627.3
internal_count=7999330 5681397 2286698 761869 1524829 3394699 759992 2283958 2317933 569487 1110741 383999 1184523 884700 741726 764837 884204 681985 291164 192519 1150697 379819 1133410 310651 1399754 284104 202219 134676 226041 230703
is_linear=0
shrinkage=0.05


Tree=12
num_leaves=31
num_cat=0
split_feature=79 79 77 86 87 77 79 79 77 86 49 54 55 55 74 86 99 87 54 49 22 90 54 49 90 90 22 54 99 100
split_gain=86601.9 23968.2 15250.4 28461.3 10115.4 5789.6 5731.76 3953.69 2693.31 3407.92 2289.35 2101.37 1979.68 1993.91 1832.53 1904.67 1819.38 1800.94 1792.13 2155.42 1590.96 1585.43 1533.8 1552.18 1503.21 1493.86 1486.37 1846.69 1481.43 2144.79
threshold=4.6936223506927499 2.5121113061904912 1.2333478927612307 6.0000000000000009 1.0000000180025095e-35 3.0000000000000004 3.0703240633010869 7.0334143638610849 1.2333478927612307 6.0000000000000009 -0.05451125651597976 627572.50000000012 13077.500000000002 13742.500000000002 5.4821379184722909 6.0000000000000009 240326.33593750003 1.0000000180025095e-35 630062.50000000012 -0.11969653144478797 1.5000000000000002 5186.1101074218759 7882.5000000000009 -0.16288578510284421 2582.624389648438 2690.504272460938 1.5000000000000002 647932.50000000012 331690.90625000006 276966.62500000006
decision_type=2 2 2 2 2 2 2 2 2 2 2 2 2 2 2 2 2 2 2 2 2 2 2 2 2 2 2 2 2 2
left_child=1 8 3 10 6 -6 -4 14 9 26 11 28 21 -14 15 -2 -15 -11 19 -7 24 22 -5 -24 -13 -19 -1 -28 29 -3
right_child=7 2 4 12 5 18 -8 -9 -10 17 -12 20 13 16 -16 -17 -18 25 -20 -21 -22 -23 23 -25 -26 -27 27 -29 -30 -31
leaf_value=0.032957061826486542 -0.0031588237790491445 0.013420358679355721 0.010509761632529833 0.022080748699444638 0.0095498623869882393 0.026867465315375968 -0.0038160478960510822 0.03620086362592935 0.02523061724978572 0.0248439079599144 0.00015347275147468945 0.048241955900740159 -0.073584856564049034 0.095038116301878903 0.043134860697804978 0.038793525371759903 0.018229910232940544 0.046982241142355115 0.035010152485706915 0.015132330936525855 -0.024398268359149707 0.10020063412998691 0.042782619777278798 0.033463841740030052 -0.034087818848157585 0.034980849543288936 0.02213229325230974 -0.0062821333599937731 -0.012226023227971958 0.037666872142616187
leaf_weight=29048.768299534917 4347.2635270059109 50408.841069087386 150918.94357642531 16836.693117633462 152186.70491996408 75102.147836178541 129933.09788392484 443507.10445001721 515323.39821854234 33562.672192245722 69504.143311873078 1771.1366232037544 562.42925283312798 811.11236932873726 492602.59384872019 7161.3906860947609 15271.745066761971 33403.643246233463 25650.014971449971 81707.87689858675 6065.2200559675694 981.5043438076973 84755.17199125886 94608.505986571312 805.95344130694866 116112.86040280759 57907.58806373179 6343.9272443652153 4398.3491937965155 11135.631329938769
leaf_count=85021 17703 184672 562868 48095 568529 226837 575680 1133410 1538336 97612 278675 6001 2338 1536 1148727 18093 44871 79073 73791 262746 26283 1866 209940 248667 3571 300483 176807 22429 17474 37196
internal_value=0.0274518 0.020906 0.0156514 0.0238584 0.010879 0.0167511 0.00388208 0.0396445 0.0273665 0.031349 0.00668234 0.0127663 0.0354326 0.0188716 0.042674 0.0229472 0.0221096 0.0353127 0.0227574 0.0207529 -0.0104151 0.0368305 0.0365129 0.0378675 0.0224891 0.0376624 0.0235708 0.0193266 0.0158046 0.0178081
internal_weight=2.71274e+06 1.76512e+06 973415 357916 615499 334647 280852 947618 791703 276379 144089 74585.1 213827 16645.3 504111 11508.7 16082.9 183079 182460 156810 8642.31 197182 196200 179364 2577.09 149517 93300.3 64251.5 65942.8 61544.5
internal_count=7999330 5681397 3381636 1111185 2270451 1131903 1138548 2317933 2299761 761425 553872 275197 557313 48745 1184523 35796 46407 477168 563374 489583 35855 508568 506702 458607 9572 379556 284257 199236 239342 221868
is_linear=0
shrinkage=0.05


Tree=13
num_leaves=31
num_cat=0
split_feature=79 79 77 86 87 79 77 77 86 79 53 77 81 77 74 86 51 37 48 104 54 54 22 54 22 104 99 38 84 35
split_gain=77809.9 21743.9 12122.6 21912.4 9307.41 4772.97 4459.75 3770.23 7905.01 3626.94 1867.39 1787.74 1786.6 3416.83 1649.92 1781.6 1581.66 1559.96 2102.36 1483.79 1483.7 2096.45 1481.42 2067.74 1478.5 1462.84 1434.67 1379.21 1355.12 1335.93
threshold=4.6936223506927499 2.9327796697616582 1.2333478927612307 6.0000000000000009 1.0000000180025095e-35 1.8113881349563601 3.7121527194976811 1.2333478927612307 6.0000000000000009 7.0334143638610849 0.6078576147556306 2.1999999284744267 1.0000000180025095e-35 3.0000000000000004 5.3693246841430673 6.0000000000000009 237.50000000000003 13.076276779174806 0.18436925113201144 7.8262782096862802 645320.00000000012 638907.50000000012 1.5000000000000002 647932.50000000012 1.5000000000000002 8.2533411979675311 325490.73437500006 -19.301398277282711 -1.0000000180025095e-35 -11.847433090209959
decision_type=2 2 2 2 2 2 2 2 2 2 2 2 2 2 2 2 2 2 2 2 2 2 2 2 2 2 2 2 2 2
left_child=1 5 3 16 10 -1 11 8 22 14 20 -6 13 -9 15 -2 -3 18 25 -14 21 -4 26 -24 -18 -12 -7 -22 -16 -28
right_child=9 2 4 -5 6 7 -8 12 -10 -11 17 -13 19 -15 28 -17 24 -19 -20 -21 27 -23 23 -25 -26 -27 29 -29 -30 -31
leaf_value=0.028173932884626815 -0.0052374063846375319 0.0068077754228810794 -0.0049348052705355631 0.033259693030087821 0.0012254607412430223 0.027491170639961766 0.024891762710777685 0.016882552988807718 0.034107085109957087 0.034187653465156585 0.012111884826444569 0.012809123125204675 0.0043676607299051803 0.027177984636991823 0.034711264360267377 0.036684372742921134 0.01132342341044126 -0.0035910275615121459 -0.0022552161812878935 0.0170068493825048 0.088119604027987408 0.10571678319421021 0.015068005464146814 -0.013463759936274437 -0.013843674571785508 0.038800642940478254 0.10353599017679585 -0.027779235796572446 0.041919536719927777 -0.030772104327391588
leaf_weight=416110.26038712263 4037.5500512719154 64815.094073459506 79561.46196590364 147392.60479386151 47904.851263344288 32323.48003064096 64515.993478581309 229434.58516770601 143128.38614751399 446073.64992909133 19125.578874364495 109324.39913547039 33161.376726686954 124233.89290931821 77305.854026675224 6804.5151221603155 7965.5293273180723 39525.359718099236 20009.39023065567 77477.554836019874 262.64570389688015 429.37814503908157 69825.075799271464 6984.3832777291536 21817.013440966606 7018.6953876912594 206.03159053623676 9770.8079534471035 418006.23429496586 1751.1874904334545
leaf_count=1173400 16727 252786 350162 382302 190284 100776 189767 753064 366676 1133410 79521 379941 115871 366771 189958 17099 32010 172618 86784 255438 870 1325 229038 26451 94771 26668 439 46889 960739 6775
internal_value=0.0259454 0.0197569 0.0123832 0.0212061 0.00701129 0.0239124 0.0138222 0.0214445 0.0263393 0.0374751 -0.00158439 0.00927986 0.0187643 0.0204991 0.0403722 0.0210733 0.0024252 0.00369928 0.00994265 0.0132187 -0.00661306 -0.00433947 0.0163311 0.0124734 -0.00711225 0.0192782 0.0249741 -0.0247364 0.0407946 -0.0165856
internal_weight=2.7263e+06 1.77408e+06 639439 241990 397449 1.13464e+06 221745 718526 254219 952228 175703 157229 464307 353668 506154 10842.1 94597.6 85679 46153.7 110639 90024.3 79990.8 111090 76809.5 29782.5 26144.3 34280.7 10033.5 495312 1957.22
internal_count=7999330 5681397 2286698 761869 1524829 3394699 759992 2221299 730155 2317933 764837 570225 1491144 1119835 1184523 33826 379567 365591 192973 371309 399246 351487 363479 255489 126781 106189 107990 47759 1150697 7214
is_linear=0
shrinkage=0.05


Tree=14
num_leaves=31
num_cat=0
split_feature=79 79 77 86 87 77 79 79 86 87 54 54 55 54 99 104 79 77 42 99 55 46 55 25 54 94 55 94 25 55
split_gain=70079 19344.5 12574.7 23105.7 8333.53 4843.43 4676.73 3337.52 2325.58 3813.98 2799.76 3891.12 2810.25 2440.68 2380.31 2383.18 2140.01 2092.3 2074.01 1848.28 1745.22 1637.68 1910.44 2422.04 1635.44 2213.14 1751.25 1576.91 1484.52 1494.5
threshold=4.6936223506927499 2.2126234769821171 1.2333478927612307 6.0000000000000009 1.0000000180025095e-35 3.7121527194976811 3.2669178247451787 7.0334143638610849 6.0000000000000009 1.0000000180025095e-35 414537.50000000006 443322.50000000006 -475727.49999999994 483412.50000000006 139248.01562500003 7.8703203201293954 3.3885325193405156 2.1999999284744267 1.0035901665687563 120996.18750000001 -720089.99999999988 0.090041030198335661 14952.500000000002 4.1132009029388437 344010.00000000006 3343.5795898437505 -397617.49999999994 5186.3964843750009 2.8366353511810307 -525842.49999999988
decision_type=2 2 2 2 2 2 2 2 2 2 2 2 2 2 2 2 2 2 2 2 2 2 2 2 2 2 2 2 2 2
left_child=1 8 3 16 6 17 20 -2 -1 14 21 18 13 -13 -10 -16 -3 -6 -12 28 -4 24 27 -24 25 -11 -26 -23 29 -5
right_child=7 2 4 19 5 -7 -8 -9 9 10 11 12 -14 -15 15 -17 -18 -19 -20 -21 -22 22 23 -25 26 -27 -28 -29 -30 -31
leaf_value=0.018992380094078457 0.038237439713966086 0.010466818083298303 -0.015645850083727413 0.043628498629618845 0.0042196211751616931 0.024374904324927095 -0.0063663234322208278 0.032316536073224204 0.014663700533655309 0.036883462752487092 0.074811558757218399 0.081898381967413197 0.0077216853086409069 0.03394057098362329 0.047868787355744381 0.023301898105888029 -0.0021990920610927361 0.014284267102677509 0.022715440129940305 0.029251767298985973 0.0085543707726890711 0.031426618168871788 0.018481724287446055 -0.071966097828626466 0.019362077584137577 0.01844593738827896 -0.030743048926878392 0.085415770764354457 -0.054029962267742863 0.0091041629475598421
leaf_weight=154429.32438197732 507650.15510290861 95024.671663030982 7752.5701049715281 44206.46916911006 74500.788101091981 97800.543657973409 85855.773599088192 448247.6347732842 86669.381506323814 21586.615572303534 8835.330447435379 2729.3908080905676 10218.426834151149 94435.770309045911 10401.734671533108 193965.28011316061 51379.884513527155 168284.74331250787 2439.2744148820639 170435.24104262888 190203.79820410907 114336.78334867954 17449.447280287743 771.95278313755989 4106.9450017511845 66182.640364691615 3029.3468086272478 1368.1530113071203 412.1024217158556 3374.9121379107237
leaf_count=469515 1184523 348189 32273 102879 284769 284650 392353 1133410 265467 56731 18683 5559 30809 249254 27253 567903 210760 569921 6797 448545 721343 308584 50041 3113 11750 189764 10616 2745 1502 9629
internal_value=0.0245388 0.0186805 0.0140165 0.0213914 0.0097074 0.0149804 0.00337958 0.035461 0.0244988 0.0258305 0.0293671 0.0356001 0.0326655 0.0352886 0.0216078 0.0245525 0.00602177 0.0111959 0.063544 0.031693 0.00760652 0.0261349 0.0296959 0.0146459 0.0211095 0.022981 -0.00190811 0.0320658 0.0403613 0.0411801
internal_weight=2.73809e+06 1.78219e+06 989231 364833 624398 340586 283812 955898 792956 638526 347490 118658 107384 97165.2 291036 204367 146405 242786 11274.6 218429 197956 228832 133926 18221.4 94905.5 87769.3 7136.29 115705 47993.5 47581.4
internal_count=7999330 5681397 3406813 1121504 2285309 1139340 1145969 2317933 2274584 1805069 944446 311102 285622 254813 860623 595156 558949 854690 25480 562555 753616 633344 364483 53154 268861 246495 22366 311329 114010 112508
is_linear=0
shrinkage=0.05


Tree=15
num_leaves=31
num_cat=0
split_feature=79 79 77 86 87 77 86 77 79 79 55 90 79 22 54 100 99 81 77 77 35 50 22 55 22 51 90 55 7 94
split_gain=62816.7 16968 8761.89 18926.6 7111.78 4392.01 6043.15 3931.29 3508.69 3113.9 2027.07 2615.16 1927.15 1769.74 2467.44 1660.99 1658.24 1645.59 2115.35 1623.53 1482.88 1477.41 1445.54 1687.64 1440.38 1406.09 1401.54 1390.64 1386.47 1365.95
threshold=5.5255424976348886 2.9327796697616582 1.2333478927612307 6.0000000000000009 1.0000000180025095e-35 1.2333478927612307 6.0000000000000009 3.0000000000000004 6.6557295322418222 1.836778521537781 -216947.49999999997 3840.0239257812505 4.6936223506927499 1.5000000000000002 647932.50000000012 242084.64062500003 325490.73437500006 1.0000000180025095e-35 3.0000000000000004 0.83046793937683117 -11.847433090209959 -147.49999999999997 1.0000000180025095e-35 21282.500000000004 1.5000000000000002 377.50000000000006 2690.504272460938 13077.500000000002 0.0099431411363184469 5186.3964843750009
decision_type=2 2 2 2 2 2 2 2 2 2 2 2 2 2 2 2 2 2 2 2 2 2 2 2 2 2 2 2 2 2
left_child=1 5 3 21 10 6 13 -6 -2 -7 -4 -12 15 16 25 -13 22 18 -11 -8 -18 -3 23 -1 -23 28 -5 29 -15 -9
right_child=8 2 4 26 7 9 19 27 -10 17 11 12 -14 14 -16 -17 20 -19 -20 -21 -22 24 -24 -25 -26 -27 -28 -29 -30 -31
leaf_value=0.0031268732416676356 0.036692726859752473 0.006349112547204494 -0.005921161612644798 0.037994106927023902 0.0053229081866236171 0.022413776488608303 0.026689961383644569 0.019697318487153448 0.030591861250745579 0.014805733503699623 0.023522754297156268 -0.020669770810377002 0.041299729080796481 0.021250624268354844 -0.010749541668815393 0.0021534529100515894 0.099046639618197332 0.00960453369105887 0.023960934372378177 0.034710054376836261 -0.026851385663150373 0.0099559742404596013 0.032416780872030176 0.11513417870317494 -0.012186815356531381 0.0052065103506331173 0.026892654947411554 0.00076616044387799458 -0.015252628913161124 0.088911119786630896
leaf_weight=7234.4050917625427 482864.47301629186 60952.57098223269 89862.78590798378 37527.948909536004 100305.81766238809 375932.9748711288 138645.8359785676 115578.93606995046 460497.80785290897 199508.31759592891 15320.965532526374 9162.9180008471012 2824.213416621089 66646.950585469604 9247.1292237043381 61274.349954977632 260.08919990062714 79954.451461449265 92287.198779314756 115872.45967634022 2244.3305265456438 10024.307504341006 34931.687804162502 351.70644038915634 27461.870751529932 21562.315766140819 117430.56533950567 10082.162714272738 2706.0823755115271 716.3849745541811
leaf_count=24047 1114907 237197 399576 89108 382032 1085002 368602 350327 1158655 655346 60675 41950 6364 206558 34087 261929 517 274852 270206 284033 8475 39741 102580 661 118091 71523 309029 33661 9654 1460
internal_value=0.0232576 0.0177951 0.0113977 0.0186902 0.00683634 0.0214669 0.0256979 0.012714 0.0337147 0.019205 -0.000630191 0.0047372 0.0008083 0.0175575 0.0138561 -0.000815714 0.0257915 0.01596 0.0177014 0.0303413 -0.0137403 0.00154539 0.0281205 0.00833489 -0.0062653 0.0163589 0.0295815 0.0185802 0.019826 0.0201245
internal_weight=2.74927e+06 1.80591e+06 658526 253397 405129 1.14739e+06 399703 226683 943362 747683 178445 88582.4 73261.5 145185 100162 70437.3 45022.2 371750 291796 254518 2504.42 98438.7 42517.8 7586.11 37486.2 90915.3 154959 126377 69353 116295
internal_count=8000845 5727283 2331140 793166 1537974 3396143 1110737 767480 2273562 2285406 770494 370918 310243 458102 321822 303879 136280 1200404 925552 652635 8992 395029 127288 24708 157832 287735 398137 385448 216212 351787
is_linear=0
shrinkage=0.05


Tree=16
num_leaves=31
num_cat=0
split_feature=80 80 77 86 87 77 80 80 77 86 80 77 55 55 54 49 80 53 87 90 49 42 24 77 86 25 94 25 55 94
split_gain=56764 15322.7 9184.08 19850.7 6672.88 4205.07 3234.21 3191.53 2172.73 2049.44 1989.55 1896.6 1835.64 1984.03 2983.85 2533.44 1738.55 1651.46 1409.14 1395.33 1619.42 1393.44 1377.1 1346.43 1425.44 1341.25 1325.23 1309.14 1307.47 1847.68
threshold=5.5255424976348886 2.2126234769821171 1.2333478927612307 6.0000000000000009 1.0000000180025095e-35 3.7121527194976811 6.6557295322418222 3.0755002498626713 1.2333478927612307 6.0000000000000009 3.3885325193405156 2.1999999284744267 20282.500000000004 30557.500000000004 10502.500000000002 0.24825246632099154 4.6936223506927499 0.6078576147556306 1.0000000180025095e-35 2690.504272460938 0.11969653144478799 0.98790717124938976 61.740028381347663 1.0658904910087588 6.0000000000000009 2.3621916770935063 5130.2651367187509 1.7929884195327761 13077.500000000002 5186.3964843750009
decision_type=2 2 2 2 2 2 2 2 2 2 2 2 2 2 2 2 2 2 2 2 2 2 2 2 2 2 2 2 2 2
left_child=1 8 3 10 7 11 -2 17 9 -1 -3 -6 19 14 15 -14 -9 25 -11 21 -21 -5 27 -8 -25 -4 -27 -19 29 -13
right_child=6 2 4 12 5 -7 23 16 -10 18 -12 28 13 -15 -16 -17 -18 22 -20 20 -22 -23 -24 24 -26 26 -28 -29 -30 -31
leaf_value=0.019557863118448475 0.034813249242082706 0.0092225753962537366 0.0055625533855418654 -0.061660868096738798 0.0036084339335108011 0.022365863130107296 0.034686312764095152 -0.0032937665646941752 0.020109267973530156 0.019501333493676068 -0.0027095583711738624 0.014014379935898625 -0.002419276623076862 0.050204469331790215 0.049120140641208371 -0.078308583708485716 0.035184707704784157 0.014256123560642037 0.030730758656678344 0.031306165897870386 0.021336335344520098 0.03700696413837936 0.0057603246187941529 0.021373127776414012 0.02918245595472943 -0.018901691704900091 0.062335366458394173 0.034183012443368604 -0.0016558057391287653 0.085651591086089662
leaf_weight=93700.50866150856 483469.12289270759 95642.486304938793 71654.579053729773 359.41989584267139 75158.39870916307 100493.60627214611 84077.427337631583 125946.34383104742 522711.0587810874 34339.884764075279 55036.576404035091 156622.17892459035 3559.4828567355871 1977.5843094885349 1785.6486928313971 1590.5638224184513 3004.6078160405159 32990.434531539679 150060.16673362255 93126.211683124304 72424.070669054985 51782.587059676647 33328.367659419775 72267.662724420428 305694.55909562111 9021.2409962415695 530.61097811162472 10988.727805241942 13739.952994570136 904.37008601427078
leaf_count=278814 1114907 347982 266650 1328 285700 288485 203479 561281 1523663 97554 226335 522086 11087 4695 4240 6541 6935 118563 374157 234086 195280 121804 123479 191057 764119 36720 1582 37076 49108 2052
internal_value=0.0220228 0.0168419 0.0127516 0.0189291 0.00907768 0.0137457 0.0319543 0.00344422 0.0220091 0.0255799 0.00486426 0.0102302 0.0282813 0.00604001 -0.00655737 -0.0258689 -0.0023969 0.00819598 0.0286397 0.0291919 0.0269448 0.0363256 0.0134266 0.0289627 0.0276894 0.00321634 -0.0143823 0.0192359 0.013136 0.0144262
internal_weight=2.75799e+06 1.81248e+06 1.01167e+06 377285 634383 346919 945509 287465 800812 278101 150679 246425 226606 8913.28 6935.7 5150.05 128951 158514 184400 217692 165550 52142 77307.5 462040 377962 81206.4 9551.85 43979.2 171267 157527
internal_count=8000845 5727283 3453095 1153378 2299717 1147431 2273562 1152286 2274188 750525 574317 858946 579061 26563 21868 17628 568216 584070 471711 552498 429366 123132 279118 1158655 955176 304952 38302 155639 573246 524138
is_linear=0
shrinkage=0.05


Tree=17
num_leaves=31
num_cat=0
split_feature=79 79 77 86 87 77 86 77 84 79 79 74 79 53 77 22 54 54 54 35 50 77 21 38 94 90 35 46 38 77
split_gain=51371.9 14573.8 7771.35 13938.2 5750.4 3550.9 4901.81 3020.18 2836.93 2649.77 1978.51 1713.66 1659.68 1597.19 1425.02 1375.9 1702.87 1347.59 1879.04 1372.59 1310.87 1292.06 1205.34 1196.51 1193.52 1178.87 1884.46 1573.52 1318.31 1165.65
threshold=4.6936223506927499 2.9327796697616582 1.2333478927612307 6.0000000000000009 1.0000000180025095e-35 1.2333478927612307 6.0000000000000009 3.7121527194976811 -1.0000000180025095e-35 1.6053011417388918 6.6557295322418222 6.0447204113006601 1.4159873723983767 0.6078576147556306 0.83046793937683117 1.5000000000000002 647932.50000000012 645320.00000000012 638907.50000000012 -17.91408538818359 127.50000000000001 2.1999999284744267 4.5000000000000009 0.20102013647556308 4460.2216796875009 4909.8049316406259 -12.59886312484741 0.071774173527956023 2.4514075517654423 1.0658904910087588
decision_type=2 2 2 2 2 2 2 2 2 2 2 2 2 2 2 2 2 2 2 2 2 2 2 2 2 2 2 2 2 2
left_child=1 5 3 20 13 6 12 21 -2 -7 11 -10 -1 17 -8 -14 22 18 -4 -19 23 -6 -17 -3 -5 27 -27 -15 -29 -12
right_child=8 2 4 24 7 9 14 -9 10 -11 29 -13 15 25 -16 16 -18 19 -20 -21 -22 -23 -24 -25 -26 26 -28 28 -30 -31
leaf_value=0.027512437182601508 0.024685736768231464 0.011377986290942034 -0.0043238055864299081 0.028362403527410915 0.00029472001602612427 0.021182809501677835 0.023796140054960807 0.019868669045633496 0.013087625627874151 0.015002537781525181 0.036140498427433942 0.034331336298089737 0.021213371331730187 -0.0038397602560755529 0.03128471883324719 -0.0002183907732333382 -0.011530462000807715 0.076027909731654145 0.096070639127125546 -0.026895024330822831 -0.010423753599538768 0.010096657550260318 0.015382105920791573 -0.0010851752414750445 0.016264104318343391 0.13117072725387621 -0.028642815762680053 0.016782885204146655 9.785611525274148e-05 0.02764673681375758
leaf_weight=24844.614589467645 188421.36798706651 35959.855914309621 79301.384278863668 125307.91708888113 48129.231603875756 270307.61413539946 139704.31793965399 65841.350839614868 9719.5598247647285 484021.69857881963 46542.369792863727 411582.78392119706 38043.734996423125 30996.231708824635 116564.85207846761 15633.17492108047 8454.5336368530989 334.43726478517056 467.82922078669071 9469.8903348445892 17569.561187401414 111531.12778072059 59513.095887795091 41457.851541370153 24354.418447673321 191.96951258182526 4186.583758443594 31332.148500099778 19029.062041431665 306573.30781392753
leaf_count=69535 477167 137223 349779 314600 190144 762745 368602 189667 29731 1522661 108709 938696 116215 136021 284033 53018 31372 1113 1380 46436 77338 380694 187962 165018 67893 469 19340 127218 81803 764263
internal_value=0.0208641 0.0158834 0.00986381 0.0168861 0.00557744 0.0192412 0.023032 0.0108579 0.0301885 0.0172172 0.0315273 0.0338413 0.015736 -0.00121491 0.0272025 0.0133305 0.00974299 -0.00588403 -0.00373375 -0.0233763 0.00190561 0.00714194 0.0121366 0.00470386 0.0263938 0.00366316 -0.0216066 0.00502346 0.0104786 0.0287664
internal_weight=2.76539e+06 1.80255e+06 645461 244650 400811 1.15709e+06 402758 225502 962839 754329 774418 421302 146489 175310 256269 121645 83600.8 89573.5 79769.2 9804.33 94987.3 159660 75146.3 77417.7 149662 85736 4378.55 81357.4 50361.2 353116
internal_count=8000845 5682279 2286136 762072 1524064 3396143 1110737 760505 2318566 2285406 1841399 968427 458102 763559 652635 388567 272352 398708 351159 47549 379579 570838 240980 302241 382493 364851 19809 345042 209021 872972
is_linear=0
shrinkage=0.05


Tree=18
num_leaves=31
num_cat=0
split_feature=79 79 77 86 87 77 86 77 84 79 79 79 81 77 90 99 39 55 55 53 77 55 49 55 55 49 55 55 55 90
split_gain=46543.4 13022.4 6996.41 12529 5169.12 3213.74 4432.66 2718.4 2579.44 2380.9 1835.36 1497.7 1488.57 2488.62 1446.42 2343.54 1636.67 1436.83 1682.91 1938.58 1305.63 1285.24 1230.75 1319.24 1275.76 1171.04 1780.22 1830.87 1132.34 2729.46
threshold=4.6936223506927499 2.9327796697616582 1.2333478927612307 6.0000000000000009 1.0000000180025095e-35 1.2333478927612307 6.0000000000000009 3.0000000000000004 -1.0000000180025095e-35 1.6053011417388918 6.6557295322418222 1.9527978897094729 1.0000000180025095e-35 3.0000000000000004 2930.1601562500005 148231.68750000003 3.6717600822448735 19697.500000000004 30557.500000000004 0.87837970256805431 0.83046793937683117 -720089.99999999988 -0.09801131114363669 6417.5000000000009 -626842.49999999988 0.098011311143636717 -397617.49999999994 -444337.49999999994 -216947.49999999997 3840.0239257812505
decision_type=2 2 2 2 2 2 2 2 2 2 2 2 2 2 2 2 2 2 2 2 2 2 2 2 2 2 2 2 2 2
left_child=1 5 3 22 14 6 11 -6 -2 -7 -10 -1 13 -11 -4 16 -16 20 19 -19 -8 -14 24 -24 -3 -9 27 -27 -17 -30
right_child=8 2 4 -5 7 9 17 25 10 12 -12 -13 21 -15 15 28 -18 18 -20 -21 -22 -23 23 -25 -26 26 -28 -29 29 -31
leaf_value=0.020070469076685454 0.023406199814920467 -0.015060400858878928 -0.0081212412037664616 0.025009369500295059 0.0041587073411266818 0.02003951118219606 0.023259819739582611 0.019513380410916121 0.032154658765926658 0.012683260466658504 0.02726939428416892 0.009975080397095654 -0.016833393968193361 0.021250072791902233 0.015784056050304581 -0.0078456248810786257 0.07479004175332131 -0.01544451947917511 0.046349186604472563 0.033476747242578112 0.030590196412455084 0.010336364692361955 -7.249397914663294e-05 -0.022112667427761749 0.0104972588094705 0.015151296190229719 0.0029176319710309019 0.056696442900204459 0.022280175683784566 -0.00091398957085923817
leaf_weight=71567.359665080905 188776.06828691065 5526.6482804566622 52297.95752197504 150039.71593284607 100570.81416532397 271413.4099226594 133408.40120007098 69701.69016674161 421232.30189812183 236492.07733665407 353855.34169638157 75503.866174161434 4526.3047469854355 132153.11823736131 3955.2787289917469 31315.116419509053 1671.6220868974924 6647.7848311215639 2391.0149655044079 2910.8876534849405 111584.32734550536 112820.70224100351 39476.632954493165 8198.8221738487482 41851.208334997296 17707.324122533202 35051.765914559364 3118.5120050162077 15466.476812362671 70484.549085170031
leaf_count=207710 477167 23919 238324 382493 380604 762745 349392 205553 968427 758178 872972 250392 16813 379632 15908 139625 5148 20928 5509 7191 269615 368038 163841 36591 155228 52834 114017 7497 60675 303879
internal_value=0.0197742 0.0150433 0.00935512 0.0160115 0.00529013 0.0182092 0.0218105 0.0102845 0.0286478 0.0162882 0.0299244 0.0148878 0.0141931 0.0157544 -0.00115693 0.00180678 0.0333244 0.0257729 0.00884143 -0.000544136 0.0265986 0.0092882 0.00180831 -0.00386327 0.00751559 0.0151902 0.00979714 0.021375 0.000294119 0.00325984
internal_weight=2.77172e+06 1.80785e+06 646434 245093 401341 1.16142e+06 404014 226150 963864 757406 775088 147071 485992 368645 175191 122893 5626.9 256942 11949.7 9558.67 244993 117347 95053.3 47675.5 47377.9 125579 55877.6 20825.8 117266 85951
internal_count=8000845 5682279 2286136 762072 1524064 3396143 1110737 760505 2318566 2285406 1841399 458102 1522661 1137810 763559 525235 21056 652635 33628 28119 619007 384851 379579 200432 179147 379901 174348 60331 504179 364554
is_linear=0
shrinkage=0.05


Tree=19
num_leaves=31
num_cat=0
split_feature=79 79 81 84 78 78 78 79 22 93 24 79 54 54 100 78 95 55 54 54 55 84 81 78 55 78 84 87 90 55
split_gain=42269.9 11358.1 6832.7 3685.56 3674.25 6986.16 3669.22 2631.42 2017.31 1779.58 1737.14 1657.78 1583.66 1703.18 1757.81 1575.78 1477.32 1447.51 2182.67 1430.32 1413.26 1290.46 1212.63 1547.2 1270.39 1158.45 1168.03 1108.11 1107.03 1772.22
threshold=5.5255424976348886 2.2126234769821171 1.0000000180025095e-35 -1.0000000180025095e-35 1.2333478927612307 0.83046793937683117 3.7121527194976811 6.6557295322418222 1.5000000000000002 0.018692092970013622 59.117891311645515 4.0226118564605722 277092.50000000006 135052.50000000003 239632.39843750003 1.2333478927612307 14.899560928344728 -214402.49999999997 263517.50000000006 211540.00000000003 -304847.49999999994 -1.0000000180025095e-35 1.0000000180025095e-35 3.7121527194976811 -720089.99999999988 1.0658904910087588 -1.0000000180025095e-35 1.0000000180025095e-35 2705.649536132813 -347197.49999999994
decision_type=2 2 2 2 2 2 2 2 2 2 2 2 2 2 2 2 2 2 2 2 2 2 2 2 2 2 2 2 2 2
left_child=1 15 3 -3 5 9 11 -2 10 -5 -4 -6 13 14 -10 -1 -11 18 -15 -19 -14 -17 23 -23 -24 -9 -27 -13 -12 -30
right_child=7 2 8 4 6 -7 -8 25 12 16 28 27 20 17 -16 21 -18 19 -20 -21 -22 22 24 -25 -26 26 -28 -29 29 -31
leaf_value=0.021754455707444074 0.029896619620836395 0.0053927595866136791 0.018788467730857412 0.017594453387644086 0.010677821959421746 0.027763979501619976 0.019194924499167699 0.029920788127419391 -0.036726213301597636 0.014671597106126966 -0.024509219303025992 -0.0033207236797566809 -0.0081782091135305726 -0.020947250896125237 0.00031884102028432185 0.01039287980841469 0.0025569131655703969 0.022778635059848028 0.044639066338921694 0.086880148736940277 -0.049038515589947068 0.017867563629634792 -0.010820708654881758 0.026208081129410799 0.014919255211508581 0.017752204621863471 0.024798170533699967 0.0074737741393313189 0.028513062087082337 -0.0060271557718849398
leaf_weight=280723.85766980052 483432.68379752338 152043.11079612374 23941.872660860419 82805.061165526509 220227.4611415714 116431.08252409101 101652.64391073585 84605.786571994424 3496.7017937004566 44010.767879456282 4005.8921524435282 41705.330948591232 42125.131211400032 4328.9041411727667 37901.992190107703 62841.370350137353 58768.689211934805 7770.0792891979218 1793.1588596403599 979.34781770408154 2227.2848368734121 265121.15394002199 4983.0222114771605 70371.690560266376 125515.7507442832 72738.294290274382 307773.16100649536 55295.255994081497 5372.5550768077374 12021.406325668097
leaf_count=750525 1114907 571110 89507 230005 766035 286035 288428 203479 15832 130307 17791 189101 177782 18737 150120 190121 217640 28330 6256 2763 10497 759243 16758 189605 367936 190913 764263 188235 19773 48811
internal_value=0.0187487 0.0143055 0.0107929 0.0124671 0.0139592 0.0181631 0.0109281 0.0273133 0.000779717 0.0121396 0.00953614 0.00827899 -0.00316604 0.00240283 -0.00281083 0.0187266 0.00774463 0.016916 -0.00173198 0.0299634 -0.0102313 0.0171192 0.0180263 0.0196171 0.0139363 0.0246282 0.0234513 0.00283265 -0.000815398 0.00464218
internal_weight=2.77701e+06 1.82846e+06 1.0189e+06 872939 720896 302016 418881 948550 145964 185585 45341.7 317228 100623 56270.2 41398.7 809557 102779 14871.5 6122.06 8749.43 44352.4 528833 465992 335493 130499 465117 380511 97000.6 21399.9 17394
internal_count=8000845 5727283 3453095 2866896 2295786 863987 1431799 2273562 586199 577952 175882 1143371 410317 222038 165952 2274188 347947 56086 24993 31093 188279 1523663 1333542 948848 384694 1158655 955176 377336 86375 68584
is_linear=0
shrinkage=0.05


Tree=20
num_leaves=31
num_cat=0
split_feature=79 79 77 86 87 86 77 84 77 79 79 22 24 74 55 49 55 54 90 25 87 21 104 55 25 37 55 90 49 55
split_gain=38069.2 10535.6 6056.2 10736 4360.53 2716.17 4516.43 2383.83 2239.03 1827.49 1545.09 1480.96 2136.81 1441.49 1307.82 1285.46 1930.45 2048.05 1805.47 1391.94 1228.55 1219.26 1202.88 1177.24 1121.18 1467.35 1081.93 1573.16 1172.17 1053.64
threshold=4.6936223506927499 2.9327796697616582 1.2333478927612307 6.0000000000000009 1.0000000180025095e-35 6.0000000000000009 1.2333478927612307 -1.0000000180025095e-35 3.7121527194976811 1.9276919960975649 6.6557295322418222 1.5000000000000002 61.740028381347663 6.2726626396179208 24342.500000000004 0.076279435306787505 -397617.49999999994 443322.50000000006 2756.880004882813 4.781379461288453 1.0000000180025095e-35 9.5000000000000018 7.6379034519195566 17227.500000000004 0.43524822592735296 -1.8050652146339414 13077.500000000002 5186.1101074218759 -0.45201864838600153 13077.500000000002
decision_type=2 2 2 2 2 2 2 2 2 2 2 2 2 2 2 2 2 2 2 2 2 2 2 2 2 2 2 2 2 2
left_child=1 5 3 21 11 -1 15 -2 26 -8 13 12 24 -9 -14 19 17 -17 -19 -7 -11 22 -3 -24 -4 -26 27 28 -6 -5
right_child=7 2 4 29 8 6 9 10 -10 20 -12 -13 14 -15 -16 16 -18 18 -20 -21 -22 -23 23 -25 25 -27 -28 -29 -30 -31
leaf_value=0.011613441504380033 0.020800505955020122 -0.052856233992743244 -0.012203252328719376 0.024103650866520721 0.012837663763877197 0.026923872440023103 0.017222297516788811 0.010149950239739065 0.016925623240778495 0.0082130974416549131 0.024627093535319423 -0.004361561722171412 -0.0068833025832037422 0.029560384675610292 0.089176315117558261 0.055795099137789232 0.014617381996561561 0.028320035298732685 -0.0041326452245907799 -0.021785658471048339 0.015823295859641734 0.0060264651866343624 -0.001597498993737773 -0.039869977418576112 -0.0005027255210816033 0.02546427573271931 -0.0078522719788578794 0.079130894228232218 0.0035316933064904882 0.0083263747658963404
leaf_weight=238459.12463214993 189634.49773047864 1296.2021730095148 3475.5344241708517 139399.10458298028 52730.055227637291 140394.54485756159 457765.99985967577 9795.3651445358992 66599.597763314843 118184.9911095798 355152.56836093962 120856.70580621064 23888.345903158188 410277.27681648731 358.66065973043442 5755.6515989154577 75687.377424538136 29204.23960454762 5022.2939955741167 1481.3447928726673 96212.194141969085 57810.072968587279 34094.058913514018 2134.1011932343245 7637.2298795133829 18908.732151985168 12918.298778533936 756.00295163691044 94453.535608842969 11453.811321005225
leaf_count=743346 478388 6352 15607 349889 181548 347730 1303609 29631 189848 404633 873417 534023 105619 937903 1133 11957 202266 70754 14565 4704 291566 222284 140786 9960 32596 74134 48826 1835 338378 32613
internal_value=0.0177992 0.0135368 0.00842774 0.0146053 0.00464998 0.0163742 0.0175953 0.0258258 0.00921597 0.015438 0.0270551 -0.00128045 0.0055811 0.0291078 -0.00545857 0.0232253 0.0193126 0.0282 0.0235579 0.0264151 0.0116283 0.00147084 -0.00554741 -0.0038532 0.0144974 0.0179937 0.00602385 0.00723561 0.00686575 0.0229058
internal_weight=2.7818e+06 1.81694e+06 648770 246187 402583 1.16817e+06 929709 964860 227457 672163 775225 175125 54268.5 420073 24247 257545 115670 39982.2 34226.5 141876 214397 95334.4 37524.4 36228.2 30021.5 26546 160858 147940 147184 150853
internal_count=7999900 5680561 2285431 761884 1523547 3395130 2651784 2319339 760435 1999808 1840951 763112 229089 967534 106752 651976 299542 97276 85319 352434 696199 379382 157098 150746 122337 106730 570587 521761 519926 382502
is_linear=0
shrinkage=0.05


Tree=21
num_leaves=31
num_cat=0
split_feature=79 79 77 86 87 86 77 84 77 81 77 55 79 55 94 22 55 74 53 94 55 55 53 53 50 77 50 26 55 22
split_gain=34571.6 9438.67 5460.03 9669.82 3922.68 2447.16 4101.83 2173.46 2081.96 1775.23 1946.49 1680.29 1435.68 1390.67 1430.25 1391.35 1508.06 1311.77 1265.61 1258.08 1210.09 1503.52 1794.81 1184.56 1158.73 1137.09 1132.03 1084.93 1073.89 1155.61
threshold=4.6936223506927499 2.9327796697616582 1.2333478927612307 6.0000000000000009 1.0000000180025095e-35 6.0000000000000009 1.2333478927612307 -1.0000000180025095e-35 3.0000000000000004 1.0000000180025095e-35 3.7121527194976811 -720089.99999999988 6.6557295322418222 -720089.99999999988 2489.6064453125005 1.5000000000000002 24342.500000000004 6.2726626396179208 1.0000000180025095e-35 2489.6064453125005 19697.500000000004 30557.500000000004 0.87837970256805431 0.6078576147556306 137.50000000000003 0.83046793937683117 82.500000000000014 -0.89519143104553212 19697.500000000004 1.5000000000000002
decision_type=2 2 2 2 2 2 2 2 2 2 2 2 2 2 2 2 2 2 2 2 2 2 2 2 2 2 2 2 2 2
left_child=1 5 3 24 13 -1 20 -2 -6 10 -8 18 17 -4 27 16 -16 -9 -11 -13 25 22 -22 -21 -3 -7 -24 -15 -10 -30
right_child=7 2 4 -5 8 6 9 12 28 11 -12 19 -14 14 15 -17 -18 -19 -20 23 21 -23 26 -25 -26 -27 -28 -29 29 -31
leaf_value=0.011000099123544042 0.019743232432595431 0.0039402730530891487 -0.023384585091237933 0.021729648064733355 0.0033894985744576467 0.019684580624248563 0.014549987087189943 0.0096260703248984628 0.014000780299225 -0.046722567063655421 0.022234509937446953 0.081679783369793285 0.02337548153147136 -0.021856085313390852 0.0048680813025626136 -0.0036487151865544306 0.060820283011994117 0.028127889615362681 6.450575862237921e-06 0.0071822308678234541 -0.016756953714777045 0.041809490206780285 0.04323618256408826 0.015332777719667196 -0.01053857638304511 0.02651384130910452 -0.04262733750230728 0.1268326969182838 -0.045228016829565544 0.0055334874345225778
leaf_weight=239149.14408536255 189795.79556043446 78619.374049276114 6799.9936034530401 151061.6753051132 101281.68992775679 134083.4130769968 383162.29193197191 9811.659095287323 121050.38117720187 2034.0835090875626 104995.17659462988 633.6979642957449 355452.08517482877 180.04437392950058 50880.955973103642 115532.50282776356 1232.4964798390865 409629.55352687836 5030.5589708089828 91412.704448014498 6642.754175439477 2412.7933015227318 2502.4639045447111 87021.064950942993 16763.810426414013 111804.34655418992 452.50206905603409 381.97152779996395 1539.5489840209484 4117.7909270823002
leaf_count=743346 478388 304937 33055 382502 380533 348938 1138159 29631 360783 8086 284997 1410 873417 855 214345 509761 4072 937903 16937 286862 20854 5507 5670 263357 74445 269457 1550 1024 5958 13161
internal_value=0.0168864 0.0128318 0.00799705 0.0138596 0.00441188 0.0155123 0.0166699 0.0245391 0.00873384 0.0146186 0.0162029 0.0104637 0.0257137 -0.00121849 -0.000322238 -0.000589451 0.0061926 0.0276951 -0.013452 0.0114073 0.022033 0.0065349 -0.00233577 0.0111573 0.00139545 0.0227899 0.030076 0.0792365 0.0130056 -0.00828506
internal_weight=2.78547e+06 1.82078e+06 649442 246445 402997 1.17134e+06 932188 964689 227989 674290 488157 186132 774893 175008 168208 167646 52113.5 419441 7064.64 179067 257898 12010.5 9597.72 178434 95383.2 245888 2954.97 562.016 126708 5657.34
internal_count=7999900 5680561 2285431 761884 1523547 3395130 2651784 2319339 760435 1999808 1423156 576652 1840951 763112 730057 728178 218417 967534 25023 551629 651976 33581 28074 550219 379382 618395 7220 1879 379902 19119
is_linear=0
shrinkage=0.05


Tree=22
num_leaves=31
num_cat=0
split_feature=79 79 77 86 81 77 84 79 22 49 54 54 54 49 24 54 54 49 55 22 55 54 79 104 55 25 86 81 42 54
split_gain=31412.4 8782.68 5647.35 10255.1 2900.7 3486.9 1983.42 1960.52 1593.05 1500.71 1512.37 1472.27 1672.39 1659.87 1436.27 1431.89 2419.71 2038.23 3049.25 1907.13 1741.73 1654.92 1333.92 1296.45 1620.82 1453.3 1293.3 1661.59 1250.48 1210.72
threshold=4.6936223506927499 2.2126234769821171 1.2333478927612307 6.0000000000000009 1.0000000180025095e-35 3.0000000000000004 -1.0000000180025095e-35 3.4530960321426396 1.5000000000000002 0.16288578510284427 627572.50000000012 630062.50000000012 616077.50000000012 -0.05451125651597976 62.153976440429695 414537.50000000006 443322.50000000006 0.010907442308962378 -395082.49999999994 1.5000000000000002 -475727.49999999994 483412.50000000006 6.6557295322418222 7.7159104347229013 -667847.49999999988 1.997237026691437 6.0000000000000009 1.0000000180025095e-35 1.0035901665687563 277092.50000000006
decision_type=2 2 2 2 2 2 2 2 2 2 2 2 2 2 2 2 2 2 2 2 2 2 2 2 2 2 2 2 2 2
left_child=1 26 3 9 5 7 -2 -4 14 10 -3 12 13 -7 -6 17 28 18 -5 -20 21 -18 -8 25 -25 -13 -1 -28 -17 -10
right_child=6 2 4 15 8 11 22 -9 29 -11 -12 23 -14 -15 -16 16 20 -19 19 -21 -22 -23 -24 24 -26 -27 27 -29 -30 -31
leaf_value=0.011977860428928434 0.018744354728241274 0.010303558195999988 0.0073039643390414039 -0.04743609584110714 0.015698078111057872 0.01714413412873798 0.026359742445937487 -0.0014572101701748478 0.0013080405831225235 -0.0022794908794023204 -0.010266357769484299 0.015252863879698493 -0.027688633535698393 0.0070658829670349685 -0.002389104461594147 0.063770945155481512 0.072704115516405585 0.011557855503115199 0.010675308365783343 0.029195430312294421 -0.0014467630220149411 0.024471279574470858 0.022194831531525461 -0.057273461996666955 0.051160014647731858 0.077514948126029076 0.01826693850985478 0.012001592460281246 0.013747421032489431 -0.0098947286640574117
leaf_weight=159125.54729779065 189911.28596584499 77854.807887300849 209832.67918857932 1490.2418272644281 24909.340833872557 82165.902690261602 418675.67364260554 91782.507522016764 54131.119332581758 60672.029711306095 10093.3357552737 19807.216480270028 2678.836914986372 81267.055248752236 19619.850023940206 5926.5252391695976 1831.5735204815865 68737.705474972725 18282.960769802332 58024.740698814392 6427.3481044471264 60634.142967283726 355637.011471048 366.14594082534313 5652.2517785280943 982.9286113679409 524276.2260427773 132599.55479297042 1584.0882413238287 43495.031135380268
leaf_count=469353 478388 276869 757526 5100 92933 237086 967534 380781 216701 240186 41366 56794 9210 250222 79986 11161 3291 186282 49349 139584 18245 146097 873417 1394 13604 2034 1417988 387092 4040 186287
internal_value=0.0160243 0.0121661 0.00904498 0.0139434 0.00618632 0.00799574 0.0233237 0.0046379 -0.00010834 0.00376963 0.00794271 0.0132454 0.0114904 0.0121328 0.00772876 0.0207256 0.0262753 0.0178318 0.0233748 0.0247584 0.0233366 0.0258867 0.0244469 0.0241182 0.0445539 0.0182004 0.0160225 0.0170022 0.0532242 -0.00368309
internal_weight=2.78848e+06 1.82425e+06 1.00825e+06 371560 636691 494536 964224 301615 142155 148620 87948.1 192920 166112 163433 44529.2 222939 76403.7 146536 77797.9 76307.7 68893.1 62465.7 774313 26808.5 6018.4 20790.1 816001 656876 7510.61 97626.2
internal_count=7999900 5680561 3406128 1121570 2284558 1708651 2319339 1138307 575907 558421 318235 570344 496518 487308 172919 563149 182834 380315 194033 188933 167633 149388 1840951 73826 14998 58828 2274433 1805080 15201 402988
is_linear=0
shrinkage=0.05


Tree=23
num_leaves=31
num_cat=0
split_feature=79 79 77 86 87 77 90 104 55 79 55 79 90 55 90 55 53 55 55 38 53 49 55 100 55 55 94 104 55 40
split_gain=28577.6 7638.96 4695.73 10277.7 3322.36 2409.38 2305.64 2907.03 2177.75 1931.19 1921.23 1786.12 1518.04 1505.37 3315.87 1730.57 1504.31 1899.74 2621.15 1650.26 1508.14 1450.39 1527.88 1953.25 1376.07 1374.55 2099.36 1382.27 1367.58 1736.29
threshold=5.5255424976348886 2.2126234769821171 1.2333478927612307 6.0000000000000009 1.0000000180025095e-35 3.7121527194976811 2921.341430664063 7.8703203201293954 -415427.49999999994 7.0334143638610849 -406652.49999999994 4.1518535614013681 2690.504272460938 -216947.49999999997 3840.0239257812505 -243942.49999999997 1.0000000180025095e-35 -647269.99999999988 -635852.49999999988 -3.9717848300933833 0.87837970256805431 0.1413247883319855 -235032.49999999997 203501.19531250003 -444337.49999999994 13077.500000000002 5186.3964843750009 8.4616999626159686 -525842.49999999988 1.0000000180025095e-35
decision_type=2 2 2 2 2 2 2 2 2 2 2 2 2 2 2 2 2 2 2 2 2 2 2 2 2 2 2 2 2 2
left_child=1 -1 3 11 6 25 16 8 -8 -2 -10 -3 28 15 -15 -9 17 -4 -19 20 -18 -14 24 -24 -23 26 27 -6 -5 -30
right_child=9 2 4 12 5 -7 7 13 10 -11 -12 -13 21 14 -16 -17 19 18 -20 -21 -22 22 23 -25 -26 -27 -28 -29 29 -31
leaf_value=0.015186421807756881 0.024444279509918673 0.006107798662192826 -0.03513801522881934 0.029505234894318201 0.0078154348497472617 0.015786038912434679 0.011768907925476198 -0.00032707425814781227 0.09306287885420228 0.019926444192814152 0.025767509774641296 -0.0065051601773343558 0.021504317018698774 0.022681023595034759 0.0027205254334181262 -0.02843234906564452 0.02762873228563173 0.070524233156634683 -0.010849484786596057 -0.0047208904375416784 -0.011482117949197982 0.0047978146879054722 -0.019826684822261038 0.01059847997346545 0.027781051175448841 -0.0057903695474458396 0.071777305281822509 -0.033277637360091178 -0.029730010608895976 0.039267049734130616
leaf_weight=817829.01543998718 490782.16533347964 115490.17716903985 8112.6431936770678 48698.051579266787 227669.1539041698 103043.61991617084 6190.9360966831446 44855.986605003476 2050.1840055584908 456738.73396901786 2198.9088884294033 37078.808609932661 100856.54713709652 25253.265829786658 118139.14269301295 6238.0178657919168 8346.5373556166887 1061.2159499078989 14475.652417972684 48887.615576907992 3496.7098428606987 9300.0238793641329 6100.9336831122637 38928.205199882388 21736.674534454942 20229.784462422132 1274.2586970180273 2063.9801898151636 2244.8983786404133 1533.9714493006468
leaf_count=2274433 1139684 421559 38219 112713 773805 288901 23685 181358 5112 1134716 7473 152274 252001 90603 462201 27630 31046 3215 61724 204036 14719 25261 18860 106608 52784 73702 2953 8082 7130 3413
internal_value=0.0152095 0.0115821 0.00870774 0.0130994 0.00610124 0.00934759 0.00212578 0.00499002 0.0306921 0.0222666 0.0582529 0.00304242 0.0197881 0.00361015 0.006236 -0.00375901 -0.00483023 -0.0155282 -0.00528691 -0.000664018 0.0160809 0.0175726 0.0123593 0.00647576 0.0208948 0.00670682 0.00780127 0.00744608 0.0272568 -0.00171746
internal_weight=2.79091e+06 1.84338e+06 1.02556e+06 381968 643588 354281 289307 204926 10440 947521 4249.09 152569 229399 194486 143392 51094 84380.4 23649.5 15536.9 60730.9 11843.2 176922 76065.8 45029.1 31036.7 251237 231007 229733 52476.9 3778.87
internal_count=7999900 5725500 3451067 1152603 2298464 1147443 1151021 798062 36270 2274400 12585 573833 578770 761792 552804 208988 352959 103158 64939 249801 45765 455514 203513 125468 78045 858542 784840 781887 123256 10543
is_linear=0
shrinkage=0.05


Tree=24
num_leaves=31
num_cat=0
split_feature=79 79 81 86 77 77 86 77 79 79 54 37 22 54 99 25 22 94 13 7 52 30 24 49 77 22 77 86 99 25
split_gain=26009.5 7318.15 4254.56 5145 5711.69 2151.28 2174.64 1827.73 1630.63 1517.24 1168.61 1362.95 1152.79 1564.29 1413.52 1410.77 1189.39 1290.6 1112.06 1101.56 1084.54 1051.87 1051.62 1000.43 981.748 979.551 977.231 1002.63 974.536 1019.08
threshold=4.6936223506927499 2.8302106857299809 1.0000000180025095e-35 6.0000000000000009 1.2333478927612307 1.3076950907707217 6.0000000000000009 3.7121527194976811 7.0334143638610849 1.6053011417388918 1837.5000000000002 3.9589381217956547 1.5000000000000002 647932.50000000012 325490.73437500006 2.7928394079208378 1.0000000180025095e-35 2617.2609863281255 0.052879357710480697 0.0095324986614286917 957.50000000000011 0.33750000596046453 59.117891311645515 -0.50938662886619557 0.83046793937683117 1.5000000000000002 1.0658904910087588 6.0000000000000009 120996.18750000001 2.8366353511810307
decision_type=2 2 2 2 2 2 2 2 2 2 2 2 2 2 2 2 2 2 2 2 2 2 2 2 2 2 2 2 2 2
left_child=1 5 3 23 28 6 12 -6 -2 -7 11 -8 14 19 16 -16 17 -1 21 20 -14 -15 -18 -3 -12 -4 -10 -28 29 -5
right_child=8 2 25 4 7 9 10 -9 26 -11 24 -13 13 18 15 -17 22 -19 -20 -21 -22 -23 -24 -25 -26 -27 27 -29 -30 -31
leaf_value=-0.067633207492988442 0.023047362907619898 0.0060167757552054375 0.004263259675082968 0.026472591030093209 0.0043084527584785152 0.014761036489962562 -0.030863429065145533 0.013827941767180156 0.023904038881626132 0.010130088441092351 0.01690692714545701 0.012503053647203969 0.014431276070005897 0.012020276507540284 -0.040128999410422299 0.044222423205305401 0.032419059923445175 0.0083666277860668572 0.12139575134423389 -0.014219374689627268 0.00057481590931159315 -0.026130249287430962 0.01498143120252874 -0.0025916536451981061 0.023316879451619338 -0.0070537461423819618 0.012583487957371573 0.01911796220083839 0.016480650847370614 -0.065141795334499319
leaf_weight=607.45917390286922 505794.84452749789 51291.977302595973 27994.0843411237 37078.91175454855 201740.98174670339 275457.87882456183 2341.9025505781174 67225.57998213172 81099.584761947393 494274.1374425292 130372.81074467301 7991.5120000988245 69133.73584073782 2614.1010317057371 1885.9479588270187 671.33854432404041 18324.576992213726 6816.6717900186777 152.63975428044796 4335.948006734252 17747.551855027676 5844.6165009886026 16378.028280377388 98682.956954702735 110298.19748005271 60315.353158473969 72830.603779762983 302906.17864896357 120404.87249258161 305.09640742838383
leaf_count=2491 1184623 191760 116346 86826 761179 761992 7611 189765 194975 1520165 338421 21071 206744 8419 7193 1746 49819 20859 281 14786 57117 21905 48211 397735 266197 270373 190194 749547 310435 1114
internal_value=0.0144382 0.0109389 0.00675387 0.00831878 0.0111184 0.0133274 0.0163245 0.00668782 0.0210915 0.0117874 0.0191378 0.00267222 0.0114381 0.00845019 0.0181131 -0.0179745 0.0203043 0.0021392 -0.0119191 0.0103733 0.0116009 -0.0143395 0.0241901 0.000352448 0.0198447 -0.00346619 0.018926 0.0178514 0.0186706 0.0257231
internal_weight=2.79292e+06 1.83029e+06 665040 576730 426755 1.16525e+06 395517 268967 962631 769732 251004 10333.4 144513 99828.6 44684 2557.29 42126.7 7424.13 8611.36 91217.2 86881.3 8458.72 34702.6 149975 240671 88309.4 456836 375737 157789 37384
internal_count=7999900 5680561 2325533 1938814 1349319 3355028 1072871 950944 2319339 2282157 633300 28682 439571 309252 130319 8939 121380 23350 30605 278647 263861 30324 98030 589495 604618 386719 1134716 939741 398375 87940
is_linear=0
shrinkage=0.05


Tree=25
num_leaves=31
num_cat=0
split_feature=79 79 81 86 77 77 79 84 86 77 81 77 79 99 25 38 25 55 25 104 55 55 55 79 55 77 90 90 26 55
split_gain=23853.5 6140.55 3466.41 5185.75 5001.88 2022.32 1941.04 1718.84 1457.29 2815.85 1214.74 1276.78 1182.81 1025.97 1247.93 1167.39 1132.79 1100.56 1046.73 980.796 979.268 1590.63 1341.77 979.123 949.081 936.418 934.747 902.748 900.347 948.036
threshold=5.5255424976348886 2.9327796697616582 1.0000000180025095e-35 6.0000000000000009 1.2333478927612307 3.0000000000000004 1.6053011417388918 -1.0000000180025095e-35 6.0000000000000009 1.2333478927612307 1.0000000180025095e-35 3.7121527194976811 6.6557295322418222 287876.71875000006 2.5623327493667607 -7.5231363773345938 2.3278598785400395 -101519.99999999999 0.63555029034614574 7.7371816635131845 -413107.49999999994 -444337.49999999994 -475727.49999999994 4.1518535614013681 19697.500000000004 1.0658904910087588 2690.504272460938 2695.5026855468755 -0.70163780450820912 -347197.49999999994
decision_type=2 2 2 2 2 2 2 2 2 2 2 2 2 2 2 2 2 2 2 2 2 2 2 2 2 2 2 2 2 2
left_child=1 6 3 23 20 -6 -1 -2 -8 13 11 -11 -9 14 26 16 -15 -16 -17 -12 21 22 -5 -3 -7 -14 -10 -4 -22 -30
right_child=7 2 27 4 5 24 8 12 9 10 19 -13 25 15 17 18 -18 -19 -20 -21 28 -23 -24 -25 -26 -27 -28 -29 29 -31
leaf_value=0.015311752639127183 0.015905406659131826 0.0027962519440647262 -0.012644927370604487 0.022605714108533501 0.0025607561780472761 0.012125135178159191 0.0070669329289318019 0.023096341014496969 0.025893969536172574 0.010173794565180133 -0.0030961838730220476 0.017836714880407431 0.025732884264561509 0.016626132744041101 0.019608516653102172 -0.018138752838455528 -0.041976689057468826 0.05453737038714062 0.017030087394726567 0.0082107496062014378 0.0061410845863939098 0.047303012076120268 -0.0066497110641130551 -0.0058409016521821441 -0.0081734428470332018 0.018137322793350032 0.015854462017975836 -5.8497360529917551e-05 -0.00070782088960173728 0.019212171663562247
leaf_weight=418250.3369628787 189105.26319566369 99233.752675384283 17709.740041062236 48173.649876698852 141874.55599075556 124423.70251505077 174945.39459489286 401171.28278113902 32101.972533121705 248533.78655351698 24024.073429733515 69581.83909124136 46726.116901993752 1388.1044264435768 4303.2290005385876 2370.2231754511595 2028.5107910484076 4742.9375436455011 19636.777613952756 95080.17430870235 22775.821962580085 6049.7132923901081 4265.6571194976568 49020.243648275733 6037.0194742530584 308906.79285523295 83530.862499013543 72833.006194233894 6539.3665168881416 68886.000505775213
leaf_count=1132409 474814 385397 83110 115424 571339 365612 554210 927029 75412 758233 82348 189869 109040 3614 10712 7295 6928 9569 50089 301667 61777 12506 12308 199625 20083 764136 212263 309059 18245 174943
internal_value=0.0137119 0.010407 0.00657532 0.00800195 0.0107877 0.00669255 0.0125746 0.0201696 0.0110727 0.0122659 0.0102373 0.01185 0.0212351 0.0181747 0.0200414 0.00901962 -0.0181681 0.0379264 0.0132414 0.00593002 0.0179052 0.0230273 0.0202258 -5.96128e-05 0.0111857 0.0191354 0.0186419 -0.00252051 0.0148542 0.0174851
internal_weight=2.79425e+06 1.84834e+06 667822 577279 429025 272335 1.18052e+06 945909 762268 587322 437220 318116 756804 150103 124679 25423.6 3416.62 9046.17 22007 119104 156690 58489 52439.3 148254 130461 355633 115633 90542.7 98201.2 75425.4
internal_count=7999065 5724046 2329428 1937259 1352237 957034 3394618 2275019 2262209 1707999 1332117 948102 1800205 375882 307956 67926 10542 20281 57384 384015 395203 140238 127732 585022 385695 873176 287675 392169 254965 193188
is_linear=0
shrinkage=0.05


Tree=26
num_leaves=31
num_cat=0
split_feature=79 79 81 86 78 49 55 78 78 84 55 37 85 94 13 35 54 25 94 44 40 54 54 54 54 85 85 85 55 90
split_gain=21731.6 5843.49 3499.42 4170.04 4681.46 1890.68 2632.03 2284.47 1695.75 1558.44 1284.84 1136.63 1231.1 2136.1 1790.04 1252.38 1187.63 1175.31 1113.98 1086.7 1083.5 2056.29 1462.85 1974.86 1960.98 1888.75 1081.44 1076.77 2533.47 1775.34
threshold=4.6936223506927499 2.8302106857299809 1.0000000180025095e-35 6.0000000000000009 1.2333478927612307 0.16288578510284427 14332.500000000002 1.3076950907707217 3.7121527194976811 -1.0000000180025095e-35 13742.500000000002 4.3546829223632821 0.90000000596046459 4460.2216796875009 0.038782645016908653 -7.2056291103363028 10032.500000000002 1.1944887042045595 2389.119995117188 1.0020928382873537 1.0000000180025095e-35 740567.50000000012 105932.50000000001 155337.50000000003 17702.500000000004 0.90000000596046459 0.90000000596046459 0.90000000596046459 -397617.49999999994 2930.1601562500005
decision_type=2 2 2 2 2 2 2 2 2 2 2 2 2 2 2 2 2 2 2 2 2 2 2 2 2 2 2 2 2 2
left_child=1 5 3 -3 -5 6 7 10 -6 -2 18 12 13 14 -8 -15 17 -13 -1 20 22 27 24 26 -7 -26 -24 28 -22 -29
right_child=9 2 -4 4 8 19 11 -9 -10 -11 -12 16 -14 15 -16 -17 -18 -19 -20 -21 21 -23 23 -25 25 -27 -28 29 -30 -31
leaf_value=-0.030371506870420058 0.015058759567618804 0.00032737099167814661 -0.0031957027950293895 0.016860080357415139 0.0037277088565405639 0.010350122635821465 -0.010593704351069736 0.012375142610834777 0.012868804482445978 0.020114523999988383 0.064091432689653408 0.035465558049238545 0.0083589326349541356 -0.062752848261108315 0.056657219264140905 -0.017199045818833046 -0.012433089159989009 0.0080190354033287722 0.018685776466679252 0.005886036445957676 0.031588716676027979 -0.031149564195244159 0.042910337604325957 0.010336007872408827 -0.015155656656877396 0.0087018848860142273 0.011105405348163296 -0.0054094417825171128 0.012444656597134035 0.016198071556751452
leaf_weight=1162.6017739325762 190040.01026259363 149790.8973646611 88006.079432338476 157882.08613327146 202231.02167062461 46423.108259141445 4071.8188993632793 405649.79197522998 67726.476361021399 770619.885273844 1550.2764472216368 4806.4630558490753 7945.1963504850864 2717.0236742645502 1306.000991910696 3394.652589276433 5493.6393437534571 20684.807433769107 212546.0565789789 139744.41101051867 27474.752077132463 2374.7480514794588 7577.9943581372499 143392.74707466364 20308.070588231087 14023.571974352002 4130.8338835090399 13528.426453128457 46589.771539255977 31967.630138620734
leaf_count=3856 478356 588699 386646 398470 760829 134975 12764 1187156 190166 1841454 3232 12329 23574 10482 2933 10974 17555 60396 562395 413565 69986 8175 18614 415858 65284 41652 12077 43060 132052 91501
internal_value=0.013022 0.00983165 0.00609214 0.00750722 0.0100209 0.0119612 0.0136924 0.0145845 0.00602107 0.0191144 0.018748 0.00270564 -0.00677306 -0.0172374 0.00574472 -0.0374583 0.00865117 0.0131956 0.0184187 0.00962522 0.0110856 0.0149125 0.00910709 0.0119484 0.00364975 -0.00541036 0.031692 0.0158276 0.0195467 0.00977291
internal_weight=2.79516e+06 1.8345e+06 665637 577630 427840 1.16886e+06 671328 620909 269957 960660 215259 50419.6 19434.7 11489.5 5377.82 6111.68 30984.9 25491.3 213709 497536 357792 121935 235856 155102 80754.8 34331.6 11708.8 119561 74064.5 45496.1
internal_count=7999065 5679255 2324810 1938164 1349465 3354445 1907646 1756639 950995 2319810 569483 151007 60727 37153 15697 21456 90280 72725 566251 1446799 1033234 344774 688460 446549 241911 106936 30691 336599 202038 134561
is_linear=0
shrinkage=0.05


Tree=27
num_leaves=31
num_cat=0
split_feature=79 79 77 86 87 55 55 30 55 46 79 55 55 24 25 84 42 55 94 94 13 94 77 50 39 24 94 25 42 25
split_gain=19766.8 5373.97 3763.79 6093.32 2406.21 2366.19 3423.21 2139.92 1881.65 1841.08 1804.37 1598.96 1571.9 1537.69 1422.29 1422.08 1420.96 1451.11 1823.41 3589.15 1326.66 1303.07 1259.27 1225.49 2477.12 1545.6 1223.16 1428.6 1451.21 1349.92
threshold=4.6936223506927499 2.5430867671966557 1.2333478927612307 6.0000000000000009 1.0000000180025095e-35 -413107.49999999994 -444337.49999999994 0.68250000476837169 -475727.49999999994 0.090041030198335661 3.3885325193405156 -484642.49999999994 13077.500000000002 77.358161926269545 0.70017325878143322 -1.0000000180025095e-35 1.0065557956695559 14332.500000000002 4345.0625000000009 4910.0849609375009 0.03582489304244519 5186.3964843750009 1.2333478927612307 -492.49999999999994 -1.1279539465904234 23.558390617370609 4460.2216796875009 2.5623327493667607 0.99024495482444774 2.1896059513092045
decision_type=2 2 2 2 2 2 2 2 2 2 2 2 2 2 2 2 2 2 2 2 2 2 2 2 2 2 2 2 2 2
left_child=1 22 3 16 10 6 8 -8 11 23 -4 -6 21 -9 -10 -2 17 18 -3 -20 -14 -11 -1 25 -25 -7 27 28 -5 -30
right_child=15 2 4 26 5 9 7 13 14 12 -12 -13 20 -15 -16 -17 -18 -19 19 -21 -22 -23 -24 24 -26 -27 -28 -29 29 -31
leaf_value=0.014765475368894311 0.014309229322853194 0.0032567183685392183 0.0034139477372377106 -0.01543567743044804 0.010520014888830729 -0.040813738199014821 0.050948428528609195 0.025046303235177283 0.014729332129462928 0.010128322287437042 -0.0056138624234647362 0.045935823205542486 0.0040388834025355458 -0.047160786513017777 -0.025294050547141862 0.019139956491232051 -0.011637692584086305 -0.01495599753573087 0.032068888213126485 -0.02213122042543117 -0.027538208898236983 0.066967394026986635 0.010779401562566073 0.012575347392975772 -0.0082128078901155845 -0.0056072573756795023 0.0074626760075624451 0.033547644177970772 0.017720740936103953 -0.010362369811099354
leaf_weight=290887.24513307214 189995.88386282325 103663.76636108756 165714.26163004339 3525.1471694856882 94231.195075616241 3487.4308213144541 8694.8527369201183 2777.1693757176399 3411.467669904232 84316.206535533071 83103.005950704217 3297.7760745584965 9601.8175763785839 1002.6674046814442 6349.8664310723543 769396.84169271588 15481.025826901197 9030.9631622582674 14240.349860683084 3887.5268491059542 5087.9594041407108 1019.6287792921066 621579.47153313458 30348.085462093353 27148.933206304908 29320.9818148911 36172.803343325853 12930.004148036242 162035.92928875983 4394.3664165437222
leaf_count=770304 478356 388746 630192 10344 297016 13673 22381 8175 10734 274748 383087 8863 33021 3903 23276 1841454 60609 35889 47163 15942 19644 2284 1784515 96697 93915 101170 98375 29440 402510 12639
internal_value=0.0123665 0.00932816 0.00664092 0.0105873 0.00406118 0.00699989 0.0125059 0.0372957 0.0096232 0.00353519 0.0003987 0.0117181 0.00820771 0.00588339 -0.0113058 0.0181833 0.00268608 0.00438121 0.00581524 0.0204448 -0.00689897 0.0108083 0.0120502 -0.00164023 0.00275954 -0.00935088 0.0158642 0.0175258 0.0163067 0.0169792
internal_weight=2.79613e+06 1.83674e+06 924275 365362 558913 310096 119765 12474.7 107290 190331 248817 97529 100026 3779.84 9761.33 959393 146304 130823 121792 18127.9 14689.8 85335.8 912467 90305.4 57497 32808.4 219058 182885 169955 166430
internal_count=7999065 5679255 3124436 1101657 2022779 1009500 374348 34459 339889 635152 1013279 305879 329697 12078 34010 2319810 548349 487740 451851 63105 52665 277032 2554819 305455 190612 114843 553308 454933 425493 415149
is_linear=0
shrinkage=0.05


Tree=28
num_leaves=31
num_cat=0
split_feature=79 79 86 77 87 90 104 54 54 54 46 55 55 42 79 55 79 90 25 30 42 49 55 104 54 55 22 104 54 22
split_gain=18007.8 4711.37 3264.88 6934.4 3423.29 1938.47 2446.64 1924.65 1555.58 2967.5 1908.4 1784.28 1757.36 1694.64 1535.88 1441.74 1428.11 1419.38 1473.46 1412.67 2353.21 1357.43 1449.35 1741.4 1582.8 1311.72 1706.86 1544.56 1275.56 1368.97
threshold=5.5255424976348886 2.0533512830734257 6.0000000000000009 1.2333478927612307 1.0000000180025095e-35 2921.341430664063 7.8703203201293954 414537.50000000006 414537.50000000006 443322.50000000006 0.090515311807394042 -475727.49999999994 13077.500000000002 1.0035901665687563 6.6557295322418222 -216947.49999999997 3.4530960321426396 2690.504272460938 2.8366353511810307 0.55250000953674328 0.99749496579170238 0.11969653144478799 -235032.49999999997 8.0815291404724139 243347.50000000003 -525842.49999999988 1.5000000000000002 7.7141144275665292 616077.50000000012 1.5000000000000002
decision_type=2 2 2 2 2 2 2 2 2 2 2 2 2 2 2 2 2 2 2 2 2 2 2 2 2 2 2 2 2 2
left_child=1 -1 16 17 5 19 7 -7 10 13 -6 -11 -12 -10 -2 -8 -3 18 25 20 -5 28 24 -24 -23 27 -27 -4 29 -19
right_child=14 2 3 4 8 6 15 -9 9 11 12 -13 -14 -15 -16 -17 -18 21 -20 -21 -22 22 23 -25 -26 26 -28 -29 -30 -31
leaf_value=0.011763062675231709 0.019376624069630404 0.0042006219140878409 0.019598661100215339 0.015215750539506119 0.00038271744199124772 0.053018694151688875 -0.004457026134386477 0.0097231104302627838 0.052492124525812422 0.013762588597540197 0.013403615718250342 -0.010643854204120645 -0.0044224584404514069 6.4033712075008578e-05 0.01533826288419507 0.0053057593541640047 -0.0040815329955003294 0.0076621792191236661 -0.067084348770065666 0.0017252196257694548 -0.016258343340983045 0.071544990386777932 -0.020624482065902977 0.0066319501123794011 0.014099746815588189 0.034302695086251805 -0.029794406144753979 0.038450839706432052 -0.020037915580469249 0.02127893684313905
leaf_weight=805347.08457806706 475230.88221399486 161867.21339759231 37595.467158764601 7078.5309844762087 76066.713897138834 4333.7320546507835 51238.456564545631 6296.1796375364065 7230.2121675014496 78725.652488261461 91829.071482867002 8274.6966226696968 16275.310346499085 1959.0656974166632 466733.4562278837 144351.06144294143 76717.010077029467 24586.993693247437 457.72367778420448 40906.221595913172 36853.673477187753 1243.9247147589922 6865.036809772253 39992.83731110394 32673.145212844014 1752.252792313695 2547.148789152503 15284.611357703805 2267.3190457075834 74079.874824389815
leaf_count=2223219 1115578 574812 89735 27521 245507 12531 209042 23885 17023 233683 276548 27763 54586 6120 1159441 552111 309557 65284 1668 166786 159942 2255 20986 109146 82970 3890 7964 32765 6810 179937
internal_value=0.0117458 0.00888648 0.00667876 0.00819169 0.00519896 0.00140068 0.00401792 0.0273782 0.00914212 0.0142957 0.00645041 0.0114411 0.0107198 0.0413167 0.0173757 0.00274817 0.00153746 0.0153365 0.0221734 -0.00496104 -0.0111868 0.0131677 0.00833663 0.00263821 0.0162088 0.0228891 -0.0036681 0.0250485 0.0170338 0.0178859
internal_weight=2.79666e+06 1.8547e+06 1.04935e+06 810765 571419 291058 206219 10629.9 280361 96189.6 184171 87000.3 108104 9189.28 941964 195590 238584 239346 57637.2 84838.4 43932.2 181709 80774.9 46857.9 33917.1 57179.5 4299.4 52880.1 100934 98666.9
internal_count=7999065 5724046 3500827 2616458 2013048 1151818 797569 36416 861230 284589 576641 261446 331134 23143 2275019 761153 884369 603410 136022 354249 187463 467388 215357 130132 85225 134354 11854 122500 252031 245221
is_linear=0
shrinkage=0.05


Tree=29
num_leaves=31
num_cat=0
split_feature=79 79 86 77 87 49 55 77 79 53 104 36 37 51 37 54 87 37 87 49 54 55 22 54 104 87 94 46 50 94
split_gain=16380.6 4242.29 2535.91 5461.8 2905.75 1656.32 2340.75 1863.89 1414.14 1191.69 1334.78 1602.23 1253.67 1712.31 1148.14 1249.95 2339.68 1271.86 1153.53 1094.02 1282.26 2294.51 1192.66 1169.09 2178.82 1059.98 2122.08 1544.89 1294.14 1053.96
threshold=5.5255424976348886 2.8302106857299809 6.0000000000000009 1.2333478927612307 1.0000000180025095e-35 0.1413247883319855 15532.500000000002 1.3076950907707217 6.6557295322418222 0.6078576147556306 8.4738559722900408 -13.795861244201658 13.192397117614748 32.500000000000007 4.3546829223632821 4152.5000000000009 1.0000000180025095e-35 17.773848533630375 1.0000000180025095e-35 -0.45201864838600153 9807.5000000000018 -101519.99999999999 1.5000000000000002 627572.50000000012 7.612241506576539 1.0000000180025095e-35 4460.2216796875009 0.13042701035737994 -332.49999999999994 2389.119995117188
decision_type=2 2 2 2 2 2 2 2 2 2 2 2 2 2 2 2 2 2 2 2 2 2 2 2 2 2 2 2 2 2
left_child=1 5 -3 -4 9 6 7 29 -2 10 -5 -12 13 -11 25 17 -17 18 -16 20 22 -22 -6 -21 -25 28 27 -27 -8 -1
right_child=8 2 3 4 19 -7 14 -9 -10 12 11 -13 -14 -15 15 16 -18 -19 -20 23 21 -23 -24 24 -26 26 -28 -29 -30 -31
leaf_value=-0.031456809837309078 0.018457792400820551 -0.00034384158259454233 0.014486703276854199 -0.0060255106639623907 -0.035051980481828802 0.0081095712533610694 0.02412564623431011 0.010708195362819707 0.014579695732679199 0.017243324829994081 0.13669573184505165 0.015826911305169288 -0.0034534766014881163 -0.0017027124666643253 0.0039414849257618824 0.020921667715322632 -0.025322180042599007 -0.0033888509621851793 0.038685883979475338 0.0029939888039324045 0.0097422077326594376 0.032246100190078307 0.0059904802262476338 -0.030519781428286954 0.023997523365674497 -0.018047728166399518 -0.039938834289082979 0.03721490819212641 -0.017468464371145496 0.016729141912343173
leaf_weight=1139.9217483252287 473976.20728929341 154080.6987259388 165116.18587009609 88503.026875555515 2308.4240035116673 508568.62039375305 4221.9087240099907 405074.28348970413 466472.89792016149 26015.845845550299 316.88270500302315 1998.3067943155766 39648.030988305807 22017.744188830256 3662.9655088633299 4820.6564654260874 6319.7911366820335 5317.9829337596893 6870.3494415730238 101365.63777281344 41315.317078262568 15605.753014370799 7577.8144379407167 2091.8871174901724 14743.766165196896 3137.7204735428095 5640.3659119904041 2117.0556450784206 3355.3850232511759 213336.32707834244
leaf_count=3803 1115578 604684 416866 394790 8555 1472952 11524 1179196 1159441 101892 651 7903 172155 93928 10862 13422 20961 16178 16847 325447 126105 43294 23852 7454 42025 10108 20138 5216 10965 562273
internal_value=0.0111582 0.0084345 0.00530055 0.00694576 0.00352039 0.0102576 0.0119003 0.0127038 0.0165342 -0.00103071 -0.00504492 0.0324244 0.00312705 0.00855884 0.000949578 0.00752281 -0.00531117 0.0165427 0.0266055 0.00791139 0.0130257 0.0159125 -0.00359495 0.00502066 0.0172219 -0.00865478 -0.0186427 0.0042185 0.00570636 0.0164729
internal_weight=2.79674e+06 1.85629e+06 682705 528625 363508 1.17358e+06 665015 619551 940449 178500 90818.2 2315.19 87681.6 48033.6 45464.2 26991.7 11140.4 15851.3 10533.3 185009 66807.3 56921.1 9886.24 118201 16835.7 18472.4 10895.1 5254.78 7577.29 214476
internal_count=7999065 5724046 2369601 1764917 1348051 3354445 1881493 1745272 2275019 771319 403344 8554 367975 195820 136221 78270 34383 43887 27709 576732 201806 169399 32407 374926 49479 57951 35462 15324 22489 566076
is_linear=0
shrinkage=0.05


Tree=30
num_leaves=31
num_cat=0
split_feature=79 79 49 77 86 41 22 54 54 54 54 54 54 94 54 22 25 85 22 104 24 54 54 54 104 37 44 54 79 49
split_gain=14787.3 4212.14 2844.26 2053.93 2353.77 1844.78 1927.82 3206.44 3826.6 3200.52 3138.79 1950.34 5618.19 2810.72 1700.18 2187.63 1671.39 1593.65 1794.35 2243.66 1765.76 1758.92 1742.22 3120.67 2776.06 2589.48 2447.41 1811.66 1434.9 1367.19
threshold=5.5255424976348886 2.0533512830734257 0.16288578510284427 1.3076950907707217 6.0000000000000009 1.002182185649872 1.5000000000000002 105932.50000000001 155337.50000000003 738072.50000000012 17702.500000000004 396612.50000000006 445617.50000000006 4208.1821289062509 647932.50000000012 1.5000000000000002 3.8669574260711674 0.90000000596046459 1.5000000000000002 7.6943998336792001 58.70501899719239 598067.50000000012 8922.5000000000018 101132.50000000001 8.0788393020629901 -1.8050652146339414 1.0063812136650088 4152.5000000000009 6.6557295322418222 -0.7866188883781432
decision_type=2 2 2 2 2 2 2 2 2 2 2 2 2 2 2 2 2 2 2 2 2 2 2 2 2 2 2 2 2 2
left_child=1 -1 3 4 14 6 9 10 -9 11 -8 13 -13 -4 -3 -16 -10 22 20 -20 21 -19 25 26 -25 -5 -24 -27 -2 -21
right_child=28 2 5 17 -6 -7 7 8 16 -11 -12 12 -14 -15 15 -17 -18 18 19 29 -22 -23 23 24 -26 27 -28 -29 -30 -31
leaf_value=0.010740571367641201 0.017666893030990442 0.0081483396212775807 -0.0020013977125351626 -0.044534366575019899 0.016169382617005922 -0.0029217148536905459 0.0021279421418114119 0.034078806715062478 0.0033233032725195886 -0.042453295295375004 -0.018927323934541048 0.055041288381959132 0.010700339240300628 0.018621268146245883 0.020077354826690822 -0.030224402255076662 0.059118207753635993 0.013812964793085587 -0.023708966468812088 -0.0061917337955430893 0.00025181422650305996 0.049949489169949263 0.017413248325468908 0.0090483677134375728 -0.0162764527953531 0.012572391385073146 0.051744648738086978 -0.014813891568351049 0.013755851202037546 0.0054118668537886643
leaf_weight=807658.18986898661 472439.89496958256 82973.580484136939 43696.528852313757 3242.998598664999 134521.16490708292 103307.23022212088 42308.110947668552 11279.410639852285 143567.83181488514 2859.0969280004501 30430.370046257973 8771.926984667778 38475.41548396647 26566.321540459991 3205.2317985743284 6632.3411330580711 1353.9184504002333 20977.806863516569 9987.4942247420549 40633.87730678916 22263.451458021998 4010.8912829905748 41237.005254969001 117040.76039473712 11922.605475693941 16940.006728932261 5938.5144008249044 9382.6647551804781 465781.05045747757 67642.398107275367
leaf_count=2223615 1114450 290878 151322 12762 332886 362395 146701 33636 486411 11497 114446 22597 123817 84740 11126 28921 3599 75582 45299 164952 87723 13194 125287 366928 41508 53039 15287 32846 1159085 263831
internal_value=0.0106081 0.00802522 0.00593889 0.00820058 0.0119434 0.00294794 0.0046839 0.00199049 0.00602844 0.00980661 -0.00668066 0.0110785 0.0189338 0.0057961 0.00581808 -0.0138344 0.003845 0.00590846 0.00225622 -0.00103446 0.0104922 0.0196151 0.00884711 0.0107323 0.00670695 -0.00238407 0.021736 0.00281022 0.0157253 0.00105721
internal_weight=2.79705e+06 1.85883e+06 1.05117e+06 598553 227332 452616 349309 228940 156201 120369 72738.5 117510 47247.3 70262.9 92811.2 9837.57 144922 371220 165516 118264 47252.1 24988.7 205705 176139 128963 29565.7 47175.5 26322.7 938221 108276
internal_count=8000360 5726825 3503210 1962049 663811 1541161 1178766 784793 523646 393973 261147 382476 146414 236062 330925 40047 490010 1298238 650581 474082 176499 88776 647657 549010 408436 98647 140574 85885 2273535 428783
is_linear=0
shrinkage=0.05


Tree=31
num_leaves=31
num_cat=0
split_feature=79 79 86 77 81 86 77 81 104 24 77 53 54 77 54 22 104 25 37 94 55 55 79 55 77 74 86 77 26 49
split_gain=13469.8 4159.73 2283.59 3258.64 1750.8 1774.58 1852.52 1621.23 1704.24 1718.61 1681.16 1671.67 1426.37 1435.71 1410.43 1390.21 1854.1 1510.35 1288.36 1251.97 1236.4 1236.32 1215.69 1134.32 1113.97 1038.87 1175.02 978.423 975.39 935.523
threshold=4.6936223506927499 3.8695982694625859 6.0000000000000009 1.2333478927612307 1.0000000180025095e-35 6.0000000000000009 1.2333478927612307 1.0000000180025095e-35 7.7371816635131845 77.358161926269545 3.7121527194976811 1.0000000180025095e-35 1837.5000000000002 0.83046793937683117 797.50000000000011 1.5000000000000002 8.3785800933837908 2.3621916770935063 21.737418174743656 5130.2651367187509 14332.500000000002 -685712.49999999988 6.6557295322418222 -525842.49999999988 3.0000000000000004 6.0447204113006601 6.0000000000000009 1.0658904910087588 -0.70163780450820912 -0.22706275433301923
decision_type=2 2 2 2 2 2 2 2 2 2 2 2 2 2 2 2 2 2 2 2 2 2 2 2 2 2 2 2 2 2
left_child=1 2 20 12 5 -3 -7 10 9 11 -5 -9 14 -14 18 16 -10 -17 19 -4 21 -1 25 -12 -8 26 -2 -24 -15 -16
right_child=22 4 3 7 -6 6 24 8 15 -11 23 -13 13 28 29 17 -18 -19 -20 -21 -22 -23 27 -25 -26 -27 -28 -29 -30 -31
leaf_value=-0.0052797172012587247 -0.019800545942637259 -0.0032579545052027828 0.027859810290677845 0.0079706711043237271 -0.0072544696705222275 0.012737894012711954 -0.0018049083861937237 -0.016397288001294315 0.015756937715065613 -0.018771122531134925 0.022202890617922549 0.0088866323577885108 0.011386132895988416 0.010467430050895538 -0.0021763757364017242 0.0056675120663399539 -0.016198512976415776 -0.011334865837553205 -0.04789856137942973 -0.068283100410103603 -0.0060272944427865573 0.0067237568576363196 0.017947531196337838 0.01165682048331396 0.0073696489097852596 0.016998546774781607 0.014189842215533335 0.011998214849598 0.020179931848435698 -0.0400674321935727
leaf_weight=23266.839641913772 4090.9753892272711 67190.277718096972 5499.333853662014 495984.21218027174 41485.956144362688 69436.896362811327 68061.949721723795 8912.1139822751284 53299.700223535299 13899.981240391731 33436.889378771186 24524.470366403461 175799.35252192616 33161.971326813102 3767.7274024933577 115270.7185985148 4960.8408058136702 14729.745392456651 743.16263748705387 359.85430958867073 23923.1381393224 274775.96547594666 84432.306936055422 107421.84487560391 64381.397980004549 476406.42537429929 6713.891511797905 381022.66031941772 117328.60461544991 2869.3235068619251
leaf_count=81689 16291 270462 13060 1519040 193275 176160 284542 32815 162871 51415 85589 80511 454822 83907 10518 373270 17090 50751 2510 1304 81127 879338 203796 294613 190192 1126341 16738 955289 281476 9558
internal_value=0.010077 0.00758346 0.00865185 0.0096462 0.0023063 0.00378044 0.00612301 0.00802878 0.00448502 -0.00399554 0.00933976 0.00214707 0.0138022 0.014455 -0.0022858 0.00661742 0.0130356 0.00374094 0.0140752 0.0219435 0.00490882 0.00578667 0.014905 0.0141604 0.00265488 0.0166508 0.00131918 0.0130775 0.0180398 -0.0185617
internal_weight=2.79716e+06 1.84449e+06 1.53394e+06 1.21197e+06 310556 269071 201880 872441 235598 47336.6 636843 33436.6 339529 326290 13239.4 188261 58260.5 130000 6602.35 5859.19 321966 298043 952666 140859 132443 487211 10804.9 465455 150491 6637.05
internal_count=8000360 5681905 4567274 3525120 1114631 921356 650894 2667965 768723 164741 1899242 113326 857155 820205 36950 603982 179961 424021 16874 14364 1042154 961027 2318455 380202 474734 1159370 33029 1159085 365383 20076
is_linear=0
shrinkage=0.05


Tree=32
num_leaves=31
num_cat=0
split_feature=79 79 81 86 77 84 54 54 77 38 85 54 99 31 54 25 25 87 86 54 54 104 25 55 55 53 55 53 24 25
split_gain=12252.6 3824.1 2700.89 2703.18 2981.77 1328.08 1312.59 1493.15 1283.49 1238.02 2048.26 1190.48 1561.23 1314.99 1338.62 1331.8 1237.37 1156.92 1977.13 1743.49 2122.99 1882.34 2251.22 1861.33 1630.44 1577.26 1515.12 1322.29 1688.24 1630.51
threshold=4.6936223506927499 2.546587467193604 1.0000000180025095e-35 6.0000000000000009 1.2333478927612307 -1.0000000180025095e-35 2482.5000000000005 797.50000000000011 3.7121527194976811 -3.299424290657043 0.90000000596046459 7542.5000000000009 240326.33593750003 710.85681152343761 222852.50000000003 2.9390091896057133 1.5103238821029665 1.0000000180025095e-35 6.0000000000000009 630062.50000000012 616077.50000000012 7.7159104347229013 1.997237026691437 -667847.49999999988 -720089.99999999988 1.0000000180025095e-35 24342.500000000004 0.6078576147556306 64.229034423828139 1.1048839092254641
decision_type=2 2 2 2 2 2 2 2 2 2 2 2 2 2 2 2 2 2 2 2 2 2 2 2 2 2 2 2 2 2
left_child=1 6 3 -3 11 -2 7 -1 -6 10 -9 12 -5 15 -15 -13 -14 24 -19 20 26 22 -21 -23 25 -8 -20 -26 29 -29
right_child=5 2 -4 4 8 -7 17 9 -10 -11 -12 13 16 14 -16 -17 -18 18 19 21 -22 23 -24 -25 27 -27 -28 28 -30 -31
leaf_value=0.013085818467479377 0.010436221410004725 0.0012067645080370653 -0.0022769399632229215 0.068733152811078724 0.0033870379625753192 0.015116996672577088 -0.038352442925264199 -0.036046165781918424 0.010480166092895805 0.0022707689368846539 0.0066245599895489995 0.015284238092643088 -0.011396975068230834 -0.0043612873494045376 0.012375341626121639 0.037033901304007029 0.010499232041927008 0.0066887001959602 0.012876237833519519 0.014053819434500179 -0.019867253466960822 -0.037130769287410867 0.069310356706681425 0.045210146085042389 0.0051410287626508155 0.0011627554432010064 -0.018175672353993845 0.0094240755565775016 0.0054565298756689218 0.022948551758964198
leaf_weight=20358.72883798182 189197.31854429841 219674.26021505892 114382.39831958711 860.20607043802738 285438.60409370065 761767.17679858208 3552.4870660752058 6451.3238379955292 82126.956149667501 26179.905143231153 4984.4059013426304 124577.42537672818 12073.631426230073 16916.720050171018 40659.991817593575 7459.9223142117262 13855.288648605347 159446.13046437502 322868.86554452777 37415.322575092316 5145.4242839366198 732.95694114267826 1937.9504188746214 10617.570688381791 161575.62557323277 8726.8418121188879 3975.7698791474104 45311.03349417448 64485.307702213526 43861.536508858204
leaf_count=56459 478087 818315 479455 1563 1022549 1840368 12561 22167 227944 76208 14544 309274 35289 47047 101552 16545 36569 462695 856788 96874 15659 2391 3650 23195 470593 26074 12461 128314 187042 118128
internal_value=0.00957512 0.0071995 0.00491167 0.00593483 0.0077134 0.0141858 0.00946363 0.00217893 0.00497193 -0.00372427 -0.0174482 0.0123698 0.00250314 0.0137637 0.00745784 0.0165134 0.000303168 0.00994925 0.0113667 0.0133158 0.0119967 0.0219516 0.0167767 0.0398898 0.00760281 -0.010271 0.0124984 0.0082991 0.0116198 0.0160766
internal_weight=2.79662e+06 1.84565e+06 918025 803643 583969 950964 927627 57974.4 367566 37615.6 11435.7 216403 26789.1 189614 57576.7 132037 25928.9 869653 542140 382694 331990 50703.8 39353.3 11350.5 327513 12279.3 326845 315234 153658 89172.6
internal_count=8000360 5681905 3096102 2616647 1798332 2318455 2585803 169378 1250493 112919 36711 547839 73421 474418 148599 325819 71858 2416425 1473713 1011018 884908 126110 100524 25586 942712 38635 869249 904077 433484 246442
is_linear=0
shrinkage=0.05


Tree=33
num_leaves=31
num_cat=0
split_feature=79 79 49 55 90 46 77 55 81 86 77 41 37 37 85 54 90 40 54 54 54 54 85 25 85 81 79 39 25 54
split_gain=11138 3578.94 2133.67 3088.01 1956.78 1988.82 1885.43 1708.09 1502.98 1720.38 1664.11 1444.39 1314.94 1758.23 2073.77 1867.02 1340.82 1290.09 2684.55 2293.05 2633.45 2546.64 2151.81 1410.12 1398.94 1197.37 1120.64 1105.45 1445.53 1044.39
threshold=4.6936223506927499 3.4530960321426396 0.16288578510284427 14332.500000000002 2389.119995117188 0.079963020980358138 1.3076950907707217 13742.500000000002 1.0000000180025095e-35 6.0000000000000009 1.2333478927612307 1.002182185649872 4.3546829223632821 17.773848533630375 0.90000000596046459 3947.5000000000005 5129.9294433593759 1.0000000180025095e-35 740567.50000000012 105932.50000000001 155337.50000000003 17702.500000000004 0.90000000596046459 3.8669574260711674 0.90000000596046459 1.0000000180025095e-35 6.6557295322418222 1.1941511034965517 1.3461335301399233 10032.500000000002
decision_type=2 2 2 2 2 2 2 2 2 2 2 2 2 2 2 2 2 2 2 2 2 2 2 2 2 2 2 2 2 2
left_child=1 2 3 4 5 -1 7 -6 9 -3 -11 17 -5 15 16 25 -15 19 27 21 24 -4 -23 -22 -21 -14 -2 28 -19 -16
right_child=26 8 11 12 6 -7 -8 -9 -10 10 -12 -13 13 14 29 -17 -18 18 -20 20 23 22 -24 -25 -26 -27 -28 -29 -30 -31
leaf_value=0.014836508787036549 0.015181750518121316 -0.0032502840238263103 0.0057940059961076734 -0.010058077521694598 0.01343767494953089 -0.049830435771693292 0.0087034338220123627 0.059473051653567026 -0.0068201885363160025 0.011432190223896974 0.0022495197382020483 0.0014319321089831328 0.030873345578039991 -0.033010217957742567 0.021048220541696833 -0.0018180885111856269 0.036325745489398098 0.019326755380103283 -0.034494003683670803 0.038208209251411711 0.0061470871669371662 -0.018557268180849681 0.0032696816994631016 0.048594633181380076 0.0078155440697550895 -0.012757892437325237 0.011745095661220433 0.0062892641011650548 0.0069772397212095666 -0.038977732385862419
leaf_weight=2119.220925822854 484710.38491852582 72860.917012795806 63699.085069730878 24879.167136967182 283097.34971605241 2706.2876848727465 518481.3692125082 2028.5599643439054 41414.807085588574 78477.570680320263 132881.10439367592 152882.41891734302 11796.767132297158 7236.796095892787 5136.1539200246334 12299.941827967763 770.70005866885185 63116.897178798914 3243.0979296863079 10601.984600797296 197868.61272774637 27462.352860555053 19174.826890945435 1975.1535353660583 5890.7554566115141 1813.5023895800114 464658.69132167101 63935.443133607507 37943.377952814102 842.65601415932178
leaf_count=6173 1159370 294341 193260 81062 767205 10314 1573110 4280 193659 199070 475812 471818 30797 25338 14807 38334 1996 177759 11769 26668 596934 91527 60349 4773 17766 6234 1159085 190777 112855 3118
internal_value=0.00909846 0.00683572 0.00785421 0.0094672 0.0103089 -0.0214324 0.0104995 0.0137654 0.00207844 0.00337513 0.00565911 0.00567993 -0.00103699 0.00458847 -0.00969733 0.0123002 -0.0263325 0.00699216 0.0105494 0.00516011 0.00815178 -0.00070563 -0.00958316 0.00656688 0.0273542 0.0250588 0.0134997 0.011435 0.0146903 0.0125822
internal_weight=2.79601e+06 1.84664e+06 1.521e+06 873208 808433 4825.51 803607 285126 325634 284220 211359 647794 64775.7 39896.5 13986.3 25910.2 8007.5 494912 168239 326673 216337 110336 46637.2 199844 16492.7 13610.3 949369 164996 101060 5978.81
internal_count=8000360 5681905 4519023 2562768 2361082 16487 2344595 771485 1162882 969223 674882 1956255 201686 120624 45259 75365 27334 1484437 493160 991277 646141 345136 151876 601707 44434 37031 2318455 481391 290614 17925
is_linear=0
shrinkage=0.05


Tree=34
num_leaves=31
num_cat=0
split_feature=80 80 49 55 55 54 25 7 99 55 25 48 54 55 39 25 54 55 22 25 54 25 54 81 87 55 49 37 37 54
split_gain=10143.4 3231.45 2422.72 2962.99 2007.9 2456.81 3082.38 2449.48 1936.27 3373.15 1933.55 1847.21 1837.2 3418.19 2524.89 2231.19 1991.08 7659.22 3815.95 2232.2 1765.07 1997.91 1835.52 1637.65 1617.51 1588.79 1501.94 1377.19 2145.52 2000.13
threshold=5.5255424976348886 2.0533512830734257 0.16288578510284427 14332.500000000002 -103939.99999999999 8922.5000000000018 2.9390091896057133 0.010397274047136308 202655.77343750003 -176172.49999999997 2.7928394079208378 -0.90159028768539418 627572.50000000012 -737852.49999999988 -5.8494420051574698 1.4635180830955508 443322.50000000006 -397617.49999999994 1.5000000000000002 3.8669574260711674 488382.50000000006 1.7581230998039248 463417.50000000006 1.0000000180025095e-35 1.0000000180025095e-35 -455582.49999999994 0.94331136345863353 4.3546829223632821 18.058127403259281 4152.5000000000009
decision_type=2 2 2 2 2 2 2 2 2 2 2 2 2 2 2 2 2 2 2 2 2 2 2 2 2 2 2 2 2 2
left_child=1 -1 3 4 7 10 11 8 9 -3 -6 -7 16 15 -15 -14 17 18 -4 -19 22 -22 25 -20 -10 -18 -21 -5 29 -29
right_child=-2 2 12 27 5 6 -8 -9 24 -11 -12 -13 13 14 -16 -17 20 19 23 26 21 -23 -24 -25 -26 -27 -28 28 -30 -31
leaf_value=0.0088902367373328278 0.01290437961676472 0.0065881226937589514 0.053907961041579217 -0.01697440770781411 0.0069734237621370161 -0.0017037748603610668 0.03660804729050645 -0.024307531417253992 0.007706804087800629 0.03993844279809567 -0.02056071540403832 0.015859273149929045 -0.027395044877135684 0.034286821275065688 0.0089458800908582721 0.021265994782203507 0.023740698672099152 -0.00082603594843414147 0.018966747130574012 0.02671407189142469 0.00034947544962507737 -0.035460432191250411 -0.033405571593895254 -0.036638186510030805 -0.014748579187621152 -0.020052819706646297 -0.014237202508699351 0.026125601777724463 -0.018729223318858481 -0.0075859767490221389
leaf_weight=809892.00461688638 931689.84292377532 329522.73187296093 9767.2324046045542 16844.619862988591 47281.427001059055 17901.040213942528 15803.170019477606 6686.2880220860243 13797.247212827206 7759.535059094429 7368.8438110649586 91450.159197986126 8823.5163373798132 12968.478300064802 40611.190794870257 3212.540139362216 3467.5642290711403 272169.00240172446 11674.6419968009 12055.502970501781 54725.913997083902 4192.4700006395578 10729.156353786588 1492.5319649428129 19147.341389417648 5139.114506945014 2748.8168612569571 9991.6890837997198 8934.8518936485052 7860.3194912523031
leaf_count=2223615 2273535 1079921 24516 61976 154966 60657 43362 24800 47212 21614 26326 284392 34260 37450 131742 10128 10677 943708 34613 36022 184488 16426 41454 6671 65887 19119 9887 29939 33239 27758
internal_value=0.00864442 0.00651516 0.00469036 0.00677435 0.00775772 0.0121053 0.0159674 0.00568369 0.00622541 0.00735551 0.00326042 0.0129841 0.00193322 0.00967116 0.01508 -0.0144058 0.000625148 0.00242463 0.030229 0.000202445 -0.00650118 -0.00219913 -0.0196089 0.0126611 -0.00534413 -0.00240746 0.0191096 -0.0057728 0.00127138 0.0112824
internal_weight=2.79571e+06 1.86402e+06 1.05413e+06 600349 556718 179805 125154 376913 370227 337282 54650.3 109351 453778 65615.7 53579.7 12036.1 388162 309908 22934.4 286973 78254.2 58918.4 19335.8 13167.2 32944.6 8606.68 14804.3 43631.5 26786.9 17852
internal_count=8000360 5726825 3503210 1962049 1809137 569703 388411 1239434 1214634 1101535 181292 345049 1541161 213580 169192 44388 1327581 1055417 65800 989617 272164 200914 71250 41284 113099 29796 45909 152912 90936 57697
is_linear=0
shrinkage=0.05


Tree=35
num_leaves=31
num_cat=0
split_feature=79 79 86 77 81 79 86 77 87 55 53 54 54 54 12 77 84 99 22 55 50 37 94 77 42 55 45 54 35 77
split_gain=9370.66 3182.31 1892.73 2773.94 1371.72 1355.07 1342.77 1458.77 1257.62 1645.65 1646.75 1577.93 1452.32 2503.99 1497.25 1239.93 1221.03 1071.34 1065.38 1098.07 1060.46 1462.23 1167.16 1118.8 1021.91 1019.31 934.936 900.185 867.978 860.997
threshold=4.6936223506927499 3.8695982694625859 6.0000000000000009 1.2333478927612307 1.0000000180025095e-35 1.4324970841407778 6.0000000000000009 1.2333478927612307 1.0000000180025095e-35 -720089.99999999988 1.0000000180025095e-35 715402.50000000012 414537.50000000006 443322.50000000006 0.020425245165824894 0.83046793937683117 -1.0000000180025095e-35 120996.18750000001 1.5000000000000002 -656372.49999999988 -607.49999999999989 -3.2627964019775386 4722.6186523437509 1.3076950907707217 0.98790717124938976 -525842.49999999988 1.0021300911903384 699987.50000000012 -17.91408538818359 3.0000000000000004
decision_type=2 2 2 2 2 2 2 2 2 2 2 2 2 2 2 2 2 2 2 2 2 2 2 2 2 2 2 2 2 2
left_child=1 2 18 15 6 -5 -3 -8 9 10 -7 -11 14 -14 -10 -4 -2 24 20 28 27 -22 23 -23 -17 -26 -21 -1 -20 -9
right_child=16 4 3 5 -6 8 7 29 12 11 -12 -13 13 -15 -16 17 -18 -19 19 26 21 22 -24 -25 25 -27 -28 -29 -30 -31
leaf_value=0.0032221270587799405 0.0086294652377056271 -0.0033327441930124033 0.0089972427574662051 0.009634745359603597 -0.007007569975390579 -0.042214225170298547 0.010704545953189197 -0.0021581662471543681 -0.00094890726382731115 0.0035397358345148401 -0.0029505209849756226 0.040156947599909107 0.036856523592097422 0.0099536962501193954 0.0083307260542557927 -0.080096904672498817 0.013125625079776283 0.012848498810312806 0.057652007973444552 0.0046988239356874368 -0.019229964340533357 0.020984313165138574 -0.01419489979871978 0.0059551868103358907 0.025922805913085753 -0.0074268192812410724 -0.0034813421044852613 -0.031091140043280403 -0.010423425926947626 0.0059002492452476666
leaf_weight=36276.153418451548 188609.90050007403 67147.158374682069 183137.48564431071 243099.01466445625 41162.476065218449 3747.9823494702578 69362.997766301036 68226.197062402964 66844.777762338519 324663.81995525956 9284.2047083824873 2968.0387784540653 9550.8376072794199 91572.172588929534 124289.73483298719 238.58156403899193 757612.08819144964 121323.67868646979 477.74675185978413 157125.6464767009 3527.8867797553539 35325.52267344296 3468.6054653078318 19069.584752812982 31956.343962326646 2467.4850858300924 44913.157603725791 2016.6788965165615 21329.209865123034 64464.904547020793
leaf_count=116744 477805 270553 475550 659353 193160 16191 176276 284088 205625 1092555 33777 8843 23194 262789 365098 881 1840794 302046 1277 502910 12323 103886 12085 60147 72243 6727 148704 7656 76659 190169
internal_value=0.00818254 0.00611158 0.00704319 0.00794806 0.001493 0.00646166 0.00279283 0.00482853 0.00524289 0.00317847 -0.0142453 0.00387159 0.00764921 0.012495 0.00508538 0.0117877 0.0122294 0.0150637 0.00364456 0.0017298 0.00794412 0.012017 0.0139225 0.0157158 0.0228163 0.023532 0.00288034 0.00141414 -0.00892922 0.00175681
internal_weight=2.79526e+06 1.84904e+06 1.53867e+06 1.21514e+06 310364 876021 269201 202054 632922 340664 13032.2 327632 292258 101123 191135 339124 946222 155986 323530 223846 99684.4 61391.6 57863.7 54395.1 34662.4 34423.8 202039 38292.8 21807 132691
internal_count=8000108 5681509 4567263 3524872 1114246 2667425 921086 650533 2008072 1151366 49968 1101398 856706 285983 570723 857447 2318599 381897 1042391 729550 312841 188441 176118 164033 79851 78970 651614 124400 77936 474257
is_linear=0
shrinkage=0.05


Tree=36
num_leaves=31
num_cat=0
split_feature=79 49 55 90 77 55 46 79 37 87 53 25 54 86 7 48 36 54 104 77 87 54 55 39 25 25 37 8 24 40
split_gain=8522.15 2891.2 3233.44 2225.63 2194.25 2300.39 2193.35 2010.27 1661.05 2493.88 2973.23 1752.82 1890.16 1651.27 2114.9 1643.25 1638.37 1583.01 1438.86 1429.65 1791.84 1413.66 2433.58 1735.3 1533.25 1393.31 1347.73 1861.9 1390.57 1345.55
threshold=5.5255424976348886 0.1413247883319855 14332.500000000002 2389.119995117188 1.3076950907707217 13742.500000000002 0.079566035419702544 3.0177154541015629 -4.5600986480712882 1.0000000180025095e-35 0.87837970256805431 5.1571481227874765 4152.5000000000009 6.0000000000000009 0.010397274047136308 -0.22706275433301923 -27.472447395324703 7882.5000000000009 8.3372039794921893 3.7121527194976811 1.0000000180025095e-35 627572.50000000012 -737852.49999999988 -5.8494420051574698 1.620368540287018 3.8669574260711674 18.485517501831058 0.005258026299998165 86.703628540039077 1.0000000180025095e-35
decision_type=2 2 2 2 2 2 2 2 2 2 2 2 2 2 2 2 2 2 2 2 2 2 2 2 2 2 2 2 2 2
left_child=1 2 3 6 5 13 -1 -3 9 15 -11 12 26 14 -5 -4 -14 -15 -18 -6 -21 25 24 -24 -23 29 27 -10 -28 -9
right_child=-2 7 8 4 19 -7 -8 21 11 10 -12 -13 16 17 -16 -17 18 -19 -20 20 -22 22 23 -25 -26 -27 28 -29 -30 -31
leaf_value=0.012258264351606672 0.011690535340450899 0.0054259075384554276 0.029805346420433629 0.0080264472665769332 0.0052841326448748891 0.059637658035756505 -0.049770756665905067 -0.0047394568553309592 0.022947030898378011 -0.060634446140109169 0.030085016770112258 -0.051353634726413112 0.047684697794963302 0.00030942908376757519 -0.030401321214609353 -0.032135877794951376 -0.020861518590419379 0.015385665861479485 0.00067816118138199096 0.004798210583812708 0.015310992220872302 -0.027826629191356513 0.034399307917667925 0.0080506170868877066 0.030054289308386984 0.017773153349317731 -0.021480406329056071 -0.01011286394713653 0.024501603409820272 0.0031618804525373428
leaf_weight=2537.1791926771402 928568.67871326208 525384.26415424049 2858.4756907969713 129488.62294830382 453858.80406440794 2482.1290250569582 3249.2979730814695 153357.19343785942 19901.861891135573 4616.2165203392506 1122.0600094497204 1584.2177102714777 1328.1630316078663 19108.292680487037 3681.2635885328054 1710.6768454015255 14068.682958126068 196173.51365146041 17268.739182293415 71941.959895461798 92846.621580287814 6102.0552327185869 8266.4048461467028 25599.979043617845 1407.1861422806978 9292.70959430933 5531.470856949687 5417.4107302129269 2338.4637783765793 83064.393679007888
leaf_count=7639 2273653 1517109 8084 418409 1456794 5263 12877 563376 56081 18749 2982 6280 3443 51222 13911 6407 48950 480566 55182 244646 243944 25075 24624 86918 4373 29612 19296 17856 6718 290069
internal_value=0.00777654 0.00582839 0.00755729 0.0083395 0.00852402 0.0116822 -0.0225748 0.00358741 -0.00225578 -0.0209487 -0.0428922 0.000601462 0.00185214 0.0113404 0.00696392 0.00661169 -0.00668612 0.0140475 -0.0089921 0.0067325 0.0107215 0.000222884 0.00877298 0.014483 -0.0169769 -0.00121687 0.0102558 0.0158731 -0.00781535 -0.00196338
internal_weight=2.79416e+06 1.86559e+06 1.05311e+06 975368 969581 350934 5786.48 812474 77746.4 10307.4 5738.28 67439 65854.8 348452 133170 4569.15 32665.6 215282 31337.4 618647 164789 287090 41375.6 33866.4 7509.24 245714 33189.2 25319.3 7869.93 236422
internal_count=8000108 5726455 3185299 2935271 2914755 969371 20516 2541156 250028 36222 21731 213806 207526 964108 432320 14491 107575 531788 104132 1945384 488590 1024047 140990 111542 29448 883057 99951 73937 26014 853445
is_linear=0
shrinkage=0.05


Tree=37
num_leaves=31
num_cat=0
split_feature=79 79 86 77 87 90 94 54 54 54 38 99 25 55 94 37 55 25 54 22 25 54 90 55 26 55 53 37 36 22
split_gain=7744.83 2703.95 2398.5 4187.26 2117.59 2125.5 3091.2 1998.81 1742.01 2246.88 1938 1803.71 2205.42 1828.05 1458.54 2149.26 2080.74 1993.51 2037.81 2865.62 1869.18 1582.93 1535.96 1602.1 1445.29 1398.58 1397.54 2892.56 2151.97 1364.36
threshold=5.5255424976348886 1.6053011417388918 6.0000000000000009 1.2333478927612307 1.0000000180025095e-35 2921.341430664063 3030.151489257813 414537.50000000006 630062.50000000012 616077.50000000012 -11.160114288330076 117582.12890625001 1.997237026691437 -667847.49999999988 4460.2216796875009 3.9589381217956547 19697.500000000004 2.5623327493667607 101132.50000000001 2.5000000000000004 0.63555029034614574 2782.5000000000005 2690.504272460938 -525842.49999999988 -0.83084198832511891 -216947.49999999997 1.0000000180025095e-35 3.2358710765838627 2.4171972274780278 1.5000000000000002
decision_type=2 2 2 2 2 2 2 2 2 2 2 2 2 2 2 2 2 2 2 2 2 2 2 2 2 2 2 2 2 2
left_child=1 -1 -3 14 5 26 7 -7 9 10 -6 12 -10 -13 17 16 -16 22 21 -20 29 -19 23 -4 -24 -8 28 -28 -5 -17
right_child=-2 2 3 4 8 6 25 -9 11 -11 -12 13 -14 -15 15 20 -18 18 19 -21 -22 -23 24 -25 -26 -27 27 -29 -30 -31
leaf_value=0.0090555357070139578 0.011125031600743809 0.00074546573987069277 0.019389328398691747 -0.020119347551773619 -0.0085403415750021743 0.046966573626671379 -0.0034705468333019935 0.010493802082573271 0.0073753918359584711 -0.026740322447753498 0.0066462560415839053 -0.041446844315633655 0.062970017652764942 0.037487091204785709 -0.004575816361655936 0.0244550174393545 -0.054512225838937549 -0.020115318103569188 -0.01635106275082196 0.041497291060781788 0.012690981903452223 0.050896235458253503 -0.0016404876169409726 -0.0098330214436875424 0.010486483512270868 0.0044721693913691574 0.018788968010220577 -0.005033947852606975 0.0084133066437259915 -0.039473370137905139
leaf_weight=421883.72055920959 927021.18585628271 327867.76496377587 63404.546302959323 25638.007893800735 22557.532467097044 6302.498491153121 75325.650108769536 9299.5077236443758 39078.499018847942 5458.37414675951 305509.06938005984 785.51470659673214 1868.2749518454075 10906.239897415042 9746.9686066508293 1136.9802907407284 2653.2444812357426 864.05552573502064 4591.6929980367422 4008.9996223449707 33527.48216059804 8490.3384840935469 29808.202143594623 5064.1180410832167 139765.7345418781 209746.56565089524 15401.145861789584 73768.612980350852 8902.1288800090551 3130.6464919000864
leaf_count=1132345 2273653 1140070 149043 104954 72142 16826 278839 31900 113724 18522 908619 2826 4005 27098 27263 2812 9720 2554 13264 8410 85084 16670 80415 14130 353902 735322 52346 280598 32560 10492
internal_value=0.00738935 0.00553397 0.00450552 0.00560944 0.00372765 0.00128977 0.00355952 0.0252295 0.00640678 0.0050726 0.005602 0.01486 0.0099136 0.0321804 0.0105908 0.00279738 -0.0152645 0.0121189 0.0281843 0.0106146 0.0087237 0.044335 0.010907 0.0172278 0.00835474 0.00237341 -0.00422673 -0.000919101 -0.0127654 -0.0224387
internal_weight=2.79351e+06 1.86649e+06 1.44461e+06 1.11674e+06 810548 424384 300674 15602 386164 333525 328067 52638.5 40946.8 11691.8 306193 50195.3 12400.2 255998 17955.1 8600.69 37795.1 9354.39 238043 68468.7 169574 285072 123710 89169.8 34540.1 4267.63
internal_count=8000108 5726455 4594110 3454040 2680281 1533345 1062887 48726 1146936 999283 980761 147653 117729 29924 773759 135371 36983 638388 40898 21674 98388 19224 597490 163173 434317 1014161 470458 332944 137514 13304
is_linear=0
shrinkage=0.05


Tree=38
num_leaves=31
num_cat=0
split_feature=79 79 30 90 54 54 37 85 36 55 55 85 54 22 54 55 55 55 81 22 39 54 39 55 39 49 81 86 84 25
split_gain=7037.11 2733.62 1735.88 2556.89 2146.51 2679.31 2426.55 2296.76 1762.42 1461.79 1458.93 1407.52 1878.23 1779.2 1307.53 1735.79 2956 1947.19 1880.01 1658.39 1644.93 1327.15 1646.55 1323.78 1226.08 1201.45 1195.76 1259.14 1125.44 1111.29
threshold=4.6936223506927499 3.4530960321426396 0.3575000017881394 2389.119995117188 2482.5000000000005 797.50000000000011 3.9589381217956547 0.90000000596046459 -25.798647880554196 7792.5000000000009 32257.500000000004 0.90000000596046459 4152.5000000000009 2.5000000000000004 609495.00000000012 -457954.99999999994 -397617.49999999994 -478187.49999999994 1.0000000180025095e-35 1.5000000000000002 -4.5989384651184073 656887.50000000012 15.267591476440431 -437987.49999999994 0.56218907237052929 -0.43245348334312433 1.0000000180025095e-35 6.0000000000000009 -1.0000000180025095e-35 2.3278598785400395
decision_type=2 2 2 2 2 2 2 2 2 2 2 2 2 2 2 2 2 2 2 2 2 2 2 2 2 2 2 2 2 2
left_child=1 2 14 -4 5 9 7 -7 11 -5 -8 13 -13 -6 15 17 19 18 24 23 -16 22 -22 -17 -1 29 27 -3 -2 -18
right_child=28 26 3 4 8 6 10 -9 -10 -11 -12 12 -14 -15 20 16 25 -19 -20 -21 21 -23 -24 -25 -26 -27 -28 -29 -30 -31
leaf_value=0.0098254252433973635 0.0070822496625456187 -0.0034398511587000512 -0.027240703871831213 0.032443003270508031 0.008855922057505761 -0.053805753110309953 -0.0067884032981177806 -0.0048867696634109182 0.0077731732052816168 0.0033518920082672684 0.033528456451453692 0.077723975385573629 -0.0023990332786082889 0.043672223089611689 0.020163672489660667 0.0048324430780932216 0.010830236213818352 -0.028332616658724965 -0.021902883469499434 0.0095127801237473372 0.027583391673927628 0.00020364509824711142 -0.014729537913845221 0.042869452504795423 -0.005386356880465658 0.0015116568761514065 -0.0068867197058322038 0.0041804150154154058 0.011405790618626139 -0.011481507949804119
leaf_weight=26363.845302626491 188110.28634651005 72896.779413923621 5303.7390800565481 6020.5744475871325 5925.325355604291 5418.3617189824581 19885.518301010132 4306.5507428348064 897240.6062130928 15268.226284146309 2528.262759655714 806.72278340160847 7742.6191760748625 9641.5741441100836 25804.679795339704 3048.4195196777582 62691.040040016174 7579.8700373768806 9563.4420308768749 18005.679998978972 10536.724937170744 39885.916476458311 2939.9203528612852 9168.8068582713604 26620.959849342704 296857.67179457843 41207.613018140197 211445.55769538879 753429.2645739615 6125.1513434350491
leaf_count=75479 477805 294321 18929 15639 16896 21141 62421 13911 2629123 46008 6453 1690 24409 23043 72465 9015 180118 26346 34992 52256 28197 123203 9570 21819 81829 904755 193524 674521 1840794 19436
internal_value=0.00702279 0.00523252 0.00612027 0.00737832 0.00756671 -0.00217664 -0.0112896 -0.0321459 0.00813172 0.0115804 -0.00223917 0.0214702 0.00516906 0.0304216 0.00385866 0.0028494 0.00413372 -0.00440087 -0.00150023 0.0191618 0.00979955 0.00478736 0.0183521 0.0333801 0.00218257 0.00289159 0.00107318 0.00222679 0.010542 0.00884411
internal_weight=2.79237e+06 1.85083e+06 1.52528e+06 980088 974784 53427.5 32138.7 9724.91 921357 21288.8 22413.8 24116.2 8549.34 15566.9 545192 466025 395897 70128.1 62548.2 30222.9 79167.2 53362.6 13476.6 12217.2 52984.8 365674 325550 284342 941540 68816.2
internal_count=8000108 5681509 4519143 2879663 2860734 165573 103926 35052 2695161 61647 68874 66038 26099 39939 1639480 1406045 1187399 218646 192300 83090 233435 160970 37767 30834 157308 1104309 1162366 968842 2318599 199554
is_linear=0
shrinkage=0.05


Tree=39
num_leaves=31
num_cat=0
split_feature=79 49 55 55 54 7 55 51 44 22 54 54 54 54 87 13 86 87 12 77 55 55 54 90 87 54 90 46 22 87
split_gain=6402.21 2480.97 2734.72 1909.33 3243.9 2772.12 1953.09 1715.08 1701.91 1806.38 3044.33 2718.89 4007.53 3451.95 2301.09 1872.94 1839.55 1713.8 2184.64 1666.98 1779.94 1624.75 6074.64 2802.24 2377.91 1891.43 1619.38 2173.76 1584.78 1509.2
threshold=5.5255424976348886 0.20576497167348864 14332.500000000002 -264137.49999999994 256777.50000000003 0.010397274047136308 -266597.49999999994 -227.49999999999997 1.0020607113838198 1.5000000000000002 740567.50000000012 105932.50000000001 155337.50000000003 17702.500000000004 1.0000000180025095e-35 0.029605547897517685 6.0000000000000009 1.0000000180025095e-35 0.0150117170996964 1.3076950907707217 13742.500000000002 -397617.49999999994 445617.50000000006 4202.6599121093759 1.0000000180025095e-35 3297.5000000000005 2389.119995117188 0.079566035419702544 1.5000000000000002 1.0000000180025095e-35
decision_type=2 2 2 2 2 2 2 2 2 2 2 2 2 2 2 2 2 2 2 2 2 2 2 2 2 2 2 2 2 2
left_child=1 2 3 5 19 6 26 -6 9 10 21 13 17 -11 15 -15 -16 -13 -19 20 -5 22 29 -23 -24 -25 27 -1 -28 -3
right_child=-2 8 -4 4 7 -7 -8 -9 -10 11 -12 12 -14 14 16 -17 -18 18 -20 -21 -22 23 24 25 -26 -27 28 -29 -30 -31
leaf_value=0.013265249169483266 0.010077332673013414 0.022774604055293995 -0.0023269077038445998 0.012227628677618944 -0.009015541856943159 -0.024083491094333595 -0.031123532713975201 0.057002222860358602 -0.00096430396851860777 0.003297256929402879 -0.036830771122992177 0.0071249589370777945 0.0034271530238843186 -0.013153143443031732 -0.0067199517560192481 0.017580531671891678 -0.03240689844811824 -0.019264039702267748 0.047394371417767339 0.0067778441656455649 0.05434353779806838 -0.00059804112133288428 -0.0051704122825958834 -0.0052567649352310199 0.015753740354993159 0.020688386921890387 0.010553035015343335 -0.047144553339975026 0.0043305025200876968 0.058658247917793664
leaf_weight=2705.6428188234568 923952.92711611092 4510.6730821430683 80989.692056328058 175528.42693278193 1210.2731757462025 8015.9831006079912 3603.9356698840857 5247.38163857162 214928.76892921329 69156.993303954601 3678.8141800165176 6382.5817943066359 226141.18840931356 12675.302073359489 11132.72137182951 8139.6367915570736 18644.156619012356 1396.5524242818356 10218.536407515407 315224.69049458206 2544.2741701453924 72393.095069825649 21253.185772106051 8801.3549367338419 37595.237841844559 34782.480893880129 143666.36314734817 3309.8249961584806 355597.83881874382 8374.4533945769072
leaf_count=8092 2273653 12501 260407 480657 3948 27807 12726 12517 685809 217136 14072 19839 706051 44126 39989 25040 63148 4649 24691 979175 5455 228105 71413 28333 105822 98930 424604 13310 1089983 18120
internal_value=0.00667294 0.00498892 0.00651537 0.00721978 0.00942347 0.00508915 0.00554874 0.0446291 0.00281351 0.00427578 0.00820805 0.00220754 0.00523445 -0.00396355 -0.0138888 -0.0011343 -0.022804 0.0279414 0.0393782 0.0089625 0.0128297 0.00909096 0.0150058 0.00543239 0.00819691 0.0154489 0.00581038 -0.0199749 0.0061211 0.0460997
internal_weight=2.7918e+06 1.86785e+06 1.09764e+06 1.01665e+06 499755 516900 508884 6457.65 770206 555277 191389 363888 244139 119749 50591.8 20814.9 29776.9 17997.7 11615.1 493297 178073 187710 71733.6 115977 58848.4 43583.8 505280 6015.47 499264 12885.1
internal_count=8000108 5726455 3318681 3058274 1481752 1576522 1548715 16465 2407774 1721965 577296 1144669 755230 389439 172303 69166 103137 49179 29340 1465287 486112 563224 207856 355368 177235 127263 1535989 21402 1514587 30621
is_linear=0
shrinkage=0.05


Tree=40
num_leaves=31
num_cat=0
split_feature=79 86 77 79 85 77 90 13 22 79 55 55 30 46 90 55 79 55 42 55 73 100 30 42 94 25 100 77 55 26
split_gain=5751.52 2528.69 3416.57 2057.22 1740.64 1599.78 1368.63 2103.36 2015.29 1260.6 1257.2 1783.78 1476.82 1274.39 1198.14 1192.12 1172.14 1159.94 1032.99 1051.5 1345.04 1246.65 1031.36 2072.35 993.501 1580.98 1214.51 2016.87 2614.45 2174.9
threshold=5.5255424976348886 6.0000000000000009 1.2333478927612307 2.5500898361206059 0.90000000596046459 0.83046793937683117 2921.341430664063 0.011684854980558159 2.5000000000000004 4.1341307163238534 -413107.49999999994 -444337.49999999994 0.69749999046325695 0.090041030198335661 2690.504272460938 -475727.49999999994 7.0334143638610849 -344877.49999999994 0.98790717124938976 -525842.49999999988 2.6747962236404423 117257.35546875001 0.55250000953674328 0.99749496579170238 4868.0458984375009 3.05855405330658 276966.62500000006 1.3076950907707217 14332.500000000002 1.3343851566314699
decision_type=2 2 2 2 2 2 2 2 2 2 2 2 2 2 2 2 2 2 2 2 2 2 2 2 2 2 2 2 2 2
left_child=1 9 5 -4 10 -3 22 8 -8 24 11 15 -13 17 18 -5 -2 -12 -7 21 -21 -20 23 -6 26 -26 -1 28 -28 -30
right_child=16 2 3 4 6 14 7 -9 -10 -11 13 12 -14 -15 -16 -17 -18 -19 19 20 -22 -23 -24 -25 25 -27 27 -29 29 -31
leaf_value=0.0016306956424151997 0.011295817442065112 0.0066120960311728165 0.0061895975342887884 0.0088244038293022325 0.013134273958060126 -0.071138377875399839 0.042566143285721246 5.1923587436225793e-05 -0.0047291161408616412 -0.0059803388635530216 -0.026301118892087513 0.041405576991939329 -0.0022641459200456716 0.0063490770087727445 0.010745271631689854 -0.012225914828305923 0.0077293771577185318 -0.0012769185641824925 0.017374334202851227 0.0052102260962730096 -0.094690992902376342 0.036897019391780791 -0.0004992912893667117 -0.016560705375883594 -0.014890158246200878 0.019269227219961618 0.025321470862721497 -0.0030028978885728317 -0.01744059180453731 0.058492888493229568
leaf_weight=269662.09602206945 471230.89856916666 219449.50782428682 576964.5487524122 76565.943553045392 7009.0025860369205 306.34953629970551 5827.5708722919226 155039.07023195922 3670.413798481226 53180.642858296633 5004.5789487361908 7122.3739603459835 2658.115794301033 74801.890384033322 150839.69054201245 7372.4039344191551 450810.75558108091 61858.840441018343 28086.717569738626 2739.6483120620251 383.14999790489674 11538.592803373933 38400.781281664968 36299.761885985732 17155.769178450108 4219.4550686776638 25208.800019934773 19113.55347520113 7045.6613765656948 1087.6879618018866
leaf_count=874621 1139653 571426 1632637 224747 27069 1109 18327 619218 14419 215591 17468 16860 8052 229543 377697 24608 1133352 198317 66203 7037 1474 24236 156865 158531 61306 13015 73076 64479 25279 2796
internal_value=0.00632068 0.00472618 0.00568101 0.00417574 0.00176324 0.00953607 -0.00117555 0.00145126 0.0242902 0.00118303 0.00483767 0.00933029 0.0295376 0.00186549 0.0128453 0.00697535 0.00955211 -0.00315036 0.0202024 0.0208587 -0.00707189 0.0230601 -0.00646512 -0.0117546 0.00229212 -0.0081463 0.00298483 0.00994587 0.0173688 -0.00727931
internal_weight=2.79065e+06 1.86861e+06 1.47194e+06 1.0586e+06 481631 413344 246247 164537 9497.98 396674 235384 93718.8 9780.49 141665 193894 83938.3 922042 66863.4 43054.5 42748.1 3122.8 39625.3 81709.5 43308.8 343493 21375.2 322118 52455.7 33342.1 8133.35
internal_count=7999011 5726006 4395843 3346661 1714024 1049182 994429 651964 32746 1330163 719595 274267 24912 445328 477756 249355 2273005 215785 100059 98950 8511 90439 342465 185600 1114572 74321 1040251 165630 101151 28075
is_linear=0
shrinkage=0.05


Tree=41
num_leaves=31
num_cat=0
split_feature=80 86 77 80 87 77 77 80 80 90 55 90 100 55 42 104 99 77 55 26 55 13 45 42 55 73 100 22 99 54
split_gain=5220.9 2282.51 3093.75 1899.32 1564.01 1451.08 1143.46 1173.7 1143.04 1093.43 1051.38 1824.37 1429.49 1103.72 968.371 939.63 1160.9 1880.75 2439.56 1930.53 1247.26 1076.02 1012.18 933.818 954.896 1205.74 1142.6 925.943 921.776 912.629
threshold=5.5255424976348886 6.0000000000000009 1.2333478927612307 2.6733793020248418 1.0000000180025095e-35 0.83046793937683117 1.0658904910087588 6.6557295322418222 4.1518535614013681 2690.504272460938 -216947.49999999997 3840.0239257812505 241046.64843750003 -243942.49999999997 0.99806156754493724 8.4134273529052752 276956.62500000006 1.3076950907707217 14332.500000000002 1.3343851566314699 2837.5000000000005 0.064609687775373473 1.0017127990722658 0.98790717124938976 -525842.49999999988 2.6747962236404423 117257.35546875001 1.5000000000000002 284451.70312500006 3697.5000000000005
decision_type=2 2 2 2 2 2 2 2 2 2 2 2 2 2 2 2 2 2 2 2 2 2 2 2 2 2 2 2 2 2
left_child=1 8 5 -4 10 -3 -2 -8 15 23 13 -12 -13 14 -5 16 22 18 20 -20 -18 -17 -1 -7 26 -26 -25 -24 -19 -23
right_child=6 2 3 4 -6 9 7 -9 -10 -11 11 12 -14 -15 -16 21 17 28 19 -21 -22 29 27 24 25 -27 -28 -29 -30 -31
leaf_value=0.0032328434380479096 0.012959517467306954 0.0062830696707537248 0.0055366127713377799 0.0042252177188559434 0.0043144557060963932 -0.067555593955204704 0.010229794892688743 0.0063058707732566548 -0.0060043758491848077 0.01021737718563042 0.016647647171305454 -0.021786816050719228 0.00074405482880409313 -0.031608494161070526 -0.0076400480100855114 -0.012924924548730544 0.041372666136228316 0.028697469362618008 -0.016481989226753022 0.054121816510375481 0.017151843079414645 -0.023356975602787263 0.0048146764237760875 0.016554912456694899 0.0049521208866379878 -0.089367033058445344 0.035298242963134607 -0.0077864606769418761 -0.0067261011188239003 0.03289746347436192
leaf_weight=204735.98241691291 158125.46615506709 219395.82458692789 682885.66976374388 22920.362039610744 189319.50079488754 306.51224385201931 384986.33021962643 377405.82382428646 49260.761049702764 150704.93102703989 16695.829086661339 7872.550424605608 66482.786320030689 3967.7558834701777 68839.488320738077 18041.591522604227 7474.3928266912699 2054.5956837683916 7195.764770373702 1117.6849867105484 18409.192868873477 1001.2475365102291 21266.472785010934 28005.254810571671 2738.4021622091532 385.66260625422001 11460.216498076916 46346.9049346596 17224.03815177083 2568.5178471058607
leaf_count=659817 381759 571426 1968173 96965 583006 1109 936057 955189 200575 377697 62398 35897 274211 19149 306862 64460 19914 5953 26046 2854 55003 3710 67527 66203 7037 1474 24236 157636 59258 7410
internal_value=0.0060078 0.00448951 0.00539667 0.00396516 0.00111184 0.00906725 0.00908995 0.00828736 0.00112336 0.0122223 -0.00213432 0.00171211 -0.00164165 -0.00579287 -0.0046762 0.00213399 0.00280367 0.00953896 0.0165793 -0.00698383 0.0241476 -0.00796202 0.00148115 0.0192656 0.0198922 -0.00671475 0.0219986 -0.00382293 -0.00294933 0.0171157
internal_weight=2.7892e+06 1.86868e+06 1.47198e+06 1.05898e+06 376098 412997 920518 762392 396697 193601 186779 91051.2 74355.3 95727.6 91759.9 347436 325825 53475.7 34197 8313.45 25883.6 21611.4 272349 42896 42589.5 3124.06 39465.5 67613.4 19278.6 3569.77
internal_count=7999011 5726006 4395843 3346661 1378488 1049182 2273005 1891246 1330163 477756 795482 372506 310108 422976 403827 1129588 1054008 169028 103817 28900 74917 75580 884980 100059 98950 8511 90439 225163 65211 11120
is_linear=0
shrinkage=0.05


Tree=42
num_leaves=31
num_cat=0
split_feature=79 79 49 55 13 39 87 90 42 42 54 90 39 31 31 46 55 49 81 55 54 55 77 49 22 85 62 55 54 99
split_gain=4750.2 2209.18 1908.49 2318.08 1704.41 1756.62 1712.04 1698.97 1850.5 1689.84 1659.18 1607.85 1509.34 1488.95 1431.35 1400.87 1344.41 2400.46 2127.97 2188.93 1880.19 1861.12 1323.59 1305.05 1245.08 1356.15 1248.3 1238.08 2922.11 1760.87
threshold=4.6936223506927499 1.6053011417388918 0.054511256515979774 15532.500000000002 0.014187885448336603 4.2185666561126718 1.0000000180025095e-35 2637.229125976563 0.99806156754493724 1.0078396797180178 1007.5000000000001 2389.119995117188 -10.996604442596434 719.06460571289074 401.06571960449224 0.077597573399543776 -110464.99999999999 0.63435554504394542 1.0000000180025095e-35 -162322.49999999997 101132.50000000001 -13262.499999999998 1.3076950907707217 -0.79989895224571217 1.5000000000000002 0.90000000596046459 57.432247161865241 -101519.99999999999 8522.5000000000018 202655.77343750003
decision_type=2 2 2 2 2 2 2 2 2 2 2 2 2 2 2 2 2 2 2 2 2 2 2 2 2 2 2 2 2 2
left_child=1 -1 3 11 5 6 -4 8 -8 10 -5 15 -9 16 -12 -3 18 21 19 -6 -19 -18 27 -11 -15 26 -26 29 -29 -13
right_child=-2 2 4 9 13 -7 7 12 -10 23 14 22 -14 24 -16 -17 17 20 -20 -21 -22 -23 -24 -25 25 -27 -28 28 -30 -31
leaf_value=0.0074211767444157042 0.0086156285962286638 0.0090165801083266963 0.00152869614619323 0.012077422041447197 0.0047349801207892716 -0.00065767148391036661 -0.034987416845472671 -0.0030901447658639464 0.038808161394135642 0.046133945369595204 -0.0072872343957752009 0.0079669962549721376 0.017194257193212721 0.0016529738560412616 -0.029559627002447266 -0.050491780804140865 -0.0083822478662091537 -0.0054088422166089899 -0.0086764415127544726 0.022535590499048911 -0.048039081715832654 0.0087599587634175514 0.0042852408713985497 0.0010159075581231305 -0.013673084034391297 -0.00023470167879968302 0.037128309470073416 -0.00092672288543875568 0.01950574093501186 -0.0092226516023347777
leaf_weight=422410.35541778803 935041.15606072545 1698.6641084849834 33684.084119915962 7783.9524457454681 131600.07676696777 58923.788440287113 922.65110155940056 12860.00348341465 10603.541498944163 2550.9264461547136 26485.013162329793 157116.91100162268 31959.972992360592 56431.027288019657 9913.8032948374748 2364.8005178570747 20647.006238669157 97298.77895309031 24990.664427697659 19878.68329423666 2656.1637257933617 67905.481614917517 451870.51252023876 4309.8645175099373 55765.926459804177 36566.41810451448 1235.0429171174765 24479.258558735251 61352.998013079166 16457.730353727937
leaf_count=1133054 2317971 5284 114979 23766 408758 192805 3345 41060 27299 6644 90187 446664 92737 182496 36864 10055 69726 326933 95462 56335 10382 214090 1475005 14151 187090 127196 3303 72608 162285 50477
internal_value=0.00571034 0.00424408 0.0033058 0.00500575 0.0013435 0.00605394 0.0104466 0.0157776 0.032898 -0.00528843 -0.00887352 0.00574031 0.0113741 -1.89734e-05 -0.0133543 -0.025618 0.00170458 -0.00123151 0.00484098 0.00707114 -0.0065422 0.00476295 0.0059195 0.0177964 -0.00421275 -0.00775044 -0.0125716 0.00876623 0.0136784 0.00633706
internal_weight=2.78777e+06 1.85272e+06 1.43031e+06 766384 663929 148954 90030.3 56346.2 11526.2 51043.6 44182.8 715341 44820 514975 36398.8 4063.46 364977 188507 176469 151479 99954.9 88552.5 711277 6860.79 149998 93567.4 57001 259407 85832.3 173575
internal_count=7999011 5681040 4547986 2393990 2153996 472225 279420 164441 30644 171612 150817 2222378 133797 1681771 127051 15339 1181686 621131 560555 465093 337315 283816 2207039 20795 500085 317589 190393 732034 234893 497141
is_linear=0
shrinkage=0.05


Tree=43
num_leaves=31
num_cat=0
split_feature=79 79 86 81 54 25 104 85 54 85 55 30 85 25 53 54 25 25 38 55 24 25 37 85 90 104 46 104 84 49
split_gain=4311.79 2095.98 1344.34 1898.85 1302.52 1820.09 1817.42 2215.94 1470.08 2158.3 1488.47 1468.84 1442.57 1388.44 1267.01 1444.11 1892.16 2071.63 1374.05 1371.65 1330.87 1295.74 1423.37 1246.83 1197.09 1349.14 1160.21 1099.46 1069.96 1051.67
threshold=4.6936223506927499 3.8695982694625859 6.0000000000000009 1.0000000180025095e-35 630062.50000000012 1.997237026691437 7.7159104347229013 0.90000000596046459 616077.50000000012 0.90000000596046459 -608747.49999999988 0.14249999821186068 0.90000000596046459 0.47061580419540411 0.6078576147556306 524445.00000000012 1.0451826453208926 0.79447448253631603 -17.9487771987915 21282.500000000004 56.497552871704109 1.0762872099876406 2.1008368730545048 0.90000000596046459 4822.7849121093759 8.3210935592651385 0.04974579997360707 7.7438342571258554 -1.0000000180025095e-35 0.16288578510284427
decision_type=2 2 2 2 2 2 2 2 2 2 2 2 2 2 2 2 2 2 2 2 2 2 2 2 2 2 2 2 2 2
left_child=1 2 -1 4 8 6 26 -8 10 13 23 -12 -7 -10 15 16 17 -5 -17 -18 21 22 -16 -4 25 -22 -6 -20 -2 -3
right_child=28 29 3 14 5 12 7 -9 9 -11 11 -13 -14 -15 20 18 19 -19 27 -21 24 -23 -24 -25 -26 -27 -28 -29 -30 -31
leaf_value=0.0019315661535197729 0.0048156884022651667 0.0027231211467931161 0.046469223123238507 0.0011894723550483139 0.015752831649285627 0.061197699529874174 0.030994044906979837 0.0010294023532437504 0.0039516518939633491 0.013549074040553791 0.0013135390562241246 0.0068731142517935622 -0.0034175186422940266 -0.03933532338419933 0.02766767696244353 0.041329472259541027 -0.0073892819402434588 0.025045644521169447 -0.01858776901936228 0.02511661563930789 -0.0008918044709313685 0.01803000686989038 -0.00144967378572487 -0.0034220669958481714 -0.028092693380211805 0.025810570761932095 0.0035260324193888597 0.013731801009249187 0.0090443455637842975 -0.0031890565266079357
leaf_weight=325798.93479532003 187083.28383977711 182035.75671996176 4075.6209511458874 28331.675519451499 26690.854383602738 3097.5579885989428 19033.332346275449 9129.7404781132936 2689.931556776166 5814.034870237112 143815.6809271574 683181.62800398469 1197.3186745941639 5946.6105872243643 5016.9433497041464 1139.6179431974888 50746.188565030694 13405.753458291292 22294.309109300375 3466.0153529793024 48686.205434799194 29191.878783419728 25656.791212663054 1807.05130623281 3594.9078613221645 5238.4278367161751 71053.514418125153 2982.6414541453123 746600.78311648965 128185.01455643773
leaf_count=1043406 477665 637279 8934 91808 71426 6028 44806 27429 7521 16890 418475 1917412 3703 19924 14142 3219 169239 38944 82068 10144 158761 85327 83030 5518 12909 15053 201996 9391 1840306 476258
internal_value=0.00542625 0.00403033 0.00478426 0.00554776 0.00652575 0.0111818 0.0100897 0.0212808 0.00581028 -0.0100002 0.00608461 0.00590631 0.0431866 -0.0258537 0.00156019 -0.00199982 0.000850241 0.00885243 -0.0123516 -0.00531053 0.00527129 0.0104898 0.00331329 0.0311447 -0.00016004 0.0017025 0.00686496 -0.0147735 0.00819706 0.000280157
internal_weight=2.78699e+06 1.8533e+06 1.54308e+06 1.21728e+06 977533 130202 125907 28163.1 847331 14450.6 832880 826997 4294.88 8636.54 239751 122366 95949.6 41737.4 26416.6 54212.2 117385 59865.6 30673.7 5882.67 57519.5 53924.6 97744.4 25277 933684 310221
internal_count=7999011 5681040 4567503 3524097 2750062 355388 345657 72235 2394674 44335 2350339 2335887 9731 27445 774035 404813 310135 130752 94678 179383 369222 182499 97172 14452 186723 173814 273422 91459 2317971 1113537
is_linear=0
shrinkage=0.05


Tree=44
num_leaves=31
num_cat=0
split_feature=79 30 54 54 90 36 35 54 54 54 39 54 39 22 25 25 22 36 49 39 25 25 53 36 54 87 22 86 54 49
split_gain=3915.92 2019.31 2505.02 3479.98 2583.43 2550.32 2367 2093.42 2243.62 3964.52 2219.85 2221.57 2158.89 2014.66 1865.71 2447.05 2742.16 1809.66 1692.34 1657.08 1776.36 1903.81 1790.71 2884.38 1650.39 1637.59 2385.73 2414.79 2243.89 1941.87
threshold=5.5255424976348886 0.3275000005960465 2482.5000000000005 797.50000000000011 2389.119995117188 -25.798647880554196 -7.3586676120758048 609495.00000000012 445617.50000000006 396612.50000000006 -4.5989384651184073 659442.50000000012 18.264387130737308 1.0000000180025095e-35 2.5623327493667607 2.3151074647903447 3.5000000000000004 -16.124115943908688 -0.49049438536167139 0.32224681973457342 1.1762040853500368 1.5989452600479128 0.6078576147556306 -5.7919206619262686 1372.5000000000002 1.0000000180025095e-35 2.5000000000000004 6.0000000000000009 4152.5000000000009 -0.87137606739997853
decision_type=2 2 2 2 2 2 2 2 2 2 2 2 2 2 2 2 2 2 2 2 2 2 2 2 2 2 2 2 2 2
left_child=1 7 3 -3 -4 25 -5 8 9 18 -9 12 -12 -11 15 17 -17 -7 -1 20 22 -22 -10 -24 -8 28 29 -28 -6 -27
right_child=-2 2 4 6 5 14 24 10 19 13 11 -13 -14 -15 -16 16 -18 -19 -20 -21 21 -23 23 -25 -26 26 27 -29 -30 -31
leaf_value=0.0075818594215106734 0.0078342543919189597 0.0095571852090816506 -0.025339456758413051 -0.037531629267693378 0.073143058349752391 -0.0011904477706535807 -0.025343657534957698 0.019259566683009734 -0.020580841771186492 0.05014706777024644 0.023315786875306527 -0.0032485328076117879 -0.026147937037925423 0.013928515865907732 0.012205564750926406 -0.023398516705171762 0.011071988430813248 0.005812293244404295 -0.00095436776308030654 -0.013675632827495621 0.02147384910921625 -0.024637218492842016 0.019693989672464423 -0.025159744412057074 -0.00039493916610404233 0.048319432144037701 0.0077435642970126676 0.055261248890670328 -0.0026008801813629644 -0.0080441981938196624
leaf_weight=70021.820744544268 916298.73429079354 27076.810436964035 6731.0175602734089 8224.1605396568775 1077.3136975467205 102533.52147746086 9271.3155736774206 31306.217156484723 13688.610030680895 4546.8834665566683 17159.355593681335 43995.064446359873 2530.427073970437 24669.195349633694 90786.199081256986 15745.512625128031 9104.8783045262098 920375.85787135363 339933.24107517302 45014.689368367195 12941.166142076254 2705.6445516943932 10321.770462021232 5489.6408619880676 23251.64588598907 2056.8661539703608 3792.2555431723595 9068.4765248894691 10487.329764842987 5935.3673024922609
leaf_count=208129 2273005 80862 24991 31398 2366 320141 32495 90150 47091 10487 47879 141702 8919 70534 262946 54053 26342 2782511 1075982 150926 36817 9496 29135 19024 72635 4808 12207 19142 34298 18540
internal_value=0.0051565 0.00384429 0.00500761 -0.00433615 0.00554573 0.00572329 -0.0135685 0.00152347 0.000296946 0.0017719 0.00835808 0.00299883 0.0169577 0.0195669 0.00532953 0.00473372 -0.0107688 0.00511035 0.000503654 -0.00688733 -0.00011864 0.0134989 -0.00734179 0.00412008 -0.00750778 0.0195518 0.0279204 0.0412517 0.00446039 0.00646504
internal_weight=2.78614e+06 1.86984e+06 1.24552e+06 67823.9 1.17769e+06 1.17096e+06 40747.1 624324 529333 439171 94991.1 63684.8 19689.8 29216.1 1.13855e+06 1.04776e+06 24850.4 1.02291e+06 409955 90161.5 45146.8 15646.8 29500 15811.4 32523 32417.6 20853 12860.7 11564.6 7992.23
internal_count=7999011 5726006 3779735 217390 3562345 3537354 136528 1946271 1657621 1365132 288650 198500 56798 81021 3445993 3183047 80395 3102652 1284111 292489 141563 46313 95250 48159 105130 91361 54697 31349 36664 23348
is_linear=0
shrinkage=0.05


Tree=45
num_leaves=31
num_cat=0
split_feature=79 79 55 94 49 55 25 40 100 55 36 48 99 37 37 37 25 55 94 99 55 25 87 55 79 55 79 55 65 77
split_gain=3550.02 2008.2 1416.47 1563.97 1521.53 1304.93 1683.33 1690.7 1536.91 1526.13 1517.45 1343.89 1281.37 1489.57 1388.66 1193.44 1337.68 1058.42 1686.8 1642.18 1909.61 1451.58 1132.84 996.646 902.184 839.815 820.204 780.317 746.02 731.551
threshold=4.6936223506927499 2.8302106857299809 14332.500000000002 5186.3964843750009 0.16288578510284427 -110464.99999999999 2.4704232215881352 1.0000000180025095e-35 204320.28125000003 -257447.49999999997 -12.088416576385496 -0.61734244227409352 292682.56250000006 17.372883796691898 4.7424604892730722 3.8187007904052739 1.1470879912376406 -103939.99999999999 4822.9936523437509 202655.77343750003 -176172.49999999997 0.55830612778663646 1.0000000180025095e-35 5267.5000000000009 7.0334143638610849 1662.5000000000002 1.4906778931617739 23617.500000000004 1.147553086280823 1.0658904910087588
decision_type=2 2 2 2 2 2 2 2 2 2 2 2 2 2 2 2 2 2 2 2 2 2 2 2 2 2 2 2 2 2
left_child=1 26 3 4 17 8 7 -7 9 -6 -10 -8 13 14 -4 -14 -17 19 21 20 -3 -19 -21 -20 -2 -5 -1 -15 -18 -26
right_child=24 2 12 25 5 6 11 -9 10 -11 -12 -13 15 27 -16 16 28 18 23 22 -22 -23 -24 -25 29 -27 -28 -29 -30 -31
leaf_value=0.0067414707963864883 0.0089618855603958644 0.0027763266471164134 -0.0028676052202734458 -0.054948423117579331 0.0021228001242381178 -0.016077697158075232 0.020248690786434473 0.0011519813314157909 0.046266688268568501 -0.010680830000520142 0.0080379892032151398 -0.009485209453636536 -0.028918772522427711 -0.036507789608985063 0.026493784483752877 -0.025735432417145106 0.0076233790471671439 -0.037535979224580379 0.013449972311939791 0.0027559705563045957 0.032958983853001958 0.011334918771320186 -0.020642702052048351 -0.014442615794029319 0.010206549551062934 0.048397542064925879 0.0039674586510845457 0.02863481437375073 -0.028551007554395259 0.0049137828802472278
leaf_weight=405186.07405406237 482585.65979629755 216545.27953164279 9994.2643685638905 212.67998373508453 143721.32512223721 40482.372875735164 9420.1533223092556 21961.375840559602 3395.9242981374264 27769.681398302317 11011.951164469123 6368.1911117583513 8891.1096050590277 3026.2868658751249 6743.1434981524944 6128.1488253325224 10741.626109778881 1542.8909986764193 4395.4721625596285 8791.7769102752209 5369.4944599121809 95893.662107095122 12563.708918392658 11792.34069019556 79283.2610014081 2473.0899032354355 778413.13347040117 541.15843644738197 1642.2326460778713 369871.19820295274
leaf_count=1087057 1185217 737339 36552 866 501516 157739 30338 76854 9588 102776 37141 23205 36316 12665 21266 24647 37161 6126 14220 31913 15424 309462 44871 42870 195005 6521 2268389 1702 6606 939041
internal_value=0.00494281 0.00367804 0.00149376 0.00212893 0.00196423 -0.000912593 -0.00633007 -0.010018 0.00136725 4.94183e-05 0.0170514 0.00825544 -0.00680984 0.00270934 0.00896205 -0.0138633 -0.00663086 0.00409333 0.00807749 0.00223239 0.0035068 0.0105606 -0.0110099 -0.00686828 0.00746086 0.0401945 0.00491711 -0.0266194 0.00282395 0.00584808
internal_weight=2.78676e+06 1.85502e+06 671419 623711 621026 264131 78232.1 62443.7 185899 171491 14407.9 15788.3 47708 20304.9 16737.4 27403.1 18512 356895 113624 243270 221915 97436.6 21355.5 16187.8 931740 2685.77 1.1836e+06 3567.45 12383.9 449154
internal_count=8000393 5681130 2325684 2148769 2141382 939157 288136 234593 651021 604292 46729 53543 176915 72185 57818 104730 68414 1202225 372678 829547 752763 315588 76784 57090 2319263 7387 3355446 14367 43767 1134046
is_linear=0
shrinkage=0.05


Tree=46
num_leaves=31
num_cat=0
split_feature=79 79 30 90 54 54 37 85 55 55 54 55 55 55 40 85 54 48 25 54 54 84 49 99 42 42 55 42 38 42
split_gain=3222.07 1848.8 1195.98 1665.79 1684.82 2277.55 1984.3 1996.39 1287.71 1188.22 1086.96 1308.58 1950.1 1808.52 1427.45 1127.09 2556.41 1061.61 1021.66 1343.56 1346.77 983.699 952.453 1018.71 973.342 949.282 1487.79 917.622 904.841 871.532
threshold=4.6936223506927499 3.4530960321426396 0.3275000005960465 2389.119995117188 2482.5000000000005 797.50000000000011 3.9589381217956547 0.90000000596046459 5672.5000000000009 7792.5000000000009 609495.00000000012 -457954.99999999994 -397617.49999999994 -478187.49999999994 1.0000000180025095e-35 0.90000000596046459 604575.00000000012 0.96298784017562877 2.9390091896057133 607002.50000000012 387607.50000000006 -1.0000000180025095e-35 -0.49049438536167139 156557.60937500003 1.015250086784363 0.99099627137184154 19102.500000000004 1.004572927951813 -13.531445026397703 0.99781545996665966
decision_type=2 2 2 2 2 2 2 2 2 2 2 2 2 2 2 2 2 2 2 2 2 2 2 2 2 2 2 2 2 2
left_child=1 2 10 -4 5 9 7 -7 -8 -5 11 13 14 15 -13 16 -1 -16 25 20 -20 -2 23 -14 -24 26 -6 -12 -11 -17
right_child=21 -3 3 4 18 6 8 -9 -10 28 27 12 22 -15 17 29 -18 -19 19 -21 -22 -23 24 -25 -26 -27 -28 -29 -30 -31
leaf_value=0.0059392196353620337 0.0038552243196781307 7.4033061548366651e-05 -0.02214994700650575 0.027831507767363442 -0.0042797881311681116 -0.050354992336033924 -0.03168578919946486 -0.0051001113733822158 0.0014411659947397523 0.0437066603715143 0.0094223252180055464 0.0055208862887502243 0.046766062526559855 -0.029010805285483568 0.031459261458316519 0.0077805725020327569 -0.058997778714494943 -0.045835534240128421 0.011456638379972022 -0.064972341125113062 0.047044738970045484 0.007913333341216959 0.00054433837743536248 0.0061139143908492261 -0.024017025389741684 0.0058048493970057208 0.032918894697516514 -0.011987797783618477 -0.0012987512911965067 -0.016480380336727236
leaf_weight=34577.833048388362 186872.94504664838 325969.78571563959 5534.4091421067715 6194.3213114589453 40249.527490258217 5479.0321799963713 3442.8835673034191 4389.5738593935966 19794.509330376983 1206.1531028300524 68175.857134833932 16227.074074491858 1583.4404633790255 7130.9679336696863 11270.553980916739 4713.3086656481028 1584.0732164084911 461.54673929512501 50647.966273590922 552.58123235404491 2804.9646656066179 743534.42282393575 277095.22546577454 56395.11061231792 4092.2552583515644 865512.95799086988 2879.3240563869476 5399.9799811542034 14921.904009073973 17234.39584761858
leaf_count=98937 478189 1162313 19895 16016 122734 21717 11813 14306 59782 2919 198409 47427 3703 25070 27697 14539 5949 1612 142434 2113 6541 1841074 842271 163050 13849 2526223 7444 17558 45399 59410
internal_value=0.00469695 0.00349286 0.00422146 0.00520441 0.00535314 -0.0031234 -0.0114459 -0.0302286 -0.00346791 0.00921924 0.00223275 0.0012767 0.00243628 -0.00524841 0.0151282 -0.00233185 0.00309296 0.0284144 0.00584122 0.0125227 0.0133251 0.00709827 0.00138997 0.00722503 0.000186783 0.00544409 -0.00179555 0.00785075 0.00206922 -0.01127
internal_weight=2.78593e+06 1.85552e+06 1.52955e+06 1.02361e+06 1.01808e+06 55428.4 33106 9868.61 23237.4 22322.4 505942 432366 367125 65240.6 27959.2 58109.6 36161.9 11732.1 962647 54005.5 53452.9 930407 339166 57978.6 281187 908642 43128.9 73575.8 16128.1 21947.7
internal_count=8000393 5681130 4518817 2999336 2979441 171952 107618 36023 71595 64334 1519481 1303514 1099609 203905 76736 178835 104886 29309 2807489 151088 148975 2319263 1022873 166753 856120 2656401 130178 215967 48318 73949
is_linear=0
shrinkage=0.05


Tree=47
num_leaves=31
num_cat=0
split_feature=79 79 81 86 77 77 26 90 90 22 90 100 21 24 37 37 25 25 90 36 24 50 90 90 100 38 25 62 38 42
split_gain=2923.57 1742.78 1510.1 2265.72 1633.72 1357.91 1143.39 1224.42 1665.79 1068.31 1799.87 2245.69 1703.46 1418.94 1706.18 1215.85 1032.4 1950.71 1386.28 1700.19 1158.13 1087.66 1022.18 990.424 970.462 2093.37 1454.16 953.007 881.261 877.5
threshold=4.6936223506927499 1.8113881349563601 1.0000000180025095e-35 6.0000000000000009 1.2333478927612307 3.7121527194976811 -0.70163780450820912 2582.624389648438 2389.119995117188 1.5000000000000002 4722.4199218750009 309982.79687500006 15.500000000000002 59.970054626464851 -2.3778406381607051 -8.0487694740295392 2.3621916770935063 2.2246146202087407 4399.6899414062509 -7.9068641662597647 31.883106231689457 -487.49999999999994 2705.649536132813 4694.9174804687509 287888.96875000006 -5.3860456943511954 2.5623327493667607 20.262899398803714 -11.84486675262451 1.0024382472038271
decision_type=2 2 2 2 2 2 2 2 2 2 2 2 2 2 2 2 2 2 2 2 2 2 2 2 2 2 2 2 2 2
left_child=1 -1 3 29 6 -6 7 8 -5 10 11 13 -13 14 -4 -12 17 -11 19 -19 23 -20 -15 -18 26 -26 -8 -9 -25 -3
right_child=-2 2 9 4 5 -7 24 27 -10 16 15 12 -14 22 -16 -17 20 18 21 -21 -22 -23 -24 28 25 -27 -28 -29 -30 -31
leaf_value=0.0060763573882888292 0.0067527293859423639 0.0013734177889737802 -0.0092526899761644667 -0.062695979293259096 0.0016422741600450677 0.0073355149960737239 0.0095649804813678352 -0.015806671888879183 0.02960012236647663 -0.0035755242079982194 0.067067246409051012 -0.00017796139717144523 0.1012396038474746 -0.023113469791053512 0.017896236423254646 -0.036733566080393187 -0.013496817312171866 0.050245499590406223 0.11400903690050841 -0.049709637863878116 -0.032557200333899937 0.017465300696751489 0.00082820008829814849 0.071497939856305578 -0.033416567266931402 0.0057913001106857558 0.028260424526160711 0.0020544112080423914 -0.0090023991877729286 -0.0041706499066901416
leaf_weight=437385.28472790122 929151.39570571482 219514.41518390179 7586.3408578783274 530.93564419448376 458290.00168035924 135762.54836624861 177705.55515106022 8781.97635820508 6042.1940039694309 126656.43498873711 304.61759571731091 676.69657488167286 1065.3227363079786 5588.3141008764505 24389.519135147333 3675.2911554723978 4107.5581393688917 1018.9606367647648 773.7189993262291 728.84734603762627 6365.6554944813251 468.82162624597549 22027.22243629396 759.74026635289192 3772.6280451565981 34790.490994021297 11047.428790688515 49890.944197148085 614.13459640741348 105756.85393585265
leaf_count=1173692 2319263 751087 27894 1845 1509593 371083 444569 25209 13289 474274 770 2340 2343 23242 79221 15051 16032 3011 1710 3211 26689 1619 78368 2081 12155 91066 24906 131366 2410 371004
internal_value=0.00446317 0.00331701 0.0024663 0.00314017 0.00444965 0.0029434 0.00750806 0.00167353 0.0221359 -0.00148258 0.00380671 0.00592129 0.061863 0.00428487 0.0114549 -0.0287727 -0.00392415 -0.00263297 0.0372753 0.0085561 -0.0180522 0.0776296 -0.00401715 -0.00120362 0.0091827 0.0019547 0.0106594 -0.000619118 0.0355295 -0.000429141
internal_weight=2.78523e+06 1.85608e+06 1.41869e+06 1.21189e+06 886615 594053 292562 65246.1 6573.13 206807 65313.3 61333.4 1742.02 59591.4 31975.9 3979.91 141494 129647 2990.35 1747.81 11847.1 1242.54 27615.5 5481.43 227316 38563.1 188753 58672.9 1373.87 325271
internal_count=8000393 5681130 4507438 3747172 2625081 1880676 744405 171709 15134 760266 229229 213408 4683 208725 107115 15821 531037 483825 9551 6222 47212 3329 101610 20523 572696 103221 469475 156575 4491 1122091
is_linear=0
shrinkage=0.05


Tree=48
num_leaves=31
num_cat=0
split_feature=79 79 55 94 49 55 54 54 100 55 104 90 37 37 37 25 42 55 54 25 8 90 37 84 54 54 54 100 104 49
split_gain=2649.57 1655.44 1246.37 1413.09 1351.18 1160.74 1610.24 1892.37 1385.96 1364.1 1178.54 1147.99 1343.98 1229.59 1072.64 1220.98 1036.65 963.069 1698.21 1940.42 1477.24 1419.22 1345.07 894.345 811.573 1447.85 783.071 753.686 1010.66 1104.77
threshold=4.6936223506927499 2.8302106857299809 14332.500000000002 5186.3964843750009 0.16288578510284427 -110464.99999999999 12742.500000000002 21332.500000000004 204320.28125000003 -257447.49999999997 8.4571666717529315 4503.1499023437509 17.372883796691898 4.7424604892730722 3.8187007904052739 1.1470879912376406 0.99824085831642162 -103939.99999999999 8922.5000000000018 2.9390091896057133 -0.0093634747900068743 3636.5756835937505 14.589394569396974 -1.0000000180025095e-35 2152.5000000000005 317.50000000000006 2482.5000000000005 373462.07812500006 8.4422450065612811 0.5464349389076234
decision_type=2 2 2 2 2 2 2 2 2 2 2 2 2 2 2 2 2 2 2 2 2 2 2 2 2 2 2 2 2 2
left_child=1 27 3 4 17 8 10 -8 9 -6 -7 12 13 24 26 -16 -10 20 22 -20 -3 -22 -19 -2 25 -4 -13 28 -1 -30
right_child=23 2 11 -5 5 6 7 -9 16 -11 -12 14 -14 -15 15 -17 -18 18 19 -21 21 -23 -24 -25 -26 -27 -28 -29 29 -31
leaf_value=0.0044405949101432923 0.0033295990448216337 -0.025043806290377214 0.049420789976139322 0.037836272953151243 0.0017457128719256748 0.0044877210948771401 -0.029957521391922787 -0.0063443907109427353 0.036228983699465631 -0.010371343202739761 -0.029767396265064916 -0.046314491597933591 -0.02564477857046496 0.024722017745018574 -0.024838040517163883 0.0025014145172882751 0.0070901073806855898 0.0044240852021502136 0.0085353513115304265 0.032762608634217073 0.0035920792553308283 -0.010079831396191162 -0.017524459858915053 0.0072022035088575341 0.0041905136803539068 -0.054301563910220133 -0.015740084582086238 0.018024241468183617 0.0014573947304259835 -0.016931241508324028
leaf_weight=1132922.2199826986 186624.85713787377 5005.4518081843853 429.67663995921612 2702.0953212231398 143809.60834528506 32013.830418288708 11572.199567452073 31800.521146893501 4374.8101271986961 27699.913959592581 2723.6003800034523 3439.6884131133556 3533.2159704715014 6775.6402368992567 6084.2506335228682 12415.44136081636 10095.957091152668 23771.243713259697 70851.418728396297 9355.5887622386217 217660.97428444028 20793.816732764244 9880.883970618248 741355.721535936 8016.4541197866201 1538.0976834893227 5357.8366756141186 9884.5579219162464 30228.174620851874 11190.936593860388
leaf_count=3206051 478189 19306 1174 7387 501516 112421 47132 117405 12578 102776 11178 15510 14367 21220 24670 43790 34151 80227 229605 26460 735570 74671 36386 1841074 28428 6940 20816 26508 87398 35489
internal_value=0.00424196 0.00315122 0.00116842 0.00176318 0.00160625 -0.00110574 -0.00622064 -0.0126452 0.00104248 -0.000211291 0.00180101 -0.00663115 0.00237529 0.00828379 -0.0133267 -0.00649068 0.0159016 0.00361066 0.00740643 0.0113617 0.00183545 0.0023998 -0.00202059 0.0064234 -0.00287262 -0.031637 -0.0276987 0.00427587 0.00416013 -0.00351116
internal_weight=2.78391e+06 1.85593e+06 671702 624112 621410 264090 78110.2 43372.7 185980 171510 34737.4 47590.3 20293.1 16759.9 27297.2 18499.7 14470.8 357319 113859 80207 243460 238455 33652.1 927981 9984.23 1967.77 8797.53 1.18423e+06 1.17434e+06 41419.1
internal_count=8000393 5681130 2325684 2148769 2141382 939157 288136 164537 651021 604292 123599 176915 72129 57762 104786 68460 46729 1202225 372678 256065 829547 810241 116613 2319263 36542 8114 36326 3355446 3328938 122887
is_linear=0
shrinkage=0.05


Tree=49
num_leaves=31
num_cat=0
split_feature=79 30 94 36 54 104 50 55 25 100 54 25 55 54 25 100 31 54 55 55 55 22 39 54 39 55 81 42 36 55
split_gain=2404.66 1736.87 2349.09 1886.38 1702.83 2196.53 1817.65 1965.07 1702.04 1664.84 1562.29 1551.17 1502.31 2199.96 2031.52 1822.82 1466.28 1464.92 2084.53 2824.42 2348.5 2037.24 1838.86 1741.43 2220.76 1671.79 1622.33 1755.38 1994.89 1381.74
threshold=5.5255424976348886 0.37250000238418585 2397.543090820313 -25.798647880554196 9807.5000000000018 8.3290629386901873 -727.49999999999989 -658852.49999999988 2.5623327493667607 303083.35937500006 642.50000000000011 0.75835260748863231 7067.5000000000009 7252.5000000000009 2.3278598785400395 349551.04687500006 652.52560424804699 609495.00000000012 -457954.99999999994 -397617.49999999994 -478187.49999999994 1.5000000000000002 -4.5989384651184073 656887.50000000012 14.613266944885256 -437987.49999999994 1.0000000180025095e-35 0.99691304564476024 -40.982654571533196 12697.500000000002
decision_type=2 2 2 2 2 2 2 2 2 2 2 2 2 2 2 2 2 2 2 2 2 2 2 2 2 2 2 2 2 2
left_child=1 17 -3 10 12 6 7 -6 -8 -7 -4 -11 14 15 16 -14 -5 18 20 21 26 25 -19 24 -24 -20 27 -1 -29 -15
right_child=-2 2 3 4 5 9 8 -9 -10 11 -12 -13 13 29 -16 -17 -18 22 19 -21 -22 -23 23 -25 -26 -27 -28 28 -30 -31
leaf_value=-0.020949058011759808 0.0061381069482074873 -0.019345397970840533 -0.057126718805007783 0.005872851928255457 0.014761674354280161 0.024018172465684107 0.0042170348538973145 -0.0087616436470486052 0.014995749855234589 -0.010403740666017238 0.018572717553058712 0.011453020264188457 0.002448401417326333 -0.054264044611225429 -0.020229859410798079 -0.014536763854058997 0.028745793151399107 0.015822151436494816 -0.0002828639118682053 0.0002268434039520077 -0.029977832671301559 0.0048265594741212781 0.024965484195833439 -0.0027199649831768031 -0.016440173453372311 0.03704776539097937 -0.021468630985073442 0.042820221578462631 -9.7728092674142445e-05 -0.01433217718766281
leaf_weight=9746.2248568981886 910792.53920885921 10513.661631494761 696.9226241260767 35725.809694260359 10904.733838438988 22751.15421615541 778046.36134806275 47749.404309421778 38433.640662953258 9456.8576964735985 29145.136576637626 57281.298908650875 80868.268009677529 2549.2039264887571 6181.9376309067011 19629.07839563489 8715.6855480968952 35011.960308209062 3984.3206054121256 460970.22685596347 9810.1892977952957 23993.323410764337 13807.812480956316 53236.604136273265 4229.51331782341 12124.317928999662 11545.251791700721 2839.2331817895174 57963.939455002546 14408.506860420108
leaf_count=32618 2274404 37430 2770 107128 31796 62585 2349745 153784 107895 31105 81626 166124 250246 9683 20692 65973 23453 101150 12145 1440620 35895 72293 37629 169955 14280 29296 45305 6801 177481 48486
internal_value=0.00403087 0.0030058 0.00418158 0.00439437 0.00406744 0.00487667 0.00411368 -0.00438802 0.00472444 0.0123379 0.0168028 0.00835571 -0.00057684 -0.00368024 0.00662341 -0.000869192 0.0103593 0.00103335 6.44475e-05 0.00133408 -0.00685757 0.0140613 0.00643884 0.00182924 0.0152558 0.0278146 -0.00409434 -0.00125075 0.00190694 -0.0203382
internal_weight=2.78311e+06 1.87232e+06 1.17306e+06 1.16254e+06 1.1327e+06 964623 875134 58654.1 816480 89489.3 29842.1 66738.2 168078 117455 50623.4 100497 44441.5 699263 592977 501072 91904.8 40102 106286 71273.9 18037.3 16108.6 82094.6 70549.4 60803.2 16957.7
internal_count=8000393 5725989 3550521 3513091 3428695 2903034 2643220 185580 2457640 259814 84396 197229 525661 374388 151273 316219 130581 2175468 1852454 1554354 298100 113734 323014 221864 51909 41441 262205 216900 184282 58169
is_linear=0
shrinkage=0.05


Tree=50
num_leaves=31
num_cat=0
split_feature=79 86 77 77 79 85 77 22 54 55 55 55 77 54 22 73 50 94 94 77 49 42 77 37 46 22 77 54 79 77
split_gain=2203.64 1745.03 2307.71 1346.28 1190.53 1080.17 1061.4 976.145 1436.64 2113.93 1537.82 2867.88 1423 1465.17 2046.5 1404.63 1243.93 1506.78 1157.18 1398.64 1129.23 1118.37 1136.82 1434.62 1102.45 1169.59 1553.1 1104.84 946.139 919.943
threshold=5.5255424976348886 6.0000000000000009 1.2333478927612307 0.83046793937683117 3.0807517766952519 0.90000000596046459 1.0658904910087588 1.5000000000000002 277092.50000000006 -132897.49999999997 -322667.49999999994 -324992.49999999994 1.3076950907707217 164292.50000000003 3.5000000000000004 2.1689882278442387 -607.49999999999989 4567.9299316406259 4023.4221191406255 1.3076950907707217 0.47136868536472326 0.98897677659988414 1.3076950907707217 28.478664398193363 0.12770202755928042 1.0000000180025095e-35 1.3076950907707217 123752.50000000001 6.6557295322418222 1.3076950907707217
decision_type=2 2 2 2 2 2 2 2 2 2 2 2 2 2 2 2 2 2 2 2 2 2 2 2 2 2 2 2 2 2
left_child=1 7 3 -3 -4 -6 -2 16 9 12 11 15 13 -9 -15 -10 24 21 19 -11 -13 -18 23 -23 -1 -26 27 -27 -8 -12
right_child=6 2 4 -5 5 -7 28 8 10 18 29 20 -14 14 -16 -17 17 -19 -20 -21 -22 22 -24 -25 25 26 -28 -29 -30 -31
leaf_value=-0.005793751357842377 0.0095536392832245177 0.0040883562634579851 0.0032932235459138511 0.0098227177135277108 0.0026281201321502242 -0.0039123722951780104 0.0067813532285216612 0.037936547314673469 -0.011953840712270139 -0.031999526741305143 -0.036095363184617028 0.020159368454156529 -0.0017153580294465591 0.021170794083592098 -0.014056215358471576 -0.00054644051956197974 -0.034156872232495195 -0.012498938794187897 -0.00043128618217080201 0.0047029858846048336 0.096425067449040502 0.018257994360624686 0.0019427081025074928 -0.017452103169451262 -0.015293701444660019 0.063298347886580272 -0.015500448134989381 -0.021654616467712603 0.0032365585321783422 -0.0054870594301404969
leaf_weight=40881.434750810266 155778.34351015091 218826.66810044646 810602.10101564229 192310.24096795917 126388.46979916096 126114.06420721114 378743.96056577563 6807.751508757472 45183.702587768435 6616.0972963422537 6332.4964775592089 1033.5333860516548 14107.747608065605 14444.870724737644 5768.5237480849028 67001.041841313243 1401.191763266921 8341.8564762920141 99256.588007330894 4270.411329716444 915.57977984845638 40038.507188677788 22804.305202484131 3024.0904055833817 1951.7572140842676 2583.6435939967632 1249.5102585852146 448.63895072042942 374266.40254703164 4009.8831363916397
leaf_count=139816 381393 571922 2401685 478096 390751 555219 936653 19194 164117 24871 24297 3117 46760 44470 20350 222631 5174 29418 331822 13780 2048 120869 73959 10622 6899 6262 4359 1609 954569 13508
internal_value=0.00377648 0.00279609 0.00358959 0.00677065 0.00235937 -0.000638555 0.00579673 -0.00013966 -0.00179064 0.00148313 -0.00576916 -0.00409605 0.0111556 0.0178755 0.0111172 -0.00514101 0.00356983 0.00754348 -0.0021287 -0.0176028 0.0560182 0.0100291 0.0109697 0.0157498 -0.00280699 0.016778 0.0313985 0.0507246 0.00501951 -0.0242303
internal_weight=2.7815e+06 1.87271e+06 1.47424e+06 411137 1.0631e+06 252503 908789 398473 275748 151272 124476 114134 41128.9 27021.1 20213.4 112185 122725 75610 110143 10886.5 1949.11 67268.1 65866.9 43062.6 47115 6233.55 4281.79 3032.28 753010 10342.4
internal_count=8000240 5727625 4397673 1050018 3347655 945970 2272615 1329952 930965 501247 429718 391913 130774 84014 64820 386748 398987 240042 370473 38651 5165 210624 205450 131491 158945 19129 12230 7871 1891222 37805
is_linear=0
shrinkage=0.05


Tree=51
num_leaves=31
num_cat=0
split_feature=79 79 81 86 54 55 85 77 25 54 55 54 54 90 77 37 36 46 90 42 55 49 54 48 90 104 90 25 55 54
split_gain=1998.02 1469.87 1377.63 1952 1495.07 3520.22 2481.6 2842.63 2312.82 1911.49 1539.49 1541.75 1804.37 1334.75 1375.16 1056.06 991.068 928.039 903.446 1343.68 1068.67 1121.13 1277.9 1067.04 896.051 1603.13 1298.59 1784.91 1716.81 941.026
threshold=4.6936223506927499 1.4906778931617739 1.0000000180025095e-35 6.0000000000000009 650422.50000000012 -665442.49999999988 0.90000000596046459 1.3076950907707217 1.997237026691437 665892.50000000012 -644742.49999999988 630062.50000000012 616077.50000000012 2617.160034179688 1.3076950907707217 19.088140487670902 -4.7251076698303214 0.056201385334134109 2695.5026855468755 1.0008082985877993 -617822.49999999988 -0.60003554821014393 618617.50000000012 -0.91959547996520985 4867.7775878906259 8.4656181335449237 4482.8845214843759 2.3278598785400395 14332.500000000002 11827.500000000002
decision_type=2 2 2 2 2 2 2 2 2 2 2 2 2 2 2 2 2 2 2 2 2 2 2 2 2 2 2 2 2 2
left_child=1 -1 3 -3 10 8 16 -8 9 -6 13 12 -12 17 -15 -13 -7 -5 19 -4 21 -20 -23 -24 26 -26 27 -22 -28 -27
right_child=-2 2 18 4 5 6 7 -9 -10 -11 11 15 -14 14 -16 -17 -18 -19 20 -21 24 22 23 -25 25 29 28 -29 -30 -31
leaf_value=0.0053063504102710771 0.0054896057654213312 -0.0007687795241970004 -0.00015502291245998208 0.032000985717159237 -0.094452060127661622 0.037006479493001447 0.045685124203923656 -0.039080836930593069 0.04272267736641145 0.0048001781801457512 0.003267450392534078 0.032891051397214509 -0.014946564557699563 -0.077603932351955118 -0.018347665982532926 0.00047535520526156578 0.072777294663309275 -0.024209768533009737 -0.022332348309821309 -0.01810219384066852 0.00014479154745126037 0.13163309207019103 0.079760230794782505 0.0078494473881957801 -0.029794214091007971 0.0010038948279069955 0.018105633822621436 -0.01966795814049431 -0.012527681277794956 0.081533148392201771
leaf_weight=405216.6061181277 923655.2523779422 328287.7980325222 22721.385845541954 1646.6395292133093 486.76952327787876 5850.747577175498 1882.5715893805027 2081.605133369565 4086.1840288341045 88517.871218070388 772892.44637733698 7276.8252549171448 13839.762614995241 1388.9722646027803 3316.5557942837477 3837.9071549773216 2898.0104966163635 1323.6019483208656 897.71217685937881 19277.013419657946 116498.60770106316 346.27130234241486 732.42269076406956 1740.5336375534534 6849.4233116954565 4733.4694020748138 18869.887020885944 12595.667986914515 6035.9550182372332 391.89842173457146
leaf_count=1087144 2317526 1130330 86083 4088 2053 13362 3744 8612 9505 258203 2291232 17807 44917 4974 11255 11260 5280 4405 3595 79930 416971 712 1905 6221 27443 16862 62343 48766 22698 1014
internal_value=0.00358927 0.00264382 0.00190041 0.00253701 0.00372786 0.00931581 0.0339943 0.00117429 0.00594522 0.00425625 0.00299387 0.00320829 0.00294701 -0.0192899 -0.0358527 0.0216994 0.048863 0.00695089 -0.00182735 -0.00839302 -0.000202295 0.0263089 0.0418017 0.0291731 -0.000796188 -0.0139703 0.000228263 -0.00178843 0.0106812 0.00717704
internal_weight=2.78018e+06 1.85652e+06 1.4513e+06 1.23961e+06 911326 105804 12712.9 3964.18 93090.8 89004.6 805523 797847 786732 7675.77 4705.53 11114.7 8748.76 2970.24 211690 41998.4 169692 3716.94 2819.23 2472.96 165975 11974.8 154000 129094 24905.8 5125.37
internal_count=8000240 5682714 4595570 3821027 2690697 300759 30998 12356 269761 260256 2389938 2365216 2336149 24722 16229 29067 18642 8493 774543 166013 608530 12433 8838 8126 596097 45319 550778 465737 85041 17876
is_linear=0
shrinkage=0.05


Tree=52
num_leaves=31
num_cat=0
split_feature=79 30 90 54 54 55 85 55 37 85 54 55 55 55 40 39 55 81 54 39 54 39 37 54 54 37 51 104 49 31
split_gain=1811.39 1569.42 2041.59 1835.94 2669.88 2682.34 1696.73 1643.53 1560.4 1741.09 1435.51 1828.2 2644.58 2094.8 1859.15 1717.06 1536.12 1482.09 1761.63 1809.22 1460.75 2089.73 1490.76 1237.22 2175.46 2313.99 1799.04 1502.24 1932.89 1541.19
threshold=5.5255424976348886 0.37250000238418585 2389.119995117188 2307.5000000000005 797.50000000000011 32257.500000000004 0.90000000596046459 7792.5000000000009 3.6756972074508671 0.90000000596046459 609495.00000000012 -457954.99999999994 -397617.49999999994 -478187.49999999994 1.0000000180025095e-35 -4.5989384651184073 -437987.49999999994 1.0000000180025095e-35 483412.50000000006 0.56218907237052929 656887.50000000012 14.613266944885256 -0.44635929167270655 4152.5000000000009 8922.5000000000018 14.589394569396974 -347.49999999999994 8.3290629386901873 -0.69930991530418385 301.28330993652349
decision_type=2 2 2 2 2 2 2 2 2 2 2 2 2 2 2 2 2 2 2 2 2 2 2 2 2 2 2 2 2 2
left_child=1 10 -3 4 7 8 -7 -4 9 -6 11 13 14 17 -13 -12 -16 18 -1 -20 21 22 -17 26 25 -25 -5 29 -29 -26
right_child=-2 2 3 23 5 6 -8 -9 -10 -11 15 12 -14 -15 16 20 -18 -19 19 -21 -22 -23 -24 24 27 -27 -28 28 -30 -31
leaf_value=0.050162965750118228 0.005245466710517354 -0.025283184932043613 0.028083455754812123 0.029521329354428607 -0.05191016178112963 0.055858122383365939 -0.024673467914032878 -0.00025142645457128807 -0.01016348370130246 -0.010853309690194476 0.015064488294350996 0.0043745661488007719 -0.00019811073831141557 -0.028681260920305592 -0.00060967130863783491 -0.0292459807899456 0.035174213251884655 -0.020898270215009729 0.0053170868338457264 -0.010901457730914443 -0.0026145821767163515 -0.017080315512261527 0.028382352638673475 0.0007158313576597305 0.0062415613478172052 -0.021345473108125592 0.0065385168862168875 -0.00063778601704813482 0.014871974021253349 0.0020640444900368467
leaf_weight=1612.2841095775366 906651.52662059665 6068.7833873331547 7146.72542989254 11419.11785633862 5793.4451946616173 2131.2393020540476 942.68587526679039 18017.982185915112 22090.503593638539 4659.7598295211792 35011.284640535712 24048.589753374457 460717.85064668953 9776.6540882438421 3984.1567388921976 1231.2477731406689 12125.242110088468 11423.884382069111 34808.780477121472 33979.678810745478 53304.408288791776 4186.6029761135578 12577.795488700271 42972.991784334183 381954.2849111855 16429.527812689543 33476.8750230968 28323.631411582232 69078.752831071615 523223.51488700509
leaf_count=3755 2272615 23085 18794 30606 23906 4784 3248 56273 72365 16214 100959 72494 1440476 35995 12155 4213 29275 45260 103286 109654 170228 14267 33380 132456 1135511 55814 100376 85573 198515 1594708
internal_value=0.00341099 0.00252275 0.00363965 0.00379 -0.00467053 -0.0134787 0.0311597 0.00779622 -0.017696 -0.0336114 0.00064672 -0.000313238 0.000874525 -0.00680792 0.0131803 0.0059966 0.0263244 -0.00419405 -0.00148313 -0.00269441 0.00154367 0.0138605 0.023242 0.0042546 0.00391088 -0.00538605 0.0123847 0.00446173 0.0103619 0.00382683
internal_weight=2.77917e+06 1.87252e+06 1.17373e+06 1.16766e+06 60782.3 35617.6 3073.93 25164.7 32543.7 10453.2 698788 592477 500876 91601.3 40158 106311 16109.4 81824.6 70400.7 68788.5 71300.1 17995.6 13809 1.10688e+06 1.06198e+06 59402.5 44896 1.00258e+06 97402.4 905178
internal_count=8000240 5727625 3552228 3529143 195584 120517 8032 75067 112485 40120 2175397 1852350 1554400 297950 113924 323047 41430 261955 216695 212940 222088 51860 37593 3333559 3202577 188270 130982 3014307 284088 2730219
is_linear=0
shrinkage=0.05


Tree=53
num_leaves=31
num_cat=0
split_feature=86 77 104 79 85 54 37 54 37 100 25 51 54 39 53 94 25 54 37 52 35 90 36 25 35 31 38 38 54 36
split_gain=1728.27 2479.14 1562.27 1180.94 1331.28 1803.75 2820.58 2808.97 2925.97 2520.62 2231.6 2937.52 3786.08 2003.65 1778.55 2011.6 2135.14 2548.99 1915.29 2043.64 2162.28 1859.14 1845.72 1750.47 1872.93 1528.56 1617.02 1454.57 1924.12 1383.92
threshold=6.0000000000000009 2.1999999284744267 7.6379034519195566 4.6936223506927499 0.90000000596046459 7882.5000000000009 2.4388993978500371 4152.5000000000009 15.84335231781006 373462.07812500006 2.9390091896057133 -307.49999999999994 94727.500000000015 0.96878808736801159 0.6078576147556306 5130.2651367187509 2.3621916770935063 524445.00000000012 13.192397117614748 567.50000000000011 -8.6337461471557599 4234.6838378906259 -12.917458057403563 8.4113969802856463 -26.698239326477047 749.99432373046886 -8.6286687850952131 -0.20125386863946912 4392.5000000000009 25.374681472778324
decision_type=2 2 2 2 2 2 2 2 2 2 2 2 2 2 2 2 2 2 2 2 2 2 2 2 2 2 2 2 2 2
left_child=2 -2 -1 4 5 6 27 9 -9 -8 11 12 -7 -13 15 16 17 -6 19 21 -21 -16 -17 24 -12 26 -20 28 -3 -18
right_child=1 3 -4 -5 14 10 7 8 -10 -11 23 13 -14 -15 18 22 29 -19 25 20 -22 -23 -24 -25 -26 -27 -28 -29 -30 -31
leaf_value=-0.012115620609021157 0.0061450355382538886 -0.044540198341245958 0.0014009887235305507 0.0047049723458115426 0.00047576603979474213 -0.021778286752428402 0.0056607030631786797 -0.0018525708335933708 -0.049910904268516403 0.064902955869049581 -0.061874805927796074 0.0098247182852727894 0.0013963342912502164 0.0015809982242524084 0.0081273412081190894 0.1070735602266164 -0.022609868600175883 -0.013144923966829376 0.044965307021956051 -0.043595190282750357 0.0023756563285276611 0.027847756457691077 0.016028701670333014 -0.046369794500066654 0.025957530275857323 0.005795952907005443 -0.0087213240276877747 0.014801272635089109 -0.0028587862793173161 0.043487854099367618
leaf_weight=22166.498207420111 787963.61705981195 8177.0256761312485 599908.84099946916 455176.55136042833 144044.93584284186 22238.400451883674 33003.352755919099 9868.5345561653376 4663.2638455331326 1897.8462643176317 625.06557700037956 169127.34580311179 84919.156693339348 130648.52101546526 43853.636528164148 636.40342737734318 19307.619854688644 45102.802005022764 1436.879409506917 2694.6302377730608 50070.625288009644 16429.218629464507 4401.5580771863461 942.50716930627823 19920.44178044796 35082.219912230968 57100.368238598108 2075.3260898888111 4186.6103060543537 824.83267538249493
leaf_count=74522 2101602 30588 1824942 1142410 488369 73226 95827 29609 17094 3725 2384 472226 247514 378125 140758 1160 72245 169967 3905 10461 166151 47289 13852 3254 51388 117495 199181 5850 12683 2438
internal_value=0.00324109 0.00391086 0.000919323 0.00262441 0.00158745 0.00335277 -0.00448552 0.00119315 -0.0172772 0.00888407 0.00452138 0.0036921 -0.0034132 0.00623197 -0.000476881 -0.00366824 -0.00441989 -0.00277215 0.0028326 0.00721286 2.71283e-05 0.0135023 0.0275496 0.0202249 0.0232822 -0.00245667 -0.00740268 -0.023926 -0.0304277 -0.0198996
internal_weight=2.77849e+06 2.15642e+06 622075 1.36846e+06 913279 492293 63872 49433 14531.8 34901.2 428421 406933 107158 299776 420986 214318 209280 189148 206668 113048 52765.3 60282.9 5037.96 21488 20545.5 93619.5 58537.2 14439 12363.6 20132.5
internal_count=8000240 6100776 1899464 3999174 2856764 1423493 195376 146255 46703 99552 1228117 1171091 320740 850351 1433271 748031 733019 658336 685240 364659 176612 188047 15012 57026 53772 320581 203086 49121 43271 74683
is_linear=0
shrinkage=0.05


Tree=54
num_leaves=31
num_cat=0
split_feature=79 49 55 54 36 13 35 99 54 36 55 55 13 36 7 54 12 97 36 55 40 13 7 90 54 55 55 55 55 40
split_gain=1563.13 1458.78 1773.82 1750.5 1765.41 2155.36 1578.59 1855.31 1478.21 1508.65 1457.1 3189.31 2082.9 2467.8 1997.53 1694.2 3747.93 1670.13 1638.8 1512.65 1450.06 1577.85 1534.61 1417.36 1348.77 2472.79 2152.1 4278.5 2605.61 2221.39
threshold=5.5255424976348886 0.054511256515979774 15532.500000000002 4152.5000000000009 -27.472447395324703 0.031768590211868293 -7.3586676120758048 313410.00000000006 12742.500000000002 4.7461891174316415 -264137.49999999994 -252657.49999999997 0.013579626102000477 -7.1452622413635245 0.010397274047136308 1837.5000000000002 0.032224493101239211 5.964876890182496 -12.662683963775633 -266597.49999999994 1.0000000180025095e-35 0.064609687775373473 -0.0077323843725025645 4583.6750488281259 627572.50000000012 -737852.49999999988 -457954.99999999994 -397617.49999999994 -478187.49999999994 1.0000000180025095e-35
decision_type=2 2 2 2 2 2 2 2 2 2 2 2 2 2 2 2 2 2 2 2 2 2 2 2 2 2 2 2 2 2
left_child=1 2 10 6 -5 -6 7 -4 9 -7 14 12 13 -12 19 16 23 -17 -14 20 21 -1 -22 -13 26 -26 28 29 -3 -28
right_child=-2 24 3 4 5 8 -8 -9 -10 -11 11 15 18 -15 -16 17 -18 -19 -20 -21 22 -23 -24 -25 25 -27 27 -29 -30 -31
leaf_value=0.00081085073614803815 0.004786177219602443 -0.003382477576189616 -0.029320429096918593 0.039096804766656869 -0.029019029800586751 -0.013345426786326796 0.0083684650220719106 0.029417657114904253 0.039166440353545107 0.056694071682295927 0.025561205573661774 0.024588305412679229 0.01135040381587008 -0.063704162613625812 -0.024723182556479172 0.0058604754042994199 -0.027086513962889608 0.03623300640226821 0.054833021045878463 -0.030885805856456047 -0.018102681795926525 0.053323245145704225 0.0084294387170097528 -0.00490319322354892 -0.0090684904228845349 0.0092314012378963747 0.0067019332082854394 -0.00010166950999466882 -0.025998264051944442 0.0272924296851004
leaf_weight=328824.95255494118 904866.67781923711 115721.67487844825 6270.9468099027872 1525.8864047080278 15113.596772313118 10594.86539876461 29105.051188901067 1710.1955645382404 1917.6406464874744 828.00379277765751 2411.5708024650812 7902.5730461627245 3136.3571193963289 1139.1537348479033 6807.3866416662931 416030.52147549391 12395.65036572516 4575.0291791707277 7015.8602366447449 3355.5988771170378 5698.2920758575201 1435.7382178753614 124569.8889683187 8407.2752825319767 22855.464089035988 95964.811583980918 35110.893262535334 567174.56161756814 14309.974328070879 20894.335220143199
leaf_count=1008369 2272615 368702 24456 3979 54376 35570 86988 4633 4860 2026 6475 21118 9044 4452 23640 1224517 42659 11621 16303 11763 18722 3350 364058 26414 76853 284381 104577 1778573 51658 53488
internal_value=0.00307977 0.0022553 0.00355792 -0.00429635 -0.0132806 -0.0160908 0.00296642 -0.0167313 -0.0014429 -0.00826355 0.00412208 0.00611359 0.0298751 -0.00308563 0.00216304 0.00538884 -0.00636351 0.00619094 0.0414027 0.00255766 0.00280142 0.00103931 0.00726868 0.00938658 0.000760365 0.00571127 -2.06479e-05 0.00120019 -0.00587156 0.0143842
internal_weight=2.77767e+06 1.8728e+06 1.00077e+06 67066.2 29980 28454.1 37086.2 7981.14 13340.5 11422.9 933706 463014 13702.9 3550.72 470692 449311 28705.5 420606 10152.2 463884 460529 330261 130268 16309.8 872032 118820 753211 623180 130032 56005.2
internal_count=8000240 5727625 3009393 216888 100811 96832 116077 29089 42456 37596 2792505 1362603 36274 10927 1429902 1326329 90191 1236138 25347 1406262 1394499 1011719 382780 47532 2718232 361234 2356998 1936638 420360 158065
is_linear=0
shrinkage=0.05


Tree=55
num_leaves=31
num_cat=0
split_feature=49 55 87 37 54 35 94 53 25 45 6 30 8 90 46 85 37 25 39 25 87 22 55 90 41 53 100 77 54 90
split_gain=1410.96 2189.24 2274.67 3840.84 4119.26 3602.42 2942.79 2552.08 1923.81 1822.53 1704.71 2108.33 1656.73 1612.34 2110.65 2056.6 1494.05 1441.05 1693.03 1744.38 1894.26 3068.01 3092.3 2105.06 1770.08 1751.45 1841.3 2518 1774.36 2756.06
threshold=0.20576497167348864 15532.500000000002 1.0000000180025095e-35 -4.5600986480712882 4152.5000000000009 -0.95805615186691273 4033.1975097656255 0.87837970256805431 5.1571481227874765 1.0037187337875368 -7.1610484155826257e-05 0.93250000476837169 0.005258026299998165 2389.119995117188 0.079566035419702544 0.90000000596046459 -8.0487694740295392 4.781379461288453 -2.690079808235168 0.62079623341560375 1.0000000180025095e-35 1.5000000000000002 -737852.49999999988 3345.9514160156255 1.0019444823265078 0.87837970256805431 174969.84375000003 1.3076950907707217 607002.50000000012 2673.0053710937505
decision_type=2 2 2 2 2 2 2 2 2 2 2 2 2 2 2 2 2 2 2 2 2 2 2 2 2 2 2 2 2 2
left_child=1 13 9 7 6 10 -5 -4 12 16 11 -6 -8 14 15 -1 -3 18 19 20 25 24 -23 -24 -22 26 27 -2 29 -27
right_child=17 2 3 4 5 -7 8 -9 -10 -11 -12 -13 -14 -15 -16 -17 -18 -19 -20 -21 21 22 23 -25 -26 28 -28 -29 -30 -31
leaf_value=0.034071801617540205 0.01534228963447145 0.035180575338119066 -0.054202937060205229 0.048069460336832966 -0.037015532953184771 -0.035390590119224838 0.0094659100855249735 0.01577302742416109 -0.068358049539710738 0.025519516077720281 0.028154957320262675 0.032899650724635195 -0.025758500813254832 0.0045047135142972858 -0.038577363169265654 -0.043281015878018053 -0.0023968234221816379 0.015938762258153591 -2.9041933901757307e-05 0.0013360910387378692 0.030444002209146382 -0.060279049154327517 0.014513982214966074 -0.00477231599973883 -0.0075586299111938112 -0.053386597276192188 0.0089539651149551092 -0.020519123471597206 0.048150317990634448 0.016002220534929373
leaf_weight=2779.2866934537888 6410.117241024971 2870.4913711249828 6733.0507326424122 3926.4637692719698 3439.0996583849192 14625.150357142091 22737.137948393822 1614.9684775769711 942.418686196208 9154.9222612679005 4175.1061137616634 1569.620421782136 3911.4875479787588 1508050.5662580281 4957.1161365061998 1242.6566123515368 33556.762622088194 17255.536583960056 739853.46628020704 237793.32841166854 25922.160050630569 1685.921572431922 43862.097568690777 20883.86344102025 3474.2226695567369 1647.0522969812155 16994.082792118192 20696.295845106244 3285.1999659538269 10866.159211263061
leaf_count=6745 15454 7373 26543 8654 11953 50279 62929 4289 4064 24397 10756 4036 13100 4272366 18641 4625 102004 46635 2182226 697039 63243 6376 118047 62396 10356 6253 48980 70604 7917 30311
internal_value=0.00293859 0.00388661 -0.00294917 -0.00905321 -0.0042827 -0.0199794 0.00757501 -0.0406648 0.00181056 0.00557757 0.00456338 -0.0151025 0.00429471 0.00437893 -0.0167447 0.0101661 0.000565047 0.00159867 0.00138033 0.00403007 0.00814368 0.0125035 0.00655192 0.00829312 0.0259524 0.00116854 -0.00394875 -0.0120382 0.0154529 0.00686498
internal_weight=2.77692e+06 1.62629e+06 109257 63674.5 55326.5 23809 31517.5 8348.02 27591 45582.2 9183.83 5008.72 26648.6 1.51703e+06 8979.06 4021.94 36427.3 1.15063e+06 1.13337e+06 393521 155727 95828.3 66431.9 64746 29396.4 59898.9 44100.5 27106.4 15798.4 12513.2
internal_count=7998591 4632754 330377 196603 165771 77024 88747 30832 80093 133774 26745 15989 76029 4302377 30011 11370 109377 3365837 3319202 1136976 439937 260418 186819 180443 73599 179519 135038 86058 44481 36564
is_linear=0
shrinkage=0.05


Tree=56
num_leaves=31
num_cat=0
split_feature=86 77 55 90 55 54 100 55 37 53 54 42 36 54 94 100 104 54 55 54 55 49 53 55 55 79 79 22 49 42
split_gain=1500.45 2366.71 1502.36 1215.29 1573.47 1836.02 1846.86 3007.79 2403.76 2264.09 1811.17 1653.28 1385.93 1359.04 2495.33 2447.06 1701.65 2541.14 1985.04 1346.13 3120.85 1782.45 1283.94 1182.85 1143.96 1098.67 1351.97 974.469 950.611 944.236
threshold=6.0000000000000009 1.2333478927612307 -726527.49999999988 2690.504272460938 -525842.49999999988 528317.50000000012 117257.35546875001 -667847.49999999988 -5.6545586585998526 1.0000000180025095e-35 720367.50000000012 1.0030936002731325 -5.0107214450836173 616077.50000000012 2705.806518554688 122159.08593750001 7.8287024497985849 443322.50000000006 -475727.49999999994 346377.50000000006 -353662.49999999994 -0.010907442308962435 0.87837970256805431 14332.500000000002 -519357.49999999994 4.6936223506927499 3.0703240633010869 3.5000000000000004 -0.20576497167348859 1.0078396797180178
decision_type=2 2 2 2 2 2 2 2 2 2 2 2 2 2 2 2 2 2 2 2 2 2 2 2 2 2 2 2 2 2
left_child=2 3 -1 4 5 -2 9 -8 -9 10 -7 22 -11 15 -15 27 17 -17 -19 21 -21 -18 24 29 -6 26 -3 -5 -29 -4
right_child=1 25 23 13 11 6 7 8 -10 12 -12 -13 -14 14 -16 16 19 18 -20 20 -22 -23 -24 -25 -26 -27 -28 28 -30 -31
leaf_value=-0.012198146910668504 0.069644596925395708 0.0025189247159011106 0.0023067681831659232 -0.061115145768845226 -0.034911163423235823 0.0094270956230222344 -0.058492152544193245 -0.066335045852168914 0.026696472700201854 0.0068306523399055546 0.036924517118835092 -0.057863195532474189 -0.010690543111657028 0.06652376931357866 -0.020930542790177958 0.037777140720282952 0.0093027998759184962 0.016949245320283933 -0.0092386063874013349 -0.00029359082351997095 -0.05994751612342536 0.0020402342912136211 -0.043086089057632962 -0.0066657674642557844 0.019642313235992154 0.0042847940906254106 -0.0016276605259479123 0.022603135561624084 -0.068853517915717657 -0.0056931498895196834
leaf_weight=22018.552862897515 1374.1353397220373 797701.54518605769 515164.42034505308 1887.3963345736265 1178.387800514698 16035.624541342258 1128.8613509833813 709.68115484714508 30269.440553218126 38206.53625048697 9558.4004613161087 1468.6350813359022 16016.967013865709 894.09904234111309 9189.4660073816776 9634.5353914052248 174560.4744810909 22770.415818527341 10605.725552022457 45904.689892441034 2301.4566954523325 163728.97163061798 1415.9403563737869 45334.985425502062 5187.715918213129 530613.96483998001 260852.12401531637 929.43058831989765 408.02790230512619 39728.265616625547
leaf_count=74374 2313 2352862 1552211 6397 3626 39457 3763 2493 67563 95356 20202 4948 43534 1550 26502 20108 434248 54220 29221 119887 7803 429519 4514 147287 12237 1334074 980008 2135 1431 124748
internal_value=0.00279172 0.00341634 0.000628963 0.00619469 0.0106013 0.0122202 0.0115145 0.0216411 0.024563 0.00744065 0.0196976 -0.0092252 0.00165491 0.00497512 -0.0131697 0.00539797 0.00572382 0.015158 0.00862752 0.00467391 -0.00314288 0.00578782 -3.92951e-05 0.00109954 0.00953959 0.0024279 0.0014971 -0.0379874 -0.00532505 0.00173399
internal_weight=2.77678e+06 2.15453e+06 622246 565365 122550 113300 111926 32108 30979.1 79817.5 25594 9250.68 54223.5 442815 10083.6 432731 429506 43010.7 33376.1 386496 48206.1 338289 7782.04 600228 6366.1 1.58917e+06 1.05855e+06 3224.85 1337.46 554893
internal_count=7998591 6099971 1898620 1433027 300006 274681 272368 73819 70056 198549 59659 25325 138890 1133021 28052 1104969 1095006 103549 83441 991457 127690 863767 20377 1824246 15863 4666944 3332870 9963 3566 1676959
is_linear=0
shrinkage=0.05


Tree=57
num_leaves=31
num_cat=0
split_feature=80 80 31 54 65 55 37 55 54 46 38 22 55 37 37 77 80 22 55 54 54 54 50 54 48 36 54 7 50 36
split_gain=1335.93 1380.08 1094.48 1563.47 1351.58 1299.48 1912.73 1392.76 1678.21 1241.87 1173.88 1146.89 1123.18 1041.24 1209.29 998.583 960.779 912.517 1515.7 2647.13 1665.87 1938.92 1361.18 1325.47 1647.74 1288.25 2303.19 1136.3 1059.25 1036.78
threshold=5.5255424976348886 2.0533512830734257 381.24736022949224 2482.5000000000005 0.52828064560890209 7067.5000000000009 16.223279953002933 7982.5000000000009 642.50000000000011 0.20934636890888217 -0.20125386863946912 1.0000000180025095e-35 5907.5000000000009 21.349208831787113 4.3546829223632821 1.0658904910087588 6.6557295322418222 1.5000000000000002 -397617.49999999994 506492.50000000006 35697.500000000007 22317.500000000004 -157.49999999999997 497477.50000000006 -0.54643493890762318 3.5238349437713627 717835.00000000012 -0.0070042042061686507 232.50000000000003 -12.662683963775633
decision_type=2 2 2 2 2 2 2 2 2 2 2 2 2 2 2 2 2 2 2 2 2 2 2 2 2 2 2 2 2 2
left_child=1 -1 3 5 9 6 12 8 -7 11 -6 -5 -3 14 -9 -2 -17 18 19 23 21 22 -20 28 -25 27 -27 -21 -4 -23
right_child=15 2 17 4 10 7 -8 13 -10 -11 -12 -13 -14 -15 -16 16 -18 -19 20 25 -22 29 -24 24 -26 26 -28 -29 -30 -31
leaf_value=0.0034436378264063733 0.0078934014257182519 -0.036910622835754338 0.012674857663060889 -0.01000345283870652 0.0039063723426185975 0.031728075913428654 0.048431076068719582 -0.018948530653175644 -0.054509921260143174 0.017701062098946514 -0.0036000277859226399 0.0054176646941086733 0.011341017756481865 -0.037732499491885708 0.0050935534918593265 0.005261264777551942 0.0016787899148809002 -0.0022211623364426876 -0.0069449619668616597 -0.041742136685591874 -0.007333351203131726 0.0079556118706838892 0.013378368876998399 0.092626095875434036 0.013660321527371885 -0.030763844815884608 0.030972446386087378 0.0057052426779405805 0.045752249215987015 0.044788201360271077
leaf_weight=811553.8513815403 154448.80069957674 1881.5696804225445 20902.461056888103 12734.750749930739 104771.71144369245 678.70349535346031 2331.9737759083509 8686.202900737524 3322.7241199016571 19555.37033714354 103567.51447276771 226122.23676835001 3355.0175610482693 2636.8053131252527 13142.338740810752 375914.38046573102 372724.41036400199 377008.01742012054 22148.379950463772 1299.350153118372 59489.004128724337 3465.2247852236032 13117.367805436254 1344.1850554794073 1299.2582592219114 6687.9129414409399 1950.5484747737646 42612.751204878092 2736.7846450060606 4259.9674149155617
leaf_count=2222925 381081 7174 62715 43903 336746 1784 6475 33632 13904 56732 346470 728250 10621 10576 42736 937347 955256 1271419 76515 5079 203474 10930 41885 2730 4247 25156 5589 135138 6885 11217
internal_value=0.00265331 0.00189156 0.000704498 0.00239667 0.0031714 -0.00763777 0.010775 -0.0125336 -0.0398771 0.00558728 0.000174842 0.00459542 -0.00599917 -0.00805982 -0.00447368 0.00423288 0.00347767 -0.000819352 0.00209543 0.00730767 -0.0019141 0.00558472 0.000614481 0.0202629 0.053836 0.000827853 -0.0168214 0.00430025 0.0165063 0.0282703
internal_weight=2.77575e+06 1.87266e+06 1.06111e+06 502787 466752 36035.3 7568.56 28466.8 4001.43 258412 208339 238857 5236.59 24465.3 21828.5 903088 748639 558321 181313 78833.3 102480 42990.9 35265.7 26282.7 2643.44 52550.6 8638.46 43912.1 23639.2 7725.19
internal_count=7998591 5724907 3501982 1639003 1512101 126902 24270 102632 15688 828885 683216 772153 17795 86944 76368 2273684 1892603 1862979 591560 247539 344021 140547 118400 76577 6977 170962 30745 140217 69600 22147
is_linear=0
shrinkage=0.05


Tree=58
num_leaves=31
num_cat=0
split_feature=86 77 55 55 87 55 90 55 94 39 35 90 55 55 94 22 14 46 90 94 55 46 55 36 22 24 50 39 65 55
split_gain=1375.12 2126.99 1360.31 1061.65 945.285 3511.15 2768.57 4090.27 2499.14 2455.91 3972.32 4830.42 2324.45 3555.9 2998.51 2549.07 2027.07 2000.82 1958.29 4449.59 2756.05 3125.96 2471 2467.66 1915.57 2574.29 1867.76 2583.53 2980.47 2176.85
threshold=6.0000000000000009 2.1999999284744267 -726527.49999999988 14332.500000000002 1.0000000180025095e-35 -720089.99999999988 2921.341430664063 -444337.49999999994 2489.6064453125005 5.1743757724761972 19.877712249755863 3314.1210937500005 -475727.49999999994 -484642.49999999994 2757.1015625000005 2.5000000000000004 32.244524002075202 0.0613174606114626 2921.341430664063 3030.151489257813 -444337.49999999994 0.065707813948392882 -415427.49999999994 -5.2089936733245841 2.5000000000000004 24.704674720764164 -617.49999999999989 -2.121626496315002 0.60928469896316539 19697.500000000004
decision_type=2 2 2 2 2 2 2 2 2 2 2 2 2 2 2 2 2 2 2 2 2 2 2 2 2 2 2 2 2 2
left_child=2 -2 -1 -4 5 16 7 12 -7 26 11 -11 13 14 -6 -15 -3 -13 20 22 21 -10 -20 -21 25 -14 27 -8 -29 -28
right_child=1 4 3 -5 6 8 9 -9 18 10 -12 17 24 15 -16 -17 -18 -19 19 23 -22 -23 -24 -25 -26 -27 29 28 -30 -31
leaf_value=-0.011765784198923645 0.0051914048955117031 0.037538419456839001 0.0014989773840356089 -0.006463218482175394 0.0072948667221831272 0.054978753836028751 -0.011979755989780733 0.034093260950797837 -0.0082390208679662073 -0.043782134898186567 0.049759775832659336 -0.020375556855693377 0.050276174835281177 0.060063043699308927 -0.024528536096173698 -0.0082385439975405771 -0.021742061750932767 0.0036919338014237755 0.010695730729710145 0.0045398580390772171 -0.03053619314743479 0.0060969292743437674 0.043531120636465845 -0.0032531933935729604 -0.037341744074527901 -0.017217391822595768 0.0053433608114300422 0.0091607370353609646 -0.015663810103051717 -0.010437268934247901
leaf_weight=21980.637288615108 786335.46935340762 1537.7029896155 554859.62047073245 45280.761258587241 188018.25502212346 2157.5539893954992 48578.707129225135 13809.403919234872 87970.647518262267 9898.9630910009146 2690.8956622779369 13169.781281098723 1993.4931095987558 5209.476640433073 7704.385381385684 1850.9441736191511 22971.736112445593 25076.646713480353 14401.985730141401 269948.51305685937 8977.2617762237787 66972.91197450459 9515.7424367666245 162864.26420526206 5414.1301567852497 4842.8132994323969 301068.31677936018 50353.382184147835 15910.599589899182 23562.765242531896
leaf_count=74374 2102374 4238 1676959 147287 504851 4974 146536 31261 290427 33485 5940 41153 4358 10435 24162 5359 82545 69984 41803 813401 31469 204137 22042 508774 18112 14949 824492 137656 48624 72430
internal_value=0.00252127 0.00311961 0.000450742 0.000898209 0.00192739 0.000541253 0.00317506 0.00771608 0.00127178 0.0010556 -0.00934876 -0.0126535 0.00602197 0.00729973 0.00604203 0.0421579 -0.0180213 -0.00459566 0.00108498 0.00276756 -0.0036031 -0.00204241 0.0237609 0.00160738 -0.0151274 0.00246773 0.00225916 -0.00322113 0.00319991 0.00419791
internal_weight=2.77493e+06 2.15281e+06 622121 600140 1.36647e+06 647318 719153 228843 622809 490310 50836.3 48145.4 215033 202783 195723 7060.42 24509.4 38246.4 620651 456731 163921 154944 23917.7 432813 12250.4 6836.31 439474 114843 66264 324631
internal_count=7998591 6099971 1898620 1824246 3997597 2003810 1993787 613487 1917027 1380300 150562 144622 582226 544807 529013 15794 86783 111137 1912053 1386020 526033 494564 63845 1322175 37419 19307 1229738 332816 186280 896922
is_linear=0
shrinkage=0.05


Tree=59
num_leaves=31
num_cat=0
split_feature=86 77 55 26 54 37 55 55 55 55 25 39 94 90 42 37 54 55 55 36 94 25 54 85 54 25 55 79 79 85
split_gain=1241.7 1953.29 1229.68 1156.66 1608.8 1457.61 1416.61 1456.14 1254.45 1292.74 1239.8 1520.74 1175.83 1482.17 1090.05 1042.4 996.836 1062.53 2421.33 1023.1 999.754 995.359 967.536 1426.48 971.509 959.948 958.663 946.089 1179.27 943.832
threshold=6.0000000000000009 1.2333478927612307 -726527.49999999988 -0.70163780450820912 1692.5000000000002 4.8651540279388437 24342.500000000004 -1.0000000180025095e-35 30557.500000000004 24342.500000000004 1.117890000343323 -4.772585153579711 2582.809204101563 2389.119995117188 1.0167112350463869 13.860370159149172 317.50000000000006 19697.500000000004 17932.500000000004 -15.471889019012449 4503.5751953125009 2.1939239501953129 3497.5000000000005 0.90000000596046459 2927.5000000000005 2.0182205438613896 14332.500000000002 4.6936223506927499 3.3885325193405156 0.90000000596046459
decision_type=2 2 2 2 2 2 2 2 2 2 2 2 2 2 2 2 2 2 2 2 2 2 2 2 2 2 2 2 2 2
left_child=2 3 25 12 5 -5 7 -7 9 10 11 -6 13 -2 -12 -9 21 18 19 -18 -19 -14 24 -24 -11 -1 -4 28 -3 -30
right_child=1 27 26 4 8 6 -8 15 -10 22 14 -13 16 -15 -16 -17 17 20 -20 -21 -22 -23 23 -25 -26 -27 -28 -29 29 -31
leaf_value=-0.01421402389232497 -0.038917042464976473 0.0019476135816109 0.0014238358456818321 -0.041295908132600201 0.011734609047908991 0.047797323339275222 0.036335178975805758 -0.0012485098087884269 0.05022600992408921 -0.038587061530459349 0.011050293793783262 0.0026517495609031123 0.065174019502742694 0.021253291868737638 -0.018604609843023555 -0.034038296336136246 -0.0073543546399012149 -0.0019377236815030789 0.061296358266050427 0.0030185061207660849 -0.0426091398697344 -0.042024920481010537 -0.09249739344684503 -0.0031856169344731049 0.048089506444492836 0.025051249855177413 -0.0061450724082690216 0.0037927502512830041 0.00094873855082757493 -0.0063941508937352537
leaf_weight=20257.603426963091 1123.8332980722189 883479.12464097142 554932.75967171788 2848.4739588797092 62269.84096005559 1025.3161165267229 2049.2205747961998 5892.4701573252678 1693.8022410720587 603.6919042468071 174609.44235727191 177298.39315849543 1042.0987693220377 11359.190877452493 3153.804679825902 4116.9713425785303 36583.424499943852 3190.5282634943724 1602.536118298769 67874.501910373569 2869.8902253359556 272.46495409309864 915.9581842571497 872.85556018352509 693.66149523854256 1685.1419321298599 45244.803160682321 529356.94571964443 92110.394381597638 83370.928481578827
leaf_count=69502 3570 2664014 1676959 9509 152503 2057 4399 15654 3360 1928 430705 455865 1834 26158 9032 12793 99262 8635 2951 174716 9799 879 3625 2402 1391 4872 147287 1334074 285336 383520
internal_value=0.00239564 0.00296434 0.000428171 0.00549217 0.00670621 -0.00888998 -0.00183199 -0.00892296 0.00729492 0.00712182 0.00736028 0.00501267 0.00126871 0.0158331 0.010524 -0.0147378 -0.000334118 -0.000841867 0.000321688 -0.000614282 -0.0212022 0.0429364 -0.0251144 -0.0489464 0.00775416 -0.0111973 0.000853231 0.00206678 0.00120399 -0.00253985
internal_weight=2.7744e+06 2.15228e+06 622120 563962 438044 15932.5 13084 11034.8 422111 420418 417331 239568 125918 12483 177763 10009.4 113435 112121 106060 104458 6060.42 1314.56 3086.17 1788.81 1297.35 21942.7 600178 1.58832e+06 1.05896e+06 175481
internal_count=7998591 6099971 1898620 1433027 1105223 44412 34903 30504 1060811 1057451 1048105 608368 327804 29728 439737 28447 298076 295363 276929 273978 18434 2713 9346 6027 3319 74374 1824246 4666944 3332870 668856
is_linear=0
shrinkage=0.05


Tree=60
num_leaves=31
num_cat=0
split_feature=54 54 55 99 85 87 55 36 49 55 42 55 55 54 87 94 11 39 48 54 9 55 25 31 36 46 39 36 55 77
split_gain=1290.27 2115.33 2161.1 2036.46 3132.8 1890.14 5118.75 2401.66 2308.69 2146.45 2030.27 2009.07 2899.39 1887.63 1836 2128.45 2252.56 1950.69 1785.49 1777.6 2130.74 2068.81 1725.27 1572.73 1465.42 1448.18 1435.87 1423.58 1396.31 1409.13
threshold=2482.5000000000005 797.50000000000011 7792.5000000000009 373467.04687500006 0.90000000596046459 1.0000000180025095e-35 32257.500000000004 -5.3138663768768302 -0.96298784017562855 20282.500000000004 0.99632954597473156 6417.5000000000009 1392.5000000000002 1537.5000000000002 1.0000000180025095e-35 4033.1975097656255 0.071843307465314879 -1.2367931008338926 -0.95032352209091175 1992.5000000000002 0.14385656267404559 8992.5000000000018 1.901450574398041 396.92955017089849 -4.4340364933013907 0.095382429659366622 -5.7351930141448966 -4.5381696224212638 29372.500000000004 1.3076950907707217
decision_type=2 2 2 2 2 2 2 2 2 2 2 2 2 2 2 2 2 2 2 2 2 2 2 2 2 2 2 2 2 2
left_child=1 2 -1 5 -5 11 7 8 10 -10 -7 12 -3 -14 17 -16 22 -4 -8 21 -21 -9 -17 24 28 -19 -25 -13 29 -2
right_child=23 3 14 4 -6 6 18 19 9 -11 -12 27 13 -15 15 16 -18 25 -20 20 -22 -23 -24 26 -26 -27 -28 -29 -30 -31
leaf_value=0.023899074914575449 0.0077663293483092146 -0.024441461541495842 0.033104648216841545 0.051686880038286677 -0.037564764229520757 -0.042268444778911049 -0.0872420436775454 -0.034848100056680174 -0.018900060382645693 -0.045583132720416822 0.041565275191251479 0.00052154920027658173 0.083322916879680992 0.022116571501954979 0.047633438121394756 -0.010590534005435068 0.042532806887843708 0.037106834056935066 0.042777827507628957 -0.057338003410436836 0.02976803918224229 0.0073652164758123487 -0.049447257030001864 0.0044383212073807075 0.0015401805534040328 -0.009567354831024083 0.00051356219810988208 -0.024297636723167232 0.029604322585321953 0.003382685316690854
leaf_weight=12659.828128188848 282816.86706352234 2367.454024463892 7019.1539734005928 3358.5150391757488 1389.0939514487982 1079.6886063367128 279.30266432464123 6182.3722015321255 17312.675545051694 13351.329419508576 2176.1579042375088 24352.488599643111 1823.455572411418 4074.2377259731293 1580.2775079756975 17927.534697175026 1729.4186683297157 2048.8953298777342 4567.1165032833815 808.07846276462078 5307.8741586357355 5469.1398517787457 3397.5851507335901 298757.80921572447 449350.70812250674 8779.8181492388248 1059407.4083233923 7573.4950031042099 5771.5163792073727 521141.36598429084
leaf_count=32259 759298 7879 17972 7094 4785 4211 1139 20946 54991 50426 5118 73764 3600 10851 3485 54561 4013 5100 10421 2993 13428 15548 12114 854385 1294647 27337 3088195 25370 14821 1518973
internal_value=0.00229324 -0.00211506 0.00576751 -0.00639869 0.0255694 -0.0079681 -0.0138613 -0.0184685 -0.0262688 -0.0305193 0.0137588 0.000321456 0.022291 0.0410522 0.00036375 -0.00848347 -0.0123321 0.0125753 0.0352672 -0.00357606 0.0182507 -0.0150341 -0.0167836 0.00255703 0.00383002 -0.000733083 0.0013769 -0.00536649 0.00510073 0.00492478
internal_weight=2.77386e+06 156615 55142.5 101472 4747.61 96724.9 56533.7 51687.3 33919.9 30664 3255.85 40191.1 8265.15 5897.69 42482.7 24634.8 23054.5 17847.9 4846.42 17767.5 6115.95 11651.5 21325.1 2.61725e+06 1.25908e+06 10828.7 1.35817e+06 31926 809730 803958
internal_count=7999724 469405 156841 312564 11879 300685 179221 167661 114746 105417 9329 121464 22330 14451 124582 74173 70688 50409 11560 52915 16421 36494 66675 7530319 3587739 32437 3942580 99134 2293092 2278271
is_linear=0
shrinkage=0.05


Tree=61
num_leaves=31
num_cat=0
split_feature=79 100 100 55 85 54 28 35 79 48 54 48 78 54 86 78 87 53 38 54 6 78 22 54 55 55 23 42 46 51
split_gain=1255.66 1279.98 1553.6 1481.04 1538.27 2177.99 1338.48 1196.98 1147.45 1071.05 1826.29 1810.97 1017 1705.6 995.743 1428.51 1148.05 1790.44 1410.88 1064.27 1802.86 991.711 887.17 1165.69 1661.89 1184.38 1129.64 1175.23 963.909 886.803
threshold=5.5255424976348886 373462.07812500006 354706.68750000006 7067.5000000000009 0.90000000596046459 10972.500000000002 0.97499999403953563 -8.8504028320312482 1.4906778931617739 0.52803644537925731 3947.5000000000005 -0.52803644537925709 1.3076950907707217 2782.5000000000005 6.0000000000000009 1.2333478927612307 1.0000000180025095e-35 0.6078576147556306 -33.037477493286126 2482.5000000000005 0.0043294120114296683 0.83046793937683117 1.5000000000000002 277092.50000000006 -132897.49999999997 -322667.49999999994 2.5000000000000004 0.9930454194545747 0.12770202755928042 477.50000000000006
decision_type=2 2 2 2 2 2 2 2 2 2 2 2 2 2 2 2 2 2 2 2 2 2 2 2 2 2 2 2 2 2
left_child=1 2 8 4 5 7 9 -3 -1 10 -4 -12 -6 -14 22 19 17 -17 -18 20 -16 -21 26 24 -24 -25 27 -10 -28 -15
right_child=-2 3 6 -5 12 -7 -8 -9 14 -11 11 -13 13 29 15 16 18 -19 -20 21 -22 -23 23 25 -26 -27 28 -29 -30 -31
leaf_value=0.0039613786048474566 0.0037124210225648402 -0.078109974142434313 -0.020049585362667557 0.0010951163814817793 0.054577411783299938 -0.06689410863749061 -0.02551880972258987 0.061663911302398046 -0.019744661398373851 0.0077943568078925017 0.021691990706480962 -0.01960691720893035 -0.074492849535746822 0.044400100409237461 -0.020229582079140634 -0.0045681445862280215 -0.052133608553135452 0.0020150574900949869 0.0026635001972610752 0.0022834756954773039 0.027167813458782206 0.0080917594294840529 0.0093366395143655908 -0.0055646142844191678 -0.0037255131277105485 -0.024968108227216523 -0.0071572742891524961 0.0084394222727936525 0.01709671521744879 -0.07679151733918102
leaf_weight=390039.88693843782 900970.58862783015 157.70558176934719 16304.559415563941 8333.1190586537123 617.94039790332317 383.59715646505356 8459.2452217787504 4505.6570259928703 3954.0941423773766 13608.949622422457 7033.1305909305811 4262.2206851094961 796.33414073288441 848.28959137201309 9397.278292581439 209739.47241126746 1177.350420191884 203480.03337436914 374848.53703221679 150985.33620835841 2549.8169499486685 143189.40815132856 34448.205552726984 95626.47059455514 83067.436122104526 8568.6206766068935 34454.50775885582 57056.50470250845 4648.1710515022278 182.60258394479752
leaf_count=1046404 2273941 600 56348 26532 1193 1416 29838 9097 14512 40934 19718 14453 3451 2118 28535 772456 4453 706761 1099880 393531 6030 356937 112167 338952 287696 32443 121436 182819 14325 748
internal_value=0.00217865 0.00144075 0.00132007 0.0156 0.0317302 0.0474973 -0.00740377 0.0569202 0.00155983 -0.00368451 -0.00934477 0.00610734 -0.000818058 -0.0195743 0.000898874 0.00161726 0.000492719 -0.0013264 0.00249178 0.00451655 -0.0101119 0.00511069 -0.00154623 -0.00331031 0.000103494 -0.00716056 0.00236044 0.00661244 -0.00427369 0.0228749
internal_weight=2.7737e+06 1.87272e+06 1.8569e+06 15825.2 7492.13 5046.96 49668.1 4663.36 1.80723e+06 41208.9 27599.9 11295.4 2445.17 1827.23 1.41719e+06 1.09537e+06 789245 413220 376026 306122 11947.1 294175 321824 221711 117516 104195 100113 61010.6 39102.7 1030.89
internal_count=7999724 5725783 5680628 45155 18623 11113 161291 9697 5519337 131453 90519 34171 7510 6317 4472933 3368583 2583550 1479217 1104333 785033 34565 750468 1104350 771258 399863 371395 333092 197331 135761 2866
is_linear=0
shrinkage=0.05


Tree=62
num_leaves=31
num_cat=0
split_feature=104 48 30 54 54 55 85 87 90 55 54 36 85 40 54 86 49 55 62 94 37 48 25 55 25 55 87 36 36 24
split_gain=1144.36 2061.56 1335.41 1550.78 2091.81 2052.4 2501.98 2237.79 3857.8 3648.74 3364.45 1582.52 1784.74 2638.23 2619.37 2376.1 2334.16 2129.52 1607.78 1545.34 1535.43 1399.7 1328.01 2915.99 2176.42 2122.05 5556.71 1589.46 1503.85 1420.76
threshold=7.6039757728576669 -0.91959547996520985 0.36250001192092901 2307.5000000000005 797.50000000000011 32257.500000000004 0.90000000596046459 1.0000000180025095e-35 4909.8049316406259 7067.5000000000009 1537.5000000000002 -25.798647880554196 0.90000000596046459 -0.56174489110708226 4152.5000000000009 6.0000000000000009 -0.87137606739997853 -554294.99999999988 21.680883407592777 4607.8249511718759 8.7642416954040545 -0.41268247365951533 2.5623327493667607 8177.5000000000009 2.3151074647903447 14332.500000000002 1.0000000180025095e-35 -16.289794921874996 -18.770732879638668 69.493465423583999
decision_type=2 2 2 2 2 2 2 2 2 2 2 2 2 2 2 2 2 2 2 2 2 2 2 2 2 2 2 2 2 2
left_child=1 -1 -2 4 -4 7 -7 19 10 -10 -9 12 13 15 -14 -5 -15 -17 -18 21 -21 -6 24 29 27 26 -25 -13 -26 -24
right_child=2 -3 3 11 5 6 -8 8 9 -11 -12 22 14 16 -16 17 18 -19 -20 20 -22 -23 23 25 28 -27 -28 -29 -30 -31
leaf_value=-0.040522851339205045 0.00072317524374069999 -0.002428611185091782 0.005678085682483955 0.0057142572066450903 0.040378703038668667 0.046921569271585264 -0.033976495044165972 -0.013378038765925299 0.044052923121532001 -0.017805514296304212 -0.058880463937237296 -0.0021342265336621413 0.059406415457151251 0.041385078862074584 -0.007499691470115661 0.072943074716241604 0.010885601123139342 0.028335222001261526 -0.035139772481640692 -0.00044270865648621678 -0.040202545631357986 0.00019782736375981432 0.0062381639797649399 -0.0048616815792350016 -0.040866998145052881 0.0038725711816478686 0.044321012432247883 0.0035299959779390797 -0.0061567362619118797 -0.0092771022649890209
leaf_weight=4106.867539845407 1001830.0197754651 26228.290296308696 37635.406780838966 5330.7089002132416 3393.315603107214 3160.4371739774942 1368.98779527843 7623.4982112497091 3353.2929081916809 8239.074864834547 8698.4120962172747 136806.25139994919 1632.5550257861614 2634.9314697235823 13999.497671157122 4482.551457375288 3623.0081894099712 6641.4823094457388 3981.8090491592884 7897.9741901904345 3505.3013826906681 5996.8371922373772 67560.782727941871 8654.9079389125109 3456.3793852329254 14539.604556053877 17065.829929113388 1308033.5599765182 32044.353199958801 18876.738071545959
leaf_count=15079 2929118 80168 106795 15638 8407 6886 4667 24445 7613 26874 34590 401060 3408 5899 43084 7768 9716 15535 13233 24320 12599 18215 187090 25841 11947 42123 37940 3726645 95831 57190
internal_value=0.00207061 -0.00758726 0.00217746 0.00301466 -0.00334419 -0.00972247 0.0224675 -0.0127164 -0.0219659 8.99339e-05 -0.03763 0.00336501 0.0129081 0.0207647 -0.000508587 0.0331639 0.000838096 0.0463158 -0.0132136 -0.000298618 -0.0126675 0.0147213 0.00311365 0.00802673 0.00269315 0.0191411 0.0277715 0.00299367 -0.00953735 0.00284972
internal_weight=2.7724e+06 30335.2 2.74207e+06 1.74024e+06 90872.5 53237.1 4529.42 48707.7 27914.3 11592.4 16321.9 1.64936e+06 42326.5 26694.5 15632.1 16454.7 10239.7 11124 7604.82 20793.4 11403.3 9390.15 1.60704e+06 126698 1.48034e+06 40260.3 25720.7 1.44484e+06 35500.7 86437.5
internal_count=7999724 95247 7904477 4975359 275411 168616 11553 157063 93522 34487 59035 4699948 114281 67789 46492 38941 28848 23303 22949 63541 36919 26622 4585667 350184 4235483 105904 63781 4127705 107778 244280
is_linear=0
shrinkage=0.05


Tree=63
num_leaves=31
num_cat=0
split_feature=79 100 104 49 55 87 54 49 25 87 73 37 53 12 36 55 79 24 62 25 78 54 78 79 86 73 12 55 29 65
split_gain=1145.2 1142.94 1395.14 1841.81 1325.01 1354.62 1962.87 1231.09 1521.11 1600.9 1462.34 1387.17 1328.3 1101.07 1077.84 1063.74 1031.67 1025.65 1003.08 959.366 928.084 1551.68 847.449 859.384 845.29 1001.07 803.27 723.128 1004.99 713.981
threshold=5.5255424976348886 373462.07812500006 8.4422450065612811 0.56457334756851207 7067.5000000000009 1.0000000180025095e-35 10972.500000000002 -0.74455857276916493 2.9390091896057133 1.0000000180025095e-35 39.411052703857429 11.777685165405275 0.87837970256805431 0.027882292866706852 -14.723315238952635 20282.500000000004 3.4530960321426396 74.136180877685561 31.717864036560062 2.2447552680969243 1.3076950907707217 2782.5000000000005 1.0658904910087588 6.6557295322418222 6.0000000000000009 8.1372895240783709 0.11573895066976549 29372.500000000004 0.51249998807907116 0.51233530044555675
decision_type=2 2 2 2 2 2 2 2 2 2 2 2 2 2 2 2 2 2 2 2 2 2 2 2 2 2 2 2 2 2
left_child=1 2 16 7 5 20 14 27 11 18 -11 12 -9 -5 -7 17 -1 29 -10 -13 -3 -22 -2 -24 25 -16 -23 -4 -29 -15
right_child=22 4 3 13 -6 6 -8 8 9 10 -12 19 -14 15 24 -17 -18 -19 -20 -21 21 26 23 -25 -26 -27 -28 28 -30 -31
leaf_value=0.0019754142826082419 0.0068104877653631189 0.052296743712834597 -0.017188834957878048 -0.036658961532572649 0.00094548386448499921 -0.074628895158241781 -0.06404505084044787 0.013736848352335518 0.087507285152661804 0.030922155288975118 -0.063521297457169376 -0.0092017638525831776 -0.022227850299324923 0.035815656950091632 -0.038959988778292001 -0.030919942152722358 -0.0011293131742200722 -0.022731528140544965 -0.0018341612084057113 -0.057188879217112069 -0.071978488345851896 0.049380580171182513 0.0044291357479633439 0.0010346907200104909 0.071434410094909889 0.055631349827011158 -0.047922442549357139 0.058672921743851914 -0.014323306234148262 -0.0079338911384823959
leaf_weight=1464905.7008351833 153961.79791203141 614.55188509821892 13046.530162364244 6406.9234032183886 8337.6749698668718 157.37139974534512 382.56304118037224 16378.492243692279 1424.0190737843513 1371.5361689329147 583.36919339001179 8258.1978300213814 3043.5380335450172 2336.3352049738169 427.40218974649906 3866.7230338454247 327356.21429015696 2490.2707953304052 402.83653745055199 1191.0557103008032 779.38301236927509 736.57051831483841 373826.01485674083 372035.59988288581 3271.7549193948507 805.11496520042419 296.77030065655708 795.12657974660397 1155.5318678617477 1550.8777037411928
leaf_count=4319422 381969 1193 43562 23821 26532 600 1416 47966 2661 3574 2230 26907 10544 6334 1594 14267 1153810 8750 1249 4681 3451 1782 936615 955357 5626 1877 1084 1816 3889 5145
internal_value=0.00196722 0.00126271 0.00114871 -0.00608749 0.0146494 0.0299392 0.0447053 -0.00108492 0.00436158 0.034175 0.00271838 0.000455196 0.00809987 -0.020402 0.053643 -0.0102316 0.00140833 0.00231409 0.0678138 -0.0152564 -0.000750595 -0.0187564 0.00343316 0.002736 0.0581412 0.0228207 0.0214115 -0.0129433 0.0154436 0.0183621
internal_weight=2.7722e+06 1.87237e+06 1.85656e+06 64301.4 15809.2 7471.48 5044.21 47650.2 32653 3781.76 1954.91 28871.3 19422 16651.1 4661.64 10244.2 1.79226e+06 6377.48 1826.86 9449.25 2427.28 1812.72 899823 745862 4504.27 1232.52 1033.34 14997.2 1950.66 3887.21
internal_count=7999724 5725783 5680628 207396 45155 18623 11113 149079 99812 9714 5804 90098 58510 58317 9697 34496 5473232 20229 3910 31588 7510 6317 2273941 1891972 9097 3471 2866 49267 5705 11479
is_linear=0
shrinkage=0.05


Tree=64
num_leaves=31
num_cat=0
split_feature=86 77 54 77 81 104 54 54 25 39 42 39 38 25 94 25 99 26 37 35 22 22 37 49 13 25 7 22 90 104
split_gain=1127.97 1623.7 1044.31 844.658 1969.9 1635.31 1439.08 1579.13 1469.24 1163.2 1720.13 1190.57 1020.7 1256.3 1281.37 1270.28 970.076 1059.8 955.073 831.344 878.251 971.553 965.716 861.549 830.962 829.426 808.608 784.431 1502.27 1317
threshold=6.0000000000000009 2.1999999284744267 686137.50000000012 3.7121527194976811 1.0000000180025095e-35 7.7350633144378671 650422.50000000012 665892.50000000012 1.9714748263359072 6.3841030597686776 1.0008082985877993 0.32224681973457342 -11.160114288330076 2.4704232215881352 4544.0148925781259 2.3151074647903447 315397.53125000006 -0.83084198832511891 -3.5842219591140743 -14.097680568695067 1.0000000180025095e-35 1.5000000000000002 4.0916359424591073 -0.11969653144478797 0.012048997450619938 0.97736170887947094 -0.0096149258315563185 1.5000000000000002 4722.4199218750009 8.3621554374694842
decision_type=2 2 2 2 2 2 2 2 2 2 2 2 2 2 2 2 2 2 2 2 2 2 2 2 2 2 2 2 2 2
left_child=2 -2 -1 -3 6 9 12 -8 24 10 18 -12 16 15 -15 -14 17 -5 -6 -4 -21 22 -22 25 -9 -24 -23 28 29 -7
right_child=1 3 19 4 5 27 7 8 -10 -11 11 -13 13 14 -16 -17 -18 -19 -20 20 21 26 23 -25 -26 -27 -28 -29 -30 -31
leaf_value=0.00056696560869169623 0.0042252786294887318 0.00047502159772845506 0.022677246962058386 -0.018070607282511277 -0.022998690652097691 0.0076803200390434369 0.045849096051232829 0.027782524433430874 0.06292736550702259 -0.021511690035595839 -0.031031686734032539 0.0018161517285358827 0.0049207392994781119 0.027492159778187916 -0.0016248902298235111 -0.029427153441620297 -0.049202650367749033 0.0099910292353805278 0.011417906036725253 -0.041132027102507553 0.034573510865143708 0.029676804716884747 -0.0030032652863044413 -0.017504103490944632 0.0045660076699891583 0.040403101101445189 -0.013753937073591528 -0.00053130014093560917 -0.021135400129889379 0.050662172590957621
leaf_weight=576444.92084681988 784066.12270382047 899299.70652509481 2195.0200185477734 6713.8187196552753 2340.8463799804449 46710.577307537198 3950.8391362577677 4792.6928327828646 1336.9211659729481 13306.579371787608 7157.3459967151284 4487.4964292794466 187792.38106612861 12092.181215837598 5494.9821739345789 2729.8974827528 1301.4130647033453 6742.6570415049791 14475.009695038199 2009.0318388640881 2227.6276251375675 1112.9561711251736 3005.9366851598024 4588.3518200516701 19671.480123341084 1734.9495445489883 28278.055214881897 119137.37209099531 4416.1909017860889 1851.9955809861422
leaf_count=1750643 2102701 2665308 6292 20071 8370 137067 8050 11020 2415 47253 26411 14545 497600 28497 15312 8529 4451 17742 43813 7549 5704 3156 9237 15471 51542 4448 95956 371413 14890 4268
internal_value=0.00186931 0.00241171 -6.60485e-06 0.00137058 0.00309698 -0.000434097 0.00608663 0.0164152 0.0119063 -0.00930912 -0.00360317 -0.0183738 0.00470771 0.00560881 0.0183949 0.00442841 -0.00799836 -0.00400965 0.00662557 -0.00732922 -0.0088631 -0.0072788 0.00500275 -0.00206054 0.00911543 0.0128856 -0.0121082 0.00171961 0.00678141 0.0093206
internal_weight=2.77147e+06 2.14987e+06 621597 1.3658e+06 466503 213883 252619 29751.9 25801.1 41767.3 28460.7 11644.8 222867 208109 17587.2 190522 14757.9 13456.5 16815.9 45151.9 42956.9 40947.9 11556.9 9329.24 24464.2 4740.89 29391 172116 52978.8 48562.6
internal_count=7999724 6101268 1898456 3998567 1333259 668030 665229 73027 64977 140392 93139 40956 592202 549938 43809 506129 42264 37813 52183 147813 141521 133972 34860 29156 62562 13685 99112 527638 156225 141335
is_linear=0
shrinkage=0.05


Tree=65
num_leaves=31
num_cat=0
split_feature=86 77 55 25 77 81 55 90 55 46 22 38 94 99 25 37 55 55 99 53 55 100 90 77 26 42 25 90 42 46
split_gain=1026.96 1495.16 1008.47 868.741 809.823 1716.94 1404.99 1303.95 1066.69 1301.57 1096.98 1031.16 974.553 893.979 844.88 955.211 790.292 810.014 1034.96 789.816 784.076 912.49 1919.35 2149.28 1166.33 1082.61 1038.87 1097.44 901.15 1225.76
threshold=6.0000000000000009 2.1999999284744267 -726527.49999999988 2.0182205438613896 3.7121527194976811 1.0000000180025095e-35 -720089.99999999988 2690.504272460938 -525842.49999999988 0.069292668253183379 1.5000000000000002 -33.037477493286126 2489.6064453125005 117582.12890625001 0.44524331390857702 52.413543701171882 -635852.49999999988 -617822.49999999988 122158.90625000001 1.0000000180025095e-35 14332.500000000002 276966.62500000006 4841.6264648437509 1.3076950907707217 -2.183782577514648 1.0078396797180178 3.0152827501297002 4936.5703125000009 0.99255672097206127 0.10033870488405229
decision_type=2 2 2 2 2 2 2 2 2 2 2 2 2 2 2 2 2 2 2 2 2 2 2 2 2 2 2 2 2 2
left_child=2 -2 3 -1 -3 7 19 8 11 10 -10 -6 -8 -13 -14 -16 -9 -18 -19 -7 21 25 23 24 -23 28 -24 -28 -4 -30
right_child=1 4 20 -5 5 6 12 16 9 -11 -12 13 14 -15 15 -17 17 18 -20 -21 -22 22 26 -25 -26 -27 27 -29 29 -31
leaf_value=-0.013465944441252462 0.0040182537058846895 0.00040138279166223489 -0.0076315741536243627 0.023535334555978379 -0.076301634872202012 -0.046122050652073747 0.057024741050877882 0.089728052356893545 0.037587088584336632 -0.061826249198580478 -0.022110477159010204 0.011241474061274778 -0.007997305532521419 0.026545915203474813 0.0018105575971044002 -0.042065645135181129 -0.019520689254093365 -0.037566580420370838 0.0045035000522208428 -0.011050056782953423 -0.0059854342871319384 0.079403391617628202 -0.011593068704737313 -0.0028333266332293515 0.015607264912960765 -0.0098136255892264726 -0.0091948802002282792 0.031817520404340618 -0.0003274454649577188 0.0061236269801740427
leaf_weight=20208.629160642624 783393.33256746829 899425.64978652447 31085.48456530273 1720.4717216342688 309.74010564386845 2244.0698310732841 757.87681268155575 266.57842075824738 1362.2777092754841 991.45534521341324 1765.8319743871689 38260.439351737499 26926.223020225763 12713.90469032526 177341.47702862322 1248.18727619946 3671.864383071661 1472.1339201629162 191531.84661129117 5638.3142823129892 45098.148786813021 728.11631911993027 19735.683409705758 21093.0926130265 41526.097859606147 26603.15535081923 3243.906858637929 3278.8400358557701 310942.2083658427 96481.000680029392
leaf_count=69634 2101577 2666201 97031 4942 1165 9436 1674 391 2991 3436 5257 96560 88081 29356 545189 4708 10840 4661 510262 19588 147240 1384 64210 64692 115002 85367 10221 8392 948567 282815
internal_value=0.0017592 0.0022769 -3.04467e-05 -0.0105618 0.00127818 0.00296865 -0.000324045 0.00576304 0.0125395 -0.0119361 0.00388965 0.0145059 0.000467655 0.0150592 0.00025879 0.00150364 0.00385662 0.00373974 0.00418239 -0.0210401 0.000354585 0.000870043 0.00549019 0.0102016 0.0167086 -2.00472e-05 -0.00587556 0.0114221 0.000574113 0.00120022
internal_weight=2.77107e+06 2.14932e+06 621745 21929.1 1.36593e+06 466502 214156 252346 55403.6 4119.57 3128.11 51284.1 206274 50974.3 205516 178590 196942 196676 193004 7882.38 599816 554718 89605.7 63347.3 42254.2 465112 26258.4 6522.75 438509 407423
internal_count=8000870 6101373 1899497 74576 3999796 1333595 668676 664919 138765 11684 8248 127081 639652 125916 637978 549897 526154 525763 514923 29024 1824921 1677681 263901 181078 116386 1413780 82823 18613 1328413 1231382
is_linear=0
shrinkage=0.05


Tree=66
num_leaves=31
num_cat=0
split_feature=79 79 49 42 13 36 22 26 87 90 54 54 54 55 54 54 13 54 31 65 54 54 55 46 13 54 25 55 55 77
split_gain=1035.94 1166.93 1007.03 1720 1528.62 1325.32 1901.4 2083.84 1607.17 1604.48 1357.32 1320.98 1023.24 2495.37 2759.88 1233.62 1316.89 1299.17 991.662 1393.86 1541.43 1252.5 1477.89 1198.29 1105.67 1222.92 1212.94 927.273 918.68 882.192
threshold=5.5255424976348886 1.4906778931617739 0.91959547996521007 1.002638638019562 0.0085426303558051603 -28.908246040344235 3.5000000000000004 0.34877969324588781 1.0000000180025095e-35 3314.1210937500005 20302.500000000004 225240.00000000003 245790.00000000003 -162322.49999999997 85732.500000000015 443322.50000000006 0.017264218069612983 476855.00000000006 396.92955017089849 0.47958080470561987 749277.50000000012 1372.5000000000002 6417.5000000000009 0.20934636890888217 0.012715029064565899 797.50000000000011 1.997237026691437 -717562.49999999988 19697.500000000004 1.3076950907707217
decision_type=2 2 2 2 2 2 2 2 2 2 2 2 2 2 2 2 2 2 2 2 2 2 2 2 2 2 2 2 2 2
left_child=1 -1 5 4 -4 6 7 -3 29 -10 -8 -12 13 -6 -15 16 -14 -17 19 21 27 22 -7 -23 -20 26 -26 -21 -27 -9
right_child=-2 2 3 -5 12 18 10 8 9 -11 11 -13 15 14 -16 17 -18 -19 24 20 -22 23 -24 -25 25 28 -28 -29 -30 -31
leaf_value=0.0033787808434639979 0.0030681208965632001 -0.0053192444673798881 0.025251291125125166 -0.011788338731046295 -0.032154606343786106 0.041799386616931604 0.056726279300319572 0.035149101567001781 0.058922684460409616 0.010741112596876353 -0.018296376945067746 0.026141750740496329 0.023054221471029535 -0.0070336351072078605 0.026085688673704144 -0.032689923242309175 -0.0017155592331493546 0.0004808915552137484 0.0039726186021507084 0.016292917560227577 -0.035491162236051643 0.0037998611562953056 -0.016042064119395481 0.014949183976856123 0.017969063506598822 -0.0018495962817651182 -0.039335190835627219 -0.00071213890033199176 -0.014473030954694838 -0.021567616375886254
leaf_weight=404861.41349759698 897619.75638705492 23733.342060655355 5603.7674689739943 44091.332035452127 7990.1824256628752 1212.3844617307186 2722.403697475791 938.87542268633842 3548.1243394315243 3368.8039580136538 2104.4177016317844 8130.5621145218611 12625.75711235404 41553.304474711418 7411.2554368376732 3243.9616830348969 9330.7027779072523 32676.154376149178 97237.174464941025 8246.1827029138803 3132.467734746635 299760.44534487277 12288.211413562298 26205.893969118595 11741.969775736332 494064.09197965264 1001.2652452290058 286750.3826456219 14845.087365835905 2533.2945134341717
leaf_count=1087263 2272617 77389 15483 150309 29200 3340 6461 2042 7938 10062 7208 22842 35301 139903 21055 12041 30267 104112 301436 24593 12366 927069 43375 74468 33937 1580195 3723 901849 53083 9943
internal_value=0.00167153 0.0010022 0.000346796 -0.00333925 -0.000245916 0.000812027 0.00904812 0.00285574 0.0215303 0.0354621 0.0253535 0.0170034 -0.00149043 -0.00624831 -0.00202018 0.00319161 0.0125281 -0.00251547 0.000503415 0.00188732 -0.000607274 0.00407816 -0.0108447 0.00469626 -0.000922316 -0.00183476 0.0134634 -0.000236718 -0.00221786 -0.00622426
internal_weight=2.77057e+06 1.87295e+06 1.46809e+06 164526 120435 1.30357e+06 47079.8 34122.4 10389.1 6916.93 12957.4 10235 114831 56954.7 48964.6 57876.6 21956.5 35920.1 1.25649e+06 637596 298129 339467 13500.6 325966 618890 521652 12743.2 294997 508909 3472.17
internal_count=8000870 5728253 4640990 537671 387362 4103319 143885 107374 29985 18000 36511 30050 371879 190158 160958 181721 65568 116153 3959434 1987060 938808 1048252 46715 1001537 1972374 1670938 37660 926442 1633278 11985
is_linear=0
shrinkage=0.05


Tree=67
num_leaves=31
num_cat=0
split_feature=100 104 49 12 55 87 54 54 77 35 87 36 54 54 86 86 48 30 73 104 48 54 45 55 39 35 46 49 30 36
split_gain=1000.56 1318.9 1606.65 1124.8 1058.54 2343.06 2191.03 1167.85 1906.46 1142.09 1128 1519.09 1347.24 1352.73 1299.93 1118.93 1099.27 1332.16 1061.75 998.747 1821.82 1084.91 970.785 1675.85 1326.37 1502.71 1408.79 1456.37 1366.76 1242.47
threshold=373462.07812500006 8.4422450065612811 0.5464349389076234 0.027882292866706852 7067.5000000000009 1.0000000180025095e-35 10972.500000000002 2782.5000000000005 1.3076950907707217 -8.8504028320312482 1.0000000180025095e-35 -10.352874755859373 10732.500000000002 11232.500000000002 6.0000000000000009 6.0000000000000009 0.78661888837814342 0.56250000000000011 6.0282175540924081 7.6039757728576669 -0.91959547996520985 738072.50000000012 1.0020377039909365 24342.500000000004 -2.4587131738662715 4.898850917816163 0.058595053851604469 0.96863394975662243 0.91750001907348644 31.948019027709964
decision_type=2 2 2 2 2 2 2 2 2 2 2 2 2 2 2 2 2 2 2 2 2 2 2 2 2 2 2 2 2 2
left_child=1 19 -3 -4 5 7 9 8 -2 -7 16 -12 -13 -14 -15 18 17 -6 -11 20 -1 -22 -21 24 25 -24 29 -28 -27 -26
right_child=4 2 3 -5 10 6 -8 -9 -10 15 11 12 13 14 -16 -17 -18 -19 -20 22 21 -23 23 -25 26 28 27 -29 -30 -31
leaf_value=-0.038545415671169821 0.039806025320536016 -0.0003345128876914726 -0.028137994130520649 -0.0066294913413160617 -0.030846231833729074 -0.068157188550095824 -0.06013350199096619 0.019194841876795345 -0.076923661123378201 -0.057806473353003943 0.042801138508629127 -0.038116858030375116 0.064183494481483805 0.033500227155898323 -0.07082156132512761 0.066967306752431163 0.053019940819487715 0.029197640152095118 0.038710487467852557 0.0023351030040906994 -0.035113915262661971 0.0006846112467946752 -0.003784840097137874 0.023054238822772785 -0.012067336919641833 0.0039803602169412016 -0.00013241505849587607 -0.014877681521397913 0.018494559809994527 0.032379761787814973
leaf_weight=4047.5805151611567 507.2841334939003 69099.366769790649 9954.8757904917002 15611.954778388143 1570.1974094808102 200.6741568595171 495.91376242041588 1639.0152204185724 1121.6795424968004 351.42053613066673 1103.548037737608 3902.3775768429041 771.73563078045845 573.90414598584175 620.44075082242489 4235.3933649808168 1677.6593509018421 2240.7138631641865 1487.7367242127657 2026290.041169405 2321.9922771751881 23799.120785236359 55231.527678951621 7805.3769017010927 41879.968660533428 116450.69376982749 336726.59886497259 17621.195367395878 18844.166736587882 1632.6450792402029
leaf_count=14952 1055 203703 33887 48619 5319 740 1787 4279 4801 1337 2674 13670 1621 1576 2335 7373 3888 5823 3556 5819813 8084 71980 163716 20497 129981 333961 980358 55587 49787 4111
internal_value=0.00158827 0.00150227 -0.00429683 -0.0150052 0.0120891 0.0241708 0.0409502 -0.010596 -0.0405671 0.0489477 0.00235371 -0.0109929 -0.0211152 0.0126303 -0.0207028 0.0528277 0.0193075 0.00445504 0.0202442 0.00170923 -0.00733616 -0.00249867 0.00181329 3.97717e-05 -0.000265562 0.00316493 -0.00190837 -0.00086573 0.00600209 -0.0103988
internal_weight=2.76982e+06 2.74732e+06 94666.2 25566.8 22499.7 10039.1 6771.14 3267.98 1628.96 6275.22 12460.6 6972.01 5868.46 1966.08 1194.34 6074.55 5488.57 3810.91 1839.16 2.65265e+06 30168.7 26121.1 2.62248e+06 596192 588387 190526 397860 354348 135295 43512.6
internal_count=8000870 7939036 286209 82506 61834 24928 14793 10135 5856 13006 36906 21876 19202 5532 3911 12266 15030 11142 4893 7652827 95016 80064 7557811 1737998 1717501 547464 1170037 1035945 383748 134092
is_linear=0
shrinkage=0.05


Tree=68
num_leaves=31
num_cat=0
split_feature=86 77 90 25 46 77 81 104 90 39 42 39 35 36 36 94 37 90 90 42 25 22 104 90 44 25 25 46 8 42
split_gain=925.263 1352.29 832.984 747.745 757.717 729.759 1542.58 1323.26 1175.3 1009.02 1434.58 1138.21 976.247 885.031 799.278 1664.22 1207.18 872.837 3481.79 1041.82 761.865 715.468 1066.32 1488.83 1450.24 1108.62 2535.38 1036.31 950.28 936.348
threshold=6.0000000000000009 2.1999999284744267 2522.3779296875005 1.3461335301399233 0.074752520769834532 3.7121527194976811 1.0000000180025095e-35 7.7350633144378671 2690.504272460938 6.6578950881958017 1.0008082985877993 0.32224681973457342 -32.75610160827636 -6.8739049434661856 -5.4083583354949942 2747.4660644531255 7.1246368885040292 2921.341430664063 3128.451538085938 0.99799588322639476 2.8366353511810307 1.0000000180025095e-35 7.7438342571258554 2820.4050292968755 1.0012720227241518 1.7581230998039248 1.6587076187133791 0.065707813948392882 0.0074329976923763761 1.0056451559066775
decision_type=2 2 2 2 2 2 2 2 2 2 2 2 2 2 2 2 2 2 2 2 2 2 2 2 2 2 2 2 2 2
left_child=2 -2 -1 4 -4 -3 8 9 12 10 13 -12 -7 -8 17 16 -16 19 -19 -9 -11 27 -23 24 28 26 -25 -5 -24 -27
right_child=1 5 3 21 -6 6 7 14 -10 20 11 -13 -14 -15 15 -17 -18 18 -20 -21 -22 22 23 25 -26 29 -28 -29 -30 -31
leaf_value=-0.0068754435054629737 0.0036576031652070782 0.00021844121358882492 -0.00056563461096096994 0.0047171205802639914 0.0039606861612370104 -0.074074346098590454 -0.0010748391588795826 0.0086441840920139339 0.0034966115064520367 -0.021954289134925378 -0.029309985110845174 0.002215635347164614 0.012260240500418802 0.024314716516126912 -0.049110204364005511 -0.0046995869060207857 0.033573885881880712 0.042847595854437689 0.0032143721082408118 -0.025975393584381321 0.061993209409622621 -0.016476953556152744 -0.044254336336088607 -0.0018114922149787928 0.06382042375124386 0.0050355360985428537 -0.029816846810282183 -0.018632728770970143 0.037232706210322895 -0.005047918062019402
leaf_weight=43341.348711922765 782628.93322943151 899220.4108646661 187992.31010055542 7162.3892992734909 181944.08864969015 328.40337142348289 12295.913781911135 3884.9386321902275 196817.07159423828 12520.911049738526 7104.4681852012873 4794.6270661205053 54979.259769767523 4760.2335576713085 489.07837803661823 65963.595625713468 4452.4829972088337 5918.8959479182959 86696.167310014367 4929.4604866355658 275.26562908291817 10627.636370047927 720.76366811990738 51108.273146927357 1772.1576158702374 80262.734381690621 9598.8019282966852 14114.287417858839 708.44313217699528 32281.493471056223
leaf_count=142251 2101577 2666201 574347 21697 542233 1239 39508 11630 526154 44898 26277 15575 137526 13472 1831 208240 12165 14227 262772 17415 666 34832 2620 156501 3913 238164 33103 46822 1807 101207
internal_value=0.00150892 0.00200054 -0.000189871 0.000311195 0.00166052 0.00105075 0.00265609 -0.00046505 0.00530635 -0.00845132 -0.00328357 -0.0166075 0.0117462 0.0060119 0.00146979 -0.00260278 0.0253811 0.0043168 0.00574776 -0.010717 -0.0201434 -0.00208449 -0.00109634 -0.000169854 0.0336117 -0.000794294 -0.00624011 -0.0107724 -0.00386076 0.0021432
internal_weight=2.76969e+06 2.14806e+06 621635 578293 369936 1.36543e+06 466211 214086 252125 41751.4 28955.2 11899.1 55307.7 17056.1 172335 70905.2 4941.56 101429 92615.1 8814.4 12796.2 208357 187080 176453 3201.36 173251 60707.1 21276.7 1429.21 112544
internal_count=8000870 6101373 1899497 1757246 1116580 3999796 1333595 668676 664919 140396 94832 41852 138765 52980 528280 222236 13996 306044 276999 29045 45564 640666 572147 537315 8340 528975 189604 68519 4427 339371
is_linear=0
shrinkage=0.05


Tree=69
num_leaves=31
num_cat=0
split_feature=79 79 30 54 42 55 55 22 36 53 36 48 35 44 37 6 54 25 48 55 90 42 25 42 26 22 65 54 25 25
split_gain=955.661 1080.05 842.603 1340.3 1418.27 1322.83 2370.02 1411.24 1270.25 1237.08 929.508 1815.53 1316.76 1584.61 984.707 1420.51 883.063 999.537 858.412 841.207 1000.31 840.294 1319.48 833.877 830.098 829.062 809.937 1234.82 797.368 1535.78
threshold=5.5255424976348886 2.0533512830734257 0.37250000238418585 609495.00000000012 1.004572927951813 -444337.49999999994 -397617.49999999994 1.5000000000000002 -25.798647880554196 1.0000000180025095e-35 -18.112094879150387 -0.31107263267040247 -1.0895766019821165 1.0022060275077822 5.2181971073150644 -0.00093311801902018477 740567.50000000012 1.4181749224662783 0.95032352209091198 -599707.49999999988 2756.880004882813 1.001972556114197 2.0833431482315068 1.015250086784363 -0.46579289436340326 3.5000000000000004 0.52273023128509533 749277.50000000012 0.63555029034614574 0.8813937008380891
decision_type=2 2 2 2 2 2 2 2 2 2 2 2 2 2 2 2 2 2 2 2 2 2 2 2 2 2 2 2 2 2
left_child=1 -1 3 5 16 9 7 18 25 21 11 12 13 -10 -13 -16 -5 -18 -7 -11 -21 24 -23 -8 -3 -4 28 -28 -12 -30
right_child=-2 2 8 4 -6 6 23 -9 10 19 26 14 -14 -15 15 -17 17 -19 -20 20 -22 22 -24 -25 -26 -27 27 -29 29 -31
leaf_value=0.0021648930340239262 0.0027763048210200699 -0.028801123998904134 0.0065056389765346589 0.0089443717566260305 -0.022101413444738434 0.034622245912669547 -0.0028159314257556012 0.0028919291429431284 0.0064973713598618634 -0.038938772822623008 0.0072726660457157651 -0.020486445639906932 -0.026528515299478757 0.0681068903413104 0.02110250925105947 -0.016974226526460759 -0.018752995734539195 0.020915058204252743 -0.029190241324100953 0.00087812695028558331 -0.017112620351471288 -0.047249189572526107 0.050571643169194526 -0.028560769234781909 -0.003801490560385232 0.029649887866637765 -0.00075568465348864206 -0.035974989016862795 -0.0057458328670256407 0.0033914896467410189
leaf_weight=811080.29288259149 896361.27288073301 5873.9847625941038 11768.940698444843 52260.284542247653 4655.109916716814 7906.2988628447056 253809.64387431741 10420.810777127743 16757.402717247605 1782.0784207582474 72670.479517027736 19619.970243006945 2801.2299660593271 1112.0579492002726 4166.7236873283982 5940.0609708875418 6194.0629860162735 2134.3954237997532 563.82511915266514 29477.818814516068 10469.662181094289 4261.5000021606684 374.20786392688751 3183.827007189393 7638.7289377450943 5764.8502248823643 251346.37140218914 2512.6632076874375 59102.095682784915 207214.93867130578
leaf_count=2223890 2272617 22394 37345 164234 17351 19445 862167 32867 53220 7111 230891 70849 10298 2600 12526 20909 23435 6545 1945 97425 38666 17777 932 12341 26067 16040 823591 10412 197907 667073
internal_value=0.00143368 0.000791089 -0.000258335 -0.00206641 0.00449106 -0.00334065 -0.00187851 0.0152139 0.000838924 -0.0100771 0.000476965 -0.00604187 0.00533839 0.0103354 -0.0139553 -0.0012753 0.00653461 -0.00858508 0.0303709 -0.00533722 -0.00383718 -0.0209747 -0.0393425 -0.00313501 -0.0146705 0.0141167 0.00103114 -0.00110444 0.00263044 0.00136367
internal_weight=2.76923e+06 1.87286e+06 1.06178e+06 401006 65243.9 335762 275884 18890.9 660778 59878 643244 50397.4 20670.7 17869.5 29726.8 10106.8 60588.7 8328.46 8470.12 41729.6 39947.5 18148.4 4635.71 256993 13512.7 17533.8 592847 253859 338988 266317
internal_count=8000870 5728253 3504363 1350702 211565 1139137 928765 54257 2153661 210372 2100276 170402 66118 55820 104284 33435 194214 29980 21390 143202 136091 67170 18709 874508 48461 53385 1929874 834003 1095871 864980
is_linear=0
shrinkage=0.05


Tree=70
num_leaves=31
num_cat=0
split_feature=49 55 87 22 90 94 55 55 26 55 49 25 25 42 50 54 50 55 12 25 85 94 94 30 85 25 50 100 85 13
split_gain=1007.29 1639.2 1295.12 2896.53 3298 2623.24 2836.09 1758.14 1734.44 1698.67 1710.17 1611.39 1558.7 1451.61 2360.34 1942.01 1406.78 1297.91 1274.31 1778.87 2416.42 4081.25 1741.39 1609.59 1733 1457.6 1447.71 1327.12 1422.65 1710.61
threshold=0.16288578510284427 14332.500000000002 1.0000000180025095e-35 1.5000000000000002 4655.3000488281259 4038.530395507813 27067.500000000004 14952.500000000002 1.0979089736938479 19697.500000000004 -0.56457334756851185 5.1571481227874765 1.9580816626548769 1.0001050829887392 -212.49999999999997 642.50000000000011 -592.49999999999989 20822.500000000004 0.015980327501893047 0.65803015232086193 0.90000000596046459 4213.9904785156259 2397.543090820313 0.42249999940395361 0.90000000596046459 1.2252159714698794 -382.49999999999994 100646.24218750001 0.90000000596046459 0.03156502544879914
decision_type=2 2 2 2 2 2 2 2 2 2 2 2 2 2 2 2 2 2 2 2 2 2 2 2 2 2 2 2 2 2
left_child=1 18 7 4 9 -5 13 -3 -9 10 -4 -6 16 15 -15 -7 -8 -10 19 -1 21 25 23 24 -20 -21 -22 28 29 -24
right_child=-2 2 3 5 11 6 12 8 17 -11 -12 -13 -14 14 -16 -17 -18 -19 22 20 26 -23 27 -25 -26 -27 -28 -29 -30 -31
leaf_value=0.0028030891896677268 0.00025593278238612063 -0.039133120201488653 -0.053726301717496108 0.036852217382811782 0.013690729981947057 -0.061129800115926031 -0.064284992370595609 0.00023726209838090587 0.0045161531185105809 -0.058607676515485319 0.0093414228933325176 -0.0594869799206246 -0.0308285639391956 -0.012333370028298419 -0.054596840944090397 0.0032454245451707118 0.025863764657167804 0.04346275568161978 0.042508441269837272 -0.011130140873281706 0.017910498014430194 0.037836663293280989 0.040960395086886696 -0.026495549019674193 -0.043287926604194733 -0.039798718936474888 -0.0011428912765490517 0.0034823680833614397 -0.003773697171927431 -0.051834299161823263
leaf_weight=212146.84061178565 1189552.7310034856 2384.2101597636938 1911.1764886081219 4000.6342440843582 5310.0526942461729 1270.1789805293083 450.76878152787685 37371.118010789156 4037.4763680994511 6500.6220093518496 2454.0073570460081 875.41943445801735 1598.1063549220562 13931.575149729848 4330.0463107079268 14943.266843810678 10303.175209060311 4550.1321174353361 1977.6451014280319 68656.29826849699 13228.49106618762 4174.6058373600245 6649.3628075867891 8713.312148489058 836.81777855753899 4739.1873270124197 40456.676748976111 1096522.7379384041 3805.5281487852335 535.83663603663445
leaf_count=604954 3490325 8356 7057 9248 14585 4931 1723 111757 11705 26457 6946 3482 5712 43542 16059 44076 25870 10938 4631 204515 36267 9640 15367 30643 3170 15947 121595 3097192 11880 1880
internal_value=0.00135469 0.00218262 -0.0035326 -0.00798687 -0.0258188 -0.00200427 -0.00532477 0.00272163 0.00489385 -0.0424086 -0.0182759 0.00332526 0.0152314 -0.0126902 -0.0223573 -0.00180095 0.0220789 0.0251552 0.00263682 -2.75054e-05 -0.0046026 -0.0102464 0.00345443 -0.0158776 0.0169907 -0.0129819 0.00355218 0.00365567 0.020943 0.0340333
internal_weight=2.76822e+06 1.57867e+06 116222 67879 17051.3 50827.8 46827.1 48342.9 45958.7 10865.8 4365.18 6185.47 12352.1 34475.1 18261.6 16213.4 10753.9 8587.61 1.46244e+06 343402 131255 77570.1 1.11904e+06 11527.8 2814.46 73395.5 53685.2 1.10751e+06 10990.7 7185.2
internal_count=8000450 4510125 352444 209688 58527 151161 141913 142756 134400 40460 14003 18067 33305 108608 59601 49007 27593 22643 4157681 992918 387964 230102 3164763 38444 7801 220462 157862 3126319 29127 17247
is_linear=0
shrinkage=0.05


Tree=71
num_leaves=31
num_cat=0
split_feature=30 90 54 54 37 85 55 54 54 25 36 85 26 53 54 48 48 25 48 54 39 54 37 39 55 55 81 55 25 54
split_gain=910.385 1722.17 1324.82 1984.33 1892.08 3437.56 1600.75 2349.97 1478.66 1477.15 1430.67 1672.6 2366.23 2539.85 2038.48 1739.25 1405.69 1716.05 1351.74 1315.81 1505.82 1726.26 1579.88 1774.26 1380.11 2230.54 1762.91 1772.54 1747.01 1659.33
threshold=0.3275000005960465 2389.119995117188 2482.5000000000005 797.50000000000011 3.9589381217956547 0.90000000596046459 5672.5000000000009 1372.5000000000002 1537.5000000000002 2.7029058933258061 -27.472447395324703 0.90000000596046459 -0.60832870006561268 -1.0000000180025095e-35 4152.5000000000009 0.74455857276916515 0.9015902876853944 3.9440788030624394 -0.37256073951721186 609495.00000000012 -5.6278085708618155 659442.50000000012 -0.93939509987831105 18.264387130737308 -457954.99999999994 -397617.49999999994 1.0000000180025095e-35 -478187.49999999994 1.7380998134613039 604575.00000000012
decision_type=2 2 2 2 2 2 2 2 2 2 2 2 2 2 2 2 2 2 2 2 2 2 2 2 2 2 2 2 2 2
left_child=19 -2 3 -3 5 -5 -6 -8 -7 -9 11 12 13 15 -13 -4 17 -16 -10 24 -21 22 -22 -24 26 -26 27 29 -28 -1
right_child=1 2 10 4 6 8 7 9 18 -11 -12 14 -14 -15 16 -17 -18 -19 -20 20 21 -23 23 -25 25 -27 28 -29 -30 -31
leaf_value=0.0007359729172728125 -0.018769757753752416 0.005072863684853237 0.047742836877693491 -0.043688400245264616 -0.026945149962651339 -0.030613141094358788 -0.019617779838962682 0.0051934634229650785 0.055822790660558633 0.049637729345662206 0.0021637147167331075 0.061999742210322784 0.0392305173742876 -0.014156008126682305 -0.02484068928636235 -0.026252729061822438 0.031949904107390951 0.036043113482014014 0.00028010668396884317 0.012336832217139992 -0.0293960107297217 -0.0033561718215479597 0.019130426473073673 -0.017533273861130481 0.010044066962956223 -0.00072641297839360274 -0.024805496744601422 -0.02165917039764241 0.020835850158173595 -0.030889644524829937
leaf_weight=88489.719274714589 9991.0056149587035 39736.128950834274 3976.307147949934 9434.3676076978445 6211.3410802334547 2630.2711251527071 10245.830505698919 23158.739689230919 1478.6919403672218 2032.7966307252645 1695905.683114782 1127.9300098866224 9725.9497464001179 6731.6804469972849 8128.0850424021482 991.46219155192375 1805.7243825346231 1348.518024072051 4218.7809640616179 42419.596629500389 2245.1739732325077 68092.84871225059 24407.515075430274 3814.6767927110195 52167.363398879766 611984.6359038502 17404.341505691409 11372.646341025829 2382.8745967149734 4350.5338436812162
leaf_count=255248 34873 112729 8528 37547 20596 9257 33594 66467 3308 4563 4848866 2266 21958 20331 26814 3135 4626 3332 13021 116021 7366 205132 64021 12311 141266 1800836 62572 37977 7096 14793
internal_value=0.00128699 0.00193155 0.00204465 -0.00357621 -0.00936111 -0.0230241 -0.00353364 0.000570349 0.000387939 0.00878186 0.00236683 0.0125471 0.0210074 0.00585578 -0.00205928 0.0329716 -0.00846883 -0.0161735 0.0147035 1.13196e-05 0.00446023 0.00107005 0.0109624 0.0141741 -0.000784472 0.000119586 -0.00562666 -0.00302872 -0.0193081 -0.00074628
internal_weight=2.76801e+06 1.83888e+06 1.82889e+06 99146.9 59410.8 17762.1 41648.7 35437.4 8327.74 25191.5 1.72974e+06 33835.7 21425.4 11699.4 12410.3 4967.77 11282.3 9476.6 5697.47 929132 140980 98560.2 30467.4 28222.2 788152 664152 124000 104213 19787.2 92840.3
internal_count=8000450 5275811 5240938 301082 188353 63133 125220 104624 25586 71030 4939856 90990 53952 31994 37038 11663 34772 30146 16329 2724639 404851 288830 83698 76332 2319788 1942102 377686 308018 69668 270041
is_linear=0
shrinkage=0.05


Tree=72
num_leaves=31
num_cat=0
split_feature=49 44 90 46 85 35 53 30 42 36 85 42 37 37 46 22 90 94 35 85 22 11 42 90 85 99 48 90 37 42
split_gain=877.393 1265.84 1010.67 1663.58 1657.77 1007.53 1502.16 1000.6 941.149 1409.3 1003.83 1673.19 1384.3 1378.34 1251.29 935.44 2555.33 1741.65 1842.38 2974.02 2318.93 2242.31 1826.03 1793.68 1484.8 2941.5 2977.03 4240.47 2859.4 2454.93
threshold=0.16288578510284427 1.0024055838584902 2389.119995117188 0.079963020980358138 0.90000000596046459 31.351219177246097 1.0000000180025095e-35 0.017499999608844522 1.0009680390357973 -0.89815106987953175 0.90000000596046459 1.0059738755226137 -1.5061573982238767 9.2953634262084979 0.079566035419702544 1.5000000000000002 2460.631469726563 4055.609985351563 7.916095733642579 0.90000000596046459 3.5000000000000004 0.099829282611608519 1.0030390620231631 4567.8698730468759 0.90000000596046459 172186.90625000003 0.39271505177021032 4523.2231445312509 11.777685165405275 0.996496081352234
decision_type=2 2 2 2 2 2 2 2 2 2 2 2 2 2 2 2 2 2 2 2 2 2 2 2 2 2 2 2 2 2
left_child=2 15 3 4 -1 8 -7 -4 -3 10 11 13 -12 -10 -13 16 -2 -17 19 20 -19 -22 23 -21 25 29 -27 -28 -26 -18
right_child=1 5 7 -5 -6 6 -8 -9 9 -11 12 14 -14 -15 -16 17 24 18 -20 22 21 -23 -24 -25 28 26 27 -29 -30 -31
leaf_value=0.031180074738647052 -0.025606108288752628 0.0042818423522813847 -0.010797613288830917 -0.035214714260572592 -0.039712270214932899 0.026203750195893046 -0.015038327624217213 0.0022124717107915646 0.0068365442178861431 -0.0010366060305509659 -0.057366244078365658 -0.056072279992577738 -0.0013339578813789065 -0.012920871781720756 -0.01996609205097279 0.0016605552205230475 -0.0072040355880878208 -0.017704413327489992 0.011497303349312427 -0.0037821775351866288 -0.0040728226945900307 0.052151735484311325 -0.02830331485222766 0.013871882147655935 0.0058340183856656893 -0.0041834205437138077 0.0026763338858546782 0.045561364052015496 -0.010285931096839555 0.017501411399700021
leaf_weight=2654.4280752688646 7423.4490386396646 36394.878034293652 14919.622166112065 4674.7128141522408 1195.0797587037086 6823.4949662685394 3262.8378499746323 1554849.4100648537 11980.650385782123 139552.12893845141 1131.0968848317862 2886.6191549003124 41867.392607815564 33531.094552755356 14221.867302834988 425381.19634953141 11741.216314673424 59122.877225056291 16463.347502961755 30183.118381008506 26339.754863470793 1900.3017796725035 4538.4413062483072 27491.474337622523 72078.873444184661 72419.4198153615 20113.059868305922 8079.1131152510643 44488.518691346049 69994.181179702282
leaf_count=6516 25348 105352 45526 18077 4501 17936 10364 4435505 33567 413936 4283 10680 127838 103436 45320 1239905 34487 188005 46315 91990 78473 4000 15363 77840 208304 213542 56894 18382 138290 180475
internal_value=0.00122274 0.00019724 0.00199557 -0.0151734 0.00916565 -0.00266456 0.0128616 0.00208881 -0.0032208 -0.00433458 -0.00869204 -0.0127312 -0.00280933 -0.00771972 -0.0260613 0.00112695 0.00336952 -3.46249e-05 -0.00437757 -0.00612497 -0.0120745 -0.000287526 0.00222971 0.00463291 0.00408922 0.00690674 0.00118283 0.0149674 -0.000318232 0.0139524
internal_weight=2.7677e+06 1.18941e+06 1.57829e+06 8524.22 3849.51 291652 10086.3 1.56977e+06 281566 245171 105619 62620.2 42998.5 45511.7 17108.5 897758 306338 591421 166039 149576 87362.9 28240.1 62213 57674.6 298914 182347 100612 28192.2 116567 81735.4
internal_count=8000450 3490325 4510125 29094 11017 872712 28300 4481031 844412 739060 325124 193003 132121 137003 56000 2617613 875722 1741891 501986 455671 270478 82473 185193 169830 850374 503780 288818 75276 346594 214962
is_linear=0
shrinkage=0.05


Tree=73
num_leaves=31
num_cat=0
split_feature=100 104 49 49 31 53 46 13 55 85 54 54 77 35 86 85 36 54 54 86 49 49 54 73 46 54 85 37 55 31
split_gain=864.458 1154.73 1436.66 1038.28 1145.24 1234.88 1028.11 962.468 960.017 2229.83 2088.4 1075.13 1707.07 996.975 1019.44 977.934 1362.56 1198.26 1230.63 1291.48 912.733 1069.53 1048.3 908.672 901.32 878.616 869.221 856.259 922.706 851.569
threshold=373462.07812500006 8.4422450065612811 0.5464349389076234 -0.74455857276916493 364.20797729492193 0.87837970256805431 0.087355162948369994 0.04135450907051564 7067.5000000000009 0.90000000596046459 10972.500000000002 2782.5000000000005 1.3076950907707217 -8.8504028320312482 6.0000000000000009 0.90000000596046459 -10.352874755859373 10732.500000000002 11827.500000000002 6.0000000000000009 -0.88186877965927113 0.50938662886619579 12407.500000000002 8.1372895240783709 0.11052182316780092 2782.5000000000005 0.90000000596046459 2.6174721717834477 29372.500000000004 396.92955017089849
decision_type=2 2 2 2 2 2 2 2 2 2 2 2 2 2 2 2 2 2 2 2 2 2 2 2 2 2 2 2 2 2
left_child=1 29 3 27 5 6 26 -6 9 10 13 12 -11 -2 23 16 -10 -18 -19 -20 -17 22 -22 -15 -4 -7 -5 -3 -29 -1
right_child=8 2 24 4 7 25 -8 -9 15 11 -12 -13 -14 14 -16 20 17 18 19 -21 21 -23 -24 -25 -26 -27 -28 28 -30 -31
leaf_value=0.0022105573710481702 -0.060545697434543681 -0.038497869129932444 -0.027653927583753492 -0.070359079670164262 -0.0016892684667591366 -0.022456024623906459 0.016172594234569061 -0.034044075347154194 0.039894898085639646 0.036883532732598381 -0.060203485366479015 0.016948736841579295 -0.074482442074916527 -0.026222335411810301 0.064088156354260073 -0.038947114171883485 -0.036338339557196155 0.057244186729019333 0.033806516461360007 -0.074796023643897966 0.047389848712660596 -0.0087774124072990123 -0.086350750405154442 0.046181405754766577 -0.0077891127381868545 0.012818625036069129 0.012800118239963363 -0.010401977636455778 0.021561464705800101 0.00041642811757588164
leaf_weight=1269121.6722493917 208.70393180847168 2288.4526982009411 8596.4122306704521 649.35561314225197 11077.12643186748 4681.1426433473825 24340.547490820289 2899.5173588395119 1113.2345598936081 495.17038896679878 492.19019569456577 1650.033928334713 1122.7767447531223 683.79298956692219 4183.0500006973743 634.56369276344776 3915.3212285190821 839.96893590688705 521.13971477746964 574.54421542584896 3121.2105230987072 1597.0842314213514 152.81358847022057 1179.3731165230274 17010.375270485878 2832.6097060292959 607.32628193497658 17154.14523345232 2599.0280804336071 1381159.9029371887
leaf_count=3632812 757 7975 29421 2525 32788 15445 65860 10107 2690 1044 1793 4326 4856 2300 7384 2212 13753 1821 1435 2233 7276 4965 634 2630 53393 7800 1687 52931 6764 4018833
internal_value=0.00116167 0.00108168 -0.00434235 -0.000594755 0.00359759 0.00866378 0.0138953 -0.00840373 0.0109254 0.022453 0.0388707 -0.0114434 -0.0403942 0.0466759 0.0503872 0.00166566 -0.0107831 -0.0204313 0.0117439 -0.0231532 0.0174123 0.0247618 0.0411216 0.0196063 -0.0144589 -0.00915723 -0.0301879 -0.00955086 -0.00619525 0.00127557
internal_weight=2.7675e+06 2.74502e+06 94736 69129.3 47087.6 33111 25597.2 13976.6 22485 10015.1 6747.11 3267.98 1617.95 6254.92 6046.22 12469.9 6964.21 5850.97 1935.65 1095.68 5505.67 4871.11 3274.02 1863.17 25606.8 7513.75 1256.68 22041.6 19753.2 2.65028e+06
internal_count=8000450 7938341 286696 203882 136212 93317 70072 42895 62109 25090 14864 10226 5900 13071 12314 37019 21932 19242 5489 3668 15087 12875 7910 4930 82814 23245 4212 67670 59695 7651645
is_linear=0
shrinkage=0.05


Tree=74
num_leaves=31
num_cat=0
split_feature=79 79 74 77 79 65 39 50 35 90 26 39 90 8 90 45 6 42 25 25 90 99 87 25 35 13 25 85 90 50
split_gain=866.946 984.583 805.118 726.625 689.797 580.013 1208.29 806.712 803.655 742.095 706.398 697.095 694.524 1468.48 904.335 786.631 694.121 649.03 1633.06 1494.43 1184.03 807.948 789.333 1206.98 940.119 1051.09 1016.47 784.066 736.93 647.425
threshold=5.5255424976348886 3.4530960321426396 222.40083312988284 1.0658904910087588 6.6557295322418222 0.52828064560890209 -2.690079808235168 -1.0000000180025095e-35 5.6775856018066415 2778.711303710938 1.7804100513458254 -10.625226020812987 3374.5014648437505 -0.0097745819948613626 4071.914916992188 1.0040706992149355 0.0047910460270941266 0.99532693624496471 2.9390091896057133 3.0152827501297002 3011.900024414063 293660.37500000006 1.0000000180025095e-35 2.3621916770935063 -20.822810173034664 0.025105400010943416 3.1142147779464726 0.90000000596046459 2451.298950195313 -67.499999999999986
decision_type=2 2 2 2 2 2 2 2 2 2 2 2 2 2 2 2 2 2 2 2 2 2 2 2 2 2 2 2 2 2
left_child=1 5 -3 -2 -5 10 7 11 16 -10 17 -7 13 -12 -14 -15 -9 18 21 -20 -21 27 23 28 26 -26 -24 -1 -19 -23
right_child=3 2 -4 4 -6 6 -8 8 9 -11 12 -13 14 15 -16 -17 -18 22 19 20 -22 29 24 -25 25 -27 -28 -29 -30 -31
leaf_value=-0.0062832735778225977 0.0055211823809228717 -0.0022887068292047684 0.01455833673208881 0.0032600856747322794 0.00021263103539645586 -0.010749601507171509 -0.0018403802009092762 0.0065877962909535355 -0.00082669020651378918 0.029721363726717472 -0.035989429397891008 0.002108010650144283 0.013947538946987931 -0.011785840943312861 -0.0048391230406959682 0.0060530039978054784 -0.022401479549935859 -0.013294893036235191 0.042717684134966349 -0.027647312512104213 0.0081528835175641318 -0.022627336146394637 0.03607629135154905 -0.01302525228943764 0.0020572227564273969 0.0070282504382085595 -0.03807464418159448 0.0034380775028814018 0.0017878426925828058 -0.0011321647051610549
leaf_weight=51977.613968372345 152950.16375118494 335141.37793941796 7243.9773291051388 371451.99063548446 371311.88843114674 11950.553807355464 376514.13545840234 48842.607854291797 2779.0905535817146 6980.4637164622545 4291.2922176420689 89361.141401283443 10143.653680428863 14869.395347684622 17379.219654217362 10573.105112209916 2155.0222129076719 8335.0201569423079 2906.3796029537916 2516.0584751069546 28015.498112827539 9742.7240165770054 3802.5051908791065 15349.914164707065 328924.10994534194 157143.00352928042 525.2057164311409 34512.261040300131 284191.81658108532 5470.3839962333441
leaf_count=156617 382087 1188586 19100 937075 956262 37098 1126192 140778 8355 18063 15079 260499 28533 47353 53183 30826 7135 29018 6700 8612 79403 32615 9373 49846 944738 443176 1919 103943 861689 16597
internal_value=0.00110364 0.000491415 -0.00193221 0.0023829 0.00173665 0.00103405 -0.000286594 0.00332308 0.00787826 0.0210229 0.00175203 0.000591208 -0.00363871 -0.00893674 0.00208484 -0.00437243 0.00536227 0.00208271 -0.00112166 0.00846384 0.00520167 -0.00427329 0.00262519 0.000640858 0.00387097 0.00366435 0.0270696 -0.00240409 0.00135803 -0.0148989
internal_weight=2.76735e+06 1.87164e+06 342385 895714 742764 1.52925e+06 538583 162069 60757.2 9759.55 990669 101312 57256.7 29733.8 27522.9 25442.5 50997.6 933412 135141 33437.9 30531.6 101703 798272 307877 490395 486067 4327.71 86489.9 292527 15213.1
internal_count=8000450 5725026 1207686 2275424 1893337 4517340 1598120 471928 174331 26418 2919220 297597 174974 93258 81716 78179 147913 2744246 404487 94715 88015 309772 2339759 940553 1399206 1387914 11292 260560 890707 49212
is_linear=0
shrinkage=0.05


Tree=75
num_leaves=31
num_cat=0
split_feature=100 104 49 12 49 25 85 73 25 46 53 31 25 25 26 97 55 85 55 85 48 86 48 46 53 35 86 73 55 77
split_gain=883.559 1046.83 1323.05 939.697 912.176 1200.03 1901.55 1665.87 1238.3 927.022 890.652 1186.96 853.558 969.204 912.942 861.179 827.247 1916.24 1894.47 959.689 1201.68 1316.63 1003.91 1173.91 1201.77 905.78 940.326 896.347 887.786 1462.26
threshold=373462.07812500006 8.4422450065612811 0.5464349389076234 0.028246854431927208 -0.74455857276916493 2.9390091896057133 0.90000000596046459 39.411052703857429 2.2798399925231938 0.22144497185945514 0.87837970256805431 405.34085083007818 1.7581230998039248 1.3198008537292483 -0.42851991951465601 -2.5502363443374629 7067.5000000000009 0.90000000596046459 1662.5000000000002 0.90000000596046459 0.66746801137924205 6.0000000000000009 0.74455857276916515 0.11561851948499681 0.6078576147556306 -8.8504028320312482 6.0000000000000009 8.1372895240783709 5907.5000000000009 1.3076950907707217
decision_type=2 2 2 2 2 2 2 2 2 2 2 2 2 2 2 2 2 2 2 2 2 2 2 2 2 2 2 2 2 2
left_child=1 -1 4 -4 12 8 7 -7 10 -10 11 -6 13 14 15 -3 17 18 -2 20 -18 -22 23 -21 -25 -20 27 -27 -19 -30
right_child=16 2 3 -5 5 6 -8 -9 9 -11 -12 -13 -14 -15 -16 -17 19 28 25 22 21 -23 -24 24 -26 26 -28 -29 29 -31
leaf_value=0.0011693704184940353 -0.056924120594788963 0.042224073255304029 -0.025604563203277947 -0.0060460128106248606 0.013170486571176702 0.020463367833279695 0.058485306351105638 -0.071777084540105826 -0.042481188908553603 0.013996941679917911 -0.011750747855846328 -0.0089501480425333811 -0.027359675046787713 0.009077373200316324 -0.027613091387278341 -0.011044347084078037 0.0026335412486734548 0.01474676085774698 -0.06075120540377256 -0.041485289887252835 0.0019123664571675317 -0.082370683521312035 0.048238384566473183 0.046633857475405494 -0.023161836254266804 -0.027417899042610539 0.061515079586929623 0.044959179634946209 0.036067165886677813 -0.070195028992574862
leaf_weight=2650012.3548081964 494.414101973176 1073.1942594647408 10264.280319690704 15290.60826985538 22186.766475632787 1881.5829144567251 2406.2354829609394 660.46692006289959 2672.7171466499567 996.93572568893433 7857.0925251543522 8344.1534063667059 4908.8987563252449 7941.8158883750439 5519.3019174933434 2582.602050691843 5095.9094748795033 1737.0568521618843 196.18015731871128 1059.0107127279043 846.19665828347206 1022.7808694988489 1829.5078067183495 1664.5340533852577 978.52964568138123 673.20600669085979 4110.2088917195797 1169.5577619075775 466.47221280634403 1052.9773412048817
leaf_count=7652236 1806 2636 35091 47686 60491 4856 5045 2583 9693 3127 24745 25506 16381 22205 18264 8087 15045 4604 721 3769 2764 4135 4229 3853 3227 2288 7370 2593 986 4591
internal_value=0.0010656 0.000984884 -0.00418374 -0.0139027 -0.000585654 0.00334863 0.0266369 -0.00351907 0.000607966 -0.0271368 0.00326096 0.00712462 -0.00898193 -0.00370986 -0.0147786 0.00459901 0.0109562 0.0217517 0.0371512 0.00240225 -0.0099451 -0.0442275 0.0179488 0.00296989 0.0207928 0.044724 0.0482104 0.0185148 -0.00966471 -0.0375669
internal_weight=2.767e+06 2.7446e+06 94586.7 25554.9 69031.8 47006 4948.29 2542.05 42057.7 3669.65 38388 30530.9 22025.8 17116.9 9175.1 3655.8 22396.5 9900.07 6643.57 12496.5 6964.89 1868.98 5531.58 3702.07 2643.06 6149.15 5952.97 1842.76 3256.51 1519.45
internal_count=8000613 7938632 286396 82777 203619 136046 12484 7439 123562 12820 110742 85997 67573 51192 28987 10723 61981 24959 14778 37022 21944 6899 15078 10849 7080 12972 12251 4881 10181 5577
is_linear=0
shrinkage=0.05


Tree=76
num_leaves=31
num_cat=0
split_feature=100 100 87 37 49 37 90 6 45 28 35 36 86 50 55 36 50 25 55 31 55 37 81 55 90 53 53 55 46 38
split_gain=802.042 949.382 1716.79 2096.02 1908.91 1632.53 1756.24 1399.7 1346.19 1320.2 2159.33 1239.96 1776.42 1217.62 1119.47 1014.3 1106.28 1005.6 1003.71 986.492 956.118 898.77 854.248 2336.9 2151.09 1829.06 1814.55 3147.77 2501.55 2047.78
threshold=373462.07812500006 354706.68750000006 1.0000000180025095e-35 28.87428188323975 0.24825246632099154 -8.0487694740295392 5129.9294433593759 -0.011041362304240463 1.0044090151786806 0.57500001788139354 7.2098460197448739 -7.427170753479003 6.0000000000000009 -72.499999999999986 527.50000000000011 5.4627175331115732 92.500000000000014 0.9742046892642976 30557.500000000004 109.5606155395508 30557.500000000004 8.5455055236816424 1.0000000180025095e-35 -720089.99999999988 4909.8049316406259 1.0000000180025095e-35 0.6078576147556306 -717562.49999999988 0.078416392207145705 2.3845458030700688
decision_type=2 2 2 2 2 2 2 2 2 2 2 2 2 2 2 2 2 2 2 2 2 2 2 2 2 2 2 2 2 2
left_child=1 22 5 4 9 -3 14 -6 13 18 -11 12 -9 17 -7 16 -16 -8 21 -15 -10 -4 -1 25 26 -24 27 -25 -28 -30
right_child=-2 2 3 -5 7 6 8 11 20 10 -12 -13 -14 19 15 -17 -18 -19 -20 -21 -22 -23 23 24 -26 -27 28 -29 29 -31
leaf_value=0.0014937757115505836 0.010456948370320136 0.063976199461761155 -0.022548340554299662 -0.062975884847219596 0.087734898267730052 0.037408776978514365 -0.056196674295520721 -0.011219487509208086 -0.036051999393521404 0.024576787890093495 -0.040355958202168224 -0.012522238648879302 -0.065281709148626521 -0.0043965759448157098 -0.024912360063539668 0.034981721261109516 0.008072297784684648 0.014561174267466882 0.030238784784933775 0.054387189255894634 0.061419505686532844 0.002427347621472497 -0.044344360824655468 0.12082973906030232 -0.025320116405793791 -0.008588812365594738 -0.0025171181313708799 -0.0031713263886505023 0.013448779240543302 -0.00025625863590144759
leaf_weight=2217766.8478756323 22296.745502978563 1106.7824662178755 9415.9527482539415 1865.5374669581652 277.29840692877769 1189.596981048584 543.28098584711552 2647.2228085398674 1747.7660500109196 7973.689669072628 1524.2626984268427 8039.3666675537825 3568.1805555522442 893.42641004920006 10142.469645470381 1022.2640683054924 3391.3222323209047 6482.2187780588865 1471.0241711437702 3541.1100156009197 292.90808676183224 5832.5890237689018 4999.3504988402128 511.99956034123898 8336.5770233422518 12566.571116581559 92559.629372507334 217024.63369826972 74981.716109722853 42820.509559869766
leaf_count=6318631 61981 2214 30837 7061 470 2908 2068 9046 6239 20419 5276 25652 13554 2745 34026 2684 10056 18231 3580 8027 630 16767 20516 886 28420 42574 285846 679486 210037 129746
internal_value=0.00101238 0.000935645 -0.00469124 -0.0111638 -0.00879021 0.004396 0.002139 -0.0233251 0.0153706 -0.000732897 0.0141525 -0.0254919 -0.0422622 0.0220333 -0.00920606 -0.0130183 -0.0166466 0.00908155 -0.00918954 0.0425446 -0.0220358 -0.0129952 0.00108934 -0.000887189 -0.000167158 -0.0187673 0.000322933 -0.0028789 0.00363399 0.00846707
internal_weight=2.76683e+06 2.74454e+06 72968.3 42615.1 40749.6 30353.1 29246.4 14532.1 13500.7 26217.5 9497.95 14254.8 6215.4 11460 15745.7 14556.1 13533.8 7025.5 16719.6 4434.54 2040.67 15248.5 2.67157e+06 453801 436235 17565.9 427898 217537 210362 117802
internal_count=8000613 7938632 222490 132662 125601 89828 87614 48722 37940 76879 25695 48252 22600 31071 49674 46766 44082 20299 51184 10772 6869 47604 7716142 1397511 1334421 63090 1306001 680372 625629 339783
is_linear=0
shrinkage=0.05


Tree=77
num_leaves=31
num_cat=0
split_feature=79 79 49 42 54 55 54 54 55 54 36 42 22 48 54 99 90 55 37 46 25 36 54 55 25 104 30 25 36 46
split_gain=799.341 991.683 650.538 1000.37 878.468 1656.75 1512.21 899.092 844.945 1348.58 791.659 1160.49 1063.38 775.081 743.112 728.746 838.672 726.123 714.741 681.817 643.913 1016.78 918.715 1183.84 918.343 1266.59 902.699 861.151 847.744 639.247
threshold=5.5255424976348886 2.8302106857299809 0.93585023283958446 1.002638638019562 245790.00000000003 -162322.49999999997 85732.500000000015 13152.500000000002 -433117.49999999994 408062.50000000006 -28.908246040344235 0.99714633822441112 3.5000000000000004 0.65106672048568737 2927.5000000000005 118351.40625000001 2460.631469726563 -342589.99999999994 14.706368446350099 0.091938782483339324 2.5623327493667607 -18.112094879150387 2307.5000000000005 7572.5000000000009 0.53729501366615307 8.2427191734313983 0.3874999880790711 1.0206212401390078 -0.32336531579494471 0.048076583072543151
decision_type=2 2 2 2 2 2 2 2 2 2 2 2 2 2 2 2 2 2 2 2 2 2 2 2 2 2 2 2 2 2
left_child=1 -1 10 4 5 -4 7 -7 15 17 11 12 19 -14 -13 16 -6 -10 -8 -3 21 -12 -22 28 25 -23 -25 -26 -24 -16
right_child=-2 2 3 -5 8 6 18 -9 9 -11 20 14 13 -15 29 -17 -18 -19 -20 -21 22 24 23 26 27 -27 -28 -29 -30 -31
leaf_value=0.0012525654081254043 0.0021915699866555116 -0.023244694577878804 -0.03961353680907001 -0.01559128651253019 -0.024530708831750736 -0.00050236105462416641 0.041593797366530655 -0.024187976389247461 -0.013502015424566452 0.053156006095066037 -0.0080079802832430848 -0.059446290218082593 0.030129508736606189 -0.026718444021414118 0.0028592215535584793 -0.014078196247864817 0.011914385061925881 0.018134112180833564 -0.011888048026915626 0.0038895685824120196 -0.014525073076201774 0.0054260091024421597 0.0052907267697578607 -0.0004890745782229368 -0.0043729761821014674 -0.020833958572853549 0.025094471948329818 0.00028287657377165507 -0.01501106838564752 0.032931075399289925
leaf_weight=1183288.9964012206 894240.91952641308 4820.7054737210274 3771.6056767255068 18684.356731921434 1896.9152620658278 10552.098071500659 2406.8997737765312 6458.5543658435345 2870.4614295065403 1930.2490338981152 53556.031934827566 269.11458805203438 3433.6603767126799 725.49774286150932 2429.5816065520048 7823.6368070542812 9378.7874744981527 4922.9695517718792 842.87322863936424 4452.3765344321728 5719.2875230908394 81127.476788550615 22889.978147193789 4913.4440047293901 176357.85341243446 4866.3129436671734 11555.879614323378 227341.87264404446 6630.7230939269066 6486.8010205924511
leaf_count=3355267 2274026 18789 15513 71170 7691 38369 6864 25624 10330 4443 192147 1246 9958 2797 8093 28646 30089 15948 3065 14990 22505 269722 72704 17000 612314 19079 33323 775453 24492 18956
internal_value=0.000961777 0.000374437 -0.0011334 -0.00564708 -0.00213146 -0.00919067 -0.00352534 -0.00949643 0.00375431 0.0157516 -0.000610524 0.00857072 -0.00079494 0.0202081 0.0222656 -0.00235386 0.00578114 0.00648108 0.0277216 -0.0102169 -0.000959577 -0.00146707 0.00437192 0.00672231 -0.000751692 0.0039397 0.017462 -0.00175104 0.000730163 0.0247387
internal_weight=2.76665e+06 1.87241e+06 689116 71539.4 52855.1 24032 20260.4 17010.7 28823 9723.68 617577 22617.7 13432.2 4159.16 9185.5 19099.3 11275.7 7793.43 3249.77 9273.08 594959 543250 51709.3 45990 489694 85993.8 16469.3 403700 29520.7 8916.38
internal_count=8000613 5726587 2371320 257752 186582 89435 73922 63993 97147 30721 2113568 74829 46534 12755 28295 66426 37780 26278 9929 33779 2038739 1868715 170024 147519 1676568 288801 50323 1387767 97196 27049
is_linear=0
shrinkage=0.05


Tree=78
num_leaves=31
num_cat=0
split_feature=86 78 55 54 53 22 78 35 78 81 90 54 55 24 39 53 45 55 49 39 22 54 55 39 28 54 55 35 49 28
split_gain=796.344 1130.67 789.303 766.004 1128.96 671.354 983.415 731.377 643.485 1364.41 1162.69 1113.1 1427.29 974.807 1235.94 926.991 1192.33 836.557 825.109 791.979 1021.43 786.226 847.504 911.484 764.205 736.731 1077.57 869.348 705.136 688.716
threshold=6.0000000000000009 2.1999999284744267 -685712.49999999988 677152.50000000012 0.6078576147556306 1.0000000180025095e-35 1.3076950907707217 -2.5546250343322749 3.7121527194976811 1.0000000180025095e-35 2695.5026855468755 717835.00000000012 -737852.49999999988 77.728149414062514 6.3841030597686776 1.0000000180025095e-35 0.99956876039505016 -617822.49999999988 -0.6343555450439452 8.1007342338562029 1.5000000000000002 1692.5000000000002 32257.500000000004 1.3001697063446047 0.27500000596046453 467.50000000000006 837.50000000000011 9.0242819786071795 -0.65106672048568714 0.47499999403953558
decision_type=2 2 2 2 2 2 2 2 2 2 2 2 2 2 2 2 2 2 2 2 2 2 2 2 2 2 2 2 2 2
left_child=2 -2 5 -4 -5 6 -1 -7 -3 11 13 21 18 14 -11 -14 -17 28 -13 -19 -21 25 23 -23 -20 27 -27 -10 -12 -16
right_child=1 8 3 4 -6 7 -8 -9 9 10 17 12 15 -15 29 16 -18 19 24 20 -22 22 -24 -25 -26 26 -28 -29 -30 -31
leaf_value=-0.061228066296930443 0.0028875252317630078 -0.00028003204171918642 -0.00033058417299154869 -0.016141884249471144 0.035381239122681506 0.0041814741320037744 0.0053734671586529274 -0.0099151787603749819 0.022951423461860621 0.0031027207754158407 -0.015723903368000607 0.029077293592190245 0.064082489786710634 -0.02024991192420279 -0.033744146249867928 0.053090781702793216 -0.002667374867437134 -0.00057279160732498556 -0.035807899945228872 0.032068768570231158 0.0015784187616487942 0.0067125327718188929 0.076195144099152345 0.00025925248136080985 0.0063414192619482418 0.079515787128837223 -0.025634820987463204 -0.04228895954438977 0.035376762783277435 -0.0059555012270070002
leaf_weight=1327.4908831566572 781008.07151927054 898240.90338265896 571079.1091735661 1540.8654031157494 3424.4604040384293 13256.495932146907 950.54717457294464 30071.748666882515 2409.3964424729347 21076.534640528262 870.24699310958385 2154.7464295178652 2046.9664449989796 12236.591579854488 4223.6135970130563 1744.8989902287722 2126.094723328948 155619.60296538472 1641.5538334995508 4362.3685285001993 7415.1412809640169 139106.16878941655 408.21339493989944 90199.346898004413 3113.4109655767679 253.64583915472031 5651.7849495559931 646.86609219014645 2999.917676910758 4724.0129041224718
leaf_count=5496 2102972 2665424 1736331 5106 8841 41210 2973 99936 5797 66711 2925 4931 3716 44062 15786 3429 5713 479810 5209 11221 23240 363565 693 243119 8106 429 17896 2115 7879 15972
internal_value=0.000913804 0.00137061 -0.000661866 -0.000160546 0.0193913 -0.0069937 -0.0334452 -0.00560212 0.000501578 0.00201132 -0.000927974 0.00450682 0.0188545 -0.00835539 -0.003507 0.0368741 0.0224722 0.000904772 0.0034174 0.000373334 0.0128742 0.00373561 0.00430245 0.00417411 -0.00821318 -0.0107926 -0.0211049 0.00913217 0.0238839 -0.0190756
internal_weight=2.76593e+06 2.14428e+06 621651 576044 4965.33 45606.3 2278.04 43328.2 1.36327e+06 465031 213528 251503 12827.7 42260.8 30024.2 5917.96 3870.99 171267 6909.71 167397 11777.5 238675 229714 229306 4754.96 8961.69 5905.43 3056.26 3870.16 8947.63
internal_count=8000613 6100720 1899893 1750278 13947 149615 8469 141146 3997748 1332324 667606 664718 31104 142531 98469 12858 9142 525075 18246 514271 34461 633614 607377 606684 13315 26237 18325 7912 10804 31758
is_linear=0
shrinkage=0.05


Tree=79
num_leaves=31
num_cat=0
split_feature=45 25 22 36 99 36 85 35 25 94 35 62 36 13 50 55 85 50 42 100 52 6 46 53 55 62 37 85 55 97
split_gain=736.193 1350.32 1145.49 2648.55 2499.72 2156.54 2159.98 1906.08 1410.56 1527.37 1395.34 1170.2 1082.3 1169.19 1616.91 2073.8 1549.21 1276.69 1504.38 1099.93 1141.09 1068.34 1047.47 1017.31 1503.51 1237.48 1311.02 1963.03 2648.41 2480.3
threshold=1.0020377039909365 0.73202836513519298 2.5000000000000004 -4.6329374313354483 244924.69531250003 -28.908246040344235 0.90000000596046459 -2.0928509235382076 2.1939239501953129 4734.2102050781259 36.245727539062507 12.179764747619631 -21.422161102294918 0.037588184699416168 -102.49999999999999 2497.5000000000005 0.90000000596046459 -652.49999999999989 1.0091120004653933 247830.34375000003 -112.49999999999999 0.0030194659484550361 0.23857908695936206 0.87837970256805431 17227.500000000004 11.142462730407717 22.776969909667972 0.90000000596046459 -478187.49999999994 -3.0649311213992718e-11
decision_type=2 2 2 2 2 2 2 2 2 2 2 2 2 2 2 2 2 2 2 2 2 2 2 2 2 2 2 2 2 2
left_child=23 -2 11 4 5 -4 7 -7 9 -6 -10 -3 19 17 15 -15 -16 21 -19 20 -13 -14 -5 24 -1 -25 -27 28 -28 -29
right_child=1 2 3 22 8 6 -8 -9 10 -11 -12 12 13 14 16 -17 -18 18 -20 -21 -22 -23 -24 25 -26 26 27 29 -30 -31
leaf_value=0.002280287125595519 -0.0056025507721655333 -0.01738163501105601 0.027373155942847734 0.0013158163174781131 -0.0030162271684084072 0.0062085872207725311 -0.0068014625689370922 -0.035947257927834424 -0.018721009933384627 0.019453982450367092 0.065939708210587658 -0.024762263525861569 0.0027644102177137447 -0.015990236919306008 -0.035064692734151491 0.010676518558086656 -0.00017337001805012414 0.0039145495652831361 0.016239484402197905 0.0036392739123175346 0.039592061069935798 -0.010385327724617473 0.028871815029252373 -0.014815825170140465 -0.0045696076290289798 -0.0013291185684089382 -0.0057767056142155673 -0.021533673365671108 0.019571492989676378 0.0078156936076931478
leaf_weight=1539456.0230461434 112270.7413411364 7131.8243301212788 2498.5966167002916 146778.63082353771 23372.484030202031 3091.5550017803907 16744.944173999131 20188.371680274606 12062.664536580443 11178.772291496396 506.16730216145515 782.97725190222263 45883.350215658545 11362.022312566638 7297.2369923144579 20341.73665741086 5640.370051369071 114237.68017360568 31609.583989843726 7476.7174481749535 5685.0959358364344 23282.769905880094 3530.6475406140089 14939.166502177715 84504.427562311292 415253.33983129263 14787.437872305512 12355.854835867882 33985.43821182847 17243.29556812346
leaf_count=4409178 338789 22553 6307 425198 69117 8595 52210 67481 38941 29551 1033 2554 133336 35209 24773 56057 16895 322858 84973 21475 13420 71988 8691 46454 260711 1209939 43516 40578 88181 50052
internal_value=0.00086826 -0.000629145 0.000443228 -0.00209341 -0.00889549 -0.0176845 -0.020498 -0.0303488 -0.000963585 0.00425403 -0.0153062 0.00261142 0.00313265 0.00240382 -0.00495944 0.0011193 -0.0198548 0.00393263 0.00658587 0.0167021 0.0317984 -0.00166208 0.00196331 0.00131271 0.00192384 -0.000638765 -0.000209668 0.00572161 0.0118861 -0.00443604
internal_weight=2.76548e+06 632955 520684 239953 89643.6 42523.5 40024.9 23279.9 47120.1 34551.3 12568.8 280731 273600 259655 44641.4 31703.8 12937.6 215013 145847 13944.8 6468.07 69166.1 150309 2.13252e+06 1.62396e+06 508565 493625 78372 48772.9 29599.2
internal_count=8000613 1852004 1513215 707124 273235 134593 128286 76076 138642 98668 39974 806091 783538 746089 132934 91266 41668 613155 407831 37449 15974 205324 433889 6148609 4669889 1478720 1432266 222327 131697 90630
is_linear=0
shrinkage=0.05


Tree=80
num_leaves=31
num_cat=0
split_feature=79 79 86 77 77 79 87 53 38 90 90 48 25 90 38 54 54 54 99 13 55 25 37 90 77 79 40 90 90 77
split_gain=780.652 845.135 701.202 963.2 944.455 838.887 668.647 1248.73 1699.95 3443.37 1657.81 1708.64 1695.62 1558.45 1122.47 873.778 2318.33 1833.17 664.735 773.132 833.169 722.434 1521.99 1309.65 643.197 613.293 591.633 854.29 2876.62 2172.34
threshold=5.5255424976348886 1.4906778931617739 6.0000000000000009 1.2333478927612307 0.83046793937683117 4.5244104862213144 1.0000000180025095e-35 0.6078576147556306 -12.233000755310057 4702.5100097656259 5129.9294433593759 0.82531082630157482 2.3621916770935063 4909.8049316406259 -33.037477493286126 414537.50000000006 443322.50000000006 332927.50000000006 120996.18750000001 0.0085426303558051603 -525842.49999999988 1.4573647379875185 0.62241387367248546 2724.720092773438 1.0658904910087588 6.6557295322418222 1.0000000180025095e-35 3030.0649414062505 2995.253051757813 1.3076950907707217
decision_type=2 2 2 2 2 2 2 2 2 2 2 2 2 2 2 2 2 2 2 2 2 2 2 2 2 2 2 2 2 2
left_child=1 -1 5 4 -4 26 7 10 9 -9 12 -12 -5 -10 -8 17 -17 -16 19 -6 -21 22 -20 -23 -2 -26 -3 28 -28 -30
right_child=24 2 3 6 18 -7 14 8 13 -11 11 -13 -14 -15 15 16 -18 -19 21 20 -22 23 -24 -25 25 -27 27 -29 29 -31
leaf_value=0.0022857420733052628 0.0050139737835416609 -0.0033172068624384246 -2.7757709747738929e-05 -0.0038144620856976601 0.059006060316229451 -0.017309937496409255 -0.047856622282394012 0.0058281586033335619 0.00073743606489955541 0.074735027827432562 0.0044644644127656138 0.06591775813293671 -0.018626853278483249 -0.019221597321030209 0.00085651839224045877 0.024724365860507368 0.0021931241040759222 -0.012455674801346737 -0.026557208503408897 0.012538562228043993 -0.018328152892362001 -0.078437312700804257 0.002584315187910777 0.0097269707793464361 0.002887640419478363 1.0454034811639606e-05 0.0032867969950277787 -0.0021086487072701581 0.080158948049415993 -0.019674732608898422
leaf_weight=404209.48724080622 152576.56402473152 224563.57355676591 160738.42180301249 191885.73505555838 837.04839983582497 9067.1565252691507 1176.0400611013174 9058.0014201849699 189897.22127373517 2265.8195364922285 3814.9723033905029 1607.0088862925768 21483.001579806209 10310.425496503711 225913.42866078019 12614.888089224696 120133.96571932733 29202.907757535577 4780.9040515869856 31325.376244932413 2349.235597923398 424.42284350097179 71085.42630136013 42636.686567574739 370398.78360119462 370459.97690846026 32511.048639833927 64846.401871472597 2178.9468831270933 725.93144333362579
leaf_count=1087283 382212 777642 424116 702859 1529 36688 4511 30350 657934 5004 12889 3766 82159 39723 673025 30806 345006 90995 14204 75414 6698 1531 182562 106261 936596 954719 106127 219619 4479 2469
internal_value=0.000841792 0.000261338 -0.000296288 0.000296903 0.00265065 -0.00231014 -0.000605616 -0.00196372 0.000775526 0.0196218 -0.00461209 0.0226882 -0.00530595 -0.000290493 0.000896579 0.00104454 0.00433444 -0.000667338 0.00545649 0.0115657 0.0103846 0.00368354 0.000747498 0.00885608 0.00205777 0.00144894 -0.00189137 0.00130212 0.00754725 0.0552105
internal_weight=2.76508e+06 1.87164e+06 1.46743e+06 1.13354e+06 314178 333893 819363 430322 211531 11323.8 218791 5421.98 213369 200208 389041 387865 132749 255116 153439 34511.7 33674.6 118927 75866.3 43061.1 893435 740859 324826 100262 35415.9 2904.88
internal_count=7999176 5725649 4638366 3491342 812315 1147024 2679027 1534684 733011 35354 801673 16655 785018 697657 1144343 1139832 375812 764020 388199 83641 82112 304558 196766 107792 2273527 1891315 1110336 332694 113075 6948
is_linear=0
shrinkage=0.05


Tree=81
num_leaves=31
num_cat=0
split_feature=79 49 54 54 53 54 25 85 99 85 28 13 49 78 85 12 25 42 104 22 54 25 25 78 78 22 54 50 35 54
split_gain=705.15 804.661 1327.86 1946.92 2870.42 2433.76 2136.08 2000.6 1721.43 2174.47 1675.76 1337.21 1430.66 1289.25 1170.33 2006.45 1632.34 1373.27 1306.47 1102.28 2690.86 1190.03 1074.2 1055.5 1008.07 978.453 1396.25 1152.44 932.975 896.841
threshold=5.5255424976348886 0.60003554821014415 121432.50000000001 164292.50000000003 0.6078576147556306 234372.50000000003 1.6345736384391787 0.90000000596046459 182228.86718750003 0.90000000596046459 0.22500000149011615 0.0092613706365227717 0.91080963611602794 1.3076950907707217 0.90000000596046459 0.014136329293251039 0.78215238451957714 1.0035901665687563 8.0788393020629901 1.5000000000000002 13152.500000000002 0.83592641353607189 1.7725080251693728 1.3076950907707217 1.3076950907707217 2.5000000000000004 740567.50000000012 342.50000000000006 24.013957023620609 211540.00000000003
decision_type=2 2 2 2 2 2 2 2 2 2 2 2 2 2 2 2 2 2 2 2 2 2 2 2 2 2 2 2 2 2
left_child=1 -1 10 4 14 7 -6 29 25 -10 19 -9 -13 -11 15 17 -17 -4 -16 21 -21 -3 23 -22 -20 26 -7 -27 -12 -5
right_child=-2 2 3 5 6 8 -8 11 9 13 28 12 -14 -15 18 16 -18 -19 24 20 22 -23 -24 -25 -26 27 -28 -29 -30 -31
leaf_value=0.00086249497223438686 0.0019560378056672971 0.028761646707221242 -0.020674661487795402 -0.033186598732262401 -0.020472458857965899 0.0041049057477301251 0.035073052299466327 0.052810918821015386 0.059521412030351752 0.056864068122669281 -0.0090763676906924877 0.0091305991812131015 -0.026977472343273939 -0.058989309224706847 0.085565090044055062 0.07204919513700199 0.014560870881513421 0.051495447303809595 0.04134160016833463 0.0087691668520333745 -0.055682043966823247 0.0035626288032046477 -0.0019721851008072679 -0.018894370326544813 -0.01306173475446043 -0.00039883887189923022 -0.021279501158488832 -0.013046344856455661 0.01349806393761325 -0.010260381777623551
leaf_weight=1384931.8821537048 892930.40745332837 6450.4670992791653 1845.3627708405256 11318.404669061303 7122.1178081184626 139579.64752502739 2285.4197461009026 1140.4787781387568 2625.5490339845419 345.40332964062691 117989.91953362525 7636.4106710851192 4279.8880505859852 782.04987162351608 504.44723503291607 4369.5109305232763 1722.17033842206 1024.0891471207142 1140.8583785742521 18673.745385751128 2851.5100658833981 17117.267350956798 5187.3574408739805 6169.5433515161276 3347.4079069048166 79961.303871169686 5634.8316694796085 23247.450663052499 4760.6288640797138 6848.5240752846003
leaf_count=4199762 2273527 17288 6162 39650 23724 420572 5760 2848 5917 652 387455 23517 15398 3321 1070 8641 4745 2437 2395 56701 10838 51805 16451 21694 11629 250697 20351 77976 14205 21988
internal_value=0.000800002 0.000248252 -0.00150225 0.000495362 0.0143688 -0.000648292 -0.00697569 -0.0138161 0.000982129 0.0345877 -0.00492185 0.00111268 -0.00383882 -0.0234734 0.0287589 0.0395667 0.0558026 0.00508962 0.00935554 0.002208 -0.00370699 0.0104607 -0.0201039 -0.0305282 0.000771894 0.000474283 0.00311973 -0.0032478 -0.00820072 -0.0245452
internal_weight=2.76382e+06 1.87089e+06 485962 306761 23361.4 283400 9407.54 31223.7 252176 3753 179200 13056.8 11916.3 1127.45 13953.8 8961.13 6091.68 2869.45 4992.71 56449.9 32882.2 23567.7 14208.4 9021.05 4488.27 248423 145214 103209 122751 18166.9
internal_count=7999176 5725649 1525887 949450 66563 882887 29484 103401 779486 9890 576437 41763 38915 3973 37079 21985 13386 8599 15094 174777 105684 69093 48983 32532 14024 769596 440923 328673 401660 61638
is_linear=0
shrinkage=0.05


Tree=82
num_leaves=31
num_cat=0
split_feature=39 21 13 87 104 36 86 53 36 30 22 90 39 94 31 49 104 28 85 54 35 54 54 35 94 12 55 54 54 8
split_gain=751.719 1702.57 1337.17 1415.63 3035.2 1835.71 1743.53 1657.29 1782.51 1408.78 1517.23 1751.87 1395.51 1867.51 1158.75 1112.43 1301.43 1112.82 1233.59 2042.68 1358.83 1064.74 1106.82 1751.37 1058.01 1120.95 1049.36 1048.39 1116.54 1035.87
threshold=-5.3177962303161612 6.5000000000000009 0.013662146870046856 1.0000000180025095e-35 7.7122459411621103 1.384118437767029 6.0000000000000009 0.87837970256805431 1.2259805202484133 0.37250000238418585 1.5000000000000002 2628.326782226563 -10.032574653625487 3343.5795898437505 719.06460571289074 0.60003554821014415 8.1868696212768572 0.22500000149011615 0.90000000596046459 105932.50000000001 15.509561538696291 448017.50000000006 534592.50000000012 3.2694338560104375 3050.9401855468755 0.013613141141831877 14332.500000000002 797.50000000000011 2152.5000000000005 -0.0015557690057903526
decision_type=2 2 2 2 2 2 2 2 2 2 2 2 2 2 2 2 2 2 2 2 2 2 2 2 2 2 2 2 2 2
left_child=1 2 3 7 9 12 -7 -1 -9 10 -5 -12 29 -14 15 26 21 18 19 20 -18 24 23 -23 -17 -26 -2 -16 -29 -6
right_child=14 -3 -4 4 5 6 -8 8 -10 -11 11 -13 13 -15 27 16 17 -19 -20 -21 -22 22 -24 -25 25 -27 -28 28 -30 -31
leaf_value=-0.0041772602805995812 0.0022006277857976194 0.00047151621374438846 0.0020850969612387841 0.048352836356391142 -0.022583082469161821 0.01220983044523173 -0.085757532118748439 0.01191546187403153 0.07536349392937812 0.057143445411531761 0.021405336104213826 -0.050775761454611427 0.029839939483041734 -0.014272859696363141 0.013638382618935985 0.016388005590693769 0.0035265316576822518 -0.0066021192279018485 -0.0076289022933907838 0.071380314495372063 0.063127273807716003 -0.023629678054854171 0.00045964870111580414 0.0099522728027081359 -0.011409734643966642 0.0045357371444796997 -0.0027330498470671994 -0.022798800166132459 -0.0015923852048092269 0.0076575954952097808
leaf_weight=22905.874320566654 1176232.2167954147 329438.02881535888 79010.055654279888 3735.6934264451265 3462.5756346583366 850.90504324436188 972.30586755275726 7229.9352551400661 1306.3057844936848 5097.8975551277399 4050.385953783989 1059.6815858334303 13552.403455600142 2914.5136257112026 11175.648942887783 16129.26872651279 32307.015779554844 138297.89425288141 21577.762949422002 1210.7580296248198 984.51202590763569 13131.897277444601 53062.829702906311 5511.0045886933804 12514.286021769047 92354.001794651151 118645.65588137507 6273.9981098622084 572778.56676163524 15522.90832002461
leaf_count=69921 3348684 953299 228475 7961 10917 2501 3742 20401 2667 10520 10302 3746 32968 8943 30038 42127 92910 423199 66522 2208 2023 42986 155015 15544 38716 263841 358632 21158 1686417 42793
internal_value=0.000760041 0.00253389 0.00673633 0.011182 0.0163086 0.00886363 -0.0400511 0.00283035 0.0216332 0.0362087 0.0241381 0.00642906 0.0113804 0.0220316 0.000376639 0.00104552 -0.00130633 -0.00419302 0.00174794 0.00761242 0.00529106 0.00160542 -0.00322241 -0.0137023 0.00446654 0.00263277 0.00174856 -0.00152943 -0.0018222 0.00214113
internal_weight=2.7633e+06 491109 161671 82661.4 51219.3 37275.6 1823.21 31442.1 8536.24 13943.7 8845.76 5110.07 35452.4 16466.9 2.27219e+06 1.68196e+06 387081 194378 56080 34502.3 33291.5 192703 71705.7 18642.9 120998 104868 1.29488e+06 590228 579053 18985.5
internal_count=7999176 1409156 455857 227382 134393 101864 6243 92989 23068 32529 22009 14048 95621 41911 6590020 4852407 1145091 586862 163663 97141 94933 558229 213545 58530 344684 302557 3707316 1737613 1707575 53710
is_linear=0
shrinkage=0.05


Tree=83
num_leaves=31
num_cat=0
split_feature=86 77 54 54 25 54 25 25 55 55 104 36 26 12 55 38 22 85 55 73 22 90 90 77 38 8 37 12 73 90
split_gain=717.673 938.294 1077.61 1966.6 1432.36 1362.26 1715.01 1336.6 1240.25 1283.25 1785.08 1443.22 1242.17 1225.71 1884.84 1148.98 1392.43 961.565 788.351 815.406 702.623 1191.66 3052.99 2487.3 1129.55 1482.07 1151.1 1128.97 984.427 1199.91
threshold=6.0000000000000009 1.2333478927612307 717835.00000000012 726797.50000000012 1.5536628961563113 715402.50000000012 0.43524822592735296 1.4444648027420046 -708652.49999999988 -688152.49999999988 7.6774573326110849 4.3164198398590097 -0.70163780450820912 0.008648628834635021 -697092.49999999988 6.7322831153869638 3.5000000000000004 0.90000000596046459 -726527.49999999988 1.9435602426528933 1.5000000000000002 3030.0649414062505 2995.253051757813 1.3076950907707217 4.9744951725006112 -0.0082238414324820024 -3.9079663753509517 0.013954206369817259 1.4954043626785281 3343.4250488281255
decision_type=2 2 2 2 2 2 2 2 2 2 2 2 2 2 2 2 2 2 2 2 2 2 2 2 2 2 2 2 2 2
left_child=18 2 5 -4 7 8 -7 15 -2 13 11 -11 -12 -10 -15 16 -5 -8 19 -1 21 22 -20 -24 25 -23 27 -27 29 -22
right_child=1 -3 3 4 -6 6 17 -9 9 10 12 -13 -14 14 -16 -17 -18 -19 20 -21 28 24 23 -25 -26 26 -28 -29 -30 -31
leaf_value=-0.022485017126737113 0.034942807873470316 0.00053480229745173319 0.039461980311942896 -0.00034330096272702787 0.032546621073320008 0.033012634623079538 -0.11381945128943119 -0.048767176357081284 0.021690236135287498 0.052562459236183245 -0.0020749813753189977 -0.076124035688400593 0.00383435457753267 -0.0065422675208684214 -0.05670423337341312 -0.034393814347804585 0.035443422685649956 -0.027018946698254349 0.0043952159252633261 -0.0025416390465582725 -0.01201679021049061 0.036857568384651131 0.064815775181044394 -0.012835606957853143 -0.0080555179406689454 0.02852478976397671 0.0038097806049150599 -0.017215783146956369 -0.00077020365976018465 0.014970856576025482
leaf_weight=8269.1940025240183 2940.5711073577404 1583663.4164334238 5447.160155326128 11419.831644549966 4116.7592812776566 551.88875904679298 667.83240614831448 1309.180154979229 1857.2773598730564 2644.7046735882759 114508.52017360926 236.52375388145447 398073.64699333906 5654.1539564430714 2799.5233584493399 1771.7135968804359 3566.0611179620028 612.00621868669987 56893.47619138658 13480.402289018035 36188.261915072799 3014.4288945794106 3872.7186066359282 1404.8746803700924 36795.425817266107 1517.4193880409002 68327.168160453439 12091.778617933393 374774.55152794719 4646.6136178672314
leaf_count=30228 6238 4665442 11238 29585 8939 1184 2689 4307 4257 5012 302687 843 1017281 15013 9241 5360 7579 1795 166651 44323 119651 7579 7865 4320 115430 4165 201778 40757 1144106 13633
internal_value=0.000722112 0.00115611 0.00291886 0.0125455 0.00593445 0.00241747 -0.0406152 -0.00013068 0.00256665 0.0023855 0.00273488 0.0419739 0.00251422 -0.0150789 -0.0231593 0.00367141 0.00817401 -0.0723697 -0.000774065 -0.010125 -0.000434807 0.00213828 0.00777031 0.0441458 -0.000737771 0.00243182 0.00116481 -0.0121136 -0.00157348 -0.00894544
internal_weight=2.76312e+06 2.14184e+06 558177 27630.7 22183.5 530547 1831.73 18066.8 528715 525774 515463 2881.23 512582 10311 8453.68 16757.6 14985.9 1279.84 621276 21749.6 599527 183917 62171.1 5277.59 121746 84950.8 81936.4 13609.2 415609 40834.9
internal_count=7999176 6098690 1433248 67008 55770 1366240 5668 46831 1360572 1354334 1325823 5855 1319968 28511 24254 42524 37164 4484 1900486 74551 1825935 548545 178836 12185 369709 254279 246700 44922 1277390 133284
is_linear=0
shrinkage=0.05


Tree=84
num_leaves=31
num_cat=0
split_feature=100 100 87 37 49 54 49 37 90 54 45 49 11 26 35 86 42 55 55 55 85 54 9 77 35 86 85 25 25 49
split_gain=690.518 835.007 1595.23 1882.07 1624.68 1586.67 1525.47 1408.1 1520.68 1673.02 1361.52 1529.79 1315.01 1157.81 1980.54 968.945 1636.39 885.694 885.332 814.406 1809.51 1683.52 966.77 1236.97 857.976 827.063 826.428 949.974 1075.66 1163.87
threshold=373462.07812500006 354706.68750000006 1.0000000180025095e-35 28.87428188323975 0.24825246632099154 11232.500000000002 -0.076279435306787477 -8.0487694740295392 5129.9294433593759 642.50000000000011 1.0045379996299746 -0.74455857276916493 0.088899206370115294 -0.10667451843619345 6.7656035423278817 6.0000000000000009 0.99903619289398204 527.50000000000011 30557.500000000004 7067.5000000000009 0.90000000596046459 10972.500000000002 0.3658027201890946 1.3076950907707217 -8.8504028320312482 6.0000000000000009 0.90000000596046459 1.4635180830955508 1.4827084541320803 -0.8253108263015746
decision_type=2 2 2 2 2 2 2 2 2 2 2 2 2 2 2 2 2 2 2 2 2 2 2 2 2 2 2 2 2 2
left_child=1 -1 7 4 5 13 -7 -3 17 -10 11 -11 15 18 -15 -6 -17 -9 -4 20 21 24 23 -22 -2 -26 27 -21 -29 -30
right_child=19 2 3 -5 12 6 -8 8 9 10 -12 -13 -14 14 -16 16 -18 -19 -20 26 22 -23 -24 -25 25 -27 -28 28 29 -31
leaf_value=0.00075901355669500455 -0.058550355435211421 0.059520943176814702 -0.013294860439684184 -0.059895089108897896 -0.0084266012352588755 -0.063443540389821682 0.088631483819792023 0.03300427386827947 0.059121760535108737 -0.01900799905520149 -0.034021163044596806 0.025802577270990626 0.071278812695817387 0.022247938397454262 -0.032507711581510584 -0.063485424842090132 -0.01809380138945552 -0.011985560737622764 0.029746659389677316 -0.032085037708326394 0.029201271907625836 -0.053484183318525169 0.014233564967500929 -0.071517562456566194 0.018528818732541721 0.058725419708674134 0.015496434117569891 0.069954102624188289 0.038591801387323925 -0.024172269950355572
leaf_weight=2667804.3794365004 202.51030530035496 1102.4786471426487 11051.355160668492 1875.7588979303837 5568.7345074415207 1555.9031131267548 183.53368648886681 1182.0155341625214 1801.2763282507658 2554.8524563461542 1697.5299451798201 7474.6487654745579 365.88389591872692 9963.726906567812 1978.5374290198088 3197.4162748754025 5240.25412081182 14527.179236575961 1338.5254199504852 2935.4289349913597 436.9845162332058 493.79503883421421 1764.9495562911034 1003.1806048601866 1880.9987155795097 4012.977431550622 5482.1587247103453 553.80846303701401 1062.2656156122684 2418.0495820343494
leaf_count=7714963 744 2202 34894 7151 19068 5899 330 2927 3882 8319 6072 19803 692 25647 6669 12246 16454 46703 3253 10232 960 1799 4751 4420 4961 7344 15013 1074 2557 8147
internal_value=0.000686201 0.000614975 -0.00467349 -0.0109464 -0.00867461 -0.00123362 -0.047353 0.00407612 0.00198329 0.0142707 0.00737663 0.0143866 -0.0221713 0.00206493 0.0131739 -0.0246178 -0.0353008 -0.00859816 -0.00864249 0.00945936 0.0202445 0.0352298 -0.0105676 -0.0409543 0.0424237 0.0459033 0.000973645 -0.0104497 0.00529613 -0.00500833
internal_weight=2.76271e+06 2.74046e+06 72659.6 42319.6 40443.9 26071.6 1739.44 30340 29237.5 13528.3 11727 10029.5 14372.3 24332.1 11942.3 14006.4 8437.67 15709.2 12389.9 22247.1 9795.4 6590.28 3205.11 1440.17 6096.49 5893.98 12451.7 6969.55 4034.12 3480.32
internal_count=7999176 7937174 222211 132303 125152 76692 6229 89908 87706 38076 34194 28122 48460 70463 32316 47768 28700 49630 38147 62002 24979 14848 10131 5380 13049 12305 37023 22010 11778 10704
is_linear=0
shrinkage=0.05


Tree=85
num_leaves=31
num_cat=0
split_feature=39 25 85 49 87 86 54 42 54 25 30 22 39 51 55 37 25 53 39 25 30 54 30 77 54 77 31 37 37 77
split_gain=666.593 1990.26 2993.75 2281.07 2105.24 2701.22 3182.62 3291.2 2518.67 2086.86 2438.58 2038.82 2129.75 1773.5 2372.12 2283.48 1745.38 2346.48 1806.24 1723.9 1618.84 1569.03 1597.73 1563.43 1632.85 1465.44 1464.07 1370.76 1325.94 1256.95
threshold=-5.3177962303161612 0.63555029034614574 0.90000000596046459 -0.84915164113044728 1.0000000180025095e-35 6.0000000000000009 155337.50000000003 0.99749496579170238 555202.50000000012 1.2319933772087099 0.31250000000000006 1.0000000180025095e-35 -9.750874996185301 132.50000000000003 -194552.49999999997 10.854555606842043 0.52860644459724437 0.87837970256805431 -9.2357249259948713 0.24102673679590228 0.072500001639127745 144145.00000000003 0.61750000715255748 1.3076950907707217 14822.500000000002 1.2333478927612307 356.57412719726568 0.2079926207661629 31.291793823242191 1.3076950907707217
decision_type=2 2 2 2 2 2 2 2 2 2 2 2 2 2 2 2 2 2 2 2 2 2 2 2 2 2 2 2 2 2
left_child=1 4 3 9 13 -6 21 8 27 10 -3 -9 -13 14 29 -16 17 23 19 -19 -11 22 -7 -15 -25 -5 -12 -8 -28 -1
right_child=-2 2 -4 25 5 6 7 11 -10 20 26 12 -14 16 15 -17 -18 18 -20 -21 -22 -23 -24 24 -26 -27 28 -29 -30 -31
leaf_value=0.0026513126845744547 0.00025495822211572518 0.04818518202277073 0.0057741447933611087 -0.0017379655803618247 0.00020564687295763085 -0.022032276678079402 0.093555669310635636 0.072284026386157149 -0.076800289927567031 0.049156978473569368 -0.0094242396176688475 0.011007752891860526 0.029224562276586503 0.011235353163608153 0.053971914360321054 -0.037371846057027307 0.020717401386744393 -0.0023033837747360188 -0.0048956553555267249 0.047483192349495176 -0.025413447785055884 -0.094646691642306255 0.063614073399857279 0.07389809848510194 -0.014312506848947006 -0.012088567137786492 0.017504785757734495 -0.007324915194102913 -0.085629321870101596 -0.043490118140488337
leaf_weight=1930.9589720666409 2271990.0778205469 4108.8462738543749 120315.8942316249 62215.554899662733 42746.687062293291 4267.6249234080315 364.96301607787609 1944.9512009471655 1357.057618945837 816.90313063561916 9091.8558027595282 31351.288230568171 32867.750723898411 8797.4557317644358 1830.7901977151632 1091.1668348163366 11236.733973041177 2529.6950248330832 5668.6625592261553 5557.7787050306797 6607.0048795491457 634.16159999370575 623.15804833173752 533.15373659133911 29406.779716953635 75934.452083572745 16294.21373718977 4214.7978375703096 316.72791415452957 6258.5072913020849
leaf_count=4920 6592039 8878 350596 179858 129729 13055 563 3355 5062 1777 26640 80451 76493 21580 4104 3694 30202 7719 17212 13056 21094 2515 1199 1123 97142 229241 42019 11937 1241 22802
internal_value=0.00061597 0.00228674 -0.000299972 -0.0044669 0.00620498 0.0102992 0.0158573 0.01866 -0.0169998 0.00651635 0.0124233 0.02186 0.0203316 -0.000379978 -0.0188123 0.0198579 0.00283388 -0.000994478 0.0167442 0.0319114 -0.0172018 -0.0207129 -0.0111079 -0.00729412 -0.0127391 -0.00742728 0.00670462 0.000731877 0.0155329 -0.032611
internal_weight=2.76291e+06 490916 295701 175386 195214 120372 77625.8 72100.8 5936.82 37235.6 29811.6 66164 64219 74841.7 11111.4 2921.96 63730.3 52493.5 13756.1 8087.47 7423.91 5524.94 4890.78 38737.4 29939.9 138150 25702.8 4579.76 16610.9 8189.47
internal_count=8001296 1409257 861344 510748 547913 324359 194630 177861 17562 101649 78778 160299 156944 223554 35520 7798 188034 157832 37987 20775 22871 16769 14254 119845 98265 409099 69900 12500 43260 27722
is_linear=0
shrinkage=0.05


Tree=86
num_leaves=31
num_cat=0
split_feature=31 65 54 87 54 42 44 26 97 90 22 35 35 39 54 85 6 35 35 38 22 55 55 85 86 55 86 35 55 29
split_gain=676.909 1228.6 1340.14 1879.31 1545.68 1339.45 1447.02 1329.97 1295.97 1508.26 1188 1606.3 1411.61 1144 1119.03 1237.62 1155.6 1118.19 1117.49 1086.94 1135.09 2768.09 1016.19 1037.52 2824.59 969.271 1249.06 969.11 1308.26 1087.65
threshold=396.92955017089849 0.47958080470561987 1372.5000000000002 1.0000000180025095e-35 755747.50000000012 1.0125682950019839 1.0065386295318606 0.33765695989131933 -0.31689183413982386 4044.9582519531255 1.0000000180025095e-35 18.715126991271976 4.2721242904663095 -6.3297550678253165 749277.50000000012 0.90000000596046459 -0.0076158472802489987 -16.857487678527828 -13.026253223419188 7.6072831153869638 1.5000000000000002 22842.500000000004 2207.5000000000005 0.90000000596046459 6.0000000000000009 12697.500000000002 6.0000000000000009 -0.53907293081283558 6632.5000000000009 0.46375000476837164
decision_type=2 2 2 2 2 2 2 2 2 2 2 2 2 2 2 2 2 2 2 2 2 2 2 2 2 2 2 2 2 2
left_child=1 2 7 4 19 6 10 18 -8 -10 12 -12 -5 -2 27 17 -17 -16 -1 20 21 -4 23 24 -20 26 -7 28 29 -3
right_child=13 14 3 5 -6 25 8 -9 9 -11 11 -13 -14 -15 15 16 -18 -19 22 -21 -22 -23 -24 -25 -26 -27 -28 -29 -30 -31
leaf_value=0.038383020905661897 0.002743421730771094 -0.011007010397463124 0.0045532029527793607 0.0025081114524775272 -0.044185320598101666 -0.0033208809245765833 -0.0068269843152384234 -0.029381008828140057 -0.063192367545046868 0.053932314512216188 0.0054867888706991155 0.03525379618768016 -0.025334694373806466 -0.00087431499821196421 0.064274820270777605 0.11679742735725558 -0.0044544094801447628 -0.045441195013985254 0.066905647127933329 -0.0086287322961670476 -0.00084582755568963326 0.051719941061690727 -0.0092815147983162666 0.064666582682016902 -0.098563420791536308 0.022797495831893194 -0.078663683585458694 -0.0018320356266642642 -0.0043176094808840401 0.0046145743133449383
leaf_weight=1561.2115921527147 270325.22212234139 11733.869966298342 67884.180064439774 14243.780119225383 1966.787055298686 1004.6322246044874 1661.6132660061121 5760.1734562516212 295.35173526406288 3812.4651626497507 385721.05403859913 4585.0677738338709 6689.2541851699352 1140236.4973475859 246.88742516934872 210.62310642004013 2748.9780844300985 3698.53452219069 577.98882021009922 30253.381635561585 164268.86650058627 3259.0711553245783 18090.761135011911 988.94796134531498 464.06390821933746 701.57367765903473 1215.4811249226332 335201.37732987106 62606.904190585017 220653.15632255375
leaf_count=3883 775514 36073 194839 40155 7549 3116 4881 19897 1073 7974 1065949 10856 21419 3340012 478 387 9055 13487 1271 93796 489423 7222 56768 2123 1890 1824 4609 978897 187782 619094
internal_value=0.00058527 0.00138467 0.00280738 0.00323986 -3.45344e-05 0.00532672 0.00556312 -0.00802739 0.0304277 0.0454965 0.0052142 0.00583657 -0.00638974 -0.000180994 -0.000212016 -0.0202296 0.00420945 -0.0385598 -0.00235338 0.000292471 0.00143901 0.00671468 -0.00551605 0.0280098 -0.00680279 -0.0284038 -0.0445891 7.33896e-06 0.00209743 0.00382573
internal_weight=2.76267e+06 1.35211e+06 715006 687563 267632 419930 417009 27443.1 5769.43 4107.82 411239 390306 20933 1.41056e+06 637100 6905.02 2959.6 3945.42 21683 265665 235412 71143.3 20121.8 2031 1042.05 2921.69 2220.11 630195 294994 232387
internal_count=8001296 3885770 2040517 1954685 792829 1161856 1152307 85832 13928 9047 1138379 1076805 61574 4115526 1845253 23407 9442 13965 65935 785280 691484 202061 62052 5284 3161 9549 7725 1821846 842949 655167
is_linear=0
shrinkage=0.05


Tree=87
num_leaves=31
num_cat=0
split_feature=79 79 79 74 86 79 55 99 37 36 25 37 55 36 54 94 36 90 94 55 42 25 53 49 12 54 25 54 54 49
split_gain=667.473 935.824 543.333 605.124 665.041 551.475 471.585 883.175 1199.86 935.836 894.355 855.607 843.363 1196.65 808.425 730.277 1330.5 831.385 712.883 693.084 678.901 1275.55 1051.83 687.949 1232.64 1008.05 677.513 674.492 1151.41 814.861
threshold=4.6936223506927499 2.8302106857299809 6.6557295322418222 6.0447204113006601 6.0000000000000009 5.5255424976348886 14332.500000000002 292682.56250000006 17.372883796691898 4.7461891174316415 1.9580816626548769 5.1047966480255136 9887.5000000000018 14.616142272949221 642.50000000000011 4038.530395507813 -13.157648563385008 4765.8115234375009 5186.3964843750009 23617.500000000004 0.99255672097206127 3.7205988168716435 1.0000000180025095e-35 -0.45201864838600153 0.015980327501893047 609495.00000000012 0.71005278825759899 2152.5000000000005 317.50000000000006 0.39271505177021032
decision_type=2 2 2 2 2 2 2 2 2 2 2 2 2 2 2 2 2 2 2 2 2 2 2 2 2 2 2 2 2 2
left_child=1 -1 3 4 -2 -5 12 8 11 10 26 27 18 14 -14 16 -16 -17 20 -10 21 22 -3 24 -22 -25 -9 28 -8 -29
right_child=2 6 -4 5 -6 -7 7 9 19 -11 -12 -13 13 -15 15 17 -18 -19 -20 -21 23 -23 -24 25 -26 -27 -28 29 -30 -31
leaf_value=0.00085908406657717008 -0.024362492160347176 0.00050550432608043375 0.00043645141108033571 0.018989841681210651 0.0011869463084627739 0.0029692095995055255 0.038526503942603381 -0.031889631022757041 -0.034887385456181884 0.018684960260902043 -0.032127798945060897 0.021224235075874214 -0.029989398672305212 -0.056192706735116608 0.015289644251253679 0.018852968030581566 -0.051327654215638487 -0.0018728022442780141 0.024393433660784555 0.026742922857159537 -0.0054150487669979647 0.0091343892479151621 -0.018262975788101665 -0.003761222772604256 0.0035793820689356648 0.003096897884561153 -0.0056366682769018565 -0.0080614710270366877 -0.050798634091305694 0.024182180998889798
leaf_weight=1182609.802761808 4204.0575280040503 11090.926555082202 451158.72323738039 5437.1266294121742 6458.3143433481455 440436.32702055573 479.4839341789484 2911.9022037088871 2915.103004977107 2236.2328982949257 5863.601697832346 6541.8962422907352 1291.1361155062914 727.82410784065723 1797.0430933237076 18143.75530153513 1284.3114903271198 6597.3091741800308 2640.1448469907045 539.92020319402218 51740.24550075829 8906.3613532632589 22829.007030293345 288002.03284773231 144387.64101380855 65826.305732369423 15731.160416580737 5126.3712822794914 1447.9618131369352 3170.3747505545616
leaf_count=3356123 16254 37598 1159403 12882 16645 1114022 1316 12644 12644 7548 26142 20169 5068 3112 5795 56434 5445 22856 7438 1730 177833 27985 84307 1016407 473601 225092 58486 18921 6959 10437
internal_value=0.00055603 1.23386e-05 0.00166704 0.00288311 -0.00888779 0.00316462 -0.00147728 -0.0063094 0.00157556 -0.0122715 -0.0150971 0.00710503 -0.00111432 0.00708806 0.0086721 0.0104674 -0.0124825 0.0133263 -0.00152543 -0.02525 -0.00164091 -0.00770452 -0.0121262 -0.0011687 0.00120653 -0.00248532 -0.00973894 -0.00192977 -0.0285665 0.00426039
internal_weight=2.76253e+06 1.85484e+06 907695 456536 10662.4 445873 672228 46964 20221.1 26742.9 24506.7 16766.1 625264 29841.4 29113.6 27822.4 3081.35 24741.1 595423 3455.02 592783 42826.3 33919.9 549956 196128 353828 18643.1 10224.2 1927.45 8296.75
internal_count=8001296 5682090 2319206 1159803 32899 1126904 2325967 176996 72176 104820 97272 57802 2148971 98710 95598 90530 11240 79290 2050261 14374 2042823 149890 121905 1892933 651434 1241499 71130 37633 8275 29358
is_linear=0
shrinkage=0.05


Tree=88
num_leaves=31
num_cat=0
split_feature=30 94 6 48 36 85 22 62 51 48 86 55 6 36 48 35 44 85 25 25 46 85 36 37 39 22 46 37 36 25
split_gain=615.372 1468.18 1388.45 1164.29 1104.19 1015.25 1810.16 1860 1372.56 1346.87 1254.12 1013.42 1002.68 968.377 2944.92 1931.73 2046.39 1536.02 1383.27 1109.54 1755.16 1501.65 3017.11 2475.98 2395.21 1671.04 1743.11 1408.22 953.241 1342.21
threshold=0.42750000953674322 2397.543090820313 -0.0040572497528046361 -0.91959547996520985 -25.798647880554196 0.90000000596046459 2.5000000000000004 36.507333755493171 -462.49999999999994 0.35222910344600683 6.0000000000000009 -243942.49999999997 0.0047910460270941266 -18.112094879150387 -0.11969653144478797 -0.67741644382476796 1.0022060275077822 0.90000000596046459 2.3151074647903447 0.65803015232086193 0.060353785753250129 0.90000000596046459 1.5408323407173159 9.6162471771240252 -3.4257886409759517 3.5000000000000004 0.085616383701562895 21.179959297180179 -6.9590890407562247 0.85812124609947216
decision_type=2 2 2 2 2 2 2 2 2 2 2 2 2 2 2 2 2 2 2 2 2 2 2 2 2 2 2 2 2 2
left_child=3 2 -2 -1 5 6 12 10 -7 -9 -8 -12 -3 14 15 16 17 -6 -16 21 -21 22 24 -24 -15 27 -27 -23 -5 -30
right_child=1 4 -4 28 13 8 7 9 -10 -11 11 -13 -14 19 18 -17 -18 -19 -20 20 -22 25 23 -25 -26 26 -28 -29 29 -31
leaf_value=-0.0046036926503986086 0.016589339826223015 -0.005195497870514966 -0.022781789888854324 0.0014910975590884416 -0.0018298323783894424 0.037023649280108539 0.01255953210084018 0.029789243856285886 -0.0077063097829421934 -0.047600122372126324 0.065210777135788989 0.027628872346559738 0.055980548238550566 0.017020350455808329 -0.0078530578043300211 -0.018060893822394068 0.048078333858006035 0.016995140760836511 -0.029668358159793295 -0.010024721483670561 0.0010860560399323421 0.0051738768910766248 0.056638816478738668 -0.015443363856048437 0.0047170101262664866 -0.0039798096761921725 -0.032786411155949144 -0.014032397908261194 -0.0048202264345786131 0.00090083445475132849
leaf_weight=140898.57677368075 2795.9462847784162 8536.0004035979509 11232.162947542965 615862.8428022638 25736.191791012883 2020.9131736159325 3513.5362133830786 1023.7475961595774 11299.070933833718 1244.6225932240486 4138.7077154219151 3170.7790357321501 725.81788589060307 59968.785261422396 52238.933780968189 7763.3354158699512 3104.5276482254267 18714.556720927358 8440.1730528250337 36770.979452967644 1064392.2084494457 83987.723193868995 1266.534634038806 19814.931811437011 116233.09654790163 22808.565877348185 6821.5680940300226 10766.34302097559 182476.11623860896 233966.73485040665
leaf_count=420576 8198 24948 39349 1787976 73963 4900 9769 2407 34563 4285 7435 7342 1454 155163 158109 24509 6897 50605 27823 111467 3051573 243607 2604 60300 323299 69776 23549 33974 546998 683878
internal_value=0.000528248 0.00116966 -0.0149337 -0.000340226 0.00131315 0.0100095 0.0165206 0.0284877 -0.000917218 -0.0126733 0.0371153 0.0489148 -0.000395269 0.00111154 -0.00328131 0.00506243 0.00883768 0.00609591 -0.010888 0.00146967 0.000715022 0.00405304 0.00676565 -0.0111101 0.00890445 -0.000249343 -0.0106128 0.0029914 0.00024169 -0.001606
internal_weight=2.76173e+06 1.58853e+06 14028.1 1.1732e+06 1.5745e+06 35673.2 22353.2 13091.4 13320 2268.37 10823 7309.49 9261.82 1.53883e+06 115998 55318.6 47555.3 44450.7 60679.1 1.42283e+06 1.10116e+06 321668 197283 21081.5 176202 124384 29630.1 94754.1 1.03231e+06 416443
internal_count=8001296 4561868 47547 3439428 4514321 97103 57640 31238 39463 6692 24546 14777 26402 4417218 341906 155974 131465 124568 185932 4075312 3163040 912272 541366 62904 478462 370906 93325 277581 3018852 1230876
is_linear=0
shrinkage=0.05


Tree=89
num_leaves=31
num_cat=0
split_feature=79 79 79 74 79 77 65 54 31 54 55 39 35 30 39 42 36 24 62 36 49 30 55 99 46 104 38 54 25 54
split_gain=607.735 847.329 492.061 546.253 499.543 462.17 443.447 758.106 727.173 784.165 946.428 715.17 693.043 685.581 657.056 740.942 587.913 607.217 578.719 599.304 550.338 550.271 535.609 1406.74 924.063 649.741 1431.03 743.15 501.169 739.908
threshold=4.6936223506927499 2.7770147323608403 6.6557295322418222 6.0447204113006601 5.5255424976348886 1.0658904910087588 0.52828064560890209 749277.50000000012 396.92955017089849 1837.5000000000002 6127.5000000000009 -2.690079808235168 -15.36516761779785 0.072500001639127745 -7.4026029109954825 0.9945962429046632 6.4840407371521005 68.294731140136733 46.651044845581062 1.7001559734344485 -0.95032352209091175 0.052500000223517425 -717562.49999999988 105993.18750000001 0.065394751727581038 7.7141144275665292 5.9667327404022226 382835.00000000006 2.8934686183929448 135052.50000000003
decision_type=2 2 2 2 2 2 2 2 2 2 2 2 2 2 2 2 2 2 2 2 2 2 2 2 2 2 2 2 2 2
left_child=1 -1 3 -2 -5 -4 8 11 9 10 -3 13 -9 -8 15 -10 17 21 19 -17 -12 -11 23 24 -16 26 -24 -27 29 -18
right_child=2 6 5 4 -6 -7 7 12 14 16 20 -13 -14 -15 22 18 28 -19 -20 -21 -22 -23 25 -25 -26 27 -28 -29 -30 -31
leaf_value=0.00080027792587592363 -0.008481807767255432 0.040109038057919967 0.0038152200429641399 0.018074581340758192 0.0028020960428366557 -0.00035663023828113596 -0.018494426068425097 0.033808959801944136 -0.024959711246980473 -0.01048218028981838 0.0085064714965841955 -0.0046733564933736909 -0.03852199461795916 0.0024947527818268075 -0.015891502068949487 0.0096498481869163356 0.014190643572316594 0.0085534374585002539 -0.05243200894188197 -0.0044483190430639414 -0.02164684704362518 0.0025305671416875055 -0.0048901568632668821 0.042857901121029635 0.013402444626658128 -0.0050721525636862191 -0.034609458126492187 0.001800106341642905 -0.043160305221784344 -0.016927619960977112
leaf_weight=1170349.7786659226 10627.176620543003 821.13604053854942 80893.518689915538 5419.318889901042 439980.29576052725 370176.11417417228 4124.888252645731 381.72939518094063 2147.2830480113626 8738.7406938076019 1878.2517416626215 163659.94379418343 2463.0381202846766 68190.602071516216 5258.3456063196063 28003.115452356637 3011.2075798213482 42260.38913589716 429.63576458394527 10313.326118737459 7770.4518805891275 115326.97535834461 17050.01488263905 2213.5986678153276 5513.9521743580699 125781.54781358689 5312.0440058112144 57238.477169170976 991.30489946901798 5220.3869122862816
leaf_count=3320309 32899 2440 203909 12882 1114022 955494 15638 1120 8612 31641 6452 573485 10974 228849 20239 91365 9582 138516 1806 35860 31781 383501 59223 6257 18867 447153 21440 193711 4131 19138
internal_value=0.000501914 -1.68479e-05 0.00156246 0.00272065 0.00298797 0.000391533 -0.00141478 -0.00315303 -0.000482479 0.00190291 -0.0113894 -0.00284363 -0.0288059 0.00129722 -0.002194 0.00362249 0.00269576 0.00337716 0.00520723 0.00585501 -0.0157763 0.00161388 -0.00328328 0.00656415 -0.000896667 -0.00390597 -0.0119513 -0.00292287 -0.00959124 -0.00554327
internal_weight=2.76155e+06 1.85445e+06 907096 456027 445400 451070 684100 238820 445280 186019 10469.8 235975 2844.77 72315.5 259261 40893.4 175549 166326 38746.1 38316.4 9648.7 124066 218368 12985.9 10772.3 205382 22362.1 183020 9222.9 8231.59
internal_count=8001296 5682090 2319206 1159803 1126904 1159403 2361781 830066 1531715 627182 40673 817972 12094 244487 904533 137643 586509 553658 129031 127225 38233 415142 766890 45363 39106 721527 80663 640864 32851 28720
is_linear=0
shrinkage=0.05


Tree=90
num_leaves=31
num_cat=0
split_feature=100 100 85 46 31 53 9 36 48 35 49 90 48 55 55 55 60 55 36 50 49 90 9 55 85 54 54 77 35 86
split_gain=619.61 743.762 1392.97 1512.24 1296.18 1341.23 1700.35 1505.1 1205.67 1169.71 1510.43 1219.87 1846.2 1140.75 1130.4 1130.04 857.243 805.274 840.772 1155.74 751.905 745.752 728.971 686.492 1674.46 1578.99 821.723 1402.51 790.237 788.31
threshold=373462.07812500006 354706.68750000006 0.90000000596046459 0.093810617923736586 498.44821166992193 1.0000000180025095e-35 0.22304946184158328 -15.807734012603758 0.50938662886619579 -11.847433090209959 -0.65106672048568714 5129.9294433593759 0.8491516411304475 20822.500000000004 20282.500000000004 8177.5000000000009 -0.067631054669618593 527.50000000000011 5.4627175331115732 92.500000000000014 -0.35222910344600672 5160.2951660156259 0.38861200213432318 7067.5000000000009 0.90000000596046459 10972.500000000002 2782.5000000000005 1.3076950907707217 -8.8504028320312482 6.0000000000000009
decision_type=2 2 2 2 2 2 2 2 2 2 2 2 2 2 2 2 2 2 2 2 2 2 2 2 2 2 2 2 2 2
left_child=1 -1 3 -3 5 7 14 -5 -8 10 -4 17 13 15 -7 -13 -9 -11 19 -19 -20 -15 -12 24 25 28 27 -26 -2 -30
right_child=23 2 9 4 -6 6 8 16 -10 11 22 12 -14 21 -16 -17 -18 18 20 -21 -22 -23 -24 -25 26 -27 -28 -29 29 -31
leaf_value=0.00059812317648686667 -0.05971477524159189 -0.037186414070262776 -0.077363599279966333 -0.021676700985159392 -0.031168274917495332 -0.0057647468299581745 -0.028744447460496321 0.050039413889611667 0.0012449551097752493 0.03083403059130321 -0.018691334044535556 -0.0035049342729550135 0.046509665004842382 0.0052892895207258157 0.032701543454671606 0.037692685702183926 0.012181816780062291 -0.024252063628507427 0.062108364532186849 0.009803210244285411 -0.02889600343711779 -0.042300661242357263 0.072610235315824709 0.0011010675341101735 0.03379815438722656 -0.052852962459453895 0.013824605429738854 -0.068763695571988401 0.016870231026011748 0.056394771117603985
leaf_weight=2666732.6906178072 189.63226068019867 4684.1342501491308 232.74717870354652 2325.5377441197634 4853.2815863192081 5022.4105011969805 10722.344034090638 2262.7452671825886 4874.5576620548964 1193.2708923667669 258.42059729993343 3973.1165106147528 3024.6230486631393 1443.7876201719046 3080.470692589879 2863.2525987923145 4409.5628138780594 9570.673562079668 679.28452244400978 3367.0711319744587 339.81145948171616 1913.0085017234087 1402.9364410191774 12478.17987523973 483.27871115505695 489.15479330718517 1650.1375703811646 1069.3558082431555 1855.055779248476 3952.2699666172266
leaf_count=7717224 706 16633 933 7278 16838 15212 37342 4999 14258 2969 844 12265 6940 4259 7742 7091 12068 32490 1510 9999 1206 7046 2497 37143 1033 1791 4329 4816 4888 7375
internal_value=0.000529656 0.000462276 -0.0045346 -0.0104012 -0.00705897 -0.00347945 -0.00971916 0.0129543 -0.0193719 0.00365302 0.0416852 0.00111209 0.0122122 0.00203111 0.00886059 0.013752 0.0250266 -0.00857214 -0.0119436 -0.0153887 0.03176 -0.0218348 0.0584028 0.00885526 0.0188401 0.0334449 -0.0107366 -0.0368355 0.0404925 0.0437752
internal_weight=2.7614e+06 2.73923e+06 72497 42235 37550.9 32697.6 23699.8 8997.85 15596.9 30262 1894.1 28367.9 13217.8 10193.2 8102.88 6836.37 6672.31 15150.1 13956.8 12937.7 1019.1 3356.8 1661.36 22167.1 9688.88 6486.11 3202.77 1552.63 5996.96 5807.33
internal_count=8001724 7939643 222419 132370 115737 98899 74554 24345 51600 90049 4274 85775 37601 30661 22954 19356 17067 48174 45205 42489 2716 11305 3341 62081 24938 14760 10178 5849 12969 12263
is_linear=0
shrinkage=0.05


Tree=91
num_leaves=31
num_cat=0
split_feature=13 39 85 54 49 7 13 97 54 55 54 62 99 55 54 13 54 85 62 77 42 54 54 85 35 39 49 65 25 85
split_gain=594.402 998.215 727.84 783.96 674.389 926.555 1075.74 791.854 841.106 1283.85 1001.21 939.198 739.137 830.918 1258.39 904.615 870.082 805.711 687.663 674.318 663.212 646.539 796.48 912.21 636.844 636.531 1055.69 1174.28 1006.08 3521.12
threshold=0.0079392073675990122 4.143491506576539 0.90000000596046459 456797.50000000006 0.9279436767101289 0.002782835043035448 0.08196252211928369 -5.1841506958007804 14822.500000000002 -302327.49999999994 394132.50000000006 46.029502868652351 325490.73437500006 27067.500000000004 1007.5000000000001 0.055516105145215995 3497.5000000000005 0.90000000596046459 8.4725952148437518 1.3076950907707217 1.0026863217353823 30622.500000000004 24822.500000000004 0.90000000596046459 20.99794960021973 1.3001697063446047 -0.11969653144478797 0.47473783791065222 0.53729501366615307 0.90000000596046459
decision_type=2 2 2 2 2 2 2 2 2 2 2 2 2 2 2 2 2 2 2 2 2 2 2 2 2 2 2 2 2 2
left_child=1 2 -1 -4 7 12 24 8 -2 10 -10 -12 13 14 20 -16 -15 -17 -9 -5 -6 22 -14 -24 -7 28 27 -27 29 -20
right_child=4 -3 3 19 5 6 -8 18 9 -11 11 -13 21 16 15 17 -18 -19 25 -21 -22 -23 23 -25 -26 26 -28 -29 -30 -31
leaf_value=0.046645903790314747 -0.0040969483982247479 0.00089925565028902527 0.048226398262403887 0.041823093442737019 0.051191415203530849 -0.0096605817967453829 0.039401829287486971 -0.014650427615251718 -0.015417898534191652 0.014239390938475703 0.0029514348344587371 0.038499631834555896 -0.013238730415300024 -0.0061813767644388964 0.00011784444167989251 -0.040976061221501797 0.047483494381373947 0.0010873140072531061 0.0099612493971589864 -0.053940201015960011 -0.018818761397275355 -0.072101978321616564 0.06980082287310567 -0.048469674659234845 0.0068961233446664383 0.00310938377806973 -0.002187077705193869 -0.0018499681881537482 0.00073493267304411544 -0.0040818767944141663
leaf_weight=2715.7640371918678 19748.68139180541 7596.9726551622152 580.13440982997417 257.36665287613869 1764.0544316917658 57235.171910136938 1219.8265601098537 7425.1627890616655 7280.7237466573715 36862.516670942307 32258.660084843636 1970.6979894340038 11578.21548242867 1262.0261737108231 201299.32114140689 2560.5304172337055 1878.784895196557 2048.6750540584326 117983.83767750859 636.72663976252079 417.80413168668747 430.8427945971489 598.72251312434673 223.04435563087463 6462.8214598894119 303736.18813636154 444942.39913146198 196630.07619259506 1219781.1576884985 71799.856235042214
leaf_count=5863 59102 22392 1279 531 4090 178422 2768 23196 22503 98949 92098 4756 37163 3842 591681 8813 4396 6004 318015 2473 1353 1692 1185 809 18797 863084 1317797 571193 3518987 218491
internal_value=0.000503221 0.0117069 0.0312965 0.00300469 0.000455184 -0.00182976 -0.00708957 0.000723556 0.00512477 0.00744858 0.00141777 0.00499927 -0.00030578 0.000401999 1.66446e-05 -0.000383667 0.0259234 -0.0222827 0.000540742 -0.026353 0.0377804 -0.0119573 -0.0098615 0.0376738 -0.00798057 0.000588649 -0.000415157 0.00116049 0.00126184 0.00464837
internal_weight=2.76119e+06 11787 4189.99 1474.23 2.7494e+06 288980 64917.8 2.46042e+06 98121.3 78372.6 41510.1 34229.4 224062 211231 208090 205909 3140.81 4609.21 2.3623e+06 894.093 2181.86 12830.8 12400 821.767 63698 2.35487e+06 945309 500366 1.40956e+06 189784
internal_count=8001724 32538 10146 4283 7969186 861015 199987 7108171 277408 218306 119357 96854 661028 620179 611941 606498 8238 14817 6830763 3004 5443 40849 39157 1994 197219 6807567 2752074 1434277 4055493 536506
is_linear=0
shrinkage=0.05


Tree=92
num_leaves=31
num_cat=0
split_feature=100 104 49 12 49 35 85 77 93 29 55 94 55 8 55 24 36 48 45 65 85 85 48 97 39 36 55 13 53 94
split_gain=558.557 653.131 884.569 778.999 704.089 730.723 1861.54 1508.21 710.233 707.325 979.812 729.555 671.6 729.2 668.967 730.645 650.115 715.086 663.364 629.611 620.437 619.816 1046.26 635.699 606.899 1409.99 1494.83 1266.05 1041.27 1167.38
threshold=373462.07812500006 8.4422450065612811 0.52803644537925731 0.027882292866706852 -0.74455857276916493 -11.847433090209959 0.90000000596046459 1.3076950907707217 0.016672591678798202 0.52249997854232799 29372.500000000004 5009.5100097656259 2207.5000000000005 0.0014356656465679409 20282.500000000004 75.617874145507827 -10.352874755859373 -0.032717135734856122 0.98797592520713817 0.49047943949699407 0.90000000596046459 0.90000000596046459 0.9279436767101289 -1.1699620439120649e-11 5.1743757724761972 -11.73405075073242 -755677.49999999988 0.0079392073675990122 1.0000000180025095e-35 2625.349975585938
decision_type=2 2 2 2 2 2 2 2 2 2 2 2 2 2 2 2 2 2 2 2 2 2 2 2 2 2 2 2 2 2
left_child=1 24 4 -4 9 6 7 8 -6 10 11 -3 13 -11 15 19 17 -2 -18 -5 -14 22 23 -19 27 -26 -27 -1 29 -28
right_child=16 2 3 14 5 -7 -8 -9 -10 12 -12 -13 20 -15 -16 -17 18 21 -20 -21 -22 -23 -24 -25 25 26 28 -29 -30 -31
leaf_value=0.02813414550087754 -0.072930834425070964 0.045921019121914659 -0.022429812743140667 0.026755586204201889 -0.090476786933993636 0.0013934350495926162 0.071416423087875172 -0.089373339273473296 0.057337834472488053 0.028150490707495403 0.043386316933555331 -0.0082400485168474136 -0.032874073217223715 -0.033653173522891065 -0.017690242176934351 -0.01412235890967454 -0.034686094243616482 0.0093213501990118616 0.006972178929177464 -0.0061669312159658811 -0.0072327747690553827 0.0035710595474475223 -0.055716545129788554 0.076898232282437473 -0.0048872856479194333 -0.026588368766469 -0.011085141048093246 0.00088045503349342856 0.0028738227827904013 0.00040446332790100044
leaf_weight=4268.8975979238749 164.86886660754681 671.72498492896557 10053.097361713648 3753.578753978014 96.387289151549339 43725.814881756902 1249.3518386930227 439.46915140748024 491.16732856631279 1505.9335146546364 1234.5931620597839 8204.7817617356777 5566.6029216349125 697.47337181866169 6071.5431053936481 3698.2031661421061 1009.4159794300795 456.27699349820614 17618.565360061824 2367.2961032390594 4096.0776496976614 1132.4088096916676 212.70561374723911 1472.1616910398006 159383.19832798839 4929.2889323681593 31600.52697815001 2118857.9534585476 252440.20196992159 73585.716160267591
leaf_count=10483 642 1564 34694 9926 382 128461 2225 1848 1054 3797 2786 25304 19065 2314 20586 12119 3426 1287 50212 7449 12880 3162 789 2563 476639 16599 97961 6111907 724721 214879
internal_value=0.000478088 0.000414253 -0.00368311 -0.0115375 -0.000685352 0.00283173 0.0304442 -0.0194136 0.0329681 -0.00804725 0.00166968 -0.00413616 -0.0163269 0.0085783 -0.00464524 0.0034215 0.00840103 0.0283738 0.00471278 0.0140228 -0.0220069 0.0334982 0.0493146 0.060925 0.000559749 -0.000967769 0.000755285 0.000935269 0.00113226 -0.00304732
internal_weight=2.76106e+06 2.73899e+06 93923.1 25943.7 67979.4 46002.2 2276.38 1027.02 587.555 21977.2 10111.1 8876.51 11866.1 2203.41 15890.6 9819.08 22066.4 3438.42 18628 6120.87 9662.68 3273.55 2141.14 1928.44 2.64507e+06 521939 362556 2.12313e+06 357626 105186
internal_count=8001724 7939643 286454 84774 201680 133970 5509 3284 1436 67710 29654 26868 38056 6111 50080 29494 62081 8443 53638 17375 31945 7801 4639 3850 7653189 1530799 1054160 6122390 1037561 312840
is_linear=0
shrinkage=0.05


Tree=93
num_leaves=31
num_cat=0
split_feature=86 77 55 35 22 22 104 8 77 25 49 77 25 55 73 37 100 55 94 87 77 37 22 77 25 35 87 49 55 90
split_gain=557.143 930.218 675.826 662.982 740.2 737.34 843.789 788.224 674.297 1012.72 632.05 584.186 578.126 1258.4 1361.64 1739.45 1216.68 1198.44 1115.85 1338.5 1085.45 1204.57 1043.12 1340.26 1306.39 943.788 841.396 840.975 759.039 1196.42
threshold=6.0000000000000009 2.1999999284744267 -685712.49999999988 -14.097680568695067 1.0000000180025095e-35 1.5000000000000002 7.5999662876129159 0.010169465560466053 1.3076950907707217 0.13761373609304431 0.18436925113201144 1.3076950907707217 1.4573647379875185 -235032.49999999997 1.6094846725463869 4.0916359424591073 178032.23437500003 -243942.49999999997 3343.5795898437505 1.0000000180025095e-35 1.3076950907707217 14.953461647033693 1.5000000000000002 1.3076950907707217 0.96644258499145519 3.1996417045593266 1.0000000180025095e-35 0.33172981441020971 -322667.49999999994 3273.334838867188
decision_type=2 2 2 2 2 2 2 2 2 2 2 2 2 2 2 2 2 2 2 2 2 2 2 2 2 2 2 2 2 2
left_child=2 12 3 -1 11 6 -6 8 9 -7 -8 -5 13 16 15 -15 17 18 -2 -20 21 -19 24 -24 26 27 -18 -17 29 -14
right_child=1 -3 -4 4 5 7 10 -9 -10 -11 -12 -13 28 14 -16 25 22 20 19 -21 -22 -23 23 -25 -26 -27 -28 -29 -30 -31
leaf_value=0.019767916273110638 0.0030097958157403915 4.8408897747564833e-05 -0.00040050441525682213 -0.060970768463032343 -0.049761727568207799 0.023575035152659511 0.016726314787272198 0.037534360398225899 -0.0024272789450094003 -0.021537038111694867 -0.008182927607910671 -0.0054772073931981342 0.0035321186808081905 -0.061593127077128475 -0.00062506257640436837 0.018014502088756153 -0.0032230587090742121 -0.0037405340843508113 0.00094343044264360914 -0.03166774891571187 -0.019614021450013175 0.065950821676102486 0.0404515889468973 -0.0075860308599687279 0.032032941432831856 -0.030342105135609428 -0.065865928561631648 -0.016584790353209783 0.00596928409053061 -0.012203247733185794
leaf_weight=2243.3192800283432 288475.89584594965 1361510.4753332511 575223.25942620635 1151.7379769235849 684.71620772778988 1343.6388014256954 6817.4520679265261 817.82193979620934 10947.966728404164 16645.091023936868 4063.7876229733229 806.45938137173653 48791.225028514862 1902.8567007482052 208787.43138416111 3571.2651965767145 1441.0772651135921 887.04872445762157 8013.8883925825357 5179.1207653433084 834.74978567659855 2056.9622851163149 6193.0287344604731 1896.0199422240257 1626.4644603580236 3647.2534554749727 852.80289767682552 3453.707285746932 175005.02287776768 16054.034027561545
leaf_count=6413 773120 3999316 1749367 4887 2747 4146 19049 2200 34602 60129 13224 2634 130970 6569 574606 8475 4130 2336 22589 15557 2771 3578 12822 5931 3717 11037 2932 9951 465465 46454
internal_value=0.00045421 0.000836734 -0.000864632 -0.00672917 -0.00810317 -0.00667901 0.00403332 -0.0108432 -0.0122119 -0.0181661 0.00742317 -0.0381334 0.00221512 0.00130612 -0.00158752 -0.0175657 0.00332387 0.00271005 0.00235945 -0.0118596 0.0306898 0.0449565 0.0189341 0.0291917 -0.00223187 -0.00971016 -0.0265327 0.0010037 0.00425713 -0.000363608
internal_weight=2.76093e+06 2.14018e+06 620745 45522 43278.7 41320.5 11566 29754.5 28936.7 17988.7 10881.2 1958.2 778670 538820 221363 12575.1 317457 305448 301669 13193 3778.76 2944.01 12009.4 8089.05 3920.34 10672.2 2293.88 7024.97 239850 64845.3
internal_count=8001724 6102326 1899398 150031 143618 136097 35020 101077 98877 64275 32273 7521 2103010 1460121 610638 36032 849483 819951 811266 38146 8685 5914 29532 18753 10779 29463 7062 18426 642889 177424
is_linear=0
shrinkage=0.05


Tree=94
num_leaves=31
num_cat=0
split_feature=100 35 35 37 51 42 85 51 85 86 47 26 39 54 51 85 25 25 25 55 43 55 51 85 25 25 54 36 36 90
split_gain=521.086 1022.19 1304.1 777.524 766.241 922.382 2097.58 818.868 1719.05 697.342 584.167 583.983 546.283 1895.33 1677.2 2028.85 2578.05 2047.8 3065.03 1743.56 1662.34 1343.85 1322.13 1263.5 2284.95 2530.44 1380.77 1404.88 1325.27 1215.82
threshold=98819.734375000015 -15.36516761779785 -8.247823238372801 20.783066749572757 -62.499999999999993 0.99543711543083202 0.90000000596046459 402.50000000000006 0.90000000596046459 6.0000000000000009 -0.38471786677837366 0.46560519933700567 -5.3177962303161612 659442.50000000012 -342.49999999999994 0.90000000596046459 0.60973319411277782 0.75835260748863231 0.76531651616096508 -162322.49999999997 0.99752101302146923 -574557.49999999988 -377.49999999999994 0.90000000596046459 0.73735764622688305 0.60973319411277782 647932.50000000012 1.867231070995331 8.6498003005981463 2637.229125976563
decision_type=2 2 2 2 2 2 2 2 2 2 2 2 2 2 2 2 2 2 2 2 2 2 2 2 2 2 2 2 2 2
left_child=1 -1 -3 4 10 6 9 8 -7 -6 -4 -5 13 14 15 16 -2 -18 -19 -17 22 23 -15 24 25 -16 27 -25 -26 -23
right_child=12 2 3 11 5 7 -8 -9 -10 -11 -12 -13 -14 20 21 19 17 18 -20 -21 -22 29 -24 26 28 -27 -28 -29 -30 -31
leaf_value=0.032830139747036385 0.043526058609029389 -0.037426686679857914 0.082591273066067505 0.071113889274144443 0.028179819874438086 0.03613037656844123 0.09290106253706544 -0.020584381168134373 -0.042815919728726962 -0.079023327793610862 -0.028212084015395669 -0.028897228518280568 0.0001633522636057199 0.02149611083015044 -0.011305009014824931 -0.0014859501946573141 -0.054665483844279508 0.067798965309105494 -0.010460388979452567 0.019441809563865736 0.014129090283331053 0.020562332251643251 -0.031460932022822727 -0.0055035035051495245 0.012380644244601453 -0.054347115003555393 0.065542117922236562 0.02508263758386893 -0.08815602775583406 0.0037512956582170169
leaf_weight=1424.8392955064774 2262.9947115778923 3724.4389508292079 121.67715672403574 560.82542489469051 275.48533274233341 2334.9895587265491 781.25571972131729 4104.8525237888098 977.35083712637424 335.36556465923786 3949.237479545176 196.48449073731899 2261878.1515106559 1711.2036488354206 15847.025943309069 40696.121607884765 2549.2847209274769 1272.7487175166607 70444.597223326564 13173.105507060885 46367.072300121188 11268.4367916435 3781.1205647438765 14658.695253580809 9419.524694621563 4352.0158116072416 902.50512915849686 5045.7246105074883 338.60601578652859 235850.69179458171
leaf_count=3537 5061 14288 280 1173 855 5542 1514 13881 3806 1310 14652 676 6564592 4509 46951 122870 9204 2533 213104 35982 124658 29363 12702 45159 24827 15530 1895 13479 1355 666436
internal_value=0.000431591 -0.00786697 -0.0112088 -0.0040461 -0.00694264 0.0013476 0.0386783 -0.00566246 0.0128288 -0.030701 -0.0248795 0.0451555 0.000488456 0.0020206 0.00092695 -0.00380169 -0.00903422 -0.0106364 -0.00907055 0.00363187 0.011048 0.00299833 -0.0149597 -0.00442833 -0.0109835 -0.0205812 0.0051011 0.00232933 0.00888285 0.00451797
internal_weight=2.76061e+06 18786.8 17362 13637.5 12880.2 8809.3 1392.11 7417.19 3312.34 610.851 4070.91 757.31 2.74182e+06 479941 428082 130399 76529.6 74266.6 71717.3 53869.2 51859.4 297683 5492.32 50564.1 29957.2 20199 20606.9 19704.4 9758.13 247119
internal_count=8001724 61514 57977 43689 41840 26908 3679 23229 9348 2165 14932 1849 7940210 1375618 1233749 388754 229902 224841 215637 158852 141869 844995 17211 149196 88663 62481 60533 58638 26182 695799
is_linear=0
shrinkage=0.05


Tree=95
num_leaves=31
num_cat=0
split_feature=65 39 31 85 94 25 36 86 38 46 50 90 55 22 25 63 86 13 55 46 26 50 53 22 55 13 50 35 55 55
split_gain=548.571 1158.5 1002.31 996.848 1356.42 3266.58 2660.57 2532.07 2362.8 1734.71 1839.9 3173.68 2951.28 1382 2934.96 1801.09 1285.35 1274.33 1260.51 1221.59 1091.68 1081.71 1063.36 1011.67 1472.54 992.881 915.163 962.947 951.194 907.272
threshold=0.52828064560890209 -2.690079808235168 396.92955017089849 0.90000000596046459 4503.5751953125009 2.9390091896057133 3.3300579786300664 6.0000000000000009 -8.2396078109741193 0.077991642057895674 -662.49999999999989 4751.4648437500009 5672.5000000000009 3.5000000000000004 0.29469162225723272 -0.25900800526142115 6.0000000000000009 0.058985058218240745 -755677.49999999988 0.15704423189163211 0.40864138305187231 -462.49999999999994 0.87837970256805431 3.5000000000000004 20822.500000000004 0.040381299331784255 -1.0000000180025095e-35 5.4768311977386483 -670217.49999999988 19697.500000000004
decision_type=2 2 2 2 2 2 2 2 2 2 2 2 2 2 2 2 2 2 2 2 2 2 2 2 2 2 2 2 2 2
left_child=2 26 3 4 5 13 7 21 16 -10 11 -11 -12 17 20 -16 -6 19 -5 -1 -15 -7 -9 24 -18 -8 -2 28 -28 -4
right_child=1 -3 29 18 8 6 25 22 9 10 12 -13 -14 14 15 -17 23 -19 -20 -21 -22 -23 -24 -25 -26 -27 27 -29 -30 -31
leaf_value=0.0016015379166330107 -5.7775607549396929e-05 -0.0016499352518900305 0.00023348231891806115 -0.038915757513650034 -0.0026103705134277121 -0.0092550624478336674 0.024522134322189044 0.048599407945035096 -0.024200940379907054 -0.01292365324834375 0.016336029611897559 0.034366846838193882 -0.0067318233346868317 0.042893338389399155 -0.012319375381416496 0.0099691129627334368 -0.011835900227403119 -0.035564379005593172 0.00035382046238608398 0.014749842908197992 -0.03881308133841422 0.035015240926703779 0.014098114169733958 -0.075124400036814989 -0.067924458980896413 -0.065959833300620191 0.021408148741962812 0.016108212750386902 0.0021490701846659547 -0.0078245892945555395
leaf_weight=233629.29017951339 182231.35475005209 678544.45926015824 1001433.2769712433 2056.8881535977125 5258.3512739092112 4721.0627050548792 422.41903468966484 10637.307331874967 6078.7477693706751 5304.1944650709629 19415.009830102324 10709.443684861064 48501.598781600595 7595.2922443449497 10682.922897800803 59770.844037130475 4502.4781242311001 2205.8708812743425 292173.27004638314 19109.73469440639 431.24685944616795 1948.4587649255991 2828.5982654541731 1292.6766488552094 1580.5633138269186 1068.6022537201643 6936.8711275309324 18539.583668455482 84474.345374554396 36192.804311655462
leaf_count=655790 525647 1987603 2913786 7878 16615 14610 1087 21867 19680 16142 50442 26021 144611 17495 31856 160872 13132 7344 864103 50264 1489 4704 7135 4807 6994 3993 18225 49962 242646 113328
internal_value=0.000440578 -0.000516467 0.000959721 0.00234977 0.00380943 0.00527295 0.0241037 0.0288765 -0.00125297 0.00158922 0.00345743 0.0187027 -0.000137305 0.00405148 0.00985332 0.00658931 -0.0215005 0.00226543 7.91485e-05 0.00259576 0.0384985 0.00368079 0.0413542 -0.0349649 -0.026419 -0.0403229 0.0021158 0.00571829 0.00361085 -4.75888e-05
internal_weight=2.76028e+06 970727 1.78955e+06 751925 457695 355052 21626.4 20135.4 102643 90009 83930.2 16013.6 67916.6 333425 78480.3 70453.8 12634.1 254945 294230 252739 8026.54 6669.52 13465.9 7375.72 6083.04 1491.02 292182 109951 91411.2 1.03763e+06
internal_count=8000128 2824083 5176045 2148931 1276950 978506 53396 48316 298444 256896 237216 42163 195053 925110 211712 192728 41548 713398 871981 706054 18984 19314 29002 24933 20126 5080 836480 310833 260871 3027114
is_linear=0
shrinkage=0.05


Tree=96
num_leaves=31
num_cat=0
split_feature=30 55 48 26 36 85 55 90 39 37 55 12 55 55 36 55 37 85 55 90 8 38 49 42 46 22 94 42 85 39
split_gain=542.693 1750.88 1416.25 1245.76 1783.17 1459.7 2084.19 1897.62 1534.84 1405.94 1354.92 1142.3 1089.24 2653.45 1544.14 1432.43 1376.4 1543.7 1485.62 1087.02 976.961 992.847 884.834 1017.35 939.923 1300.46 1271.88 1016.41 866.272 1666.88
threshold=0.90249997377395641 30557.500000000004 0.5464349389076234 1.4415740370750429 -7.5185062885284415 0.90000000596046459 -475727.49999999994 3387.2258300781255 1.0763608217239382 12.85714912414551 -255067.49999999997 0.012407659087330105 -197032.49999999997 -307282.49999999994 2.5753552913665776 -192062.49999999997 20.075630187988285 0.90000000596046459 -556792.49999999988 3394.990112304688 -0.0035673381062224503 18.919052124023441 0.96863394975662243 1.000926196575165 0.058238208293914802 2.5000000000000004 2655.988647460938 1.0190817117691042 0.90000000596046459 -1.7220289707183836
decision_type=2 2 2 2 2 2 2 2 2 2 2 2 2 2 2 2 2 2 2 2 2 2 2 2 2 2 2 2 2 2
left_child=20 2 3 12 10 6 9 -8 11 -6 -5 -7 13 16 19 -14 18 -18 -2 -15 21 22 23 -1 -25 27 -27 -26 -23 -30
right_child=1 -3 -4 4 5 8 7 -9 -10 -11 -12 -13 15 14 -16 -17 17 -19 -20 -21 -22 28 -24 24 25 26 -28 -29 29 -31
leaf_value=0.0038480867744461475 0.0051678007634749727 0.039065103264496359 -0.0079168230890702823 -0.075261805338186716 -0.00056141519728919074 0.098297145999821284 -0.019743941223090714 0.019955682541091126 0.021307134688719448 0.052207681779151138 0.006716564471463498 -0.015053276422977161 -0.04774689715336447 0.020048238365551967 -0.019655692889309795 -0.0011587420110929813 0.032922216689085328 -0.0079808522309257265 -0.0053065283700601748 -0.033442462429475288 0.00064105713628054446 0.012564985293463983 -0.011428185337931038 -0.010918444295695995 0.0014276167826960352 -0.019294897919721554 -0.0040075703942941071 -0.026441444831319473 0.015060565879867481 -0.020852757160691474
leaf_weight=63645.66224039346 65522.869533218443 3181.7782681882381 34041.222123704851 1023.433625087142 1573.6913583576679 227.09182359278202 3926.2874904870987 12887.39488273859 5556.4946357309818 6372.9040846526623 991.70390745997429 8703.7120901942253 1669.7820062339306 35025.927196532488 2845.6706755757332 132168.89362264425 6679.3906220197678 3522.4779470562935 70037.209941223264 975.30389089882374 1888304.2185788602 21134.632371857762 26282.927354179323 34035.869341060519 163174.67627260089 15128.307684026659 135150.18151991069 3337.5566069036722 6133.7356521636248 6824.9468689411879
leaf_count=182338 185244 7501 101971 4007 4460 375 12160 33090 15029 13627 2762 27522 5724 90536 8919 381253 15872 10891 204893 3226 5470055 57813 82743 104895 470596 48989 402173 11333 17406 22725
internal_value=0.000418594 0.00212929 0.00183071 0.0027532 0.0109274 0.013283 0.0206586 0.0106842 0.000676451 0.0417583 -0.0349322 -0.0121598 0.00169398 0.00418386 0.0157953 -0.00174037 0.00108918 0.0187994 -0.000243731 0.0185981 0.00013125 -0.00189606 -0.00253194 -0.00196777 -0.00302288 -0.00217454 -0.00554667 0.000868826 0.00632427 -0.00385366
internal_weight=2.76009e+06 396933 393751 359710 41262.7 39247.6 24760.3 16813.7 14487.3 7946.6 2015.14 8930.8 318448 184609 38846.9 133839 145762 10201.9 135560 36001.2 2.36315e+06 474848 440755 414472 350827 316791 150278 166512 34093.3 12958.7
internal_count=8000128 1129062 1121561 1019590 113032 106263 63337 45250 42926 18087 6769 27897 906558 519581 102681 386977 416900 26763 390137 93762 6871066 1401011 1303067 1220324 1037986 933091 451162 481929 97944 40131
is_linear=0
shrinkage=0.05


Tree=97
num_leaves=31
num_cat=0
split_feature=79 79 65 55 39 35 26 55 8 42 25 25 94 90 104 25 25 13 55 25 36 45 42 13 94 36 47 36 42 45
split_gain=525.256 770.92 525.674 810.737 821.573 795.28 675.413 822.927 902.208 779.416 1498.17 1342.49 1086.19 1043.51 918.075 767.927 1274.17 1071.41 1030.79 982.617 978.412 762.318 853.389 731.823 708.757 588.86 558.385 506.03 505.965 697.461
threshold=4.6936223506927499 1.9888400435447695 0.52828064560890209 -749202.49999999988 -2.690079808235168 -15.36516761779785 1.7804100513458254 -264137.49999999994 -0.0097745819948613626 0.99532693624496471 2.9390091896057133 3.0152827501297002 2573.6850585937505 3011.900024414063 7.6039757728576669 0.94197481870651256 0.96644258499145519 0.035008624196052558 10792.500000000002 0.66775310039520275 -13.795861244201658 1.0040706992149355 1.007299065589905 0.01571013126522303 4076.525024414063 -44.889793395996087 -0.24035324156284329 -4.1519718170166007 1.0002300739288332 1.0068799257278445
decision_type=2 2 2 2 2 2 2 2 2 2 2 2 2 2 2 2 2 2 2 2 2 2 2 2 2 2 2 2 2 2
left_child=1 -1 6 5 -5 -4 9 8 -8 10 12 -12 14 -13 -3 17 20 19 -18 -11 -17 -10 -23 -14 26 -6 -9 -26 -27 -30
right_child=-2 2 3 4 25 -7 7 24 21 15 11 13 23 -15 -16 16 18 -19 -20 -21 -22 22 -24 -25 27 28 -28 -29 29 -31
leaf_value=0.0011015432941152042 0.0013847996424267376 -0.023944116732234129 0.030316814190110591 0.0013386267842784593 -0.034336752212845323 -0.031968926689367398 -0.040703983184969525 -0.0084893844788856559 -0.018502039855088828 0.0017845203722734731 0.045790469632108088 -0.034500234230555323 -0.039957042641041475 0.0065819291678877014 0.019596100150712701 0.044859823825280642 0.0033238744788530086 -0.024207696629675521 -0.0055420226138061064 -0.0044755176116071929 0.0098038198935755452 0.017518979870567684 -0.016693795061306683 -0.0089330296626060225 -0.029079191592646509 -0.0012618560004007508 0.020301405416590396 -0.0021908992042279671 -0.0070788573922851532 0.0039999799169293561
leaf_weight=788103.98702628911 905511.77908937633 1530.8554079160094 590.12456423044205 112634.83229099959 1566.7508766502142 3856.1363540962338 2663.661284789443 2365.3144756108522 9946.5781922787428 168166.07038532197 2035.7833694368601 1681.1317211836576 1963.2396972328424 19057.928363025188 5773.9144557118416 2940.6927433609962 242901.66488132626 4871.3218277692795 37898.095350682735 99938.099219605327 6158.9131063073874 4199.8821137845516 3218.5506096482277 59106.950587064028 2153.8316086083651 121174.33005195856 5840.722541436553 9313.2567192167044 116656.57559388131 16174.555358335376
leaf_count=2163718 2317851 6702 1663 363606 6195 16299 10827 8071 36247 546531 5013 6618 7642 59540 17392 7556 781432 18243 131867 331846 18974 12837 11640 204045 8308 399194 17757 31541 397890 53083
internal_value=0.00039769 -8.42962e-05 -0.000960691 -0.00247534 -0.00221902 -0.023696 -0.000147046 -0.00647914 -0.0136133 0.000237338 -0.00405192 0.00705466 -0.0077515 0.00325002 0.0104687 0.000931938 0.00272404 -0.000971253 0.00212726 -0.000548951 0.021137 -0.00945536 0.00267455 -0.00993109 0.000783987 -0.00378695 0.0120021 -0.00724378 -0.00359836 -0.00572975
internal_weight=2.76e+06 1.85448e+06 1.06638e+06 372653 368207 4446.26 693726 39701.8 20028.7 654025 91149.8 22774.8 68375 20739.1 7304.77 562875 289899 272975 280800 268104 9099.61 17365 7418.43 61070.2 19673.1 255572 8206.04 11467.1 254005 132831
internal_count=8000128 5682277 3518559 1237930 1219968 17962 2280629 137228 71551 2143401 306952 71171 235781 66158 24094 1836449 939829 896620 913299 878377 26530 60724 24477 211687 65677 856362 25828 39849 850167 450973
is_linear=0
shrinkage=0.05


Tree=98
num_leaves=31
num_cat=0
split_feature=49 55 42 37 37 46 53 55 54 81 55 49 49 8 55 54 8 48 55 37 30 22 13 90 48 8 36 30 54 37
split_gain=514.111 1156.84 1327.87 1661.88 1537.71 1589.47 2004.12 1294.71 1269.21 1446.01 1351.28 1267.91 1048.68 2036.42 954.966 2550.6 1769.1 1541.46 1472.49 1638.46 1768.49 1648.81 1759.35 1262.48 1193.14 1191.92 1183.98 1054.5 1042.26 2043.84
threshold=0.24825246632099154 15532.500000000002 1.0078396797180178 21.929766654968265 4.3546829223632821 0.13726162910461429 0.87837970256805431 22842.500000000004 4152.5000000000009 1.0000000180025095e-35 29372.500000000004 -0.79989895224571217 -0.71473535895347584 -0.0012896941625513134 -264137.49999999994 256777.50000000003 -0.010850480757653711 -0.83743050694465626 -266597.49999999994 20.783066749572757 0.90249997377395641 1.5000000000000002 0.057140676304697997 2414.9565429687505 -0.35222910344600672 0.0082243992947042006 -40.982654571533196 0.0224999999627471 8922.5000000000018 14.589394569396974
decision_type=2 2 2 2 2 2 2 2 2 2 2 2 2 2 2 2 2 2 2 2 2 2 2 2 2 2 2 2 2 2
left_child=1 14 3 4 5 12 7 -7 9 -6 -10 -4 13 -3 16 26 -1 -17 19 21 23 25 -23 -21 -22 -18 -16 -28 29 -29
right_child=-2 2 11 -5 8 6 -8 -9 10 -11 -12 -13 -14 -15 15 17 18 -19 -20 20 24 22 -24 -25 -26 -27 27 28 -30 -31
leaf_value=-0.022317527774680157 -0.0004600436735874382 0.016209493412215708 0.031102108252939971 -0.024882679357297689 0.015417248765780746 -0.022134212287438604 0.030490546092276451 0.0071898526640173273 -0.0038344370867844386 -0.01841171984891932 -0.061630290530257127 -0.0001947817268800879 -0.010988965012431195 -0.044043240684607667 0.055084184101748271 -0.012537052794048379 0.0041502227816272814 0.038135260830718457 -0.025124185200377333 0.05132037606909521 0.032917694411714049 -0.0026396860419673623 0.026172371351420299 0.0030315239762828496 0.00067067250407463878 -0.016392371118601843 -0.012422433903794753 0.0025922537565203235 0.0033414448696343318 -0.00995536529862775
leaf_weight=8729.9895322471857 1100655.0283174589 1742.3705817759037 4790.698729544878 10532.413081422448 20954.030686110258 7845.8378190845251 4338.7953168749809 7233.4950417950749 15027.9753279984 3718.6176586300135 1083.341799274087 9967.4099706709385 16527.072171278298 7173.0318622887135 1056.7752159386873 1864.6940262615681 178108.52466300875 7678.5553265810013 5645.8033164590597 1366.5449610054493 9036.5183432251215 433380.68529848009 5362.9386356621981 132383.97494295239 4202.7900003194809 7351.5818622708321 12214.862497478724 104353.31775742769 587953.88266380131 47101.13873013854
leaf_count=28527 3242229 4792 11735 35400 55371 27446 10895 22455 45882 12154 4207 29455 52697 26548 2229 5726 498124 18006 18284 3132 21953 1269794 13365 379203 11938 22946 37486 297377 1647930 142842
internal_value=0.000377781 0.000933725 -0.00399844 -0.00614134 -0.00383624 -0.0102242 0.00054864 -0.0080677 0.00319023 0.0103179 -0.00772458 0.00996573 -0.0184462 -0.0322668 0.00128723 0.00254807 6.38615e-05 0.0282334 0.000315415 0.000501693 0.00525094 -0.000616675 -0.00228743 0.00352531 0.0226821 0.00333581 0.00222236 0.00214796 0.00238868 -0.00130996
internal_weight=2.75938e+06 1.65873e+06 110935 96177 85644.6 44860.6 19418.1 15079.3 40784 24672.6 16111.3 14758.1 25442.5 8915.4 1.54779e+06 762223 785569 9543.25 776839 771194 146990 624204 438744 133751 13239.3 185460 752680 751623 739408 151454
internal_count=8000128 4757899 339037 297847 262447 144833 60796 49901 117614 67525 50089 41190 84037 31340 4418862 2151596 2267266 23732 2238739 2220455 416226 1804229 1283159 382335 33891 521070 2127864 2125635 2088149 440219
is_linear=0
shrinkage=0.05


Tree=99
num_leaves=31
num_cat=0
split_feature=13 49 36 22 85 49 27 28 85 90 25 54 90 6 49 46 54 77 85 42 62 42 90 54 55 13 8 49 37 12
split_gain=507.513 558.578 966.832 1613.59 1646.12 1721.95 1979.73 1564.37 4029.95 1768.43 1487.32 1425.95 1210.21 1048.31 1033.6 965.049 944.322 1173.11 895.612 2043.21 1464.13 880.505 990.506 981.644 1027.82 971.818 865.494 796.737 734.959 708.375
threshold=0.0079392073675990122 0.9279436767101289 -28.908246040344235 3.5000000000000004 0.90000000596046459 -0.7866188883781432 -0.69085174798965443 0.67499998211860668 0.90000000596046459 3314.1210937500005 1.8524616956710818 274697.50000000006 2684.8349609375005 0.0014198721037246289 -0.24825246632099149 0.088202994316816344 7882.5000000000009 1.3076950907707217 0.90000000596046459 0.99743056297302257 24.222620964050297 1.0025337338447573 4789.2297363281259 1007.5000000000001 27067.500000000004 0.055516105145215995 -0.0090565443970262987 -0.95032352209091175 -4.88991355895996 0.11573895066976549
decision_type=2 2 2 2 2 2 2 2 2 2 2 2 2 2 2 2 2 2 2 2 2 2 2 2 2 2 2 2 2 2
left_child=-1 2 3 7 5 -5 -7 14 9 13 16 -11 -8 -9 15 -2 -6 -18 19 -16 -20 22 23 -3 25 -25 -24 -17 -12 -27
right_child=1 21 -4 4 10 6 12 8 -10 11 28 -13 -14 -15 18 27 17 -19 20 -21 -22 -23 26 24 -26 29 -28 -29 -30 -31
leaf_value=0.010714207273516553 -0.049935760265728664 0.031330788692466853 0.00036718235021999344 0.05769866374407108 0.052253754592223381 -0.033022819307089786 -0.015804574910112192 0.023344655613617735 -0.01716757047362465 0.018913421856817263 0.010383814283312061 -0.049661334568535144 0.032948969426382917 0.062896169568715327 -0.015958652700727122 0.013040064971083601 0.017814129833891856 -0.044858125033890056 -0.002950993117034902 0.020904766821989093 0.029811358776391766 -0.0061673669009664409 0.035056746262224533 0.0006408882902956386 0.031291354862805092 -0.027539275643206768 -0.015635560943774222 -0.027228202677662468 0.064202994762319041 0.050550424030034485
leaf_weight=11780.607332542539 2093.0296535864472 2616.7807534486055 2370103.3544168472 3450.8344160616398 394.26159849762917 1661.7955386340618 1490.2279163151979 2900.1678518354893 7578.2082916647196 6802.6785864084959 3405.2359405308962 852.14179717004299 8700.2170771360397 3973.3308082818985 15855.091318592429 2195.7468192651868 1002.4641525894403 2918.876369163394 9441.7346044778824 4925.8629443198442 5336.7724694237113 81537.029722489417 895.72565007209778 182525.07028853893 2671.4258661419153 4391.6972461044788 13803.298158854246 2785.5178254246712 778.84625159204006 310.02409888803959
leaf_count=32554 7520 6684 6855827 6862 904 5501 4550 7241 24515 17908 9662 2976 20673 7766 49713 5956 2375 10949 28588 12616 13916 250132 2114 534774 6713 14556 45287 8931 1672 693
internal_value=0.000358911 0.000314503 0.000558828 0.00568864 0.0168201 0.026619 0.0175655 0.00159572 0.0123891 0.0278069 -0.000822551 0.0112735 0.025818 0.0462146 -0.00400094 -0.021454 -0.0214151 -0.0288347 -0.000528146 -0.00721982 0.00888093 -0.00176584 -3.38353e-05 0.00092138 0.000502152 6.26484e-05 -0.012544 -0.00947785 0.0204161 -0.0223794
internal_weight=2.75918e+06 2.7474e+06 2.45865e+06 88543 23802.8 15303.1 11852.2 64740.3 22106.5 14528.3 8499.68 7654.82 10190.4 6873.5 42633.8 7074.29 4315.6 3921.34 35559.5 20781 14778.5 288751 207214 192515 189898 187227 14699 4981.26 4184.08 4701.72
internal_count=8000128 7967574 7106621 250794 63148 37586 30724 187646 60406 35891 25562 20884 25223 15007 127240 22407 14228 13324 104833 62329 42504 860953 610821 563420 556736 550023 47401 14887 11334 15249
is_linear=0
shrinkage=0.05


Tree=100
num_leaves=31
num_cat=0
split_feature=65 39 31 54 87 42 44 54 54 87 55 28 55 35 90 55 38 22 55 13 55 50 37 38 36 90 28 36 50 35
split_gain=495.04 1045.55 948.15 990.427 1271.14 1214.38 1251.34 1179.61 1148.4 1116.45 1605.96 1240.81 1410.24 1119.62 1089.83 1066.77 961.764 977.576 2842.2 947.177 947.072 920.632 910.552 858.397 828.809 1234.86 825.608 816.582 811.071 944.165
threshold=0.52828064560890209 -2.690079808235168 396.92955017089849 1372.5000000000002 1.0000000180025095e-35 1.0125682950019839 1.0065386295318606 755747.50000000012 758052.50000000012 1.0000000180025095e-35 2207.5000000000005 0.32500000298023229 11242.500000000002 -2.9868507385253902 4071.914916992188 -737852.49999999988 7.9963746070861825 1.5000000000000002 22842.500000000004 0.046678310260176666 12697.500000000002 -887.49999999999989 -4.88991355895996 -0.8200693130493163 1.0000000180025095e-35 2522.3779296875005 0.97499999403953563 2.4171972274780278 -1.0000000180025095e-35 5.4768311977386483
decision_type=2 2 2 2 2 2 2 2 2 2 2 2 2 2 2 2 2 2 2 2 2 2 2 2 2 2 2 2 2 2
left_child=2 28 3 9 7 6 8 16 15 10 -1 12 -11 -13 19 -6 17 18 -5 -8 -7 -19 -12 -15 25 -18 -26 -10 -2 -30
right_child=1 -3 -4 4 5 20 14 -9 27 11 22 13 -14 23 -16 -17 24 21 -20 -21 -22 -23 -24 -25 26 -27 -28 -29 29 -31
leaf_value=0.062369358555685997 -0.00015072454429456637 -0.0016853699049439491 -0.00018628184249879187 0.0037734182875906182 -0.014840670798254373 -0.043243832181180407 0.027444171860510916 -0.037897443222105691 0.042306643432200239 -0.023056424350177782 0.083199961876006381 -0.058805483162016718 0.021513461721307192 0.022177710782210154 0.035460025262542695 0.0042095419222071264 0.046509731135475331 0.019972888193286138 0.0497244058046497 -0.075463098942652615 0.021126684769322387 -0.0015163918360643176 -0.0034811807725640001 -0.024941365408666115 -0.0056197382229903675 -0.027875971101791394 0.038024388880932541 -0.071755254675217581 0.0031957173297919002 0.015563342349164204
leaf_weight=1092.5576012730598 182178.14735601842 678242.91911411285 1036664.8288171738 72079.12713573873 7478.097986407578 2294.4717458635569 444.21910573542118 2049.4443832710385 2692.668609187007 3345.5800412744284 310.56252329051495 2141.7605763375759 3777.8597956821322 1136.8250220716 5261.1636531800032 421198.71501038969 602.98951053619385 5133.7990802377462 3529.0030498504639 448.34542445838451 759.99742838740349 169744.49126295745 10978.993337377906 6423.8389299362898 20256.491593956947 7323.6700094789267 1143.8079273849726 165.69824767112732 91028.258091785014 18581.614530749619
leaf_count=2319 525358 1988661 3026659 207150 23647 8020 1083 7883 6143 10936 563 8622 10493 3038 12243 1167438 1521 14108 7802 1727 1988 506780 34083 21421 62043 24551 2849 639 260098 49998
internal_value=0.00030082 -0.000608675 0.000794113 0.00214597 0.00251084 0.00418787 0.00440716 -0.000111496 0.00408785 -0.00688048 0.00451447 -0.0152661 0.000579861 -0.0268994 0.0267934 0.00387717 0.000165377 0.00116843 0.00591887 -0.0242683 -0.0272242 -0.000885404 -0.00108908 -0.0178539 -0.00840144 -0.0222116 -0.00328514 0.03567 0.00189401 0.00529251
internal_weight=2.75851e+06 970031 1.78848e+06 751814 722606 440743 437689 281863 431535 29208 12382.1 16825.9 7123.44 9702.42 6153.73 428677 279813 250486 75608.1 892.565 3054.47 174878 11289.6 7560.66 29327 7926.66 21400.3 2858.37 291788 109610
internal_count=7999864 2824115 5175749 2149090 2057615 1222928 1212920 834687 1197867 91475 36965 54510 21429 33081 15053 1191085 826804 735840 214952 2810 10008 520888 34646 24459 90964 26072 64892 6782 835454 310096
is_linear=0
shrinkage=0.05


Tree=101
num_leaves=31
num_cat=0
split_feature=30 48 55 26 36 62 54 54 37 54 62 54 49 54 54 8 12 99 99 99 54 100 42 49 87 35 42 85 99 37
split_gain=487.501 1157.1 1449.57 1196.12 1632.75 1382.43 1297.98 1362.63 1203.12 1150.83 1072.83 1017.01 1009.13 913.347 1532.21 877.897 844.915 969.758 838.539 835.006 971.18 1438.85 1369.19 917.853 1761.65 1207.04 787.937 2866.1 827.945 809.073
threshold=0.92250001430511486 0.56457334756851207 30557.500000000004 1.4193626642227175 -7.5185062885284415 25.088389396667484 474522.50000000006 503947.50000000006 1.9191339015960696 315267.50000000006 46.651044845581062 4392.5000000000009 -0.95032352209091175 18492.500000000004 10267.500000000002 -0.0028677552472800012 0.063288163393735899 274448.73437500006 339884.31250000006 118351.40625000001 690962.50000000012 104586.02343750001 1.003247141838074 -0.72982063889503468 1.0000000180025095e-35 4.356048822402955 1.0058684945106509 0.90000000596046459 108395.26562500001 6.3536052703857431
decision_type=2 2 2 2 2 2 2 2 2 2 2 2 2 2 2 2 2 2 2 2 2 2 2 2 2 2 2 2 2 2
left_child=15 2 3 5 9 12 -6 -8 11 -5 -3 -7 -2 14 -10 19 -14 -18 -13 20 22 -22 -1 24 -24 -26 29 -28 -29 -23
right_child=1 10 -4 4 6 8 7 -9 13 -11 -12 18 16 -15 -16 -17 17 -19 -20 -21 21 26 23 -25 25 -27 27 28 -30 -31
leaf_value=-0.0015631447105969361 -0.0099314711774702025 -0.015111215488429487 0.041753445874862606 0.004768601661968669 0.0068373332903601189 -0.016690815404463769 0.053694062805138998 0.015897649414695784 -0.0067820592029986908 -0.073566283157169871 0.0062668641478609982 0.0045337252780419937 0.0072224135538640436 -0.0030305865954147223 -0.041546638390828068 0.00058195530947685549 -0.035544567680823494 0.0072824239633961368 0.030089239662426093 -0.0009445412101990471 -0.0099728966141067552 0.031479283611514246 -0.0068486369691863145 -0.014937908673034775 0.07799772175354687 -0.074237565454852661 0.051199723589750779 -0.050018717704577664 0.038616939799490026 -0.0043463830259958969
leaf_weight=16488.611665338278 10293.547872662544 17703.295977607369 2375.2234980911016 932.86485384404659 24690.448495775461 5314.2992287501693 3411.0864747911692 7925.7898184210062 11878.142675250769 941.16082349419594 8777.3956758677959 45501.553218714893 119464.5415680632 79222.967019475996 4322.4729671478271 1807001.6359006539 2530.6508059501648 2765.0440719425678 3452.7279504090548 529311.31310572475 18327.537526100874 1959.8528280258179 2251.8418142348528 15641.361381560564 136.27215027809143 2591.1504888832569 3594.2397319078445 1193.5048899054527 337.15246684849262 8026.8106748908758
leaf_count=48253 30932 54774 5433 2625 68677 17548 7256 21275 35459 3708 24709 127145 330946 229905 14654 5232895 8502 7596 8670 1552644 57848 4860 7028 49196 240 9942 7764 4575 839 23966
internal_value=0.000285789 0.00202516 0.00284402 0.00255743 0.0109017 0.00144671 0.013269 0.0272742 -0.00186242 -0.0345878 -0.00802499 0.00408147 0.00511453 -0.00524284 -0.0160599 3.17644e-05 0.00635603 -0.0131852 0.00633683 -0.00162561 -0.00673536 -0.000555118 -0.0123041 -0.020892 -0.0395876 -0.0666037 0.0108665 0.0268024 -0.0304795 0.00268624
internal_weight=2.75836e+06 351503 325023 322647 37901.4 284746 36027.3 11336.9 149692 1874.03 26480.7 54268.6 135054 95423.6 16200.6 2.40686e+06 124760 5295.69 48954.3 599860 70548.3 33439.1 37109.2 20620.6 4979.26 2727.42 15111.6 5124.9 1530.66 9986.66
internal_count=7999864 999814 920331 914898 103541 811357 97208 28531 433381 6333 79483 153363 377976 280018 50113 7000050 347044 16098 135815 1767155 214511 99852 114659 66406 17210 10182 42004 13178 5414 28826
is_linear=0
shrinkage=0.05


Tree=102
num_leaves=31
num_cat=0
split_feature=86 77 55 22 77 25 49 25 8 73 39 77 50 54 53 77 49 25 73 55 87 53 22 25 50 37 28 54 35 36
split_gain=597.59 814.243 608.72 609.523 810.225 615.033 1181.5 874.191 838.868 716.644 587.889 831.743 791.574 585.114 981.892 595.38 752.711 1156.41 578.986 570.029 809.502 1782.3 2984.41 2104.77 1680.47 1277.64 967.451 942.543 632.327 1597.08
threshold=6.0000000000000009 2.1999999284744267 -685712.49999999988 1.0000000180025095e-35 1.3076950907707217 0.96644258499145519 -0.90159028768539418 1.3297770023345949 -0.0025455536087974902 1.2915656566619875 -4.28165578842163 1.3076950907707217 -607.49999999999989 677152.50000000012 0.6078576147556306 1.3076950907707217 -0.29026740789413447 0.59308630228042614 2.3814814090728764 -708652.49999999988 1.0000000180025095e-35 1.0000000180025095e-35 2.5000000000000004 1.1533142328262331 -382.49999999999994 3.9589381217956547 0.77500000596046459 720367.50000000012 4.898850917816163 3.9068782329559331
decision_type=2 2 2 2 2 2 2 2 2 2 2 2 2 2 2 2 2 2 2 2 2 2 2 2 2 2 2 2 2 2
left_child=2 19 3 4 -1 8 7 9 18 -7 11 12 -8 -4 -15 16 17 -16 -5 20 -2 28 24 -24 26 -25 -23 -26 -22 -30
right_child=1 -3 13 5 -6 6 10 -9 -10 -11 -12 -13 -14 14 15 -17 -18 -19 -20 -21 21 22 23 25 27 -27 -28 -29 29 -31
leaf_value=-0.057474839107477943 0.0013570941835171994 -6.9934716035449789e-05 -0.00080371302034402568 -0.044674510308089409 0.0033940103538813919 -0.088928816184697293 0.046459202584982859 -0.021343503248891216 -0.00634266277398978 0.054329499691831575 -0.0089338121173415559 -0.02134730044652652 -0.016314627193983283 -0.017100995153428174 -0.044179592614393852 3.5590606585922257e-06 0.065989443690376251 0.075002800078365434 -0.0058301559908157143 0.0016269369585765578 0.046549841323093283 0.0068701362735916656 -0.087916666149304046 -0.052745945677524844 0.060359050705102668 0.028059269764650854 -0.051970719018109984 0.019550395668514606 -0.017665487542246217 0.070580807326467834
leaf_weight=1308.1606532633305 24183.719426229596 1360751.0750144199 569435.448469989 2704.7552998960018 938.28227345645428 90.469922602176666 1876.9893440231681 584.36263919621706 20399.445635788143 1956.5006829202175 12149.390096321702 1159.301707521081 684.78745069354773 1506.478988468647 474.30487710237503 1049.5431835353374 1534.5465973168612 354.94474567472935 1487.2287130206823 733898.94561651349 4530.2288209348917 2336.2037154883146 1255.998262912035 834.77677656710148 2116.4745813012123 1178.5889297574759 995.38772980868816 4271.4424834549427 1428.1099524348974 798.58245472609997
leaf_count=5561 68712 3998562 1734546 10586 2946 413 4883 2111 66646 4679 40592 3951 2458 5031 1705 3065 3335 680 4778 1987387 9007 5835 4660 2814 3788 2602 3229 9945 4029 1328
internal_value=0.00027152 0.000667689 -0.00109566 -0.00667312 -0.032059 -0.00534893 0.00153733 0.0325612 -0.01053 0.0479551 -0.00360786 0.0137778 0.0296774 -0.000655353 0.0165119 0.0313492 0.0452588 0.00685707 -0.0308992 0.00195811 0.00749052 0.0150017 0.00416587 -0.0371508 0.0180665 -0.00545106 -0.0107187 0.0330794 0.0358272 0.0139985
internal_weight=2.75827e+06 2.13858e+06 619695 45339.7 2246.44 43093.2 18501.8 2631.33 24591.4 2046.97 15870.5 3721.08 2561.78 574355 4919.82 3413.34 2363.8 829.25 4191.98 777828 43929.5 19745.8 12988.9 3269.36 9719.51 2013.37 3331.59 6387.92 6756.92 2226.69
internal_count=7999864 6101898 1897966 149604 8507 141097 59087 7203 82010 5092 51884 11292 7341 1748362 13816 8785 5720 2385 15364 2103336 115949 47237 32873 10076 22797 5416 9064 13733 14364 5357
is_linear=0
shrinkage=0.05


Tree=103
num_leaves=31
num_cat=0
split_feature=86 77 46 22 73 22 77 94 35 94 43 42 55 94 104 48 13 36 35 28 77 87 104 54 55 54 28 53 43 37
split_gain=539.566 735.364 592.487 1761.05 753.196 697.368 1318.42 1638.47 1550.92 994.13 972.38 950.451 798.478 618.367 791.277 908.395 733.765 604.775 585.291 568.056 561.57 1055.19 1132.6 1030.09 1240.94 888.913 1067.26 847.01 1062.57 795.642
threshold=6.0000000000000009 2.1999999284744267 0.074752520769834532 1.0000000180025095e-35 21.618553161621097 1.5000000000000002 1.3076950907707217 4722.6186523437509 -11.847433090209959 4702.7299804687509 1.0029757618904116 0.99283280968666088 22252.500000000004 2625.349975585938 7.7141144275665292 -0.31107263267040247 0.046678310260176666 21.483886718750004 -15.36516761779785 0.075000001117587103 3.7121527194976811 1.0000000180025095e-35 7.7350633144378671 717835.00000000012 -737852.49999999988 715402.50000000012 0.92499998211860668 1.0000000180025095e-35 0.99991148710250866 -12.01503801345825
decision_type=2 2 2 2 2 2 2 2 2 2 2 2 2 2 2 2 2 2 2 2 2 2 2 2 2 2 2 2 2 2
left_child=2 -2 -1 4 17 6 7 9 -9 11 13 -5 18 16 15 -15 -7 -4 -8 -16 -3 22 -22 25 29 -23 -27 -26 -29 -25
right_child=1 20 3 5 -6 10 12 8 -10 -11 -12 -13 -14 14 19 -17 -18 -19 -20 -21 21 23 -24 24 27 26 -28 28 -30 -31
leaf_value=-0.0029211563459110202 0.0018610566777422022 -0.00079705936484203768 -0.021790573649023533 -0.0081928703651227269 0.049999034626463032 -0.011214924029125103 -0.051829980381357124 0.057176189725930748 -0.022960374382414425 0.064281601528210192 -0.0057458094560443596 0.01324884064560132 -0.044099170308676716 0.053159530823740767 -0.0022837938325527031 -0.08276474269763448 0.04100210458316228 0.019084486150716718 -0.0011409918893021636 0.0037080231381812277 -0.008672803904390132 0.0029833705363061132 0.00054651131962317283 0.054097182672791212 0.060529270090292013 -0.099133980282057568 0.015229016827708212 0.049196167487231164 -0.0035403568086410753 -0.0026737269748855269
leaf_weight=249999.67387244105 777594.91151758283 896772.12206055969 12930.268067605793 5796.4100672453642 406.96280732750893 13682.215155735612 579.84264567494392 672.1100716739893 5860.5311516225338 886.49187797307968 64017.27708107233 47631.308159276843 1177.2974761500955 1246.8055927306414 57630.18976534903 135.4300986379385 706.56437416374683 972.14435592293739 29157.08460277319 126117.4853361547 41320.028022803366 237187.98801250756 171899.79217860103 684.46479389071465 2016.8879323601723 463.48125292360783 363.24285295605659 1755.5730048418045 2092.9243534952402 6192.9783592820168
leaf_count=776422 2103336 2665552 43751 18290 937 45683 2169 1494 20025 1898 202852 132350 4894 2856 176465 570 1788 2791 87928 374803 140035 631159 528024 1306 3702 1815 880 3498 5638 16953
internal_value=0.00025802 0.000634481 -0.00104119 0.000230403 -0.0169667 0.000923067 0.00467706 0.00894901 -0.0147073 0.0117946 -0.000384036 0.0109224 -0.00373105 0.00133633 0.00211239 0.039788 -0.00864778 -0.0189308 -0.00213126 0.00182873 -6.64381e-05 0.00134569 -0.00124012 0.00354442 0.0173939 0.00280286 -0.0489219 0.0342877 0.0205217 0.00298261
internal_weight=2.75795e+06 2.13834e+06 619606 369606 14309.4 355297 91761.1 60846.9 6532.64 54314.2 263536 53427.7 30914.2 199519 185130 1382.24 14388.8 13902.4 29736.9 183748 1.36075e+06 463977 213220 250758 12742.8 238015 826.724 5865.39 3848.5 6877.44
internal_count=7999864 6101898 1897966 1121544 47479 1074065 269048 174057 21519 152538 805017 150640 94991 602165 554694 3426 47471 46542 90097 551268 3998562 1333010 668059 664951 31097 633854 2695 12838 9136 18259
is_linear=0
shrinkage=0.05


Tree=104
num_leaves=31
num_cat=0
split_feature=100 55 85 54 9 78 85 36 49 54 49 44 48 86 54 64 30 12 86 35 73 49 22 54 54 54 87 37 54 12
split_gain=493.08 687.978 1427.47 1430.25 744.705 1103.26 703.408 997.43 862.176 800.298 873.038 843.571 727.981 1049.63 805.411 1144.98 955.658 698.345 693.628 866.125 734.048 585.352 1419.53 573.139 560.075 522.692 2148.77 3686.27 2379.67 2232.39
threshold=373462.07812500006 7067.5000000000009 0.90000000596046459 10972.500000000002 0.3658027201890946 1.3076950907707217 0.90000000596046459 -25.322859764099118 -0.91080963611602772 12407.500000000002 0.50938662886619579 1.0026912689208987 0.82531082630157482 6.0000000000000009 10732.500000000002 -7.0382344722747794 0.83249998092651378 0.11573895066976549 6.0000000000000009 -8.6337461471557599 6.0282175540924081 -0.79989895224571217 1.5000000000000002 11232.500000000002 2782.5000000000005 2482.5000000000005 1.0000000180025095e-35 2.6174721717834477 1372.5000000000002 0.021396402269601825
decision_type=2 2 2 2 2 2 2 2 2 2 2 2 2 2 2 2 2 2 2 2 2 2 2 2 2 2 2 2 2 2
left_child=25 2 3 18 5 -4 7 -3 -8 10 -10 -12 14 -14 15 16 -9 24 20 -20 -2 22 -21 -16 -6 26 29 28 -28 -1
right_child=1 6 4 -5 17 -7 8 12 9 -11 11 -13 13 -15 23 -17 -18 -19 19 21 -22 -23 -24 -25 -26 -27 27 -29 -30 -31
leaf_value=0.019803676716291518 -0.052513246370030423 0.06772707102844748 0.028820838980885034 -0.050536209295995664 -0.033987826149204051 -0.066713294236621326 -0.048882209803092019 -0.027935635848818471 0.038540528927456026 -0.085410456190639528 0.032394793649541453 -0.040622102821265084 -3.1656774162248396e-05 -0.087665123971561898 0.054937534019917328 -0.036668267532607011 0.066140303172944392 -0.041670458172389471 -0.088678907144471728 -0.14027169652032714 0.028023815188179264 0.060243189426202881 0.068559577742029407 -0.0085212628887329691 0.04705355198714279 0.00035183445549519357 -0.011274384283526388 -0.0024708365749294258 -0.047523239079309117 -0.0013990186474119384
leaf_weight=17092.784934982657 343.96598906815052 382.36944468319416 439.1947967261076 490.40610352158546 267.16475482285023 964.13279855251312 504.3302835226059 486.2141859382391 3200.7429949194193 173.83513079583645 736.09830440580845 852.67762529850006 630.24050182104111 745.61718337237835 760.52184446156025 2638.0581547021866 604.5637488514185 449.70906130969524 108.31615555286407 127.07760338485241 1572.4093119949102 3512.0117184966803 222.16283875703812 667.18917320668697 1041.2663641571999 2585487.586511597 9985.2947979569435 69396.924368642271 8284.5581418424845 45348.675753474236
leaf_count=46525 1303 715 967 1803 1002 4371 1837 1691 7589 740 1840 3054 2097 3173 1610 9330 1263 1502 447 561 3841 6430 384 2088 2251 7481192 32685 205449 33875 138249
internal_value=0.000245154 0.00771416 0.0178062 0.0314251 -0.00966134 -0.0368115 -5.98538e-05 -0.0106566 0.01334 0.0196721 0.0235041 -0.00679029 -0.0152552 -0.0475556 -0.00662831 -0.0188556 0.0242142 0.0120154 0.0382623 0.0501868 0.0135459 0.0541056 -0.00759682 0.0252937 0.0304888 0.0001853 -0.00268306 -0.00773177 -0.0277136 0.00440517
internal_weight=2.75752e+06 21920.3 9537.82 6376.35 3161.47 1403.33 12382.5 6914.77 5467.68 4963.35 4789.52 1588.78 6532.4 1375.86 5156.55 3728.84 1090.78 1758.14 5885.94 3969.57 1916.38 3861.25 349.24 1427.71 1308.43 2.7356e+06 150108 87666.8 18269.9 62441.5
internal_count=7999864 61889 24862 14769 10093 5338 37027 21967 15060 13223 12483 4894 21252 5270 15982 12284 2954 4755 12966 7822 5144 7375 945 3698 3253 7937975 456783 272009 66560 184774
is_linear=0
shrinkage=0.05


Tree=105
num_leaves=31
num_cat=0
split_feature=80 80 74 78 80 80 86 78 78 87 78 94 90 25 90 25 25 87 25 104 54 54 42 25 11 90 39 94 13 30
split_gain=552.815 752.903 601.568 536.486 490.259 451.092 384.917 686.495 612.008 566.836 491.28 463.653 953.341 572.972 363.662 479.334 396.883 362.181 680.044 616.829 493.282 464.928 459.348 427.519 384.514 418.679 372.974 434.01 355.596 351.513
threshold=5.5255424976348886 3.4530960321426396 222.40083312988284 1.0658904910087588 6.6557295322418222 1.4529955387115481 6.0000000000000009 1.2333478927612307 0.83046793937683117 1.0000000180025095e-35 0.83046793937683117 4471.6979980468759 4734.0026855468759 3.0152827501297002 4555.6052246093759 2.5623327493667607 0.52306818962097179 1.0000000180025095e-35 0.60609513521194469 7.7371816635131845 8922.5000000000018 408062.50000000006 0.98947641253471386 0.60973319411277782 0.018122665584087375 2379.220092773438 6.117938995361329 3317.009887695313 0.0079392073675990122 0.17750000208616259
decision_type=2 2 2 2 2 2 2 2 2 2 2 2 2 2 2 2 2 2 2 2 2 2 2 2 2 2 2 2 2 2
left_child=1 5 6 -2 17 -1 8 10 -3 11 -8 13 -13 -9 15 -11 -16 19 21 23 22 26 -20 -5 25 -22 -19 -28 -7 -25
right_child=3 2 -4 4 -6 28 7 9 -10 14 -12 12 -14 -15 16 -17 -18 18 20 -21 24 -23 -24 29 -26 -27 27 -29 -30 -31
leaf_value=0.001691488137470702 0.0039721295987682984 -0.011710005446786853 0.012024356705548026 -0.0089924516233489526 -0.00058172033641593957 0.012988121191902673 -0.0016969996772276338 -0.007385178067386128 -0.0024424458226947618 -0.00069167508283058125 0.005993912584510732 0.013346318621652848 -0.012437762082358982 -0.032218113835695047 -0.048398899441228965 0.014480464712158463 -0.0069613736569415765 0.0032854936638362837 -0.03404459149587126 0.0050303619010023349 0.058196734912735776 0.010603014360873842 -0.0060516340163380509 -0.010393905921226403 0.0024580472407868498 -0.0037853324629919666 -0.05116467893408938 -0.0059956775111675393 -0.00034008795271056261 0.0047839967837419971
leaf_weight=388770.67800760269 151408.90844474733 27813.171287491918 7099.8479792624712 14120.692521631718 369613.47292773426 5025.5918001979589 43393.926481485367 65784.023385040462 49556.157718747854 74054.29989117384 39813.474363774061 7866.1815384924412 6585.1361238136888 2407.1127808541059 609.84012034535408 5598.3552249521017 10733.421593666077 17322.070997983217 1570.0961225181818 147023.51644010842 273.03544591367245 23585.314841225743 21842.228907033801 4706.5750855654478 67393.477135151625 46953.32049280405 662.16382570564747 2688.6583466529846 1133135.9384765401 20109.095091834664
leaf_count=1047585 381840 114441 18927 37882 955178 14244 115513 304482 196070 227718 100826 32940 31097 11677 2480 16229 35751 43756 4734 368449 500 57416 57861 12708 170906 122784 2131 7099 3456756 50440
internal_value=0.000234916 -0.00025351 -0.00237653 0.00126104 0.000704717 0.000221046 -0.0026825 -0.00175116 -0.00577417 -0.00354058 0.00198295 -0.00653824 0.00159671 -0.0082623 -0.000818008 0.000374798 -0.00919366 0.00199593 0.000412134 0.00354843 -0.00131711 0.00580532 -0.00793051 -0.00204719 3.37553e-05 -0.00342566 0.000331237 -0.0149357 -0.000281221 0.00190483
internal_weight=2.75752e+06 1.86825e+06 341315 889273 737864 1.52693e+06 334215 256846 77369.3 173638 83207.4 82642.5 14451.3 68191.1 90995.9 79652.7 11343.3 368250 182290 185960 138032 44258.2 23412.3 38936.4 114620 47226.4 20672.9 3350.82 1.13816e+06 24815.7
internal_count=8000420 5726736 1208151 2273684 1891844 4518585 1189224 878713 310511 662374 216339 380196 64037 316159 282178 243947 38231 936666 467187 469479 356785 110402 62595 101030 294190 123284 52986 9230 3471000 63148
is_linear=0
shrinkage=0.05


Tree=106
num_leaves=31
num_cat=0
split_feature=97 30 54 85 55 6 90 94 26 97 97 54 39 49 7 79 79 74 97 49 50 48 48 90 54 90 90 49 78 79
split_gain=504.039 684.513 817.252 1016.95 2314.22 1457.03 983.587 1032.14 1009.12 927.117 1257.14 844.365 831.05 738.121 620.285 558.502 688.754 563.135 535.953 519.372 506.311 503.777 481.767 750.971 643.981 469.976 640.215 502.457 454.201 443.456
threshold=-5.1841506958007804 0.21750000119209292 15477.500000000002 0.90000000596046459 3427.5000000000005 -0.0091630602255463583 2632.230102539063 4361.1101074218759 1.0462074279785158 -5.4626247882843009 -5.6833107471466056 54285.000000000007 -1.293535530567169 0.31107263267040258 0.014882187824696304 5.5255424976348886 3.4530960321426396 222.40083312988284 -5.9297924041748038 -0.65106672048568714 162.50000000000003 0.99275061488151561 0.77296444773674022 4327.1772460937509 12407.500000000002 4076.442504882813 3957.2893066406255 0.33172981441020971 1.0658904910087588 6.6557295322418222
decision_type=2 2 2 2 2 2 2 2 2 2 2 2 2 2 2 2 2 2 2 2 2 2 2 2 2 2 2 2 2 2
left_child=1 19 14 5 11 20 9 8 -8 10 -7 18 -9 -6 22 16 -2 -18 -5 -1 -4 -20 23 -3 -25 26 -13 -27 -17 -30
right_child=15 2 3 4 13 6 7 12 -10 -11 -12 25 -14 -15 -16 28 17 -19 21 -21 -22 -23 -24 24 -26 27 -28 -29 29 -31
leaf_value=0.017875730762797599 4.6937409510529688e-05 -0.028568217458624475 -0.067050215795274093 0.012876975854536893 0.066260073620586613 -0.01388858190826414 0.024493123113125809 0.014359427995302265 0.0011888249007725145 -0.030155979744378916 0.041036102351430528 -0.0013235623686245679 -0.039419917705548556 -0.018335217326815683 -0.050741347150569986 0.0036838750631306735 -0.0027943247664098882 0.011677654691970643 -0.054623033778380306 -0.0062435345363759821 0.098815864833016548 0.10010748095866356 0.011172699529031216 0.0031635693730851775 -0.047942186268771114 0.033078783235080227 -0.043924009627141193 -0.047263951956060965 0.0018690896269702943 -0.00063310079294785261
leaf_weight=2481.0796512663364 1465507.8714676872 3067.5287524238229 697.23261377215385 449.25293657183647 1630.332120552659 2397.0018156766891 25805.890867114067 1524.7153395265341 5665.6195415705442 2177.9760592728853 1841.1056740134954 18823.183948121965 1356.513151794672 305.71146154403687 671.43293190002441 145339.8621981442 320243.99515028298 6865.0000882744789 1484.350439697504 22146.179369792342 48.362355023622513 53.622719347476959 5105.9340282976627 9222.6204174458981 659.55993114411831 1592.2514531612396 924.31474030017853 220.73942041397095 353389.87499797344 354894.74887749553
leaf_count=6535 4340693 10222 2582 1223 3353 7334 64006 4011 15948 7077 4180 56341 4510 990 2473 367098 1142630 18296 5401 66974 77 87 14081 26863 2392 3982 3249 796 899584 917432
internal_value=0.00022323 0.00353406 0.00564476 0.00822581 0.00036313 0.0130521 0.0143195 0.0176758 0.0202981 -0.00364981 0.0099745 -0.00395793 -0.0109636 0.0528969 -0.00358891 8.51602e-05 -0.000416091 -0.00249055 -0.035136 -0.0038128 -0.0561668 -0.0491634 -0.00183247 -0.00696113 -0.000251349 -0.00108253 -0.00331992 0.0232733 0.0011378 0.00061533
internal_weight=2.75659e+06 110353 85725.3 66998.2 25483.8 41514.4 40768.8 34352.7 31471.5 6416.08 4238.11 23547.7 2881.23 1936.04 18727.1 2.64624e+06 1.79262e+06 327109 1987.23 24627.3 745.595 1537.97 18055.6 12949.7 9882.18 21560.5 19747.5 1812.99 853624 708285
internal_count=8000420 314687 241178 185147 75422 109725 107066 88475 79954 18591 11514 71079 8521 4343 56031 7685733 5501619 1160926 6711 73509 2659 5488 53558 39477 29255 64368 59590 4778 2184114 1817016
is_linear=0
shrinkage=0.05


Tree=107
num_leaves=31
num_cat=0
split_feature=30 94 6 36 48 36 48 35 44 25 87 25 85 36 37 39 22 36 37 11 62 85 22 55 104 13 86 100 49 39
split_gain=471.419 1006.5 1131.06 985.756 959.848 938.434 2488.75 1640.66 1946.16 1341.11 1324.68 976.492 1259.36 2715.82 2169.5 1769.29 1446.68 1419.31 1229.39 923.947 867.351 1283.07 1647.63 1436.59 1381.23 1286.82 1286.11 1146.58 1091.58 912.266
threshold=0.42750000953674322 2397.543090820313 -0.0040572497528046361 -24.809092521667477 -0.91959547996520985 -18.112094879150387 -0.11969653144478797 -0.67741644382476796 1.0022060275077822 2.3151074647903447 1.0000000180025095e-35 0.65803015232086193 0.90000000596046459 1.5408323407173159 9.9315652847290057 -3.4257886409759517 3.5000000000000004 0.90792691707611095 20.075630187988285 0.012831018771976234 37.047443389892585 0.90000000596046459 2.5000000000000004 -272932.49999999994 7.9914472103118905 0.028723988682031635 6.0000000000000009 116027.73828125001 -0.9738190472126006 0.13242680579423907
decision_type=2 2 2 2 2 2 2 2 2 2 2 2 2 2 2 2 2 2 2 2 2 2 2 2 2 2 2 2 2 2
left_child=4 2 -2 20 -1 6 7 8 10 -8 -5 12 13 15 -15 -7 18 -18 -14 -13 21 22 27 26 -25 -23 -24 -3 -29 -22
right_child=1 3 -4 5 -6 11 9 -9 -10 -11 -12 19 16 14 -16 -17 17 -19 -20 -21 29 25 23 24 -26 -27 -28 28 -30 -31
leaf_value=-0.0044225466550656947 0.015924808906265114 -0.033062833330333767 -0.019667668202709314 0.01550594575572677 -1.9702733894079123e-05 0.014948742888190928 -0.0079721711226887378 -0.018004996367292959 0.046613969259724483 -0.030224437642918794 -0.0027726771858072128 -0.0056775325886389803 0.0048077266474390624 0.049286223185424798 -0.015337213363652735 0.0043606407867849044 -0.014238625216247098 0.019240003187948468 -0.011657675819074519 0.00066161221592643776 -0.029375670214930445 -0.017424633518154563 0.013445872971497977 -0.040902263510396719 0.022714609071676561 0.013203645719394414 0.059176297895528945 0.054015160353666873 0.0033319080475824551 0.0068864510798103537
leaf_weight=140695.95134872198 2786.4152152985334 1796.6624784320593 11203.254433728755 17155.131917014718 1029985.8650493324 59825.801852717996 48246.13081163168 7158.0999495238066 3008.9082440882921 7876.0737606883049 23473.175942108035 60849.427577391267 81535.714927121997 1389.8344260752201 19611.612373813987 115878.96746262908 25943.987451538444 3604.7728418707848 13166.276049524546 1038114.8386830315 2891.5279418975115 6314.5842704772949 2224.6956249177456 1020.4408168196678 5180.112295165658 7503.0276947021484 4983.580150142312 1250.4326674938202 7033.7949549406767 4330.8760195225477
leaf_count=420568 8221 5870 39422 46475 3018157 155340 146523 22746 6671 26306 67908 180430 236586 2956 59882 322666 83203 9961 41250 2982317 9559 20510 6189 3398 12900 20483 9377 2673 19723 12150
internal_value=0.000212124 0.00077406 -0.0125775 0.000892939 -0.000548857 0.000679065 -0.00383825 0.00418012 0.00781974 -0.0110956 0.00494546 0.00101922 0.00344549 0.0059347 -0.0110582 0.00796588 -0.00049524 -0.0101537 0.00251841 0.000310606 0.00822596 0.0112963 0.0184078 0.0298891 0.0122393 -0.000793221 0.045067 0.00313431 0.0109883 -0.00763265
internal_weight=2.75604e+06 1.58536e+06 13989.7 1.57137e+06 1.17068e+06 1.52684e+06 106918 50795.3 43637.2 56122.2 40628.3 1.41992e+06 320957 196706 21001.4 175705 124251 29548.8 94702 1.09896e+06 44529.7 37307.3 23489.7 13408.8 6200.55 13817.6 7208.28 10080.9 8284.23 7222.4
internal_count=8000420 4561695 47643 4514052 3438725 4391220 316629 143800 121054 172829 114383 4074591 911844 540844 62838 478006 371000 93164 277836 3162747 122832 101123 60130 31864 16298 40993 15566 28266 22396 21709
is_linear=0
shrinkage=0.05


Tree=108
num_leaves=31
num_cat=0
split_feature=86 77 46 22 22 77 36 99 8 55 52 90 12 55 37 25 73 48 55 54 36 30 42 25 35 28 77 81 90 54
split_gain=464.719 676.509 560.935 1578.47 692.718 1156.06 1569.86 1645.8 863.828 833.325 816.194 780.343 760.581 727.376 714.136 706.151 635.247 602.989 586.344 586.943 555.669 1031.03 734.16 719.98 700.541 580.306 550.486 1004.49 1900.54 1595.24
threshold=6.0000000000000009 2.1999999284744267 0.074752520769834532 1.0000000180025095e-35 1.5000000000000002 1.3076950907707217 -21.122975349426266 317696.23437500006 -0.0077607105486094943 1102.5000000000002 612.50000000000011 3030.0649414062505 0.029019042849540714 22252.500000000004 10.038626670837404 2.9390091896057133 21.618553161621097 0.010907442308962408 7227.5000000000009 21642.500000000004 0.28772827982902532 0.16250000149011615 1.0034124255180361 2.4122947454452519 31.351219177246097 0.075000001117587103 3.0000000000000004 1.0000000180025095e-35 2695.5026855468755 717835.00000000012
decision_type=2 2 2 2 2 2 2 2 2 2 2 2 2 2 2 2 2 2 2 2 2 2 2 2 2 2 2 2 2 2
left_child=2 -2 -1 16 5 6 10 11 9 -6 14 -8 -12 17 -5 -9 -4 -7 -11 -20 22 -22 25 -23 -24 -10 -3 29 -29 -28
right_child=1 26 3 4 8 13 7 15 20 18 12 -13 -14 -15 -16 -17 -18 -19 19 -21 21 23 24 -25 -26 -27 27 28 -30 -31
leaf_value=-0.002832696791521515 0.0017286406948296168 -0.0015655886267596023 -0.017850288002913394 0.032922189403193719 -0.017772946519087972 -0.0087716845157484354 0.021012642382028296 -0.02662918624311697 -0.0032239261013055744 0.022062663863720775 0.02624547572475007 0.0055759467231486018 -0.039607216298405884 -0.041881685074288494 0.080844836145109789 0.017651676442131708 0.046193590606871782 0.0054684162527361621 -0.0085209956594460273 0.037225509524026215 0.033173152111212349 0.0059989332659102692 -0.0089434584460105233 -0.01619784204460167 0.072749475984244596 0.0028643377088092459 0.0014671001913596519 -0.0078976425586852438 0.00046814467165678762 0.014512322376056026
leaf_weight=250093.20395905524 776534.83915568888 444158.88191111386 13882.463435746729 3588.5671305805445 13358.249230831861 15009.206843733788 10461.049603313208 4994.5790819227695 61233.882663108408 2453.8950128555298 1364.3727002292871 37659.708718307316 644.87161610275507 1170.7885818108916 992.9294950067997 1097.3995322883129 397.32648089528084 14727.218855544925 9493.103199288249 756.06305979192257 3186.8539080321789 32987.110275700688 27132.05383297056 4107.1683548688889 263.98536810278893 108464.8818435967 464753.91601331532 84736.726580753922 341442.77657267451 24678.55103468895
leaf_count=777565 2102198 1332971 46624 9310 44744 46738 27729 17479 189483 6767 3670 108605 2261 4937 1862 3073 916 43201 30967 1915 8520 97535 86854 13394 539 324797 1267250 285454 1050669 62393
internal_value=0.000201579 0.000551232 -0.00100413 0.000233757 0.000889149 0.00463172 0.00863405 0.00583237 -0.000413749 -0.0090546 0.0316744 0.00893223 0.00509823 -0.0032419 0.0433247 -0.0186501 -0.0160648 -0.00171904 0.000113694 -0.00514257 0.000534936 0.00588601 -0.000558686 0.00354075 -0.00815346 0.000667421 -0.000121157 0.000579526 -0.00119522 0.00212492
internal_weight=2.75583e+06 2.13631e+06 619521 369428 355148 91710.7 60803.5 54212.7 263437 26061.3 6590.74 48120.8 2009.24 30907.2 4581.5 6091.98 14279.8 29736.4 12703.1 10249.2 237376 40281.1 197095 37094.3 27396 169699 1.35977e+06 915612 426180 489432
internal_count=8000420 6100935 1899485 1121920 1074380 268865 173989 156886 805515 84393 17103 136334 5931 94876 11172 20552 47540 89939 39649 32882 721122 119449 601673 110929 87393 514280 3998737 2665766 1336123 1329643
is_linear=0
shrinkage=0.05


Tree=109
num_leaves=31
num_cat=0
split_feature=79 77 77 50 37 38 54 54 37 46 37 8 37 54 54 13 79 22 25 42 90 42 55 79 46 22 16 86 100 39
split_gain=462.152 660.106 1706.64 702.338 934.318 1053.37 936.616 1668.01 1273.76 775.241 627.424 600.369 594.032 1021.65 767.11 601.258 581.867 567.068 952.636 605.349 528.402 707.669 667.647 519.706 510.496 485.151 459.831 423.776 688.207 600.948
threshold=5.5255424976348886 0.83046793937683117 1.2333478927612307 -202.49999999999997 -1.5061573982238767 -6.7393906116485587 8522.5000000000018 9527.5000000000018 23.830582618713382 0.12770202755928042 -16.805540084838864 0.00021839780674781653 4.0916359424591073 24822.500000000004 2782.5000000000005 0.11155498027801515 3.0807517766952519 3.5000000000000004 0.94197481870651256 0.98990070819854747 2451.298950195313 0.99414920806884777 -667847.49999999988 4.6936223506927499 0.14826678484678271 1.5000000000000002 24.9506950378418 6.0000000000000009 120558.35937500001 6.3841030597686776
decision_type=2 2 2 2 2 2 2 2 2 2 2 2 2 2 2 2 2 2 2 2 2 2 2 2 2 2 2 2 2 2
left_child=1 27 3 9 -5 17 8 -8 -7 20 11 -4 14 25 26 -16 -12 19 -19 -6 -3 -22 -23 -18 -15 -14 -11 28 29 -1
right_child=-2 2 10 4 5 6 7 -9 -10 12 16 -13 13 24 15 -17 23 18 -20 -21 21 22 -24 -25 -26 -27 -28 -29 -30 -31
leaf_value=-0.0072428327190000091 0.0011301916676149169 0.018781738478958965 -0.032058412925459016 -0.018305635155699818 -0.040780763503551254 -0.0058026755575619031 0.066468766283688904 0.00154625844674267 -0.050638604143922267 0.019627014962787855 2.3018473498097155e-05 -0.0045610547689680821 -0.0017374018670845083 0.0063818012074024532 0.021732867436273246 -0.021004601637507232 -0.0028382738035046969 -0.051665082360178118 0.019921671615307744 0.030522601209570944 -0.010910815120809773 -0.0088995301099641846 0.0047842432701230165 0.012560276537673179 -0.013220399494995505 0.019750909861891652 -0.028794118234444433 -0.0010239239120387684 -0.0029299239635803046 -0.025593734618140726
leaf_weight=13997.677047178149 888442.66428920627 5384.006266541779 3020.8897769898176 6203.9276622161269 313.14307352900505 15833.401720672846 997.41345983743668 109013.42900151759 1759.2826165854931 758.80218919366598 907404.24516522139 5788.4276330024004 3402.6910018324852 6158.3835069537163 18970.407261326909 859.40455707907677 286274.91439210624 686.27920515835285 1434.1523031741381 5705.7074754089117 8788.043053612113 9637.7473105043173 118537.94338032603 5585.3058523088694 7207.3229075372219 11508.693884432316 1381.4121058285236 215813.51768258214 87978.791207484901 6549.1062640845776
leaf_count=51029 2273684 15143 11211 20036 1132 48367 1972 313100 6556 2222 2696017 19147 9693 16940 48283 2748 1083054 2492 3681 14065 26988 29257 332780 13801 21669 29795 5145 572123 301754 26536
internal_value=0.000191501 -0.000255199 0.000175901 0.00333623 0.000667621 0.00153493 0.00042242 0.00213552 -0.0102892 0.00530302 -0.000699261 -0.0139936 0.0106423 0.00584974 0.01681 0.0198794 -0.000601591 0.0189735 -0.00325851 0.0268059 0.00341821 0.00281411 0.00375524 -0.00254353 -0.00418831 0.0148473 -0.0116232 -0.0023056 -0.00485426 -0.0130932
internal_weight=2.7554e+06 1.86695e+06 1.54262e+06 334542 141947 135743 127604 110011 17592.7 192595 1.20807e+06 8809.32 50247.1 28277.1 21970 19829.8 1.19926e+06 8139.28 2120.43 6018.85 142348 136964 128176 291860 13365.7 14911.4 2140.21 324339 108526 20546.8
internal_count=8000420 5726736 4775294 952064 411401 391365 369995 315072 54923 540663 3823230 30358 136495 78097 58398 51031 3792872 21370 6173 15197 404168 389025 362037 1096855 38609 39488 7367 951442 379319 77565
is_linear=0
shrinkage=0.05


Tree=110
num_leaves=31
num_cat=0
split_feature=100 55 85 55 5 77 38 85 36 48 30 49 86 36 31 50 25 30 73 86 65 49 49 7 79 100 49 12 38 36
split_gain=477.796 577.615 1399.51 1400.02 716.293 821.538 1048.91 663.871 983.858 790.392 1009.61 734.637 641.305 772.894 636.215 634.155 1147.5 822.72 612.399 569.386 608.957 537.791 537.658 1241.36 479.29 477.062 716.457 713.655 628.034 589.162
threshold=373462.07812500006 7067.5000000000009 0.90000000596046459 1662.5000000000002 0.001578347815666348 1.3076950907707217 -7.6873152256011954 0.90000000596046459 -10.352874755859373 0.78661888837814342 0.56250000000000011 -0.88186877965927113 6.0000000000000009 -14.723315238952635 136.50514221191409 -547.49999999999989 1.5630031824111941 0.83249998092651378 5.601738929748536 6.0000000000000009 0.49608866870403295 -0.8253108263015746 -0.79989895224571217 0.0011125340242870154 4.6936223506927499 349551.04687500006 0.5464349389076234 0.028246854431927208 24.131735801696781 -12.205128669738768
decision_type=2 2 2 2 2 2 2 2 2 2 2 2 2 2 2 2 2 2 2 2 2 2 2 2 2 2 2 2 2 2
left_child=25 2 3 -2 5 24 -7 8 14 10 -9 -12 18 -14 -3 16 -10 -18 -5 -17 -21 -16 23 -15 -4 -1 28 -28 -27 -29
right_child=1 7 4 12 -6 6 -8 9 15 -11 11 -13 13 22 21 19 17 -19 -20 20 -22 -23 -24 -25 -26 26 27 29 -30 -31
leaf_value=0.00022199804368262913 -0.050572535760876031 -0.086737382674322239 0.047870427130868316 -0.055426889457321861 0.019183484151077575 0.046921236177598684 -0.069397665797817198 -0.030612869073241025 0.063816341376329022 0.04187804822654069 -0.052861857442304927 0.033239021760265088 -0.085735334901808166 0.064685450658882246 0.064659822528389727 -0.0077511739551722166 -0.032299601900388761 0.057792385023714733 0.025145802995246699 -0.074967534856673054 -0.018897416662203664 -0.019362312174277082 0.058733572097059039 -0.12880223067856977 -0.067806490460049176 -0.0012111413497606551 -0.020896680149677934 -0.021748038177037413 0.049934891437776151 0.0017023502459259079
leaf_weight=2638404.8421949595 491.34852537512779 100.78307473659515 418.96810321509838 273.66294856369495 1242.9420065432787 232.23321977257729 1150.8093648180366 1526.9202859997749 560.4792403280735 1686.3472262620926 283.19721406698227 1932.5008116364479 102.76055870950222 226.54850848019123 784.22883832454681 1372.2728273719549 1563.3694557845592 301.41505433619022 1667.3977607637644 1077.0441173613071 881.26327255368233 250.79633778333664 3424.1637582927942 129.39876189827919 112.85001842677593 67990.108724594116 10110.821183294058 3483.4916004538536 604.54716762900352 11576.040574282408
leaf_count=7650892 1829 418 818 1073 3323 492 5183 5274 1094 3906 1048 4712 429 408 1505 4723 5478 673 4133 4351 2860 848 6389 550 391 202699 35067 12049 1297 35507
internal_value=0.000156266 0.00753005 0.0168125 0.0304008 -0.0103621 -0.0295429 -0.0498426 0.000391776 -0.00990852 0.0134675 0.000657241 0.022213 0.0372406 0.0489704 0.0325992 -0.0183017 0.00114593 -0.0177117 0.0137609 -0.0324607 -0.0497603 0.0442966 0.0526553 -0.00580358 0.0232336 9.7443e-05 -0.00340726 -0.0106222 -0.00075958 -0.00372282
internal_weight=2.75396e+06 21793.7 9473.08 6315.28 3157.8 1914.86 1383.04 12320.6 6891.65 5428.97 3742.62 2215.7 5823.93 3882.87 1135.81 5755.84 2425.26 1864.78 1941.06 3330.58 1958.31 1035.03 3780.11 355.947 531.818 2.73217e+06 93765 25170.4 68594.7 15059.5
internal_count=7999419 61908 25018 14811 10207 6884 5675 36890 21950 14940 11034 5760 12982 7776 2771 19179 7245 6151 5206 11934 7211 2353 7347 958 1209 7937511 286619 82623 203996 47556
is_linear=0
shrinkage=0.05


Tree=111
num_leaves=31
num_cat=0
split_feature=100 29 55 87 49 49 29 97 36 87 35 36 54 87 37 54 11 7 55 12 55 55 25 37 13 55 90 90 55 37
split_gain=434.701 540.378 613.125 696.163 693.546 725.112 661.737 591.676 561.244 910.355 866.879 746.895 489.416 1887.7 3414.29 2070.25 2234.47 1956.58 2172.29 1880.6 1635.61 1710.31 1708.69 1499.47 1648.8 1487.94 3207.81 1500.53 1357.49 1271.43
threshold=373462.07812500006 0.032499999739229686 20822.500000000004 1.0000000180025095e-35 0.81279832124710094 -0.91080963611602772 0.75749999284744274 5.964876890182496 -8.6985020637512189 1.0000000180025095e-35 -8.8504028320312482 -16.865254402160641 2482.5000000000005 1.0000000180025095e-35 2.6174721717834477 1372.5000000000002 0.068264957517385497 -0.0088749467395246012 24342.500000000004 0.021396402269601825 -1.0000000180025095e-35 6417.5000000000009 1.3297770023345949 -9.2911539077758771 0.03582489304244519 6417.5000000000009 4583.6750488281259 5129.9294433593759 1887.5000000000002 13.306375503540041
decision_type=2 2 2 2 2 2 2 2 2 2 2 2 2 2 2 2 2 2 2 2 2 2 2 2 2 2 2 2 2 2
left_child=12 -2 8 4 5 -4 -5 -8 9 11 -11 -3 13 19 15 16 -15 -16 20 25 22 -22 -19 24 -21 26 28 -27 -1 -20
right_child=1 2 3 6 -6 -7 7 -9 -10 10 -12 -13 -14 14 17 -17 -18 18 29 23 21 -23 -24 -25 -26 27 -28 -29 -30 -31
leaf_value=-0.032132874286756506 0.03952295646891444 0.067086611275197036 -0.046131927344017769 -0.033448448286513048 -0.048670355666447833 0.027032372262696835 -0.005202889741101422 0.082558503493456489 0.006633754404727691 -0.048717372902393481 0.063140846786168811 -0.038503231323198182 0.0002536401756344972 -0.022679845887377714 0.0397652136109456 -0.04539905313588094 0.038473344285161006 0.040682045518781504 0.0229627776777135 -0.038218577328887428 -0.028361871822024372 -0.0056394988380438389 -0.098309105041557696 -0.0035848006294131223 0.058447882817166258 -7.324184641912927e-05 0.088566404655649578 0.050771396937186311 0.032262847495754123 -0.025744584351089103
leaf_weight=1227.1526215523481 1219.6662782430649 227.20377890765667 381.72797973453999 2788.0668419897556 431.84373450279236 2941.4809359312057 1611.5301399379969 217.01283501088619 9310.392780944705 192.10343298316002 1696.3302643597126 628.36403723061085 2582518.4747167304 8120.3250408023596 2648.5013750642538 8170.5109151601791 1829.4187783300877 2598.9240993708372 9551.9877065718174 571.52335251867771 10293.734204635024 42356.754430383444 240.7084785848856 42656.453633353114 1922.9031331688166 9633.4086115062237 2071.1257822811604 1707.3961447477341 2451.98402158916 1557.4261378794909
leaf_count=4088 2938 407 1408 10020 1623 7379 5067 373 26510 730 3201 2252 7481086 28049 6199 33822 4666 5890 24234 2103 33937 128751 970 131705 4109 28952 3709 3829 6125 5287
internal_value=0.000148486 0.00720607 0.0052743 -0.0051198 0.010865 0.0186153 -0.0181221 0.0052494 0.0124931 0.0323625 0.0517395 -0.0104115 9.2567e-05 -0.00268777 -0.00742822 -0.0267502 -0.0114326 -0.00237182 -0.00404815 0.00396627 -0.00808871 -0.0100825 0.0288679 -0.00138093 0.0362912 0.018092 0.0388083 0.00758495 0.0107798 0.0161324
internal_weight=2.75377e+06 21645.7 20426.1 8371.66 3755.05 3323.21 4616.61 1828.54 12054.4 2744 1888.43 855.568 2.73213e+06 149610 87368.3 18120.3 9949.74 69248 66599.5 62241.9 55490.1 52650.5 2839.63 45150.9 2494.43 17091.1 5750.26 11340.8 3679.14 11109.4
internal_count=7999419 61908 58970 25870 10410 8787 15460 5440 33100 6590 3931 2659 7937511 456425 271805 66537 32715 205268 199069 184620 169548 162688 6860 137917 6212 46703 13922 32781 10213 29521
is_linear=0
shrinkage=0.05


Tree=112
num_leaves=31
num_cat=0
split_feature=65 39 50 38 90 25 87 30 87 38 22 26 87 54 25 25 30 54 63 54 46 24 28 38 48 87 53 26 13 54
split_gain=452.185 836.374 885.134 967.762 938.609 859.754 789.118 774.734 1195.58 1234.28 1140.85 2460.5 947.755 1312.53 1621.94 1158.38 1152.35 1057.04 865.252 851.007 1220 817.815 798.368 760.051 884.403 720.708 1396.73 1473.1 1879.86 1434.4
threshold=0.52828064560890209 -2.2956231832504268 12.500000000000002 5.655628204345704 3082.2351074218755 0.47867891192436224 1.0000000180025095e-35 0.88749998807907116 1.0000000180025095e-35 -8.4422941207885724 1.5000000000000002 1.6667891740798952 1.0000000180025095e-35 616077.50000000012 1.1048839092254641 1.1762040853500368 0.072500001639127745 607002.50000000012 -0.56813713908195485 2927.5000000000005 0.084315229207277312 20.048943519592289 1.0000000180025095e-35 -11.471842765808104 0.8491516411304475 1.0000000180025095e-35 0.87837970256805431 -0.66100957989692677 0.011198687367141249 627572.50000000012
decision_type=2 2 2 2 2 2 2 2 2 2 2 2 2 2 2 2 2 2 2 2 2 2 2 2 2 2 2 2 2 2
left_child=-1 2 7 25 5 -5 -7 12 -9 18 11 -11 19 16 -15 -16 21 -18 -10 20 -2 -14 -12 -21 -25 -4 -27 28 -28 -29
right_child=1 -3 3 4 -6 6 -8 8 9 10 22 -13 13 14 15 -17 17 -19 -20 23 -22 -23 -24 24 -26 26 27 29 -30 -31
leaf_value=0.00061280890295784549 0.05703773516551354 -0.0017588438409587707 -0.0025516465234509574 0.019473162085441538 0.0247237811991112 0.010725521914346078 -0.036886692296647226 -0.004743803866546787 0.0060464185649015357 -0.014305987811435748 0.042711016603137461 0.040852103885208504 -0.054669053946316576 -0.035397795561447697 0.071253797355168264 -0.0067743128019763389 -0.0022812321393503644 0.045679061358179625 -0.046817068108956569 0.019589248054593493 -0.0056757438211674253 -0.013806228045390263 0.014248957231387544 -0.0044069677681245478 0.012789430326186924 0.010706970434802301 0.064631795140821388 -0.022873005689745655 -0.0060039822713808333 0.052663187607708883
leaf_weight=1785622.949347049 1655.4294035732746 649281.93994764239 36933.300688892603 3291.2008963525295 10922.062285885215 1547.4947899878025 1986.0957947224379 25216.19128947705 1496.6801312416792 8835.9365600794554 2744.148814022541 2620.638759046793 1514.5943886041641 7498.3178686052561 561.48300282657146 3080.1078839302063 61971.415585272014 1169.5511244982481 1601.4144384488463 4880.2697812616825 1457.6121959686279 6383.9828160554171 24096.192790679634 39042.261121071875 9246.6828040927649 44642.454268105328 1406.3737802952528 9310.6360972076654 2847.3396730720997 673.01258350908756
leaf_count=5176843 3683 1907295 111545 8640 27981 4441 6621 75824 4102 26239 6163 5871 5545 24902 1078 9338 177550 2508 5636 13290 4421 19825 63064 118368 25737 120681 2708 29659 8427 1434
internal_value=0.000141064 -0.000729213 0.00136886 0.00491021 0.0156348 0.00108714 -0.0160369 -0.000592167 0.00383858 0.00906673 0.0115226 -0.00168593 -0.00272376 -0.00614714 -0.0221035 0.00527143 -0.00364464 -0.00139208 -0.0212836 0.00227476 0.0276796 -0.0216485 0.0171606 0.00078673 -0.00111379 0.00292356 0.00635804 -0.00727786 0.0173583 -0.0177757
internal_weight=2.75354e+06 967915 318633 113560 17746.9 6824.79 3533.59 205073 66611.2 41395 38296.9 11456.6 138462 82179.5 11139.9 3641.59 71039.5 63141 3098.09 56282.3 3113.04 7898.58 26840.3 53169.2 48288.9 95813.1 58879.8 14237.4 4253.71 9983.65
internal_count=7999419 2822576 915281 322137 47683 19702 11062 593144 186899 111075 101337 32110 406245 240746 35318 10416 205428 180058 9738 165499 8104 25370 69227 157395 144105 274454 162909 42228 11135 31093
is_linear=0
shrinkage=0.05


Tree=113
num_leaves=31
num_cat=0
split_feature=98 95 22 38 37 29 90 54 50 54 46 30 8 37 85 25 50 50 25 85 36 46 62 26 36 25 25 55 50 85
split_gain=413.909 477.77 429.934 1088.34 2040.52 1031.12 956.153 2565.74 1159.38 1033.65 883.326 744.804 827.812 934.633 914.301 931.836 881.805 857.86 736.466 948.749 727.757 1282.49 895.83 697.66 669.388 807.022 687.36 655.554 642.397 580.844
threshold=5.3549640178680429 33.730255126953132 1.5000000000000002 1.8894567489624026 -1.8050652146339414 0.028749999590218071 3128.451538085938 506492.50000000006 232.50000000000003 497477.50000000006 0.29228979349136358 0.90249997377395641 0.0025710156187415127 1.7389011383056643 0.90000000596046459 0.67367684841156017 -442.49999999999994 -167.49999999999997 0.94197481870651256 0.90000000596046459 -12.314562320709227 0.060999285429716117 12.74665403366089 -0.49261139333248133 -16.865254402160641 1.5989452600479128 0.89315283298492443 20822.500000000004 -497.49999999999994 0.90000000596046459
decision_type=2 2 2 2 2 2 2 2 2 2 2 2 2 2 2 2 2 2 2 2 2 2 2 2 2 2 2 2 2 2
left_child=1 2 3 4 5 23 7 8 9 -5 20 -4 14 -14 15 16 -13 -17 -9 -20 21 -8 -22 -1 26 -26 -7 28 -16 -25
right_child=-2 -3 11 6 -6 24 10 18 -10 -11 -12 12 13 -15 27 17 -18 -19 19 -21 22 -23 -24 29 25 -27 -28 -29 -30 -31
leaf_value=-0.014347960228722135 0.0035005240999023165 0.00072240392777647949 -0.0017864874991727672 0.0067497940172584689 0.0059158476859793932 0.040020268684847669 -0.021982907343964186 -0.010431443075966572 0.046232901291701586 0.034087350329370825 0.036883966018926045 0.044305112723758901 0.0030685568232827662 -0.011457548958565515 0.0074344673921396005 0.0065577855008416598 0.012117070636460522 -0.019164521442105009 0.0091440851238059045 -0.01657219843488009 -0.022644141199213874 0.015648769818953464 -0.0052510976499352355 0.039012455661962708 -0.0058370253312796374 -0.024848809245679726 -0.0033942768349895162 0.035161383739979318 -0.0095141827792858246 -0.0080606072592824245
leaf_weight=1319.928084269166 88372.775763340294 1273140.1039101407 821073.26026641577 25830.638092532754 166421.63239187002 940.13491430878639 3006.1364198774099 27607.426463603973 2442.975745126605 3991.5233804732561 1256.9953173547983 2975.141568928957 24048.768919050694 20521.684663914144 7856.149415075779 60749.11446005106 7471.1831280142069 3423.0897373855114 13754.323846295476 4850.4567139297724 8003.6171287447214 9160.8784451335669 98581.585161715746 2809.12094797194 14198.842961043119 9198.5746454671025 29144.300800167024 1075.2143433243036 19380.470305293798 854.00842328369617
leaf_count=4223 248957 3641614 2449999 71532 469454 2435 9710 84475 5500 9767 2944 6741 69330 62501 22809 169017 20133 10898 37956 16116 26054 24563 297113 6761 43478 30534 88735 2661 60734 2675
internal_value=0.000134038 2.24041e-05 -0.000617845 0.000711266 0.0030929 -0.00494255 -0.00198712 0.00230426 0.0131238 0.01041 -0.00479341 -0.00119882 0.00207244 -0.00361973 0.0045373 0.00744 0.0212882 0.00518534 -0.00524991 0.00243879 -0.00523491 0.00634956 -0.00655741 0.0168086 -0.00696954 -0.0133124 -0.00203613 -0.00311286 -0.00462523 0.0280374
internal_weight=2.75346e+06 2.66509e+06 1.39195e+06 423373 224887 58464.9 198487 78477.3 32265.1 29822.2 120009 968574 147501 44570.5 102930 74618.5 10446.3 64172.2 46212.2 18604.8 118752 12167 106585 4983.06 53481.9 23397.4 30084.4 28311.8 27236.6 3663.13
internal_count=7999419 7750462 4108848 1234025 648295 178841 585730 225346 86799 81299 360384 2874823 424824 131831 292993 206789 26874 179915 138547 54072 357440 34273 323167 13659 165182 74012 91170 86204 83543 9436
is_linear=0
shrinkage=0.05


Tree=114
num_leaves=31
num_cat=0
split_feature=65 97 55 85 35 14 55 30 35 39 30 87 42 31 39 25 87 86 90 45 85 55 25 90 21 38 42 52 12 86
split_gain=414.408 810.041 747.392 742.569 1811.28 1328.54 1146.02 779.571 837.559 711.604 736.825 1037.64 1134.88 707.949 844.989 774.04 919.928 962.959 1198.94 792.846 751.584 1073.85 1120.52 2834.4 3141.01 2920.5 2418.43 2103.12 1945.32 1646.87
threshold=0.52828064560890209 -5.28194236755371 -749202.49999999988 0.90000000596046459 -15.36516761779785 32.244524002075202 -760487.49999999988 0.59750002622604381 2.045207262039185 -2.2956231832504268 0.072500001639127745 1.0000000180025095e-35 0.99806156754493724 396.92955017089849 -7.4026029109954825 1.7823022007942202 1.0000000180025095e-35 6.0000000000000009 4321.2209472656259 0.99642285704612743 0.90000000596046459 -758012.49999999988 2.9390091896057133 4523.2231445312509 17.500000000000004 -2.1030112504959102 0.99624687433242809 397.50000000000006 0.058782264590263374 6.0000000000000009
decision_type=2 2 2 2 2 2 2 2 2 2 2 2 2 2 2 2 2 2 2 2 2 2 2 2 2 2 2 2 2 2
left_child=13 -2 3 4 -3 -5 -7 8 -6 10 11 12 -4 20 15 -15 -17 -18 19 -19 21 -1 26 27 28 -26 -23 29 -25 -24
right_child=1 2 9 5 7 6 -8 -9 -10 -11 -12 -13 -14 14 -16 16 17 18 -20 -21 -22 22 23 24 25 -27 -28 -29 -30 -31
leaf_value=0.033543869289207419 0.0069527787611351815 0.040323928998404625 0.032272097730693443 0.049902403678643764 -0.041918034199100868 -0.056295387580000106 0.0045928977770034888 -0.051901719617129895 0.012653154826521368 -0.0017895982856644917 0.0017610672914319149 -0.01989455469036568 -0.0095721915625015825 0.004042139658077099 -0.0008695970783280263 0.0070177316673536482 0.00094238233973095221 -0.0063886415884213815 0.046119315926972874 -0.066287747325481733 -0.00022263291977333628 -0.0087775919144950348 -0.0083160303279335851 -0.047672762992716861 -0.0060801692780886544 0.056240389770623539 0.0034026066900500404 0.049506089128680576 -0.0040095940754407561 0.025149266526118277
leaf_weight=2862.3702116310596 33335.489951007068 937.39876154065132 2526.0903719514608 1092.4120013862848 1448.8294791281223 1076.3801171928644 2732.688422255218 3069.4721301048994 1364.2975132539868 620147.07684651017 286071.22499822825 9481.969194278121 4515.0819593816996 146081.52639059722 879711.33504359424 4311.895529165864 2333.158436447382 735.86245073378086 352.04920253157616 2220.4450785219669 293867.48153757304 45845.588288128376 5535.8166454434395 4220.5631437376142 4381.2634628266096 3291.3478892892599 366842.42634093761 5544.2384021580219 6447.2909671440721 10939.793069675565
leaf_count=6838 93423 2136 6439 2711 5320 4324 8837 11608 3965 1821288 818033 30310 14182 415830 2581602 12676 7372 2152 778 8155 872281 137343 17159 16355 13311 6638 1021742 11485 19260 25866
internal_value=0.000127342 -0.000705848 -0.00097907 -0.0135248 -0.0241924 0.00131931 -0.0126221 -0.0344791 -0.0154555 -0.000819684 0.00116807 -0.00909782 0.0054416 0.000578955 -0.000268128 0.00312286 -0.0103676 -0.0236552 -0.0409988 -0.051387 0.00174912 0.00302007 0.00282714 0.0107784 -0.00373992 0.0206569 0.00204948 0.0228707 -0.0212875 0.0139048
internal_weight=2.75332e+06 967798 934463 11721.5 6820 4901.48 3809.07 5882.6 2813.13 922741 302594 16523.1 7041.17 1.78552e+06 1.03575e+06 156035 9953.41 5641.52 3308.36 2956.31 749778 455911 453048 40360.3 18340.5 7672.61 412688 22019.8 10667.9 16475.6
internal_count=7999419 2822576 2729153 38901 23029 15872 13161 20893 9285 2690252 868964 50931 20621 5176843 3028565 446963 31133 18457 11085 10307 2148278 1275997 1269159 110074 55564 19949 1159085 54510 35615 43025
is_linear=0
shrinkage=0.05


Tree=115
num_leaves=31
num_cat=0
split_feature=54 25 87 26 54 22 25 36 87 37 35 35 48 25 49 87 86 39 77 90 55 55 87 87 36 48 86 31 49 29
split_gain=426.202 1768.84 1272.07 1224.97 1175.74 1464.48 1391.28 2062.91 2504.41 1186.41 1147.18 1123.62 1075.31 1315.43 1759.27 1690.97 1030 961.02 873.189 1007.19 848.636 806.649 1666.71 1521.71 1337.59 1008.98 905.661 766.153 762.846 1150.83
threshold=740567.50000000012 2.0182205438613896 1.0000000180025095e-35 -0.68819949030876149 708982.50000000012 1.5000000000000002 0.38471619784832006 0.58699068427085888 1.0000000180025095e-35 4.3546829223632821 4.0236148834228525 -1.0000000180025095e-35 -0.47136868536472315 0.97736170887947094 -0.72982063889503468 1.0000000180025095e-35 6.0000000000000009 6.2516355514526376 1.3076950907707217 2414.9565429687505 -735417.49999999988 -726527.49999999988 1.0000000180025095e-35 1.0000000180025095e-35 -38.44964408874511 0.66746801137924205 6.0000000000000009 1200.9710083007815 -0.74455857276916493 0.86750000715255748
decision_type=2 2 2 2 2 2 2 2 2 2 2 2 2 2 2 2 2 2 2 2 2 2 2 2 2 2 2 2 2 2
left_child=4 28 3 -3 -1 9 11 10 18 -6 17 -7 -11 14 -14 -16 -10 27 -9 -20 -18 22 25 24 -23 -13 -25 -8 29 -2
right_child=1 2 -4 -5 5 6 7 8 16 12 -12 21 13 -15 15 -17 20 -19 19 -21 -22 23 -24 26 -26 -27 -28 -29 -30 -31
leaf_value=2.1083551777239664e-05 0.0085614146916954924 0.01867750397537099 0.033354160929413158 -0.053604458195368437 0.032320612388077388 0.030398792911671885 -0.00038377846096956556 0.02610077110553561 0.0050127698508841698 -0.0031646775079019877 -0.020743802283481654 -0.022747229599892227 -0.048888938973226811 0.039573321056438245 -0.017886276586386668 0.032830337128617874 0.030309521145616237 -0.02149604777153943 0.050887868151551247 -0.057651524785418157 0.078423203941434816 0.089069992303864032 -0.049523620351257611 -0.0065688246895361435 -0.044179875173451399 0.057184898015263219 0.051834345583190944 0.030834708468112496 -0.010872745628560077 -0.036108246833001005
leaf_weight=2606089.0305946469 11623.05629041791 1434.4287265092134 4954.7086561322212 989.68183763325214 7290.9335995018482 6320.2692891657352 15874.852188259363 665.16130083799362 1505.6501036584377 10019.758689366281 12301.325077533722 723.38074074685574 1215.4363160580397 4765.1734831482172 2459.7348726838827 4948.2326744943857 1854.5669884830713 4889.8347921669483 250.25297804176807 1435.4051022753119 1815.7681669294834 218.50225006043911 1786.4115033894777 931.80507200956345 1326.4102834612131 866.90576700866222 2303.81027315557 2241.9463935047388 38686.357612781227 1645.0318630412221
leaf_count=7563043 33892 4193 11750 3836 17843 16270 46502 1493 4807 29853 40149 2495 4297 11211 7994 11785 4257 15879 669 5988 2978 394 6528 3037 4821 2123 4600 5656 125759 5922
internal_value=0.000120719 -0.00407102 0.018835 -0.0108406 0.000213039 0.00589686 0.00117626 -0.00335269 0.0204107 0.0147092 -0.00841905 0.0145758 0.00922248 0.0184927 0.00684005 0.0159896 0.0398457 -0.00182834 -0.0223775 -0.0415142 0.0541283 0.00231319 -0.0163915 0.0155269 -0.0252852 0.0208312 0.0350168 0.00348071 -0.00732464 0.00302041
internal_weight=2.75343e+06 59333.3 7378.82 2424.11 2.6941e+06 88011.5 57312.3 42834.8 7526.8 30699.3 35308 14477.5 23408.3 13388.6 8623.4 7407.97 5175.99 23006.6 2350.82 1685.66 3670.34 8157.23 3376.7 4780.53 1544.91 1590.29 3235.62 18116.8 51954.4 13268.1
internal_count=8000024 185352 19779 8029 7814672 251629 168646 128378 20192 82983 108186 40268 65140 35287 24076 19779 12042 68037 8150 6657 7235 23998 11146 12852 5215 4618 7637 52158 165573 39814
is_linear=0
shrinkage=0.05


Tree=116
num_leaves=31
num_cat=0
split_feature=64 30 55 55 55 55 81 55 22 55 42 36 50 37 46 85 55 12 21 22 39 55 39 37 85 55 22 36 85 37
split_gain=421.932 402.251 998.462 1301.95 1705.48 1452.89 1525.44 1608.47 1318.72 1651.23 1200.96 1351.65 1149.85 1321.21 1093.16 1522.38 2548.29 1849.08 1373.82 1302.57 1022.08 1553.82 1300.93 1157.53 1492.65 1030.03 915.08 885.438 1056.18 2012.45
threshold=231.26709747314456 0.3275000005960465 -608747.49999999988 -457954.99999999994 -397617.49999999994 -478187.49999999994 1.0000000180025095e-35 -599707.49999999988 1.0000000180025095e-35 -424277.49999999994 0.9966733753681184 -44.889793395996087 162.50000000000003 5.4747593402862558 0.078804247081279769 0.90000000596046459 -347197.49999999994 0.0071090189740061769 3.5000000000000004 1.0000000180025095e-35 -4.5989384651184073 -665442.49999999988 18.264387130737308 -0.44635929167270655 0.90000000596046459 -676702.49999999988 1.5000000000000002 -31.760446548461911 0.90000000596046459 5.3418400287628183
decision_type=2 2 2 2 2 2 2 2 2 2 2 2 2 2 2 2 2 2 2 2 2 2 2 2 2 2 2 2 2 2
left_child=1 2 20 5 8 6 10 -8 9 -5 -4 -12 -10 -14 15 16 -6 -17 26 -20 27 25 23 -23 -25 -22 -16 -1 29 -29
right_child=-2 -3 3 4 14 -7 7 -9 12 -11 11 -13 13 -15 18 17 -18 -19 19 -21 21 22 -24 24 -26 -27 -28 28 -30 -31
leaf_value=0.031993715740880752 -0.0070268770050125788 0.00059903570248988716 -0.016227304910548645 -0.0071968886028108041 -0.039429713584550025 -0.021672406555344331 0.029929851506444428 -0.022916256933045401 -0.00059307114940717644 0.043053070914325843 0.033395681065299825 -0.00069550460233068316 0.072190812951293634 0.012574023696313935 0.0061662501168468914 0.044130072231753942 -0.0050641935336274528 9.9377827595061729e-05 -0.0081246865109925355 0.0036521107606010462 -0.0020075956039833222 -0.020564213811860708 -0.017077991731421171 0.026949895632706902 0.00029570967342385456 -0.023149711982152033 -0.012703387726115701 -0.019687672519126856 -0.0030504808069802443 0.019182831395276698
leaf_weight=3939.5371953845024 20526.710931241512 1816983.2163207904 12230.128012016416 2370.518716558814 5553.9355459809303 13393.494816273451 1587.5415783375502 15391.090162649751 29675.961007639766 5263.8648050278425 3022.3979926407337 75842.441057607532 1003.2800524234772 12475.963367059827 8450.9707014858723 2427.8917415589094 186767.19585116208 130256.51686612517 26314.737012058496 217825.4270933494 58061.085147745907 2204.4674939364195 3882.4723947048187 14613.021363198757 8200.1942696124315 6394.6305586099625 26788.630887627602 3915.9084187746048 15697.657619185746 22217.566999271512
leaf_count=9834 61933 5239292 38932 6889 19053 45567 4490 55646 84723 11358 7101 220240 1802 33366 24164 5749 555794 389568 80445 625995 175273 7032 12546 35719 24459 20884 85494 12168 47797 56711
internal_value=0.000114725 0.000168373 -0.000686102 -0.00138488 -0.000503399 -0.00613939 -0.00421416 -0.0179733 0.00829654 0.0274506 -0.00164946 0.000611342 0.0049074 0.0170168 -0.00124292 -0.00321447 -0.00605684 0.000905426 0.00105058 0.0023827 0.00321463 0.000213789 0.00984704 0.0140262 0.0173697 -0.0041055 -0.00817798 0.00933501 0.00720025 0.0133577
internal_weight=2.75328e+06 2.73275e+06 915769 776642 655175 121467 108074 16978.6 50789.6 7634.38 91095 78864.8 43155.2 13479.2 604385 325006 192321 132684 279380 244140 139127 93355.9 28900.2 25017.7 22813.2 64455.7 35239.6 45770.7 41831.1 26133.5
internal_count=8000024 7938091 2698799 2296376 1924400 371976 326409 60136 138138 18247 266273 227341 119891 35168 1786262 970164 574847 395317 816098 706440 402423 275913 79756 67210 60178 196157 109658 126510 116676 68879
is_linear=0
shrinkage=0.05


Tree=117
num_leaves=31
num_cat=0
split_feature=79 79 65 31 36 22 49 36 54 104 37 39 54 39 37 38 85 27 38 39 13 54 54 104 48 36 37 29 100 54
split_gain=406.348 629.085 495.249 690.575 852.617 865.549 1151.74 1044.42 879.849 849.609 769.004 808.511 687.807 668.712 668.71 659.094 701.69 900.115 645.363 642.868 882.399 868.024 850.891 612.468 955.712 796.507 790.341 565.248 574.431 565.169
threshold=5.5255424976348886 1.4529955387115481 0.52828064560890209 396.92955017089849 6.4840407371521005 3.5000000000000004 0.56457334756851207 -28.908246040344235 720367.50000000012 7.6039757728576669 48.179433822631843 -6.9849848747253409 749277.50000000012 -2.690079808235168 21.179959297180179 -15.421709537506102 0.90000000596046459 -0.87428212165832508 9.6595835685729998 -7.4026029109954825 0.022601798176765445 659442.50000000012 645320.00000000012 8.3290629386901873 0.6835516393184663 3.7150945663452153 30.500075340271 0.68250000476837169 100646.24218750001 708982.50000000012
decision_type=2 2 2 2 2 2 2 2 2 2 2 2 2 2 2 2 2 2 2 2 2 2 2 2 2 2 2 2 2 2
left_child=1 -1 3 4 5 6 9 -7 -9 -3 11 -6 13 23 -13 -14 -17 -18 -8 20 21 22 -5 -4 25 -25 -26 -15 -29 -21
right_child=-2 2 12 19 10 7 18 8 -10 -11 -12 14 15 27 -16 16 17 -19 -20 29 -22 -23 -24 24 26 -27 -28 28 -30 -31
leaf_value=0.0014812577754499264 0.00098956903392119944 -0.030295207761575949 -1.8316536317374973e-05 0.0023803767353996206 -0.040300185622673033 0.03387125930747855 -0.0066509699385490359 0.0043201885124245862 0.03263071397567506 0.0026394820374326775 0.022250387851584286 -0.023337935390252529 0.024049615150229207 -0.0064142158280813474 -0.0012472445258504391 -0.039792294654512471 0.052418500565286831 -0.02186814431381974 0.012081946968896348 -0.0024390680016470895 -0.018128959133930478 0.016381666530348834 -0.050251159360730151 -0.0059091470406279845 0.033895838675997929 0.039960457360078833 -0.056542698574861584 0.030893872036876199 -0.0020173214733331503 0.0045315657543157067
leaf_weight=388142.93274995685 887707.19474257529 1974.1731233373284 142106.35635173321 69524.409976169467 2156.8278579562902 3313.7395233213902 59563.600714303553 82353.403726920485 2838.1492034271359 227332.12955798954 1852.464537113905 4854.5549113899469 785.23284661769867 91332.692284233868 11636.29076385498 3200.3680034056306 547.86806742101908 1585.1808342039585 4981.096528083086 439803.59532114118 4803.4534785300493 11936.793576218188 775.50149689614773 6622.9822598919272 4530.6692344248295 1103.1660212725401 254.25077027082443 1331.5426955372095 262954.51498308033 31135.984536148608
leaf_count=1046947 2273978 8092 441409 215458 8066 8573 196397 251801 7899 694727 5229 16790 2197 303272 36937 12992 1658 6846 14911 1413255 17095 34275 2969 22436 12190 2927 1014 3745 835511 100428
internal_value=0.000109014 -0.000310038 -0.000780718 -0.000109572 0.00146798 0.00200061 0.000695008 0.00633531 0.00526378 0.00235578 -0.00846581 -0.0115185 -0.00202958 -0.00182971 -0.0077516 -0.0186926 -0.0249898 -0.00276985 -0.00520506 -0.00124856 0.0026991 0.00391594 0.001799 0.000915416 0.0115207 0.00064395 0.0290785 -0.00302326 -0.00185137 -0.00197819
internal_weight=2.75304e+06 1.86533e+06 1.47719e+06 960836 402856 382356 293851 88505.3 85191.6 229306 20500.1 18647.7 516355 510236 16490.8 6118.65 5333.42 2133.05 64544.7 557980 87040.2 82236.7 70299.9 154617 12511.1 7726.15 4784.92 355619 264286 470940
internal_count=8000024 5726046 4679099 3032902 1249422 1182400 914127 268273 259700 702819 67022 61793 1646197 1622504 53727 23693 21496 8504 211308 1783480 269797 252702 218427 479976 38567 25363 13204 1142528 839256 1513683
is_linear=0
shrinkage=0.05


Tree=118
num_leaves=31
num_cat=0
split_feature=13 46 42 46 12 31 49 29 13 54 50 25 36 54 85 22 28 46 104 85 7 25 46 38 14 104 85 22 22 37
split_gain=406.076 584.267 516.822 468.751 1198.87 920.49 1025.33 1012.18 912.051 1141.44 1104.4 1065.56 1030.46 1008.46 1302.09 1017.16 939.775 979.527 962.742 898.356 888.692 859.884 855.76 974.008 1046.3 909.158 867.829 1287.82 1002.77 836.985
threshold=0.0079392073675990122 0.028237516060471538 1.003247141838074 0.060999285429716117 0.01259699370712042 992.41555786132824 -0.89194178581237782 0.80250000953674328 0.01946460455656052 797.50000000000011 -362.49999999999994 1.3297770023345949 -24.372272491455075 4622.5000000000009 0.90000000596046459 3.5000000000000004 0.27500000596046453 0.080834232270717635 7.9914472103118905 0.90000000596046459 0.0045222719199955472 1.0361903309822085 0.076381225138902678 21.193812370300297 53.909521102905281 8.203649044036867 0.90000000596046459 1.5000000000000002 1.5000000000000002 14.468097209930422
decision_type=2 2 2 2 2 2 2 2 2 2 2 2 2 2 2 2 2 2 2 2 2 2 2 2 2 2 2 2 2 2
left_child=1 2 -1 4 20 7 -7 -6 9 11 16 -5 21 14 -14 -15 17 -11 19 -18 -2 -12 25 -24 26 -10 27 -25 -28 -20
right_child=3 -3 -4 8 5 6 -8 -9 22 10 12 -13 13 15 -16 -17 18 -19 29 -21 -22 -23 23 24 -26 -27 28 -29 -30 -31
leaf_value=0.027199330301957786 0.0011391102061834388 -0.00097246011813673983 -0.02020042648311891 0.024286115196275625 -0.00037490613533581617 -0.020900135884772367 -0.0055570113957881338 -0.011197003784489304 -0.0012696606810822656 0.0034075773208593566 0.0063619581099447001 -0.088233843288198679 -0.036846209840205826 0.0020625751168799225 0.0047409740714205442 -0.0048953130005517142 0.01552096015336173 -0.017440927256308483 0.0075686435823518255 0.0041615476759111368 -0.012485994966235821 0.037765310092445846 0.0001009374305610994 -0.005085455961277313 0.0036173560953729057 -0.010153280636229167 0.044333654933073452 0.061182534334622708 -0.028634598312600085 -0.010058919701711709
leaf_weight=4747.8755482137203 387055.0647244826 6270.7590476423502 653.45956626534462 7730.6790619492531 180457.82052925229 12765.57052462548 74053.629780903459 24544.008896261454 99138.838711112738 22237.481163457036 7047.2804924249649 215.31154243648052 4165.8489449769258 218729.27164413035 3432.091258302331 69124.930618986487 45840.071198984981 7544.3463182896376 16304.884192153811 28062.207262001932 12348.534815683961 3155.7883690446615 1446831.9966027215 998.48932804167271 12319.773596554995 40593.140626445413 815.80475282669067 2754.8246112018824 1110.6178000569344 11470.460155010223
leaf_count=11770 1123271 18478 2143 19578 528144 40737 224509 74636 292011 63135 19862 866 14789 625438 10142 206226 119786 23266 45371 82143 38518 7413 4197030 2980 35923 125760 2023 5548 3774 34754
internal_value=0.000103511 0.0094094 0.0214613 6.38762e-05 -0.00106209 -0.00349818 -0.00781328 -0.00167066 0.000443605 0.00244628 0.00210484 0.0212258 0.000456595 -8.29128e-05 -0.0180619 0.000391688 0.0059371 -0.00187402 0.00822505 0.0112077 0.000717814 0.0160782 -0.000111879 0.000244751 0.0118038 -0.00385051 0.0295563 0.0435554 0.0022705 0.00028866
internal_weight=2.75252e+06 11672.1 5401.34 2.74085e+06 691225 291821 86819.2 205002 2.04962e+06 445061 437115 7945.99 305655 295452 7597.94 287854 131459 29781.8 101678 73902.3 399404 10203.1 1.60456e+06 1.46483e+06 17999.5 139732 5679.74 3753.31 1926.42 27775.3
internal_count=8000024 32391 13913 7967633 2029815 868026 265246 602780 5937818 1272769 1252325 20444 883870 856595 24931 831664 368455 86401 282054 201929 1161789 27275 4665049 4247278 50248 417771 14325 8528 5797 80125
is_linear=0
shrinkage=0.05


Tree=119
num_leaves=31
num_cat=0
split_feature=54 35 85 7 24 54 41 38 85 36 53 77 38 49 55 7 49 85 8 31 37 54 81 55 100 85 77 36 85 37
split_gain=393.077 1221.36 1719.95 1232.03 1038.93 1010.32 1287.47 2587.68 1749.43 1138.8 975.158 966.512 942.409 909.909 893.621 1111.81 882.705 1179.53 1170.79 1162.27 1090.4 886.539 851.071 1357.49 1155.11 1361.26 1228.99 830.548 797.415 787.171
threshold=740567.50000000012 -14.097680568695067 0.90000000596046459 -0.011168635450303553 14.091903209686281 708982.50000000012 1.0043429732322695 3.7618923187255864 0.90000000596046459 0.90792691707611095 1.0000000180025095e-35 1.3076950907707217 -8.2396078109741193 0.33172981441020971 -726527.49999999988 -0.0059234783984720698 0.74455857276916515 0.90000000596046459 0.0002523340226616711 384.93988037109381 21.552498817443851 758052.50000000012 1.0000000180025095e-35 -737852.49999999988 98819.734375000015 0.90000000596046459 3.0000000000000004 -2.4373720884323116 0.90000000596046459 1.9191339015960696
decision_type=2 2 2 2 2 2 2 2 2 2 2 2 2 2 2 2 2 2 2 2 2 2 2 2 2 2 2 2 2 2
left_child=5 2 -2 -3 13 -1 7 14 9 -8 11 -10 -5 -4 22 -16 20 19 21 -18 27 -19 24 -24 25 -7 -26 28 -14 -17
right_child=1 3 4 12 -6 6 8 -9 10 -11 -12 -13 16 -15 15 29 17 18 -20 -21 -22 -23 23 -25 26 -27 -28 -29 -30 -31
leaf_value=9.1000726726094219e-06 0.034957265845341076 0.0355261064207264 -0.03409507501731554 -0.025192189195304516 -0.07018310817424657 -0.046034837729555342 -0.045730890286318049 -0.012217918547020576 0.025164888892466531 0.046043512658279877 0.022245984163803273 -0.065754106766116455 0.0082302742933653677 0.052688303926108383 -0.027409943701336276 0.031896143993448416 0.0044344644194137068 -0.0020652652466464452 0.042468289836940197 -0.048978693196716577 0.018435583872143942 -0.073465736829052983 0.015956944515502128 -0.039804175588018846 0.0034233561254233126 0.023629935331171494 0.030974174832711549 -0.016914670675700148 -0.01274091655980312 0.012335897031676609
leaf_weight=2605266.013461411 4233.2956190258265 1697.2990645468235 652.59279768168926 6734.9366093426943 707.58585629612207 2060.7753525823355 360.50680088996887 19686.59056930244 418.6718971580267 5236.1767281591892 1286.9103945344687 963.57026240974665 12502.926014117897 560.53019919991493 1489.4061291664839 6698.6445959359407 1391.4626831635833 2112.5155052468181 1214.5064737945795 3795.2842278704047 5710.2797318994999 546.47050316631794 1822.530336394906 2718.0846492052078 16569.728460609913 1061.7572522461414 5355.6291282624006 10284.621308319271 7109.6508882567286 22165.547988131642
leaf_count=7563043 9994 4204 2392 24283 2970 7680 1262 61805 944 11594 3586 4230 35789 1352 4813 16204 4029 6870 3197 14114 15752 2393 5433 10410 47788 2895 12195 33523 24490 60790
internal_value=9.83493e-05 -0.00392994 0.0171544 -0.00637387 -0.0220788 0.000186981 0.00545942 0.00350949 0.0242406 0.0401239 -0.00906414 -0.0382135 -0.00775816 0.00600992 0.008675 0.0147024 -0.00512886 -0.0190622 0.00181319 -0.0346503 -0.00158298 -0.0167634 0.00249129 -0.0174229 0.00610203 -0.0223451 0.0101544 -0.00540713 0.000627603 0.0168765
internal_weight=2.75241e+06 59254 6154 53100 1920.71 2.69316e+06 87894.5 79628.7 8265.84 5596.68 2669.15 1382.24 51402.7 1213.12 59942.1 30353.6 44667.7 9060.24 3873.49 5186.75 35607.5 2658.99 29588.5 4540.61 25047.9 3122.53 21925.4 29897.2 19612.6 28864.2
internal_count=8000024 185352 16708 168644 6714 7814672 251629 230013 21616 12856 8760 5174 164440 3744 168208 81807 140157 30603 12460 18143 109554 9263 86401 15843 70558 10575 59983 93802 60279 76994
is_linear=0
shrinkage=0.05


Tree=120
num_leaves=31
num_cat=0
split_feature=37 55 36 39 87 26 53 49 86 13 26 22 39 55 90 77 55 25 37 28 25 25 55 46 49 90 31 27 46 39
split_gain=425.888 1164.32 631.691 1884.83 1401.46 3295.29 2543.57 1820.18 1882.28 1712.97 1668.42 1937.94 1624.31 1613.05 1458.07 1962.68 1415.8 1707.49 1442.85 1395.07 1228.48 1212.46 1269.65 927.292 1098.45 875.977 871.709 847.973 782.3 762.765
threshold=-16.805540084838864 -617822.49999999988 -28.908246040344235 9.5484023094177264 1.0000000180025095e-35 -0.49261139333248133 0.87837970256805431 0.88186877965927135 6.0000000000000009 0.017082707025110725 -0.49261139333248133 1.5000000000000002 -15.354895591735838 -336107.49999999994 2907.421508789063 1.3076950907707217 -599707.49999999988 3.5612369775772099 6.6961410045623788 0.97499999403953563 0.71005278825759899 0.98490977287292492 15532.500000000002 0.049344992265105254 -0.35222910344600672 4712.6264648437509 330.75997924804693 -0.15972537547349927 0.033635413274168975 -13.130473613739012
decision_type=2 2 2 2 2 2 2 2 2 2 2 2 2 2 2 2 2 2 2 2 2 2 2 2 2 2 2 2 2 2
left_child=1 -1 3 4 10 16 7 8 -7 -9 11 23 -12 -8 15 -14 18 20 29 -15 -18 28 -23 -2 -25 -16 -5 -19 -13 -6
right_child=2 -3 -4 26 5 6 13 9 -10 -11 12 21 14 19 25 -17 17 27 -20 -21 -22 22 -24 24 -26 -27 -28 -29 -30 -31
leaf_value=0.02506496815732695 -0.026064346800891022 -0.011397563244197124 -1.4613976019113719e-05 -0.049510966023624293 -0.095810629544054393 0.0140477584863705 0.028479035878645149 0.01888881892373559 0.046251146085268813 -0.047107141843541506 0.049017503480167986 0.052896292400223768 0.013906521109401474 -0.048353624141106902 -0.010961996835355004 -0.057510501230704426 0.015244970809901327 0.051700686088361092 -0.064053588131770658 0.0063900343244661997 -0.020084597297954768 0.001629898281391436 0.059584489398437669 -0.029216004289282643 0.056191593504830495 0.033461599527253756 -0.0099527174010185602 -0.014650775730035565 -0.037607866451169508 0.041330414816581847
leaf_weight=2485.1766981780529 491.39638891816139 18336.18624638021 2631262.1010288745 1672.7856868132949 103.89259998500347 6817.8973949477077 2354.5079840570688 3963.867558375001 13575.599146470428 1306.4569071829319 1024.3209881782532 262.52239671349525 1306.8855682909489 2442.248742595315 10843.802276551723 3640.0499100238085 2974.2097121328115 1612.5010888278484 397.79948434233665 2221.6451139599085 14224.269712284207 8103.255449578166 1068.841929346323 422.18348987400532 3428.807388946414 1235.1785092949867 8299.8222532942891 685.68588770925999 2548.5346377640963 3083.3358950689435
leaf_count=6339 1630 57760 7649653 6098 446 18823 5840 10233 28420 4670 2377 626 3146 8903 33762 14482 8079 3479 1504 6239 45331 24186 2413 1430 7473 3210 25878 2070 9029 6962
internal_value=7.93944e-05 -0.00704427 0.000133703 0.00403194 0.00631398 0.0112089 0.0214232 0.0287175 0.0354865 0.00252235 -0.00162646 0.0099556 -0.0121021 -0.00524896 -0.0157822 -0.0386435 -0.00325398 -0.00856452 0.0256196 -0.0222796 -0.0139741 -0.000414973 0.00838976 0.0385687 0.0468219 -0.0064165 -0.0165929 0.0319042 -0.0291382 0.0368299
internal_weight=2.7522e+06 20821.4 2.73137e+06 100112 90139.7 55763.9 32682.2 25663.8 20393.5 5270.32 34375.8 16325.5 18050.2 7018.4 17025.9 4946.94 23081.7 19496.7 3585.03 4663.89 17198.5 11983.2 9172.1 4342.39 3850.99 12079 9972.61 2298.19 2811.06 3187.23
internal_count=8000491 64099 7936392 286739 254763 150999 83128 62146 47243 14903 103764 46787 56977 20982 54600 17628 67871 58959 8912 15142 53410 36254 26599 10533 8903 36972 31976 5549 9655 7408
is_linear=0
shrinkage=0.05


Tree=121
num_leaves=31
num_cat=0
split_feature=62 53 45 50 90 85 42 85 54 26 42 46 77 44 26 53 38 12 97 54 55 54 49 62 54 26 97 39 9 63
split_gain=420.539 1024.23 808.59 748.191 816.527 2325.17 1453.53 884.344 917.624 851.706 775.535 641.62 626.432 548.047 511.864 578.402 486.24 444.577 426.474 590.512 780.434 1269.31 1018.6 721.519 709.524 669.204 742.898 649.717 632.632 553.119
threshold=10.043496608734133 0.87837970256805431 1.0029411315917971 -212.49999999999997 2734.5266113281255 0.90000000596046459 0.9984080195426942 0.90000000596046459 428067.50000000006 1.5710605382919314 1.002733111381531 0.073978036642074599 1.2333478927612307 1.0011597871780398 1.0142722725868227 0.6078576147556306 -2.1030112504959102 0.02000815607607365 -5.1841506958007804 15477.500000000002 -302327.49999999994 394132.50000000006 0.8491516411304475 46.029502868652351 454570.00000000006 0.15829174220561984 -5.9297924041748038 4.4831063747406015 0.23127216100692752 -0.35391457378864283
decision_type=2 2 2 2 2 2 2 2 2 2 2 2 2 2 2 2 2 2 2 2 2 2 2 2 2 2 2 2 2 2
left_child=1 2 3 4 5 6 -1 8 16 12 -8 -5 -7 -10 15 -9 -6 -13 19 -2 21 25 29 24 -23 26 -21 -24 -26 -22
right_child=18 -3 -4 11 7 9 10 14 13 -11 -12 17 -14 -15 -16 -17 -18 -19 -20 20 22 23 27 -25 28 -27 -28 -29 -30 -31
leaf_value=-0.049506507851387313 -0.0039941470948962037 -0.02124819351123788 -0.030716659069783943 0.0032086273173134016 -0.035319942443881536 0.0077388143591398187 0.047744974752134933 0.01821672266342813 -0.066245761055155797 0.10099062777482344 -0.0070513705259740728 0.052678980700696099 -0.052557158565582289 0.019669668826688708 -0.073304132794944327 -0.012078181253520609 -0.005798945368571503 0.013941845554786593 2.3986698369915927e-05 -0.036895928653198948 -0.0022169311189280689 0.02055895412419817 -0.025819040360146248 0.034389641314736416 0.0029752024723355593 -0.033826390205790292 0.0064717901431735588 0.015133193030889334 -0.018282130323919909 0.015753069167974108
leaf_weight=524.30920974165201 22439.783582374454 7798.4873130768538 2161.287979632616 5020.3028323799372 1831.4517636597157 576.28728583455086 3763.6298447400331 3970.7542983293533 1370.6232807040215 116.10278880596161 778.92038616538048 1423.7406508475542 1700.4873912259936 214.10743144154549 207.87204976379871 2610.4198522865772 5845.8748611956835 1545.6764197647572 2602311.9336698875 1348.8476070165634 4999.0591003149748 4981.1084485203028 2949.8997837156057 1932.0263031572104 27200.22468829155 3426.082928404212 3677.4924076795578 1440.7452154308558 4015.9053825139999 29829.731019616127
leaf_count=1874 67381 25232 7362 14328 6122 1438 8191 11025 5151 220 2275 3205 6755 569 847 8130 17266 4133 7567375 4594 14381 12663 9742 4706 78002 11578 10303 4030 12645 78968
internal_value=7.54537e-05 -0.00492207 -0.0011391 0.000890997 -0.003601 0.010066 0.0292483 -0.00995327 -0.0200005 -0.0305452 0.0383483 0.0141087 -0.0372964 -0.0546298 0.00375402 0.00619949 -0.0128456 0.0325282 0.000151899 0.00322707 0.00511573 0.000740002 0.0103126 0.00462624 0.00303657 -0.0167889 -0.00517022 -0.0123795 0.000239822 0.0131737
internal_weight=2.75201e+06 41460.3 33661.8 31500.6 23510.8 7459.74 5066.86 16051.1 9262.06 2392.88 4542.55 7989.72 2276.77 1584.73 6789.05 6581.17 7677.33 2969.42 2.71055e+06 108241 85801.1 46581.7 39219.4 38129.3 36197.2 8452.42 5026.34 4390.64 31216.1 34828.8
internal_count=8000491 124123 98891 91529 69863 20753 12340 49110 29108 8413 10466 21666 8193 5720 20002 19155 23388 7338 7876368 308993 241612 134491 107121 108016 103310 26475 14897 13772 90647 93349
is_linear=0
shrinkage=0.05


Tree=122
num_leaves=31
num_cat=0
split_feature=13 39 85 54 78 39 36 46 12 31 49 42 13 54 50 25 36 54 85 22 7 94 55 25 46 35 62 90 49 85
split_gain=402.333 719.104 669.525 718.243 653.053 500.859 473.889 439.773 1033.43 823.27 951.395 821.417 813.379 1126.8 997.944 992.022 972.254 922.963 1207.11 902.622 897.568 920.999 942.978 795.68 793.435 1560.75 939.482 1593.89 1663.33 1440.63
threshold=0.0079392073675990122 4.143491506576539 0.90000000596046459 456797.50000000006 1.3076950907707217 14.031524181365969 -17.248788833618161 0.060999285429716117 0.01259699370712042 992.41555786132824 -0.41268247365951533 0.99532693624496471 0.01946460455656052 797.50000000000011 -362.49999999999994 1.3297770023345949 -24.372272491455075 4622.5000000000009 0.90000000596046459 3.5000000000000004 -0.00014709618699271229 3374.596313476563 -498717.49999999994 0.55129361152648937 0.090515311807394042 20.99794960021973 31.900530815124515 2921.341430664063 -0.86046862602233876 0.90000000596046459
decision_type=2 2 2 2 2 2 2 2 2 2 2 2 2 2 2 2 2 2 2 2 2 2 2 2 2 2 2 2 2 2
left_child=1 2 6 -4 -5 -3 -1 8 -2 -10 11 -11 13 15 20 -9 23 18 -18 -19 -15 22 -22 -16 26 -26 -14 28 29 -28
right_child=7 5 3 4 -6 -7 -8 12 9 10 -12 -13 24 14 16 -17 17 19 -20 -21 21 -23 -24 -25 25 -27 27 -29 -30 -31
leaf_value=-0.049997437946483848 0.00059505844329296547 -0.026023036130366325 0.041158895621301685 0.037155744346941348 -0.058142906965997089 0.0064782743040352536 0.04568021150521135 0.023888750091824198 -0.0015904246013556948 -0.062233222283847291 -0.0046909058015442151 -0.015005657112674334 -0.0031435133027774655 -3.0353201069133191e-05 -0.0071525470107087208 -0.084248920732258231 -0.03565737166415768 0.0018891031889901298 0.0045781641624263736 -0.0046666960705619666 0.0052995018053746184 -0.00018719258572859584 0.01751698982441308 0.024215812311956297 0.00033701343043610564 0.018666290103127505 0.061292888051086514 -0.0019504993366396767 0.00750887613660899 -0.0003917824800890007
leaf_weight=135.47811760008335 399234.57583148777 1472.1289133429527 592.2842365950346 253.40426646173 612.55076143145561 6067.2473091185093 2553.2654483169317 7746.4172285795212 205089.88006125391 971.44158619642258 68577.989483386278 17375.332171998918 332312.24431973696 46012.340054020286 2786.1021568626165 217.07350085675716 4113.2441402003169 218518.70797937363 3407.6511930823326 69108.215225197375 30175.595989398658 21965.923399612308 33142.100467160344 7360.542357608676 1193805.1448687464 11727.139910876751 3025.3547487556934 45255.58713516593 16952.225531034172 1377.0674569904804
leaf_count=473 1161979 4817 1324 537 2415 17402 5427 19564 602977 3656 207611 54240 984596 132126 8303 875 14678 624990 10099 206193 85365 63547 87204 18847 3457442 31458 5957 134015 48243 4131
internal_value=7.16796e-05 0.0093289 0.0260497 -0.00122812 -0.0302392 0.000128838 0.0408406 3.21952e-05 -0.00105835 -0.00331885 -0.00739676 -0.0175098 0.000400101 0.00229264 0.00195263 0.0209302 0.000384947 -0.000138229 -0.0174282 0.000313911 0.0055978 0.00863434 0.0116947 0.0156022 -0.000124273 0.000515336 -0.00205716 0.00336243 0.0146216 0.0420012
internal_weight=2.75194e+06 11686.4 4146.98 1458.24 865.955 7539.38 2688.74 2.74026e+06 691249 292015 86924.8 18346.8 2.04901e+06 444554 436590 7963.49 305294 295148 7520.9 287627 131296 85283.6 63317.7 10146.6 1.60445e+06 1.20553e+06 398922 66610.2 21354.6 4402.42
internal_count=8000491 32395 10176 4276 2952 22219 5900 7968096 2030463 868484 265507 57896 5937633 1271791 1251352 20439 883110 855960 24777 831183 368242 236116 172569 27150 4665842 3488900 1176942 192346 58331 10088
is_linear=0
shrinkage=0.05


Tree=123
num_leaves=31
num_cat=0
split_feature=62 53 45 50 90 85 38 31 39 53 77 46 13 55 85 31 44 90 85 25 97 30 25 85 94 53 55 48 90 53
split_gain=379.052 926.758 730.632 673.033 737.942 2106.16 947.05 830.208 815.247 754.179 598.559 581.596 461.304 458.502 447.134 569.844 542.517 387.31 525.297 543.437 380.315 553.328 695.933 1080.23 1547.02 1270.43 1263.64 883.869 771.235 803.818
threshold=10.043496608734133 0.87837970256805431 1.0029411315917971 -212.49999999999997 2734.5266113281255 0.90000000596046459 -5.3860456943511954 4435.7485351562509 -5.5299010276794425 0.6078576147556306 1.3076950907707217 0.073978036642074599 0.030156705528497699 -388572.49999999994 0.90000000596046459 1389.6011962890627 1.0003898739814761 3387.2258300781255 0.90000000596046459 0.53729501366615307 -5.1841506958007804 0.22249999642372134 1.5103238821029665 0.90000000596046459 4544.0148925781259 0.6078576147556306 -266597.49999999994 0.50938662886619579 4765.8115234375009 1.0000000180025095e-35
decision_type=2 2 2 2 2 2 2 2 2 2 2 2 2 2 2 2 2 2 2 2 2 2 2 2 2 2 2 2 2 2
left_child=1 2 3 4 5 6 -1 10 13 -8 -7 17 -13 -6 16 -16 -10 -5 -19 -20 21 -2 23 24 25 26 -23 -27 29 -25
right_child=20 -3 -4 11 8 7 9 -9 14 -11 -12 12 -14 -15 15 -17 -18 18 19 -21 -22 22 -24 28 -26 27 -28 -29 -30 -31
leaf_value=-0.038035173597067429 -0.0036571417938344878 -0.020211258914456732 -0.029215010924171992 0.0098431382516391951 -0.049705211679333214 0.0077029328014015606 0.049737329926917179 0.094114059594928356 -0.028200718047844877 0.0069552607598966825 -0.05131510618063656 0.038852996694925424 -0.018033504530068037 -0.016047111441308333 0.013477670134464324 -0.05882946570786738 0.00088977590826242565 -0.059390589376153081 -0.041875364477526239 0.067149416397373665 1.9887802080563602e-05 0.012781836296348256 -0.0029186094662291221 -0.019801316520419748 -0.020255680765509692 0.014028865864330798 0.038581947218170744 -0.010052312179284137 0.036882258843079233 0.0023269058563965841
leaf_weight=490.99737006425858 23970.449122324586 7794.986098408699 2157.9911550730467 4041.3182038664818 1528.4757954925299 577.05076701939106 2987.7680967748165 128.26086689531803 2675.6938716322184 1572.915480196476 1676.1429375037551 2555.4569915384054 413.37359409034252 2996.431331962347 4564.5375679433346 288.77194839715958 3993.4153800308704 522.27036246657372 222.05672006309032 233.43730162084103 2602196.7736387327 10466.55289824307 21059.040405377746 5378.532687664032 3265.4967115670443 10937.152175582945 8685.7522296607494 5846.3236134201288 1285.043875657022 17306.361202180386
leaf_count=1708 71596 25232 7362 11164 5463 1440 6368 246 8801 4264 6727 6060 1278 9413 12885 1121 11427 1903 784 477 7567375 27681 62023 17510 10351 28573 19912 17327 3238 50782
internal_value=6.81162e-05 -0.00467876 -0.0010775 0.000852776 -0.00341208 0.00961071 0.0278836 -0.0291442 -0.00944478 0.0349883 -0.0362015 0.0133888 0.0309272 -0.0274261 -0.00238123 0.00916313 -0.0107833 0.00300961 -0.025211 0.0140128 0.000140663 0.00304521 0.00495266 0.00757675 0.0126894 0.0156837 0.0244841 0.00564008 -0.000784576 -0.00292006
internal_weight=2.75182e+06 41421.4 33626.4 31468.4 23480.5 7433.14 5051.68 2381.45 16047.3 4560.68 2253.19 7987.91 2968.83 4524.91 11522.4 4853.31 6669.11 5019.08 977.764 455.494 2.7104e+06 108201 84230.3 63171.2 39201.3 35935.8 19152.3 16783.5 23969.9 22684.9
internal_count=8000491 124123 98891 91529 69863 20753 12340 8413 49110 10632 8167 21666 7338 14876 34234 14006 20228 14328 3164 1261 7876368 308993 237397 175374 103844 93493 47593 45900 71530 68292
is_linear=0
shrinkage=0.05


Tree=124
num_leaves=31
num_cat=0
split_feature=100 36 54 85 85 54 77 54 47 48 46 36 24 54 82 48 5 48 31 94 87 37 49 54 48 11 44 86 36 37
split_gain=378.777 499.896 541.366 1908.56 1142.39 793.413 756.543 707.641 685.975 681.747 1010.99 876.035 604.42 916.132 569.651 521.483 483.174 485.664 533.152 456.066 1079.53 1508.54 1256.17 1388.82 1285.17 1080.44 980.059 979.294 1362.7 959.398
threshold=373462.07812500006 -10.352874755859373 2782.5000000000005 0.90000000596046459 0.90000000596046459 1537.5000000000002 1.3076950907707217 10732.500000000002 -0.26082243025302881 0.78661888837814342 0.11490713432431222 -5.0107214450836173 63.82312202453614 11827.500000000002 1.0000000180025095e-35 -0.05451125651597976 3.6277233448345221e-05 0.77296444773674022 381.24736022949224 5033.7751464843759 1.0000000180025095e-35 28.87428188323975 0.26932403445243841 11232.500000000002 -0.99702683091163624 0.088899206370115294 0.98583194613456737 6.0000000000000009 -12.788798809051512 -8.0487694740295392
decision_type=2 2 2 2 2 2 2 2 2 2 2 2 2 2 2 2 2 2 2 2 2 2 2 2 2 2 2 2 2 2
left_child=19 15 3 5 7 -3 -5 16 -6 10 -10 -12 -9 -14 -7 -2 17 18 -4 -1 29 22 23 26 -25 27 -22 -24 -29 -21
right_child=1 2 4 6 8 14 -8 12 9 -11 11 -13 13 -15 -16 -17 -18 -19 -20 20 21 -23 25 24 -26 -27 -28 28 -30 -31
leaf_value=0.00011914509007511111 -0.06976419417744173 -0.068269468462103661 0.031571673619982941 0.023345862856086474 -0.061270353636364495 0.046977794307662087 -0.049760274838585736 -0.037419912901191947 -0.0396364934387132 0.046595213458177964 -0.051093890150774125 0.031590257572728979 0.05202176938417985 -0.015316801370268871 -0.00741366539502943 0.028645534013629809 -0.041678694627418855 -0.052834922684391494 -0.060435669009260055 0.050462449163455173 -0.048880384078835541 -0.05361390635405542 -0.0049201526786736083 0.081506879527217913 -0.058737412996394893 0.067410788043847897 0.0043709186271224248 -0.065731441837379376 -0.019878725910993447 0.0016283587315783635
leaf_weight=2658020.8580868393 139.59490673243999 178.70041546225548 792.0561698526144 499.35847096145153 284.75676728785038 3361.7073329240084 1209.0592569336295 673.17036981880665 890.81376233696938 1515.9348066151142 365.44071474671364 2547.7415806353092 977.01890580356121 1043.6545525193214 561.3291617333889 3186.1994353234768 2708.7896262407303 384.77617110311985 195.46311023831367 1040.8043759018183 895.79008175432682 1818.5275297760963 5425.7597401365638 181.73702098429203 1545.8672702312469 350.27274958789349 23651.147564284503 2221.9101358875632 5985.4918229430914 29081.222347974777
leaf_count=7715834 569 676 2042 1140 1099 7042 5341 2390 3201 3383 1379 6141 2044 3510 1694 7831 10035 1550 772 2170 3438 7036 18848 327 5924 657 68100 9042 19334 87942
internal_value=6.47164e-05 0.00667272 0.00341291 0.0160027 -0.00249628 0.0344954 -0.0283878 -0.0163104 0.0142012 0.0182526 0.00694722 0.0212024 0.00357724 0.0172493 0.039194 0.0244937 -0.0294367 -0.00525577 0.0133126 1.26375e-05 -0.00390836 -0.00908134 -0.00706832 -0.000624668 -0.0439428 -0.0191745 0.00242551 -0.0214043 -0.0322991 0.0033175
internal_weight=2.75173e+06 21515.6 18189.8 5810.15 12379.6 4101.74 1708.42 6774.93 5604.69 5319.93 3804 2913.18 2693.84 2020.67 3923.04 3325.79 4081.09 1372.3 987.519 2.73022e+06 72198.5 42076.5 40258 26274.5 1727.6 13983.4 24546.9 13633.2 8207.4 30122
internal_count=8000491 61839 53439 15893 37546 9412 6481 22343 15203 14104 10721 7520 7944 5554 8736 8400 14399 4364 2814 7938652 222818 132706 125670 77789 6251 47881 71538 47224 28376 90112
is_linear=0
shrinkage=0.05


Tree=125
num_leaves=31
num_cat=0
split_feature=65 97 90 6 40 39 55 55 36 31 55 87 49 40 37 49 49 61 55 85 90 28 39 90 53 25 36 36 36 6
split_gain=373.132 770.551 810.256 708.984 613.077 601.096 662.535 599.109 733.89 562.454 718.705 1698.18 2052.74 1497.5 1489.61 1410.7 1052.61 1005.17 966.169 1050.2 1659.91 1465.97 963.375 903.292 878.592 882.493 867.818 831.208 755.559 754.75
threshold=0.52828064560890209 -4.5847396850585929 4936.5703125000009 0.0089131491258740442 1.0000000180025095e-35 -2.2956231832504268 527.50000000000011 -13262.499999999998 -8.6985020637512189 396.92955017089849 19697.500000000004 1.0000000180025095e-35 -0.83743050694465626 1.0000000180025095e-35 -7.520704746246337 0.56457334756851207 -0.60003554821014393 -0.053522100672125809 19102.500000000004 0.90000000596046459 5129.9294433593759 1.0000000180025095e-35 1.5351521968841555 4016.1254882812505 1.0000000180025095e-35 1.4181749224662783 2.5753552913665776 3.3300579786300664 -28.908246040344235 -0.0099764140322804434
decision_type=2 2 2 2 2 2 2 2 2 2 2 2 2 2 2 2 2 2 2 2 2 2 2 2 2 2 2 2 2 2
left_child=9 2 3 -2 -5 6 7 -3 -9 -1 18 14 13 17 -12 23 22 -13 28 21 -21 -20 -16 -14 25 -18 -26 -19 -11 -30
right_child=1 5 -4 4 -6 -7 -8 8 -10 10 11 12 15 -15 16 -17 24 27 19 20 -22 -23 -24 -25 26 -27 -28 -29 29 -31
leaf_value=0.001530883956832825 0.00392412499898105 -0.0001043923821486614 -0.023206085083725972 0.017067686820379117 0.07263704685406798 -0.002069040928805718 0.0059893653626097738 0.0025396755641656577 -0.048887137480587442 0.0055929437627558372 -0.041575713095682469 -0.031011577239117571 0.052233746773802242 -0.065512163451709335 -0.036685465104240769 -0.00328661525986443 0.0072686983591194951 0.048968800765538667 0.063877056926464046 -0.056551206484664954 0.057334182784872324 -0.027018380854980203 0.018644615752182295 -0.036691555804641611 0.012989013173544867 0.06124402095792604 -0.056863209907210693 -0.069384872637890532 -0.01898680323368936 -0.0003392358621115478
leaf_weight=749862.1870040819 74834.937248162925 239951.61154964566 2654.6009676903486 2369.849989593029 627.34746862947941 594558.76863734424 49240.023370668292 1371.1612303406 1402.6001363843679 54785.018637791276 1533.1398492157459 572.1564037501812 292.35655538737774 479.56390220671892 1961.830396771431 5415.6817045360804 1250.8803317844868 2508.5367374420166 1986.7845507264137 801.20918063819408 531.232715934515 570.31099285185337 1311.9926856160164 10914.676064230502 7129.2895185351372 1920.1926326155663 473.20816679298878 156.7783255726099 5456.9424743354321 934569.4520425871
leaf_count=2149751 212578 692380 8977 6314 1268 1752039 140334 3901 4918 156769 5540 1924 618 2234 6834 16945 3677 5459 4011 2937 1134 1995 3555 39587 20411 4165 1828 626 17010 2730553
internal_value=5.95631e-05 -0.0007314 0.00395278 0.00487944 0.028721 -0.00115668 0.000701228 -0.000371539 -0.0234716 0.000488189 -0.000267521 -0.00721611 -0.0167309 0.0168555 0.00520497 -0.024242 0.0103136 0.0290745 -1.75892e-05 0.0248506 -0.0111334 0.0436 -0.0145113 -0.0343669 0.0178584 0.0399632 0.00863358 0.0419818 -0.000114849 -0.000447512
internal_weight=2.75149e+06 967011 80486.7 77832.1 2997.2 886524 291965 242725 2773.76 1.78448e+06 1.03462e+06 35920.3 20339.7 3717.04 15580.5 16622.7 14047.4 3237.47 998701 3889.54 1332.44 2557.1 3273.82 11207 10773.6 3171.07 7602.5 2665.32 994811 940026
internal_count=8000272 2822709 229137 220160 7582 2593572 841533 701199 8819 5177563 3027812 113403 67393 10243 46010 57150 40470 8009 2914409 10077 4071 6006 10389 40205 30081 7842 22239 6085 2904332 2747563
is_linear=0
shrinkage=0.05


Tree=126
num_leaves=31
num_cat=0
split_feature=86 104 78 42 104 55 48 99 35 36 78 99 54 78 36 78 55 99 100 55 46 51 49 48 100 55 55 22 50 78
split_gain=382.665 600.352 968.725 907.816 696.492 988.314 900.04 1402.33 1067.81 1006.31 886.826 883.445 1008.85 1297.06 637.497 1337.63 1122.55 1699.76 1248.3 858.887 1321.7 706.761 634.933 626.451 602.339 757.096 1019.65 736.198 713.731 554.677
threshold=6.0000000000000009 7.7326049804687509 1.0658904910087588 1.0008082985877993 7.7587745189666757 -487119.99999999994 -0.52803644537925709 122610.50000000001 -2.019007563591003 1.0000000180025095e-35 1.3076950907707217 124392.67578125001 503947.50000000006 1.2333478927612307 -6.2485835552215567 1.3076950907707217 14332.500000000002 273245.17187500006 240347.56250000003 -464662.49999999994 0.079566035419702544 317.50000000000006 0.20576497167348864 -0.89194178581237782 118511.96093750001 -525842.49999999988 -545449.99999999988 1.5000000000000002 52.500000000000007 2.1999999284744267
decision_type=2 2 2 2 2 2 2 2 2 2 2 2 2 2 2 2 2 2 2 2 2 2 2 2 2 2 2 2 2 2
left_child=1 2 3 24 6 -6 7 8 -3 22 -11 12 13 -8 15 16 17 -7 -18 20 -16 -17 -9 -4 25 26 27 -1 -27 -2
right_child=29 4 23 -5 5 14 11 9 -10 10 -12 -13 -14 -15 19 21 18 -19 -20 -21 -22 -23 -24 -25 -26 28 -28 -29 -30 -31
leaf_value=0.01320814708269657 0.001441229656131909 0.040773570274513012 -0.010758504347914978 -0.019990322867891541 -0.016781769561402576 0.0021785753900521662 0.07734822475197084 0.028191680886873745 -0.022758662928304051 0.067380950934411987 0.010751295753465629 -0.021377025985131307 0.0013864721217997757 -0.043579186202079567 -0.0027857625502528795 -0.0067782655380054808 -0.067505443824794689 0.014338298331054725 -0.0050511237278259976 -0.0032307350314328093 0.034082032922084775 0.0028221808035627321 -0.012868293640233845 0.00053078328064085491 -0.030475320299190558 0.063826854280820577 -0.053142252017040051 -0.0092021502454683098 -0.055066731788376802 -0.00023514688907193601
leaf_weight=6140.7799221798778 775166.83898771554 872.9656131118536 14769.761127203703 15974.482664056122 9367.4000295251608 113333.5758805573 951.26263396441936 2785.9566894471645 2717.8243603408337 2391.3969996422529 973.22949415445328 3739.9530952721834 9940.4305962026119 288.27658888697624 6204.4522627294064 60186.48801292479 838.55288469791412 38503.158260598779 17033.876697994769 191990.25220111012 3995.6899298876524 28128.479592695832 1420.9597447365522 73114.193749934435 1905.3340955972672 747.54298011958599 964.83480820059776 9085.4427652806044 150.98388658463955 1357699.9641052037
leaf_count=17701 2102597 2207 47754 55681 30724 338598 1870 7305 9097 5102 2743 12191 30188 1013 19562 188765 3371 108132 56933 592347 10027 85096 4566 224588 6834 1651 3683 30607 601 3998738
internal_value=5.65701e-05 -0.00103842 -0.00416734 -0.0112059 -0.000262876 -0.000704616 0.0076897 0.0184273 -0.00730474 0.0306307 0.0510102 -0.000343983 0.00669288 0.0492079 -0.000377328 0.00126998 0.00386699 0.00526218 -0.0079853 -0.00247955 0.0116579 -0.00372045 0.014322 -0.00136654 -0.0038173 -0.000843273 -0.00332385 -0.00016341 0.043804 0.000374112
internal_weight=2.75138e+06 618518 122853 34969.4 495664 469582 26082.3 11162.3 3590.79 7571.54 3364.63 14919.9 11180 1239.54 460215 258024 169709 151837 17872.4 202190 10200.1 88315 4206.92 87884 18994.9 17089.6 16191.1 15226.2 898.527 2.13287e+06
internal_count=8000272 1898937 389100 116758 1509837 1433555 76282 31020 11304 19716 7845 45262 33071 2883 1402831 780895 507034 446730 60304 621936 29589 273861 11871 272342 61077 54243 51991 48308 2252 6101335
is_linear=0
shrinkage=0.05


Tree=127
num_leaves=31
num_cat=0
split_feature=64 8 30 85 55 12 55 25 36 49 94 46 55 104 55 36 55 50 37 35 25 25 77 94 25 44 55 49 36 25
split_gain=360.06 359.702 882.384 1239.43 1806.58 3298.22 1861.07 1915.25 1779.95 1566.96 1432.49 1380.09 958.093 1806.36 1233.75 944.194 922.956 841.588 1131.76 1056.25 930.166 807.361 731.579 664.897 1427.27 1044.95 865.755 846.106 866.506 1365.12
threshold=231.26709747314456 -0.0035673381062224503 0.88749998807907116 0.90000000596046459 -31232.499999999996 0.029413246549665931 -22247.499999999996 2.1544076204299931 5.4627175331115732 -0.69930991530418385 4099.7524414062509 0.11855690553784372 -475727.49999999994 7.7627923488616952 -304847.49999999994 17.11392974853516 -61004.999999999993 -397.49999999999994 15.578872203826906 11.230509281158449 1.9580816626548769 1.5800667405128481 1.3076950907707217 3906.766723632813 1.5989452600479128 1.0015812516212466 -688152.49999999988 -0.96298784017562855 2.4171972274780278 1.4404706358909609
decision_type=2 2 2 2 2 2 2 2 2 2 2 2 2 2 2 2 2 2 2 2 2 2 2 2 2 2 2 2 2 2
left_child=1 2 15 4 5 12 -6 11 -9 10 -7 -8 13 -4 -14 23 -11 18 20 21 -5 -20 -22 24 -1 -26 -27 28 -25 -30
right_child=-2 -3 3 17 6 9 7 8 -10 16 -12 -13 14 -15 -16 -17 -18 -19 19 -21 22 -23 -24 27 25 26 -28 -29 29 -31
leaf_value=-0.0021529308380133908 -0.0065552709135401942 0.00039637902066185638 0.013659589240395328 0.00051212832507473041 0.065151412344014156 0.014776567872281418 0.042521662554193665 0.043734666466445096 -0.0085677046803111934 -0.021222013017308063 -0.059841477488972873 -0.0046431449786139799 -0.027735796802640801 0.061222248755794566 0.013473985325117619 0.0093337815003635746 -0.077220808883869965 -0.015053698063582747 0.013270442059423768 -0.015920722727312504 0.010655524791033896 0.051066364351272722 -0.036332314073552682 0.017044335036321811 0.0059364825014806971 0.010660315712986885 -0.016798809656581339 -0.0014263835579767122 -0.051162418809467397 0.0081592274161855841
leaf_weight=160272.34698083997 20454.269736267626 2165520.9300379008 9476.1950048282743 14762.069030463696 1942.8190973103046 5474.8284934163094 1797.3714604526758 7045.145777463913 2114.3809441030025 11563.217959605157 727.79439441859722 11274.203345105052 2499.7770959734917 2528.489887803793 6633.6700320541859 17814.508931584656 785.11898489296436 11722.071236029267 3967.8493415564299 1897.0508525967598 1083.4629687219858 2194.6452651619911 3510.1906195580959 12481.731125175953 7079.9478319138288 3094.381156206131 39532.897895559669 216915.720121786 1321.5719755887985 3634.8792640119791
leaf_count=474397 61775 6277529 24912 43506 3724 14304 4025 15669 6278 36091 2596 32565 7927 4920 17455 50682 3012 37267 11065 6074 2658 5013 12463 33188 19976 8781 125289 642329 4734 10068
internal_value=5.37065e-05 0.000103216 -0.00102011 0.00316479 0.00745847 0.000895088 0.0182336 0.0141304 0.031661 -0.0144903 0.0060121 0.0018445 0.0143977 0.0236822 0.00219273 -0.00195283 -0.0247888 -0.00384139 0.000952905 0.0166954 -0.00560237 0.0267376 -0.0252487 -0.00240537 -0.0044487 -0.0118507 -0.0148052 -0.00057452 0.0100211 -0.00766422
internal_weight=2.75112e+06 2.73067e+06 565148 103000 63863 39689.1 24173.9 22231.1 9159.53 18551 6202.62 13071.6 21138.1 12004.7 9133.45 462148 12348.3 39137.3 27415.3 8059.55 19355.7 6162.49 4593.65 444333 209980 49707.2 42627.3 234354 17438.2 4956.45
internal_count=8000272 7938497 1660968 291524 173478 111217 62261 58537 21947 56003 16900 36590 55214 29832 25382 1369444 39103 118046 80779 22152 58627 16078 15121 1318762 628443 154046 134070 690319 47990 14802
is_linear=0
shrinkage=0.05


Tree=128
num_leaves=31
num_cat=0
split_feature=48 39 55 54 87 37 35 54 40 36 54 53 11 87 25 54 54 86 36 25 104 54 25 54 9 37 36 37 55 53
split_gain=357.486 973.146 1008.62 961.882 1146.76 1269.55 1118.83 1013.63 951.761 920.949 977.057 1482.12 1293.89 812.484 1399.97 1387.2 1379.93 1303.22 1580.85 1174.13 1408.56 1337.03 1487.68 1223.52 1051.21 1313.67 1032.42 923.38 1006.82 898.099
threshold=0.96298784017562877 -1.9530361890792844 -13262.499999999998 690962.50000000012 1.0000000180025095e-35 3.5349669456481938 9.5563111305236834 656887.50000000012 1.0000000180025095e-35 8.6498003005981463 196447.50000000003 0.87837970256805431 0.021469313651323322 1.0000000180025095e-35 0.4997228085994721 760522.50000000012 690962.50000000012 6.0000000000000009 0.74467658996582042 1.0542039275169375 8.2794055938720721 8922.5000000000018 1.6945462822914126 332927.50000000006 0.10888402163982393 21.349208831787113 -5.972264051437377 4.2311258316040048 7982.5000000000009 0.87837970256805431
decision_type=2 2 2 2 2 2 2 2 2 2 2 2 2 2 2 2 2 2 2 2 2 2 2 2 2 2 2 2 2 2
left_child=-1 13 3 4 9 -6 7 -7 -5 10 11 -3 -12 15 17 16 -2 -15 29 20 24 -21 26 -24 -16 -26 -23 -22 -29 -19
right_child=1 2 -4 8 5 6 -8 -9 -10 -11 12 -13 -14 14 19 -17 -18 18 -20 21 27 22 23 -25 25 -27 -28 28 -30 -31
leaf_value=-0.00012522460653903862 0.00091112042252750481 -0.0031923946362296288 0.0053677310603518621 0.00143922592655722 -0.033134059030455326 -0.0028897875712763123 -0.033575368965409309 -0.032390832500399626 0.034243474566404634 0.044433237158854499 -0.00055208826124133884 -0.052673694410617158 0.028385436373547929 0.0023336861282973707 0.0066551613480604448 0.089286048449317645 -0.048337507754691367 0.038814474263062351 -0.079688547879264132 -0.012095556011541346 -0.024270108009502897 0.049140668559571256 0.023639569298535459 -0.045823928960611243 -0.023398017703556893 0.013862986531452504 0.0063180669508467822 0.044396852355602222 -0.0080878797305760138 0.00032209522577480846
leaf_weight=2510860.5454229265 35572.242395401001 6508.9495341777802 45954.085624568164 8541.6197834089398 5419.5566414296627 38161.829262688756 3774.8704733997583 3151.2914941012859 2982.5928648561239 1205.8590709418058 20413.726345077157 1970.9758456498384 4763.4232134073973 6362.4387270212173 8739.4486838281155 428.82361896336079 1480.5928064659238 10230.827858552337 317.89386607706547 3047.035927221179 933.03002759814262 5220.0319916084409 1448.9821078628302 1125.3449168354273 11053.391945980489 3008.5459060817957 1927.8311317116022 3382.8232189267874 1251.1902804672718 1779.1283578127623
leaf_count=7308294 104880 19378 130941 25656 17777 109987 12618 10417 7237 2940 61792 7171 12385 18930 24122 832 5561 22309 1197 9589 3051 11404 3692 3947 34780 7999 5322 7531 3747 4786
internal_value=5.10486e-05 0.001894 -0.000732907 -0.00362632 -0.00545672 -0.0102712 -0.00752233 -0.00514093 0.00993199 0.0015182 -2.04729e-05 -0.0146987 0.0049235 0.00575028 0.00936647 -2.18166e-05 -0.00105792 0.0207134 0.0301978 0.00421067 -0.00145653 0.0168006 0.0258578 -0.00672986 -0.00696201 -0.0154253 0.0375943 0.021089 0.0302261 0.0331132
internal_weight=2.75102e+06 240158 142849 96894.7 85370.5 50507.5 45088 41313.1 11524.2 34862.9 33657.1 8479.93 25177.1 97309.6 59827.9 37481.7 37052.8 18690.3 12327.9 41137.7 28368.4 12769.2 9722.19 2574.33 22801.4 14061.9 7147.86 5567.04 4634.01 12010
internal_count=8000272 691978 418299 287358 254465 150799 133022 120404 32893 103666 100726 26549 74177 273679 162406 111273 110441 47222 28292 115184 81230 33954 24365 7639 66901 42779 16726 14329 11278 27095
is_linear=0
shrinkage=0.05


Tree=129
num_leaves=31
num_cat=0
split_feature=80 77 77 50 46 25 25 46 38 54 80 37 54 90 84 28 13 39 104 84 42 62 80 25 80 54 25 73 13 46
split_gain=351.302 606.687 1492.4 652.195 845.142 762.267 932.878 726.313 711.32 591.814 538.69 536.354 885.788 686.379 1143 674.017 537.769 493.133 643.789 486.399 463.435 456.049 454.756 447.29 435.834 433.155 429.321 421.83 417.866 412.968
threshold=5.5255424976348886 0.83046793937683117 1.2333478927612307 -197.49999999999997 0.12679516524076465 1.4970517158508303 1.6768950819969179 0.12770202755928042 1.6763564944267275 10267.500000000002 2.569441676139832 4.0916359424591073 24822.500000000004 4482.8845214843759 -1.0000000180025095e-35 0.075000001117587103 0.037252647802233703 -18.079672813415524 7.7299845218658456 -1.0000000180025095e-35 0.99382182955741893 25.088389396667484 6.6557295322418222 3.4283124208450322 4.6936223506927499 14822.500000000002 1.3461335301399233 4.8934037685394296 0.039980474859476096 0.3158100694417954
decision_type=2 2 2 2 2 2 2 2 2 2 2 2 2 2 2 2 2 2 2 2 2 2 2 2 2 2 2 2 2 2
left_child=1 -1 3 7 5 17 27 20 9 26 -4 13 29 15 -15 -9 -14 18 -5 -19 -3 -22 -2 -23 -12 -11 -6 -7 -26 -13
right_child=22 2 10 4 8 6 -8 11 -10 25 24 12 16 14 -16 -17 -18 19 -20 -21 21 23 -24 -25 28 -27 -28 -29 -30 -31
leaf_value=-0.0023096850410248572 0.0020148164491202072 -0.0082331767057602055 0.00016811778274843195 0.050508090724631319 -0.0046494258428289251 0.071456878363981055 0.0019976114023569479 0.010762082614421556 -0.021343961959050261 0.021842646653419836 -0.0021187491817499819 0.012165074738104263 0.0055891666345263217 0.023240363534931984 -0.018263680460870565 0.031708770710893015 -0.014506067885069591 -0.0028392466952577682 -0.013380696915191684 0.0038153108893220575 0.0057055727262556076 -5.976485721088213e-05 -0.00024977892431268057 -0.047583512111211548 -0.047753293092342143 -0.0016183352697334615 -0.036460157821974301 0.023677615535337038 0.015038180953804573 0.054180815218629823
leaf_weight=323493.7952555269 437632.34739196301 8491.9785186350346 689307.52478694171 1113.1439590603113 2541.8150841891766 1003.1868816763163 2334.0910086333752 7345.0556825250387 7233.7285020798445 2559.9485428482294 511460.67962443084 14364.550509631634 7102.0417826101184 3315.2769758328795 3318.0387152582407 8053.5525529235601 6265.206869572401 48158.921446740627 609.590158239007 63883.698518112302 94541.847337372601 39685.757083527744 449254.33192078769 500.37462514638901 277.85598732531071 8486.6510902643204 1820.133187443018 858.937788836658 5317.1766785383224 608.85723294317722
leaf_count=950902 1114733 25976 1967435 2447 7849 1916 6624 19652 23568 6500 1841723 38489 19518 9873 9854 19304 19067 161261 1914 162734 264865 114302 1159287 1846 1007 24709 6638 2182 12884 1213
internal_value=4.85229e-05 -0.000341215 7.21318e-05 0.00302886 0.000437005 0.0021354 0.023061 0.00491126 -0.00841076 -0.0023378 -0.000746963 0.0100753 0.0055257 0.015927 0.00247932 0.021719 -0.00382944 0.00136332 0.0279035 0.000954959 0.00309489 0.003809 0.000867676 -0.000652797 -0.0019669 0.00381957 -0.0179297 0.0494451 0.011911 0.0138774
internal_weight=2.75094e+06 1.86405e+06 1.54056e+06 334196 140604 117962 4196.22 193593 22642.3 15408.5 1.20636e+06 50372.6 28340.7 22031.9 6633.32 15398.6 13367.2 113765 1722.73 112043 143220 134728 886887 40186.1 517056 11046.6 4361.95 1862.12 5595.03 14973.4
internal_count=8000272 5726252 4775350 952301 408342 339078 10722 543959 69264 45696 3823049 136970 78287 58683 19727 38956 38585 328356 4361 323995 406989 381013 2274020 116148 1855614 31209 14487 4098 13891 39702
is_linear=0
shrinkage=0.05


Tree=130
num_leaves=31
num_cat=0
split_feature=13 39 85 54 78 62 85 49 26 25 21 43 22 36 100 90 35 85 49 36 42 54 36 25 85 50 48 22 54 54
split_gain=397.613 650.552 605.028 620.451 543.66 495.804 463.945 769.618 742.823 593.034 518.713 448.127 437.173 427.152 386.142 426.676 1269.55 1382.11 1157.66 1281.7 953.362 926.561 1400.25 1038.06 771.375 1868.24 1355.7 739.712 898.641 716.154
threshold=0.0079392073675990122 4.143491506576539 0.90000000596046459 456797.50000000006 1.3076950907707217 24.752058029174808 0.90000000596046459 0.96298784017562877 -0.14341481775045392 0.30504329502582556 2.5000000000000004 1.0001905560493471 3.5000000000000004 -17.248788833618161 373462.07812500006 4789.2297363281259 25.971328735351566 0.90000000596046459 0.79989895224571239 3.5238349437713627 1.0141812562942507 1692.5000000000002 -17.897026062011715 0.7057865858078004 0.90000000596046459 -147.49999999999997 0.45201864838600164 2.5000000000000004 10972.500000000002 17702.500000000004
decision_type=2 2 2 2 2 2 2 2 2 2 2 2 2 2 2 2 2 2 2 2 2 2 2 2 2 2 2 2 2 2
left_child=1 2 13 -4 -5 6 10 8 9 -8 -3 -12 -10 -1 15 -2 18 20 19 21 -18 22 -17 -23 25 -21 -26 28 -20 -29
right_child=14 5 3 4 -6 -7 7 -9 12 -11 11 -13 -14 -15 -16 16 17 -19 27 24 -22 23 -24 -25 26 -27 -28 29 -30 -31
leaf_value=-0.04465520515971183 0.00015755210912450708 -0.05672917929615158 0.039807395089928539 0.034250712945547476 -0.05238351321789321 0.016051012258812315 0.081065315970993507 0.046957935307174292 -0.08015704502356745 -0.074388370690298661 -0.035645874657825122 0.014892301181363005 -0.006776350203232865 0.044255567141761321 0.006727007409641524 0.028919587660937579 0.071453695359868175 -0.020397629083826488 -0.014598109934201065 -0.010162345347302157 -0.00078457188721411182 -0.012627825950835806 -0.010774877802965092 0.003924640343107369 -0.029598761286787768 -0.069478222842487808 0.025124541902869658 -0.01303786842382927 0.0085871299849506113 -0.040196192559984315
leaf_weight=141.91880878806114 2537610.044241339 817.06456543505192 570.84956234693527 254.70467653870583 620.29312580823898 3086.7175062596798 260.21181957423687 778.33516706526279 403.7780736386776 79.291768148541451 816.73719400167465 945.12183213233948 407.83425122499466 2514.096528634429 21440.688318409026 2413.6515923291445 1583.2893722355366 988.52323564887047 11181.564609274268 4031.635227933526 641.51939614117146 10496.217991150916 27800.406886190176 96963.542120754719 2273.3528388291597 1978.6632479280233 2251.8291470110416 6911.1163631752133 6672.2369632869959 3742.6102585047483
leaf_count=489 7365950 3006 1280 551 2428 8390 522 1848 1709 313 2732 2525 1295 5371 61981 6222 2894 3253 37191 12171 1871 33188 88490 277366 7775 7925 6045 23177 18982 13404
internal_value=8.27451e-05 0.00928131 0.0253241 -0.000700563 -0.027149 0.000614267 -0.00995481 0.00858462 -0.0173757 0.0446323 -0.0238252 -0.00853955 -0.0433432 0.0394879 4.3457e-05 -9.27515e-06 -0.00236211 0.028779 -0.00292855 -0.00115362 0.0506307 0.000132652 -0.00760287 0.00230772 -0.017961 -0.029699 -0.00236661 -0.0121558 -0.00593316 -0.0225818
internal_weight=2.75068e+06 11697 4101.86 1445.85 874.998 7595.09 4508.37 1929.45 1151.12 339.504 2578.92 1761.86 811.612 2656.02 2.73898e+06 2.71754e+06 179930 3213.33 176717 148209 2224.81 137674 30214.1 107460 10535.5 6010.3 4525.18 28507.5 17853.8 10653.7
internal_count=8000344 32459 10119 4259 2979 22340 13950 5687 3839 835 8263 5257 3004 5860 7967885 7905904 539954 8018 531936 439182 4765 405266 94712 310554 33916 20096 13820 92754 56173 36581
is_linear=0
shrinkage=0.05


Tree=131
num_leaves=31
num_cat=0
split_feature=54 55 54 55 6 64 55 49 37 85 25 104 79 62 37 105 62 36 48 37 79 54 22 25 87 28 44 86 54 50
split_gain=377.029 1621.07 1296.69 1577.64 1448.76 1153.14 1111.37 1137.51 1301.99 1067.12 1116.84 1113 796.767 832.702 777.121 776.04 749.549 692.07 629.203 610.932 602.877 602.336 669.223 629.68 1093.22 1308.44 1197.48 1562.85 782.139 595.452
threshold=797.50000000000011 8387.5000000000018 1372.5000000000002 6127.5000000000009 -0.0076158472802489987 7.5411891937255868 14952.500000000002 -0.50938662886619557 4.8651540279388437 0.90000000596046459 5.3894152641296396 8.4806432723999041 4.6936223506927499 57.432247161865241 28.87428188323975 0.95226702094078075 25.68000411987305 -23.899790763854977 -0.77296444773674 23.196110725402836 2.9327796697616582 157.50000000000003 3.5000000000000004 1.1048839092254641 1.0000000180025095e-35 0.92499998211860668 0.99936750531196605 6.0000000000000009 467.50000000000006 -97.499999999999986
decision_type=2 2 2 2 2 2 2 2 2 2 2 2 2 2 2 8 2 2 2 2 2 2 2 2 2 2 2 2 2 2
left_child=1 5 3 15 -5 21 7 9 -9 10 14 -11 13 20 -3 -2 17 -8 -7 -17 -6 22 -1 24 25 28 27 -26 -23 -19
right_child=2 6 -4 4 12 18 16 8 -10 11 -12 -13 -14 -15 -16 19 -18 29 -20 -21 -22 23 -24 -25 26 -27 -28 -29 -30 -31
leaf_value=0.021985886509399998 -0.029048684995843361 -0.054558425085090526 0.0001097923948175795 0.028485567421497729 -0.0198267737517593 0.048274122555895388 -0.035118415383323977 0.038837211161423392 -0.012254545657174118 -0.018757892607289557 0.087315949830558334 0.054270123101579262 -0.0057170555863929363 0.035222864510551677 0.016117077546380094 0.003002050489351666 0.014339694776630801 0.010805869807306162 -0.00073336000437920811 0.054980672035052115 -0.041353329079386353 0.0052873501241891135 -0.066779872161454187 0.057847839715207676 0.027635317716592424 -0.044826371168431828 0.036445256161996946 -0.060444803972000929 0.071498784755753469 -0.013954012126132299
leaf_weight=575.46573559939861 563.06447139382362 3752.9985437840223 2666681.0103833079 1826.9697113186121 10070.450704529881 710.4231192022562 1545.1287785321474 1789.3790183961391 4107.0419339835644 2731.7089968919754 159.19468432664871 643.85492363572121 8858.8986666947603 560.96122570335865 433.34185700118542 890.12043927609921 10762.456269234419 6011.7117807716131 8247.8641106635332 1549.7421797215939 4807.5492960140109 557.24709932506084 335.15433312952518 1858.0592395812273 944.54144160449505 344.62081761658192 1840.4252584576607 1076.6514158993959 2240.3791245520115 4072.1446616202593
leaf_count=1433 1851 13748 7748007 5013 34437 1528 5526 4226 12760 8927 283 1388 23650 1536 1157 2625 29491 16552 23750 3457 22944 1565 1262 3762 2614 1202 4298 3931 4562 12859
internal_value=7.86012e-05 0.00418666 -4.81476e-06 -0.0104971 -0.0144425 0.0161164 -0.00201899 -0.0132824 0.00325331 -0.0259098 -0.0422899 -0.0048151 -0.0176715 -0.0245299 -0.0472393 0.0238191 0.004831 -0.0039692 0.0031575 0.0360287 -0.0267853 0.0279935 -0.0107163 0.0319725 0.0251001 0.0469943 0.00727567 -0.0192875 0.0583188 0.000806246
internal_weight=2.75055e+06 54739.8 2.69581e+06 29127.8 26124.8 18730.8 36009 13617.5 5896.42 7721.1 4345.54 3375.56 24297.9 15439 4186.34 3002.93 22391.4 11629 8958.29 2439.86 14878 9772.54 910.62 8861.92 7003.87 3142.25 3861.62 2021.19 2797.63 10083.9
internal_count=8000344 156824 7843520 95513 87580 49907 106917 42489 16986 25503 15188 10315 82567 58917 14905 7933 64428 34937 25278 6082 57381 24629 2695 21934 18172 7329 10843 6545 6127 29411
is_linear=0
shrinkage=0.05


Tree=132
num_leaves=31
num_cat=0
split_feature=13 39 85 8 77 62 85 49 26 25 8 54 29 36 25 30 48 13 40 81 94 55 54 87 100 13 49 87 25 48
split_gain=359.83 593.083 550.393 597.689 496.711 447.791 418.978 695.291 671.972 535.052 488.175 398.992 394.134 388.513 379.217 369.574 799.146 848.363 1338.55 1881.58 1112.41 1122.5 1486.65 2419.16 1346.45 1053.16 1122.57 1963.6 1052.38 970.946
threshold=0.0079392073675990122 4.143491506576539 0.90000000596046459 0.0001811857437132858 1.3076950907707217 24.752058029174808 0.90000000596046459 0.96298784017562877 -0.14341481775045392 0.30504329502582556 -0.00049684522673487652 508997.50000000006 0.26749999821186071 -17.248788833618161 1.0949082374572756 0.3275000005960465 -0.91959547996520985 0.02443549316376448 0.81174489855766307 1.0000000180025095e-35 4702.7299804687509 14952.500000000002 1837.5000000000002 1.0000000180025095e-35 236430.97656250003 0.045782815665006645 -0.91959547996520985 1.0000000180025095e-35 3.8669574260711674 -0.61734244227409352
decision_type=2 2 2 2 2 2 2 2 2 2 2 2 2 2 2 2 2 2 2 2 2 2 2 2 2 2 2 2 2 2
left_child=1 2 13 12 -5 6 10 8 9 -8 -3 -10 -4 -1 -9 16 -2 20 25 -20 21 22 23 -18 -24 26 27 -19 -28 -22
right_child=15 5 3 4 -6 -7 7 14 11 -11 -12 -13 -14 -15 -16 -17 17 18 19 -21 29 -23 24 -25 -26 -27 28 -29 -30 -31
leaf_value=-0.0424498579013095 -0.0047125767293376801 0.003231438717756305 0.041930587896011492 0.030170228893202457 -0.076819459290336248 0.01524478767566779 0.076886123681334614 0.057175291956609524 -0.077316942348432199 -0.070817370625359671 -0.040940345537722508 -0.0070669801385331507 -0.033448124205042611 0.042367315077858028 -0.052020990095621812 0.00044828997714665693 0.065832113970721334 -0.0038247916509345811 -0.0045920012339675303 -0.056213292054982412 -0.036375710222360504 0.010302324199643137 -0.00016437634577140894 -0.0094833768055464594 -0.0065574375126155205 -0.0058282291544694892 0.0026935162054190576 0.026189852658437353 0.026929012553993999 -0.007428393169953214
leaf_weight=141.89750166237354 113361.31268690526 1066.6625527739525 697.23346570134163 155.53612208366394 353.7835126966238 3086.4094697386026 260.65905332565308 689.03181678056717 393.87510861456394 79.18423829972744 1510.2002478539944 414.87106069922447 229.81179454922676 2495.0481156557798 89.027774304151535 1825029.3564826921 2138.8346069902182 8503.2130020856857 12246.476238116622 2061.6518755555153 3260.2252129763365 22445.811038091779 452282.21335524321 2124.3505159467459 100694.88685892522 24196.365649431944 124628.41296845675 15168.080859750509 4645.3529222607613 25943.379353769124
leaf_count=489 340980 3022 1588 345 1506 8390 522 1506 1682 313 5241 1322 820 5371 342 5269262 4333 25581 36814 8034 11478 63907 1330493 6567 303688 73797 363151 37272 11972 80556
internal_value=7.46403e-05 0.00883794 0.0242263 -0.000674449 -0.044142 0.000576661 -0.00947595 0.00815733 -0.0165581 0.0423494 -0.0226598 -0.0413395 0.0232231 0.0377869 0.0446236 3.73156e-05 -0.000783561 -0.000227037 0.00267607 -0.0120338 -0.00113986 -0.000660154 -0.00110175 0.0283077 -0.00132855 0.00386432 0.00539777 0.0154081 0.00356464 -0.0106613
internal_weight=2.75039e+06 11663.2 4073.31 1436.36 509.32 7589.92 4503.51 1926.65 1148.59 339.843 2576.86 808.746 927.045 2636.95 778.06 2.73873e+06 913701 800339 191450 14308.1 608890 579686 557240 4263.19 552977 177141 152945 23671.3 129274 29203.6
internal_count=8000344 32459 10119 4259 1851 22340 13950 5687 3839 835 8263 3004 2408 5860 1848 7967885 2698623 2357643 556621 44848 1801022 1708988 1645081 10900 1634181 511773 437976 62853 375123 92034
is_linear=0
shrinkage=0.05


Tree=133
num_leaves=31
num_cat=0
split_feature=22 36 37 48 25 25 35 50 46 46 54 25 87 25 25 54 49 54 55 90 55 48 7 21 99 42 13 87 90 30
split_gain=357.855 1647.72 2168.29 1746.72 2344.45 1444.49 1780.93 2788.43 1482.22 1519.79 1504.34 1390.75 1338.34 2507.67 1338.27 1318.56 2470.92 2280.3 1241.38 3213.69 1826.57 1620.54 1981.16 1699.98 1357.89 1348.82 1554.4 2607.15 2616.24 1294.82
threshold=1.5000000000000002 -0.76068884134292591 -2.6569139957427974 0.11969653144478799 0.84810942411422741 0.94197481870651256 3.3540630340576176 -422.49999999999994 0.055842125788331039 0.16242547333240512 518007.50000000006 3.3515976667404179 1.0000000180025095e-35 1.0516790151596072 0.84810942411422741 21332.500000000004 -0.39271505177021021 10972.500000000002 -397617.49999999994 2711.519409179688 -711117.49999999988 -0.3317298144102096 0.0066238858271390208 3.5000000000000004 182228.86718750003 1.0050737857818606 0.035556018352508552 1.0000000180025095e-35 4213.9196777343759 0.19249999523162845
decision_type=2 2 2 2 2 2 2 2 2 2 2 2 2 2 2 2 2 2 2 2 2 2 2 2 2 2 2 2 2 2
left_child=1 2 3 14 -5 6 -4 -8 10 15 12 -6 13 -7 -1 17 -17 -10 19 20 -3 22 -21 -23 29 26 27 -26 -29 -20
right_child=-2 18 5 4 11 8 7 -9 9 -11 -12 -13 -14 -15 -16 16 -18 -19 24 21 -22 23 -24 -25 25 -27 -28 28 -30 -31
leaf_value=-0.054635672840528039 -0.00030533577975554123 0.011733495321616608 0.0033350036368769266 0.018392007237718704 -0.03457745907793263 0.042738467480064553 -0.033918053142493833 -0.0019621208049901899 0.0067841773399211561 -0.0017527750277179987 0.014266431737338338 0.028772995546537724 -0.026312955260238781 -0.019561598424870479 -0.00071876384062123373 0.021552700610805518 0.0066022719118644935 -0.03054032690771883 -0.0015454793664973351 0.013396802819873307 -0.015111969363939718 0.026500002552411406 0.058181115746955642 -0.0069765429276067471 0.0013387936797891321 0.0025583895075937755 0.0070540283127025335 -0.033336864576351342 -0.0037753609213368416 -0.021935331655303095
leaf_weight=1165.2193358689547 1916311.753007181 8125.0436120927334 203964.81471824646 3200.4852987378836 11235.075962252915 2516.9016442000866 8172.9366336166859 41413.954094640911 49417.352869451046 32169.855431079865 6923.8960927054286 937.89036622643471 9053.5271372795105 4504.4106332361698 87565.262510575354 49540.183383628726 62513.675785779953 4460.4941108673811 12640.980895698071 29197.485756680369 28767.562603794038 4762.9279330223799 2696.9212845414877 18592.947570621967 22640.715693935752 62489.550246194005 14231.109069213271 17951.539541259408 12837.075126811862 20275.119800701737
leaf_count=4203 5598559 22389 575783 8861 39577 5776 27668 120201 139117 92086 18925 2326 29423 14644 259040 125346 174442 14420 37864 77909 89537 12130 5492 54908 66565 181247 39979 59436 37953 64538
internal_value=7.09117e-05 0.000935471 0.00241131 -0.00412349 -0.0196826 0.00384458 0.00126882 -0.00722979 0.00679835 0.00819325 -0.00521635 -0.0296941 -0.0136088 0.00277305 -0.00142747 0.0101216 0.0132122 0.00369352 -0.00241137 0.0022276 -0.00919936 0.00985791 0.0171855 -0.000148666 -0.00503271 -0.00273804 -0.00762973 -0.011541 -0.0210121 -0.0141053
internal_weight=2.75028e+06 833965 578756 104104 15373.5 474652 253552 49586.9 221100 198102 22998.7 12173 16074.8 7021.31 88730.5 165932 112054 53877.8 255209 92142.9 36892.6 55250.3 31894.4 23355.9 163066 130150 67660.4 53429.3 30788.6 32916.1
internal_count=8000344 2401785 1651838 314007 50764 1337831 723652 147869 614179 545411 68768 41903 49843 20420 263243 453325 299788 153537 749947 262365 111926 150439 83401 67038 487582 385180 203933 163954 97389 102402
is_linear=0
shrinkage=0.05


Tree=134
num_leaves=31
num_cat=0
split_feature=54 25 13 85 28 62 29 49 85 13 54 85 54 37 14 8 54 22 25 41 85 39 35 48 13 85 13 13 48 35
split_gain=364.121 1537.13 1502.85 975.524 1240.3 923.186 814.287 1070.45 1044.24 1732.95 1333.39 982.047 1702.62 1314.93 1565.54 888.147 808.788 1188.15 1169.32 1454.61 1455.53 1195.9 1035.43 1005.24 1170.48 1059.45 1315.59 1090.86 1005.25 943.467
threshold=740567.50000000012 2.0182205438613896 0.021295764483511451 0.90000000596046459 1.0000000180025095e-35 48.122310638427741 0.80250000953674328 0.74455857276916515 0.90000000596046459 0.014447816181927921 760522.50000000012 0.90000000596046459 746967.50000000012 25.067966461181644 35.390954971313484 -0.0021090225782245393 708982.50000000012 1.5000000000000002 0.38471619784832006 1.0044328570365908 0.90000000596046459 6.7938005924224862 4.5326879024505624 0.81279832124710094 0.015618341043591501 0.90000000596046459 0.022393065504729751 0.022393065504729751 -0.39271505177021021 -1.0000000180025095e-35
decision_type=2 2 2 2 2 2 2 2 2 2 2 2 2 2 2 2 2 2 2 2 2 2 2 2 2 2 2 2 2 2
left_child=16 2 6 -3 -5 -4 7 11 10 -10 -9 12 -2 14 -13 -11 -1 23 29 21 -21 22 -20 24 -18 27 -27 -25 -26 -19
right_child=1 3 5 4 -6 -7 -8 8 9 15 -12 13 -14 -15 -16 -17 17 18 19 20 -22 -23 -24 25 28 26 -28 -29 -30 -31
leaf_value=-6.2876199873986141e-06 -0.053892618618037048 0.03039570451805057 -0.020773265635075554 0.027466834230620171 -0.043880248409335472 0.020029909522531014 -0.024367762281533926 -0.047268469948255433 -0.055291291470175356 -0.0064755426555471356 0.01542437700325499 0.058077219990206409 0.020595011371090433 0.043712574606134036 -0.022763767914302652 0.054883806155215091 -0.0085169943488328983 0.027471642611442249 0.0038807751654252268 0.040717829842997343 -0.017870454802058955 -0.024324546475344561 -0.016226789794901341 0.055252152945266232 0.0062232845866291176 -0.019351083113235617 0.09341650122356826 -0.057330773862670548 0.03053985067680124 0.0016669827969731489
leaf_weight=2603277.0213166848 814.64925749599934 4917.9765668213367 18286.922130219638 1214.2025595605373 1220.3549518361688 1499.0423278659582 3133.6303663924336 3090.6805418282747 816.8301761969924 1021.9583855122328 1168.0337094217539 664.96203991770744 12910.597069017589 1130.243232473731 5945.6465010195971 1392.3826617971063 7121.5531290099025 6287.5902728736401 20724.58941283077 3337.3553513288498 1552.5131986290216 7784.3791398704052 9263.0566724091768 3366.1184116899967 11247.781089656055 1449.7843190133572 313.74754698574543 229.01240012049675 6832.0603803396225 8112.0235325098038
leaf_count=7563172 2975 11733 63566 3387 4635 4221 10842 11571 3374 3448 3286 1545 33780 2866 20936 3417 21589 16328 59587 7660 5399 25961 29789 6892 31855 4651 548 808 16537 23986
internal_value=6.73852e-05 -0.00381052 -0.00684314 0.0175834 -0.00829814 -0.0176808 -0.000160314 0.00246001 -0.0138136 0.00761749 -0.030073 0.00813877 0.0161699 -0.00610078 -0.0146237 0.0289172 0.000152743 0.00487762 0.000616524 -0.00354176 0.0221154 -0.0068639 -0.00233053 0.0128335 0.00865086 0.0324978 0.000749982 0.0480652 0.0154136 0.0129361
internal_weight=2.75013e+06 59228.1 51875.6 7352.53 2434.56 19786 32089.6 28956 7489.89 3231.17 4258.71 21466.1 13725.2 7740.85 6610.61 2414.34 2.6909e+06 87621.6 57061.5 42661.9 4889.87 37772 29987.6 30560.1 25201.4 5358.66 1763.53 3595.13 18079.8 14399.6
internal_count=8000344 185582 165827 19755 8022 67787 98040 87198 25096 10239 14857 62102 36755 25347 22481 6865 7814762 251590 168710 128396 13059 115337 89376 82880 69981 12899 5199 7700 48392 40314
is_linear=0
shrinkage=0.05


Tree=135
num_leaves=31
num_cat=0
split_feature=79 77 77 50 46 73 55 55 25 25 8 36 22 55 48 55 35 53 79 55 42 79 84 39 55 84 36 55 84 25
split_gain=373.451 546.367 1302.12 629.117 720.44 698.802 630.52 690.969 618.808 981.41 597.771 581.348 765.846 781.426 648.885 517.152 807.697 515.066 509.879 495.089 498.442 480.517 454.849 441.383 578.074 455.077 434.894 432.389 733.66 431.882
threshold=5.5255424976348886 0.83046793937683117 1.2333478927612307 -207.49999999999997 0.12860500067472461 5.9165215492248544 12122.500000000002 27067.500000000004 1.4970517158508303 1.6587076187133791 -0.0082238414324820024 -7.049349069595336 1.5000000000000002 4067.5000000000005 -0.52803644537925709 2837.5000000000005 -6.0443284511566153 0.87837970256805431 3.0807517766952519 1.0000000180025095e-35 1.009995222091675 4.6936223506927499 -1.0000000180025095e-35 -18.079672813415524 -635852.49999999988 -1.0000000180025095e-35 10.731020450592043 10142.500000000002 -1.0000000180025095e-35 1.8096618056297304
decision_type=2 2 2 2 2 2 2 2 2 2 2 2 2 2 2 2 2 2 2 2 2 2 2 2 2 2 2 2 2 2
left_child=1 -1 3 5 8 19 27 -8 23 10 -10 15 14 -14 -13 17 -17 -7 -4 20 -3 -20 -22 24 -5 -25 29 -6 -29 -21
right_child=-2 2 18 4 6 11 7 -9 9 -11 -12 12 13 -15 -16 16 -18 -19 21 26 22 -23 -24 25 -26 -27 -28 28 -30 -31
leaf_value=-0.0022278783456192316 0.00088520594613321628 0.0045444253127426932 -0.0001505076857903832 0.056629755697004638 -0.0068136072939172457 0.026635934409580338 -0.039897693002578248 0.0095100861572537249 -0.015746882553331159 0.00080976681803103046 0.060543441874107887 -0.00094010931539251739 -0.00024768154678694469 0.01999684274014403 -0.036572541843920572 -0.0050639708663285732 0.021199832693251659 -0.0018515205673719174 -0.0028304949704836282 -0.009281607142533798 -0.040558140403708746 0.011914605506252243 -0.00055616244438919072 -0.002925768381338725 -0.0014601290088074922 0.0034443751443830636 -0.035326618076969948 -0.023567929233121204 0.042788232676768491 0.0064684006141090301
leaf_weight=323786.86154008657 887648.42451569438 119102.47419840842 912428.97839080542 817.83305318653584 16418.513847053051 10634.138471350074 2706.5870276615024 957.35367863625288 307.32015438377857 2748.271789200604 1545.7714270353317 5100.7003267705441 9728.8961953669786 9343.4268326312304 1703.8251311331987 5993.2979120537639 5720.3275931328535 1864.4149486273527 287595.45306617767 10526.82003043592 1162.5393538326025 5632.4037167876959 1826.3838810622692 49192.710617475212 897.4640394449234 65188.157549113035 1087.0131588876247 649.3385214060545 1158.0706232637167 7419.1273966357112
leaf_count=952146 2276301 334602 2716714 1708 49316 25902 10136 2812 955 7869 3094 14571 27642 24202 5775 18392 14702 5319 1092183 32237 4734 13989 4760 164822 2654 166373 3699 2374 2415 21181
internal_value=4.11625e-05 -0.000360937 3.17261e-05 0.00279535 0.000281628 0.0046698 -0.00806369 -0.0269875 0.00179524 0.0197764 0.0478869 0.0097434 0.00453238 0.00967027 -0.00986712 0.0153121 0.0077622 0.0223862 -0.000733416 0.00286894 0.00403825 -0.00254721 -0.0161249 0.00108237 0.0262504 0.00070467 -0.00463144 -0.00425791 0.0189462 -0.00277004
internal_weight=2.75089e+06 1.86324e+06 1.53946e+06 333801 142587 191213 21889.9 3663.94 120698 4601.36 1853.09 50089 25876.8 19072.3 6804.53 24212.2 11713.6 12498.6 1.20566e+06 141124 122091 293228 2988.92 116096 1715.3 114381 19033 18225.9 1807.41 17945.9
internal_count=8003579 5727278 4775132 952246 414528 537718 67053 12948 347475 11918 4049 136505 72190 51844 20346 64315 33094 31221 3822886 401213 344096 1106172 9494 335557 4362 331195 57117 54105 4789 53418
is_linear=0
shrinkage=0.05


Tree=136
num_leaves=31
num_cat=0
split_feature=47 49 63 13 39 85 7 77 54 85 22 42 86 26 85 62 48 86 48 77 73 31 36 22 62 85 37 37 63 36
split_gain=372.149 613.628 524.336 369.872 487.794 473.147 569.401 418.391 416.298 1047.81 1027.67 1018.79 551.457 714.097 474.753 1080.82 594.22 574.247 431.691 575.15 422.751 394.591 1140.34 970.032 1361.92 931.59 1082.39 903.198 875.595 1109.11
threshold=0.38927224278450018 -0.99275061488151539 0.33935187757015234 0.0079392073675990122 4.143491506576539 0.90000000596046459 -0.00044911119039170439 1.3076950907707217 494947.50000000006 0.90000000596046459 2.5000000000000004 1.0016308426856997 6.0000000000000009 0.66774126887321483 0.90000000596046459 24.752058029174808 0.86046862602233898 6.0000000000000009 0.82531082630157482 1.3076950907707217 1.2474632859230044 304.56652832031256 6.4840407371521005 3.5000000000000004 44.195577621459968 0.90000000596046459 16.977305412292484 20.075630187988285 -0.16527961939573285 -6.9590890407562247
decision_type=2 2 2 2 2 2 2 2 2 2 2 2 2 2 2 2 2 2 2 2 2 2 2 2 2 2 2 2 2 2
left_child=3 2 -2 4 5 -1 7 -7 9 12 11 -11 -6 -14 15 16 20 -17 -16 -20 -10 22 23 -5 28 -26 -27 -24 29 -25
right_child=1 -3 -4 21 8 6 -8 -9 14 10 -12 -13 13 -15 18 17 -18 -19 19 -21 -22 -23 27 24 25 26 -28 -29 -30 -31
leaf_value=0.035759744589762575 0.039546244552543526 -0.0041977039137948893 0.0019036945527511025 0.0003593051232053451 -0.0037148420795249 0.027835363772244017 0.023303585004165225 -0.072996198205331056 -0.0059113519834580568 0.058433597004043651 -0.07635306400503454 -0.031421785705174267 -0.078111546772787366 0.0077728844104887401 0.013244047664330731 0.0016674977680742537 0.031605735421506076 0.077967269057319419 0.034772740248590769 -0.081869682947014702 -0.094049244768612567 -0.00038341261704206249 -0.018787799585294432 0.0037649164922518123 0.038116590860101961 -0.011237950893931491 0.089983993712037941 -0.0027203460584925322 0.0056921865989660878 -0.0083981188267626978
leaf_weight=2606.5374550819397 1477.3095965534449 79718.075677514076 2473.2239359244704 757248.11529779434 908.94902986288071 144.9779294282198 903.15985375642776 349.09922040998936 297.32073657214642 1128.1683106869459 246.2341144233942 436.93442548811436 900.58707179129124 330.4721967279911 753.82599179446697 333.89739780128002 440.98608136177063 944.14006233215332 150.73770000040531 348.56850089132786 250.25080959498882 1621000.1167171374 11759.866213724017 49485.860120333731 4824.5331032723188 2239.3601520955563 298.39760528504848 34129.55646918714 143915.11225110292 30167.488084927201
leaf_count=5849 3476 236821 7080 2185994 2915 327 2343 1497 908 2382 1043 1578 3422 884 2161 1048 1067 1599 323 1545 1042 4745799 37017 140085 11040 6867 565 100669 405498 90735
internal_value=3.91148e-05 -0.00324437 0.0159879 0.000142144 0.00909923 0.0231792 -0.000294941 -0.0434025 0.00155097 -0.00958661 0.0183926 0.0333412 -0.0332685 -0.0550646 0.0140549 0.0277053 -0.0115447 0.0580541 -0.0106335 -0.0466469 -0.0462992 0.000103428 0.000866601 0.00122442 0.00406118 0.0252193 0.000692833 -0.00683831 0.00336429 -0.000841632
internal_weight=2.75021e+06 83668.6 3950.53 2.66654e+06 11474.8 4003.77 1397.24 494.077 7471.07 3951.35 1811.34 1565.1 2140.01 1231.06 3519.73 2266.6 988.558 1278.04 1253.13 499.306 547.572 2.65507e+06 1.03407e+06 988179 230931 7362.29 2537.76 45889.4 223568 79653.3
internal_count=8003579 247377 10556 7756202 31933 10016 4167 1824 21917 12224 5003 3960 7221 4306 9693 5664 3017 2647 4029 1868 1950 7724269 2978470 2840784 654790 18472 7432 137686 636318 230820
is_linear=0
shrinkage=0.05


Tree=137
num_leaves=31
num_cat=0
split_feature=65 97 39 44 97 13 51 39 55 13 90 36 85 30 63 33 25 25 37 55 85 24 90 90 53 31 77 7 90 53
split_gain=357.203 676.75 612.691 639.6 664.746 647.482 620.105 760.401 696.255 832.28 702.597 613.462 1767.86 563.372 491.627 486.688 484.198 1399.69 1159.74 1036.12 1334.4 1032.67 959.176 2105.96 953.387 860.603 1052.68 765.311 982.061 1232.75
threshold=0.52828064560890209 -5.28194236755371 -3.0539635419845577 1.0128794908523562 -4.4906537532806388 0.036370022222399719 297.50000000000006 -10.625226020812987 8177.5000000000009 0.013020739424973728 4523.2231445312509 -7.239299774169921 0.90000000596046459 0.19249999523162845 0.5501629412174226 0.30000000447034841 2.9390091896057133 3.0152827501297002 30.058198928833011 10792.500000000002 0.90000000596046459 82.903930664062514 3011.900024414063 3050.2248535156255 0.6078576147556306 109.5606155395508 1.3076950907707217 0.013654257170856001 3418.1203613281255 1.0000000180025095e-35
decision_type=2 2 2 2 2 2 2 2 2 2 2 2 2 2 2 2 2 2 2 2 2 2 2 2 2 2 2 2 2 2
left_child=16 -2 6 15 5 -5 7 -3 9 11 13 12 -8 -11 -13 -4 27 19 21 20 25 22 -19 -24 -25 -18 -27 -1 -29 -30
right_child=1 2 3 4 -6 -7 8 -9 -10 10 -12 14 -14 -15 -16 -17 17 18 -20 -21 -22 -23 23 24 -26 26 -28 28 29 -31
leaf_value=0.00034360859737630014 0.0062664792293909994 -0.0096834449304957666 -0.0019410100253630176 0.1081933038289284 0.0058564578146021616 0.020512367711330661 0.029014699907240718 0.00050716058797353237 0.017282981044901419 -0.017977937506977099 0.018871222952687925 0.0062368557995944969 -0.0066122999397082959 -0.00060579739223348759 -0.018199760008052106 -0.032269082220039727 0.055150457396571512 -0.017820190787346781 0.019318105416733806 0.044486715377846348 0.03852874041659364 -0.01394141699720939 0.055506314848684825 -0.0031750773916378768 0.0083330782883610077 0.0017895145832864492 -0.078626521921297987 -0.046260863461519523 0.015328785422317297 -0.019029597933951009
leaf_weight=1663995.8161244988 33306.29185795784 21083.366785898805 659986.56781728566 310.7327848225832 12906.605326443911 651.25758042931557 9955.8252285122871 138888.23224128783 9228.0091551691294 5168.5879461616278 4231.8063484877348 13936.658261448145 5353.7656315118074 48003.375496417284 2413.793401747942 1324.5044154822826 303.41588199138641 5427.6048849970102 8984.3592477142811 3506.8981290012598 1714.6045189797878 10908.736967332661 1928.4229664206505 36028.514729291201 35956.612881712615 855.96019493043423 774.54091674089432 1786.0490076541901 4136.9718079864979 7071.8969758152962
leaf_count=4834208 93446 64134 1944454 483 36947 1652 23948 399596 24956 16379 11208 39110 16388 139446 7606 4559 648 17785 23931 7578 4155 34485 3934 106917 99376 2458 3071 6489 11131 23101
internal_value=3.71731e-05 -0.00073678 -0.000986676 -0.00177894 0.00884738 0.0489223 0.00108452 -0.000835925 0.00421011 0.00285538 -0.000734107 0.00936357 0.016556 -0.00229486 0.00262812 -0.00200181 0.000456727 0.00372767 0.00218748 0.0250836 0.00642528 0.000481882 0.00246518 0.00395506 0.00257322 -0.0220402 -0.0364324 0.00024921 -0.0118372 -0.00634792
internal_weight=2.75013e+06 966749 933443 675180 13868.6 961.99 258263 159972 98291.8 89063.8 57403.8 31660 15309.6 53172 16350.5 661311 1.78338e+06 106390 99234.3 7155.42 3648.52 90249.9 79341.2 73913.6 71985.1 1933.92 1630.5 1.67699e+06 12994.9 11208.9
internal_count=8003579 2824312 2730866 1988095 39082 2135 742771 463730 279041 254085 167033 87052 40336 155825 46716 1949013 5179267 304338 286428 17910 10332 262497 228012 210227 206293 6177 5529 4874929 40721 34232
is_linear=0
shrinkage=0.05


Tree=138
num_leaves=31
num_cat=0
split_feature=86 104 77 42 39 39 30 22 44 37 50 54 104 37 54 53 54 54 49 77 25 54 49 25 25 54 36 77 42 25
split_gain=358.691 580.207 846.841 835.642 1338.41 674.876 879.32 620.721 672.056 664.944 608.419 581.258 572.449 883.844 1094.07 931.251 843.789 726.52 618.954 594.15 592.767 927.289 1176.09 890.029 825.682 816.433 678.179 1058.69 1228.72 660.056
threshold=6.0000000000000009 7.7326049804687509 1.0658904910087588 1.0008082985877993 5.3765156269073495 -0.059617362916469567 0.90749999880790722 1.5000000000000002 1.0010462403297427 4.2311258316040048 232.50000000000003 577972.50000000012 7.7587745189666757 16.843877792358402 503947.50000000006 0.6078576147556306 604575.00000000012 485887.50000000006 0.24825246632099154 1.3076950907707217 1.2068288922309878 456797.50000000006 -0.52803644537925709 1.2196102738380434 1.5800667405128481 436902.50000000006 -9.9370775222778303 1.3076950907707217 0.99781545996665966 0.44524331390857702
decision_type=2 2 2 2 2 2 2 2 2 2 2 2 2 2 2 2 2 2 2 2 2 2 2 2 2 2 2 2 2 2
left_child=1 2 3 4 -1 -5 -7 9 -9 11 -10 -6 13 15 -15 16 -3 20 -18 -20 26 23 -23 -22 -24 -25 27 28 -14 -28
right_child=-2 12 -4 5 7 6 -8 8 10 -11 -12 -13 17 14 -16 -17 18 -19 19 -21 21 22 24 25 -26 -27 29 -29 -30 -31
leaf_value=0.0050437601261589457 0.00034285756426844709 -0.011153310755646427 -0.0014857291802964851 -0.033129007276994922 -0.038082388033813475 -0.018089783931976227 0.021119881501780121 -0.045526227944722553 -0.026932049576246255 -0.029500113054803562 0.084001794792691487 0.048827876269108263 0.00036425763076591703 0.054875009140142511 0.010987977109767004 -0.016614367581455701 0.032818994719545441 -0.01359365371889177 -0.026015577958424609 0.030552368508249862 -0.025666251372955112 0.052341868853295261 0.018491138089320198 -0.0019204061044727138 -0.024602402864482467 -0.027415045308245074 -0.0077028069421064584 -0.0027881756349399309 0.01507173098587717 0.00093728948403194322
leaf_weight=13327.948695644736 2131768.5320010409 3255.2854649573565 87922.555857397616 5596.226221807301 257.00374573469162 8574.5876676887274 1715.0254942625761 3059.5558340400457 318.86925132572651 1087.7430325448513 200.45429110527039 756.32019227743149 24741.916865773499 1661.3231289833784 9755.3111375719309 5862.4501246958971 3686.0786553621292 10616.798093408346 1105.4340046942234 798.67021131515503 4151.5848966687918 1681.4130342751741 3299.9441879987717 212808.80868971348 1674.8477424681187 3186.3165367096663 27265.513135179877 29785.861100174487 33333.736855953932 116759.54107842594
leaf_count=40965 6103566 10242 272745 20387 943 30326 4846 12104 1161 3818 446 1811 75631 3641 28610 18723 9520 34593 3769 2067 14129 3740 9248 655618 5831 10571 87326 91661 94618 350923
internal_value=3.53357e-05 -0.00102502 -0.00410141 -0.0106918 -0.00361751 -0.0191554 -0.0115526 -0.0239393 -0.0366012 -0.00236201 0.015957 0.0267646 -0.000262367 0.00694109 0.017379 -0.00116136 0.00908048 -0.000663382 0.0208638 -0.00228213 -0.000364059 -0.00218153 0.0162033 -0.00273749 0.00397994 -0.00229665 0.00141355 0.0048755 0.00880612 -0.000698382
internal_weight=2.75002e+06 618247 122816 34893.7 19007.9 15885.8 10289.6 5679.95 3578.88 2101.07 519.324 1013.32 495431 26124.6 11416.6 14707.9 8845.47 469306 5590.18 1904.1 458689 226803 6656.2 220147 4974.79 215995 231887 87861.5 58075.7 144025
internal_count=8003579 1900013 389552 116807 61248 55559 35172 20283 13711 6572 1607 2754 1510461 76572 32251 44321 25598 1433889 15356 5836 1399296 699137 18819 680318 15079 666189 700159 261910 170249 438249
is_linear=0
shrinkage=0.05


Tree=139
num_leaves=31
num_cat=0
split_feature=100 38 42 85 50 42 42 85 30 46 6 42 77 49 7 77 37 37 37 8 54 36 22 87 7 13 37 86 39 26
split_gain=352.197 748.882 932.614 1623.71 1132.93 1441.24 908.459 778.551 1556.78 675.472 662.39 585.92 574.754 470.772 501.171 458.939 416.902 408.301 362.811 977.929 910.976 539.758 1616.1 1383.72 1373.87 1164.11 1170.31 1033.4 1509.71 1018.66
threshold=98819.734375000015 -15.421709537506102 1.0012871623039248 0.90000000596046459 167.50000000000003 0.99543711543083202 0.99382182955741893 0.90000000596046459 0.64249998331069957 0.10033870488405229 -4.8891186452237882e-05 0.98990070819854747 1.3076950907707217 0.71473535895347606 0.002898482722230256 1.3076950907707217 15.578872203826906 20.257360458374027 -16.805540084838864 0.00021839780674781653 659442.50000000012 -28.908246040344235 3.5000000000000004 1.0000000180025095e-35 -0.0011949746403843162 0.027691825293004516 16.223279953002933 6.0000000000000009 -18.079672813415524 0.44254365563392645
decision_type=2 2 2 2 2 2 2 2 2 2 2 2 2 2 2 2 2 2 2 2 2 2 2 2 2 2 2 2 2 2
left_child=1 -1 3 11 6 -6 -5 8 13 12 -7 -3 -9 14 -4 -13 -8 -14 19 -2 -21 22 29 25 -25 26 -24 -26 -29 -20
right_child=18 2 7 4 5 10 16 9 -10 -11 -12 15 17 -15 -16 -17 -18 -19 21 20 -22 -23 23 24 27 -27 -28 28 -30 -31
leaf_value=0.027953891360796863 -0.02175908866225754 0.0046212906102986243 0.048219759875948051 -0.062404016709110235 0.089787428675459524 -0.04079189250400525 -0.0061192875317754017 0.016742527811726259 -0.066484306500881052 0.051408952453426249 0.032401919103298246 -0.024836626934719552 -0.065101318296508018 -0.055068374503179668 0.00380077245210198 -0.05372218343984686 0.072893539611650571 0.011579030567496469 -0.0039321854758042696 -0.0039148836231308951 0.033659811258902543 -6.2528471074389481e-06 -0.018222056337730781 0.0092285636279855459 0.012563475832539008 0.035998141220333561 0.044844131496033605 -0.090963385546484352 0.057589941267102665 0.0085313689582731823
leaf_weight=1424.6345165520906 6969.7325138896704 823.02858203649521 2290.3189041540027 777.76153510063887 709.58380283415318 544.34311207383871 2068.9337045252323 432.22824783623219 457.27638927102089 282.98039234429598 712.54342347383499 2528.8541889861226 933.61463844776154 147.9739535599947 879.08835361897945 3023.4088735282421 180.59285691380501 212.73581585288048 49773.33688005805 11597.7991425246 1872.6453490257263 2613454.9552624524 5871.2978961542249 7465.7314816564322 2403.3105866909027 1698.8819940686226 839.95944322645664 176.34493701159954 4881.807393565774 24444.630497343838
leaf_count=3560 23062 2717 5050 3556 1314 2067 7264 1047 2069 878 1984 9346 4450 565 2633 11875 350 687 148566 35510 4523 7599446 19253 20280 6709 4140 1998 683 9388 68609
internal_value=3.35306e-05 -0.00685504 -0.00977296 -0.018017 0.00333223 0.0328727 -0.0158596 0.00685579 0.0199051 -0.0195979 0.000691317 -0.0347385 -0.0323545 0.0318312 0.0359061 -0.0405736 0.000251242 -0.0508692 8.00142e-05 -0.00655629 0.00131045 0.000130054 0.00378166 0.0152578 0.0243959 -0.000961898 -0.0103226 0.0395681 0.0523929 0.000172837
internal_weight=2.74988e+06 18429.9 17005.3 11369.1 4993.76 1966.47 3027.29 5636.22 3774.66 1861.56 1256.89 6375.29 1578.58 3317.38 3169.41 5552.26 2249.53 1146.35 2.73145e+06 20440.2 13470.4 2.71101e+06 97555.3 23337.3 14927.2 8410.14 6711.26 7461.46 5058.15 74218
internal_count=8003579 61412 57852 40473 16535 5365 11170 17379 10317 7062 4051 23938 6184 8248 7683 21221 7614 5137 7942167 63095 40033 7879072 279626 62451 37060 25391 21251 16780 10071 217175
is_linear=0
shrinkage=0.05


Tree=140
num_leaves=31
num_cat=0
split_feature=7 53 90 54 25 85 25 52 25 25 73 36 55 85 86 87 62 55 25 25 27 54 22 90 49 12 26 63 52 35
split_gain=361.565 2252.13 1235.56 1288.99 875.718 1040.54 1489.79 1199.12 1956.69 1289.11 1192.87 990.751 981.76 842.628 1089.93 826.312 1385.42 1295.53 1926.11 1241.17 2763.41 1347.24 1159.67 1007.58 918.425 881.052 793.299 715.15 699.369 544.511
threshold=-0.012556709349155424 1.0000000180025095e-35 3160.3850097656255 609495.00000000012 7.0031313896179208 0.90000000596046459 3.8669574260711674 992.50000000000011 4.781379461288453 2.0321861505508427 14.738152980804445 -13.928586483001707 2207.5000000000005 0.90000000596046459 6.0000000000000009 1.0000000180025095e-35 14.441554069519045 21282.500000000004 5.1571481227874765 5.3894152641296396 -0.51805335283279408 2307.5000000000005 2.5000000000000004 4567.8698730468759 0.78661888837814342 0.065922901034355177 -1.8434632420539854 -0.21012200415134427 947.50000000000011 -12.220856189727781
decision_type=2 2 2 2 2 2 2 2 2 2 2 2 2 2 2 2 2 2 2 2 2 2 2 2 2 2 2 2 2 2
left_child=1 4 3 -3 5 7 10 8 9 12 -7 -8 -1 14 -6 22 -17 19 -19 21 -21 -18 25 24 -24 27 -11 -4 -25 -27
right_child=-2 2 15 -5 13 6 11 -9 -10 26 -12 -13 -14 -15 -16 16 17 18 -20 20 -22 -23 23 28 -26 29 -28 -29 -30 -31
leaf_value=-0.044997500089496961 0.00011629433755184617 -0.05234851044904601 0.010610364867397431 -0.00013661274237530035 0.0032083241649831628 0.0063442808284603861 0.038198206286575248 0.069767068226443116 -0.052319090080149025 0.040975958325563527 -0.044300420539724265 -0.039016018768539079 0.069465863707690992 0.012953741601385408 -0.080906665494734478 0.051006133627668718 -0.058713673000927474 0.040256962748052703 -0.05674563955809369 0.062609295012353364 -0.039694263951560234 -0.017874714198020749 -0.04636936404142402 -0.010114055222141025 0.050705422528811175 0.027500804686096721 0.012013954069829174 0.043715703481001678 0.041403339186368938 -0.014440116613748012
leaf_weight=1047.7847569137812 2670285.6032688543 3149.2269652038813 5456.2316937446594 1892.3849790096283 723.14966388046741 2282.6722196638584 2539.9699721634388 1171.2249200642109 942.9487946331501 5666.7647207379341 2367.9615245908499 495.73668536543846 227.11001409590244 1306.8768383860588 822.42511448264122 835.4573960006237 2265.7405592054129 2178.9932167008519 667.75265341997147 1389.0956711620092 1255.9877875298262 18547.393081456423 2680.506058678031 2942.3623476177454 267.13717567920685 956.47179508209229 4059.6539540439844 2327.0723636597395 847.73258610069752 4034.4702603965998
leaf_count=3629 7771063 11351 15119 5546 2047 6396 5925 2145 3388 12808 8594 1672 427 3566 3124 1769 9220 5780 2858 2772 4240 56713 9653 9200 629 2321 10643 5333 2118 12414
internal_value=1.99092e-05 -0.0033958 -0.00924322 -0.0327555 0.00938279 0.0129455 -0.00166155 0.0215058 0.0167676 0.0226938 -0.0194454 0.0255786 -0.0245646 -0.0165923 -0.0415707 -0.00670155 -0.0123436 -0.0143577 0.0174897 -0.0182233 0.0140331 -0.0223233 0.00114628 -0.0156361 -0.0375558 0.00999903 0.0288907 0.0205133 0.00141543 -0.00639759
internal_weight=2.74563e+06 75348.3 51694 5041.61 23654.3 20801.8 7686.34 13115.5 11944.3 11001.3 4650.63 3035.71 1274.89 2852.45 1545.57 46652.4 27140.4 26305 2846.75 23458.2 2645.08 20813.1 19512 6737.74 2947.64 12774.2 9726.42 7783.3 3790.09 4990.94
internal_count=7992463 221400 157036 16897 64364 55627 22587 33040 30895 27507 14990 7597 4056 8737 5171 140139 83352 81583 8638 72945 7012 65933 56787 21600 10282 35187 23451 20452 11318 14735
is_linear=0
shrinkage=0.05


Tree=141
num_leaves=31
num_cat=0
split_feature=79 79 78 65 97 90 51 13 55 54 90 37 87 39 39 42 15 104 48 26 54 8 38 42 45 42 42 25 25 94
split_gain=338.816 523.312 436.686 421.053 631.6 632.595 642.099 557.621 837.225 861.381 902.21 780.626 1530.15 754.417 641.722 608.896 579.985 565.097 552.155 546.455 795.594 817.771 766.889 939.652 744.64 642.207 588.162 1507.33 1213.1 1035.59
threshold=5.5255424976348886 1.4529955387115481 1.0658904910087588 0.52828064560890209 -4.5847396850585929 4936.5703125000009 -252.49999999999997 0.011198687367141249 -435522.49999999994 627572.50000000012 2522.3779296875005 10.952057361602785 1.0000000180025095e-35 -10.996604442596434 -3.0539635419845577 1.0002300739288332 73.677661895751967 7.7003324031829843 0.47136868536472326 1.7804100513458254 263517.50000000006 -0.0097745819948613626 18.047953605651859 1.0167112350463869 1.0040706992149355 1.007299065589905 0.99532693624496471 2.9390091896057133 3.0152827501297002 2573.6850585937505
decision_type=2 2 2 2 2 2 2 2 2 2 2 2 2 2 2 2 2 2 2 2 2 2 2 2 2 2 2 2 2 2
left_child=1 -1 -2 19 5 6 -5 8 9 17 -11 12 -10 16 -15 -16 -9 -6 -13 26 22 -22 23 -21 -23 -26 27 29 -29 -3
right_child=2 3 -4 4 7 -7 -8 13 11 10 -12 18 -14 14 15 -17 -18 -19 -20 20 21 24 -24 -25 25 -27 -28 28 -30 -31
leaf_value=0.0012719492969397173 0.0032772052156574273 0.0091274128492745254 0.00032138370876795672 -0.0079313822247066811 -0.074102313648374676 -0.029926115177673331 0.0079205369336657998 -0.02249152765481922 0.030497011079500078 -0.013108109467078806 0.022622260899495955 0.0081335068536440343 -0.039591712172031196 0.00082803477202588306 -0.0014289653092186632 -0.0057743433697378457 -0.0014021829558107167 -0.010405354458635434 0.032930836512619542 0.00033677026796852401 -0.032925715462035293 -0.015168608978279161 0.018447180561407112 -0.034925037718565831 0.013689304932592137 -0.011681767686336525 0.00063688896457373355 0.037549873911337489 0.0032612817151437172 -0.0080094278832621834
leaf_weight=386971.68724855781 150550.09698970616 9837.5348718091846 734982.31145259738 7870.8101544156671 360.77769027650356 1342.3332141712308 33890.885615617037 8523.2751839905977 1443.163751706481 2771.0015854910016 4870.7489778399467 4117.7757940292358 1688.939501568675 105870.56819313765 157163.67398247868 165530.90034835786 5280.1491595134139 9326.1416788175702 4938.5366334915161 19961.698710560799 3682.4211274906993 13827.912154600024 5138.4254526719451 2085.7606745511293 5739.0321986451745 4409.8379093855619 775808.91093960404 2821.9529500156641 29923.50124450773 84806.393449194729
leaf_count=1045349 381711 31562 1890189 26179 1526 5205 101762 29631 4041 9256 13362 12257 6111 330450 500240 544189 16844 31318 12928 63724 14394 48387 15283 8166 16946 15228 2436127 6770 91574 281754
internal_value=1.89175e-05 -0.000364332 0.000823914 -0.000794194 -0.00194718 0.00384635 0.00493269 -0.00247641 0.00417733 -0.00288473 0.00966527 0.0142175 -0.00729626 -0.0029204 -0.00254979 -0.00365802 -0.0144254 -0.0127856 0.0216585 -0.000174406 -0.00502029 -0.0109905 0.00105384 -0.00300032 -0.00762017 0.00266463 0.000119852 -0.00302888 0.00621743 -0.00622805
internal_weight=2.74554e+06 1.86e+06 885532 1.47303e+06 514990 43104 41761.7 471886 29517.1 17328.7 7641.75 12188.4 3132.1 442369 428565 322695 13803.4 9686.92 9056.31 958043 54845.1 27659.2 27185.9 22047.5 23976.8 10148.9 903198 127389 32745.5 94643.9
internal_count=7992463 5720563 2271900 4675214 1645299 133146 127941 1512153 90799 55462 22618 35337 10152 1421354 1374879 1044429 46475 32844 25185 3029915 182128 94955 87173 71890 80561 32174 2847787 411660 98344 313316
is_linear=0
shrinkage=0.05


Tree=142
num_leaves=31
num_cat=0
split_feature=62 53 38 22 30 16 97 85 38 26 54 54 38 90 54 38 85 61 54 47 94 48 54 37 22 31 49 54 54 53
split_gain=345.284 1042.65 631.918 647.016 830.185 636.633 594.02 936.294 620.723 784.029 771.99 672.289 584.192 565.193 1416.58 855.374 588.391 669.931 579.857 527.363 484.023 450.202 447.006 439.941 568.466 409.041 404.84 934.027 1927.38 2194.96
threshold=11.142462730407717 0.87837970256805431 1.8214371204376223 2.5000000000000004 0.25749999284744268 76.914905548095717 3.8803256750106816 0.90000000596046459 -4.9252998828887931 0.09947605058550836 123752.50000000001 283752.50000000006 20.052485466003422 4377.7839355468759 54285.000000000007 5.5525989532470712 0.90000000596046459 -0.050024408847093575 152910.00000000003 -0.004327033180743455 2379.2600097656255 0.098011311143636717 630062.50000000012 13.860370159149172 3.5000000000000004 774.40682983398449 0.60003554821014415 121432.50000000001 164292.50000000003 0.6078576147556306
decision_type=2 2 2 2 2 2 2 2 2 2 2 2 2 2 2 2 2 2 2 2 2 2 2 2 2 2 2 2 2 2
left_child=1 2 20 13 5 -5 7 8 -3 11 -11 -10 23 14 16 -16 -4 -18 -17 -13 -1 -9 -7 -6 -25 -8 -2 -28 29 -29
right_child=26 6 3 4 12 22 25 21 9 10 -12 19 -14 -15 15 18 17 -19 -20 -21 -22 -23 -24 24 -26 -27 27 28 -30 -31
leaf_value=-0.073771758858188929 0.00048248910485508209 -0.067500300684469244 0.04602412963319738 0.019141865787624633 -0.024369170544062776 -0.031531913555090357 0.012786589932098441 0.0059898321248646573 -0.033814028484442898 -0.010309433278853006 -0.054110173935471143 -0.016913668062456429 -0.062738926098237127 -0.039120470359346446 -0.037874236371340318 -0.034245554177299221 0.055816340576625711 -0.043628259683132123 -0.0024826867905169848 0.04994000963171303 0.0047768932670714135 -0.02474779850015292 0.030139002673747629 0.020585088188568149 -0.015480657513697139 -0.028912732158575052 -0.0033080019940655127 0.023101509721011854 -0.00045067559344737543 -0.003480618297972519
leaf_weight=196.24617877602577 1970368.7839101255 1007.2718525379896 1482.7367026954889 6883.7097605019808 2292.4616304039955 1177.0189724415541 2740.5966564267874 3747.9211692065001 873.73927609622478 1618.3122639805079 2661.4599708914757 487.29713700711727 497.81946618855 1737.96738268435 3177.7392771691084 1742.4597516208887 260.67528448998928 479.04515589773655 8175.0697221234441 744.56688083708286 34319.272877193987 1745.0477859675884 390.51668648421764 2198.8874550163746 2169.5809800624847 747.67816902697086 257666.53168356419 19057.275810405612 401291.71863786876 13105.46549127996
leaf_count=926 5692420 4071 3274 18684 7415 4081 7521 11143 2892 4905 9600 1491 1910 6246 10804 5929 576 1655 24179 1633 97644 5770 966 5811 6808 2556 780799 48989 1183123 38642
internal_value=1.79078e-05 -0.00314697 -0.000389378 -0.00537405 0.00198121 0.0125932 -0.0144602 -0.019415 -0.0310317 -0.0252685 -0.0375552 -0.000286593 -0.0105461 -0.0121059 -0.00903807 -0.0153026 0.027862 -0.00854948 -0.00806666 0.0234979 0.00432802 -0.00377695 -0.0161554 -0.00663575 0.0026726 0.00384158 0.000117269 -0.000923956 0.000493231 0.0122701
internal_weight=2.74504e+06 83555.1 67181.2 32665.7 15610 8451.25 16373.9 12885.6 7392.65 6385.38 4279.77 2105.6 7158.75 17055.7 15317.7 13095.3 2222.46 739.72 9917.53 1231.86 34515.5 5492.97 1567.54 6660.93 4368.47 3488.27 2.66149e+06 691121 433454 32162.7
internal_count=7992463 248490 196908 98338 45675 23731 51582 41505 24592 20521 14505 6016 21944 52663 46417 40912 5505 2231 30108 3124 98570 16913 5047 20034 12619 10077 7743973 2051553 1270754 87631
is_linear=0
shrinkage=0.05


Tree=143
num_leaves=31
num_cat=0
split_feature=7 53 99 54 13 85 55 55 25 38 54 49 13 26 25 85 25 50 25 25 73 36 55 85 86 47 85 99 54 99
split_gain=332.712 2038.31 1111.68 1166.45 819.842 1019.3 1550.88 1509.73 1088.41 1074.29 1095.93 865.12 901.318 856.787 790.03 942.846 1342.19 1115.27 1772.89 1162.3 1079.45 895.168 888.175 760.694 982.38 747.427 743.82 1273.39 2838.26 1325.95
threshold=-0.012556709349155424 1.0000000180025095e-35 159320.82031250003 609495.00000000012 0.08196252211928369 0.90000000596046459 20822.500000000004 -103939.99999999999 5.3894152641296396 -6.7393906116485587 1372.5000000000002 -0.72982063889503468 0.092831958085298552 0.8494880497455598 7.0031313896179208 0.90000000596046459 3.8669574260711674 152.50000000000003 4.781379461288453 2.0321861505508427 14.738152980804445 -13.928586483001707 2207.5000000000005 0.90000000596046459 6.0000000000000009 0.27796292304992681 0.90000000596046459 272599.06250000006 11547.500000000002 303073.70312500006
decision_type=2 2 2 2 2 2 2 2 2 2 2 2 2 2 2 2 2 2 2 2 2 2 2 2 2 2 2 2 2 2
left_child=1 14 3 -3 -2 7 8 -6 -7 -9 13 -10 -13 -11 15 17 20 18 19 22 -17 -18 -1 24 -16 -12 27 -4 -29 -30
right_child=4 2 26 -5 5 6 -8 9 11 10 25 12 -14 -15 23 16 21 -19 -20 -21 -22 -23 -24 -25 -26 -27 -28 28 29 -31
leaf_value=-0.042756172250835028 4.3135625799310212e-05 -0.049797155616291722 -0.022135944248401832 -0.00010915087912969524 -0.061220096852498601 -0.030729769100070154 0.067367714593241007 -0.0024086883351923344 -0.077686219858895844 0.034334503891178307 0.054116918147308617 -0.05439360357986335 0.053178095439230404 -0.053207500147847336 0.0030372690721048676 0.0060308119340725871 0.036329618162155297 0.067373914170335905 -0.049913681214138139 0.027459638092490669 -0.042182959816145477 -0.037039705608260427 0.066369426776518026 0.012324334922845502 -0.076815066411340227 0.0060920562028251787 0.0010306555358843136 -0.023537394332105874 0.046124604829702535 0.00054874582657621633
leaf_weight=1046.6732398420572 2654532.5932541862 3144.6792648285627 14155.320492297411 1891.61456130445 520.00579683482647 3386.1869402974844 647.56821791827679 2398.3261821419001 196.82293890416622 568.66779732704163 4591.4542424082756 235.29467087984085 1108.2084376215935 547.71354050934315 723.03581881523132 2281.3799628168344 2530.8856734633446 1154.5312233418226 940.86106565594673 9705.0616701096296 2361.9667582660913 496.50033260881901 225.86846262216568 1306.480580970645 822.77112133800983 984.33325301110744 19510.746765300632 6557.2679971083999 3185.2503708451986 3197.7526698261499
leaf_count=3629 7729815 11351 44595 5546 1958 11384 1272 7166 804 1357 9398 865 2348 1999 2047 6396 5925 2145 3388 23451 8594 1672 427 3566 3124 2697 56824 22935 6930 8855
internal_value=1.6995e-05 -0.00326204 -0.00882492 -0.0311392 0.000109409 0.011694 -0.00531478 0.0215591 -0.0148813 0.0263011 0.0365897 0.0199533 0.0343083 -0.00861963 0.00891262 0.0123054 -0.00161009 0.0204703 0.0159211 0.0215681 -0.0184972 0.0242869 -0.0233462 -0.0157555 -0.0394839 0.0456423 -0.0064129 -0.0117728 -0.000435405 0.0232965
internal_weight=2.74496e+06 75238.6 51642.6 5036.29 2.66972e+06 15184.6 5574.08 9610.5 4926.51 9090.5 6692.17 1540.33 1343.5 1116.38 23596 20743.7 7670.73 13073 11918.5 10977.6 4643.35 3027.39 1272.54 2852.29 1545.81 5575.79 46606.3 27095.6 12940.3 6383
internal_count=7992463 221400 157036 16897 7771063 41248 16673 24575 15401 22617 15451 4017 3213 3356 64364 55627 22587 33040 30895 27507 14990 7597 4056 8737 5171 12095 140139 83315 38720 15785
is_linear=0
shrinkage=0.05


Tree=144
num_leaves=31
num_cat=0
split_feature=47 38 30 35 55 62 12 85 25 5 54 25 85 30 94 62 6 36 7 13 97 53 55 54 55 54 48 55 54 25
split_gain=331.08 376.019 961.766 394.05 633.671 474.574 424.14 448.127 501.008 381.992 376.699 392.124 373.376 369.224 840.041 944.455 699.07 1411.76 920.553 1211.78 852.145 831.019 1061.89 873.09 814.7 783.955 677.457 729.091 1036.1 708.045
threshold=0.38927224278450018 -2.7508449554443355 0.65749999880790722 2.816820621490479 -284387.49999999994 29.266579627990726 0.035106481984257705 0.90000000596046459 0.33835245668888098 0.0045364473480731258 21642.500000000004 0.7057865858078004 0.90000000596046459 0.47249999642372137 2397.543090820313 33.368234634399421 0.00036474390071816748 -0.32336531579494471 -0.00033472773793619121 0.039171515032649047 3.1033265590667729 0.87837970256805431 12697.500000000002 706632.50000000012 1662.5000000000002 758052.50000000012 -0.92794367671012867 20282.500000000004 5387.5000000000009 0.79447448253631603
decision_type=2 2 2 2 2 2 2 2 2 2 2 2 2 2 2 2 2 2 2 2 2 2 2 2 2 2 2 2 2 2
left_child=13 2 -2 4 5 -3 7 8 -6 -4 -9 -12 -11 26 15 -15 17 18 21 25 -18 22 -16 -23 -21 -20 27 28 -1 -28
right_child=1 3 9 -5 6 -7 -8 10 -10 12 11 -13 -14 14 16 -17 20 -19 19 24 -22 23 -24 -25 -26 -27 29 -29 -30 -31
leaf_value=0.012124290652266473 0.012386897455411479 -0.010272763379288148 -0.0022212701227627622 -0.0021636796673880116 0.0095304544647023537 0.012222063851927992 -0.0051259710370772198 0.0087828260906743696 -0.041881530275292088 -0.037242306302683041 -0.0087626809660731313 -0.055892348705272689 -0.003336822684520218 -0.01977678645966394 0.0017099724749238693 0.014117237971709393 0.001171585676586213 -0.0052038642687985493 0.0054798974611864806 -0.0188913177468252 0.0060225926791417569 -0.0048443157343470676 -0.0072083253909722249 0.012980282108433848 0.0039365799571969822 0.054462739326290227 -0.0015345627134416293 -0.01944754815796626 -0.0042062349007470305 0.0010210550286454943
leaf_weight=10527.390447296202 11759.837251849473 5820.5220345929265 8530.0093061178923 38460.591158539057 538.76730947196484 3924.7343750447035 3939.458332747221 1365.8381940871477 3903.5665758177638 1838.0661928653717 1241.4339836239815 684.46964536607265 1454.9169250577688 9495.9560391232371 345774.38228411227 2621.9905961304903 519373.50233574212 120334.37030720711 128876.8903831616 8884.2283073365688 109640.7578497231 119584.96031158417 36942.793733119965 7287.6904942244291 6976.8782892227173 821.10081945359707 481056.01543878019 7035.2763680964708 125354.94121898711 620752.66912934184
leaf_count=29151 32482 17708 24774 113775 1502 10745 11746 3945 13313 6363 3820 2507 4374 34455 982705 7767 1494235 355668 360094 27859 307004 353304 117164 19852 19875 1777 1423641 23765 374417 1812676
internal_value=1.61744e-05 -0.00308469 0.00226284 -0.00519084 -0.010626 -0.00121252 -0.0184833 -0.0252848 -0.0356444 -0.00780691 -0.011296 -0.0255356 -0.0222691 0.000113424 0.000665472 -0.0124421 0.000778575 -0.000226067 0.000688228 0.00419505 0.00201716 -0.000313456 0.00084908 -0.00382032 -0.00885 0.00579046 -0.000514855 -0.00375364 -0.00294092 -9.47382e-05
internal_weight=2.7448e+06 83462.2 23582.8 59879.4 21418.8 9745.26 11673.5 7734.08 4442.33 11823 3291.74 1925.9 3292.98 2.66134e+06 1.41662e+06 12117.9 1.4045e+06 775483 655149 145559 629014 509590 382717 126873 15861.1 129698 1.24473e+06 142918 135882 1.10181e+06
internal_count=7992463 247054 67993 179061 65286 28453 36833 25087 14815 35511 10272 6327 10737 7745409 4081759 42222 4039537 2238298 1882630 409605 1801239 1473025 1099869 373156 47734 361871 3663650 427333 403568 3236317
is_linear=0
shrinkage=0.05


Tree=145
num_leaves=31
num_cat=0
split_feature=31 100 29 55 87 48 48 49 49 47 87 55 48 9 37 37 29 97 12 8 55 36 42 55 50 45 50 13 13 5
split_gain=372.852 343.632 448.997 425.043 501.519 564.289 627.019 564.042 753.035 500.516 494.744 782.835 656.705 640.18 597.721 549.323 491.85 436.9 411.944 377.595 751.287 787.239 1202.98 1208.58 1433.13 1294.12 1167.38 1146.51 1057.24 693.273
threshold=4435.7485351562509 373462.07812500006 0.032499999739229686 20822.500000000004 1.0000000180025095e-35 0.83743050694465648 -0.05451125651597976 0.58244305849075328 -0.86046862602233876 -0.16731917858123777 1.0000000180025095e-35 1662.5000000000002 -0.77296444773674 0.74299666285514843 10.248385906219484 7.8877315521240243 0.84750002622604381 5.7959685325622567 0.11573895066976549 -0.0035673381062224503 32257.500000000004 -1.042053699493408 1.0015841722488406 -327287.49999999994 272.50000000000006 1.005930542945862 -937.49999999999989 0.08196252211928369 0.071275055408477797 -0.0028587547130882736
decision_type=2 2 2 2 2 2 2 2 2 2 2 2 2 2 2 2 2 2 2 2 2 2 2 2 2 2 2 2 2 2
left_child=1 19 -3 10 7 6 9 8 -5 -6 12 -12 -4 15 18 -13 -16 -8 -14 20 21 22 26 25 -25 -24 -1 28 29 -23
right_child=-2 2 3 4 5 -7 17 -9 -10 -11 11 13 14 -15 16 -17 -18 -19 -20 -21 -22 27 23 24 -26 -27 -28 -29 -30 -31
leaf_value=-0.028521923794638766 0.0091626711359207146 0.036196346540192124 -0.039892975176232151 -0.033802277156294337 0.036685449596476662 -0.057017189519679407 0.0042985048240577178 -0.024557723837296031 0.032782752493081539 -0.035598153946549228 -0.043370587507778752 -0.019912253206737469 0.048785200734395427 0.062308836704168084 -0.017486470411498718 0.023016723141151111 0.057939479010982689 0.07686993280239221 -0.02276377560593653 0.00022769375076186232 0.021667876944909896 -0.014894745308333478 -0.0092042606158145631 -0.0014533898829337073 -0.019283609679678154 -0.033619133893021055 0.0026880001482367452 0.045498628591438113 -0.03221224611615401 0.00093315734728992902
leaf_weight=3107.3559826686978 11094.348199419677 1185.6703922897577 934.75094588845968 519.64594048261642 274.45058727264404 686.33267267048359 1515.4653578996658 919.4164854735136 2302.7383835911751 1837.9251170903444 478.33989721536636 868.21741922199726 1014.4061395227909 888.77776591479778 1875.7606468573213 5224.5999415665865 243.26707990467548 239.33517290651798 250.13716027140617 2160397.4520710111 3556.9740888625383 7098.4228456765413 43917.645856224 120967.95422344655 12426.581026978791 6192.5092894136906 83009.757804393768 1405.2654576301575 2486.6137437522411 271091.46215531975
leaf_count=10599 31654 2910 3441 1835 698 2888 4613 3137 5487 6750 1796 2871 2184 1720 6479 13092 498 413 789 6273019 8981 22210 135926 354368 41060 21563 239293 3141 8557 789977
internal_value=1.54488e-05 -2.16318e-05 0.00631034 0.00454312 -0.00412575 -0.0152693 -0.00784588 0.00943425 0.020514 -0.0261914 0.0106488 0.0184447 -0.00281876 0.0226863 0.00743071 0.0168963 -0.00880187 0.0142374 0.0346215 -7.12051e-05 -0.00123416 -0.00138187 -0.00331374 -0.00560167 -0.00311456 -0.0122221 0.00156148 0.000464666 0.000239015 0.000529215
internal_weight=2.74801e+06 2.73692e+06 21259.2 20073.6 8295.31 4553.51 3867.18 3741.8 2822.38 2112.38 11778.3 7459.94 4318.32 6981.6 3383.57 6092.82 2119.03 1754.8 1264.54 2.71566e+06 555261 551704 269622 183505 133395 50110.2 86117.1 282082 280676 278190
internal_count=8001949 7970295 61601 58691 25821 15362 12474 10459 7322 7448 32870 19479 13391 17683 9950 15963 6977 5026 2973 7908694 1635675 1626694 802809 552917 395428 157489 249892 823885 820744 812187
is_linear=0
shrinkage=0.05


Tree=146
num_leaves=31
num_cat=0
split_feature=98 95 7 41 30 22 38 37 38 37 13 94 99 55 55 55 42 48 25 39 55 35 65 42 25 25 25 49 25 30
split_gain=342.449 402.959 359.865 469.289 361.564 357.858 880.255 1599.49 956.269 832.616 850.244 750.122 1697.56 1548.26 1081.98 1625.8 1000.62 793.221 1004.07 737.965 800.706 665.703 655.428 619.519 604.035 949.109 756.033 590.367 638.846 544.147
threshold=5.3549640178680429 33.730255126953132 -0.0029294933192431922 1.0028641819953921 0.95749998092651378 1.5000000000000002 1.8894567489624026 -2.6569139957427974 -14.731998443603514 -14.672755718231199 0.019657840952277187 3333.440063476563 182228.86718750003 -505312.49999999994 -493782.49999999994 -484642.49999999994 1.0036436915397646 0.9279436767101289 0.84810942411422741 -15.354895591735838 -685712.49999999988 28.492780685424808 1.2010660171508791 1.0054354667663576 2.8366353511810307 1.5989452600479128 3.5612369775772099 -0.54643493890762318 0.90534856915473949 0.90249997377395641
decision_type=2 2 2 2 2 2 2 2 2 2 2 2 2 2 2 2 2 2 2 2 2 2 2 2 2 2 2 2 2 2
left_child=1 5 -2 -4 -5 6 7 8 9 -1 -11 13 21 27 16 -16 -15 18 -14 20 -9 -13 -19 -23 25 -10 -26 28 -8 -7
right_child=2 -3 3 4 -6 29 11 19 24 10 -12 12 17 14 15 -17 -18 22 -20 -21 -22 23 -24 -25 26 -27 -28 -29 -30 -31
leaf_value=-0.0084015779604981102 -0.0034905697168632691 0.00055648861115480748 0.0071081924550640101 -0.004699142151591707 0.015072788124896317 -0.0017090830002663097 -0.0041093321962781945 -0.062879763902801963 -0.0060952405716562415 0.032225515237135703 0.0030273688384581292 -0.021680360597888582 -0.01848176326982132 -0.0012016842857527667 -0.052441132264773385 0.0070056495175353853 0.04971378567635145 0.0057817732831585734 -0.0013947582243830003 0.0045034277600129362 0.031532457430974069 -0.071996957188289759 0.04076760426165723 0.0270232849534724 0.011736406933084285 -0.025443278132004688 -0.033731255728660522 -0.0090282945330744258 0.018143880422656095 0.0015931213981052563
leaf_weight=7984.8505539521575 16876.224632702768 1270417.739771314 51990.818504042923 16838.536352068186 2679.1679901778698 819356.18567261845 9933.5863999351859 237.5586953163147 17040.472351312637 3729.3641616776586 7520.5278971269727 16416.016491755843 9845.1488680690527 1486.070703625679 1181.8053792119026 41635.868849948049 2749.5391971170902 7598.3741668909788 67803.329240746796 167953.49907148629 3843.1162958592176 180.43601281940937 1624.2527001947165 1220.1639583557844 5253.9572736918926 10093.21070972085 1105.8272341117263 31325.865462362766 4774.3633070886135 147155.57595098019
leaf_count=25301 49260 3642583 143336 49835 6999 2450476 29402 979 53470 9383 22200 53016 31490 4312 4421 115887 6024 21847 201856 476314 9282 723 3896 3282 14585 33753 4087 96673 12446 424831
internal_value=1.46871e-05 -8.70682e-05 0.00307649 0.00462643 -0.00198419 -0.000675666 0.0005381 0.00267885 -0.00493981 0.00394524 0.0127091 -0.00189475 -0.00479841 0.00137074 0.00774878 0.00536356 0.0318528 -0.00191482 -0.00356152 0.005014 0.0260209 -0.0188572 0.0119476 0.0142209 -0.0100425 -0.0132932 0.00382573 -0.00514847 0.00311471 -0.0012063
internal_weight=2.74785e+06 2.65947e+06 88384.7 71508.5 19517.7 1.38905e+06 422537 224762 52728.2 19234.7 11249.9 197775 104688 93087.1 47053.3 42817.7 4235.61 86871.1 77648.5 172034 4080.67 17816.6 9222.63 1400.6 33493.5 27133.7 6359.78 46033.8 14707.9 966512
internal_count=8001949 7752519 249430 200170 56834 4109936 1234629 649354 162779 56884 31583 585275 316110 269165 130644 120308 10336 259089 233346 486575 10261 57021 25743 4005 105895 87223 18672 138521 41848 2875307
is_linear=0
shrinkage=0.05


Tree=147
num_leaves=31
num_cat=0
split_feature=31 54 25 13 85 28 62 25 90 54 22 25 45 85 39 37 31 42 38 38 25 48 54 48 77 46 55 87 55 25
split_gain=338.265 351.849 1257.05 1247.67 923.219 1121.6 761.146 761.075 885.033 736.253 1059.33 1067.19 1366.16 1400.72 1012.67 980.648 951.924 935.273 883.706 840.386 811.835 1158.11 730.603 813.287 664.056 660.113 641.155 1004.96 3304.92 2983.57
threshold=4435.7485351562509 740567.50000000012 2.0182205438613896 0.021295764483511451 0.90000000596046459 1.0000000180025095e-35 48.122310638427741 0.89315283298492443 2437.4465332031255 708982.50000000012 1.5000000000000002 0.38471619784832006 1.0039699673652651 0.90000000596046459 6.3841030597686776 4.3546829223632821 315.74295043945318 0.99846655130386364 8.9699621200561541 -0.066166423261165605 0.97736170887947094 0.5464349389076234 717835.00000000012 0.66746801137924205 1.3076950907707217 0.057218758389353759 -688152.49999999988 1.0000000180025095e-35 -697092.49999999988 0.2823216319084168
decision_type=2 2 2 2 2 2 2 2 2 2 2 2 2 2 2 2 2 2 2 2 2 2 2 2 2 2 2 2 2 2
left_child=1 9 3 7 -4 -6 -5 8 -3 26 15 19 14 16 18 -11 -14 -17 -13 -12 21 -19 -21 -24 -7 -9 27 -1 -29 -30
right_child=-2 2 4 6 5 24 -8 25 -10 10 11 12 13 -15 -16 17 -18 20 -20 22 -22 -23 23 -25 -26 -27 -28 28 29 -31
leaf_value=0.0027487452400711452 0.0087271290396306045 -0.0039820241724934204 0.028054920994946893 -0.019295330173988108 0.0244900292294267 0.015266761256295761 0.017549253183664917 -0.01330711090089028 -0.041810550171714624 0.028225510147613975 0.026357614662886282 0.0004940810852907217 -0.049959239604747178 -0.019095245931452287 -0.021682898793647168 -0.01500433041492961 0.049858789181248642 -0.010364621535143588 -0.031032500821566514 0.029698269672098362 0.024996514831835185 0.022234269132378543 -0.027977230245708445 0.0084966729188618775 -0.067224121119157473 0.012569677149582036 2.4562859302042624e-05 0.00054237653268996572 0.0098262018425172865 -0.049334483424437997
leaf_weight=21733.831030726433 11092.960335530341 13889.068083778024 4878.1039649397135 18257.705020383 1192.7038961052895 339.50327096879482 1517.3688351511955 3072.7981384918094 1738.9876048862934 7272.1094479262829 6161.7214573919773 27308.54005523026 259.97206701338291 1380.1471983790398 8454.3243434876204 3944.56480024755 2834.9567391574383 6446.2630853652954 2418.6917386054993 1836.2672790884972 7143.0128711238503 4717.3223144561052 2546.1702321693301 3819.861680842936 862.26198270916939 12432.511161789298 2538654.4772318453 20604.051551952958 2908.0387543439865 7971.6076043993235
leaf_count=65066 31654 43351 11739 63777 3337 820 4287 10277 6397 17897 16006 80409 930 4877 28024 12440 6095 19771 8244 4465 17984 12006 8741 11015 3811 35457 7378615 58397 7950 28110
internal_value=1.39459e-05 -2.13749e-05 -0.00386807 -0.00664602 0.0155753 -0.00984768 -0.0164672 -0.000407382 -0.00819406 6.21832e-05 0.00459878 0.000618174 -0.00335112 0.0227825 -0.00641476 0.0122864 0.0414591 0.00707594 -0.0020718 0.0124055 0.0118345 0.00341079 0.00192185 -0.00609282 -0.0439227 0.00744064 -8.9296e-05 -0.00552074 -0.0112294 -0.0335214
internal_weight=2.74769e+06 2.7366e+06 58181 50908.4 7272.57 2394.47 19775.1 31133.4 15628.1 2.67842e+06 86543.9 57020.7 42656.6 4475.08 38181.6 29523.3 3094.93 22251.2 29727.2 14364 18306.6 11163.6 8202.3 6366.03 1201.77 15505.3 2.59187e+06 53217.5 31483.7 10879.6
internal_count=8001949 7970295 183253 163546 19707 7968 68064 95482 49748 7787042 248904 168806 128579 11902 116677 80098 7025 62201 88653 40227 49761 31777 24221 19756 4631 45734 7538138 159523 94457 36060
is_linear=0
shrinkage=0.05


Tree=148
num_leaves=31
num_cat=0
split_feature=79 79 79 74 79 49 55 55 54 54 99 13 29 37 94 46 62 62 94 25 12 46 13 54 21 46 22 38 31 49
split_gain=337.512 504.613 420.775 403.808 295.607 292.062 563.428 687.38 1078.19 647.546 1307.96 693.774 606.068 570.354 551.222 513.259 474.618 419.102 390.87 301.276 290.332 727.566 449.738 624.819 628.913 465.957 538.577 537.879 440.636 1004.84
threshold=5.5255424976348886 3.4530960321426396 6.6557295322418222 222.40083312988284 1.4324970841407778 0.5464349389076234 -257447.49999999997 -164767.49999999997 121432.50000000001 443322.50000000006 126132.30468750001 0.017613452859222892 0.60375002026557933 10.64146947860718 2415.003540039063 0.059335978701710708 20.437305450439457 57.432247161865241 3303.5888671875005 0.24102673679590228 0.012002335395663978 0.060999285429716117 0.01946460455656052 797.50000000000011 12.500000000000002 0.076766788959503188 1.5000000000000002 21.193812370300297 1034.3680419921877 -0.39271505177021021
decision_type=2 2 2 2 2 2 2 2 2 2 2 2 2 2 2 2 2 2 2 2 2 2 2 2 2 2 2 2 2 2
left_child=1 4 -2 5 -1 -3 9 18 17 11 14 15 -13 -10 -11 -7 -12 -9 -8 -20 -6 28 23 -23 -25 26 -24 -27 -22 -30
right_child=2 3 -4 -5 20 6 7 8 13 10 16 12 -14 -15 -16 -17 -18 -19 19 -21 21 22 25 24 -26 27 -28 -29 29 -31
leaf_value=0.001237228129025084 0.0019204222232805806 -0.0014131247768833953 -0.00025862306113200769 0.0097681753453938217 0.0016498132863941761 0.010365157730189523 0.016723861789469295 -0.0099120785777309164 0.037932836837928613 -0.027139080719810079 -0.049165332724386099 -0.012783058319912813 0.012215093713867354 0.0022134242028955635 0.00061113041229683696 0.04015685737278462 -0.01702979640505908 0.033127430349768554 -0.040950976530142819 -0.018749432483149319 -0.0021758524991449457 0.023325962903891571 0.0010836279554664737 -0.00030453015336140031 0.0060115263720331123 -0.00047952337489865599 -0.0086354111258646355 0.01316122994358912 -0.02304419964565874 -0.0042495355259960423
leaf_weight=375359.71039365232 437230.41680318117 235126.54710960388 449090.17884318531 7001.3820575922728 152800.07750034332 6761.6651600897312 615.95340494811535 30774.45166824013 1880.5692071169615 1916.2393795922399 1851.4519798904657 5956.1029030680656 4087.7653634399176 2753.4760272949934 26856.208406232297 1838.6494682431221 3032.324006870389 575.20639835298061 2076.7457249462605 5799.5331195741892 108113.34987484664 3383.8783930689096 23066.661685824394 127513.34789272398 57042.943430520594 587131.71648727357 37304.645530842245 7315.8779132515192 8971.0232503861189 34304.312319844961
leaf_count=1014652 1115024 829432 1159507 18953 460314 21552 2120 121944 5320 8417 8260 22945 14279 9763 93814 5526 11915 1855 8838 22794 332977 8738 70956 387131 166109 1796715 121125 21394 30395 109185
internal_value=1.32589e-05 -0.000369159 0.000816316 -0.00211403 1.92909e-05 -0.00236472 -0.00467663 -0.00881367 -0.00579344 -0.00115832 -0.00529922 0.00631639 -0.00260833 0.0167151 -0.00123773 0.0167388 -0.0292211 -0.00912119 -0.0216083 -0.0246084 -0.000379298 -0.000691178 -0.000117878 0.00203811 0.00164764 -0.00073668 -0.00492192 -0.000311616 -0.0038826 -0.00814625
internal_weight=2.74753e+06 1.86121e+06 886321 338904 1.52231e+06 331903 96776.3 44475.9 35983.7 52300.4 33656.2 18644.2 10043.9 4634.05 28772.4 8600.31 4883.78 31349.7 8492.23 7876.28 1.14695e+06 994148 842759 187940 184556 654819 60371.3 594448 151389 43275.3
internal_count=8001949 5727418 2274531 1207727 4519691 1188774 359342 172634 138882 186708 122406 64302 37224 15083 102231 27078 20175 123799 33752 31632 3505039 3044725 2572168 561978 553240 2010190 192081 1818109 472557 139580
is_linear=0
shrinkage=0.05


Tree=149
num_leaves=31
num_cat=0
split_feature=33 62 36 53 36 12 55 55 37 54 39 85 64 37 54 36 39 21 55 25 31 31 29 37 25 85 46 11 9 86
split_gain=323.132 326.137 953.369 898.088 590.287 775.713 581.031 557.265 585.231 529.884 550.065 575.13 642.134 558.527 721.988 530.634 551.709 526.079 465.266 612.6 433.221 427.394 377.496 370.774 368.618 365.288 980.037 806.556 523.86 471.53
threshold=0.30000000447034841 10.899929523468019 0.90792691707611095 0.87837970256805431 -3.5660451650619502 0.020968968048691753 9662.5000000000018 20822.500000000004 11.777685165405275 630062.50000000012 3.3016926050186162 0.90000000596046459 49.822921752929695 58.690050125122077 123752.50000000001 6.2445693016052255 9.8009905815124529 6.5000000000000009 6862.5000000000009 0.99908992648124706 100.66101455688478 167.12736511230472 0.15625000000000003 18.335397720336918 0.18832445144653323 0.90000000596046459 0.05132733844220639 0.014068678952753546 0.15890023857355121 6.0000000000000009
decision_type=2 2 2 2 2 2 2 2 2 2 2 2 2 2 2 2 2 2 2 2 2 2 2 2 2 2 2 2 2 2
left_child=1 2 3 4 6 24 18 8 -8 10 11 13 17 14 -4 23 -17 -13 19 -1 -7 -5 -11 -12 -6 26 -23 -27 -29 -28
right_child=-2 -3 9 21 5 20 7 -9 -10 22 15 12 -14 -15 -16 16 -18 -19 -20 -21 -22 25 -24 -25 -26 27 29 28 -30 -31
leaf_value=-0.0069802192594854654 -0.019194608463058691 0.00011767862592231109 -0.014216821976791236 0.0018121589534427951 -0.0045930716263675687 -0.044187495327811771 0.0013094784755364281 -0.013722965920520361 0.038925683232532884 0.026063165039073383 -0.037401200042117617 0.063932564798875158 0.014543253527482581 0.04640761719987381 -0.050118770271558359 -0.02383454128733048 0.039906745771302356 -0.029860763278845667 -0.025636731133742749 0.0075279833274498184 0.004324705574056854 0.0072695780212186801 -0.023612612431092972 0.036706799963606727 0.030501400948411802 -0.031971558921803818 -0.021020973237126764 0.032189391744967891 -0.037424891676097985 -0.060566768573232059
leaf_weight=16969.68179307133 2187.003525711596 2672171.7943396196 2312.263473495841 3394.1571524590254 884.80362825095654 644.57947638630867 1730.6992202401161 1285.2465483248234 2568.8597234785557 1291.6433382481337 198.92659631371498 157.71640329062939 1715.342832878232 212.32139168679714 3555.5969857424498 2208.9549350291491 400.10651397705078 2586.0806771367788 2005.5442313104868 12735.505370557308 1601.6332142502069 1319.0089961141348 542.14259712398052 1085.2299298346043 4829.6966538950801 1605.6139870434999 1290.9357985332608 1307.1935951858759 339.65328647196293 1817.4530379623175
leaf_count=50789 7137 7778350 7213 9825 2723 2232 4938 4249 6216 3279 687 322 4880 484 12826 7276 1008 8885 6545 36049 4599 3726 1752 2643 12071 5573 4463 3412 1181 6616
internal_value=1.25289e-05 2.78418e-05 -0.00327881 -0.000199591 0.00292337 0.0152824 0.000284877 0.0151545 0.023789 -0.0139411 -0.017158 -0.0230902 -0.00944675 -0.0330922 -0.0359771 -0.0010957 -0.0140462 -0.0244463 -0.00233416 -0.000759905 -0.00960773 -0.0129618 0.0113694 0.0252028 0.0250668 -0.0194913 -0.0288365 -0.00676354 0.0178148 -0.0441568
internal_weight=2.74696e+06 2.74477e+06 72596.6 56330.3 45256.2 7960.71 37295.5 5584.81 4299.56 16266.3 14432.5 10539.3 4459.14 6080.18 5867.86 3893.22 2609.06 2743.8 31710.7 29705.2 2246.21 11074 1833.79 1284.16 5714.5 7679.86 4427.4 3252.46 1646.85 3108.39
internal_count=8001949 7994812 216462 165207 130411 21625 108786 15403 11154 51255 46224 34610 14087 20523 20039 11614 8284 9207 93383 86838 6831 34796 5031 3330 14794 24971 14805 10166 4593 11079
is_linear=0
shrinkage=0.05


Tree=150
num_leaves=31
num_cat=0
split_feature=48 62 13 25 54 97 54 90 25 85 22 87 42 41 94 25 7 97 9 61 25 62 44 94 54 46 42 97 85 12
split_gain=329.828 1372.69 980.069 1329.46 1247.16 926.517 807.678 797.479 800.9 936.442 777.176 2109.21 1326.07 1491.23 916.639 866.197 879.822 742.824 728.297 725.677 706.893 621.974 611.042 640.868 1138.2 719.645 599.811 584.988 549.81 597.82
threshold=0.96298784017562877 48.997076034545906 0.013020739424973728 0.30504329502582556 31482.500000000004 6.6448357233239732e-11 659442.50000000012 2609.700073242188 0.32849720120429998 0.90000000596046459 1.5000000000000002 1.0000000180025095e-35 1.0051636695861819 0.99393373727798473 4045.335083007813 0.92437082529068004 0.011495319195091726 2.9764503240585332 0.22475279122591021 0.11911994591355325 0.93113902211189281 40.892597198486335 0.99365100264549266 2892.521606445313 443322.50000000006 0.12770202755928042 0.99168872833251964 3.8358546495437627 0.90000000596046459 0.03048182558268309
decision_type=2 2 2 2 2 2 2 2 2 2 2 2 2 2 2 2 2 2 2 2 2 2 2 2 2 2 2 2 2 2
left_child=-1 2 3 5 10 -2 7 -5 9 -9 11 14 13 -13 -4 -12 20 22 -16 -14 -17 -8 28 24 -24 -25 -3 -10 -6 -30
right_child=1 26 4 6 17 -7 21 8 27 -11 15 12 19 -15 18 16 -18 -19 -20 -21 -22 -23 23 25 -26 -27 -28 -29 29 -31
leaf_value=-0.00015528131877597795 -0.020504146674238083 -0.0067224503654908663 -0.079702877462389993 -0.053234864198071233 -0.061375408729169495 0.006720789906507478 0.027675027936740461 0.057947399057061311 0.0089155045717923334 -0.011115150136512637 -0.0059023068017987875 -0.026882030015503024 -0.052917165658070191 0.039967243673598433 0.010407706009849478 0.046255356856787631 -0.026329237303817195 -0.012264416759783958 -0.027360390399707016 0.045391581830030114 0.0078081848306096567 -0.023728262624498384 -0.092266604418037815 0.0029873828410683593 -0.0069245325788323854 -0.016152530097500648 0.025094148602715746 -0.01227757576009797 -0.063157116604346711 0.03340541626193546
leaf_weight=2505911.7531624958 6497.4097637236118 1790.3269575238228 435.93580910563469 531.68581338226795 815.22643892467022 6019.0488003641367 8646.292642660439 1601.9138235151768 25651.037005767226 706.90300948917866 22129.178845517337 924.65322479605675 729.69060400128365 8464.3300386369228 3258.2266552299261 1254.5663645416498 1816.1700523793697 22306.51762599498 2097.1007688045502 251.70265193283558 25063.011451914907 630.59970028698444 396.18208873271942 55200.520708173513 23983.169704064727 5389.6513407081366 8564.5943836718798 3728.4368756562471 247.68857228010893 449.89295697212219
leaf_count=7306299 20829 5600 1775 1938 3085 16988 21942 3293 71412 2205 66357 3050 2708 19804 9054 2760 6116 68737 6847 572 70504 2067 1609 157347 72690 16801 22020 11374 972 1123
internal_value=1.41695e-05 0.00178656 0.0009821 0.00687047 -0.000833117 -0.00741204 0.0111786 0.00743495 0.00845471 0.0368043 0.00456534 0.0141028 0.0276002 0.033381 -0.0100667 0.00149834 0.00731965 -0.00412938 -0.00438337 -0.0276778 0.00964285 0.0241782 -0.00203092 -0.00146987 -0.00831534 0.00128452 0.0195926 0.00622548 -0.0335184 -0.000914977
internal_weight=2.74549e+06 239582 229227 54013.3 175213 12516.5 41496.9 32220 31688.3 2308.82 66424.6 16161.6 10370.4 9388.98 5791.26 50262.9 28133.7 108789 5355.33 981.393 26317.6 9276.89 86482.3 84969.5 24379.4 60590.2 10354.9 29379.5 1512.81 697.582
internal_count=7997878 691579 663959 152048 511911 37817 114231 90222 88284 5498 189547 43810 26134 22854 17676 145737 79380 322364 15901 3280 73264 24009 253627 248447 74299 174148 27620 82786 5180 2095
is_linear=0
shrinkage=0.05


Tree=151
num_leaves=31
num_cat=0
split_feature=64 14 53 20 94 9 35 31 54 54 97 25 55 13 42 85 49 62 46 94 99 48 22 29 35 41 54 30 46 35
split_gain=314.417 403.944 757.786 777.448 480.597 395.273 1049.69 916.835 1172.36 1341.84 818.217 775.778 775.258 757.23 708.86 1471.46 2651.72 2146.26 1734.34 2205.71 1563.75 1524.82 1093.27 1549.91 1089.91 985.343 976.496 1750.15 878.82 971.476
threshold=168.67546081542972 76.303501129150405 0.6078576147556306 9.5000000000000018 2684.922485351563 0.28114293515682226 0.27089084684848791 348.85736083984381 243347.50000000003 272265.00000000006 5.5212674140930185 3.8669574260711674 30557.500000000004 0.016548111103475097 0.99532693624496471 0.90000000596046459 -0.66746801137924183 29.726325988769535 0.091477472335100188 4445.7153320312509 112167.65234375001 0.9015902876853944 1.0000000180025095e-35 0.55250000953674328 -13.512481689453123 0.99678975343704235 344010.00000000006 0.19249999523162845 0.09865893051028253 24.013957023620609
decision_type=2 2 2 2 2 2 2 2 2 2 2 2 2 2 2 2 2 2 2 2 2 2 2 2 2 2 2 2 2 2
left_child=1 5 -3 4 -4 14 7 8 10 -10 12 -11 -7 -9 15 17 26 18 25 -20 -19 -22 23 -18 -24 -1 27 -17 -16 -30
right_child=-2 2 3 -5 -6 6 -8 13 9 11 -12 -13 -14 -15 28 16 22 20 19 -21 21 -23 24 -25 -26 -27 -28 -29 29 -31
leaf_value=-0.0092313589412443223 -0.0029771052988188007 -0.002480161307011871 -0.012391066016554817 -0.063082727855099829 0.018518636901161189 -0.00092550679749255202 -0.0036468744164263678 -0.038714460723473024 0.042934016214274728 0.0050672579601641994 0.021639372932379386 0.02940579984465061 0.024768519293662316 -0.0034528548675377933 0.00010516074787333936 0.093270723336194183 -0.021641687838822515 0.029980566543322013 0.00046371239998170045 -0.024571669683315561 -0.0049695769084622393 0.021657237820175923 0.020386800171605494 0.034789138094827303 0.0051915921431403703 -0.027970001092981402 -0.034329014588998868 -0.011365377709721102 0.0025092108273093725 0.027786778348773713
leaf_weight=11722.465153798461 85162.280232146382 13619.338096223772 1389.9762443602085 320.25515995919704 13120.942833527923 171783.86861111224 238470.35578493029 1554.9035899490118 2600.5729921460152 63137.007843852043 4279.7691128253937 3452.3327918201685 2985.8041818365455 71068.362876012921 1468463.2688864395 414.0217190682888 6256.6581588238478 4835.13235347718 39264.940703079104 11337.308423101902 30376.021698325872 6532.1160504296422 16120.116226822138 1509.5049956068397 44045.600064970553 17478.773343779147 4859.0408988073468 10769.873871698976 394671.24457327276 3837.0492693781853
leaf_count=35815 252637 40783 4330 1210 34910 499791 707181 5240 5919 177625 11148 8405 7774 211155 4277838 724 20753 12127 112304 38125 89737 17124 43780 3905 128707 58103 17068 33485 1130520 9655
internal_value=1.34647e-05 0.000109203 0.00603495 0.0138543 0.0155569 4.51409e-05 -0.00113436 0.000732963 0.00217861 0.00770608 4.25791e-05 0.00632959 -0.000486376 -0.00420842 0.000363474 -0.00242356 0.00266632 -0.00594011 -0.0107454 -0.00514568 0.00324639 -0.000256487 0.00698422 -0.0106695 0.00926318 -0.0204484 -0.0156162 -0.00748337 0.000670282 0.00275268
internal_weight=2.74544e+06 2.66028e+06 28450.5 14831.2 14510.9 2.63183e+06 559333 320863 248239 69189.9 179049 66589.3 174770 72623.3 2.07249e+06 205522 83974.8 121547 79803.5 50602.2 41743.3 36908.1 67931.9 7766.16 60165.7 29201.2 16042.9 11183.9 1.86697e+06 398508
internal_count=7997878 7745241 81233 40450 39240 7664008 1634238 927057 710662 191949 518713 186030 507565 216395 6029770 611757 248422 363335 244347 150429 118988 106861 197145 24658 172487 93918 51277 34209 5418013 1140175
is_linear=0
shrinkage=0.05


Tree=152
num_leaves=31
num_cat=0
split_feature=54 37 85 54 11 26 54 54 22 90 13 85 90 30 6 90 62 99 85 54 90 54 31 46 13 35 37 37 85 90
split_gain=298.688 1188.66 2563.83 2006.38 1911.73 1630.53 1154.01 1676.79 3008.21 1438.93 1371.74 1137.26 1133.63 1075.61 1933.67 1060.57 996.072 938.558 914.787 811.694 1218.84 1048.32 929.128 775.367 765.64 733.568 872.619 943.112 2491.16 1877.44
threshold=2482.5000000000005 4.0916359424591073 0.90000000596046459 1372.5000000000002 0.081405483186244978 -0.59569928050041188 4152.5000000000009 4622.5000000000009 2.5000000000000004 4459.8750000000009 0.025105400010943416 0.90000000596046459 4429.0937500000009 0.79750001430511486 -0.0060166288167238227 5211.6965332031259 12.74665403366089 354699.40625000006 0.90000000596046459 317.50000000000006 4429.0937500000009 2307.5000000000005 757.85073852539074 0.10989427193999292 0.028542788699269298 20.99794960021973 15.578872203826906 1.1754892468452456 0.90000000596046459 4734.0026855468759
decision_type=2 2 2 2 2 2 2 2 2 2 2 2 2 2 2 2 2 2 2 2 2 2 2 2 2 2 2 2 2 2
left_child=1 2 3 4 12 23 17 8 10 18 -8 15 24 14 -14 16 -12 25 -10 20 -4 22 -21 -3 -1 26 27 -2 -29 -30
right_child=6 5 19 -5 -6 -7 7 -9 9 -11 11 -13 13 -15 -16 -17 -18 -19 -20 21 -22 -23 -24 -25 -26 -27 -28 28 29 -31
leaf_value=-0.0054176594336438995 0.0020333644401992978 0.022296754865982166 -0.037023927826694301 -0.040179353776721362 0.045309749949790271 -0.0022071456964881347 -0.059647394362402018 4.268193116009557e-05 -0.055892542149626828 0.026125152205315708 0.040919658403037053 -0.0010949527384288876 0.046963557676808113 -0.053272858601321582 -0.025878353497243961 0.032321065807040264 -0.048635431468836664 -0.0038080329133385704 0.01236012475028626 0.00018093438781116252 0.051916189748403035 0.036666875858571722 -0.041719925802355777 0.0013576457822840528 0.057115875617192148 0.032226786558427825 -0.0020929092976587869 0.025482297136428522 0.010932201404022415 -0.030424854839834894
leaf_weight=1379.5099463239312 21953.010719865561 11164.343008540571 492.27209958434105 8556.8334590271115 1447.5263355821371 96303.976539514959 2857.539723560214 2472129.677028887 1060.4667863845825 4971.1796951889992 332.14245937764645 4319.3518558293581 1099.4948791861534 2290.8526746109128 5292.899735532701 521.52588012814522 4603.4477328583598 21769.879515893757 912.62374205887318 11740.838613905013 1759.161532625556 1746.241580337286 1490.0174507945776 7320.4189514815807 757.45181827992201 2985.0784206688404 19710.405369862914 21864.344647571445 8455.0548262149096 4061.4778346121311
leaf_count=4366 63552 29105 1659 35780 3384 289633 10930 7180769 3800 12629 759 12822 2650 8911 19341 1296 16769 66977 2541 36415 3909 4305 5513 21370 1644 7262 58037 54650 23527 13573
internal_value=1.27936e-05 -0.00213512 -0.00979329 -0.0215976 -0.00863414 0.000403622 0.000139427 -7.27472e-05 -0.0146474 0.0117869 -0.0291772 -0.0202654 -0.0158547 -0.0238832 -0.0133433 -0.0354351 -0.0426007 0.00538427 -0.0243305 0.00447506 0.0324596 0.000266072 -0.00454023 0.0140051 0.0167615 0.00791652 0.00696175 0.0101299 0.0152994 -0.00248867
internal_weight=2.74535e+06 152842 38053.1 20824.6 12267.7 114789 2.59251e+06 2.49171e+06 19578.3 6944.27 12634 9776.47 10820.2 8683.25 6392.39 5457.12 4935.59 100799 1973.09 17228.5 2251.43 14977.1 13230.9 18484.8 2136.96 79029.4 76044.3 56333.9 34380.9 12516.5
internal_count=7997878 467985 127877 76076 40296 340108 7529893 7242315 61546 18970 42576 31646 36912 30902 21991 18824 17528 287578 6341 51801 5568 46233 41928 50475 6010 220601 213339 155302 91750 37100
is_linear=0
shrinkage=0.05


Tree=153
num_leaves=31
num_cat=0
split_feature=36 22 54 85 54 48 63 42 54 77 12 37 54 35 85 26 85 46 97 13 42 36 85 87 30 90 54 90 35 13
split_gain=299.136 1429.55 1247.31 1287.72 934.488 926.618 1328.87 788.166 655.247 642.041 837.3 628.435 666.703 1110.75 715.804 1505.57 670.994 584.203 581.553 567.956 670.567 599.462 637.282 568.62 1055.33 624.189 530.431 1067.69 1418.55 826.745
threshold=-28.908246040344235 3.5000000000000004 20302.500000000004 0.90000000596046459 225240.00000000003 -0.50938662886619557 0.28040516376495367 0.99743056297302257 7542.5000000000009 1.3076950907707217 0.047293327748775489 -16.805540084838864 256777.50000000003 -1.6613923907279966 0.90000000596046459 -1.157883822917938 0.90000000596046459 0.043725052848458297 2.8273411389889705e-11 0.042465390637516982 0.99363273382186901 -38.44964408874511 0.90000000596046459 1.0000000180025095e-35 0.082499999552965178 2663.664672851563 564182.50000000012 2628.326782226563 -2.7275818586349483 0.031982263550162322
decision_type=2 2 2 2 2 2 2 2 2 2 2 2 2 2 2 2 2 2 2 2 2 2 2 2 2 2 2 2 2 2
left_child=1 5 3 8 -4 6 11 9 -3 -5 -11 -1 13 18 15 -14 -15 -16 -13 20 21 22 -6 24 -22 -25 -7 28 -28 -30
right_child=-2 2 4 7 19 26 -8 -9 -10 10 -12 12 14 16 17 -17 -18 -19 -20 -21 23 -23 -24 25 -26 -27 27 -29 29 -31
leaf_value=-0.012132045471314298 -9.7665054123278729e-05 -0.03053305863079523 -0.011840977480533008 0.036081783588417828 -0.063155251900231038 -0.0087703734801408001 0.030120505049909659 0.04666157373050947 0.057132223700417539 -0.065283820549625282 0.086394319970037992 -0.021783830549880853 -0.047690331352278993 0.0028133581742149348 -0.045758474450928746 0.030980178849398077 0.05211683306059909 0.0058024465422931853 0.001261877006695324 0.050258181569048183 0.023959668749347247 0.007096577078608517 0.0034467006417154156 -0.0024810833445197936 -0.025118445433822346 0.031731224904680187 0.006215476306201468 0.014819809307063326 -0.038581451608201589 0.029175804377928508
leaf_weight=6445.0182360708714 2628865.2097962499 227.07248748838902 4986.4763939678669 318.44893266260624 787.97557991743088 32714.077585585415 4764.6593651771545 582.66819684207439 3323.5320586413145 752.1926059871912 102.58515895903111 4984.4077109545469 668.83968295156956 1449.7388588488102 649.21675753593445 6609.6773015707731 1316.5808040201664 3540.7230704277754 6069.9913514703512 951.00433573126793 2449.1651030108333 2675.5344526693225 658.87630069255829 1696.6524487957358 1979.8861916363239 6215.436911970377 6389.0613759160042 8588.9054328948259 3874.882616430521 508.53459650278091
leaf_count=20981 7659913 757 15391 682 2991 100897 12034 1343 6631 2961 184 16137 2425 4275 2343 15939 2926 10273 17882 1968 6624 7677 2016 4940 6677 14600 18496 23104 13555 1256
internal_value=1.21059e-05 0.0024938 0.0124057 0.0342003 0.00724139 -0.000606872 0.0055016 -0.000823019 0.0515173 -0.0244296 -0.0469948 0.00180426 0.00535651 -0.00203852 0.0142681 0.0237447 0.0262906 -0.00219456 -0.00912997 0.0127061 0.0105337 -0.00692376 -0.0328408 0.0163656 0.00201879 0.0243948 -0.00488832 0.00167087 -0.00881274 -0.0307147
internal_weight=2.74515e+06 116282 27707.5 5306.5 22401 88574.3 36498.9 1755.89 3550.6 1173.23 854.778 31734.2 25289.2 13820.7 11468.5 7278.52 2766.32 4189.94 11054.4 17414.5 16463.5 4122.39 1446.85 12341.1 4429.05 7912.09 52075.5 19361.4 10772.5 4383.42
internal_count=7997878 337965 75442 12558 62884 262523 105215 5170 7388 3827 3145 93181 72200 41220 30980 18364 7201 12616 34019 47493 45525 12684 5007 32841 13301 19540 157308 56411 33307 14811
is_linear=0
shrinkage=0.05


Tree=154
num_leaves=31
num_cat=0
split_feature=64 14 53 20 36 13 44 12 8 38 85 39 36 40 21 51 35 55 6 42 51 30 85 37 42 78 39 9 78 7
split_gain=294.186 307.257 577.221 781.579 522.816 565.296 450.578 434.395 371.167 956.41 846.904 1658.17 1671.33 1093.07 922.968 839.156 1018.75 742.6 736.593 851.289 821.865 717.143 547.839 1172.86 575.353 664.916 529.205 513.674 522.819 495.21
threshold=231.26709747314456 76.303501129150405 0.6078576147556306 9.5000000000000018 -2.571720957756042 0.017433762550354007 1.0035441517829897 0.011674142908304931 -0.0035673381062224503 18.919052124023441 0.90000000596046459 -1.7220289707183836 12.491074085235597 -0.56174489110708226 14.500000000000002 -392.49999999999994 25.971328735351566 32257.500000000004 -0.0012974336277693508 1.0006129741668703 -502.49999999999994 0.30750000476837164 0.90000000596046459 5.3418400287628183 1.0009680390357973 1.3076950907707217 -10.032574653625487 0.3550864458084107 1.3076950907707217 -0.0010327021591365335
decision_type=2 2 2 2 2 2 2 2 2 2 2 2 2 2 2 2 2 2 2 2 2 2 2 2 2 2 2 2 2 2
left_child=1 8 4 -4 6 7 -3 -6 9 17 14 12 -12 -14 -11 21 -17 18 -1 26 -21 -16 23 -19 -24 -26 -20 28 -13 -10
right_child=-2 2 3 -5 5 -7 -8 -9 29 10 11 27 13 -15 15 16 -18 22 19 20 -22 -23 24 -25 25 -27 -28 -29 -30 -31
leaf_value=-0.0078696235657677999 -0.0059599960148058722 0.012547049167631811 0.012334148473510602 -0.052839572846559539 0.016382350893746064 0.014399309549736514 -0.021482963523734952 -0.016077647857719125 -0.00053114591651975246 0.052155148458748572 -0.031089514787801947 0.0016886915312343187 -0.04155394943444661 0.039710535578237532 0.0070636816422735326 -0.03140750354586809 0.050184899808329186 -0.063999325385156874 -0.037753359006317322 -0.011252490939408839 -0.0014924319453854492 0.029091127001899187 0.038098065389391207 0.048249518967553182 0.041622956420678092 -0.063084155470453526 0.0052425166561035517 0.024519960468277358 -0.033384890638030039 0.00099229771150369434
leaf_weight=46408.095744244754 20470.088366672397 1236.2319105416536 18348.574863359332 470.8411830663681 1388.1445297896862 6255.3939500972629 4549.8383502289653 3993.0307309925556 989833.35016050935 1424.9391300082207 1421.5396882146597 1390.6322002410889 461.21869631111622 3958.1037288159132 10845.838819518685 2067.7783161997795 468.38524122536182 261.69965952634811 724.46708657592535 22857.496737778187 382512.46411999315 5604.7825307846069 453.69311672449112 2043.2553188800812 211.102524548769 531.56769725680351 52897.157624430954 571.34091110527515 4497.0523552596569 1156874.1879293323
leaf_count=140925 61955 3410 50188 1725 3865 17149 15009 12649 2884875 3007 4931 3612 1650 9872 30704 6795 975 953 2540 72268 1127457 14062 1071 4312 436 2052 151292 1565 16582 3349992
internal_value=1.15257e-05 5.63947e-05 0.00462939 0.0107006 -0.00192849 0.00417876 -0.0142105 -0.00770175 -5.25506e-06 -0.00117491 0.00711224 -0.00325124 0.0160523 0.0312208 0.0133573 0.0104427 -0.016323 -0.00170762 -0.00186662 -0.00125964 -0.00204281 0.0145701 0.0212363 0.0354806 -0.00620975 -0.0332987 0.00466082 -0.0207078 -0.025101 0.000289845
internal_weight=2.74503e+06 2.72456e+06 36242.1 18819.4 17422.6 11636.6 5786.07 5381.18 2.68832e+06 541613 32711.6 12299.9 5840.86 4419.32 20411.7 18986.8 2536.16 508901 505400 458992 405370 16450.6 3501.32 2304.95 1196.36 742.67 53621.6 6459.03 5887.68 2.14671e+06
internal_count=7997878 7935923 103995 51913 52082 33663 18419 16514 7831928 1597061 93755 38212 16453 11522 55543 52536 7770 1503306 1494482 1353557 1199725 44766 8824 5265 3559 2488 153832 21759 20194 6234867
is_linear=0
shrinkage=0.05


Tree=155
num_leaves=31
num_cat=0
split_feature=48 62 39 30 85 54 99 25 53 86 99 26 54 36 39 54 55 99 8 12 85 37 85 27 30 37 22 85 85 85
split_gain=324.069 1098.79 811.526 1058.92 1041.99 1188.81 1200.98 1153.93 1251.85 1276.31 1172.04 1331.34 1266.72 1006.41 973.976 708.055 673.414 836.987 724.725 912.968 1351.42 694.071 641.012 1432.87 635.975 615.061 1013.24 2086.11 1839.49 636.834
threshold=0.96298784017562877 48.997076034545906 -1.9530361890792844 0.12749999761581424 0.90000000596046459 760522.50000000012 119653.65625000001 0.4997228085994721 0.87837970256805431 6.0000000000000009 165836.82031250003 -1.3943330645561216 396612.50000000006 -9.1699724197387678 -3.9768275022506709 503947.50000000006 -13262.499999999998 259131.23437500003 0.00069454475305974494 0.017517103813588623 0.90000000596046459 29.282600402832035 0.90000000596046459 -0.15326540917158124 0.52249997854232799 3.3849670886993413 3.5000000000000004 0.90000000596046459 0.90000000596046459 0.90000000596046459
decision_type=2 2 2 2 2 2 2 2 2 2 2 2 2 2 2 2 2 2 2 2 2 2 2 2 2 2 2 2 2 2
left_child=-1 2 3 -2 7 6 13 8 9 -5 12 -12 -9 -6 -10 -8 17 18 -4 24 -21 25 -23 -24 -20 29 28 -28 -27 -18
right_child=1 -3 16 4 5 -7 15 10 14 -11 11 -13 -14 -15 -16 -17 21 -19 19 20 -22 22 23 -25 -26 26 27 -29 -30 -31
leaf_value=-0.00012948006939852386 -0.0094376003057297063 0.017776550804565361 -0.0062839195487891719 0.0064246073507720595 -0.049747837092419159 0.082117411560993003 -0.00060912283545679242 -0.060459855323460467 -0.023470974875860195 0.039231000940623269 0.042548613743112425 0.0074107838107460404 -0.0023592169754489589 -0.0015367764363802723 0.052530809294143901 0.02515848546552172 -0.018865958425319875 -0.024597240182926243 0.012828038954549332 -0.018684418129419296 0.010869881673393436 -0.032689967649422849 0.063294288477150698 -0.026524557100726681 -0.020062467569965402 0.026042114879807274 -0.028406676611215678 0.02175395562310593 -0.004311202469525593 0.0096724843987384262
leaf_weight=2505861.9632825255 11620.158888749778 10292.215887770057 54392.444765195251 4422.7849107980728 2203.0472176522017 428.20386216044426 23210.474887102842 1046.439274251461 2188.042965233326 8996.8701431006193 3089.6917779892683 21107.271726839244 8992.0516689941287 2127.8192639574409 521.07534018158913 3010.8992124050856 4453.7412069514394 4569.3690257370472 17949.515028744936 9030.8038435727358 6764.324931114912 2355.5290591269732 698.24363352358341 1215.5348700582981 1599.8054164201021 13759.203896462917 4533.3866442888975 3817.0975427478552 7831.924562856555 3482.289434954524
leaf_count=7306909 35473 27594 164284 12831 8218 841 68475 3896 6913 19452 7079 57845 25862 6546 1095 8096 14477 14699 49225 28081 19171 8115 1520 4091 5033 34562 14803 10115 23508 9899
internal_value=3.85292e-05 0.00179486 0.00107779 0.00468058 0.00669753 -0.000517626 -0.00167861 0.0111358 0.022162 0.0284205 0.00594057 0.0118993 -0.0084217 -0.026068 -0.00883686 0.00235033 -0.00137675 -0.00372495 -0.00266182 0.0029122 -0.00602747 0.00387733 -0.0152319 0.00625925 0.0101353 0.00603167 0.00931189 -0.00547725 0.0150319 -0.00634317
internal_weight=2.74557e+06 239710 229418 92964.8 81344.7 30980.4 30552.2 50364.2 16128.8 13419.7 34235.5 24197 10038.5 4330.87 2709.12 26221.4 136453 94306.3 89736.9 35344.4 15795.1 42147 4269.31 1913.78 19549.3 37877.6 29941.6 8350.48 21591.1 7936.03
internal_count=7998708 691799 664205 262622 227149 92176 91335 134973 40291 32283 94682 64924 29758 14764 8008 76571 401583 280493 265794 101510 47252 121090 13726 5611 54258 107364 82988 24918 58070 24376
is_linear=0
shrinkage=0.05


Tree=156
num_leaves=31
num_cat=0
split_feature=79 77 77 50 37 35 54 54 37 75 36 55 22 22 94 55 22 44 44 94 54 54 24 54 49 42 79 74 79 86
split_gain=299.695 500.298 1205.46 510.68 681.456 793.851 770.264 1271.23 1073.64 591.643 562.362 667.788 761.124 661.563 606.863 545.615 491.435 625.879 471.076 470.567 424.454 471.381 479.515 458.064 618.567 517.921 396.343 437.01 373.246 496.342
threshold=5.5255424976348886 0.83046793937683117 1.2333478927612307 -192.49999999999997 -1.5061573982238767 -6.9049108028411856 8522.5000000000018 9527.5000000000018 23.830582618713382 5.9165215492248544 -15.807734012603758 2837.5000000000005 3.5000000000000004 1.5000000000000002 4429.3249511718759 19102.500000000004 3.5000000000000004 0.99394977092742931 0.99154397845268261 4631.4851074218759 22697.500000000004 5387.5000000000009 30.185338020324711 35697.500000000007 0.076279435306787505 1.0084468126296999 3.4530960321426396 222.40083312988284 4.2139346599578866 6.0000000000000009
decision_type=2 2 2 2 2 2 2 2 2 2 2 2 2 2 2 2 2 2 2 2 2 2 2 2 2 2 2 2 2 2
left_child=1 28 3 9 -5 16 8 -8 -7 20 11 19 -13 14 -12 -15 18 -18 -6 -11 21 -3 -23 24 -22 -25 -4 -28 -1 -30
right_child=-2 2 26 4 5 6 7 -9 -10 10 13 12 -14 15 -16 -17 17 -19 -20 -21 23 22 -24 25 -26 -27 27 -29 29 -31
leaf_value=-0.0014421435931451789 0.00079364842550570043 0.0056039618119427398 -0.00027602349939779349 -0.016100416340946746 -0.055271694812615492 -0.0054918113758059004 0.059282845921911603 0.0012623937187761685 -0.047467099191252193 0.037103353151917082 0.0076197652704800521 0.011691971774720492 -0.055947714315938972 0.0076421054080988053 -0.01669814242880225 0.029129385650816266 0.035687609222035024 -0.023896851771109798 0.027759069513464348 0.0018036223309178723 0.040359766281585531 -0.031355450345239184 -0.0055392020564985749 0.0039303473570719309 0.0010895111669149791 -0.012686587797880006 -0.0031341387626809911 0.0096047390565979617 -0.01314115578843391 -0.0021781228147372622
leaf_weight=279216.32024144381 885644.69464606047 7646.7519697472453 1000240.0191663504 5989.5141037255526 175.71972595900297 15651.733165822923 951.4572616070509 107257.08023160696 1686.7656731009483 4842.8546810150146 5075.328836619854 4352.9020694792271 458.82154978811741 26173.769123792648 5185.8367740064859 3329.8038735389709 658.82726010680199 1326.1523102074862 5170.1175203174353 1173.1679079085588 1974.9207981526852 2202.3843674212694 9801.3103244751692 115480.18103738129 2036.703836068511 4886.6196642816067 196384.59283286333 6970.2510615736246 16840.342767208815 26684.786273345351
leaf_count=808719 2273641 22249 3044302 19523 716 48115 1924 309271 6408 11035 13668 12430 1596 71306 16351 8708 1533 4276 12813 3316 4397 7439 29219 325168 5930 15357 758338 18891 70828 71241
internal_value=3.66273e-05 -0.000323862 5.19093e-05 0.00271201 0.000395641 0.00113936 0.000205388 0.00177315 -0.00957814 0.00436476 0.00901619 0.0191182 0.00523087 0.00626493 -0.00467008 0.0100683 0.0171316 -0.00410986 0.0250191 0.0302219 0.00273078 -0.00409778 -0.0102785 0.00380969 0.0204287 0.0032556 -0.000685141 -0.00269743 -0.00211352 -0.00642016
internal_weight=2.74547e+06 1.85983e+06 1.53708e+06 333489 138867 132878 125547 108209 17338.5 194621 50592.5 10827.7 4811.72 39764.7 10261.2 29503.6 7330.82 1984.98 5345.84 6016.02 144029 19650.4 12003.7 124378 4011.62 120367 1.20359e+06 203355 322741 43525.1
internal_count=7998708 5725067 4774279 952748 404579 385056 365718 311195 54523 548169 138410 28377 14026 110033 30019 80014 19338 5809 13529 14351 409759 58907 36658 350852 10327 340525 3821531 777229 950788 142069
is_linear=0
shrinkage=0.05


Tree=157
num_leaves=31
num_cat=0
split_feature=86 55 39 77 53 39 55 39 46 25 35 74 90 37 48 26 90 38 73 55 42 36 25 25 55 90 35 36 55 36
split_gain=304.308 556.304 835.057 924.085 1133.39 965.677 861.977 856.694 782.896 877.055 628.443 742.407 690.412 576.122 562.056 553.789 495.954 485.787 482.528 833.955 668.252 681.016 622.191 575.399 504.075 659.92 495.959 490.965 449.215 441.684
threshold=6.0000000000000009 -656372.49999999988 -4.3589689731597892 1.3076950907707217 1.0000000180025095e-35 0.069395143538713469 -667847.49999999988 13.103202342987062 0.052925152704119689 1.0451826453208926 -20.822810173034664 8.3106093406677264 2508.933227539063 -0.93939509987831105 -0.74455857276916493 -2.6731307506561275 2389.119995117188 -10.570209503173826 0.99778220057487499 -225907.49999999997 1.0030936002731325 -21.715603828430172 0.36980864405632025 0.60973319411277782 -690522.49999999988 2621.6589355468755 -5.3155202865600577 -32.996402740478509 -706227.49999999988 -3.3571530580520625
decision_type=2 2 2 2 2 2 2 2 2 2 2 2 2 2 2 2 2 2 2 2 2 2 2 2 2 2 2 2 2 2
left_child=1 2 8 4 10 15 13 -8 14 -10 -4 12 -12 -7 -1 -6 -16 -5 19 20 21 27 26 -24 29 -26 -23 -2 -28 -22
right_child=18 -3 3 17 5 6 7 -9 9 -11 11 -13 -14 -15 16 -17 -18 -19 -20 -21 24 22 23 -25 25 -27 28 -29 -30 -31
leaf_value=-0.040658254319561216 0.011468834249143758 -0.00044109940609704865 0.048057155348382272 0.028377155168980601 0.068221160820433197 0.033787548558787343 -0.044538678290311516 0.055568148945488928 -0.019977115110008631 0.011348576292983819 -0.067454835057913359 -0.01466305852327387 -0.02675307807364033 -0.0025009613859933453 -0.028084353485072894 -0.036097003386226942 0.026609560618683494 -0.0021399967003688978 0.00022819577722518942 -0.027008319642865476 -0.038120168987356401 -0.080033910968529715 0.045445892795335743 0.017370518981540968 -0.091280594526688713 -0.013364528315503553 -0.02383311556184535 -0.023821645486694059 0.011393709593368141 0.047867208205003557
leaf_weight=375.89857378602028 1831.8878633081913 555079.01654866338 241.48660074174404 1417.1066090762615 131.17908887565136 1178.9582361802459 1925.3550260961056 239.48479048907757 4568.0015143305063 4371.8939329758286 2115.3696211874485 2963.5447070673108 2057.5622084289789 14968.329445302486 448.50369048118591 3439.302009537816 5333.7513863295317 16213.916115760803 2097756.2316213846 1736.9886438250542 205.56796889007092 160.94652029871941 2395.0976880639791 7673.926986515522 306.91729074716568 2321.7126276642084 996.64109303057194 2130.7541275322437 9743.0617830604315 538.67911331355572
leaf_count=1317 4540 1696597 586 3872 348 3482 7254 621 15887 13585 9895 9286 8106 49088 1728 12992 13988 50738 6023332 5259 648 582 4798 18333 1165 6540 2900 6215 23961 1065
internal_value=3.47945e-05 -0.000942811 -0.00543517 -0.00872808 -0.0141764 -0.0084614 -0.00382233 -0.0334415 0.00479156 -0.00465774 -0.0311227 -0.0338091 -0.0473983 0.000150182 0.0185086 -0.0322449 0.0223622 0.000314029 0.000318306 0.00661005 0.00867415 0.0115 0.0150922 0.0240531 -0.0122101 -0.0224951 0.006813 -0.00750719 0.00812229 0.0240907
internal_weight=2.74487e+06 617069 61989.6 46891.6 29260.6 21882.6 18312.1 2164.84 15098 8939.9 7377.96 7136.48 4172.93 16147.3 6158.15 3570.48 5782.26 17631 2.1278e+06 30042.2 28305.2 24932.3 20969.7 10069 3372.88 2628.63 10900.6 3962.64 10739.7 744.247
internal_count=7998708 1899370 202773 156268 101658 73785 60445 7875 46505 29472 27873 27287 18001 52570 17033 13340 15716 54610 6099338 76006 70747 61329 50574 23131 9418 7705 27443 10755 26861 1713
is_linear=0
shrinkage=0.05


Tree=158
num_leaves=31
num_cat=0
split_feature=62 53 36 42 38 55 37 42 35 85 48 31 54 85 97 90 39 90 54 85 104 97 39 9 85 36 97 85 13 46
split_gain=294.107 928.543 816.272 679.019 723.113 699.991 674.039 519.456 632.56 622.661 802.04 670.045 513.652 659.826 715.961 624.398 596.901 795.537 820.308 557.958 818.234 740.477 547.722 450.154 568.464 447.398 446.739 804.308 611.356 786.706
threshold=11.142462730407717 0.87837970256805431 1.0682692527770998 1.00288861989975 1.8214371204376223 14952.500000000002 7.0292789936065683 1.0012006163597109 6.9980168342590341 0.90000000596046459 0.99275061488151561 519.47631835937511 557727.50000000012 0.90000000596046459 2.5386506319046025 2738.766479492188 4.4831063747406015 4222.1503906250009 29802.500000000004 0.90000000596046459 7.7211673259735116 -2.1808401346206661 -13.764542102813719 0.040687803179025657 0.90000000596046459 -11.623725891113279 3.8803256750106816 0.90000000596046459 0.067717894911766066 0.05132733844220639
decision_type=2 2 2 2 2 2 2 2 2 2 2 2 2 2 2 2 2 2 2 2 2 2 2 2 2 2 2 2 2 2
left_child=1 2 3 4 5 23 -5 8 -6 11 -11 -9 13 16 -15 19 17 -4 -19 20 22 -21 -14 24 -1 -10 27 28 29 -3
right_child=-2 26 12 6 7 -7 -8 9 25 10 -12 -13 15 14 -16 -17 -18 18 -20 21 -22 -23 -24 -25 -26 -27 -28 -29 -30 -31
leaf_value=0.035401512909974522 0.00012474732034043691 -0.0048169204745514274 -0.049047753857761979 -0.044876471032158652 -0.031401425999728193 0.029600952722619124 0.017488887207815357 0.026298424340340406 -0.010786454620369132 -0.032158356970766293 0.083426123209278114 -0.019675627258081876 0.031250833596246412 -0.012535550702530332 0.03375892553897944 -0.045773375333667272 0.0029194749532527884 -0.033842106028043738 0.036604005961663431 0.039923966726159575 0.056284898586577273 -0.049334814711164965 -0.05178719855316341 -0.00046555849472374301 -0.010263453287921435 0.051321671040918442 0.0024152776793351992 -0.0033444488961400058 0.031956481455953048 -0.042348209972312159
leaf_weight=2002.5359452366829 2661129.0424090996 1926.6271676048636 3265.4336992502213 453.60238732397556 4216.1813027709723 2422.8653029724956 9230.6031658053398 2529.7689855247736 989.5602980107069 1838.9677904546261 162.4402083158493 1152.9085490256548 405.74666513502598 3597.9121721312404 1086.5234044641256 497.49118572473526 1356.7032168209553 1096.8919269442558 661.65384683012962 370.40118888020515 1186.5406321883202 619.71022759377956 387.02975396811962 26261.050578042865 1032.0629897415638 408.95605209469795 3441.2759270370007 5481.1604577153921 393.50898575782776 5076.7470573633909
leaf_count=4669 7749794 5815 11894 1614 14263 6146 24850 6277 3034 6476 304 3682 959 11538 2756 1755 3900 3773 1585 960 2419 2338 1384 76508 3301 933 10004 16846 940 17991
internal_value=3.30334e-05 -0.00288793 -0.000290925 0.00260202 -9.08147e-05 0.0037782 0.0145629 -0.0109519 -0.0217374 -0.000295298 -0.0227377 0.0119029 -0.0107822 -0.0160438 -0.00179188 0.00600918 -0.0265042 -0.03445 -0.00732814 0.0146989 0.0300239 -0.0159314 -0.00929582 0.00164145 0.019871 0.00739541 -0.0135863 -0.0178625 -0.0286179 -0.0320262
internal_weight=2.74468e+06 83552.9 67233.5 52701.5 43017.3 31718.5 9684.21 11298.8 5614.7 5684.09 2001.41 3682.68 14532 11065.1 4684.44 3466.92 6380.68 5023.98 1758.55 2969.43 1979.32 990.111 792.776 29295.6 3034.6 1398.52 16319.3 12878 7396.88 7003.37
internal_count=7998708 248914 197318 152057 125593 90624 26464 34969 18230 16739 6780 9959 45261 35446 14294 9815 21152 17252 5358 8060 4762 3298 2343 84478 7970 3967 51596 41592 24746 23806
is_linear=0
shrinkage=0.05


Tree=159
num_leaves=31
num_cat=0
split_feature=48 62 39 30 46 94 55 55 8 12 30 37 37 97 99 11 25 62 25 37 55 25 55 22 46 36 42 8 22 26
split_gain=292.033 990.029 729.534 957.141 681.667 1290.83 606.427 761.938 734.839 786.11 661.436 622.385 613.459 603.347 603.281 604.737 600.957 599.583 578.609 773.141 534.563 505.061 498.615 496.869 478.677 463.529 461.654 461.529 454.607 436.362
threshold=0.96298784017562877 48.997076034545906 -1.9530361890792844 0.13250000029802325 0.05328537896275521 3235.559448242188 -13262.499999999998 -65992.499999999985 0.00069454475305974494 0.017517103813588623 0.52249997854232799 29.282600402832035 15.710910797119142 2.9122767448425297 235554.48437500003 0.017484870739281181 0.24102673679590228 34.45807075500489 0.66484782099723827 3.3849670886993413 5057.5000000000009 0.98490977287292492 -336107.49999999994 3.5000000000000004 0.037292607128620155 -14.184674263000487 0.99198210239410411 -0.0044201551936566821 1.5000000000000002 -1.8434632420539854
decision_type=2 2 2 2 2 2 2 2 2 2 2 2 2 2 2 2 2 2 2 2 2 2 2 2 2 2 2 2 2 2
left_child=-1 2 3 -2 16 22 7 8 14 10 -10 18 -11 29 25 -16 24 -13 20 21 -8 -20 -6 -21 -5 -4 -3 -18 -15 -7
right_child=1 26 6 4 5 13 11 -9 9 12 -12 17 -14 28 15 -17 27 -19 19 23 -22 -23 -24 -25 -26 -27 -28 -29 -30 -31
leaf_value=-0.00012810263345822294 -0.008582241452720683 -0.0057963297672333639 -0.016392916234859025 0.018850226959792587 -0.0073179821610486646 0.037472179728903279 0.019569418336391198 -0.020371849370859594 0.01279364615399696 -0.01129913485093019 -0.021340993016897347 -0.026902991135431788 0.012190547129202324 0.01176462470408156 0.05126490349987417 0.0025827031730124377 -0.025801381811792031 0.013762603760231444 -0.026547175880088258 0.015473370313636306 -0.025158744321584749 0.0017473958981084666 -0.053616401603103984 -0.00099861359456104881 -0.061286942165987623 -0.0048205286490134603 0.021822183591425827 0.015289291148979861 -0.012526242112905928 0.0099597459028551091
leaf_weight=2505091.0101524368 12254.011786989868 1842.5818568095565 11087.676298372447 303.59869214892387 14631.535768330097 1517.3312314972281 898.27325113117695 6273.3676823377609 17740.923885948956 10895.909941338003 1541.5690163075924 2954.8327849954367 3730.209476813674 3000.2982049882412 829.58112971484661 2751.7302307486534 701.2202525883913 1306.4195419251919 2170.771125562489 20530.978757530451 2596.8097350150347 5759.1467012390494 604.68818682432175 5891.0432163029909 479.61220529675484 39414.250465303659 8443.25214882195 25497.778065904975 5375.5767922997475 28499.098453864455
leaf_count=7306909 37332 5757 35075 803 44092 3593 2353 19894 48557 33551 4898 10165 10163 8124 1943 7943 2271 3561 7340 54938 8529 17036 2240 17168 1782 118469 21837 67892 16376 78117
internal_value=3.13764e-05 0.00169932 0.00101834 0.00443646 0.00641564 0.00315403 -0.00130924 -0.0035377 -0.00233724 0.00343321 0.0100635 0.00367934 -0.00530762 0.00804085 -0.00595523 0.0138721 0.0128977 -0.0144342 0.00571923 0.00769136 -0.0136594 -0.00599983 -0.00915918 0.0118007 -0.0302323 -0.00736161 0.0168741 0.0141884 -0.00382412 0.0113519
internal_weight=2.74462e+06 239524 229238 92864.7 80610.7 53628.5 136373 94265.2 87991.9 33908.6 19282.5 42108.3 14626.1 38392.3 54083.2 3581.31 26982.2 4261.25 37847 34351.9 3495.08 7929.92 15236.2 26422 783.211 50501.9 10285.8 26199 8375.87 30016.4
internal_count=7998708 691799 664205 262622 225290 152542 401583 280493 260599 97169 53455 121090 43714 106210 163430 9886 72748 13726 107364 96482 10882 24376 46332 72106 2585 153544 27594 70163 24500 81710
is_linear=0
shrinkage=0.05


Tree=160
num_leaves=31
num_cat=0
split_feature=64 22 38 37 37 25 25 12 30 46 54 41 25 25 37 39 37 94 25 94 87 37 54 7 35 25 39 54 54 54
split_gain=308.628 293.943 1261.63 1995.61 1499.93 1274.2 1589.08 1236.6 1083.57 1029.1 951.558 949.645 1148.24 1892.54 1102.67 978.741 944.373 1374.25 2087.53 2059.44 1926.56 2261.77 1292.68 1157.02 1152.33 1272.97 1242.12 1063.59 1061.03 2301.16
threshold=231.26709747314456 1.5000000000000002 1.8894567489624026 -2.3778406381607051 -7.022676706314086 2.7928394079208378 1.5989452600479128 0.072430934756994261 0.052500000223517425 0.29228979349136358 1537.5000000000002 0.99164012074470531 1.7725080251693728 1.8866807222366335 37.56413650512696 -16.403629302978512 19.572687149047855 4672.4799804687509 3.05855405330658 4555.8400878906259 1.0000000180025095e-35 43.247398376464851 3102.5000000000005 -0.0092535824514925463 -4.0239722728729239 0.73202836513519298 2.455397486686707 13152.500000000002 272265.00000000006 256777.50000000003
decision_type=2 2 2 2 2 2 2 2 2 2 2 2 2 2 2 2 2 2 2 2 2 2 2 2 2 2 2 2 2 2
left_child=1 2 3 4 10 6 -6 8 -7 -4 -1 -5 15 14 -14 -13 28 19 20 24 21 -19 -22 -24 -18 -26 -27 -21 29 -3
right_child=-2 16 9 11 5 7 -8 -9 -10 -11 -12 12 13 -15 -16 -17 17 18 -20 27 22 -23 23 -25 25 26 -28 -29 -30 -31
leaf_value=-0.028176361337166445 -0.0061160682374605795 -0.00014462573184057803 -0.0014364357524419382 -0.010178466335135312 -0.0058174927266249794 -0.014042686311793283 -0.026096775470623026 -0.025154119204587905 0.031120598505843956 0.032145434603529692 0.0037056149367742167 0.022535570140866455 0.036786392488113079 0.0070611334167111905 -0.052665968906090821 0.0035095180029486258 0.012726941805312815 0.0068496782285288856 0.021417519099883681 0.030944687080503092 0.006606059013560062 -0.062021827678720345 0.086875048894704543 -0.024169919344559306 -0.0024376844969613834 0.00030048719367014491 0.0075495779659354211 -0.0063223010660976567 -0.0024573793900897734 0.016960776398170386
leaf_weight=2444.5344225615263 20380.70169133693 784424.47549533844 384202.7407335937 10530.411309406161 26841.071859128773 1839.312998637557 15091.94265370816 2141.6803626567125 4771.4762139469385 2293.9397968351841 54413.961285367608 6928.2908853217959 8653.6898483932018 29629.684784024954 357.89624409377575 276006.54596545547 23736.206153288484 18381.39911583811 6168.612758859992 9323.5078196823597 4400.7432430908084 1273.751043304801 236.08326527476311 22401.188452415168 138805.23304205388 130427.10010182858 108047.06879769266 2408.5767334103584 628711.32665017992 20166.181872934103
leaf_count=9003 61823 2283882 1122214 31459 82399 5683 49792 7256 11507 5478 159025 17546 20333 82294 1305 778242 65285 53798 15916 23014 12587 4984 403 73460 414525 381089 307607 7396 1858767 53612
internal_value=1.37723e-05 5.96215e-05 0.000846917 0.00267892 -0.00324073 -0.00949481 -0.0131167 0.00785656 0.0185539 -0.00123702 0.00233434 0.00459586 0.00507971 0.0131643 0.0332278 0.00397551 -0.0002829 0.00167345 -0.00591684 0.00264558 -0.00952845 0.00238328 -0.0181876 -0.0230078 0.00204144 0.00136912 0.00358492 0.0232935 -0.000918425 0.000284117
internal_weight=2.74544e+06 2.72506e+06 826147 439650 107544 50685.5 41933 8752.47 6610.79 386497 56858.5 332107 321576 38641.3 9011.59 282935 1.89891e+06 465609 52861.8 412748 46693.2 19655.2 27038 22637.3 401016 377279 238474 11732.1 1.4333e+06 804591
internal_count=8001684 7939861 2383536 1255844 324665 156637 132191 24446 17190 1127692 168028 931179 899720 103932 21638 795788 5556325 1360064 161148 1198916 145232 58782 86450 73863 1168506 1103221 688696 30410 4196261 2337494
is_linear=0
shrinkage=0.05


Tree=161
num_leaves=31
num_cat=0
split_feature=64 65 35 31 81 90 55 39 49 24 39 25 28 37 25 25 39 55 55 36 90 55 13 99 35 55 35 55 55 55
split_gain=278.559 319.741 280.94 279.527 278.921 1515.01 1452.91 1588.68 1549.67 1449.66 2026.96 1412.53 1464.42 1384.47 1996.63 1923.44 1180.43 1139.99 1132.24 1128.21 2250.64 1987.12 1972.96 1878.33 1387.43 1285.89 1033.68 1017.58 1148.8 983.203
threshold=231.26709747314456 0.9218028485774995 -16.857487678527828 559.01589965820324 1.0000000180025095e-35 2695.5026855468755 -617822.49999999988 13.542812824249269 -0.60003554821014393 77.728149414062514 6.3841030597686776 2.8366353511810307 0.47499999403953558 -3.5842219591140743 0.57919371128082286 0.75113925337791454 0.13242680579423907 -667847.49999999988 -519357.49999999994 -5.2089936733245841 2734.5266113281255 -475727.49999999994 0.023361059837043289 165836.82031250003 -0.60637193918228138 -214402.49999999997 24.013957023620609 -665442.49999999988 -717562.49999999988 -726527.49999999988
decision_type=2 2 2 2 2 2 2 2 2 2 2 2 2 2 2 2 2 2 2 2 2 2 2 2 2 2 2 2 2 2
left_child=4 2 -2 -3 -1 9 8 19 -7 10 13 12 -12 27 29 -16 -11 -14 -18 21 24 22 -8 -23 -21 -22 -9 28 -6 -15
right_child=1 3 -4 -5 5 6 7 26 -10 16 11 -13 17 14 15 -17 18 -19 -20 20 25 23 -24 -25 -26 -27 -28 -29 -30 -31
leaf_value=0.00028593605784546993 -0.050350326473634466 -0.0086715522889253029 0.0010956289026693353 -0.031497520070101953 -0.019220110201400468 -0.017011228810608871 -0.0370799641788555 0.02935179249928517 0.033130893141838674 -0.029107885786080062 -0.033277056550535478 0.059082135957627673 0.0090592402666753342 0.024504549270111933 0.035683690165004438 0.0057717580780061476 -0.011743886730649963 -0.024448053760009886 0.037709164201684624 -0.046213662435772698 -0.011424776741351244 0.014838687328080739 0.036989618951282686 0.00074468177168742844 0.04209085324592661 -0.0014068196617640721 -0.051531456993907314 -0.043218248025028529 0.058612754120658243 -0.015673123838435148
leaf_weight=2260526.85811387 270.9609444886446 7528.6323884055018 10947.923815898597 1631.7518998011947 1762.8026073947549 2034.3315356522799 5586.9271326959133 6184.7654249146581 6343.6040005534887 11060.517081558704 8983.8485922813416 603.74672520905733 5778.5440207570791 1758.9639009311795 7204.9353903308511 21149.236187279224 14338.846037171781 4525.406213209033 1258.0436292737722 503.36514504253864 51083.336728855968 27183.154994085431 1070.5149402990937 181318.79394719005 3773.1098590195179 85892.207033209503 421.01752206683159 2642.7452079057693 647.34977188706398 11293.983038410544
leaf_count=6502143 1003 23214 32007 5599 6850 6788 20364 16360 16538 40686 33280 1489 18269 5283 18942 64895 49792 16124 3417 1897 165103 76890 2833 547696 9719 263500 1584 9926 1391 38102
internal_value=1.30901e-05 -0.0058107 -0.000150836 -0.0127411 5.66491e-05 -0.00105941 0.000369716 -0.000105388 0.0209542 -0.00676608 -0.00280927 -0.0161648 -0.0185233 0.00290891 0.00592427 0.0133737 -0.0166141 -0.00565733 -0.00775253 -0.000555744 -0.00402768 0.00172356 -0.0251651 0.00258225 0.0316874 -0.00514299 0.0241889 -0.0217964 0.00169881 -0.0102571
internal_weight=2.74531e+06 20379.3 11218.9 9160.38 2.72493e+06 464404 371395 363017 8377.94 93009 66351.6 19891.5 19287.8 46460 41407.1 28354.2 26657.4 10304 15596.9 356411 141252 215159 6657.44 208502 4276.48 136976 6605.78 5052.9 2410.15 13052.9
internal_count=8001684 61823 33010 28813 7939861 1437718 1129272 1105946 23326 308446 214551 69162 67673 145389 127222 83837 93895 34393 53209 1088002 440219 647783 23197 624586 11616 428603 17944 18167 8241 43385
is_linear=0
shrinkage=0.05


Tree=162
num_leaves=31
num_cat=0
split_feature=79 79 30 22 37 26 13 90 55 25 12 54 55 54 42 39 38 54 90 42 87 37 94 25 90 9 94 8 6 36
split_gain=279.614 441.466 387.335 690.319 1043.74 1656.6 1253.22 1862.83 1565.75 1281.47 1185.27 2020.57 1005.11 2272.34 1345 886.055 950.656 1170.95 1084.33 1394.04 1042.76 918.589 863.623 797.425 921.023 691.147 690.564 778.418 611.914 802.238
threshold=5.5255424976348886 1.4324970841407778 0.47249999642372137 1.5000000000000002 19.416855812072757 0.38673858344554907 0.025830898433923725 4169.1691894531259 5267.5000000000009 0.66775310039520275 0.034243796020746238 101132.50000000001 -585987.49999999988 463417.50000000006 1.0057572722435 2.3946220874786381 2.1058980226516728 1537.5000000000002 3307.2163085937505 1.0052475333213808 1.0000000180025095e-35 2.6174721717834477 3295.230102539063 0.10662378743290903 4631.0600585937509 0.07916258275508882 3319.581909179688 0.0002523340226616711 -0.00089970766566693772 -0.32336531579494471
decision_type=2 2 2 2 2 2 2 2 2 2 2 2 2 2 2 2 2 2 2 2 2 2 2 2 2 2 2 2 2 2
left_child=1 -1 3 15 6 23 7 8 -5 -9 11 -8 14 -14 -7 16 17 -3 20 -20 -18 -19 -12 -6 -25 -17 27 -27 29 -4
right_child=-2 2 28 4 5 12 10 9 -10 -11 22 -13 13 -15 -16 25 18 21 19 -21 -22 -23 -24 24 -26 26 -28 -29 -30 -31
leaf_value=0.0011963796206787163 0.00074359291742306835 -0.035629107448483813 -0.00074870478680374975 -0.0052342886547312659 -0.01549815580610747 0.0096561628052879572 0.010965558523117168 -0.027733220313338993 0.01731015189897293 -0.0095605136998596092 0.040470685578351907 -0.0092926592580675673 -0.0027433599794298071 -0.026448982451361236 -0.023660675433931157 0.0036149291806717243 -0.0070736939525873933 0.00084979520312888186 -0.013015551266828067 0.0053121060476233085 0.014030752868300978 0.01171423137046183 -0.010391714087831006 0.0096952710150244436 -0.0097875234554681903 -0.018532360414924499 -0.00096559730232941747 -0.0016343618839279425 0.0011601758451653293 -0.0085240117962964816
leaf_weight=375229.66978365183 885627.61438089609 1615.9227440282702 277145.7074239105 161781.29919336736 3933.8253032118082 21236.931207612157 39630.159763164818 14787.777522429824 8085.5528196841478 28206.105835407972 864.8214146643877 17852.58968693018 59331.065157473087 12184.497538924217 3532.1758213341236 23202.870429158211 8952.4344356283545 32553.756854221225 27745.193158857524 16571.046236313879 16900.810646623373 48358.488301612437 23128.519993789494 58588.885895617306 6765.6002295464277 17756.01079595834 27457.792999945581 11061.719485387206 477398.81654181331 37685.240691408515
leaf_count=1014767 2274526 6785 870323 529417 13329 64863 122120 55907 23641 94313 2111 59505 195315 45928 13296 71856 30664 104001 94396 53413 46760 140006 78387 178903 23137 61581 88712 34828 1486486 122408
internal_value=1.23807e-05 -0.000335864 -0.000723214 -0.00158738 -0.00270936 0.00046644 -0.00449585 -0.00651435 -0.00416106 -0.0158116 0.000777525 0.00467376 -0.00377614 -0.0067826 0.00490408 0.000635109 0.00286356 0.00650133 -0.00141489 -0.00616226 0.00672254 0.00734322 -0.0085566 0.00636208 0.00767819 -0.00364621 -0.00664014 -0.0120465 3.17063e-05 -0.00167945
internal_weight=2.74517e+06 1.85955e+06 1.48432e+06 692086 459910 165573 294337 212861 169867 42993.9 81476.1 57482.7 96284.7 71515.6 24769.1 232176 152698 82528.2 70169.5 44316.2 25853.2 80912.2 23993.3 69288.3 65354.5 79478.4 56275.5 28817.7 792230 314831
internal_count=8001684 5727158 4712391 2233174 1500172 534771 965401 703278 553058 150220 262123 181625 319402 241243 78159 733002 476025 250792 225233 147809 77424 244007 80498 215369 202040 256977 185121 96409 2479217 992731
is_linear=0
shrinkage=0.05


Tree=163
num_leaves=31
num_cat=0
split_feature=100 54 85 37 54 46 37 7 11 37 29 50 26 46 86 26 37 25 77 12 6 22 90 86 90 54 54 22 90 85
split_gain=277.212 347.449 1468.58 2301.77 1700.67 1621.32 1909.12 1588.82 1571.24 1246.84 995.624 1128.24 1281.8 975.484 1777.24 1924.48 1395.46 2377.67 1146.58 1089.31 965.687 931.16 924.016 1696.85 922.943 914.096 1468.84 3068.13 1264.18 1068.54
threshold=373462.07812500006 2482.5000000000005 0.90000000596046459 2.6174721717834477 1372.5000000000002 0.096452839672565474 -9.2911539077758771 -0.0088749467395246012 0.068264957517385497 -14.672755718231199 0.78249999880790722 32.500000000000007 2.081653475761414 0.093325421214103713 6.0000000000000009 2.081653475761414 18.641073226928714 2.8366353511810307 1.3076950907707217 0.032224493101239211 -0.0091630602255463583 1.5000000000000002 4429.0937500000009 6.0000000000000009 4734.0026855468759 4152.5000000000009 4622.5000000000009 2.5000000000000004 4459.8750000000009 0.90000000596046459
decision_type=2 2 2 2 2 2 2 2 2 2 2 2 2 2 2 2 2 2 2 2 2 2 2 2 2 2 2 2 2 2
left_child=1 2 3 4 8 9 -7 20 22 -4 11 -8 -13 14 18 -16 19 -18 -9 -15 -5 24 -1 -24 -12 -3 27 29 -29 -27
right_child=-2 25 5 7 -6 6 10 13 -10 -11 21 12 -14 16 15 -17 17 -19 -20 -21 -22 -23 23 -25 -26 26 -28 28 -30 -31
leaf_value=0.017122469625776206 0.0057037436959053202 0.0048534731247948208 -0.052374613474862421 -0.052924325273207243 -0.04001137817008657 0.042527697225156376 -0.017398500407268185 0.017940997974748039 0.033219623347630338 0.01707247865613451 0.053104878208805308 0.00026076765178572816 0.090362633133643011 0.011597806842364248 -0.030851214687057794 0.057545398923021122 -0.029246232035655403 0.044635859721743415 -0.02272482373631745 -0.0054277192397568759 0.046110145981364772 -0.00029278154557853953 0.0030711965384033718 -0.048497627990636477 -0.010272306029427554 -0.043269637745029302 2.2054388805898697e-05 -0.021649077683425336 0.025516778222140053 -0.012736641217117737
leaf_weight=1494.8006052970886 21223.418423704803 97430.335354462266 666.71564880013466 274.12394239753485 7863.4515124559402 2248.8275252133608 18027.286184817553 5384.7504414692521 1812.3465001136065 20175.824397973716 1818.1669265627861 8199.7879891991615 413.69094981253147 21218.551011130214 10913.990244872868 651.58507373929024 7313.1422470062971 1278.4903255403042 2554.9115016013384 16857.842173703015 2344.9947206676006 9737.0927876979113 2785.7295533195138 3730.6064631342888 838.9624131321907 6500.5919553413987 2458786.054814674 1983.4948732107878 4999.5144409090281 5126.6181185543537
leaf_count=4157 61983 278630 2598 1006 33852 5322 59345 15664 4632 55358 4149 25062 761 58428 35474 1265 24998 3035 8810 51241 5151 29559 9543 14323 2716 23540 7145983 6335 12649 16115
internal_value=1.16453e-05 -3.27129e-05 -0.00238349 -0.00659639 -0.0226834 0.00348076 -0.00225838 -0.00245999 -0.00880962 0.0148483 -0.00483969 -0.0102863 0.00459878 -0.003972 -0.0133618 -0.0258661 -4.71353e-05 -0.0182476 0.00485326 0.00405989 0.0357268 0.00686693 -0.0183214 -0.0264541 0.0330959 0.000102961 -8.38657e-05 -0.0140776 0.0121176 -0.0298098
internal_weight=2.74466e+06 2.72343e+06 148606 86479.3 17686.9 62126.4 41283.8 68792.4 9823.48 20842.5 39035 26640.8 8613.48 66173.3 19505.2 11565.6 46668 8591.63 7939.66 38076.4 2619.12 12394.2 8011.14 6516.34 2657.13 2.57483e+06 2.4774e+06 18610.2 6983.01 11627.2
internal_count=8001684 7939701 456449 271579 66507 184870 126914 205072 32655 57956 121592 85168 25823 198915 61213 36739 137702 28033 24474 109669 6157 36424 28023 23866 6865 7483252 7204622 58639 18984 39655
is_linear=0
shrinkage=0.05


Tree=164
num_leaves=31
num_cat=0
split_feature=30 55 48 26 36 62 37 85 51 39 12 13 39 55 50 62 85 26 22 22 86 25 90 38 55 55 99 7 22 35
split_gain=265.768 1200.47 986.876 879.485 1360.47 1028.95 1269.24 1024.12 1390.49 1365.14 1003.17 966.867 941.41 890.255 846.998 753.773 871.908 1037.01 1199.97 960.107 1342.38 1341.31 989.661 736.142 734.458 2110.14 1753.8 723.137 824.108 707.685
threshold=0.90249997377395641 30557.500000000004 0.56457334756851207 1.4415740370750429 -6.4257743358612052 25.088389396667484 1.9191339015960696 0.90000000596046459 -212.49999999999997 1.0763608217239382 0.012407659087330105 0.018499782308936123 0.73544207215309154 -255067.49999999997 -377.49999999999994 46.651044845581062 0.90000000596046459 0.32733066380023962 2.5000000000000004 2.5000000000000004 6.0000000000000009 0.68122836947441112 3203.7360839843755 3.2605783939361577 -556792.49999999988 -588287.49999999988 122610.50000000001 -0.018313398584723469 2.5000000000000004 9.2026000022888201
decision_type=2 2 2 2 2 2 2 2 2 2 2 2 2 2 2 2 2 2 2 2 2 2 2 2 2 2 2 2 2 2
left_child=-1 2 3 5 13 14 27 8 12 10 -9 -10 -6 -5 24 16 19 18 -18 20 -4 -21 -23 -8 25 -2 -26 28 -7 -22
right_child=1 -3 15 4 7 6 23 9 11 -11 -12 -13 -14 -15 -16 -17 17 -19 -20 21 29 22 -24 -25 26 -27 -28 -29 -30 -31
leaf_value=-0.00019067105961277837 0.006035419385370641 0.032352795117265402 -0.0073464743739126625 -0.058817008623949021 0.010258929102894665 -0.02847176493911573 -0.0082977467990327045 0.091202497987020348 0.0037821544967923562 0.020489533573674341 -0.014307785485085709 0.031413974732441223 -0.03101250148672597 -0.0029482232660054926 -0.0061410446964693353 0.0043999738938019202 0.027178199642126616 -0.024821807954622074 -0.017262546484483467 0.057208541747955435 -0.053821926225625143 -0.057900789535569236 -0.0016014531795626185 0.00047764233117525954 -0.022924141979949283 0.039573139873552765 0.0047101860333712284 0.0059419982136204299 0.0042923832760975618 0.026818107269121594
leaf_weight=2349662.9291592613 28942.934143394232 3069.6138306856155 3349.8432127609849 1124.679419182241 4591.0188758671284 3478.8447395861149 68251.089524656534 230.33585260808468 4156.4121545851231 5328.6499897316098 8609.1360892727971 13292.34594860673 1975.3934806585312 1946.0671453326941 18804.862180277705 9524.9456571191549 4046.4204350113869 3058.1214786469936 2430.4958030879498 764.39123763144016 4383.4612944871187 1011.0577087774873 3414.040054820478 36773.437643356621 6118.3936482518911 5596.3989414870739 92956.090187504888 52992.683007873595 4278.4842106699944 289.39977240562439
leaf_count=6872574 81646 7371 10601 4321 12217 11785 203068 385 11373 14437 27258 31732 6473 5607 55922 27234 10531 10171 7810 1555 15260 3743 9880 106084 19274 13123 258812 149008 11749 680
internal_value=1.10123e-05 0.00121138 0.000967253 0.00171926 0.00858795 0.000828685 -0.00189765 0.0111631 0.0174525 0.000501687 -0.0115479 0.0248328 -0.00215895 -0.0234246 0.00379394 -0.00740821 -0.0123528 -0.000828975 0.0105007 -0.0206684 -0.0315078 -0.00390735 -0.0144762 -0.0052251 0.00519227 0.0114707 0.00300335 0.00385475 -0.0104021 -0.048822
internal_weight=2.74445e+06 394789 391719 359447 41254 318193 165775 38183.3 24015.2 14168.1 8839.47 17448.8 6566.41 3070.75 152419 32272.2 22747.2 9535.04 6476.92 13212.2 8022.7 5189.49 4425.1 105025 133614 34539.3 99074.5 60750 7757.33 4672.86
internal_count=8001684 1129110 1121739 1024274 113803 910471 481694 103875 61795 42080 27643 43105 18690 9928 428777 97465 70231 28512 18341 41719 26541 15178 13623 309152 372855 94769 278086 172542 23534 15940
is_linear=0
shrinkage=0.05


Tree=165
num_leaves=31
num_cat=0
split_feature=81 55 94 53 25 37 31 53 35 90 48 22 24 25 25 24 29 90 55 55 14 78 13 41 48 90 100 55 13 104
split_gain=294.074 1421.38 1523.67 1471.57 1288.25 1527.58 1344.44 1605.5 1594.63 1586.87 1559.2 1255.26 2111.97 1762.88 2219.61 1345.8 1280.32 1188 1181.37 1102.24 888.948 830.058 808.444 791.082 873.169 788.214 767.222 1233.3 1308.1 1006.55
threshold=1.0000000180025095e-35 -720089.99999999988 2489.6064453125005 1.0000000180025095e-35 0.44524331390857702 52.413543701171882 638.66827392578136 0.87837970256805431 0.58876600861549389 2995.253051757813 0.60003554821014415 1.5000000000000002 62.153976440429695 2.3621916770935063 2.2246146202087407 21.596944808959964 0.14249999821186068 4734.0026855468759 -594777.49999999988 -737852.49999999988 32.244524002075202 3.7121527194976811 0.0097849327139556425 0.9966164529323579 0.31107263267040258 2752.3989257812505 121381.79687500001 -525842.49999999988 0.01946460455656052 7.7159104347229013
decision_type=2 2 2 2 2 2 2 2 2 2 2 2 2 2 2 2 2 2 2 2 2 2 2 2 2 2 2 2 2 2
left_child=21 3 23 19 6 11 10 9 25 22 -4 12 17 14 -13 -15 -14 -6 -10 -2 -5 -1 -8 -3 -25 -9 27 29 -29 -23
right_child=1 2 4 20 5 -7 7 8 18 -11 -12 13 16 15 -16 -17 -18 -19 -20 -21 -22 26 -24 24 -26 -27 -28 28 -30 -31
leaf_value=-7.992904706033302e-05 -0.020336573113505146 -0.0045543414839603318 -0.0051790559827781611 0.041413605894061026 0.012473514270007468 -0.036646184970776319 -0.044911223589737072 -0.037934910369785982 0.070659859326338934 0.0095752360619324826 -0.027450307495211157 -0.00079623560298517748 -0.019406385496343617 0.0019789919043021824 0.027806162810243097 -0.020650576078103267 0.00089514420181454008 -0.012800481745127696 0.019107423612095827 -0.069831581287086261 -0.009865325151070704 0.0061294733538617722 -0.012353674593682137 0.085509737185044607 -0.065020724562838764 0.013131974107045773 0.0014934488857465745 -0.0042439401504351972 -0.074842566487058323 0.022065057847492214
leaf_weight=2026574.9479869157 3047.0983379334211 497.42932385206223 18762.622439622879 911.2956714630127 63035.797205522656 2778.5742161646485 2459.2088168561459 1315.8402410149574 1716.6050851792097 8045.5380641967058 13523.367913521826 227875.84920570254 9379.2668782323599 9953.9491008147597 6989.9364202022552 19321.908294379711 45126.757261529565 5018.7946309819818 3152.4733806028962 1783.6662574931979 11481.968181945384 37846.703268021345 8485.0486544892192 1011.5982647836208 105.69985301792622 1771.9734048545361 194210.12664465606 3429.945007532835 810.42652370035648 13424.362306460738
leaf_count=5884920 12226 1494 59867 2333 176480 10313 9530 4896 3744 23656 47294 704362 31582 29997 18534 65913 137346 15941 9158 8220 40212 97574 28794 1740 409 5029 524275 9354 2956 31586
internal_value=2.06356e-05 -0.0011215 -0.000582315 -0.0152174 -0.000756846 0.000287925 -0.00762665 0.000618663 0.0194717 -0.00728128 -0.0145083 0.000553415 0.00473548 -0.00138704 5.51055e-05 -0.0129564 -0.00259849 0.0106094 0.0372942 -0.0386234 -0.00609127 0.000255232 -0.0196733 0.0478851 0.0712192 -0.00863327 0.00297519 0.00815894 -0.0177525 0.0103024
internal_weight=2.74385e+06 467552 450328 17224 448714 389481 59232.7 26946.7 7956.89 18989.8 32286 386702 122561 264142 234866 29275.9 54506 68054.6 4869.08 4830.76 12393.3 2.2763e+06 10944.3 1614.73 1117.3 3087.81 249722 55511.4 4240.37 51271.1
internal_count=7999735 1449070 1386079 62991 1382436 1190468 191968 84807 22827 61980 107161 1180155 361349 818806 722896 95910 168928 192421 12902 20446 42545 6550665 38324 3643 2149 9925 665745 141470 12310 129160
is_linear=0
shrinkage=0.05


Tree=166
num_leaves=31
num_cat=0
split_feature=65 39 51 87 36 55 55 9 94 55 54 77 54 53 54 12 97 55 39 44 25 62 25 24 49 6 85 25 54 12
split_gain=288.044 612.73 637.842 859.509 1485.61 1385.86 2711.87 1457.01 1388.3 1036.04 1020.49 982.173 801.414 783.152 804.139 1179.93 905.346 687.693 795.246 751.49 523.052 486.517 496.808 485.363 473.987 763.422 1181.11 1047.65 951.313 737.828
threshold=0.35850399732589727 -2.4051147699356075 317.50000000000006 1.0000000180025095e-35 -9.4588117599487287 -670217.49999999988 -574557.49999999988 0.067051794379949584 2639.3464355468755 -758012.49999999988 3497.5000000000005 1.3076950907707217 797.50000000000011 0.87837970256805431 364092.50000000006 0.018000272102653984 -5.1841506958007804 -758012.49999999988 -6.3297550678253165 0.99741506576538097 0.57919371128082286 18.095820426940922 0.59308630228042614 91.580417633056655 0.58244305849075328 0.012058684602379801 0.90000000596046459 1.997237026691437 1372.5000000000002 0.077641431242227568
decision_type=2 2 2 2 2 2 2 2 2 2 2 2 2 2 2 2 2 2 2 2 2 2 2 2 2 2 2 2 2 2
left_child=-1 2 20 12 9 -6 7 -7 -8 -5 -11 -12 23 17 16 -16 -15 18 -14 -19 -2 22 -22 -4 25 -3 27 -27 29 -29
right_child=1 24 3 4 5 6 8 -9 -10 10 11 -13 13 14 15 -17 -18 19 -20 -21 21 -23 -24 -25 -26 26 -28 28 -30 -31
leaf_value=0.00047762810625725247 -0.006907924876092016 -0.00078961935952985118 0.057914107518322044 -0.052593240138824063 0.036835920838938212 0.055258316297733791 0.0481925225130184 -0.038200561091048378 0.0022101377267974951 -0.029898799923813554 0.0074697015938047177 0.025142396373388054 -0.033028553448904978 0.067149022373066872 0.0063803348433796167 0.053705959132297101 -0.0060542855125826738 -0.028403900832764568 0.089987368100740428 -0.0043600093339305132 0.048466650110994415 0.0011752850857973476 -0.0072303448616121814 -0.038470089168878674 -0.0032106043940338513 -0.043560140119900601 -0.010877756192747622 0.032862201777748262 0.041618129915337476 -0.070836153395734638
leaf_weight=1524742.4171538502 27472.786628000438 577931.37463197112 847.92749214172363 556.22705139964819 2614.0478135198355 448.83351716399193 1713.9881428182125 5730.9793771505356 38321.504887878895 1160.552119165659 13451.026086308062 18926.452225282788 198.86803635209799 445.22942487895489 4021.64162504673 1957.8656521886587 7897.3455399721861 3606.8265944421291 383.4031258225441 32764.890284761786 406.17830005288124 207021.28633443266 23927.329287856817 153.5806577205658 237953.22555691749 479.14890436828136 3126.4864807277918 326.87874944508076 4669.4668176099658 358.834388718009
leaf_count=4436700 81278 1683656 1832 2153 5995 912 3637 19189 108604 4111 36897 47073 742 931 11684 4440 23951 12045 713 100142 884 595361 71552 524 720674 1644 9758 793 10425 1435
internal_value=1.95702e-05 -0.00055343 0.00106855 0.00385195 0.00701729 0.00142488 -0.000578695 -0.0314041 0.00418 0.0150262 0.0161494 0.017801 -0.00116891 -0.00203458 0.00789066 0.0218834 -0.00213937 -0.0058815 0.0479795 -0.00674519 -0.000385379 0.000389161 -0.00629848 0.043105 -0.00132826 -0.000565052 0.0139164 0.0272035 0.0335429 -0.0214201
internal_weight=2.74362e+06 1.21887e+06 394029 135201 82923.6 48829.4 46215.3 6179.81 40035.5 34094.3 33538 32377.5 52277.6 51276.1 14322.1 5979.51 8342.57 36954 582.271 36371.7 258828 231355 24333.5 1001.51 824845 586892 8960.82 5834.33 5355.18 685.713
internal_count=7999735 3563035 1134650 385575 228571 138337 132342 20101 112241 90234 88081 83970 157004 154648 41006 16124 24882 113642 1455 112187 749075 667797 72436 2356 2428385 1707711 24055 14297 12653 2228
is_linear=0
shrinkage=0.05


Tree=167
num_leaves=31
num_cat=0
split_feature=35 46 42 85 25 25 9 37 87 62 62 42 7 77 48 7 42 94 87 94 24 39 12 21 8 49 55 13 42 41
split_gain=282.451 913.547 659.068 771.469 836.183 820.13 628.742 711.628 1065.91 821.377 685.967 599.492 831.685 568.224 558.872 552.838 546.673 482.391 694.394 473.809 463.424 454.581 408.254 376.387 353.979 680.873 663.364 601.977 576.138 739.881
threshold=22.344172477722172 0.10567348077893259 1.0141812562942507 0.90000000596046459 3.1142147779464726 3.1142147779464726 0.27826549112796789 52.413543701171882 1.0000000180025095e-35 13.463414192199709 12.02374315261841 1.0021600723266604 0.00034062613849528139 1.3076950907707217 -0.75894212722778309 0.00049128889804705988 0.99967375397682201 4695.0300292968759 1.0000000180025095e-35 2717.5588378906255 62.577741622924812 5.3765156269073495 0.0094066555611789244 22.500000000000004 -0.0035673381062224503 0.96863394975662243 32257.500000000004 0.01331080822274089 1.0002300739288332 1.0045448541641238
decision_type=2 2 2 2 2 2 2 2 2 2 2 2 2 2 2 2 2 2 2 2 2 2 2 2 2 2 2 2 2 2
left_child=24 6 3 4 -3 -5 7 10 -9 -10 22 20 -13 -7 15 -12 -16 -4 -19 -18 -11 -17 -2 -20 25 26 28 -27 -1 -30
right_child=1 2 17 5 -6 13 -8 8 9 11 14 12 -14 -15 16 21 19 18 23 -21 -22 -23 -24 -25 -26 27 -28 -29 29 -31
leaf_value=0.0039564389039398002 0.026597960155293678 -0.048506607083905993 0.021669241390011564 0.087144422357451165 0.067243972394248813 0.04364474712466293 -0.024866932937417787 -0.028975385758320312 0.038256157944861813 -0.10463484908694554 -0.023805316381423185 -0.062213779321801804 -0.0050116903350623599 -0.053707196667000356 -0.057297814043721265 0.0079131577344051397 -0.0016571131239499861 0.020793302329174507 -0.076428033583882615 0.015960992301963888 0.021667764724558586 -0.015999681052569752 -0.022716085678816396 0.057137454534978052 0.00023120471960174878 0.021562767509871544 0.021238451994878491 -0.01039066095759536 -0.0034382301548237038 0.00057756708263121087
leaf_weight=54097.759634181857 486.67377299070358 170.23383589088917 1623.9961819946766 214.20354351401329 1781.4843068271875 213.94475072622299 2180.6794988960028 4112.4001452922821 1335.1769065111876 74.413814708590508 2145.3523052930832 789.22870156168938 3246.4622049927711 494.63652072846889 281.78247304260731 10869.421526797116 4709.2722839787602 489.50270715355873 473.69102349877357 20105.486465394497 1969.3442203849554 2431.0058531537652 3011.5955785438418 58.56456084549427 2134544.6622645482 1556.9910255745053 3397.7543492466211 27322.271920584142 237498.12265187502 221826.17632312328
leaf_count=155162 1216 608 4239 411 3352 432 7288 14357 3111 313 7065 2917 9766 1908 1067 30697 14267 1351 1825 54845 4955 7870 10074 126 6204812 4191 8548 87270 706964 648728
internal_value=1.86186e-05 0.00332062 0.0227514 0.0393222 0.0571257 0.0016408 0.00146275 0.00249655 -0.00856276 0.00276047 0.00539141 -0.00503932 -0.0162121 -0.0242862 0.00722461 -0.000258083 0.0118299 0.00473798 -0.0221628 0.0126173 0.0170177 0.0035412 -0.0158485 -0.0616427 -5.93263e-05 -0.00119577 -0.000778256 -0.00866707 -0.00092401 -0.00149883
internal_weight=2.74351e+06 63268.6 5520.26 2874.5 1951.72 922.785 57748.3 55567.6 11527 7414.63 44040.6 6079.45 4035.69 708.581 40542.3 15445.8 25096.5 2645.75 1021.76 24814.8 2043.76 13300.4 3498.27 532.256 2.68024e+06 545699 516820 28879.3 513422 459324
internal_count=7999735 184060 14252 6711 3960 2751 169808 162520 35419 21062 127101 17951 12683 2340 115811 45632 70179 7541 3302 69112 5268 38567 11290 1951 7815675 1610863 1519402 91461 1510854 1355692
is_linear=0
shrinkage=0.05


Tree=168
num_leaves=31
num_cat=0
split_feature=33 13 35 85 29 77 46 25 46 13 49 36 87 54 54 24 54 36 54 13 54 25 104 36 104 7 22 13 25 31
split_gain=277.207 279.098 418.997 437.711 548.213 443.243 399.022 322.647 293.692 789.211 1132.45 844.297 838.921 3118.39 2184.61 1993.42 1887.5 1540.75 1488.56 721.811 804.012 800.82 1605.53 1861.38 1070 874.374 841.267 781.162 765.228 667.811
threshold=0.30000000447034841 0.0079392073675990122 3.1996417045593266 0.90000000596046459 0.17249999940395358 1.3076950907707217 0.028237516060471538 0.75322753190994274 0.060999285429716117 0.014007370918989183 -0.72982063889503468 -17.897026062011715 1.0000000180025095e-35 408062.50000000006 234372.50000000003 51.955278396606452 243347.50000000003 -15.30668783187866 616077.50000000012 0.01946460455656052 797.50000000000011 1.0206212401390078 7.832137107849122 0.58699068427085888 7.7413930892944345 -0.00025889683456625784 1.5000000000000002 0.012715029064565899 1.3297770023345949 887.59686279296886
decision_type=2 2 2 2 2 2 2 2 2 2 2 2 2 2 2 2 2 2 2 2 2 2 2 2 2 2 2 2 2 2
left_child=1 2 6 7 -5 -6 -1 -4 9 10 11 -3 13 15 17 -12 -16 -14 -15 20 28 25 24 -24 -23 26 -22 -27 -10 -11
right_child=-2 8 3 4 5 -7 -8 -9 19 29 12 -13 14 18 16 -17 -18 -19 -20 -21 21 22 23 -25 -26 27 -28 -29 -30 -31
leaf_value=0.015763758075722098 -0.017725807221041692 -0.028562643194800966 0.045854266478862711 0.032711894172882588 0.030790074157199039 -0.060149757439096591 -0.0076397847182989257 0.003652520922944256 0.020395360763235865 -0.0010224561495447517 0.019414313884875953 -0.0040391096728593402 -0.02616524954153477 -0.013462519182373164 0.032995371672020858 -0.00073907411132606961 0.0050208943799249957 -0.0019468002463936805 -0.00033107389983148263 -0.00019485395871651919 0.0039180312791534198 0.0058302120729174607 0.0071814245061100623 -0.012220175764165024 0.021883807495030928 0.030216063029742075 -0.0048674207258692613 0.0023841358139798986 -0.075082025947175668 -0.0061340633470389067
leaf_weight=2948.5751337856054 2198.4684766158462 3704.4046958088875 1721.9001216292381 593.54133113473654 188.0784856826067 460.03477954864502 4759.921789586544 615.02697238326073 7761.0676579475403 164543.65546551347 22823.488860309124 66497.302935712039 8224.1184331923723 45041.968448035419 6255.2236541211605 26533.007013455033 166709.28136098385 32584.495090708137 41435.301389329135 1597326.4918021932 37655.98149112612 22650.355910487473 33877.799100086093 19464.096709385514 19161.6492292732 2552.052428625524 98581.203494727612 201883.76407148689 214.70787760615349 104464.85881889611
leaf_count=7855 7206 12209 3761 1447 416 1921 14673 1715 19662 486333 61526 195958 26727 146743 15020 79275 462987 95140 126802 4659550 105847 64647 94675 59602 48959 6314 291981 579698 873 320213
internal_value=1.76926e-05 3.19312e-05 0.00787783 0.0220142 -0.00197224 -0.0337451 0.00131253 0.0347562 -5.09075e-07 -0.000893244 0.000461536 -0.00533363 0.00162524 -0.00144738 0.00357764 0.00858038 0.0060328 -0.00682816 -0.00717076 0.000300759 0.00208457 0.00179664 0.00585204 0.000101722 0.0131877 0.000663887 -0.00243907 0.00273174 0.0178154 -0.0030075
internal_weight=2.74343e+06 2.74123e+06 11287.1 3578.58 1241.65 648.113 7708.5 2336.93 2.72995e+06 688817 419809 70201.7 349607 135834 213773 49356.5 172965 40808.6 86477.3 2.04113e+06 443803 435827 95153.9 53341.9 41812 340673 136237 204436 7975.78 269009
internal_count=7999735 7992529 31788 9260 3784 2337 22528 5476 7960741 2028933 1222387 208167 1014220 414346 599874 140801 478007 121867 273545 5931808 1272258 1251723 267883 154277 113606 983840 397828 586012 20535 806546
is_linear=0
shrinkage=0.05


Tree=169
num_leaves=31
num_cat=0
split_feature=86 104 77 42 39 39 49 35 36 54 48 39 77 37 35 53 42 54 48 37 25 25 36 54 53 26 37 37 48 22
split_gain=277.035 483.198 769.788 716.366 1129.26 646.208 631.396 627.585 525.846 666.647 529.786 522.989 698.908 1264.28 949.547 670.604 903.796 651.958 712.772 635.185 540.156 570.976 500.12 892 761.853 772.476 578.59 494.075 484.857 473.16
threshold=6.0000000000000009 7.7326049804687509 1.0658904910087588 1.0008082985877993 5.3765156269073495 -0.059617362916469567 -0.14132478833198545 -32.75610160827636 0.4376398921012879 518007.50000000006 0.60003554821014415 9.5484023094177264 1.3076950907707217 17.911827087402347 4.898850917816163 0.6078576147556306 0.99913763999938976 234372.50000000003 -0.93585023283958424 9.5066809654235858 1.3198008537292483 1.6587076187133791 -6.8739049434661856 566597.50000000012 1.0000000180025095e-35 0.82334157824516307 -16.805540084838864 43.247398376464851 -0.89194178581237782 1.5000000000000002
decision_type=2 2 2 2 2 2 2 2 2 2 2 2 2 2 2 2 2 2 2 2 2 2 2 2 2 2 2 2 2 2
left_child=1 2 3 4 22 -5 8 -6 9 -7 -10 -3 13 15 17 -13 -17 -15 -19 -18 -16 -22 24 -24 26 -26 -1 -14 -4 -9
right_child=-2 11 28 5 7 6 -8 29 10 -11 -12 12 27 14 20 16 19 18 -20 -21 21 -23 23 -25 25 -27 -28 -29 -30 -31
leaf_value=0.038255374068252822 0.0002873203348493185 -0.00059157737403549618 -0.0094836025968071287 -0.031741149753575358 0.056141389876185957 0.046808439841395648 -0.023454541364171241 -0.0059902852749421408 0.032249552491762423 -0.020999584956517825 -0.029598169967229929 0.010649371423097968 -0.0080452262337648919 0.04756605286136191 0.023720503044477134 0.004470228078442085 0.01554789291427168 0.11755579845800504 -0.033433197595535188 0.065913136801120056 -0.06563935656435077 0.0072498051522354966 0.05654275404548053 0.0038672773621981726 0.0010312477019167345 0.060445750602543459 -0.03906824088231628 0.044229734749525927 0.00043887351091732537 -0.036782754350657434
leaf_weight=279.09075038135052 2126875.9822254553 469716.49110193551 14815.480382010341 5509.1647129058838 243.78194908797741 418.31721185147762 4875.5044904872775 1948.7719846516848 1770.4261335879564 2672.9821094572544 429.45912732183933 3742.1888316869736 7727.547915764153 303.04501045495272 3330.1964376568794 1341.7896798551083 840.1193004399538 79.374298438429832 2872.9453902542591 2467.0928604602814 381.51102194190025 901.96654543280602 1150.5198951661587 2661.9946950748563 6777.6874680966139 594.1239201426506 1779.3981042951345 479.0749109685421 72817.840335652232 3470.4230460748076
leaf_count=730 6101306 1436442 47933 20267 645 1013 18041 6206 4933 9399 1621 11166 24487 766 9383 4036 2310 134 10376 5288 1452 2661 2603 8033 21310 1339 6812 1232 224309 13502
internal_value=1.68216e-05 -0.000916522 -0.00373155 -0.0100484 -0.00349483 -0.0179512 -0.0104758 -0.0221798 0.00148464 -0.01181 0.0201655 -0.000220331 0.00690641 0.0129098 -0.00148707 0.02641 0.0390903 -0.0221611 -0.0293337 0.0531291 0.0131009 -0.0144467 0.00449605 0.0197754 -0.00168204 0.00582793 -0.0285688 -0.00498796 -0.00123867 -0.0257137
internal_weight=2.74327e+06 616398 122215 34581.6 18905.8 15675.9 10166.7 5662.98 5291.18 3091.3 2199.89 494183 24466.9 16260.2 7869.04 8391.19 4649 3255.36 2952.32 3307.21 4613.67 1283.48 13242.8 3812.51 9430.3 7371.81 2058.49 8206.62 87633.3 5419.2
internal_count=7999735 1898429 388696 116454 61180 55274 35007 20353 16966 10412 6554 1509733 73291 47572 24772 22800 11634 11276 10510 7598 13496 4113 40827 10636 30191 22649 7542 25719 272242 19708
is_linear=0
shrinkage=0.05


Tree=170
num_leaves=31
num_cat=0
split_feature=54 87 94 35 48 25 13 86 86 25 24 55 55 55 104 38 53 30 25 42 94 99 55 49 50 77 54 55 26 25
split_gain=330.624 1101.79 2173.03 1812.4 2089.39 1829.22 1894.6 2152.41 1809.13 1776.67 1731.16 1615.86 1589.78 1985.07 1550.58 2086.55 1469.77 1428.49 1406.84 1625.23 1296.58 1844.7 2883.54 1723.13 1668.78 1657.15 1631.27 1683.7 1423.53 1329.93
threshold=8922.5000000000018 1.0000000180025095e-35 4033.1975097656255 17.866217613220218 -0.88186877965927113 2.7928394079208378 0.064609687775373473 6.0000000000000009 6.0000000000000009 2.7029058933258061 75.247283935546889 9662.5000000000018 30557.500000000004 22252.500000000004 8.1973071098327654 -4.8266437053680411 0.87837970256805431 0.79250001907348644 1.13033002614975 0.99414920806884777 4751.8576660156259 272599.06250000006 20282.500000000004 0.77296444773674022 -457.49999999999994 1.3076950907707217 7252.5000000000009 30557.500000000004 1.6931053400039675 2.0182205438613896
decision_type=2 2 2 2 2 2 2 2 2 2 2 2 2 2 2 2 2 2 2 2 2 2 2 2 2 2 2 2 2 2
left_child=1 14 8 5 -5 9 7 -7 -3 12 -10 -9 13 -4 -1 18 -8 -14 -16 -20 21 22 23 -17 25 -22 27 -23 -24 -27
right_child=-2 2 3 4 -6 6 16 11 10 -11 -12 -13 17 -15 15 20 -18 -19 19 -21 24 26 28 -25 -26 29 -28 -29 -30 -31
leaf_value=-0.021250965573034464 0.00026583771926627555 -0.010704235301470522 -0.0038521872229776255 -0.033233370354585748 0.029967623744294042 -0.0066588999233436049 -0.010364994525277532 -0.069568832408328216 0.038873307597612407 0.033271525007034904 -0.032652472002326675 -0.027519093887364052 0.002217716694456892 -0.021828254029360263 0.039950353441601631 -0.0098307882143820607 0.03528707659361921 0.038597031004341212 0.019266839789674528 -0.0039675459959870102 0.009670010337029411 0.016061513150174955 0.011735178035161789 -0.048859176324506787 -0.00013942680486435548 -0.013331750005635383 -0.013667983346188442 -0.013014629281776425 0.075763477273832619 -0.047979278390153104
leaf_weight=6938.7014499902725 2345293.6040401012 3941.6705630868673 152695.32005380094 1611.8325132280588 6912.3286981061101 6810.3669947311282 9612.8133452832699 3656.5341984331608 7237.1771254315972 3193.591719597578 957.08002708852291 6094.8032301962376 9971.9186666831374 17074.453818067908 4415.3418881744146 16200.860917672515 2157.991279900074 3698.7556458711624 18462.491393998265 12705.01891323179 3360.4345684349537 39664.700123876333 4837.1915722638369 3425.5835542529821 27844.368270985782 5621.3640908226371 6908.1439194977283 5692.5767387002707 1057.1767987310886 5461.6133743003011
leaf_count=22739 6807879 13387 452464 5372 17047 23634 31615 13827 16965 8007 3147 21639 28658 59981 10737 49991 4909 8544 50111 38715 8514 108913 13979 12515 85230 18661 21878 17670 2072 21155
internal_value=3.96591e-05 -0.00129238 -0.00347712 -0.00459608 0.0180139 -0.00549274 -0.0173304 -0.0282301 0.0171275 -0.00369559 0.0305156 -0.0432928 -0.00433937 -0.00566026 0.00187362 0.0029046 -0.0019927 0.012063 0.0135386 0.00979567 -0.000246738 0.00358411 -0.00743458 -0.0166452 -0.00729344 -0.0210838 0.0089646 0.012412 0.0232306 -0.030409
internal_weight=2.74352e+06 398222 235627 223491 8524.16 214967 28332.5 16561.7 12135.9 186634 8194.26 9751.34 183440 169770 162596 155657 11770.8 13670.7 35582.9 31167.5 120074 77786.2 25520.8 19626.4 42287.8 14443.4 52265.4 45357.3 5894.37 11083
internal_count=7999955 1192076 709196 675697 22419 653278 95624 59100 33499 557654 20112 35466 549647 512445 482880 460141 36524 37202 99563 88826 360578 227018 78557 62506 133560 48330 148461 126583 16051 39816
is_linear=0
shrinkage=0.05


Tree=171
num_leaves=31
num_cat=0
split_feature=36 22 87 49 90 90 27 6 86 42 30 12 48 63 78 48 49 37 39 45 37 42 99 35 48 85 39 39 6 62
split_gain=267.465 1327.96 1012.75 1349.36 1624.43 1309.13 1091.48 1137.15 1002.19 904.214 818.356 1259.13 810.916 1319.78 796.398 756.605 840.049 746.569 648.126 622.969 959.861 580.852 574.126 566.899 542.406 977.023 1320.02 1105.25 539.073 499.884
threshold=-28.908246040344235 3.5000000000000004 1.0000000180025095e-35 -0.7866188883781432 2684.8349609375005 4482.8845214843759 -0.69085174798965443 0.0055661490187048921 6.0000000000000009 0.99363273382186901 0.082499999552965178 0.027882292866706852 -0.50938662886619557 0.28040516376495367 1.3076950907707217 0.74455857276916515 -0.032717135734856122 -10.97987127304077 -8.7338900566101056 0.9983191490173341 19.088140487670902 1.001972556114197 115155.03125000001 -0.12814598530530927 -0.94331136345863331 0.90000000596046459 -5.1224906444549552 -7.1224980354309073 0.001013199449516833 47.352712631225593
decision_type=2 2 2 2 2 2 2 2 2 2 2 2 2 2 2 2 2 2 2 2 2 2 2 2 2 2 2 2 2 2
left_child=1 12 10 8 9 6 -6 -8 -4 -5 19 14 13 22 -12 21 -17 -13 28 -3 23 -16 24 -21 -1 26 -26 -27 -14 -20
right_child=-2 2 3 4 5 -7 7 -9 -10 -11 11 17 18 -15 15 16 -18 -19 29 20 -22 -23 -24 -25 25 27 -28 -29 -30 -31
leaf_value=-0.012507621738598849 -6.6168377463496936e-05 0.050437920799891615 0.006279005177903702 -0.062253828559388671 -0.01687306603367102 -0.052057937474390095 0.033079766539588877 -0.096638835121369532 0.066485759009501585 -0.0014988402669351723 0.011152631494821813 -0.050655316510098206 -0.0011443184905674006 0.029750856883768169 -0.054882828113983054 0.062938553044436601 -0.037194021939665402 0.04045112369399248 -0.0074546237973672734 0.0086853426822096052 0.068975230729312428 0.045883727763389018 -0.0015373550333229622 -0.045806520825569581 -0.046836494038957607 0.066241318542402838 0.056288214539966464 -0.038063570788432949 0.028231616850954756 0.031432702113163659
leaf_weight=1223.9019995778799 2627106.4316929579 1059.864499643445 993.10368868708611 924.1374289020896 1376.731421276927 583.84066835045815 9361.1781436800957 171.09234881401062 2275.7496171444654 1812.4199479818344 1173.0783783048391 266.77562649548054 4117.2025509923697 4730.9171662926674 2561.7109168320894 358.20302185416222 501.41789168119431 1403.9550226777792 44615.242235139012 1465.1701993718743 480.42735031247139 150.67820563912392 26527.64767409116 706.65062185376883 356.8301854133606 345.67078897356987 2343.0261314213276 948.8494465649128 2514.7613242417574 840.98581001162529
leaf_count=3772 7661345 2497 2723 3568 4326 2096 21973 680 4064 5271 2888 974 12173 11893 10228 828 1876 3308 137236 4239 968 343 79722 2629 1271 691 4730 3367 6133 2143
internal_value=3.76583e-05 0.00238522 0.0119558 0.0192387 0.0125815 0.0208251 0.0247306 0.0307411 0.0482035 -0.0220329 -0.000627226 -0.0114382 -0.000600175 0.00511694 -0.0245812 -0.0363177 0.00454994 0.025879 -0.00460393 0.0180545 0.0050978 -0.0492684 0.0014449 -0.00905543 0.0166039 0.025526 0.0426445 -0.0101779 0.00999651 -0.00673438
internal_weight=2.7433e+06 116191 27626.2 17498.3 14229.4 11492.8 10909 9532.27 3268.85 2736.56 10127.9 6415.82 88565 36476.8 4745.09 3572.01 859.621 1670.73 52088.2 3712.11 2652.25 2712.39 31745.9 2171.82 5218.28 3994.38 2699.86 1294.52 6631.96 45456.2
internal_count=7999955 338610 75479 44701 37914 29075 26979 22653 6787 8839 30778 20445 263131 105446 16163 13275 2704 4282 157685 10333 7836 10571 93553 6868 13831 10059 6001 4058 18306 139379
is_linear=0
shrinkage=0.05


Tree=172
num_leaves=31
num_cat=0
split_feature=54 54 37 39 54 55 37 38 46 36 55 46 13 26 94 81 77 37 100 48 44 99 26 37 37 54 54 30 13 27
split_gain=296.568 888.653 1683.22 1441.89 1113.82 1029.75 996.502 882.096 1150.82 859.615 1246.77 918.237 1240.71 1191 868.732 1128.26 857.953 804.401 767.309 2306.92 1778.21 1764.02 1402.67 1208.45 1016.97 972.49 1298.99 1309.43 1010.15 914.333
threshold=8922.5000000000018 4152.5000000000009 14.589394569396974 -1.076681852340698 3297.5000000000005 27067.500000000004 16.353268623352054 -7.5231363773345938 0.11261883750557901 -7.239299774169921 9887.5000000000018 0.13726162910461429 0.037588184699416168 0.59431236982345592 4523.4873046875009 1.0000000180025095e-35 3.0000000000000004 35.111200332641609 294960.09375000006 0.74455857276916515 1.0056404471397402 315397.53125000006 -1.9054852724075315 8.4369883537292498 19.738115310668949 10267.500000000002 17702.500000000004 0.28749999403953558 0.028723988682031635 0.86296185851097118
decision_type=2 2 2 2 2 2 2 2 2 2 2 2 2 2 2 2 2 2 2 2 2 2 2 2 2 2 2 2 2 2
left_child=1 4 3 5 -1 7 -6 -3 -9 17 11 -11 -13 -14 15 16 -12 -4 -2 20 22 23 -20 -21 29 -24 28 -28 -27 -23
right_child=18 2 9 -5 6 -7 -8 8 -10 10 14 12 13 -15 -16 -17 -18 -19 19 21 -22 24 25 -25 -26 26 27 -29 -30 -31
leaf_value=-0.00098460580932958723 -3.1599103673899821e-05 -0.012979062368091413 -0.0049096604588121555 -0.0054358244219524258 0.012920180060386179 0.042176995829224767 -0.0028317484659650663 0.018805126874713779 -0.00070123219446411493 -0.032513182498578493 0.023600958319408685 0.01427368543635732 -0.047423371600747721 -0.0065043676112637172 -0.0083739759861087889 0.10313279792331301 -0.10150876887042184 0.036573194650410076 0.029299029146696184 0.0066100067852273674 0.013305570278099475 0.0058657175078327267 -0.01408054574844585 0.030189237006146244 -0.013837753229558528 -0.0018107426144058612 -0.016323414588444683 -0.0011752948114080355 0.014747382338055169 0.044135607341668111
leaf_weight=207687.95380704105 2137902.558775723 5736.9188726842403 7141.9212384670973 62185.895160995424 30155.531074911356 1963.0510582327843 15050.603499345481 14168.852517589927 16211.49772529304 11960.220034480095 957.13136737048626 3104.5386216193438 3032.4136333018541 4299.5107247680426 12387.101912006736 404.15442423522472 158.89857797324657 1396.2070491909981 3471.8112596720457 8246.5354302078485 21916.781730204821 19615.199160844088 16914.517602592707 15937.933640852571 6383.2466572374105 18389.806715115905 19003.756562702358 57219.598367497325 18451.873929306865 1694.7864834815264
leaf_count=627682 6215283 18067 21515 187832 82892 4682 45551 37389 47069 40705 2525 8406 10725 13266 39134 686 664 3286 8539 23247 59801 55536 53081 39128 19970 54825 60448 164461 49706 3854
internal_value=3.58152e-05 -0.00122615 -0.00434515 -0.000743762 0.000563489 0.00691828 0.00767579 0.00500064 0.00839634 -0.0123975 -0.0157547 -0.023056 -0.0122155 -0.0234329 -0.00399519 0.0316638 0.00570863 0.00187677 0.00024999 0.00315481 0.000106494 0.0122839 -0.00206124 0.0221499 0.00366733 -0.00289915 -0.00122626 -0.0049522 0.00648231 0.00891149
internal_weight=2.74315e+06 398002 145108 100266 252894 38080.3 45206.1 36117.3 30380.4 44842.1 36304 22396.7 10436.5 7331.92 13907.3 1520.18 1116.03 8538.13 2.34515e+06 207246 155368 51877.7 133451 24184.5 27693.2 129980 113065 76223.4 36841.7 21310
internal_count=7999955 1192076 435951 295039 756125 107207 128443 102525 84458 140912 116111 73102 32397 23991 43009 3875 3189 24801 6807879 592596 450861 141735 391060 62375 79360 382521 329440 224909 104531 59390
is_linear=0
shrinkage=0.05


Tree=173
num_leaves=31
num_cat=0
split_feature=7 53 90 13 36 25 85 36 63 35 25 73 36 50 12 85 86 13 85 25 36 26 49 78 97 13 90 25 87 90
split_gain=271.653 1627.59 1064.41 718.572 698.781 717.651 807.711 1027.9 1277.06 978.511 922.688 986.654 797.466 716.087 916.956 627.088 929.809 580.186 802.859 1017.13 1225.89 977.858 914.01 769.55 665.024 642.763 652.712 575.138 553.758 1256.28
threshold=-0.012556709349155424 1.0000000180025095e-35 3160.3850097656255 0.027529087848961357 -4.3448231220245352 7.0031313896179208 0.90000000596046459 -22.353733062744137 -0.24267268925905225 -10.295788288116453 3.8669574260711674 14.953447341918947 -13.928586483001707 147.50000000000003 0.096021533012390151 0.90000000596046459 6.0000000000000009 0.08196252211928369 0.90000000596046459 5.3894152641296396 1.0000000180025095e-35 -0.87821969389915455 -0.72982063889503468 1.3076950907707217 4.0036869049072275 0.11155498027801515 4023.0400390625005 4.3482215404510507 1.0000000180025095e-35 4321.2209472656259
decision_type=2 2 2 2 2 2 2 2 2 2 2 2 2 2 2 2 2 2 2 2 2 2 2 2 2 2 2 2 2 2
left_child=1 4 3 -3 5 6 7 8 27 -10 11 -8 -12 14 -9 16 -7 -2 21 20 23 -19 -21 -20 -24 26 -23 -1 -4 -30
right_child=17 2 28 -5 -6 15 10 13 9 -11 12 -13 -14 -15 -16 -17 -18 18 19 22 -22 25 24 -25 -26 -27 -28 -29 29 -31
leaf_value=-0.011873470786761452 6.1962400464558203e-05 0.018315811425923419 0.00086210795490106326 -0.037330649723887346 -0.026278638466604661 0.0052556278930018996 0.008275954058623209 0.028527021491275659 0.064285834736350952 -0.080704963223191262 0.032806651720425455 -0.040334890980628861 -0.037222619180946014 0.067125342781717959 -0.036740596733631864 0.012326806644299018 -0.076073867839240222 -0.04921243319051738 0.011846970228417884 -0.077051062577633334 0.050906812554790272 -0.047892271276746834 0.048902502829571128 -0.045477004119216291 -0.058812466167932981 -0.011355646142085493 0.030577784199573299 -0.073594043032384149 -0.020497074674980083 0.0011086077527200206
leaf_weight=1312.193590387702 2653138.9037022442 669.42326319217682 19515.544674433768 4317.7605024129152 1397.947196751833 674.28224350512028 2174.8270346224308 7872.4654135107994 777.31243975460529 135.91328769922256 2489.3881134241819 2005.5576540529728 484.90947024524212 1089.9744330048561 576.70766623318195 1177.4552052766085 732.4429302662611 500.47198809683323 770.17643812298775 191.94586285948753 521.39753891527653 273.79471683502197 1436.1619011610746 2433.8696981817484 158.27673833072186 1210.0465410649776 7501.199208766222 529.29642620682716 14109.290325775743 12859.001937039196
leaf_count=3980 7737431 1815 56905 15036 4613 1892 6047 18759 1513 518 5918 7332 1650 2028 1999 3211 2822 1807 1910 795 1179 990 3088 8993 595 3664 18163 2053 44521 38728
internal_value=3.40292e-05 -0.0029357 -0.00790858 -0.0298581 0.00798807 0.0101636 0.0134531 0.0212259 -0.00567509 0.042637 9.53414e-05 -0.0150482 0.0213792 0.0289946 0.0240677 -0.0145871 -0.0371108 0.0001174 0.00992376 -0.00525124 -0.020124 0.0187418 0.0257564 -0.0316967 0.0381766 0.0225325 0.027808 -0.0296467 -0.00555294 -0.0101952
internal_weight=2.74304e+06 74901.7 51471 4987.18 23430.7 22032.7 19448.5 12293.9 2754.72 913.226 7154.68 4180.38 2974.3 9539.15 8449.17 2584.18 1406.73 2.66814e+06 14997.3 5511.83 3725.44 9485.51 1786.38 3204.05 1594.44 8985.04 7774.99 1841.49 46483.8 26968.3
internal_count=7999955 221340 157005 16851 64335 59722 51797 30850 8064 2031 20947 13379 7568 22786 20758 7925 4714 7778615 41184 16560 12082 24624 4478 10903 3683 22817 19153 6033 140154 83249
is_linear=0
shrinkage=0.05


Tree=174
num_leaves=31
num_cat=0
split_feature=62 43 53 48 94 87 42 25 86 77 55 55 94 42 87 55 38 87 29 7 27 55 65 36 53 26 87 39 55 50
split_gain=265.637 614.059 573.022 502.766 767.701 1571.41 984.868 757.495 582.88 557.615 550.049 369.862 360.752 470.884 406.408 303.307 531.873 763.739 484.657 311.597 291.732 289.044 285.186 277.364 996.243 798.937 2303.56 1884.33 1708.37 969.131
threshold=10.043496608734133 1.0031961202621462 0.87837970256805431 -0.61734244227409352 2659.729614257813 1.0000000180025095e-35 0.99857312440872203 1.0121358633041384 6.0000000000000009 1.3076950907707217 -594777.49999999988 -255067.49999999997 3352.9213867187505 1.0042505860328677 1.0000000180025095e-35 9662.5000000000018 -2.9286786317825313 1.0000000180025095e-35 0.016249999869614843 -0.0022857927251607175 -0.44853931665420527 -620392.49999999988 0.0035967401927337055 -28.908246040344235 -1.0000000180025095e-35 0.45459137856960302 1.0000000180025095e-35 10.641468048095705 -281867.49999999994 -867.49999999999989
decision_type=2 2 2 2 2 2 2 2 2 2 2 2 2 2 2 2 2 2 2 2 2 2 2 2 2 2 2 2 2 2
left_child=1 2 3 4 5 9 -7 11 -8 -1 -11 21 14 -14 -9 16 17 20 -19 -18 -5 -6 -21 24 -2 -26 -27 28 -28 -30
right_child=23 -3 -4 15 7 6 8 12 -10 10 -12 -13 13 -15 -16 -17 19 18 -20 22 -22 -23 -24 -25 25 26 27 -29 29 -31
leaf_value=0.018461267910569283 0.010938676784855971 -0.027771702665392008 -0.014875806124877884 0.091839307215525315 0.0084274224456981489 -0.057542415853100139 0.0055838127742598928 0.027912438940934731 0.053666498881161089 -0.079754326616059301 -0.0063951864855922528 -0.0015348919630249203 -0.024608121648338227 0.0064964381852090974 -0.0082459330325058821 0.025046357957161754 -0.028276740721884977 0.0064011039688624859 -0.06228331058065021 0.012821633084259699 0.005128501052224883 -0.055789548939934167 -0.020808309102376042 -1.2784551516428441e-05 -0.0032071217784070808 -0.012695344525666008 0.042362163548800263 -0.023083288222407995 -0.024008305401492319 0.01895057383992305
leaf_weight=399.92794473469257 26794.002555124462 2538.3666297718883 7419.7198078930378 106.95591880381107 195.98755551874638 289.05027948319912 907.70901446044445 1359.9254557266831 2065.0015630722046 644.48736420273781 423.52549534291029 533.97903418540955 3557.7462669610977 1848.0586924254894 1810.444290548563 2015.8512591272593 538.00549353659153 354.39533774554729 929.134456589818 9950.5978635028005 959.23894284665585 1623.8895429819822 672.04081037640572 2588743.3482723907 60850.23844447732 9155.2946465313435 7272.7507628649473 2314.9733713269234 1802.3226878196001 4825.874023526907
leaf_count=944 73742 8807 23977 186 536 1057 2661 3615 4050 2909 1447 1626 11761 5395 5372 5152 1777 998 3439 27244 2801 6105 2162 7546758 183335 29569 16137 7537 6148 12708
internal_value=3.23418e-05 -0.00395491 -0.00238812 0.000583157 -0.0057379 0.0110893 0.0304218 -0.0130203 0.0389931 -0.0318554 -0.0507013 -0.0381394 -0.00612172 -0.0139744 0.00726648 0.00695885 0.00425803 -0.0173575 -0.0433247 0.00881049 0.0139095 -0.0488703 0.0106918 9.30653e-05 0.0025177 -9.92293e-05 0.00735437 0.0186746 0.0256302 0.00726669
internal_weight=2.7429e+06 41144 38605.7 31186 15659.7 4729.7 3261.76 10930 2972.71 1467.94 1068.01 2353.86 8576.17 5405.8 3170.37 15526.2 13510.4 2349.72 1283.53 11160.6 1066.19 1819.88 10622.6 2.70176e+06 113015 86221.5 25371.2 16215.9 13900.9 6628.2
internal_count=7999955 124021 115214 91237 47478 13068 7768 34410 6711 5300 4356 8267 26143 17156 8987 43759 38607 7424 4437 31183 2987 6641 29406 7875934 329176 255434 72099 42530 34993 18856
is_linear=0
shrinkage=0.05


Tree=175
num_leaves=31
num_cat=0
split_feature=79 77 77 12 49 54 54 53 104 54 54 55 55 54 13 84 42 54 79 79 79 13 79 87 54 53 55 90 49 38
split_gain=293.436 426.488 1082.54 537.855 555.781 1282.8 1267.66 1317.11 1186.97 884.234 628.146 943.625 798.175 791.923 608.24 575.84 554.771 532.417 402.684 385.037 363.289 387.843 321.601 317.473 452.252 428.948 369.509 286.059 405.663 358.114
threshold=5.5255424976348886 0.83046793937683117 1.2333478927612307 0.006145172519609333 -0.65106672048568714 609495.00000000012 546382.50000000012 0.87837970256805431 7.6292099952697763 485887.50000000006 94727.500000000015 -13262.499999999998 1662.5000000000002 101132.50000000001 0.018693217076361183 -1.0000000180025095e-35 1.0034124255180361 22317.500000000004 2.569441676139832 6.6557295322418222 4.6936223506927499 0.039980474859476096 4.2513561248779306 1.0000000180025095e-35 650422.50000000012 1.0000000180025095e-35 -667847.49999999988 4789.2297363281259 0.96863394975662243 -14.731998443603514
decision_type=2 2 2 2 2 2 2 2 2 2 2 2 2 2 2 2 2 2 2 2 2 2 2 2 2 2 2 2 2 2
left_child=1 22 3 -3 5 6 9 -8 -7 -5 11 17 -13 15 -10 -12 -15 -6 -4 -2 27 -22 23 24 -1 -26 -27 -20 29 -29
right_child=19 2 18 4 10 8 7 -9 14 -11 13 12 -14 16 -16 -17 -18 -19 20 -21 21 -23 -24 -25 25 26 -28 28 -30 -31
leaf_value=-0.0039288134365848123 0.0018248752681946753 0.033258634599344805 0.00010186014683926161 0.0074401325787032324 -0.039154636091632375 0.019561785954259742 0.040282533735175541 -0.013441637079346969 -0.025213501433058613 -0.015637421384013396 -0.0046631467732416703 0.014359346115774883 -0.0018053395389730548 0.0043313445744541865 0.0022170421568563094 0.070583854606207475 -0.0028408721332074806 -0.009805959605693736 -0.0015913398682293836 -0.00026097032995097785 -0.046863452667852759 0.013984903296165786 -0.0062642626442289883 -0.00077515319283722893 -0.051217259203868284 -0.006008678636995439 -0.068131800716334387 0.024723778094560684 -0.027785837402049575 -0.0061244919978388247
leaf_weight=31864.948943957686 436528.64379099011 1417.2187140136957 687567.40109053254 70319.549542240798 1710.6312056183815 2800.8041118010879 5293.2716581225395 1453.4953810870647 7019.722992002964 4410.0816582739353 386.83619344234467 8825.4303701072931 56651.568240240216 118022.47258544713 2837.0813245475292 739.48538942635059 34942.86023376137 15937.100906297565 479604.10308865458 448617.78995344043 274.54337382316589 5280.4394972473383 38756.388063162565 247972.53432760388 959.77325282990932 2394.0013216584921 265.02968588471413 974.29380883276463 2108.1210983395576 26583.709521509707
leaf_count=86749 1114793 3505 1966685 191165 5857 7698 11999 4407 22996 13299 1257 23725 169808 334705 8021 1247 104093 48259 1725931 1159275 999 12950 126834 726514 3224 6636 933 2993 9782 103573
internal_value=1.8509e-05 -0.000338523 8.58454e-06 0.00253246 0.00240093 0.00565162 0.00795223 0.0287074 -0.00915634 0.00607798 0.00111092 -0.00239212 0.000373555 0.00300068 -0.0173182 0.0447546 0.00269291 -0.0126531 -0.000689907 0.000767704 -0.00174735 0.0109688 -0.00199231 -0.00140817 -0.00583164 -0.0225797 -0.0122258 -0.00188608 -0.00665075 -0.00503283
internal_weight=2.74252e+06 1.85737e+06 1.53516e+06 332768 331350 94134 81476.4 6746.77 12657.6 74729.6 237216 83124.7 65477 154092 9856.8 1126.32 152965 17647.7 1.20239e+06 885146 514825 5554.98 322213 283456 35483.8 3618.8 2659.03 509270 29666.1 27558
internal_count=7999912 5725844 4774954 952041 948536 259585 220870 16406 38715 204464 688951 247649 193533 441302 31017 2504 438798 54116 3822913 2274068 1856228 13949 950890 824056 97542 10793 7569 1842279 116348 106566
is_linear=0
shrinkage=0.05


Tree=176
num_leaves=31
num_cat=0
split_feature=65 54 85 14 54 22 30 25 42 37 87 54 48 90 26 39 25 25 39 85 30 49 53 62 86 54 54 54 46 52
split_gain=280.333 615.316 1229.84 1016.46 905.547 613.048 551.918 502.988 1068.4 1110.94 1164.42 1588.95 1911.02 1416.81 1253.66 1248.54 1220.83 1006.96 1015.3 1003.4 1754.26 1735.73 1702.89 1425.93 1567.85 1333.99 1881.58 1743.84 1390.7 1117.53
threshold=0.71390452980995189 749277.50000000012 0.90000000596046459 32.244524002075202 760522.50000000012 3.5000000000000004 0.47749999165534979 2.9390091896057133 0.99532693624496471 -6.0336272716522208 1.0000000180025095e-35 286272.50000000006 -0.91080963611602772 4142.8747558593759 -0.64794051647186268 -3.5740380287170406 1.1863372325897219 1.4921538829803469 7.2573132514953622 0.90000000596046459 0.037499999627470977 -0.66746801137924183 1.0000000180025095e-35 25.445157051086429 6.0000000000000009 24032.500000000004 24822.500000000004 9527.5000000000018 0.094330880790948882 232.50000000000003
decision_type=2 2 2 2 2 2 2 2 2 2 2 2 2 2 2 2 2 2 2 2 2 2 2 2 2 2 2 2 2 2
left_child=7 -2 6 5 -5 -4 -3 8 19 10 16 12 -12 -14 -13 -16 -10 -18 -19 20 -1 -21 23 -22 -25 27 -27 -23 -29 -24
right_child=1 2 3 4 -6 -7 -8 -9 9 -11 11 14 13 -15 15 -17 17 18 -20 21 22 25 29 24 -26 26 -28 28 -30 -31
leaf_value=-0.031250281768373064 -0.00066032874194710451 -0.004092794847721232 0.068321910955881721 0.008340255698711949 -0.058876241929234109 -0.027621637734006062 -0.042127214176236744 0.0034877422932404431 0.035307064540553983 0.00036690469447937433 -0.03986878883185152 -0.0053496413337510776 -0.0044079857180562947 0.046641742999505791 0.0072183498916119073 0.048658150368526679 -0.038167910623363922 -0.010056899305865414 0.035949258828520569 -0.013053360191626659 -0.0065448599609139214 0.0069012165668833839 -0.018149063684380806 -0.0063909936807965617 0.024871312208300272 0.072420883519404275 0.0081165225186691174 0.011501746293836525 -0.03178992008569128 -0.0050291957134231272
leaf_weight=6599.0621949806809 731615.96018815786 1334.9167881831527 833.59530035406351 1910.2930396124721 678.10571023821831 207.31435988098383 3344.6166677549481 118278.90802437812 1785.8184802830219 1648296.0109353364 2154.2549437433481 2100.2870591282845 3508.0921082496643 2217.4376166164875 2492.1317504048347 6721.735393486917 2347.0747883394361 5786.5194526538253 1511.6596755236387 17500.992752544582 14948.244155474007 13090.886735469103 22302.935024932027 6042.2334257811308 11922.870503947139 1168.5323023051023 41704.139136068523 2475.4391190111637 7394.4461967051029 59619.65780505538
leaf_count=22682 2140048 4271 1757 6255 2853 740 12553 340642 4404 4792209 7588 6217 10775 5046 6798 14426 8343 18160 3849 55493 44147 38070 71340 19133 28832 2230 120765 7078 25057 178151
internal_value=1.7598e-05 -0.000814004 -0.0143432 0.00749789 -0.00928305 0.0492002 -0.0312815 0.000324959 0.00012636 0.000542226 0.00997789 0.0175016 0.000262203 0.0153669 0.0295065 0.0374522 -0.00265519 -0.00968735 -0.000523416 -0.00328332 -0.00618275 0.000941702 -0.00474194 0.00486382 0.0143568 0.00466233 0.00987096 -0.00506308 -0.0209315 -0.00860124
internal_weight=2.74189e+06 739925 8308.84 3629.31 2588.4 1040.91 4679.53 2.00197e+06 1.88369e+06 1.67892e+06 30625 19193.9 7879.78 5725.53 11314.2 9213.87 11431.1 9645.25 7298.18 204769 121435 83334.4 114836 32913.3 17965.1 65833.4 42872.7 22960.8 9869.89 81922.6
internal_count=7999912 2168477 28429 11605 9108 2497 16824 5831435 5490793 4877815 85606 50850 23409 15821 27441 21224 34756 30352 22009 612978 364285 248693 341603 92112 47965 193200 122995 70205 32135 249491
is_linear=0
shrinkage=0.05


Tree=177
num_leaves=31
num_cat=0
split_feature=80 80 77 80 30 42 42 47 46 54 45 48 25 25 22 81 90 22 50 55 86 54 54 54 25 42 36 54 46 36
split_gain=266.205 403.653 390.593 348.584 344.823 810.693 675.753 864.575 728.06 1011.28 763.614 632.454 591.784 1425.25 2078.35 1277.67 987.511 2762.2 1084.82 1011.86 914.182 882.15 1243.61 1038.35 906.599 727.729 977.993 882.522 881.491 781.485
threshold=5.5255424976348886 1.9678498506546023 1.0658904910087588 6.6557295322418222 0.14249999821186068 1.0141812562942507 1.0014994144439699 -0.29445955157279963 0.076766788959503188 303982.50000000006 1.0007036328315737 -0.96298784017562855 2.5623327493667607 2.3151074647903447 3.5000000000000004 1.0000000180025095e-35 3235.4655761718755 2.5000000000000004 -372.49999999999994 -353662.49999999994 6.0000000000000009 101132.50000000001 9527.5000000000018 6300.0000000000009 2.7928394079208378 0.99255672097206127 -26.344970703124996 4152.5000000000009 0.11490713432431222 -18.112094879150387
decision_type=2 2 2 2 2 2 2 2 2 2 2 2 2 2 2 2 2 2 2 2 2 2 2 2 2 2 2 2 2 2
left_child=1 -1 -2 -4 5 6 11 -8 9 -9 -10 -3 13 25 -15 20 17 18 -14 -19 -16 22 23 -18 -24 27 -27 28 -6 -28
right_child=2 4 3 -5 12 -7 7 8 10 -11 -12 -13 16 14 15 -17 21 19 -20 -21 -22 -23 24 -25 -26 26 29 -29 -30 -31
leaf_value=0.0005494572634757725 0.0030537048222603097 -0.018138800213004312 0.0013483480685183744 -0.00082987573970873534 0.043334761841895858 -0.033097207100120624 -0.020643794981243635 -0.0084879596407094939 0.025796883154800776 0.0054143895693414936 0.0044570714750174732 -0.0039188555490346942 -0.029741597709427914 -0.028377066415424968 -0.021813820374093143 -0.057081312076378343 -0.0008182609770097535 0.049360054375689043 0.042603054830289942 -0.0078549262381435638 0.02698052387820167 -0.01043678025965286 -0.006829316391624052 -0.035164830870167932 0.014956616683143195 0.011066476959207046 -0.0064916969617159663 -0.010574304958647168 -0.0021242561632377364 -0.00012220097864364636
leaf_weight=773095.12161011994 150200.54571977258 8446.6338694617152 366065.96203307807 368625.97848685086 1551.7874137759209 2189.5373486056924 4341.3363754823804 23870.079525515437 5656.0248093307018 28937.065825931728 16194.088886901736 105209.7672034353 2805.6887048706412 10872.457429356873 1239.366506293416 671.23754548281431 20193.403051018715 4840.4954386204481 634.54590278863907 919.04688705503941 4245.276338711381 12415.772773221135 5888.5606025755405 2468.6570143550634 25240.703314349055 18515.970151036978 51770.499529756606 31643.736402712762 3403.5367849841714 689595.17243057489
leaf_count=2133355 381858 30836 936656 955554 4195 9263 16273 84687 16959 94648 54679 359920 10949 42059 4721 3281 71106 12012 1800 3078 11082 42250 19508 9869 71735 57052 177490 111894 12614 2258529
internal_value=1.67293e-05 -0.00032338 0.000730418 0.000255435 -0.000946018 -0.00285099 -0.00250704 0.00104481 0.00230633 -0.000869748 0.00998216 -0.00497584 -0.000528453 -0.000921236 -0.015234 0.00797927 0.00370888 0.0190577 -0.0163878 0.0402296 0.0159516 0.00157576 0.00434866 -0.00456136 0.0108352 -0.000615212 -0.000283513 -0.00750172 0.0121164 -0.000567006
internal_weight=2.74175e+06 1.85686e+06 884892 734692 1.08376e+06 194845 192655 78998.6 74657.3 52807.1 21850.1 113656 888916 813509 17028.3 6155.88 75406.9 9199.78 3440.23 5759.54 5484.64 66207.1 53791.3 22662.1 31129.3 796481 759882 36599.1 4955.32 741366
internal_count=7999912 5725844 2274068 1892210 3592489 667265 658002 267246 250973 179335 71638 390756 2925224 2682917 61143 19084 242307 27839 12749 15090 15803 214468 172218 80975 91243 2621774 2493071 128703 16809 2436019
is_linear=0
shrinkage=0.05


Tree=178
num_leaves=31
num_cat=0
split_feature=54 25 13 85 28 54 45 38 85 25 87 54 104 94 86 62 31 37 39 36 9 30 85 25 97 46 65 29 49 48
split_gain=267.662 1138.16 1080.11 891.142 981.761 708.798 931.316 1570.75 1387.35 786.096 1107.29 2081.86 2336.69 1855.92 1700.97 1335.55 776.46 733.458 934.209 731.474 673.539 667.371 1219.75 1433.18 1019.21 685.649 637.601 628.045 794.535 848.794
threshold=740567.50000000012 2.0182205438613896 0.021295764483511451 0.90000000596046459 1.0000000180025095e-35 708982.50000000012 1.0039699673652651 3.7618923187255864 0.90000000596046459 1.0451826453208926 1.0000000180025095e-35 717835.00000000012 7.612241506576539 2389.119995117188 6.0000000000000009 21.234112739562992 308.12576293945318 -4.88991355895996 -2.2388125658035274 -44.889793395996087 0.33338208496570593 0.34250000119209295 0.90000000596046459 1.3669769763946535 -5.4626247882843009 0.10683416947722436 0.41462887823581701 0.80250000953674328 0.7298206388950349 1.0000000180025095e-35
decision_type=2 2 2 2 2 2 2 2 2 2 2 2 2 2 2 2 2 2 2 2 2 2 2 2 2 2 2 2 2 2
left_child=5 2 27 -3 -5 -1 7 9 16 10 11 15 -13 -12 -15 -7 -8 -11 19 -19 -4 -9 23 24 -23 -24 -25 28 29 -2
right_child=1 3 20 4 -6 6 8 21 -10 17 13 12 -14 14 -16 -17 -18 18 -20 -21 -22 22 25 26 -26 -27 -28 -29 -30 -31
leaf_value=-6.0125521756979423e-05 0.019612061046960456 0.027557928328092198 -0.020038904732277461 0.022327733719464234 -0.041848321120797838 0.056216068480010539 -0.051895919991428653 0.0019701519858480671 -0.0095584604101224147 0.016276013361044537 -0.048039746142946746 0.030326028777892946 -0.023279439711822118 0.0010081885096717422 0.027062700289346927 0.0052760917876110459 0.0402956147033387 0.02239083147748254 0.0025247808436075839 -0.037836936198449828 0.0025823305589966483 0.035220724524566836 -0.0060187632084140897 -0.01023826821156535 -0.048896369803974105 0.044152264685568127 0.057462901568028746 -0.021649053193103979 -0.011874057945052361 -0.00095116201813660113
leaf_weight=2595461.412073113 8198.9115973711014 4844.504119515419 15358.807277530432 1189.8655675798655 1191.8790098577738 2164.2505560964346 238.65629236400127 8039.2072712033987 2471.97053963691 3323.7971556782722 1090.4054269567132 2597.0823166668415 9344.8862377628684 9379.6035478264093 18862.356062620878 3172.4608173519373 4907.5824624150991 588.65811143815517 5455.9620894789696 3482.1060425788164 4186.9525824561715 387.66325584053993 4260.6147713437676 1106.2336843162775 4937.7920929789543 809.48584008216858 506.03193712234497 3095.1609454676509 7543.5467093288898 12932.490401670337
leaf_count=7563131 22615 11662 54643 3356 4649 4804 870 23835 8284 8754 4254 6845 31957 29170 43732 9199 11106 1531 15570 12432 13104 942 13783 3292 17989 2050 1086 10724 25520 39023
internal_value=1.5792e-05 -0.00332875 -0.00594506 0.015248 -0.00978941 8.87831e-05 0.0045247 0.00292433 0.0212239 0.00700496 0.0100235 -1.71955e-05 -0.0116196 0.0159382 0.0184101 0.0259419 0.03601 -0.00394351 -0.0109994 -0.029123 -0.015193 -0.00917871 -0.0166428 -0.0302643 -0.0427667 0.00199762 0.01103 -0.000255044 0.00205472 0.00702761
internal_weight=2.74113e+06 58542.1 51315.9 7226.25 2381.74 2.68259e+06 87126.8 79508.6 7618.21 59461.6 46611 17278.7 11942 29332.4 28242 5336.71 5146.24 12850.5 9526.73 4070.76 19545.8 20047 12007.8 6937.72 5325.46 5070.1 1612.27 31770.1 28674.9 21131.4
internal_count=7999912 185296 165629 19667 8005 7814616 251485 231225 20260 168248 129961 52805 38802 77156 72902 14003 11976 38287 29533 13963 67747 62977 39142 23309 18931 15833 4378 97882 87158 61638
is_linear=0
shrinkage=0.05


Tree=179
num_leaves=31
num_cat=0
split_feature=62 36 53 48 22 42 90 50 97 44 41 39 48 31 24 36 37 85 24 79 41 97 36 54 85 6 39 30 90 94
split_gain=260.127 516.201 644.28 520.117 605.459 505.599 418.983 815.019 498.568 410.623 360.016 352.318 333.118 327.541 318.997 318.2 334.718 324.473 312.903 339.592 299.682 289.523 494.969 550.075 513.445 993.555 857.511 862.203 837.616 899.253
threshold=10.043496608734133 0.74467658996582042 0.6078576147556306 0.076279435306787505 1.5000000000000002 0.99509307742118847 2738.766479492188 -667.49999999999989 2.9122767448425297 1.0003898739814761 1.0036312341690066 -5.2215769290924063 -0.91080963611602772 164.0588302612305 40.723537445068366 -0.61205691099166859 0.419661894440651 0.90000000596046459 61.292642593383796 5.5414514541625985 1.0018343925476076 -5.1841506958007804 17.11392974853516 15477.500000000002 0.90000000596046459 -0.0091630602255463583 7.0902919769287118 0.21249999850988391 4459.8750000000009 4153.1489257812509
decision_type=2 2 2 2 2 2 2 2 2 2 2 2 2 2 2 2 2 2 2 2 2 2 2 2 2 2 2 2 2 2
left_child=1 2 5 9 10 -1 7 20 18 -4 -5 -11 -13 -6 -7 16 17 -16 -8 -20 -3 22 23 -2 25 -25 27 -27 29 -26
right_child=21 6 3 4 13 14 8 -9 -10 11 -12 12 -14 -15 15 -17 -18 -19 19 -21 -22 -23 -24 24 28 26 -28 -29 -30 -31
leaf_value=-0.037686727088874883 -0.0040016179936016869 0.021355928596489927 -0.025666117431166563 0.022137242204732382 0.011303014771191939 -0.0027248682974044449 -0.00031634919505501403 -0.051386827196411466 0.0040209621560644178 -0.034056942066282 -0.042254324365708917 0.014462495762738094 -0.010685746336746557 -0.033737222862668864 0.073107687782928282 0.058471615898977494 0.009491522137349627 -0.013334112954831865 -0.042319014461216359 -0.014321261047396417 -0.066848430559216757 -3.0501692666147209e-05 -0.02951705936372407 -0.049559829700028653 -0.00034971584132645149 -0.0032863008751993711 -0.0072550442776843187 0.014745217918642736 0.025703770555693551 -0.03633400394884604
leaf_weight=612.55114515125751 22333.560273870826 2018.428651958704 4401.8590786457062 3170.0199947804213 615.17513744533062 4291.2183142453432 911.68953017890453 544.27903644740582 1661.8365042805672 949.035374738276 232.06163966655731 2124.1994567662477 3460.678093791008 1169.9234732836485 399.61800996959209 378.8377448618412 9024.1827898845077 148.40977469086647 3033.3688902258873 1687.4189491122961 100.1383176073432 2592319.3197494224 1184.2283615618944 739.96209226548672 27747.419657088816 8145.9240302443504 7180.2888889908791 35595.538173444569 2865.8070698678493 1851.0958461910486
leaf_count=2265 67465 5337 14928 8061 1697 12646 2727 2017 4887 3368 922 5765 10823 4056 724 806 25278 487 11940 4695 406 7567433 4083 2646 83191 23756 21227 92516 7424 6336
internal_value=1.50247e-05 -0.00394085 -0.000757255 -0.00767857 0.00535943 0.00675459 -0.0138438 0.00312919 -0.0200402 -0.0138633 0.0177324 -0.0059083 -0.00111888 -0.0182152 0.00866885 0.0135825 0.0117995 0.0497079 -0.0271396 -0.0323176 0.0171548 7.50042e-05 0.00261586 0.00297362 0.00482547 0.00792192 0.00875826 0.0113871 -0.000101966 -0.0026015
internal_weight=2.7409e+06 40934.9 30977.8 16123 5187.18 14854.8 9957.16 2662.85 7294.31 10935.8 3402.08 6533.91 5584.88 1785.1 14242.3 9951.05 9572.21 548.028 5632.48 4720.79 2118.57 2.69996e+06 107644 106460 84126 51661.7 50921.8 43741.5 32464.3 29598.5
internal_count=7999912 123835 91826 49620 14736 42206 32009 7760 24249 34884 8983 19956 16588 5753 39941 27295 26489 1211 19362 16635 5743 7876077 308644 304561 237096 140145 137499 116272 96951 89527
is_linear=0
shrinkage=0.05


Tree=180
num_leaves=31
num_cat=0
split_feature=98 25 25 36 53 25 54 28 49 94 54 39 54 22 21 49 25 38 49 25 48 17 100 38 29 54 30 104 54 104
split_gain=283.867 317.521 1788.27 1192.97 1181.1 1246.08 1165.47 1338.81 1372.13 1026.76 1147.06 1480.06 1098.21 1090.32 1294.09 942.462 923.416 1264.44 941.149 1079.07 914.338 907.642 1179.38 759.33 726.337 723.596 958.748 1000.01 2735.14 1702.69
threshold=5.3549640178680429 1.1048839092254641 1.2629528045654299 -18.543276786804196 0.87837970256805431 1.1762040853500368 283752.50000000006 0.77500000596046459 -0.05451125651597976 2407.188842773438 564182.50000000012 -10.625226020812987 332927.50000000006 3.5000000000000004 14.500000000000002 0.24825246632099154 1.0516790151596072 1.3962401747703554 -0.99275061488151539 1.0542039275169375 -0.16288578510284421 74.313121795654311 178032.23437500003 0.13393909484148028 0.15125000476837161 8922.5000000000018 0.057499999180436141 7.7438342571258554 465792.50000000006 7.6815838813781747
decision_type=2 2 2 2 2 2 2 2 2 2 2 2 2 2 2 2 2 2 2 2 2 2 2 2 2 2 2 2 2 2
left_child=1 16 3 4 6 -6 7 -3 -9 23 11 -11 -13 14 -12 -7 -1 18 -18 -20 -15 22 -19 -5 -4 -26 -27 29 -29 -28
right_child=-2 2 24 9 5 15 -8 8 -10 10 13 12 -14 20 -16 -17 17 21 19 -21 -22 -23 -24 -25 25 26 27 28 -30 -31
leaf_value=-0.00031488648693102578 0.0028076212411339845 -0.020921565158237523 0.0024131856422227671 -0.0020219948028907309 -0.052926705383850185 0.0068693123707188573 0.014574464018999825 0.062362380438391353 -0.010107991784740705 -0.023322902686593421 0.02865207265578551 0.007823291198452131 -0.0018068511734275238 0.030119760523103351 0.00041574722541445647 -0.03916490114180135 0.036356884520046838 -0.0082514049365870062 -0.029958985957186775 0.0030289519016042359 0.00754765303554201 -0.0034427162552049737 -0.031846333135903328 -0.050855640751579827 -0.0036835429816221019 -0.0070820987928287412 0.002332366315976415 0.00037620525845214153 0.018056973207352216 -0.011823440842056242
leaf_weight=1334162.9693777263 88028.74330817908 7650.8726346045732 189212.21051547676 1967.2554071396589 2309.2956504523754 3326.0825318694115 8697.8085143715143 1119.1604701131582 1565.8624415248632 4712.7320213466883 5138.518996655941 106215.93338425457 41043.181449383497 12749.037098668516 19281.019171603024 1668.8648278266191 1840.7513871043921 11462.913844183087 2792.9837652742863 21989.244176506996 6924.5529984533787 16164.506247662008 9846.2404734939337 1336.4293651208282 195135.68924576044 47021.362567774951 42818.896074071527 489256.56548966467 22896.144817337394 42154.07770100981
leaf_count=3898442 249084 24702 553415 6381 8435 9134 23563 2293 4823 15314 12852 296231 119026 31672 56292 5914 4380 34559 9232 62427 19530 47684 32659 5065 593689 144340 128703 1407814 60438 130607
internal_value=1.42852e-05 -7.8418e-05 0.000499199 0.00452944 -0.00547145 -0.0225621 0.00108772 -0.0102614 0.0201089 0.00585067 0.0063165 0.0042564 0.00513921 0.0134165 0.00635855 -0.00851497 -0.000596529 -0.0064587 0.00187285 -0.000689681 0.0221761 -0.0123778 -0.019155 -0.0217874 -0.000385249 -0.00101615 -0.000208087 0.000333217 0.00116668 -0.00469016
internal_weight=2.74049e+06 2.65246e+06 1.2542e+06 225707 26337.9 7304.24 19033.7 10335.9 2685.02 199369 196065 151972 147259 44093.1 24419.5 4994.95 1.39826e+06 64096.6 26623 24782.2 19673.6 37473.7 21309.2 3303.68 1.02849e+06 839283 644147 597126 512153 84973
internal_count=7998700 7749616 3660233 641227 78864 23483 55381 31818 7116 562363 550917 430571 415257 120346 69144 15048 4089383 190941 76039 71659 51202 114902 67218 11446 3019006 2465591 1871902 1727562 1468252 259310
is_linear=0
shrinkage=0.05


Tree=181
num_leaves=31
num_cat=0
split_feature=98 7 41 12 9 54 0 94 54 95 25 25 85 54 86 54 38 54 78 25 48 42 78 25 8 13 54 54 99 85
split_gain=256.211 352.308 437.185 375.557 323.046 310.613 339.522 309.273 408.332 302.399 302.505 748.837 750.339 4410.41 1878.74 1626.11 1505.03 1622.04 1416.91 1389 775.441 710.254 1041.01 631.226 518.069 452.209 716.978 707.36 904.186 1062.25
threshold=5.3549640178680429 -0.0028583462117239829 1.0028641819953921 0.022434524260461334 0.03431875258684159 10732.500000000002 -0.0017023850814439354 4038.530395507813 715402.50000000012 33.730255126953132 1.1048839092254641 1.1235764026641848 0.90000000596046459 283752.50000000006 6.0000000000000009 283752.50000000006 -0.8200693130493163 630062.50000000012 1.3076950907707217 1.117890000343323 0.58244305849075328 1.0007712841033938 1.3076950907707217 1.117890000343323 0.0011754399165511133 0.019206232391297821 595507.50000000012 436902.50000000006 146708.89062500003 0.90000000596046459
decision_type=2 2 2 2 2 2 2 2 2 2 2 2 2 2 2 2 2 2 2 2 2 2 2 2 2 2 2 2 2 2
left_child=9 5 3 4 -3 6 -2 8 -4 -1 25 12 13 14 -12 18 20 -18 -14 -16 -15 22 -17 -20 -23 27 -27 28 29 -11
right_child=1 2 7 -5 -6 -7 -8 -9 -10 10 11 -13 15 16 19 21 17 -19 23 -21 -22 24 -24 -25 -26 26 -28 -29 -30 -31
leaf_value=-0.00058508257976528082 0.12641888229489434 -0.035013656450014169 -0.011086765999482986 0.013267364896871662 0.0044518436483882481 -0.00030769213860766531 -0.018531052168744514 0.0042648562456533753 0.029784510482467955 0.02920678999211912 0.020024932597121108 0.00099070073596011377 -0.017941384178854502 0.057969664365859042 -0.094217648338304053 0.030758047263324997 -0.04951967579398376 0.057764089888091286 0.059870407294190298 -0.011916130514582709 -0.025913305278837132 0.0090238425123410314 -0.038075528973172706 0.01384326098175921 0.077050262397330427 -0.0029273270188416569 0.0050642408268469843 -0.0011865092388840463 0.0020293988447057779 0.0010723025444902823
leaf_weight=1385302.2201023102 39.871368288993835 525.07861328125 9225.2625160366297 15055.87177220732 36031.300553552806 13483.318312495947 3537.460906021297 9470.0003937631845 653.44519585371017 6872.1083509773016 812.01143140345812 581693.95750080049 912.5715204179287 2901.9203213453293 1614.3554752618074 772.1235858052969 965.12366454303265 553.54061840474606 3592.4994152784348 751.68263731896877 303.75013014674187 1342.36408624053 1896.541336029768 940.96591135859489 352.80313323438168 221097.23605764657 32145.484476566315 218556.76891829818 182418.0565520674 6555.2534775882959
leaf_count=4108194 81 1771 28002 40153 100625 38470 11488 26888 1606 15795 2196 1669957 2578 5681 6364 1687 3258 1088 7872 2135 932 3808 6791 2630 712 644667 90931 636821 516584 18935
internal_value=1.35769e-05 0.00266746 0.00421854 0.00662146 0.0038839 -0.00378354 -0.0168792 -0.00219097 -0.00838001 -7.44947e-05 0.000483741 0.00129911 0.0114266 -3.90874e-05 -0.0455745 0.0206624 0.0305946 -0.0104001 0.0388823 -0.0680889 0.0500143 -0.00207847 -0.018154 0.0503233 0.0232217 -0.000248279 -0.00191288 0.000768954 0.0029512 0.015473
internal_weight=2.74037e+06 88021.6 70961 51612.3 36556.4 17060.7 3577.33 19348.7 9878.71 2.65235e+06 1.26705e+06 599406 17712.3 7902.38 3178.05 9809.87 4724.33 1518.66 5446.04 2366.04 3205.67 4363.83 2668.66 4533.47 1695.17 667645 253243 414402 195845 13427.4
internal_count=7998700 249084 199045 142549 102396 50039 11569 56496 29608 7749616 3641422 1717689 47732 21654 10695 26078 10959 4346 13080 8499 6613 12998 8478 10502 4520 1923733 735598 1188135 551314 34730
is_linear=0
shrinkage=0.05


Tree=182
num_leaves=31
num_cat=0
split_feature=46 22 50 85 22 26 13 81 55 90 37 50 54 26 85 48 13 48 85 37 62 48 85 46 12 55 46 49 104 36
split_gain=264.698 633.854 858.144 627.695 977.245 556.848 527.912 743.627 1351.34 825.322 584.473 795.251 685.503 709.822 658.965 632.845 598.356 547.087 479.936 616.926 870.032 463.384 433.176 427.684 366.439 1687.66 880.899 762.127 1111.07 850.584
threshold=0.43712048232555395 1.5000000000000002 147.50000000000003 0.90000000596046459 3.5000000000000004 -1.9054852724075315 0.08196252211928369 1.0000000180025095e-35 13077.500000000002 5129.9294433593759 16.353268623352054 22.500000000000004 1692.5000000000002 -0.67528790235519398 0.90000000596046459 -0.95032352209091175 0.11155498027801515 -0.22706275433301923 0.90000000596046459 9.2953634262084979 44.838598251342781 -0.7866188883781432 0.90000000596046459 0.35616318881511694 0.063288163393735899 -367107.49999999994 0.29228979349136358 0.74455857276916515 8.2870755195617694 3.5238349437713627
decision_type=2 2 2 2 2 2 2 2 2 2 2 2 2 2 2 2 2 2 2 2 2 2 2 2 2 2 2 2 2 2
left_child=6 22 5 4 -4 -3 24 10 9 23 11 12 -8 15 21 -14 -15 -10 19 20 -13 -12 -2 -9 26 -26 -1 28 -27 -30
right_child=1 2 3 -5 -6 -7 7 8 17 -11 14 18 13 16 -16 -17 -18 -19 -20 -21 -22 -23 -24 -25 25 27 -28 -29 29 -31
leaf_value=4.4388898432472816e-05 -0.067633524428983835 0.054595258319705034 -0.059098481096122993 -0.013889010777867443 0.061334322613775485 -0.014764091044889139 -0.016275912932244195 -0.058574298302801024 0.077587947813310257 0.035426047217877059 -0.076802738612123972 -0.059811617451284188 0.030539597619348859 0.035436823129673424 -0.017492589155640646 -0.0060650244373347982 -0.012194841553396009 -0.065980865635284755 0.01416865455165079 0.026247538855275327 0.04274762524851717 0.053346912958823482 -0.011023938437938103 -0.01684498684689793 0.021290924269860324 -0.013823931921213324 0.046358980236809871 -0.021083881326785913 0.0056553116445217161 -0.037377729139748898
leaf_weight=2654097.711707212 688.65581554174423 301.75752665102482 195.26863139867783 692.95885942876339 1192.3731076717377 6549.7051723450422 1693.1509962230921 1277.8074728250504 479.70647375285625 444.7218671888113 70.21236564218998 1313.6911300420761 1686.4867988526821 5345.548864454031 475.1770938783884 3931.0511694997549 751.41748906672001 76.162004858255386 923.5027262866497 394.37920491397381 244.58180486410856 1797.4951178729534 663.98758901655674 1184.1183322370052 5802.9073862731457 17194.352547898889 1026.0666501373053 8251.5126123055816 20308.885619401932 1216.0951682776213
leaf_count=7746833 3035 608 836 2171 2344 20118 5522 4919 877 1024 279 5174 4058 12285 1461 11700 2315 319 2516 949 620 3674 2082 3851 15046 52266 2259 27501 57864 4194
internal_value=1.29379e-05 -0.00799299 -0.00316005 0.0249554 0.0443531 -0.0117011 4.31035e-05 0.00774126 -0.0135332 -0.0271967 0.0116968 0.00833558 0.0134534 0.0177518 0.0350424 0.00492694 0.0295646 0.0578248 -0.0155167 -0.029559 -0.0436939 0.0484131 -0.0398773 -0.0385207 -1.96939e-05 -0.00414527 6.23064e-05 -0.00728821 -0.00434761 0.00322222
internal_weight=2.74027e+06 10284.7 8932.06 2080.6 1387.64 6851.46 2.72999e+06 22089.2 3462.52 2906.65 18626.7 16283.8 13407.7 11714.5 2342.88 5617.54 6096.97 555.868 2876.15 1952.65 1558.27 1867.71 1352.64 2461.93 2.7079e+06 52773.8 2.65512e+06 46970.8 38719.3 21525
internal_count=7998700 31194 26077 5351 3180 20726 7967506 61543 10990 9794 50553 45139 35880 30358 5414 15758 14600 1196 9259 6743 5794 3953 5117 8770 7905963 156871 7749092 141825 114324 62058
is_linear=0
shrinkage=0.05


Tree=183
num_leaves=31
num_cat=0
split_feature=62 41 53 21 42 13 54 87 87 77 27 77 90 42 35 39 31 97 77 79 97 36 54 55 54 49 39 62 54 35
split_gain=244.055 461.149 381.774 519.423 468.214 463.397 377.671 1972.53 738.409 573.026 495.61 409.85 374.292 323.222 394.504 323.211 319.839 655.164 512.193 271.578 265.243 506.504 480.587 569.99 838.711 746.44 611.234 551.923 554.564 499.908
threshold=9.1746516227722186 1.0032568573951723 0.6078576147556306 9.5000000000000018 1.0012459158897402 0.021198322996497158 609495.00000000012 1.0000000180025095e-35 1.0000000180025095e-35 1.3076950907707217 -0.21271832287311551 1.3076950907707217 4965.0048828125009 0.99657955765724193 -9.2841639518737775 1.1355735659599306 979.96759033203136 1.928941071033478 1.3076950907707217 5.5414514541625985 -5.1841506958007804 17.11392974853516 15477.500000000002 -302327.49999999994 394132.50000000006 0.8491516411304475 4.0677075386047372 46.029502868652351 454570.00000000006 -12.220856189727781
decision_type=2 2 2 2 2 2 2 2 2 2 2 2 2 2 2 2 2 2 2 2 2 2 2 2 2 2 2 2 2 2
left_child=1 2 6 -4 19 15 8 9 10 -8 -1 -9 16 -12 -15 -6 18 -18 -10 -5 21 22 -2 24 29 -25 -27 28 -26 -24
right_child=20 -3 3 4 5 -7 7 11 12 -11 13 -13 -14 14 -16 -17 17 -19 -20 -21 -22 -23 23 25 27 26 -28 -29 -30 -31
leaf_value=0.064092318167676562 -0.0036511807346933816 -0.035133340916723689 0.014681341579995505 -0.038244294296545321 -0.020928591785601906 -0.034112196493160274 0.018651571919249415 0.014814463061997988 -0.0086523464401725876 -0.067607697516737855 -0.065750696516981164 0.058320423052424776 0.040021387587175009 0.073716052276800795 0.0038787856492270654 0.01421985183853778 -0.028997912625162554 0.062096031040820204 -0.05494312208561937 -0.010480704471220284 -4.7360831949695875e-05 -0.029106625791940777 0.021899440785921785 0.011413373423608736 0.018090452119070923 -0.025820906615351188 0.013249462426154114 0.029919083611246768 1.1037399517281387e-05 -0.018226691957818394
leaf_weight=448.80079475045204 22498.665481984615 1226.6991418525577 1704.5741671472788 2471.9844215139747 896.46843084692955 1001.9523531273007 267.50215412676334 861.46219892799854 1154.760780274868 681.89371412992477 143.64776808023453 1461.311135455966 251.18554832041264 226.23958180844784 1839.5985986664891 2410.2274541631341 564.15787927806377 302.31281770765781 1239.0575728416443 1370.4958758354187 2611094.0970780104 1253.8335939198732 869.49216763675213 34828.820842072368 4917.4453190118074 2606.965200021863 1623.6624433249235 1933.614879116416 30823.150006212294 7167.9544074982405
leaf_count=958 67921 4502 4606 9543 2994 3533 628 2256 3487 2887 557 2867 607 487 5491 6549 1948 621 4504 3756 7624621 4342 2256 93620 12596 8708 4561 4760 89738 22796
internal_value=1.23096e-05 -0.00541939 -0.00352857 -0.0104117 -0.015661 -0.00434104 0.00365601 0.0173849 -0.003626 -0.0433039 0.0162501 0.0422006 -0.0186745 0.00650527 0.0115614 0.0046859 -0.0232091 0.00281407 -0.0326278 -0.0283485 5.33051e-05 0.00247537 0.00284483 0.00456899 0.000778909 0.00900429 -0.0108254 0.00390732 0.00249911 -0.013883
internal_weight=2.74014e+06 20524.3 19297.6 9855.7 8151.13 4308.65 9441.93 3272.17 6169.76 949.396 2658.29 2322.77 3511.47 2209.49 2065.84 3306.7 3260.29 866.471 2393.82 3842.48 2.71962e+06 108524 107270 84771.1 45711.7 39059.4 4230.63 37674.2 35740.6 8037.45
internal_count=7998700 62781 58279 30981 26375 13076 27298 8638 18660 3515 7493 5123 11167 6535 5978 9543 10560 2569 7991 13299 7935919 311298 306956 239035 132146 106889 13269 107094 102334 25052
is_linear=0
shrinkage=0.05


Tree=184
num_leaves=31
num_cat=0
split_feature=30 55 25 90 50 62 37 90 90 37 62 94 13 28 54 55 55 62 37 13 85 22 29 22 26 28 37 60 77 50
split_gain=247.661 767.471 768.214 910.81 739.165 1200.47 1122.75 1975.4 1108.68 889.073 1315.18 1096.34 961.166 836.869 831.867 751.785 717.335 684.165 631.954 617.908 608.688 1391.1 764.518 680.016 645.324 577.281 541.563 509.169 479.138 478.311
threshold=0.92250001430511486 30557.500000000004 0.52860644459724437 2512.944213867188 -382.49999999999994 42.672176361083991 16.843877792358402 3310.796508789063 2666.9282226562505 3.9589381217956547 35.465036392211921 3307.3349609375005 0.033089952543377883 0.82500001788139354 1837.5000000000002 12122.500000000002 -554294.99999999988 22.896126747131351 14.589394569396974 0.01331080822274089 0.90000000596046459 2.5000000000000004 0.59750002622604381 3.5000000000000004 -0.33222036063671107 0.075000001117587103 9.1966104507446307 0.075925011187791838 1.3076950907707217 -472.49999999999994
decision_type=2 2 2 2 2 2 2 2 2 2 2 2 2 2 2 2 2 2 2 2 2 2 2 2 2 2 2 2 2 2
left_child=-1 2 3 -2 6 15 9 8 27 10 16 12 -11 -9 -7 18 -4 -13 19 -6 21 29 -23 -24 26 -3 -22 -8 -26 -5
right_child=1 25 4 20 5 14 7 13 -10 11 -12 17 -14 -15 -16 -17 -18 -19 -20 -21 24 22 23 -25 28 -27 -28 -29 -30 -31
leaf_value=-0.00016980948604903255 -0.059238168406406812 -0.043368214763009456 0.018947486385979394 0.044011893253288373 0.025616005243200759 -0.043070018840088486 -0.0088865481634693086 -0.015161802843415284 0.030617883224139959 -0.0041106540115639209 -0.0038753249230647729 0.0081329177587587936 -0.02139447693844565 0.0084165364132801779 0.0074781904347034122 -0.022796682769544014 0.0058836887566533092 -0.0014425351372208874 -0.014915568738735766 -0.0035402226299508532 -0.00050228121894485176 -0.066934508721299649 0.066960544593302626 0.024306295037018796 0.023585305701109369 0.03641985591446948 0.055089390343541711 0.018258846494526682 -0.030000426678483134 -0.0091448793196000615
leaf_weight=2391410.1895327196 410.61697044968605 250.56088389456272 14448.589857786894 507.92558325827122 1926.2135530859232 842.79919607937336 3281.1378931105137 7333.0405444428325 11759.187585398555 52198.349713914096 28486.096318088472 29575.048820346594 9508.6020677313209 7728.4695141911507 22978.044675342739 7227.8124764710665 38536.101704873145 50514.457829959691 12819.75471611321 31824.791380815208 1015.9225022792816 146.58363576233387 2229.8684130758047 1611.583000138402 552.55715283751488 2301.4601954817772 768.99391405284405 3645.783265195787 1692.6626148968935 2510.9674452841282
leaf_count=7001155 1514 886 37873 1110 4840 3068 9899 22565 28467 153658 83590 80605 30404 21233 64827 24530 107162 145381 39687 93126 2993 542 4213 3983 1272 5305 1764 9743 5910 7395
internal_value=1.16893e-05 0.00125667 0.00105516 0.013791 0.000619417 -0.00365665 0.00191083 0.0104108 0.0212709 0.000625973 0.00478849 -0.00176563 -0.00677435 -0.00306303 0.00568781 -0.00779429 0.00944649 0.00209343 -0.00546537 -0.00187538 0.0165136 0.0254176 0.0447972 0.0490783 0.00102897 0.0285703 0.0234629 0.00540049 -0.0168059 -0.00018804
internal_weight=2.74004e+06 348634 346082 11447.7 334634 77619.4 257015 33747.6 18686.1 223267 81470.8 141796 61707 15061.5 23820.8 53798.6 52984.7 80089.5 46570.8 33751 11037.1 7006.93 3988.04 3841.45 4030.14 2552.02 1784.92 6926.92 2245.22 3018.89
internal_count=7998700 997545 991354 30696 960658 230078 730580 91907 48109 638673 228625 410048 184062 43798 67895 162183 145035 225986 137653 97966 29182 17243 8738 8196 11939 6191 4757 19642 7182 8505
is_linear=0
shrinkage=0.05


Tree=185
num_leaves=31
num_cat=0
split_feature=33 100 29 49 55 13 36 25 46 87 48 65 104 17 36 87 47 77 48 48 25 25 49 25 48 62 55 38 87 41
split_gain=253.397 257.092 402.419 401.518 365.315 523.37 408.842 471.537 483.492 340.184 591.789 449.76 273.313 534.737 556.245 951.683 618.436 564.221 569.513 563.683 555.289 870.227 689.051 688.119 719.554 564.449 427.01 827.02 449.222 399.113
threshold=0.30000000447034841 373462.07812500006 0.052500000223517425 -0.97854062914848317 20822.500000000004 0.04086114093661309 -3.3571530580520625 1.9206761717796328 0.35616318881511694 1.0000000180025095e-35 0.41268247365951544 0.45556162297725683 8.4422450065612811 41.216573715209968 -16.289794921874996 1.0000000180025095e-35 -0.25231786072254175 1.3076950907707217 0.99512553215026867 -0.99845358729362477 2.9390091896057133 2.3621916770935063 -0.90159028768539418 1.4573647379875185 0.63435554504394542 28.115897178649906 7067.5000000000009 1.0525088906288149 1.0000000180025095e-35 0.98988330364227306
decision_type=2 2 2 2 2 2 2 2 2 2 2 2 2 2 2 2 2 2 2 2 2 2 2 2 2 2 2 2 2 2
left_child=1 12 -3 -4 6 -6 9 -8 -9 11 -11 -5 -1 14 15 16 -14 -17 -19 -16 21 23 -22 24 -15 -25 27 -21 -28 -18
right_child=-2 2 3 4 5 -7 7 8 -10 10 -12 -13 13 20 19 17 29 18 -20 26 22 -23 -24 25 -26 -27 28 -29 -30 -31
leaf_value=5.0896569005087543e-05 -0.016984698814870174 0.02823096023908149 -0.048531918761927029 0.012852192111418543 -0.016490919307596469 0.0095228931163724856 -0.034104209037698806 0.016896248865018743 -0.027624038288632687 0.050791730206355801 0.012436912532797021 -0.042336221575510959 -0.05959785032163431 -0.015896135392677077 0.050911228692531854 -0.0080912781858480786 0.052767048810204831 -0.05659952896425853 0.049412599151239162 0.022373098843298231 -0.025208768969479267 -0.026385194890883597 0.018172240730788821 0.0079860931992387762 0.00029475143710255554 -0.011818897390037801 0.0086759649640077829 -0.0070903649600875321 -0.0078755541949861018 0.0068214779271492491
leaf_weight=2624145.9248377159 2196.874531313777 1780.9225821644068 364.18192601948977 2090.5546592921019 4012.5631429851055 3729.5728223472834 899.73534890264273 2625.2075760066509 793.25776340067387 1562.6689482778311 2822.4172567129135 447.28451262414455 285.27179276943207 18252.572197042406 660.05829738080502 1695.5496716350317 620.93800595402718 1638.986363388598 136.48712740838528 6825.5412924736738 1149.5535933449864 5323.0758370906115 4476.8189552202821 13193.545755408704 10994.936485059559 4945.1764395311475 7178.0800975486636 3656.9852184429765 9555.2823663130403 1972.3378907442093
leaf_count=7645130 7217 4611 1443 6053 13411 10790 3127 7010 2665 3300 7844 1689 1129 60708 1527 5250 1284 6378 306 17729 3957 19614 12242 38045 32865 16037 21090 11417 30839 5633
internal_value=-1.41845e-05 -5.59097e-07 0.00549344 0.00339885 0.00439788 -0.00395918 0.010154 -0.00191851 0.00655876 0.0176841 0.0261146 0.00311063 -4.32909e-05 -0.00271357 0.00224784 -0.0111066 0.0101466 -0.0287314 -0.0484239 0.00529018 -0.0056245 -0.00721837 0.00930505 -0.00506467 -0.00980957 0.00258601 0.00418174 0.0120942 -0.000775086 0.0178408
internal_weight=2.74003e+06 2.73784e+06 21128.4 19347.4 18983.3 7742.14 11241.1 4318.2 3418.47 6922.93 4385.09 2537.84 2.71671e+06 92561.2 34225.5 6349.57 2878.55 3471.02 1775.47 27875.9 58335.7 52709.3 5626.37 47386.2 29247.5 18138.7 27215.9 10482.5 16733.4 2593.28
internal_count=8000340 7993123 61943 57332 55889 24201 31688 12802 9675 18886 11144 7742 7931180 286050 102582 19980 8046 11934 6684 82602 183468 167269 16199 147655 93573 54082 81075 29146 51929 6917
is_linear=0
shrinkage=0.05


Tree=186
num_leaves=31
num_cat=0
split_feature=35 46 54 54 25 54 22 54 63 31 55 85 42 85 25 25 77 86 54 90 87 49 55 54 22 50 55 55 55 13
split_gain=249.339 749.077 617.563 760.695 998.562 624.218 1235.07 744.424 1135.56 597.234 521.914 545.234 518.789 761.743 803.456 752.609 459.043 443.616 415.334 407.113 604.816 362.311 1028.69 3448.15 1610.78 1824.04 2646.6 1299.35 1171.38 1129.6
threshold=22.344172477722172 0.10567348077893259 7882.5000000000009 14822.500000000002 3.4283124208450322 423227.50000000006 3.5000000000000004 625057.50000000012 0.098937146365642561 1728.0794067382815 20282.500000000004 0.90000000596046459 1.0141812562942507 0.90000000596046459 3.1142147779464726 3.1142147779464726 1.3076950907707217 6.0000000000000009 735617.50000000012 4694.9174804687509 1.0000000180025095e-35 0.60003554821014415 -322667.49999999994 326532.50000000006 2.5000000000000004 267.50000000000006 -437987.49999999994 -417832.49999999994 9447.5000000000018 0.043106591328978545
decision_type=2 2 2 2 2 2 2 2 2 2 2 2 2 2 2 2 2 2 2 2 2 2 2 2 2 2 2 2 2 2
left_child=21 2 10 -4 5 6 9 8 -7 -5 -2 -12 13 15 -15 -3 -16 -8 -9 -14 -21 -1 23 -23 25 -25 -27 -28 29 -24
right_child=1 12 3 4 -6 7 17 18 -10 -11 11 -13 19 14 16 -17 -18 -19 -20 20 -22 22 28 24 -26 26 27 -29 -30 -31
leaf_value=0.00025065943956928741 0.035869886791010538 -0.04894490406173909 -0.02121104305334328 0.006384546740058031 -0.044554100965731064 0.003267897237786799 0.010363683969428527 0.012277131345344569 -0.025930109794151057 0.023214604078654392 0.015607730682914218 -0.078837081321686209 0.020277455915959849 0.085430194801149995 0.03559587848462404 0.063056363987155153 -0.052635510060105799 -0.033613944918899553 -0.023120094950475994 0.02036757979309891 -0.057277380931848337 0.037956003419243489 -0.0031980769039614515 -0.00062248771676796054 -0.0041264693780889688 0.0037152398844474532 0.051542573602665953 0.019225247693009356 0.0026284588477713919 -0.013569545259681735
leaf_weight=2003387.3119829893 2203.8796439468861 163.20725966989994 3848.7096087783575 17373.394215777516 1132.7302152663469 6916.6741314977407 769.31775644421577 7357.0803787261248 6419.8787617683411 7567.8158500045538 501.16547568142414 218.67025071382523 1617.2951268106699 203.65470236539841 207.11765171587467 1756.4879959821701 505.12229543924332 2244.792723312974 932.86613442748785 478.73490223288536 524.72747744619846 6232.7620064169168 277504.64638479054 100947.05016923696 116919.70951215178 45175.098098777235 3982.0339014530182 14211.77519184351 79594.024410165846 28996.165972039104
leaf_count=5807214 5268 591 12628 49734 4152 20108 2351 20484 21637 19820 1408 951 4234 387 439 3351 1960 7710 3134 1338 1940 15238 835123 296659 355240 131309 8316 37409 238514 91693
internal_value=-1.34816e-05 0.00309709 0.00141638 0.000216471 0.00184308 0.00290404 0.00783841 -0.00347418 -0.0107878 0.0114922 0.0238 -0.0131452 0.0208002 0.0356187 -0.00189573 0.0535112 -0.0269571 -0.0223878 0.00829098 0.00475775 -0.0202459 -8.66236e-05 -0.00108982 0.00117468 0.000359382 0.00355134 0.0102003 0.0263012 -0.00277587 -0.00417932
internal_weight=2.73989e+06 62943.3 57487 54563.3 50714.6 49581.8 27955.3 21626.5 13336.6 24941.2 2923.72 719.836 5456.35 2835.59 915.895 1919.7 712.24 3014.11 8289.95 2620.76 1003.46 2.67695e+06 673563 287468 281236 164316 63368.9 18193.8 386095 306501
internal_count=8000340 183625 169385 161758 149130 144978 79615 65363 41745 69554 7627 2359 14240 6728 2786 3942 2399 10061 23618 7512 3278 7816715 2009501 844171 828933 473693 177034 45725 1165330 926816
is_linear=0
shrinkage=0.05


Tree=187
num_leaves=31
num_cat=0
split_feature=100 29 55 85 9 50 97 37 52 85 54 54 54 77 77 37 79 82 45 37 77 29 97 47 54 87 37 54 55 55
split_gain=229.362 367.44 379.096 408.073 576.514 498.145 433.412 392.874 527.278 439.566 794.892 679.871 647.437 574.06 459.534 688.261 477.316 452.627 358.794 388.445 381.627 316.549 338.691 303.174 283.748 1217.88 1959.84 1573.17 1494.82 3664.12
threshold=373462.07812500006 0.052500000223517425 20822.500000000004 0.90000000596046459 0.24221113324165347 202.50000000000003 5.964876890182496 2.1008368730545048 -42.499999999999993 0.90000000596046459 11827.500000000002 1537.5000000000002 11232.500000000002 1.3076950907707217 1.3076950907707217 8.1203827857971209 4.6936223506927499 1.0000000180025095e-35 1.0005414485931399 11.983372211456301 1.3076950907707217 0.98250001668930065 5.123927354812623 -0.25231786072254175 2482.5000000000005 1.0000000180025095e-35 2.6174721717834477 1372.5000000000002 1102.5000000000002 6417.5000000000009
decision_type=2 2 2 2 2 2 2 2 2 2 2 2 2 2 2 2 2 2 2 2 2 2 2 2 2 2 2 2 2 2
left_child=24 -2 7 4 -4 21 18 8 -3 11 14 -9 17 -14 16 -16 -11 -13 20 -20 -6 22 23 -5 25 28 27 -27 -1 -30
right_child=1 2 3 5 6 -7 -8 9 -10 10 -12 12 13 -15 15 -17 -18 -19 19 -21 -22 -23 -24 -25 -26 26 -28 -29 29 -31
leaf_value=-0.030478817184271173 0.026947577524619949 0.0355488023418545 -0.043647933558535759 -0.048916289082486214 -0.0013309144969867427 -0.040503007928339663 0.066307890884755957 -0.082345435016006482 -0.027743685473329605 0.044505499422224128 0.043282896981673501 0.037017999663313525 0.020368597396294173 -0.065748723270581358 0.027774988601691992 -0.042372891319623796 -0.052377563375444393 -0.0025201426637591114 0.029448651451096527 -0.016632840328984211 -0.061034914187178137 -0.080248844635710581 -0.061916409738207182 0.024242341030583314 6.9517921280356045e-05 -0.0076384857535273763 -0.0022202867318246128 -0.037840952912465517 0.035494412017290318 -0.00014075065010270217
leaf_weight=3133.1448221206665 1774.4001180157065 433.30835694074631 1278.1794510707259 148.20096690952778 525.91316771507263 473.69020853936672 205.0182696133852 153.53259252011776 1357.0023668259382 522.91012562811375 778.37485459446907 4275.6568491458893 427.45123644173145 351.98468537628651 452.45267902314663 1528.5564521253109 166.90721075236797 870.89656484127045 849.32567285746336 988.40593558549881 544.50591643899679 84.902671188116074 129.02680108696222 2798.9650775119662 2570501.6014993787 9771.366708829999 68717.961927935481 7716.9421466365457 8417.5786648243666 50396.155162110925
leaf_count=10674 4611 1003 5031 524 1733 1775 381 613 4672 1060 1761 9761 1226 1445 1123 6366 547 2530 2304 3357 2249 354 502 7149 7481470 32667 205453 33828 20353 153818
internal_value=-1.27886e-05 0.00517756 0.0031792 -0.00513212 -0.0153881 0.00725801 -0.00377347 0.00907299 -0.0124109 0.0131109 -0.0011452 0.0211988 0.0238957 -0.018549 -0.0141064 -0.026343 0.0210147 0.0303272 -0.00873687 0.00466589 -0.0317347 0.0144271 0.017067 0.0205465 -5.31131e-05 -0.00218082 -0.00602369 -0.0209674 0.00316692 0.00495988
internal_weight=2.73977e+06 21119.6 19345.2 8026.13 4391.35 3634.79 3113.17 11319 1790.31 9528.72 3449.2 6079.52 5925.99 779.436 2670.83 1981.01 689.817 5146.55 2908.15 1837.73 1070.42 3161.1 3076.19 2947.17 2.71865e+06 148153 86206.3 17488.3 61946.9 58813.7
internal_count=8000340 62077 57466 25359 15055 10304 10024 32107 5675 26432 10857 15575 14962 2671 9096 7489 1607 12291 9643 5661 3982 8529 8175 7673 7938263 456793 271948 66495 184845 174171
is_linear=0
shrinkage=0.05


Tree=188
num_leaves=31
num_cat=0
split_feature=36 22 87 49 90 65 90 86 13 75 86 30 13 37 6 13 27 90 60 77 44 49 36 37 37 42 87 90 85 28
split_gain=244.926 1004.47 886.758 1321.17 1445.26 1088.19 929.558 890.058 771.826 745.212 739.993 727.811 740.248 757.041 646.803 575.102 573.273 552.745 579.934 710.996 550.075 536.85 531.766 519.291 505.06 628.266 2995.16 1910.6 1318.66 1000.68
threshold=-28.908246040344235 3.5000000000000004 1.0000000180025095e-35 -0.7866188883781432 2678.621459960938 0.50156229734420787 4482.8845214843759 6.0000000000000009 0.025105400010943416 1.1065838336944582 6.0000000000000009 0.0224999999627471 0.027691825293004516 -10.97987127304077 0.0076037275139242419 0.011563880369067194 0.54707908630371105 4152.6174316406259 -0.107443630695343 1.3076950907707217 1.0016111731529238 -0.22706275433301923 -32.996402740478509 6.5832056999206552 23.830582618713382 0.9984080195426942 1.0000000180025095e-35 3307.2163085937505 0.90000000596046459 0.32500000298023229
decision_type=2 2 2 2 2 2 2 2 2 2 2 2 2 2 2 2 2 2 2 2 2 2 2 2 2 2 2 2 2 2
left_child=1 14 11 7 8 6 10 -4 9 -5 -6 15 17 -14 24 -3 -7 18 23 -20 -17 -18 -16 -13 25 28 -27 -28 -1 -30
right_child=-2 2 3 4 5 16 -8 -9 -10 -11 -12 12 13 -15 22 20 21 -19 19 -21 -22 -23 -24 -25 -26 26 27 -29 29 -31
leaf_value=-0.0091684694637540459 -0.00011150545799905078 -0.063804193391265224 0.0065593246340114103 0.022431440294059992 0.0098432619904958562 -0.022112633515089172 -0.05118258008433664 0.063459909496461214 0.060444189378341652 -0.046646249703534606 0.041848880980961595 -0.0046155843401963458 -0.036629199975771271 0.036217395949378846 0.046486002956619234 0.041221055395129609 -0.085199235437250651 -0.076204020283566112 0.013607186248427739 -0.040349788931535999 -0.033850598535928471 0.036455252396310187 -0.013114779864428895 0.059225526871808022 -0.020322977902031965 -0.017866510453622569 0.037896395212444769 0.0020866145691931896 0.012901914565458264 -0.0081017043227907832
leaf_weight=35100.764906868339 2623712.799547337 172.00059175491333 987.53772056102753 495.14743242412806 2718.5318284928799 2070.6900496929884 357.3456181883812 2262.7194893062115 249.29202662408352 1834.6036858856678 5386.3394212275743 1898.973834656179 470.80162478983402 1460.7486132830381 1287.5280690640211 1803.1826606839895 99.973636284470558 371.05191440880299 814.46758158504963 2430.9213491529226 281.33031974732876 891.22886212170124 526.74980732798576 381.67845533043146 3245.7478058412671 7988.8620546758175 7484.5816029161215 7414.9608688205481 16768.077420048416 8567.2861265093088
leaf_count=108630 7661610 676 2688 1343 7680 6561 1288 4155 486 6578 11538 6004 1643 3493 2936 4415 384 1578 1978 9220 981 2003 1592 840 11020 26192 16767 21393 47617 27051
internal_value=-1.21715e-05 0.00223795 0.0105947 0.0174468 0.0108216 0.0183938 0.0276351 0.0461805 -0.0230058 -0.0319595 0.0311167 -0.00119562 -0.0084077 0.0184492 -0.000356399 0.0238161 -0.00714585 -0.017207 -0.0132316 -0.0268071 0.0310755 0.0241065 0.0291813 0.00608763 -0.000975817 -0.00022189 0.00683285 0.0200768 -0.00289382 0.00579919
internal_weight=2.73954e+06 115823 27438.6 17353.4 14103.2 11524.1 8462.22 3250.26 2579.04 2329.75 8104.87 10085.2 7828.64 1931.55 88384.6 2256.51 3061.89 5897.09 5526.04 3245.39 2084.51 991.202 1814.28 2280.65 86570.3 83324.5 22888.4 14899.5 60436.1 25335.4
internal_count=8000340 338730 75532 44704 37861 29454 20506 6843 8407 7921 19218 30828 24756 5136 263198 6072 8948 19620 18042 11198 5396 2387 4528 6844 258670 247650 64352 38160 183298 74668
is_linear=0
shrinkage=0.05


Tree=189
num_leaves=31
num_cat=0
split_feature=54 55 64 54 55 6 55 49 42 85 25 104 79 27 36 85 28 26 26 48 47 105 7 79 46 97 13 85 36 65
split_gain=233.874 1249.74 948.506 916.541 1155.3 1277.58 825.036 971.855 958.503 793.072 987.764 875.787 684.483 679.793 780.785 773.744 1594.65 1391.3 1356.08 917.709 632.607 595.308 590.836 566.531 558.165 536.46 511.363 959.981 449.97 449.846
threshold=797.50000000000011 8387.5000000000018 7.5411891937255868 1372.5000000000002 6127.5000000000009 -0.0076158472802489987 14952.500000000002 -0.50938662886619557 0.9966733753681184 0.90000000596046459 5.3894152641296396 8.4806432723999041 4.6936223506927499 -0.93899407982826222 -23.899790763854977 0.90000000596046459 0.12500000372529033 1.8460804820060732 -1.44841992855072 -0.91080963611602772 -0.32989895343780512 0.95226702094078075 -0.0012360903783701358 2.9327796697616582 0.10387746617197992 5.5212674140930185 0.035283552482724197 0.90000000596046459 -18.770732879638668 0.60928469896316539
decision_type=2 2 2 2 2 2 2 2 2 2 2 2 2 2 2 2 2 2 2 2 2 8 2 2 2 2 2 2 2 2
left_child=1 2 25 4 21 -6 7 9 -9 10 -3 -11 20 -8 24 16 18 28 -16 -18 -7 -2 -4 -22 -15 -1 27 -10 -17 -24
right_child=3 6 22 -5 5 12 13 8 26 11 -12 -13 -14 14 15 17 19 -19 -20 -21 23 -23 29 -25 -26 -27 -28 -29 -30 -31
leaf_value=0.02668515833795564 -0.025866335652326097 -0.042683701663660194 -0.024921171918471888 1.9141978475391001e-05 0.027967976722967816 0.020457560567682272 0.034878551941572515 0.033888862509380314 0.052758042758440017 -0.017652323352983591 0.083083584115357767 0.048231739027482151 -0.0043615526798394932 0.013525987270188243 -0.063033177183632633 0.054650311966717394 0.032258248548675497 0.068822574013398724 0.025856859175805685 -0.02870856836324245 -0.017543515823128002 0.031067605149584121 0.019641691729883219 -0.038901648641769523 -0.048855358856257643 -0.043181257170689991 -0.019806112677894346 -0.059060873512508993 0.0043433344787529044 -0.0053695075568160958
leaf_weight=9359.4747212231159 564.33230946958065 4133.4818672984838 1657.4988431334496 2656142.0447923243 1825.9793588370085 834.4287306368351 1619.2597171664238 1784.3140661865473 694.4949264228344 2724.7348057627678 161.31862564384937 617.93035687506199 8867.6051227152348 504.1869625300169 475.54328341782093 475.98806734383106 697.12465493381023 1075.3781341761351 4306.7554357349873 5331.9609403014183 9818.2408352643251 2444.9855409711599 3916.4883019477129 4543.4427701383829 1236.6395599320531 282.13858911395073 3130.2781665027142 264.14698518812656 6535.7990597039461 3321.4217876940966
leaf_count=23565 1835 14904 5497 7747890 5000 2628 4004 4271 1467 8972 283 1367 23620 1402 1834 1042 1681 2160 10683 17966 33999 6107 10039 22469 4898 972 10290 980 18819 9696
internal_value=-1.15098e-05 0.00323699 0.013773 -7.72155e-05 -0.00893341 -0.012342 -0.00222326 -0.0119697 0.00332162 -0.0237283 -0.0379403 -0.00546061 -0.015402 0.00369273 0.00124424 0.0041966 -0.00455306 0.0158934 0.0170054 -0.0216542 -0.0218436 0.0203842 0.00199683 -0.0243029 -0.0307879 0.0246359 -0.0100211 0.0219125 0.00776639 0.0081644
internal_weight=2.73935e+06 54306.4 18537 2.68504e+06 28899 25889.7 35769.3 13510.7 5873.23 7637.47 4294.8 3342.67 24063.7 22258.6 20639.4 18898.5 10811.4 8087.17 4782.3 6029.09 15196.1 3009.32 8895.41 14361.7 1740.83 9641.61 4088.92 958.642 7011.79 7237.91
internal_count=8000340 156792 49769 7843548 95658 87716 107023 42534 17008 25526 15187 10339 82716 64489 60485 54185 32164 22021 12517 19647 59096 7942 25232 56468 6300 24537 12737 2447 19861 19735
is_linear=0
shrinkage=0.05


Tree=190
num_leaves=31
num_cat=0
split_feature=39 36 54 42 48 53 42 42 90 81 35 22 31 37 54 85 54 55 55 53 85 49 54 54 94 104 86 35 90 77
split_gain=253.832 1141.45 1011.2 835.849 696.871 657.488 899.126 906.048 830.667 833.46 727.894 801.646 1219.08 1171.21 1170.22 1120.62 1009.91 714.092 711.249 694.567 612.659 2412.31 2246.31 1646.08 1400.37 3190.62 5489.8 1566.79 1319.67 1297.93
threshold=5.1743757724761972 -11.73405075073242 758052.50000000012 1.0031424760818484 0.52803644537925731 1.0000000180025095e-35 1.001972556114197 0.99888706207275402 3114.1975097656255 1.0000000180025095e-35 6.4221882820129403 1.5000000000000002 710.85681152343761 17.911827087402347 515437.50000000006 0.90000000596046459 555202.50000000012 13077.500000000002 13077.500000000002 0.87837970256805431 0.90000000596046459 -0.50938662886619557 708982.50000000012 445617.50000000006 3372.303100585938 7.8634767532348642 6.0000000000000009 9.9422116279602069 3316.840454101563 1.3076950907707217
decision_type=2 2 2 2 2 2 2 2 2 2 2 2 2 2 2 2 2 2 2 2 2 2 2 2 2 2 2 2 2 2
left_child=-1 3 5 20 -4 6 7 -3 9 -9 19 12 17 -14 15 -13 -16 -12 -10 -7 22 -22 24 28 25 27 -27 -2 29 -23
right_child=1 2 4 -5 -6 10 -8 8 18 -11 11 14 13 -15 16 -17 -18 -19 -20 -21 21 23 -24 -25 -26 26 -28 -29 -30 -31
leaf_value=0.00023284912099146485 -0.0030159400140728023 -0.009883911844086074 -0.037810189732872902 -0.021526841613061724 0.00074308135348713391 0.0027829997457624244 -0.0071430596504520674 0.0042255889577313436 0.017693759755697615 -0.020568343503160461 0.013747042486726424 0.023664889619313154 0.012371045484865341 -0.015756773035419051 -0.040667051285423708 0.0037105017355088497 0.0037493535500821192 -0.062768518440814533 -0.044687785328973113 -0.0038957948924702203 -0.018636621787161453 -0.011890719606388872 0.015401040739942543 -0.0039317872315451528 0.0050967412202938874 0.0010465020554114119 -0.048263945032492615 -0.082197764376537266 0.00414108213295285 0.035553552445016651
leaf_weight=2220699.477202028 42060.057273730636 12104.884823940694 2876.6108495742083 6922.9160335883498 1977.1719536408782 108176.49753380567 51807.813904307783 22797.192112416029 13490.852272570133 3980.4084990173578 12351.143075764179 18992.958634316921 5058.8080255240202 13778.32944945246 1371.5364380776882 11177.462228186429 18936.416202664375 311.64804635941982 471.97132414579391 60808.936804637313 13370.765926517546 1720.5966071635485 10470.451490826905 23646.038454502821 14054.60621086508 9830.402757614851 13253.597914561629 633.1677190810442 13184.896487891674 8868.4070213884115
leaf_count=6467717 122658 37094 10521 22874 6098 310389 159512 64680 35835 14323 32839 48691 13657 43391 4912 33471 55481 1192 1734 181272 44083 4744 28783 75067 40202 29928 45224 2525 39031 22082
internal_value=2.75684e-07 -0.000995835 0.000557415 -0.00453917 -0.0221077 0.000866844 -0.00246241 0.0021263 0.00569507 0.000539229 0.00225519 0.00612126 -0.000137668 -0.00820238 0.010027 0.0162728 0.000747506 0.0118587 0.0155817 0.000379616 -0.00376064 0.000119788 -0.00637294 0.00540883 -0.00922895 -0.01229 -0.0272656 -0.00419227 0.0146992 0.0278435
internal_weight=2.73919e+06 518487 360471 158016 4853.78 355617 104653 52845.3 40740.4 26777.6 250964 81978.3 31499.9 18837.1 50478.4 30170.4 20308 12662.8 13962.8 168985 151093 60790.7 90302.3 47419.9 79831.8 65777.2 23084 42693.2 23773.9 10589
internal_count=8000010 1532293 1055092 477201 16619 1038473 313178 153666 116572 79003 725295 233634 91079 57048 142555 82162 60393 34031 37569 491661 454327 185007 269320 140924 240537 200335 75152 125183 65857 26826
is_linear=0
shrinkage=0.05


Tree=191
num_leaves=31
num_cat=0
split_feature=65 45 42 46 94 36 85 50 35 26 13 22 54 39 36 85 86 12 54 54 85 90 99 30 37 46 87 36 6 35
split_gain=251.238 606.001 638.156 774.31 616.353 702.92 610.705 672.961 687.633 601.968 713.563 558.594 646.692 548.983 539.872 880.376 538.532 532.429 511.115 1482.25 1609.84 828.538 685.865 818.993 678.51 640.567 612.812 838.762 725.307 564.097
threshold=0.7205137610435487 1.0068799257278445 1.0006129741668703 0.1845040246844292 3372.303100585938 -0.17468695342540738 0.90000000596046459 -472.49999999999994 5.9900207519531259 0.9645163118839265 0.030735942535102371 1.0000000180025095e-35 8217.5000000000018 -1.2367931008338926 -38.44964408874511 0.90000000596046459 6.0000000000000009 0.044312395155429847 324237.50000000006 326532.50000000006 0.90000000596046459 2649.223999023438 174056.71093750003 0.8374999761581422 39.945051193237312 0.093810617923736586 1.0000000180025095e-35 25.374681472778324 -0.0021727326093241568 2.750281929969788
decision_type=2 2 2 2 2 2 2 2 2 2 2 2 2 2 2 2 2 2 2 2 2 2 2 2 2 2 2 2 2 2
left_child=-1 2 9 18 5 -3 -5 8 -8 14 -11 -6 13 -13 15 16 -2 -7 22 20 25 29 23 -4 -23 -20 27 -24 -28 -21
right_child=1 4 3 6 11 17 7 -9 -10 10 -12 12 -14 -15 -16 -17 -18 -19 19 21 -22 24 26 -25 -26 -27 28 -29 -30 -31
leaf_value=0.00028942401245347487 -0.0094829790319804121 -0.029170584476630651 -0.025877554233413064 -0.02454980896744036 -0.034737578988233951 0.011024752496265984 0.00051454815158658745 -0.016889436644113572 0.062545571803392305 0.01954963516267667 -0.011894949671630982 0.012824402956043491 0.013042679387339738 -0.0084561934929964413 0.00015027198604231944 0.0064882998268980504 -0.054919675406502326 -0.016858382901983 0.017731481531433287 0.00180480774218996 -0.024587002226138143 0.0024259691552365598 -0.00044998171913949352 0.014517649215272592 -0.021479775549682584 0.084564473728452175 0.0080196343219977127 0.043184635259772952 -0.0076218790135481529 -0.0098443983578147612
leaf_weight=2007200.3121542335 1123.6505931392312 2540.0214335545897 6718.6754747629166 7153.3712566271424 767.82648602128029 4881.997660651803 1417.0231758281589 3037.8168691247702 651.60426554828882 7794.1158354729414 2346.563583754003 4770.5917277783155 24875.479480803013 8305.1158424466848 346780.48982025683 2259.6006288081408 1555.6992031782866 2635.4048938602209 511.18303999304771 15048.841949850321 714.20445068180561 98115.184477560222 58909.287139438093 1541.9983704984188 3059.7560106962919 1206.1869495660067 8163.6047456413507 1121.3069426417351 80333.691274181008 33575.097816295922
leaf_count=5852666 3852 8775 22065 22918 2682 13623 4260 9822 1471 21079 7281 13336 67498 25943 1007492 6723 5750 8363 1346 44137 2374 282739 176817 4099 10130 2109 22666 2824 240292 104878
internal_value=2.59102e-07 -0.000792737 -0.00117718 -0.00279902 0.00459144 -0.00643588 -0.0151222 -0.00191226 0.0200771 0.000262761 0.0122724 0.00745605 0.00831074 -0.000691329 -8.35165e-05 -0.0164963 -0.0358772 0.00124805 -0.00231006 -0.000246334 0.0384704 -0.00087508 -0.00431374 -0.0183356 0.00170275 0.0646961 -0.00353373 0.000365689 -0.00617887 -0.00623897
internal_weight=2.73912e+06 731915 683139 321279 48776.4 10057.4 12259.8 5106.44 2068.63 361860 10140.7 38719 37951.2 13075.7 351719 4938.95 2679.35 7517.4 309019 152230 2431.57 149799 156789 8260.67 101175 1717.37 148528 60030.6 88497.3 48623.9
internal_count=8000010 2147344 2007124 954947 140220 30761 38471 15553 5731 1052177 28360 109459 106777 39279 1023817 16325 9602 21986 916476 447713 5829 441884 468763 26164 292869 3455 442599 179641 262958 149015
is_linear=0
shrinkage=0.05


Tree=192
num_leaves=31
num_cat=0
split_feature=79 77 77 12 50 12 54 73 94 37 99 36 40 36 54 54 54 37 35 37 30 35 7 54 54 54 79 73 8 35
split_gain=239.431 395.137 959.623 519.218 475.536 581.208 664.932 549.603 477.28 840.34 571.031 448.111 563.436 439.108 400.124 426.867 421.987 375.911 460.935 426.334 392.328 370.947 370.843 642.174 573.242 412.559 384.426 388.39 362.601 349.423
threshold=5.5255424976348886 0.83046793937683117 1.2333478927612307 0.006145172519609333 -197.49999999999997 0.029413246549665931 10732.500000000002 5.9165215492248544 4534.5615234375009 33.814212799072273 213261.39843750003 -7.049349069595336 1.0000000180025095e-35 -20.260740280151364 22697.500000000004 35697.500000000007 5387.5000000000009 -16.805540084838864 -17.91408538818359 37.56413650512696 0.38249999284744268 -32.75610160827636 -0.013560140971094368 394132.50000000006 387607.50000000006 616077.50000000012 4.1118562221527108 8.2998576164245623 0.00021839780674781653 -6.0443284511566153
decision_type=2 2 2 2 2 2 2 2 2 2 2 2 2 2 2 2 2 2 2 2 2 2 2 2 2 2 2 2 2 2
left_child=1 -1 3 -3 7 8 -7 14 10 -10 -6 29 -13 -8 16 -16 -5 28 19 20 21 -19 23 24 -20 -25 -24 -28 -4 -9
right_child=-2 2 17 4 5 6 13 11 9 -11 -12 12 -14 -15 15 -17 -18 18 22 -21 -22 -23 26 25 -26 -27 27 -29 -30 -31
leaf_value=-0.0019165601648729221 0.00067740249167933181 0.032525498791336177 -0.025418464842719053 0.0048821828461513362 0.0025735235732155639 -0.017551512194812314 -0.022365242115939255 0.0075491773990247523 0.013034195016434609 -0.072432178945941769 -0.006445009373492145 0.0082013382484252394 -0.0085420508720472545 0.0017160884441078509 0.019511218214475313 0.0027977349685052847 -0.010254745611414751 -0.015329359282585079 -0.0059925572344926292 -0.052741630683438956 -0.0096677472904456354 0.013410707731742784 -0.00030785802103059176 -0.055827424762238155 0.031070811663924065 -0.0071409660984445931 -0.0046443082350000808 0.012752526504852802 -0.0037047502263030719 0.019567711693828982
leaf_weight=321391.99854003638 884060.00410544872 1422.0975364744663 2910.4389710724354 7513.91034784168 76078.603559337556 9070.9432591572404 2137.2480218186975 12752.681497767568 11913.620092898607 293.72616828978062 22814.6901184991 19089.19030610472 6818.2938091009855 16502.20048250258 3946.3886643201113 118822.87951556593 11886.160825252533 1216.1019196808338 24576.590605929494 290.67179925739765 2633.573633864522 14481.940252669156 1066870.6831649169 1037.0296590477228 1088.4762462675571 750.15869699418545 76170.25152746588 3348.2290565520525 5664.4460442662239 11508.396320529282
leaf_count=949948 2273835 3515 11186 22023 217953 30372 6902 35746 33118 1217 68566 52162 20428 47611 10222 337011 36551 4289 78628 1201 8629 44184 3332794 4272 2703 2420 305522 8504 19121 29377
internal_value=2.41598e-07 -0.000322478 1.15842e-05 0.00238842 0.00225888 2.85086e-05 -0.00644961 0.00386852 0.00164435 0.0109716 0.000492853 0.00836786 0.00379448 -0.00104592 0.00228072 0.00333518 -0.0043918 -0.000646566 -0.000571545 0.0072329 0.00818698 0.0111831 -0.000695368 -0.00643826 -0.00441933 -0.0354099 -0.000557835 -0.00391158 -0.0110774 0.013251
internal_weight=2.73906e+06 1.855e+06 1.53361e+06 332571 331149 138811 27710.4 192338 111101 12207.3 98893.3 50168.6 25907.5 18639.4 142169 122769 19400.1 1.20104e+06 1.19246e+06 18622.3 18331.6 15698 1.17384e+06 27452.3 25665.1 1787.19 1.14639e+06 79518.5 8574.89 24261.1
internal_count=8000010 5726175 4776227 952774 949259 405739 84885 543520 320854 34335 286519 137713 72590 54513 405807 347233 58574 3823453 3793146 58303 57102 48473 3734843 88023 81331 6692 3646820 314026 30307 65123
is_linear=0
shrinkage=0.05


Tree=193
num_leaves=31
num_cat=0
split_feature=25 104 54 85 46 85 55 54 86 50 36 48 55 54 90 54 25 54 54 21 25 55 53 62 8 36 48 25 49 86
split_gain=240.226 1125.4 1954.06 1427.65 2478.79 1402.89 2019.15 2654.93 1841.76 2242.08 2449.22 2906.9 3108.02 2301.18 3851.06 2225.22 1739.74 1679.92 2294.88 1554.34 1470.59 1831.37 1648.1 1389.8 1386.51 1282.62 1626.66 1375.22 1253.61 2343.15
threshold=0.62597641348838817 8.2427191734313983 20647.500000000004 0.90000000596046459 0.080834232270717635 0.90000000596046459 -413107.49999999994 376512.50000000006 6.0000000000000009 -607.49999999999989 1.2259805202484133 0.35222910344600683 -52137.499999999993 589132.50000000012 2659.6767578125005 690962.50000000012 0.58104190230369579 60662.500000000007 63072.500000000007 16.500000000000004 0.60973319411277782 -629422.49999999988 0.87837970256805431 37.047443389892585 0.0027539152652025227 0.74467658996582042 0.33172981441020971 0.56483301520347606 0.6835516393184663 6.0000000000000009
decision_type=2 2 2 2 2 2 2 2 2 2 2 2 2 2 2 2 2 2 2 2 2 2 2 2 2 2 2 2 2 2
left_child=1 5 3 28 -5 8 19 17 -1 23 11 16 -13 14 -12 -15 -11 -8 -19 20 25 22 -22 -10 -20 26 -7 -27 29 -3
right_child=-2 2 -4 4 -6 6 7 -9 9 10 13 12 -14 15 -16 -17 -18 18 24 -21 21 -23 -24 -25 -26 27 -28 -29 -30 -31
leaf_value=-0.0012272082612146754 -0.00026786875754674077 0.008003879205066157 -0.015135446129913783 0.031949801134022432 -0.0033418325837493768 0.0016522162006432424 -0.021058779296438943 0.033280686958849934 0.042422244596995839 -0.0052247939652336726 0.071054167799414605 0.0097741242521056631 0.064268492648925535 -0.051398675863269565 -0.011455297512543858 0.022638457320620572 0.018732317067137176 0.088141162745213664 0.00063972088898721444 -0.048271143789240689 0.065341558699608643 -0.017333087978982396 -0.037692591194663679 -0.08698851096889805 0.0216562733360364 0.013106828507111297 -0.011774458490049508 -0.028479524544567564 0.00092371559879998733 -0.044896212505766309
leaf_weight=132525.20513871312 2062679.4185801968 3685.4011282920837 28938.470594868064 8507.8888652548194 11980.768504582345 31913.600713394582 7515.5323767215014 7119.8662279695272 5375.5309477895498 55791.24009475112 1670.2771274894476 143568.24226030707 2664.1480821073055 5089.0708490461111 9192.9601075351238 1266.89892180264 8768.0718867629766 794.13859404623508 76296.981981784105 2095.0626068562269 2327.2764588817954 1725.5341839641333 465.00502753257751 214.86239406466484 8746.5055941641331 13990.215473763645 76941.533781014383 2316.2087238654494 19607.855176232755 4843.2623075693846
leaf_count=410497 6028504 10926 91863 21828 37452 97611 24769 17387 11658 156571 2944 370590 5104 17468 26558 3098 21487 1583 225626 7696 4960 5556 1623 855 23406 40273 248517 7940 59185 16475
internal_value=2.01814e-07 0.000818248 -0.00484836 0.00127392 0.0113136 0.00155279 -0.00148693 0.00385215 0.00348101 0.00615206 0.00538493 0.00686606 0.0107674 -0.0127457 0.00123586 -0.0366393 -0.00197076 0.0016073 0.00359212 -0.0055578 -0.00486733 0.0231548 0.0481739 0.0374329 0.00280151 -0.00587903 -0.00783807 0.0071981 -0.0060368 -0.0220382
internal_weight=2.73862e+06 675938 77563.6 48625.2 20488.7 598374 232247 100473 366127 233601 228011 210792 146232 17219.2 10863.2 6355.97 64559.3 93353.2 85837.6 131774 129679 4517.82 2792.28 5590.39 85043.5 125162 108855 16306.4 28136.5 8528.66
internal_count=8000010 1971506 237729 145866 59280 1733777 706947 292771 1026830 616333 603820 553752 375694 50068 29502 20566 178058 275384 250615 414176 406480 12139 6583 12513 249032 394341 346128 48213 86586 27401
is_linear=0
shrinkage=0.05


Tree=194
num_leaves=31
num_cat=0
split_feature=7 53 46 25 90 85 25 51 53 38 86 54 77 25 22 54 94 25 37 53 94 62 25 36 12 36 37 48 37 7
split_gain=234.345 686.958 922.276 808.408 1474.18 2285.29 1634.1 1556.89 1857.73 1349.29 1322.29 1745.9 1224.27 1187.05 974.767 1134.7 888.156 850.853 1035.44 1061.05 1134.2 995.549 1153.86 783.497 681.318 678.511 1010.05 990.366 867.648 1179.84
threshold=-0.0010327021591365335 0.87837970256805431 0.04974579997360707 2.4704232215881352 4113.2751464843759 0.90000000596046459 2.8934686183929448 -82.499999999999986 0.6078576147556306 -20.909184455871578 6.0000000000000009 103512.50000000001 1.3076950907707217 2.1939239501953129 3.5000000000000004 33822.500000000007 3050.9401855468755 2.0833431482315068 -4.5600986480712882 1.0000000180025095e-35 2606.045532226563 43.158380508422859 1.6587076187133791 4.5316841602325448 0.040471103042364127 13.855826377868654 23.196110725402836 -0.89194178581237782 0.419661894440651 -0.013560140971094368
decision_type=2 2 2 2 2 2 2 2 2 2 2 2 2 2 2 2 2 2 2 2 2 2 2 2 2 2 2 2 2 2
left_child=1 3 -3 13 5 9 7 8 -7 -5 -11 -12 -8 17 15 -15 -14 18 19 24 -21 23 -23 -20 -1 26 28 -28 29 -4
right_child=-2 2 25 4 -6 6 12 -9 -10 10 11 -13 16 14 -16 -17 -18 -19 21 20 -22 22 -24 -25 -26 -27 27 -29 -30 -31
leaf_value=-0.0010255192785750982 0.00034854246444355693 0.0080413833591359667 -0.01438703558928056 -0.013146653779893148 -0.00058511113252977202 0.010153856908577917 0.016222715682678645 -0.03041343268539853 0.080546706422743933 0.0080715333233178782 0.053439526086215605 0.018669485367509064 0.0019844585521186235 -0.0095364963002366188 0.00043027336540377333 -0.039585457292400317 -0.045012444632853935 0.0099277775828865659 -1.0096202848622539e-05 0.0022002073545591425 -0.019237552370307442 0.011104120417931355 -0.012978349308720924 -0.010858084625233081 0.048207021489292699 -0.034902151647335879 -0.027101959918740107 0.013818432837703263 -0.0066035646783030397 0.0042712284622854124
leaf_weight=27526.818860046566 1747503.9697600603 17530.488387539983 10436.987945064902 2591.5077515989542 60512.276670590043 4535.7287503629923 1647.0997448861599 1650.2011038959026 1180.6018299311399 7631.7497413158417 6367.0934024453163 8342.378766566515 1346.0723830014467 8929.4025817736983 9941.6363534331322 4847.3758334815502 3966.5374704301357 20434.600239343941 496632.69649377465 8580.2033390328288 21956.237011574209 35317.604967311025 5788.0374339297414 17221.051922827959 720.13342414796352 1747.7700463980436 1670.0451400578022 12839.025607183576 143962.68600320071 44998.765764601529
leaf_count=81813 5103443 48965 32936 8286 179301 13299 3953 5589 2240 22084 12920 20551 4039 28006 28596 17008 14406 56931 1439989 26337 73558 96567 17941 53087 1540 6105 5379 35010 431709 128422
internal_value=2.45148e-07 -0.000614019 -0.00298713 0.000116345 0.00431026 0.0118558 -0.00405821 0.0123543 0.0247046 0.0209999 0.0249614 0.0337229 -0.0214301 -0.00051967 -0.0115016 -0.0201117 -0.0331056 -0.000108916 -0.000443112 -0.00675323 -0.0132139 0.000225281 0.00771274 -0.000373681 0.00023111 -0.00388369 -0.00363006 0.00910646 -0.00455689 0.000758118
internal_weight=2.73836e+06 990853 233186 757667 99771.2 39259 14326.2 7366.53 5716.33 24932.7 22341.2 14709.5 6959.71 657896 23718.4 13776.8 5312.61 634177 613743 58783.4 30536.4 554959 41105.6 513854 28247 215655 213908 14509.1 199398 55435.8
internal_count=8000010 2896567 688526 2208041 286668 107367 43526 21128 15539 63841 55555 33471 22398 1921373 73610 45014 18445 1847763 1790832 183248 99895 1607584 114508 1493076 83353 639561 633456 40389 593067 161358
is_linear=0
shrinkage=0.05


Tree=195
num_leaves=31
num_cat=0
split_feature=54 25 13 85 26 30 62 54 41 38 85 36 53 77 30 87 25 81 86 25 46 27 25 87 53 22 53 22 86 77
split_gain=254.93 983.23 1013.43 707.637 796.341 644.745 644.665 628.818 825.026 1515.15 1154.71 918.633 799.479 898.37 716.763 1215.11 1096.8 845.345 846.044 822.868 789.117 780.845 638.349 970.225 2069.21 2293.58 1898.93 3748.97 2256.84 1860.11
threshold=740567.50000000012 2.0182205438613896 0.021295764483511451 0.90000000596046459 -0.68819949030876149 0.86750000715255748 48.122310638427741 708982.50000000012 1.0043429732322695 3.7618923187255864 0.90000000596046459 0.90792691707611095 1.0000000180025095e-35 1.3076950907707217 0.34250000119209295 1.0000000180025095e-35 1.3669769763946535 1.0000000180025095e-35 6.0000000000000009 0.34748986363410955 0.11118908226490022 0.29141047596931463 1.0451826453208926 1.0000000180025095e-35 1.0000000180025095e-35 2.5000000000000004 1.0000000180025095e-35 2.5000000000000004 6.0000000000000009 1.3076950907707217
decision_type=2 2 2 2 2 2 2 2 2 2 2 2 2 2 2 2 2 2 2 2 2 2 2 2 2 2 2 2 2 2
left_child=7 2 -2 -3 5 -5 -4 -1 9 22 11 -10 13 -12 17 20 21 18 -11 -19 -16 -17 23 24 29 -26 28 -28 -25 -9
right_child=1 3 6 4 -6 -7 -8 8 10 14 12 -13 -14 -15 15 16 -18 19 -20 -21 -22 -23 -24 26 25 -27 27 -29 -30 -31
leaf_value=-5.9127234061206938e-05 -0.0001787683624316737 0.025012350155770691 -0.01726433548732342 0.034459843342275136 -0.043792452215601435 -0.042531350992172291 0.016863540937677262 0.023380503219332608 -0.044984106003336993 -0.024011038302796925 0.027707667852634676 0.038180154907832511 0.020686245173098208 -0.061222483305998103 -0.006013702132676311 -0.061602338922178958 0.0070152489100024215 0.042132374639115538 0.017819698538558918 -0.061082893730330129 0.054749247278803162 -0.022750989855161857 -0.0031826090780014389 -0.0059571828032995919 -0.0020783215609675334 0.047152334154729407 0.015720274568301572 -0.044169592943095193 0.052219036149683429 -0.05629719769362912
leaf_weight=2591733.6744926125 31809.822741381824 4836.1798223406076 18038.956339530647 1082.5401987656951 948.65869824588299 362.05091777443886 1497.7683234810829 1021.9745025038719 354.50937487185001 1553.5363168120384 405.22706861793995 5056.6810730993748 1275.3315043896437 943.91623819619417 4263.9090789109468 2572.735704831779 1458.3185889571905 247.1054790019989 5433.2828656435013 872.05972498655319 609.84742793440819 2604.3813913762569 12824.140554882586 2339.65798163414 10597.886179745197 3044.6497524231672 18056.278097361326 3054.1348011046648 5794.9388301223516 2580.1813359037042
leaf_count=7559294 98213 11792 63629 2862 3810 1334 4221 2344 1261 5693 902 11546 3577 4265 13872 9886 4031 694 13917 3725 1434 8681 38156 7749 32104 7482 47073 10908 11502 10850
internal_value=9.84388e-06 -0.00325317 -0.00568401 0.0140094 -0.008224 0.0151444 -0.014647 8.12004e-05 0.00426328 0.00270917 0.0195254 0.0327235 -0.00768699 -0.0345071 -0.00933692 -0.0173577 -0.0312797 0.00205138 0.00851571 -0.0382718 0.00159814 -0.0420671 0.006693 0.0094173 1.04944e-05 0.00891093 0.0149638 0.00705383 0.0354872 -0.0336901
internal_weight=2.73727e+06 58576 51346.5 7229.43 2393.25 1444.59 19536.7 2.6787e+06 86964.7 78929 8035.67 5411.19 2624.47 1349.14 19615.2 11509.2 6635.44 8105.98 6986.82 1119.17 4873.76 5177.12 59313.8 46489.7 17244.7 13642.5 29245 21110.4 8134.6 3602.16
internal_count=7996807 185861 166063 19798 8006 4196 67850 7810946 251652 230101 21551 12807 8744 5167 61933 37904 22598 24029 19610 4419 15306 18567 168168 130012 52780 39586 77232 57981 19251 13194
is_linear=0
shrinkage=0.05


Tree=196
num_leaves=31
num_cat=0
split_feature=31 16 46 25 25 25 85 42 43 77 37 25 85 94 55 42 38 85 48 53 54 22 55 85 77 54 48 86 48 85
split_gain=251.39 299.609 285.873 670.458 1432.27 1651.93 1333.7 1817.24 1250.8 1105.39 1086.41 962.72 922.913 2164.07 1419.08 1188.08 1664.66 918.757 1614.92 912.645 900.18 1088.01 820.088 2030.74 1090.09 767.931 736.897 710.28 679.774 1703.64
threshold=4435.7485351562509 18.554852485656742 0.060999285429716117 0.62597641348838817 0.84810942411422741 0.89830753207206737 0.90000000596046459 0.99918070435523998 0.99888494610786449 1.3076950907707217 -2.9698628187179561 0.94197481870651256 0.90000000596046459 2451.282104492188 -667847.49999999988 0.99932336807250988 -3.773051261901855 0.90000000596046459 0.24825246632099154 0.87837970256805431 598067.50000000012 2.5000000000000004 9887.5000000000018 0.90000000596046459 1.3076950907707217 720367.50000000012 -0.95032352209091175 6.0000000000000009 0.78661888837814342 0.90000000596046459
decision_type=2 2 2 2 2 2 2 2 2 2 2 2 2 2 2 2 2 2 2 2 2 2 2 2 2 2 2 2 2 2
left_child=2 -2 3 22 10 6 8 -8 26 -9 -5 17 13 -12 -15 -14 -17 18 -7 -10 21 -13 28 24 27 -22 -6 -24 -1 -30
right_child=1 -3 -4 4 5 11 7 9 19 -11 12 20 15 14 -16 16 -18 -19 -20 -21 25 -23 23 -25 -26 -27 -28 -29 29 -31
leaf_value=-0.0015138807869705842 -0.027195333814608799 0.0095397694072977459 0.00027656763167832566 -0.061332728288016392 -0.10034573678665126 -0.044000649365582262 0.043209423861038494 0.022655405686143139 0.038509606310039454 -0.039577118580035812 0.046606596651677962 0.00030053457050726717 -0.021155340035347123 -0.03480325262287743 -0.010273626118384277 0.041811803048853548 -0.00072040510614708919 0.00092019344041391674 0.028060191830391192 -0.025917489646576055 0.0095880366719381244 -0.0086491877902602834 0.062378407498981825 0.076212168535873759 -0.075972540939599209 -0.0072885468913524813 -0.00049088160272154431 -0.058907999709303355 0.0067276159331299303 -0.0037630375830416253
leaf_weight=220225.98444576561 585.45631419122219 10358.603856541216 2037791.618000485 949.19104826450348 249.35260452330112 4333.5010651051998 1435.0057717263699 968.94010129570961 7543.0108323544264 2699.4555756673217 1530.3866286873817 103547.13192709535 6151.2904323637486 6874.5776475965977 41415.262342736125 2526.6142520904541 25605.380878984928 3899.3761799037457 946.61326561868191 592.09683829545975 30486.433049932122 50528.942898988724 405.90332882106304 1165.2547408491373 471.59708315134048 8652.6516546532512 705.62029395252466 170.68365187942982 101726.45825742185 62461.189396575093
leaf_count=650800 2024 29427 5934151 3563 1023 15241 3371 2237 17448 10134 3367 305961 20301 23160 124955 6275 77789 11974 2294 1955 85350 157170 882 2261 1845 27492 2020 586 279355 192396
internal_value=9.36194e-06 0.00757185 -2.09994e-05 -0.000902028 -0.00266879 -0.000509693 0.015979 -0.00447513 0.0274623 -0.0231365 -0.00816683 -0.00166611 -0.00756602 -0.0119109 -0.0137664 -0.00125179 0.00310071 -0.0174862 -0.0310778 0.0338172 -0.000914396 -0.00263451 0.000476363 0.0308168 -0.0196686 0.00585684 -0.0266469 0.0264262 0.000301571 0.00273667
internal_weight=2.737e+06 10944.1 2.72606e+06 688268 301641 216588 14193.5 5103.4 9090.08 3668.4 85052.7 202395 84103.5 49820.2 48289.8 34283.3 28132 9179.49 5280.11 8135.11 193215 154076 386627 2213.44 1048.18 39139.1 954.973 576.587 384414 164188
internal_count=7996807 31451 7965356 2031205 903080 643670 38188 15742 22446 12371 259410 605482 255847 151482 148115 104365 84064 29509 17535 19403 575973 463131 1128125 5574 3313 112842 3043 1468 1122551 471751
is_linear=0
shrinkage=0.05


Tree=197
num_leaves=31
num_cat=0
split_feature=35 46 54 5 54 54 53 54 63 24 42 85 25 25 77 55 85 86 90 87 54 21 90 61 37 46 49 85 48 90
split_gain=240.798 684.807 561.564 647.855 693.102 554.201 769.668 628.925 930.203 552.397 473.823 648.069 719.053 689.912 441.966 412.772 560.718 403.01 366.576 606.544 354.822 312.439 302.337 301.389 284.332 914.244 1173.75 623.906 618.083 853.81
threshold=22.344172477722172 0.10567348077893259 7882.5000000000009 0.0032884438987821345 14822.500000000002 423227.50000000006 -1.0000000180025095e-35 625057.50000000012 0.098937146365642561 77.005386352539077 1.0141812562942507 0.90000000596046459 3.1142147779464726 3.1142147779464726 1.3076950907707217 20282.500000000004 0.90000000596046459 6.0000000000000009 4694.9174804687509 1.0000000180025095e-35 735617.50000000012 22.500000000000004 4751.4648437500009 0.0018259359057992699 37.56413650512696 0.11718925461173059 -0.84915164113044728 0.90000000596046459 0.45201864838600164 3339.759887695313
decision_type=2 2 2 2 2 2 2 2 2 2 2 2 2 2 2 2 2 2 2 2 2 2 2 2 2 2 2 2 2 2
left_child=24 2 15 4 22 6 17 8 -7 -8 11 13 -13 -3 -14 -2 -17 -6 -12 -20 -9 -21 -4 -16 -1 28 27 -27 29 -26
right_child=1 10 3 -5 5 7 9 20 -10 -11 18 12 14 -15 23 16 -18 -19 19 21 -22 -23 -24 -25 25 26 -28 -29 -30 -31
leaf_value=1.3535988571744215e-05 0.033812850008948084 -0.04573933862389732 -0.030293075190570364 -0.02873022849393236 0.015001553393347451 0.0027696594633899703 -0.037355852040017408 0.011477209828172623 -0.023820327483746309 0.011640091144645249 0.019486006665582541 0.079332293362846862 0.03686696830636671 0.060295694032853189 -0.0073191888610223028 0.018697851620921035 -0.077012635890918987 -0.028242918996476324 0.020681900151907628 -0.070163984444926289 -0.021004939293702937 0.058642987770292226 -0.00091341965248868434 -0.085996037813786216 -0.0017976344458011915 0.072092464281453314 0.00039392897937323728 0.0049980012578950328 0.0051016761396368302 -0.016196807299876322
leaf_weight=2616421.5631648451 2173.7208690941334 167.52812984585762 2354.8195069432259 1852.732536226511 724.58629713952541 6921.6363167390227 588.36862716078758 7299.6264994218946 6265.5329342111945 24048.886679649353 1612.1067668646574 214.7699797898531 202.57971122860909 1731.5907700359821 221.12521581351757 517.82161210477352 216.0418943837285 2092.3771620467305 490.68060231208801 459.79760453104973 949.13878193497658 51.636634275317192 1394.384124532342 270.73892268538475 22818.562518201768 1132.2087923884392 3571.0432817861438 499.54810361564159 10857.90021840483 18758.76799030602
leaf_count=7638926 5227 609 8105 6422 2158 20202 2044 20373 21123 66836 4221 408 426 3341 712 1429 956 7082 1365 1798 3190 113 4168 1200 68518 2089 10738 1421 31692 59915
internal_value=8.89719e-06 0.00306871 0.00146393 0.000321257 0.0013444 0.00293344 0.00763729 -0.00309089 -0.00986434 0.0104683 0.0200515 0.0343082 -0.000402491 0.0509202 -0.0251478 0.02287 -0.00953799 -0.0171163 0.00472705 -0.0190065 0.00773697 -0.0570603 -0.0193708 -0.0507224 -6.29868e-05 -0.00353669 0.0164523 0.0515708 -0.00552044 -0.00829457
internal_weight=2.73688e+06 62822.2 57399.7 54492.1 52639.4 48890.2 27454.2 21435.9 13187.2 24637.3 5422.55 2808.33 909.214 1899.12 694.444 2907.58 733.864 2816.96 2614.22 1002.11 8248.77 511.434 3749.2 491.864 2.67406e+06 57638 5202.8 1631.76 52435.2 41577.3
internal_count=7996807 183508 169315 161703 155281 143008 78120 64888 41325 68880 14193 6696 2746 3950 2338 7612 2385 9240 7497 3276 23563 1911 12273 1912 7813299 174373 14248 3510 160125 128433
is_linear=0
shrinkage=0.05


Tree=198
num_leaves=31
num_cat=0
split_feature=100 29 55 85 48 48 49 49 47 86 85 36 36 49 13 48 22 29 77 12 55 50 7 79 97 12 97 9 21 79
split_gain=247.275 346.99 316.05 397.184 541.781 617.296 492.597 687.701 410.359 475.226 374.753 680.049 658.147 649.174 596.473 865.532 551.972 590.719 744.135 562.862 369.986 431.313 368.312 366.06 363.57 321.877 308.949 308.236 277.212 245.986
threshold=373462.07812500006 0.021250000223517421 20822.500000000004 0.90000000596046459 0.83743050694465648 -0.14132478833198545 0.58244305849075328 -0.86046862602233876 -0.16731917858123777 6.0000000000000009 0.90000000596046459 -8.6985020637512189 -14.723315238952635 -0.79989895224571217 0.11155498027801515 0.41268247365951544 2.5000000000000004 0.84750002622604381 1.3076950907707217 0.11573895066976549 19697.500000000004 342.50000000000006 -0.00052546049118973304 4.1857633590698251 0.93324527144432079 0.041415151208639152 -3.1303564310073848 0.26799929141998297 14.500000000000002 5.5255424976348886
decision_type=2 2 2 2 2 2 2 2 2 2 2 2 2 2 2 2 2 2 2 2 2 2 2 2 2 2 2 2 2 2
left_child=29 -2 10 4 5 8 7 -5 25 -10 11 12 -3 22 15 -15 17 18 23 20 21 -18 -13 -12 -7 -4 -9 -8 -19 -1
right_child=1 2 3 6 -6 24 27 26 9 -11 16 13 -14 14 -16 -17 19 28 -20 -21 -22 -23 -24 -25 -26 -27 -28 -29 -30 -31
leaf_value=-0.00036202260792911643 0.034313598648262236 -0.045176214459187465 -0.023872100993949527 -0.032015626057327655 -0.054122843986273067 -0.00012809771132480706 0.0033450672689960114 0.061463756283673489 -0.0034307737298556289 -0.05727304109164344 0.041630652122269955 0.014547785112416299 0.054634082776747001 0.034199811382923453 -0.040610953315885386 -0.010747305149176815 0.048837189651267827 0.056383414910361501 -0.059117883642382012 -0.036504947024114089 -0.010619219751022832 -0.037875571113971412 -0.075859783071623721 -0.064300305577112638 0.047412713511987135 0.086065863827400779 0.019804417143783601 -0.054757351513701362 -0.034118756893718405 0.00065562089696624248
leaf_weight=1838681.692866303 988.54996348917484 184.4678527712822 130.56448444724083 538.34469626098871 691.07730864733458 1351.6676150560379 497.85793590545654 602.17659404873848 700.30569525063038 988.1584350913763 350.34274062514305 167.54934652149677 1520.0922019034624 3058.4651805013418 468.93125982582569 1647.2046316713095 1243.6126506477594 297.26313804090023 1076.7081075906754 449.91321559250355 515.9746465086937 161.27116610109806 340.5535923987627 105.2254463583231 571.3576457798481 134.02513597905636 1707.0692344605923 420.1252576559782 117.2732470780611 877093.29666896164
leaf_count=5678762 2453 738 448 1912 2984 4362 1467 1205 2499 3808 728 456 3221 7159 1793 5109 2648 617 5103 1524 1587 549 1283 361 1269 234 4342 1692 467 2256027
internal_value=8.45785e-06 0.00540972 0.00398186 -0.0034599 -0.0133711 -0.00609197 0.00856013 0.018828 -0.0258861 -0.0349597 0.00927995 0.016119 0.0438095 0.00780598 0.0131048 0.0184662 -0.00242138 -0.0221447 -0.036468 0.0137753 0.0255676 0.0388597 -0.0460676 0.0170649 0.0140116 0.0319114 0.0306919 -0.0232714 0.0307476 -3.336e-05
internal_weight=2.7368e+06 21026.1 20037.6 8332.73 4567.16 3876.08 3765.57 2847.59 1953.05 1688.46 11704.8 7387.26 1704.56 5682.7 5174.6 4705.67 4317.58 1946.81 1532.28 2370.77 1920.86 1404.88 508.103 455.568 1923.03 264.59 2309.25 917.983 414.536 2.71577e+06
internal_count=7996807 62018 59565 26222 15604 12620 10618 7459 6989 6307 33343 19759 3959 15800 14061 12268 13584 7276 6192 6308 4784 3197 1739 1089 5631 682 5547 3159 1084 7934789
is_linear=0
shrinkage=0.05


Tree=199
num_leaves=31
num_cat=0
split_feature=79 79 77 25 25 36 90 54 39 25 22 29 25 38 25 53 99 36 54 9 17 100 39 35 38 54 85 39 25 85
split_gain=241.063 381.367 301.982 292.05 1553.82 1012.09 940.616 1322.71 1354.46 952.516 918.925 918.425 900.546 1128.75 944.363 2083.83 1049 1032.29 1954.03 975.751 729.727 733.82 695.06 683.185 678.523 873.699 1062.16 639.061 818.913 633.198
threshold=1.4324970841407778 5.5255424976348886 1.0658904910087588 1.1048839092254641 1.2629528045654299 -32.996402740478509 2423.567993164063 564182.50000000012 -10.625226020812987 1.2068288922309878 3.5000000000000004 0.15125000476837161 1.0516790151596072 1.3962401747703554 1.0271297693252566 0.87837970256805431 107153.29296875001 3.9068782329559331 618617.50000000012 0.27314373850822454 61.778272628784187 178032.23437500003 -6.9849848747253409 5.0928661823272714 9.1427230834960955 14822.500000000002 0.90000000596046459 -6.2001755237579337 0.77401259541511547 0.90000000596046459
decision_type=2 2 2 2 2 2 2 2 2 2 2 2 2 2 2 2 2 2 2 2 2 2 2 2 2 2 2 2 2 2
left_child=-1 3 -3 12 5 22 9 8 -8 -7 -9 -6 14 -14 24 17 -17 19 -19 -16 21 23 -5 -15 27 29 -27 28 -2 -26
right_child=1 2 -4 4 11 6 7 10 -10 -11 -12 -13 13 20 15 16 -18 18 -20 -21 -22 -23 -24 -25 25 26 -28 -29 -30 -31
leaf_value=0.0011871222736432314 0.003835092599038888 0.0026914222756408458 0.00022599997613616718 0.018754735540088954 0.0031665637726801471 -0.036430328175328458 -0.030948106976004138 0.0076074102102476797 0.004603013617572654 0.046735577385821667 0.026450942162401805 -0.0020055739488122788 0.0015042259940078483 0.0009207073709068032 0.025895505070061543 0.028414516865444234 -0.028387879859351685 -0.061080862120982619 0.018628020693984504 -0.0064716710451635656 -0.0087406004406739551 -0.04386303800787051 -0.049820405194068024 -0.038139425593316303 0.059751085306628628 -0.015565459187488397 0.0015010462723917288 -0.001687498195582492 -0.0067720779538775755 -0.023282086961366917
leaf_weight=374218.03970867395 114034.93865963817 149513.64617180824 733766.26911590993 505.13421884179115 105571.85259921849 2255.1277122050524 2758.1158721894026 14045.780890911818 92435.024938769639 405.35370320081711 11997.587356209755 458982.27321849018 14605.586871922016 2839.0413510650396 14457.001141496003 982.86811511218548 4675.2680887877941 1189.7410598620772 2169.2106873691082 2774.7501939833164 12093.067952655256 3889.4380169808865 1369.8624008744955 1846.9437884092331 796.87038195133209 23482.802649460733 14900.890776418149 551920.07960213721 21649.614951498806 321.63592487573624
leaf_count=1013710 346318 381202 1891606 1441 337025 9380 10089 42682 283097 976 32875 1476219 45208 8741 39232 2792 16730 4744 6093 8705 39751 14770 5558 6942 1687 77088 50694 1770423 69913 1116
internal_value=8.04979e-06 -0.000178734 0.000643333 -0.000669701 8.12758e-05 0.00510705 0.00565895 0.00630443 0.00357259 -0.0237444 0.0162891 -0.00103837 -0.00132707 -0.00913531 -0.000961453 0.0083555 -0.0185166 0.0157405 -0.00961316 0.0206832 -0.0166538 -0.0278101 -0.0313431 -0.0144783 -0.00129782 -0.00767028 -0.00894009 -0.000931707 0.00214255 0.0358703
internal_weight=2.73645e+06 2.36224e+06 883280 1.47896e+06 690326 125772 123897 121237 95193.1 2660.48 26043.4 564554 788630 35274.1 753356 26248.8 5658.14 20590.7 3358.95 17231.8 20668.5 8575.42 1875 4685.99 727107 39502.2 38383.7 687605 135685 1118.51
internal_count=7996807 6983097 2272808 4710289 2199342 386098 379099 368743 293186 10356 75557 1813244 2510947 115412 2395535 78296 19522 58774 10837 47937 70204 30453 6999 15683 2317239 130585 127782 2186654 416231 2803
is_linear=0
shrinkage=0.05


end of trees

feature_importances:
f54=593
f55=532
f25=359
f79=278
f77=260
f85=239
f90=221
f37=216
f36=199
f49=189
f22=169
f86=167
f42=143
f87=143
f39=139
f48=122
f94=117
f35=115
f13=114
f46=112
f53=105
f104=88
f30=82
f38=78
f50=77
f26=67
f99=64
f62=63
f100=61
f12=56
f78=54
f31=53
f81=52
f97=43
f7=42
f84=42
f8=38
f24=35
f65=31
f29=29
f6=28
f28=28
f73=27
f44=26
f80=26
f45=23
f9=21
f51=21
f74=20
f40=18
f21=17
f41=17
f47=13
f11=12
f27=12
f63=12
f64=10
f52=9
f14=8
f95=7
f43=6
f5=5
f82=5
f105=5
f33=4
f61=4
f98=4
f0=3
f16=3
f17=3
f20=3
f60=3
f93=3
f75=2
f15=1
f23=1
f76=1
f83=1
f91=1

parameters:
[boosting: gbdt]
[objective: binary]
[metric: binary_logloss]
[tree_learner: serial]
[device_type: cpu]
[data_sample_strategy: bagging]
[data: ]
[valid: ]
[num_iterations: 200]
[learning_rate: 0.05]
[num_leaves: 31]
[num_threads: 4]
[seed: 2026]
[deterministic: 0]
[force_col_wise: 0]
[force_row_wise: 0]
[histogram_pool_size: -1]
[max_depth: 8]
[min_data_in_leaf: 100]
[min_sum_hessian_in_leaf: 0.001]
[bagging_fraction: 0.8]
[pos_bagging_fraction: 1]
[neg_bagging_fraction: 1]
[bagging_freq: 5]
[bagging_seed: 26038]
[bagging_by_query: 0]
[feature_fraction: 0.8]
[feature_fraction_bynode: 1]
[feature_fraction_seed: 28694]
[extra_trees: 0]
[extra_seed: 4728]
[early_stopping_round: 0]
[early_stopping_min_delta: 0]
[first_metric_only: 0]
[max_delta_step: 0]
[lambda_l1: 0.1]
[lambda_l2: 1]
[linear_lambda: 0]
[min_gain_to_split: 0]
[drop_rate: 0.1]
[max_drop: 50]
[skip_drop: 0.5]
[xgboost_dart_mode: 0]
[uniform_drop: 0]
[drop_seed: 5409]
[top_rate: 0.2]
[other_rate: 0.1]
[min_data_per_group: 100]
[max_cat_threshold: 32]
[cat_l2: 10]
[cat_smooth: 10]
[max_cat_to_onehot: 4]
[top_k: 20]
[monotone_constraints: ]
[monotone_constraints_method: basic]
[monotone_penalty: 0]
[feature_contri: ]
[forcedsplits_filename: ]
[refit_decay_rate: 0.9]
[cegb_tradeoff: 1]
[cegb_penalty_split: 0]
[cegb_penalty_feature_lazy: ]
[cegb_penalty_feature_coupled: ]
[path_smooth: 0]
[interaction_constraints: ]
[verbosity: -1]
[saved_feature_importance_type: 0]
[use_quantized_grad: 0]
[num_grad_quant_bins: 4]
[quant_train_renew_leaf: 0]
[stochastic_rounding: 1]
[linear_tree: 0]
[max_bin: 255]
[max_bin_by_feature: ]
[min_data_in_bin: 3]
[bin_construct_sample_cnt: 200000]
[data_random_seed: 6654]
[is_enable_sparse: 1]
[enable_bundle: 1]
[use_missing: 1]
[zero_as_missing: 0]
[feature_pre_filter: 1]
[pre_partition: 0]
[two_round: 0]
[header: 0]
[label_column: ]
[weight_column: ]
[group_column: ]
[ignore_column: ]
[categorical_feature: ]
[forcedbins_filename: ]
[precise_float_parser: 0]
[parser_config_file: ]
[objective_seed: 199]
[num_class: 1]
[is_unbalance: 1]
[scale_pos_weight: 1]
[sigmoid: 1]
[boost_from_average: 1]
[reg_sqrt: 0]
[alpha: 0.9]
[fair_c: 1]
[poisson_max_delta_step: 0.7]
[tweedie_variance_power: 1.5]
[lambdarank_truncation_level: 30]
[lambdarank_norm: 1]
[label_gain: ]
[lambdarank_position_bias_regularization: 0]
[eval_at: ]
[multi_error_top_k: 1]
[auc_mu_weights: ]
[num_machines: 1]
[local_listen_port: 12400]
[time_out: 120]
[machine_list_filename: ]
[machines: ]
[gpu_platform_id: -1]
[gpu_device_id: -1]
[gpu_device_id_list: ]
[gpu_use_dp: 0]
[num_gpu: 1]

end of parameters

pandas_categorical:null
