time,open,high,low,close,tick_volume,spread,real_volume,src
2026-08-17 04:00:00,4397.01,4397.50,4396.56,4396.83,125,20,0,mt5bar
2026-08-17 04:01:00,4396.81,4398.15,4396.71,4397.60,139,21,0,mt5bar
2026-08-17 04:02:00,4397.37,4399.42,4396.50,4396.50,209,20,0,mt5bar
2026-08-17 04:03:00,4396.51,4397.97,4396.50,4397.56,159,21,0,mt5bar
2026-08-17 04:04:00,4397.53,4397.88,4397.19,4397.66,71,20,0,mt5bar
2026-08-17 04:05:00,4397.74,4398.42,4396.69,4396.71,110,21,0,mt5bar
2026-08-17 04:06:00,4396.63,4398.50,4396.35,4398.02,150,20,0,mt5bar
2026-08-17 04:07:00,4398.05,4398.60,4397.52,4397.62,131,20,0,mt5bar
2026-08-17 04:08:00,4397.47,4398.43,4396.56,4397.84,138,20,0,mt5bar
2026-08-17 04:09:00,4397.83,4398.41,4397.09,4397.88,126,20,0,mt5bar
2026-08-17 04:10:00,4397.81,4399.35,4397.12,4399.10,155,20,0,mt5bar
2026-08-17 04:11:00,4399.06,4399.27,4397.87,4397.89,104,22,0,mt5bar
2026-08-17 04:12:00,4397.87,4399.41,4397.87,4399.15,134,21,0,mt5bar
2026-08-17 04:13:00,4399.00,4399.16,4398.38,4398.64,97,21,0,mt5bar
2026-08-17 04:14:00,4398.70,4399.14,4398.19,4398.33,98,21,0,mt5bar
2026-08-17 04:15:00,4398.30,4398.77,4398.08,4398.08,109,21,0,mt5bar
2026-08-17 04:16:00,4398.18,4398.56,4397.20,4397.97,125,20,0,mt5bar
2026-08-17 04:17:00,4397.91,4398.35,4397.08,4397.67,140,21,0,mt5bar
2026-08-17 04:18:00,4397.62,4397.73,4396.76,4396.84,130,21,0,mt5bar
2026-08-17 04:19:00,4396.82,4397.47,4396.72,4397.07,87,21,0,mt5bar
2026-08-17 04:20:00,4397.11,4397.13,4395.64,4395.84,114,20,0,mt5bar
2026-08-17 04:21:00,4395.72,4395.72,4392.94,4393.66,150,20,0,mt5bar
2026-08-17 04:22:00,4393.75,4394.95,4393.57,4394.75,99,20,0,mt5bar
2026-08-17 04:23:00,4394.81,4395.44,4393.56,4393.56,81,20,0,mt5bar
2026-08-17 04:24:00,4393.57,4394.30,4393.38,4393.85,86,21,0,mt5bar
2026-08-17 04:25:00,4393.86,4393.95,4392.40,4393.37,83,20,0,mt5bar
2026-08-17 04:26:00,4393.36,4393.74,4393.16,4393.24,72,21,0,mt5bar
2026-08-17 04:27:00,4393.21,4393.62,4392.92,4392.92,87,20,0,mt5bar
2026-08-17 04:28:00,4392.78,4393.14,4390.13,4390.95,143,20,0,mt5bar
2026-08-17 04:29:00,4390.95,4391.44,4390.53,4390.96,114,20,0,mt5bar
2026-08-17 04:30:00,4390.96,4391.44,4390.07,4390.27,117,20,0,mt5bar
2026-08-17 04:31:00,4390.34,4390.57,4389.02,4389.58,100,20,0,mt5bar
2026-08-17 04:32:00,4389.54,4390.07,4388.92,4389.94,111,20,0,mt5bar
2026-08-17 04:33:00,4389.81,4391.22,4389.70,4391.16,101,20,0,mt5bar
2026-08-17 04:34:00,4391.16,4391.94,4390.81,4391.78,120,21,0,mt5bar
2026-08-17 04:35:00,4391.82,4391.82,4390.08,4390.59,87,20,0,mt5bar
2026-08-17 04:36:00,4390.66,4391.12,4390.38,4391.10,78,21,0,mt5bar
2026-08-17 04:37:00,4391.13,4392.12,4391.07,4392.03,133,20,0,mt5bar
2026-08-17 04:38:00,4391.99,4393.68,4391.99,4392.05,127,20,0,mt5bar
2026-08-17 04:39:00,4392.04,4392.59,4391.78,4392.59,85,21,0,mt5bar
2026-08-17 04:40:00,4392.57,4393.65,4392.32,4393.65,116,20,0,mt5bar
2026-08-17 04:41:00,4393.66,4394.75,4393.11,4393.56,124,20,0,mt5bar
2026-08-17 04:42:00,4393.54,4394.99,4391.94,4394.93,154,20,0,mt5bar
2026-08-17 04:43:00,4394.85,4395.86,4394.59,4395.49,152,21,0,mt5bar
2026-08-17 04:44:00,4395.45,4396.61,4395.13,4395.69,127,21,0,mt5bar
2026-08-17 04:45:00,4395.72,4396.60,4395.40,4395.44,106,21,0,mt5bar
2026-08-17 04:46:00,4395.42,4397.70,4395.42,4397.70,106,21,0,mt5bar
2026-08-17 04:47:00,4397.72,4397.74,4396.81,4397.10,111,21,0,mt5bar
2026-08-17 04:48:00,4397.08,4397.86,4396.56,4396.83,128,20,0,mt5bar
2026-08-17 04:49:00,4396.86,4396.94,4395.62,4395.98,104,20,0,mt5bar
2026-08-17 04:50:00,4395.99,4395.99,4395.03,4395.13,70,20,0,mt5bar
2026-08-17 04:51:00,4395.14,4396.55,4394.89,4396.55,104,20,0,mt5bar
2026-08-17 04:52:00,4396.61,4396.67,4395.47,4396.08,107,21,0,mt5bar
2026-08-17 04:53:00,4396.10,4396.55,4395.59,4395.79,79,21,0,mt5bar
2026-08-17 04:54:00,4395.74,4395.74,4394.93,4395.24,89,20,0,mt5bar
2026-08-17 04:55:00,4395.25,4395.40,4395.04,4395.17,68,21,0,mt5bar
2026-08-17 04:56:00,4395.17,4395.30,4393.12,4393.64,135,21,0,mt5bar
2026-08-17 04:57:00,4393.63,4394.13,4393.01,4393.02,96,22,0,mt5bar
2026-08-17 04:58:00,4393.01,4393.28,4391.07,4391.16,149,20,0,mt5bar
2026-08-17 04:59:00,4391.19,4391.36,4389.81,4390.61,151,20,0,mt5bar
2026-08-17 05:00:00,4390.67,4392.04,4390.40,4391.10,189,20,0,mt5bar
2026-08-17 05:01:00,4391.12,4392.46,4389.90,4392.40,156,20,0,mt5bar
2026-08-17 05:02:00,4392.12,4392.28,4390.91,4392.05,116,20,0,mt5bar
2026-08-17 05:03:00,4392.03,4392.57,4391.40,4392.36,96,21,0,mt5bar
2026-08-17 05:04:00,4392.37,4392.86,4391.97,4392.79,97,21,0,mt5bar
2026-08-17 05:05:00,4392.74,4392.83,4389.91,4390.45,149,21,0,mt5bar
2026-08-17 05:06:00,4390.46,4391.61,4390.44,4391.13,145,21,0,mt5bar
2026-08-17 05:07:00,4391.13,4391.87,4390.85,4390.96,108,20,0,mt5bar
2026-08-17 05:08:00,4390.93,4393.24,4390.36,4392.54,163,20,0,mt5bar
2026-08-17 05:09:00,4392.52,4392.74,4391.82,4392.04,76,22,0,mt5bar
2026-08-17 05:10:00,4392.05,4392.08,4390.79,4391.22,102,21,0,mt5bar
2026-08-17 05:11:00,4391.14,4391.66,4390.29,4390.43,108,21,0,mt5bar
2026-08-17 05:12:00,4390.42,4391.08,4390.37,4390.90,101,21,0,mt5bar
2026-08-17 05:13:00,4390.85,4390.98,4389.06,4389.21,92,20,0,mt5bar
2026-08-17 05:14:00,4389.24,4389.60,4386.99,4387.82,201,20,0,mt5bar
2026-08-17 05:15:00,4387.82,4388.20,4386.95,4388.17,130,20,0,mt5bar
2026-08-17 05:16:00,4388.20,4390.53,4388.20,4390.53,167,20,0,mt5bar
2026-08-17 05:17:00,4390.56,4390.64,4389.49,4390.05,120,20,0,mt5bar
2026-08-17 05:18:00,4390.04,4392.53,4390.04,4392.44,128,20,0,mt5bar
2026-08-17 05:19:00,4392.49,4393.24,4392.22,4392.89,145,20,0,mt5bar
2026-08-17 05:20:00,4392.85,4394.01,4390.64,4392.15,148,20,0,mt5bar
2026-08-17 05:21:00,4392.16,4396.15,4392.00,4396.00,144,21,0,mt5bar
2026-08-17 05:22:00,4396.03,4396.61,4395.18,4395.66,129,21,0,mt5bar
2026-08-17 05:23:00,4395.64,4396.82,4395.43,4395.53,114,21,0,mt5bar
2026-08-17 05:24:00,4395.58,4396.62,4395.08,4395.42,156,20,0,mt5bar
2026-08-17 05:25:00,4395.32,4395.44,4394.67,4394.78,149,20,0,mt5bar
2026-08-17 05:26:00,4394.80,4397.25,4394.66,4396.39,165,21,0,mt5bar
2026-08-17 05:27:00,4396.37,4396.96,4396.32,4396.55,81,21,0,mt5bar
2026-08-17 05:28:00,4396.53,4398.56,4396.45,4397.94,124,20,0,mt5bar
2026-08-17 05:29:00,4397.90,4399.42,4396.77,4399.42,141,20,0,mt5bar
2026-08-17 05:30:00,4399.25,4401.01,4396.35,4398.68,418,20,0,mt5bar
2026-08-17 05:31:00,4398.69,4400.43,4397.86,4399.91,243,21,0,mt5bar
2026-08-17 05:32:00,4399.93,4401.09,4398.63,4400.31,289,21,0,mt5bar
2026-08-17 05:33:00,4400.22,4400.33,4397.04,4397.41,218,20,0,mt5bar
2026-08-17 05:34:00,4397.39,4398.13,4395.77,4396.32,205,20,0,mt5bar
2026-08-17 05:35:00,4396.27,4396.27,4392.75,4393.55,288,21,0,mt5bar
2026-08-17 05:36:00,4393.58,4393.80,4392.22,4393.15,278,20,0,mt5bar
2026-08-17 05:37:00,4393.13,4395.47,4392.81,4394.94,237,20,0,mt5bar
2026-08-17 05:38:00,4394.90,4396.35,4394.67,4395.41,185,20,0,mt5bar
2026-08-17 05:39:00,4395.41,4396.42,4393.75,4395.46,181,20,0,mt5bar
2026-08-17 05:40:00,4395.41,4395.41,4393.95,4394.84,190,20,0,mt5bar
2026-08-17 05:41:00,4394.85,4396.75,4393.93,4396.69,198,20,0,mt5bar
2026-08-17 05:42:00,4396.66,4396.66,4395.02,4395.64,205,21,0,mt5bar
2026-08-17 05:43:00,4395.55,4396.02,4393.86,4394.33,190,21,0,mt5bar
2026-08-17 05:44:00,4394.35,4395.79,4394.35,4395.64,234,22,0,mt5bar
2026-08-17 05:45:00,4395.67,4395.83,4393.85,4394.03,195,20,0,mt5bar
2026-08-17 05:46:00,4394.02,4394.90,4392.63,4393.07,185,20,0,mt5bar
2026-08-17 05:47:00,4393.11,4395.87,4392.28,4395.67,194,20,0,mt5bar
2026-08-17 05:48:00,4395.64,4396.73,4395.43,4396.60,159,22,0,mt5bar
2026-08-17 05:49:00,4396.61,4397.31,4396.41,4397.17,191,20,0,mt5bar
2026-08-17 05:50:00,4397.14,4397.35,4394.10,4395.55,255,21,0,mt5bar
2026-08-17 05:51:00,4395.53,4395.90,4394.64,4395.05,170,20,0,mt5bar
2026-08-17 05:52:00,4395.07,4395.07,4394.42,4394.67,126,23,0,mt5bar
2026-08-17 05:53:00,4394.70,4396.10,4394.20,4394.20,182,20,0,mt5bar
2026-08-17 05:54:00,4393.88,4394.98,4392.52,4392.98,251,20,0,mt5bar
2026-08-17 05:55:00,4393.06,4395.40,4392.78,4395.36,229,21,0,mt5bar
2026-08-17 05:56:00,4395.35,4395.96,4392.91,4393.93,213,21,0,mt5bar
2026-08-17 05:57:00,4393.92,4394.24,4393.23,4393.41,176,23,0,mt5bar
2026-08-17 05:58:00,4393.42,4394.48,4393.30,4394.38,187,20,0,mt5bar
2026-08-17 05:59:00,4394.42,4395.54,4393.92,4394.76,156,20,0,mt5bar
2026-08-17 06:00:00,4394.81,4395.82,4394.65,4395.20,238,20,0,mt5bar
2026-08-17 06:01:00,4395.22,4397.22,4394.79,4397.22,257,21,0,mt5bar
2026-08-17 06:02:00,4397.27,4398.09,4396.48,4396.71,195,21,0,mt5bar
2026-08-17 06:03:00,4396.75,4397.73,4396.57,4397.02,180,20,0,mt5bar
2026-08-17 06:04:00,4397.09,4397.11,4394.96,4395.37,223,20,0,mt5bar
2026-08-17 06:05:00,4395.35,4397.04,4394.69,4397.04,198,20,0,mt5bar
2026-08-17 06:06:00,4397.05,4397.59,4396.25,4396.60,197,20,0,mt5bar
2026-08-17 06:07:00,4396.66,4397.73,4396.43,4397.29,180,20,0,mt5bar
2026-08-17 06:08:00,4397.44,4397.93,4396.77,4396.79,182,20,0,mt5bar
2026-08-17 06:09:00,4396.85,4397.44,4393.69,4395.27,196,20,0,mt5bar
2026-08-17 06:10:00,4395.31,4396.17,4393.95,4394.04,227,20,0,mt5bar
2026-08-17 06:11:00,4394.04,4394.56,4392.66,4394.05,241,21,0,mt5bar
2026-08-17 06:12:00,4394.00,4395.02,4392.79,4393.24,164,20,0,mt5bar
2026-08-17 06:13:00,4393.09,4394.97,4393.02,4394.97,214,20,0,mt5bar
2026-08-17 06:14:00,4395.20,4397.41,4395.20,4396.66,165,20,0,mt5bar
2026-08-17 06:15:00,4396.62,4396.62,4394.87,4395.27,205,21,0,mt5bar
2026-08-17 06:16:00,4395.40,4396.51,4394.38,4395.37,224,20,0,mt5bar
2026-08-17 06:17:00,4395.40,4395.84,4394.07,4394.20,190,20,0,mt5bar
2026-08-17 06:18:00,4394.15,4394.67,4393.62,4393.62,136,20,0,mt5bar
2026-08-17 06:19:00,4393.62,4393.66,4392.61,4393.49,200,20,0,mt5bar
2026-08-17 06:20:00,4393.47,4395.87,4393.35,4395.34,229,20,0,mt5bar
2026-08-17 06:21:00,4395.35,4396.08,4394.49,4394.79,240,23,0,mt5bar
2026-08-17 06:22:00,4394.81,4396.49,4393.99,4396.32,278,20,0,mt5bar
2026-08-17 06:23:00,4396.24,4396.85,4395.52,4395.52,187,20,0,mt5bar
2026-08-17 06:24:00,4395.47,4395.57,4394.63,4394.92,224,21,0,mt5bar
2026-08-17 06:25:00,4394.69,4397.85,4394.39,4396.97,320,20,0,mt5bar
2026-08-17 06:26:00,4397.00,4397.81,4396.45,4396.47,251,20,0,mt5bar
2026-08-17 06:27:00,4396.50,4399.36,4396.46,4396.84,279,20,0,mt5bar
2026-08-17 06:28:00,4396.94,4398.10,4395.16,4397.33,237,21,0,mt5bar
2026-08-17 06:29:00,4397.38,4399.93,4397.36,4398.43,212,20,0,mt5bar
2026-08-17 06:30:00,4398.22,4398.57,4396.13,4396.66,227,20,0,mt5bar
2026-08-17 06:31:00,4396.75,4397.06,4395.29,4396.75,185,20,0,mt5bar
2026-08-17 06:32:00,4396.78,4396.84,4394.85,4395.26,156,21,0,mt5bar
2026-08-17 06:33:00,4395.33,4395.93,4395.16,4395.36,129,24,0,mt5bar
2026-08-17 06:34:00,4395.39,4396.15,4394.91,4395.45,210,20,0,mt5bar
2026-08-17 06:35:00,4395.36,4395.77,4393.97,4394.37,207,20,0,mt5bar
2026-08-17 06:36:00,4394.32,4395.25,4393.63,4394.71,199,20,0,mt5bar
2026-08-17 06:37:00,4394.76,4395.55,4394.05,4394.57,173,21,0,mt5bar
2026-08-17 06:38:00,4394.59,4394.93,4393.54,4394.20,151,20,0,mt5bar
2026-08-17 06:39:00,4394.20,4395.43,4394.16,4394.96,151,20,0,mt5bar
2026-08-17 06:40:00,4394.99,4395.04,4394.02,4394.23,137,20,0,mt5bar
2026-08-17 06:41:00,4394.28,4394.49,4393.56,4393.75,153,20,0,mt5bar
2026-08-17 06:42:00,4393.74,4395.25,4393.74,4394.88,134,22,0,mt5bar
2026-08-17 06:43:00,4394.85,4395.00,4394.27,4394.98,151,21,0,mt5bar
2026-08-17 06:44:00,4395.02,4396.21,4393.56,4396.01,167,20,0,mt5bar
2026-08-17 06:45:00,4396.06,4398.18,4396.06,4397.70,256,20,0,mt5bar
2026-08-17 06:46:00,4397.57,4399.21,4397.04,4399.05,209,20,0,mt5bar
2026-08-17 06:47:00,4399.04,4399.89,4397.94,4398.92,216,21,0,mt5bar
2026-08-17 06:48:00,4398.91,4400.23,4398.24,4400.13,189,21,0,mt5bar
2026-08-17 06:49:00,4400.14,4400.82,4399.71,4400.28,166,20,0,mt5bar
2026-08-17 06:50:00,4400.26,4401.29,4400.26,4400.89,188,20,0,mt5bar
2026-08-17 06:51:00,4400.93,4401.86,4400.65,4401.80,244,20,0,mt5bar
2026-08-17 06:52:00,4401.83,4404.43,4401.67,4404.26,265,20,0,mt5bar
2026-08-17 06:53:00,4404.29,4404.29,4402.63,4403.04,202,20,0,mt5bar
2026-08-17 06:54:00,4403.03,4403.27,4401.96,4402.04,196,21,0,mt5bar
2026-08-17 06:55:00,4402.05,4402.15,4401.00,4401.96,187,21,0,mt5bar
2026-08-17 06:56:00,4402.00,4402.88,4401.99,4402.27,162,21,0,mt5bar
2026-08-17 06:57:00,4402.27,4402.92,4401.99,4402.68,173,20,0,mt5bar
2026-08-17 06:58:00,4402.54,4403.27,4402.44,4402.72,142,20,0,mt5bar
2026-08-17 06:59:00,4402.67,4403.18,4402.42,4403.01,189,21,0,mt5bar
2026-08-17 07:00:00,4403.04,4403.26,4401.92,4402.15,263,21,0,mt5bar
2026-08-17 07:01:00,4402.10,4404.07,4401.80,4403.05,239,20,0,mt5bar
2026-08-17 07:02:00,4403.06,4403.55,4402.02,4403.01,178,21,0,mt5bar
2026-08-17 07:03:00,4403.08,4403.52,4402.44,4403.17,225,21,0,mt5bar
2026-08-17 07:04:00,4403.12,4403.38,4401.28,4401.51,172,21,0,mt5bar
2026-08-17 07:05:00,4401.57,4402.87,4400.35,4401.13,223,20,0,mt5bar
2026-08-17 07:06:00,4401.08,4402.12,4400.20,4400.33,135,21,0,mt5bar
2026-08-17 07:07:00,4400.36,4400.47,4399.40,4399.98,145,21,0,mt5bar
2026-08-17 07:08:00,4399.97,4400.99,4399.55,4400.83,150,21,0,mt5bar
2026-08-17 07:09:00,4401.03,4401.33,4400.36,4400.36,154,21,0,mt5bar
2026-08-17 07:10:00,4400.37,4400.84,4399.67,4400.84,137,21,0,mt5bar
2026-08-17 07:11:00,4400.76,4401.32,4399.65,4399.65,165,21,0,mt5bar
2026-08-17 07:12:00,4399.64,4399.64,4398.04,4398.88,197,22,0,mt5bar
2026-08-17 07:13:00,4398.89,4399.06,4396.46,4396.75,230,20,0,mt5bar
2026-08-17 07:14:00,4396.78,4397.27,4396.02,4396.44,182,20,0,mt5bar
2026-08-17 07:15:00,4396.42,4397.86,4396.39,4397.35,179,21,0,mt5bar
2026-08-17 07:16:00,4397.34,4398.03,4397.12,4397.55,136,21,0,mt5bar
2026-08-17 07:17:00,4397.53,4397.91,4397.07,4397.43,145,20,0,mt5bar
2026-08-17 07:18:00,4397.42,4399.08,4397.04,4398.97,221,21,0,mt5bar
2026-08-17 07:19:00,4398.97,4399.11,4397.02,4397.49,196,20,0,mt5bar
2026-08-17 07:20:00,4397.51,4397.65,4396.42,4397.00,173,20,0,mt5bar
2026-08-17 07:21:00,4397.01,4397.43,4396.76,4396.89,143,21,0,mt5bar
2026-08-17 07:22:00,4397.05,4397.29,4396.36,4396.76,141,21,0,mt5bar
2026-08-17 07:23:00,4396.75,4397.65,4396.11,4397.06,173,23,0,mt5bar
2026-08-17 07:24:00,4397.05,4397.49,4396.32,4397.07,133,21,0,mt5bar
2026-08-17 07:25:00,4397.16,4398.81,4396.63,4397.02,201,20,0,mt5bar
2026-08-17 07:26:00,4396.89,4398.53,4396.58,4398.11,172,21,0,mt5bar
2026-08-17 07:27:00,4398.13,4400.03,4398.12,4399.72,134,20,0,mt5bar
2026-08-17 07:28:00,4399.78,4401.78,4399.11,4401.78,180,20,0,mt5bar
2026-08-17 07:29:00,4401.81,4405.10,4401.58,4404.82,253,20,0,mt5bar
2026-08-17 07:30:00,4404.83,4408.16,4404.81,4406.28,274,20,0,mt5bar
2026-08-17 07:31:00,4406.27,4406.65,4404.66,4406.33,242,20,0,mt5bar
2026-08-17 07:32:00,4406.35,4407.40,4406.10,4406.38,222,21,0,mt5bar
2026-08-17 07:33:00,4406.35,4407.35,4405.22,4405.22,265,21,0,mt5bar
2026-08-17 07:34:00,4405.27,4407.40,4405.27,4407.09,217,20,0,mt5bar
2026-08-17 07:35:00,4407.11,4408.84,4406.70,4406.99,209,20,0,mt5bar
2026-08-17 07:36:00,4407.01,4409.41,4406.68,4409.39,215,20,0,mt5bar
2026-08-17 07:37:00,4409.33,4411.32,4409.15,4410.43,265,20,0,mt5bar
2026-08-17 07:38:00,4410.41,4410.41,4407.16,4407.30,237,20,0,mt5bar
2026-08-17 07:39:00,4407.25,4407.77,4406.99,4407.55,146,20,0,mt5bar
2026-08-17 07:40:00,4407.59,4409.32,4407.20,4409.20,171,20,0,mt5bar
2026-08-17 07:41:00,4409.24,4409.60,4408.93,4409.37,170,20,0,mt5bar
2026-08-17 07:42:00,4409.32,4410.81,4409.32,4410.50,149,20,0,mt5bar
2026-08-17 07:43:00,4410.57,4410.87,4409.54,4409.66,132,21,0,mt5bar
2026-08-17 07:44:00,4409.68,4410.15,4409.19,4409.22,131,21,0,mt5bar
2026-08-17 07:45:00,4409.24,4409.41,4408.50,4408.77,126,20,0,mt5bar
2026-08-17 07:46:00,4408.79,4409.94,4408.77,4409.15,147,20,0,mt5bar
2026-08-17 07:47:00,4409.20,4409.83,4407.20,4408.40,172,20,0,mt5bar
2026-08-17 07:48:00,4408.41,4409.36,4407.79,4409.03,118,21,0,mt5bar
2026-08-17 07:49:00,4408.98,4409.21,4407.41,4407.51,143,21,0,mt5bar
2026-08-17 07:50:00,4407.50,4408.13,4407.26,4407.83,137,21,0,mt5bar
2026-08-17 07:51:00,4407.91,4408.22,4405.37,4405.53,178,21,0,mt5bar
2026-08-17 07:52:00,4405.51,4405.77,4403.89,4404.18,153,20,0,mt5bar
2026-08-17 07:53:00,4404.19,4404.86,4404.12,4404.67,145,20,0,mt5bar
2026-08-17 07:54:00,4404.69,4404.69,4403.51,4404.17,128,20,0,mt5bar
2026-08-17 07:55:00,4404.16,4405.98,4403.94,4405.60,152,20,0,mt5bar
2026-08-17 07:56:00,4405.58,4405.58,4404.69,4404.74,107,20,0,mt5bar
2026-08-17 07:57:00,4404.73,4405.53,4404.25,4404.74,131,21,0,mt5bar
2026-08-17 07:58:00,4404.75,4405.87,4404.33,4405.47,123,21,0,mt5bar
2026-08-17 07:59:00,4405.47,4405.54,4404.95,4405.18,136,21,0,mt5bar
2026-08-17 08:00:00,4405.13,4405.13,4402.06,4402.60,289,21,0,mt5bar
2026-08-17 08:01:00,4402.55,4403.20,4400.95,4401.77,237,20,0,mt5bar
2026-08-17 08:02:00,4401.59,4401.85,4400.38,4401.44,226,20,0,mt5bar
2026-08-17 08:03:00,4401.38,4401.38,4400.34,4400.41,167,20,0,mt5bar
2026-08-17 08:04:00,4400.39,4400.63,4399.64,4400.05,183,20,0,mt5bar
2026-08-17 08:05:00,4400.12,4400.50,4399.69,4399.69,179,20,0,mt5bar
2026-08-17 08:06:00,4399.70,4400.15,4397.54,4398.35,246,20,0,mt5bar
2026-08-17 08:07:00,4398.38,4399.15,4397.72,4399.05,171,20,0,mt5bar
2026-08-17 08:08:00,4399.04,4399.33,4398.49,4399.12,160,21,0,mt5bar
2026-08-17 08:09:00,4399.13,4400.21,4398.24,4399.67,105,20,0,mt5bar
2026-08-17 08:10:00,4399.62,4399.90,4398.40,4398.94,170,20,0,mt5bar
2026-08-17 08:11:00,4398.98,4400.39,4398.65,4400.37,125,21,0,mt5bar
2026-08-17 08:12:00,4400.38,4402.48,4400.38,4402.33,175,20,0,mt5bar
2026-08-17 08:13:00,4402.25,4402.54,4401.68,4402.47,117,20,0,mt5bar
2026-08-17 08:14:00,4402.40,4402.75,4401.69,4402.69,127,20,0,mt5bar
2026-08-17 08:15:00,4402.74,4403.75,4402.13,4403.39,189,21,0,mt5bar
2026-08-17 08:16:00,4403.33,4403.52,4402.24,4402.31,140,21,0,mt5bar
2026-08-17 08:17:00,4402.28,4402.51,4401.30,4401.45,97,21,0,mt5bar
2026-08-17 08:18:00,4401.50,4401.54,4400.81,4401.00,102,21,0,mt5bar
2026-08-17 08:19:00,4401.05,4401.84,4400.35,4401.14,138,21,0,mt5bar
2026-08-17 08:20:00,4401.09,4401.89,4400.37,4401.83,107,20,0,mt5bar
2026-08-17 08:21:00,4401.89,4402.30,4401.80,4402.12,90,20,0,mt5bar
2026-08-17 08:22:00,4402.19,4402.89,4401.96,4402.83,116,20,0,mt5bar
2026-08-17 08:23:00,4402.81,4403.06,4402.23,4402.23,147,20,0,mt5bar
2026-08-17 08:24:00,4402.25,4402.73,4401.70,4402.11,132,20,0,mt5bar
2026-08-17 08:25:00,4402.03,4402.84,4401.64,4402.54,132,21,0,mt5bar
2026-08-17 08:26:00,4402.48,4402.88,4401.93,4402.01,122,20,0,mt5bar
2026-08-17 08:27:00,4402.04,4402.38,4401.41,4402.35,103,20,0,mt5bar
2026-08-17 08:28:00,4402.32,4403.14,4402.18,4402.39,116,21,0,mt5bar
2026-08-17 08:29:00,4402.37,4402.37,4400.87,4401.74,114,21,0,mt5bar
2026-08-17 08:30:00,4401.78,4402.02,4400.44,4400.51,129,21,0,mt5bar
2026-08-17 08:31:00,4400.53,4401.36,4400.53,4400.97,103,21,0,mt5bar
2026-08-17 08:32:00,4400.96,4400.96,4399.75,4399.85,139,20,0,mt5bar
2026-08-17 08:33:00,4399.88,4400.14,4399.46,4399.86,104,21,0,mt5bar
2026-08-17 08:34:00,4399.82,4400.83,4399.56,4399.86,135,21,0,mt5bar
2026-08-17 08:35:00,4399.89,4400.33,4399.48,4399.85,123,21,0,mt5bar
2026-08-17 08:36:00,4399.84,4400.08,4398.99,4399.82,148,23,0,mt5bar
2026-08-17 08:37:00,4399.81,4401.53,4399.77,4401.39,107,20,0,mt5bar
2026-08-17 08:38:00,4401.40,4402.07,4400.98,4401.69,117,21,0,mt5bar
2026-08-17 08:39:00,4401.68,4401.72,4400.13,4401.20,133,20,0,mt5bar
2026-08-17 08:40:00,4401.28,4401.35,4398.68,4399.46,146,21,0,mt5bar
2026-08-17 08:41:00,4399.50,4399.70,4398.91,4398.91,108,22,0,mt5bar
2026-08-17 08:42:00,4398.80,4399.00,4397.71,4397.91,155,22,0,mt5bar
2026-08-17 08:43:00,4397.94,4398.15,4396.95,4397.12,105,21,0,mt5bar
2026-08-17 08:44:00,4397.17,4397.38,4395.92,4396.23,146,21,0,mt5bar
2026-08-17 08:45:00,4396.18,4396.19,4395.26,4395.94,93,21,0,mt5bar
2026-08-17 08:46:00,4395.90,4396.03,4394.89,4394.98,105,20,0,mt5bar
2026-08-17 08:47:00,4395.02,4396.78,4394.94,4396.16,155,21,0,mt5bar
2026-08-17 08:48:00,4396.18,4396.34,4395.36,4395.65,112,21,0,mt5bar
2026-08-17 08:49:00,4395.65,4395.73,4395.12,4395.53,148,22,0,mt5bar
2026-08-17 08:50:00,4395.61,4396.02,4394.52,4394.82,152,22,0,mt5bar
2026-08-17 08:51:00,4394.85,4395.29,4393.53,4393.96,138,21,0,mt5bar
2026-08-17 08:52:00,4393.97,4393.98,4393.06,4393.16,162,23,0,mt5bar
2026-08-17 08:53:00,4393.17,4393.63,4392.89,4393.19,136,22,0,mt5bar
2026-08-17 08:54:00,4393.14,4393.75,4393.11,4393.46,138,21,0,mt5bar
2026-08-17 08:55:00,4393.48,4393.71,4392.45,4392.88,140,20,0,mt5bar
2026-08-17 08:56:00,4392.93,4394.26,4392.93,4394.26,158,20,0,mt5bar
2026-08-17 08:57:00,4394.26,4394.76,4393.69,4394.65,133,21,0,mt5bar
2026-08-17 08:58:00,4394.68,4395.88,4394.30,4394.35,142,21,0,mt5bar
2026-08-17 08:59:00,4394.38,4394.88,4393.84,4394.88,133,21,0,mt5bar
2026-08-17 09:00:00,4395.19,4395.52,4393.74,4394.36,162,20,0,mt5bar
2026-08-17 09:01:00,4394.42,4395.43,4393.23,4394.90,161,20,0,mt5bar
2026-08-17 09:02:00,4394.87,4395.21,4394.41,4394.51,123,21,0,mt5bar
2026-08-17 09:03:00,4394.55,4395.27,4394.41,4394.88,139,21,0,mt5bar
2026-08-17 09:04:00,4394.95,4396.21,4394.71,4396.19,151,21,0,mt5bar
2026-08-17 09:05:00,4396.19,4396.29,4395.11,4396.10,146,21,0,mt5bar
2026-08-17 09:06:00,4396.08,4397.60,4396.08,4397.41,188,20,0,mt5bar
2026-08-17 09:07:00,4397.39,4397.43,4396.62,4397.23,124,21,0,mt5bar
2026-08-17 09:08:00,4396.94,4398.00,4396.93,4397.49,96,20,0,mt5bar
2026-08-17 09:09:00,4397.48,4399.65,4397.48,4399.49,157,20,0,mt5bar
2026-08-17 09:10:00,4399.44,4399.74,4398.96,4399.27,140,21,0,mt5bar
2026-08-17 09:11:00,4399.36,4400.46,4399.30,4400.22,127,21,0,mt5bar
2026-08-17 09:12:00,4400.19,4400.56,4399.37,4399.50,131,22,0,mt5bar
2026-08-17 09:13:00,4399.53,4399.94,4399.05,4399.23,112,21,0,mt5bar
2026-08-17 09:14:00,4399.24,4399.62,4398.78,4399.03,111,21,0,mt5bar
2026-08-17 09:15:00,4399.04,4399.94,4398.50,4399.42,162,21,0,mt5bar
2026-08-17 09:16:00,4399.37,4399.37,4397.08,4398.18,149,20,0,mt5bar
2026-08-17 09:17:00,4398.16,4398.53,4397.47,4398.13,120,21,0,mt5bar
2026-08-17 09:18:00,4398.16,4398.45,4397.75,4398.00,150,21,0,mt5bar
2026-08-17 09:19:00,4398.04,4398.57,4397.33,4398.29,102,21,0,mt5bar
2026-08-17 09:20:00,4398.34,4398.63,4398.02,4398.08,56,20,0,mt5bar
2026-08-17 09:21:00,4398.09,4398.34,4397.31,4398.06,100,21,0,mt5bar
2026-08-17 09:22:00,4398.01,4398.21,4397.26,4398.11,109,21,0,mt5bar
2026-08-17 09:23:00,4398.10,4398.10,4396.42,4397.67,106,20,0,mt5bar
2026-08-17 09:24:00,4397.66,4397.66,4396.21,4396.73,96,21,0,mt5bar
2026-08-17 09:25:00,4396.80,4397.84,4396.80,4397.59,129,20,0,mt5bar
2026-08-17 09:26:00,4397.50,4398.10,4396.93,4397.39,144,20,0,mt5bar
2026-08-17 09:27:00,4397.36,4397.86,4396.72,4396.72,170,20,0,mt5bar
2026-08-17 09:28:00,4396.51,4396.95,4395.56,4396.44,169,20,0,mt5bar
2026-08-17 09:29:00,4396.48,4398.01,4396.48,4396.77,200,20,0,mt5bar
2026-08-17 09:30:00,4396.82,4397.43,4395.33,4396.20,169,20,0,mt5bar
2026-08-17 09:31:00,4396.23,4396.23,4394.55,4395.18,178,20,0,mt5bar
2026-08-17 09:32:00,4395.33,4395.83,4394.39,4395.67,244,20,0,mt5bar
2026-08-17 09:33:00,4395.67,4396.59,4395.52,4396.37,184,20,0,mt5bar
2026-08-17 09:34:00,4396.30,4397.02,4395.74,4396.48,151,20,0,mt5bar
2026-08-17 09:35:00,4396.39,4396.57,4395.12,4396.31,139,21,0,mt5bar
2026-08-17 09:36:00,4396.30,4397.22,4396.10,4396.76,117,20,0,mt5bar
2026-08-17 09:37:00,4396.79,4396.85,4395.74,4396.03,103,20,0,mt5bar
2026-08-17 09:38:00,4396.02,4396.20,4395.19,4395.31,142,20,0,mt5bar
2026-08-17 09:39:00,4395.31,4395.81,4393.97,4394.57,165,20,0,mt5bar
2026-08-17 09:40:00,4394.60,4395.12,4393.67,4395.12,189,20,0,mt5bar
2026-08-17 09:41:00,4395.09,4396.16,4395.03,4396.06,147,21,0,mt5bar
2026-08-17 09:42:00,4396.07,4396.38,4395.88,4396.38,106,20,0,mt5bar
2026-08-17 09:43:00,4396.39,4396.39,4394.62,4394.88,119,21,0,mt5bar
2026-08-17 09:44:00,4394.94,4395.43,4394.09,4394.31,88,20,0,mt5bar
2026-08-17 09:45:00,4394.32,4395.15,4394.04,4395.05,122,21,0,mt5bar
2026-08-17 09:46:00,4395.03,4395.09,4392.65,4393.91,156,20,0,mt5bar
2026-08-17 09:47:00,4393.91,4394.14,4393.14,4394.03,119,20,0,mt5bar
2026-08-17 09:48:00,4394.13,4394.57,4393.93,4394.09,145,20,0,mt5bar
2026-08-17 09:49:00,4394.10,4395.31,4394.04,4395.20,153,20,0,mt5bar
2026-08-17 09:50:00,4395.30,4395.78,4395.09,4395.48,148,20,0,mt5bar
2026-08-17 09:51:00,4395.42,4395.89,4394.28,4395.37,173,20,0,mt5bar
2026-08-17 09:52:00,4395.35,4395.64,4392.89,4393.46,167,20,0,mt5bar
2026-08-17 09:53:00,4393.54,4394.32,4393.54,4394.06,79,20,0,mt5bar
2026-08-17 09:54:00,4394.07,4394.07,4393.14,4393.44,128,20,0,mt5bar
2026-08-17 09:55:00,4393.43,4393.99,4393.41,4393.63,120,23,0,mt5bar
2026-08-17 09:56:00,4393.66,4394.83,4393.57,4394.06,117,20,0,mt5bar
2026-08-17 09:57:00,4394.09,4394.82,4393.74,4393.75,108,20,0,mt5bar
2026-08-17 09:58:00,4393.76,4395.17,4393.51,4395.17,115,21,0,mt5bar
2026-08-17 09:59:00,4395.19,4395.52,4394.87,4395.50,101,20,0,mt5bar
2026-08-17 10:00:00,4395.61,4395.92,4394.74,4395.28,128,20,0,mt5bar
2026-08-17 10:01:00,4395.23,4395.60,4395.01,4395.03,90,20,0,mt5bar
2026-08-17 10:02:00,4394.97,4394.97,4393.12,4393.29,101,20,0,mt5bar
2026-08-17 10:03:00,4393.33,4393.94,4393.30,4393.89,60,20,0,mt5bar
2026-08-17 10:04:00,4393.86,4394.07,4393.65,4393.99,74,20,0,mt5bar
2026-08-17 10:05:00,4394.01,4395.56,4394.00,4395.56,89,20,0,mt5bar
2026-08-17 10:06:00,4395.59,4395.66,4394.32,4394.40,133,20,0,mt5bar
2026-08-17 10:07:00,4394.36,4396.15,4394.35,4396.15,127,20,0,mt5bar
2026-08-17 10:08:00,4396.13,4396.19,4395.12,4395.43,95,20,0,mt5bar
2026-08-17 10:09:00,4395.42,4395.70,4394.12,4394.13,113,20,0,mt5bar
2026-08-17 10:10:00,4394.06,4395.51,4393.85,4395.43,133,21,0,mt5bar
2026-08-17 10:11:00,4395.42,4395.49,4394.33,4394.71,144,21,0,mt5bar
2026-08-17 10:12:00,4394.65,4395.62,4394.62,4395.52,114,21,0,mt5bar
2026-08-17 10:13:00,4395.43,4396.39,4395.43,4395.75,129,20,0,mt5bar
2026-08-17 10:14:00,4395.75,4396.23,4395.14,4395.92,104,21,0,mt5bar
2026-08-17 10:15:00,4395.94,4397.18,4395.76,4397.18,113,20,0,mt5bar
2026-08-17 10:16:00,4397.18,4398.23,4396.55,4397.87,139,20,0,mt5bar
2026-08-17 10:17:00,4397.86,4398.05,4397.46,4397.80,119,20,0,mt5bar
2026-08-17 10:18:00,4397.75,4399.95,4396.34,4396.55,273,20,0,mt5bar
2026-08-17 10:19:00,4396.61,4396.61,4394.90,4395.89,103,20,0,mt5bar
2026-08-17 10:20:00,4395.94,4397.27,4395.83,4397.11,139,20,0,mt5bar
2026-08-17 10:21:00,4397.08,4397.08,4395.85,4395.89,113,20,0,mt5bar
2026-08-17 10:22:00,4395.92,4396.22,4395.66,4396.07,79,20,0,mt5bar
2026-08-17 10:23:00,4396.09,4396.12,4395.13,4395.57,85,20,0,mt5bar
2026-08-17 10:24:00,4395.67,4396.56,4395.67,4396.56,102,21,0,mt5bar
2026-08-17 10:25:00,4396.62,4396.90,4395.47,4395.53,105,21,0,mt5bar
2026-08-17 10:26:00,4395.52,4396.11,4391.92,4393.29,123,20,0,mt5bar
2026-08-17 10:27:00,4393.29,4393.30,4391.86,4392.36,138,20,0,mt5bar
2026-08-17 10:28:00,4392.47,4394.11,4392.20,4393.14,115,21,0,mt5bar
2026-08-17 10:29:00,4393.25,4405.57,4392.57,4405.16,334,20,0,mt5bar
2026-08-17 10:30:00,4405.03,4405.83,4399.72,4400.18,497,21,0,mt5bar
2026-08-17 10:31:00,4400.07,4402.05,4397.91,4401.88,352,20,0,mt5bar
2026-08-17 10:32:00,4401.84,4401.89,4398.40,4399.43,323,20,0,mt5bar
2026-08-17 10:33:00,4399.42,4399.42,4397.84,4398.77,218,20,0,mt5bar
2026-08-17 10:34:00,4398.84,4398.84,4397.09,4397.21,182,20,0,mt5bar
2026-08-17 10:35:00,4397.32,4398.32,4397.16,4397.72,228,21,0,mt5bar
2026-08-17 10:36:00,4397.73,4397.94,4396.50,4396.80,171,20,0,mt5bar
2026-08-17 10:37:00,4396.84,4397.07,4395.65,4396.82,167,20,0,mt5bar
2026-08-17 10:38:00,4396.80,4396.80,4395.77,4396.49,143,21,0,mt5bar
2026-08-17 10:39:00,4396.53,4397.12,4396.02,4396.05,159,20,0,mt5bar
2026-08-17 10:40:00,4396.08,4396.32,4395.46,4395.46,153,21,0,mt5bar
2026-08-17 10:41:00,4395.49,4398.61,4395.49,4398.46,142,20,0,mt5bar
2026-08-17 10:42:00,4398.39,4398.42,4397.86,4398.15,133,20,0,mt5bar
2026-08-17 10:43:00,4398.13,4398.65,4397.63,4397.80,137,21,0,mt5bar
2026-08-17 10:44:00,4397.86,4398.94,4397.78,4398.26,132,20,0,mt5bar
2026-08-17 10:45:00,4398.29,4398.69,4397.97,4398.46,93,21,0,mt5bar
2026-08-17 10:46:00,4398.44,4399.01,4398.31,4398.61,104,21,0,mt5bar
2026-08-17 10:47:00,4398.64,4398.84,4398.03,4398.24,115,20,0,mt5bar
2026-08-17 10:48:00,4397.95,4399.20,4397.83,4398.03,116,21,0,mt5bar
2026-08-17 10:49:00,4398.06,4398.06,4396.33,4396.95,124,20,0,mt5bar
2026-08-17 10:50:00,4396.95,4398.26,4396.60,4398.23,116,21,0,mt5bar
2026-08-17 10:51:00,4398.22,4398.59,4397.97,4398.13,108,21,0,mt5bar
2026-08-17 10:52:00,4398.08,4398.25,4397.63,4398.03,105,21,0,mt5bar
2026-08-17 10:53:00,4398.04,4398.18,4397.05,4397.18,111,21,0,mt5bar
2026-08-17 10:54:00,4397.16,4397.71,4396.96,4397.64,101,21,0,mt5bar
2026-08-17 10:55:00,4397.66,4398.72,4397.46,4397.71,137,21,0,mt5bar
2026-08-17 10:56:00,4397.66,4398.49,4397.09,4398.49,113,20,0,mt5bar
2026-08-17 10:57:00,4398.45,4399.49,4398.19,4398.97,117,20,0,mt5bar
2026-08-17 10:58:00,4398.83,4399.13,4398.27,4398.34,120,20,0,mt5bar
2026-08-17 10:59:00,4398.34,4399.53,4398.34,4399.00,161,20,0,mt5bar
2026-08-17 11:00:00,4399.01,4399.92,4397.98,4398.97,196,20,0,mt5bar
2026-08-17 11:01:00,4398.97,4399.43,4398.18,4398.79,178,21,0,mt5bar
2026-08-17 11:02:00,4398.83,4400.99,4398.67,4400.59,160,21,0,mt5bar
2026-08-17 11:03:00,4400.59,4402.08,4400.54,4401.22,158,21,0,mt5bar
2026-08-17 11:04:00,4401.21,4401.42,4400.29,4400.29,119,21,0,mt5bar
2026-08-17 11:05:00,4400.35,4401.42,4400.25,4400.46,105,21,0,mt5bar
2026-08-17 11:06:00,4400.46,4401.09,4400.20,4400.90,115,20,0,mt5bar
2026-08-17 11:07:00,4400.89,4401.68,4400.84,4401.67,141,20,0,mt5bar
2026-08-17 11:08:00,4401.66,4402.57,4401.21,4402.48,211,20,0,mt5bar
2026-08-17 11:09:00,4402.43,4403.87,4401.98,4402.03,206,20,0,mt5bar
2026-08-17 11:10:00,4402.06,4402.42,4401.59,4401.75,129,21,0,mt5bar
2026-08-17 11:11:00,4401.75,4402.20,4401.48,4401.74,148,20,0,mt5bar
2026-08-17 11:12:00,4401.78,4402.77,4401.50,4402.25,123,21,0,mt5bar
2026-08-17 11:13:00,4402.23,4402.23,4400.65,4400.96,132,20,0,mt5bar
2026-08-17 11:14:00,4400.97,4401.06,4399.65,4399.72,112,20,0,mt5bar
2026-08-17 11:15:00,4399.86,4400.03,4398.49,4398.84,146,21,0,mt5bar
2026-08-17 11:16:00,4398.84,4399.48,4398.43,4398.87,151,20,0,mt5bar
2026-08-17 11:17:00,4398.89,4399.16,4398.60,4398.60,103,20,0,mt5bar
2026-08-17 11:18:00,4398.59,4398.59,4397.04,4397.83,143,20,0,mt5bar
2026-08-17 11:19:00,4397.83,4398.43,4397.60,4398.28,86,21,0,mt5bar
2026-08-17 11:20:00,4398.60,4401.43,4398.56,4400.95,177,20,0,mt5bar
2026-08-17 11:21:00,4400.90,4403.12,4400.63,4402.60,167,20,0,mt5bar
2026-08-17 11:22:00,4402.62,4404.16,4402.22,4403.62,212,20,0,mt5bar
2026-08-17 11:23:00,4403.59,4403.91,4402.58,4402.65,122,21,0,mt5bar
2026-08-17 11:24:00,4402.65,4403.73,4402.24,4403.51,138,21,0,mt5bar
2026-08-17 11:25:00,4403.50,4404.03,4403.40,4403.66,135,21,0,mt5bar
2026-08-17 11:26:00,4403.64,4404.64,4403.51,4404.30,152,20,0,mt5bar
2026-08-17 11:27:00,4404.25,4404.49,4402.80,4403.88,129,20,0,mt5bar
2026-08-17 11:28:00,4403.88,4404.25,4403.33,4403.45,102,20,0,mt5bar
2026-08-17 11:29:00,4403.44,4404.65,4403.44,4403.59,117,20,0,mt5bar
2026-08-17 11:30:00,4403.68,4404.33,4403.31,4403.60,126,20,0,mt5bar
2026-08-17 11:31:00,4403.65,4403.71,4402.36,4402.76,122,21,0,mt5bar
2026-08-17 11:32:00,4402.78,4403.48,4402.64,4402.84,137,21,0,mt5bar
2026-08-17 11:33:00,4402.85,4404.85,4402.85,4403.86,185,20,0,mt5bar
2026-08-17 11:34:00,4403.82,4404.88,4403.47,4404.02,179,20,0,mt5bar
2026-08-17 11:35:00,4404.03,4404.31,4403.61,4403.73,115,21,0,mt5bar
2026-08-17 11:36:00,4403.75,4403.75,4402.74,4403.26,114,21,0,mt5bar
2026-08-17 11:37:00,4403.24,4403.65,4402.88,4402.88,94,21,0,mt5bar
2026-08-17 11:38:00,4402.89,4404.21,4402.74,4403.80,159,20,0,mt5bar
2026-08-17 11:39:00,4403.83,4404.77,4402.80,4402.83,164,20,0,mt5bar
2026-08-17 11:40:00,4402.77,4403.09,4401.38,4402.13,148,20,0,mt5bar
2026-08-17 11:41:00,4402.05,4402.65,4401.62,4401.69,139,20,0,mt5bar
2026-08-17 11:42:00,4401.72,4402.24,4400.89,4401.45,196,20,0,mt5bar
2026-08-17 11:43:00,4401.43,4401.53,4400.35,4400.44,168,21,0,mt5bar
2026-08-17 11:44:00,4400.45,4400.79,4399.13,4399.61,118,22,0,mt5bar
2026-08-17 11:45:00,4399.63,4400.46,4399.21,4400.17,127,21,0,mt5bar
2026-08-17 11:46:00,4400.22,4400.80,4399.17,4400.17,130,21,0,mt5bar
2026-08-17 11:47:00,4400.13,4400.19,4399.72,4399.86,99,21,0,mt5bar
2026-08-17 11:48:00,4399.88,4399.99,4399.04,4399.04,123,20,0,mt5bar
2026-08-17 11:49:00,4399.05,4399.05,4396.78,4396.94,161,20,0,mt5bar
2026-08-17 11:50:00,4397.01,4398.81,4396.63,4398.53,156,21,0,mt5bar
2026-08-17 11:51:00,4398.40,4398.56,4395.93,4396.35,124,20,0,mt5bar
2026-08-17 11:52:00,4396.25,4396.64,4395.39,4396.03,162,20,0,mt5bar
2026-08-17 11:53:00,4396.02,4396.44,4395.96,4396.42,111,22,0,mt5bar
2026-08-17 11:54:00,4396.38,4397.38,4396.23,4396.76,121,21,0,mt5bar
2026-08-17 11:55:00,4396.65,4397.54,4396.02,4396.34,161,20,0,mt5bar
2026-08-17 11:56:00,4396.33,4397.22,4396.05,4396.94,97,20,0,mt5bar
2026-08-17 11:57:00,4397.04,4397.45,4395.82,4396.91,80,20,0,mt5bar
2026-08-17 11:58:00,4396.93,4397.28,4396.60,4396.84,74,21,0,mt5bar
2026-08-17 11:59:00,4396.92,4397.04,4396.51,4396.70,76,20,0,mt5bar
2026-08-17 12:00:00,4396.64,4397.51,4395.81,4396.32,220,20,0,mt5bar
2026-08-17 12:01:00,4396.26,4396.43,4393.75,4394.04,229,20,0,mt5bar
2026-08-17 12:02:00,4394.06,4396.53,4394.06,4395.72,203,20,0,mt5bar
2026-08-17 12:03:00,4395.49,4396.18,4394.29,4396.18,186,20,0,mt5bar
2026-08-17 12:04:00,4396.05,4396.46,4393.90,4394.57,220,20,0,mt5bar
2026-08-17 12:05:00,4394.60,4394.91,4392.87,4394.29,185,20,0,mt5bar
2026-08-17 12:06:00,4394.47,4395.15,4394.29,4394.48,146,20,0,mt5bar
2026-08-17 12:07:00,4394.50,4394.93,4393.11,4393.90,140,20,0,mt5bar
2026-08-17 12:08:00,4393.93,4393.93,4392.31,4393.64,229,20,0,mt5bar
2026-08-17 12:09:00,4393.66,4393.67,4391.98,4392.49,202,20,0,mt5bar
2026-08-17 12:10:00,4392.52,4393.63,4391.51,4393.35,246,20,0,mt5bar
2026-08-17 12:11:00,4393.40,4394.64,4392.72,4393.38,193,20,0,mt5bar
2026-08-17 12:12:00,4393.39,4394.04,4393.07,4393.83,180,21,0,mt5bar
2026-08-17 12:13:00,4393.78,4394.08,4392.68,4393.67,188,20,0,mt5bar
2026-08-17 12:14:00,4393.72,4395.05,4393.62,4393.86,138,20,0,mt5bar
2026-08-17 12:15:00,4393.89,4395.57,4393.57,4394.04,191,20,0,mt5bar
2026-08-17 12:16:00,4394.03,4394.37,4393.25,4394.12,185,21,0,mt5bar
2026-08-17 12:17:00,4394.08,4394.47,4393.06,4394.47,172,20,0,mt5bar
2026-08-17 12:18:00,4394.44,4394.79,4393.44,4393.54,146,21,0,mt5bar
2026-08-17 12:19:00,4393.55,4394.74,4393.50,4394.73,150,21,0,mt5bar
2026-08-17 12:20:00,4394.69,4398.74,4394.28,4395.92,351,20,0,mt5bar
2026-08-17 12:21:00,4395.90,4396.16,4393.00,4393.48,189,20,0,mt5bar
2026-08-17 12:22:00,4393.48,4394.17,4392.72,4394.15,170,20,0,mt5bar
2026-08-17 12:23:00,4394.18,4395.23,4393.56,4393.63,197,20,0,mt5bar
2026-08-17 12:24:00,4393.61,4393.61,4391.98,4392.83,194,20,0,mt5bar
2026-08-17 12:25:00,4392.85,4393.57,4391.42,4391.79,250,20,0,mt5bar
2026-08-17 12:26:00,4391.79,4392.18,4382.24,4385.13,347,20,0,mt5bar
2026-08-17 12:27:00,4385.05,4389.59,4383.70,4389.50,462,20,0,mt5bar
2026-08-17 12:28:00,4389.37,4389.79,4387.29,4388.22,292,20,0,mt5bar
2026-08-17 12:29:00,4388.17,4388.59,4385.54,4385.78,295,20,0,mt5bar
2026-08-17 12:30:00,4385.74,4390.28,4385.52,4387.48,341,21,0,mt5bar
2026-08-17 12:31:00,4387.39,4387.55,4383.97,4387.55,287,21,0,mt5bar
2026-08-17 12:32:00,4387.19,4387.80,4385.80,4385.92,263,20,0,mt5bar
2026-08-17 12:33:00,4385.93,4387.88,4384.85,4387.63,267,20,0,mt5bar
2026-08-17 12:34:00,4387.74,4389.43,4387.19,4388.88,274,20,0,mt5bar
2026-08-17 12:35:00,4388.83,4389.38,4386.08,4387.11,191,21,0,mt5bar
2026-08-17 12:36:00,4387.08,4387.09,4383.10,4383.40,300,20,0,mt5bar
2026-08-17 12:37:00,4383.45,4384.46,4382.30,4383.45,285,21,0,mt5bar
2026-08-17 12:38:00,4383.37,4384.54,4382.33,4382.87,265,20,0,mt5bar
2026-08-17 12:39:00,4382.91,4383.06,4381.28,4381.41,229,20,0,mt5bar
2026-08-17 12:40:00,4381.40,4383.26,4380.87,4382.11,285,20,0,mt5bar
2026-08-17 12:41:00,4382.27,4382.85,4381.37,4381.83,207,20,0,mt5bar
2026-08-17 12:42:00,4381.97,4381.97,4379.12,4380.01,328,21,0,mt5bar
2026-08-17 12:43:00,4380.17,4380.90,4379.50,4380.40,268,20,0,mt5bar
2026-08-17 12:44:00,4380.37,4381.35,4378.27,4378.27,229,20,0,mt5bar
2026-08-17 12:45:00,4378.29,4379.36,4377.40,4377.79,262,20,0,mt5bar
2026-08-17 12:46:00,4377.50,4379.30,4377.32,4379.00,209,20,0,mt5bar
2026-08-17 12:47:00,4378.68,4379.93,4378.02,4378.85,239,21,0,mt5bar
2026-08-17 12:48:00,4378.89,4380.54,4378.40,4378.41,229,21,0,mt5bar
2026-08-17 12:49:00,4378.50,4379.25,4377.77,4378.05,254,20,0,mt5bar
2026-08-17 12:50:00,4378.07,4381.05,4377.88,4380.91,240,20,0,mt5bar
2026-08-17 12:51:00,4380.84,4382.21,4380.15,4381.01,259,21,0,mt5bar
2026-08-17 12:52:00,4381.02,4384.49,4381.02,4384.49,188,20,0,mt5bar
2026-08-17 12:53:00,4384.52,4385.01,4382.94,4383.24,197,20,0,mt5bar
2026-08-17 12:54:00,4383.25,4384.31,4383.05,4384.22,195,20,0,mt5bar
2026-08-17 12:55:00,4384.28,4385.11,4383.51,4385.03,202,20,0,mt5bar
2026-08-17 12:56:00,4385.04,4385.60,4384.61,4384.96,182,20,0,mt5bar
2026-08-17 12:57:00,4385.01,4385.49,4384.36,4384.92,160,21,0,mt5bar
2026-08-17 12:58:00,4384.95,4386.37,4384.95,4385.93,185,20,0,mt5bar
2026-08-17 12:59:00,4385.88,4385.88,4383.97,4384.94,221,20,0,mt5bar
2026-08-17 13:00:00,4385.19,4388.29,4383.80,4388.07,420,20,0,mt5bar
2026-08-17 13:01:00,4388.05,4388.28,4384.96,4386.18,336,20,0,mt5bar
2026-08-17 13:02:00,4386.22,4386.29,4382.39,4382.64,328,20,0,mt5bar
2026-08-17 13:03:00,4382.74,4384.80,4381.78,4384.80,349,20,0,mt5bar
2026-08-17 13:04:00,4384.82,4385.60,4384.05,4384.77,264,21,0,mt5bar
2026-08-17 13:05:00,4384.84,4385.01,4382.35,4384.21,259,20,0,mt5bar
2026-08-17 13:06:00,4384.08,4384.21,4382.91,4383.89,239,20,0,mt5bar
2026-08-17 13:07:00,4383.72,4386.23,4383.08,4385.77,290,20,0,mt5bar
2026-08-17 13:08:00,4385.72,4385.81,4383.44,4384.14,240,20,0,mt5bar
2026-08-17 13:09:00,4384.15,4385.78,4384.09,4385.49,195,20,0,mt5bar
2026-08-17 13:10:00,4385.51,4387.86,4385.09,4386.78,264,20,0,mt5bar
2026-08-17 13:11:00,4386.75,4388.32,4386.62,4387.68,202,22,0,mt5bar
2026-08-17 13:12:00,4387.60,4389.45,4387.47,4388.39,329,20,0,mt5bar
2026-08-17 13:13:00,4388.38,4389.42,4387.53,4388.36,298,22,0,mt5bar
2026-08-17 13:14:00,4388.32,4388.36,4386.18,4386.36,186,20,0,mt5bar
2026-08-17 13:15:00,4386.34,4386.70,4382.34,4382.54,262,20,0,mt5bar
2026-08-17 13:16:00,4382.52,4385.14,4382.32,4383.64,279,20,0,mt5bar
2026-08-17 13:17:00,4383.62,4384.16,4383.32,4383.87,231,21,0,mt5bar
2026-08-17 13:18:00,4383.78,4385.32,4383.74,4385.17,191,22,0,mt5bar
2026-08-17 13:19:00,4385.18,4386.87,4385.11,4385.60,244,22,0,mt5bar
2026-08-17 13:20:00,4385.63,4387.24,4384.62,4387.15,235,20,0,mt5bar
2026-08-17 13:21:00,4387.15,4388.91,4386.81,4387.36,229,20,0,mt5bar
2026-08-17 13:22:00,4387.34,4387.88,4386.28,4387.76,170,20,0,mt5bar
2026-08-17 13:23:00,4387.79,4387.82,4385.90,4386.10,228,22,0,mt5bar
2026-08-17 13:24:00,4386.13,4386.81,4385.33,4386.54,163,20,0,mt5bar
2026-08-17 13:25:00,4386.72,4388.40,4386.32,4387.37,255,20,0,mt5bar
2026-08-17 13:26:00,4387.36,4388.20,4386.35,4386.86,204,20,0,mt5bar
2026-08-17 13:27:00,4386.85,4387.35,4386.10,4386.89,216,20,0,mt5bar
2026-08-17 13:28:00,4386.80,4387.36,4385.95,4386.56,195,22,0,mt5bar
2026-08-17 13:29:00,4386.65,4387.48,4386.10,4386.26,202,23,0,mt5bar
2026-08-17 13:30:00,4386.31,4388.09,4385.78,4387.78,438,20,0,mt5bar
2026-08-17 13:31:00,4387.82,4389.22,4386.70,4387.75,372,20,0,mt5bar
2026-08-17 13:32:00,4387.77,4388.91,4386.09,4388.72,366,20,0,mt5bar
2026-08-17 13:33:00,4388.72,4389.98,4388.10,4388.20,326,20,0,mt5bar
2026-08-17 13:34:00,4388.25,4390.30,4388.13,4388.78,322,20,0,mt5bar
2026-08-17 13:35:00,4388.83,4389.35,4386.73,4386.77,380,20,0,mt5bar
2026-08-17 13:36:00,4386.80,4389.29,4386.19,4388.36,333,20,0,mt5bar
2026-08-17 13:37:00,4388.37,4390.19,4388.37,4390.11,332,20,0,mt5bar
2026-08-17 13:38:00,4390.06,4391.89,4389.66,4391.36,326,20,0,mt5bar
2026-08-17 13:39:00,4391.39,4391.71,4387.91,4388.53,335,20,0,mt5bar
2026-08-17 13:40:00,4388.55,4389.43,4386.83,4387.09,385,20,0,mt5bar
2026-08-17 13:41:00,4387.06,4387.81,4385.03,4387.52,372,20,0,mt5bar
2026-08-17 13:42:00,4387.55,4388.72,4386.16,4387.11,303,21,0,mt5bar
2026-08-17 13:43:00,4387.15,4387.60,4385.77,4386.93,317,20,0,mt5bar
2026-08-17 13:44:00,4386.65,4386.85,4384.94,4385.78,296,20,0,mt5bar
2026-08-17 13:45:00,4385.69,4387.38,4384.79,4386.71,377,20,0,mt5bar
2026-08-17 13:46:00,4386.69,4389.61,4385.19,4388.62,421,22,0,mt5bar
2026-08-17 13:47:00,4388.59,4389.63,4386.66,4387.75,366,20,0,mt5bar
2026-08-17 13:48:00,4387.77,4392.44,4387.77,4392.05,342,20,0,mt5bar
2026-08-17 13:49:00,4392.10,4395.56,4392.10,4395.11,353,20,0,mt5bar
2026-08-17 13:50:00,4395.10,4398.15,4394.62,4396.82,374,20,0,mt5bar
2026-08-17 13:51:00,4396.83,4401.78,4396.72,4401.52,389,20,0,mt5bar
2026-08-17 13:52:00,4401.54,4404.39,4401.54,4403.03,445,20,0,mt5bar
2026-08-17 13:53:00,4402.95,4407.54,4402.95,4405.70,456,20,0,mt5bar
2026-08-17 13:54:00,4405.30,4405.74,4401.29,4401.62,397,20,0,mt5bar
2026-08-17 13:55:00,4401.59,4407.41,4401.53,4405.57,446,20,0,mt5bar
2026-08-17 13:56:00,4405.64,4408.70,4405.64,4408.54,452,20,0,mt5bar
2026-08-17 13:57:00,4408.56,4416.09,4408.56,4409.75,484,20,0,mt5bar
2026-08-17 13:58:00,4409.76,4410.97,4407.67,4408.48,379,20,0,mt5bar
2026-08-17 13:59:00,4408.51,4409.77,4408.01,4408.79,345,22,0,mt5bar
2026-08-17 14:00:00,4408.93,4410.22,4404.39,4405.72,434,20,0,mt5bar
2026-08-17 14:01:00,4405.77,4408.41,4405.40,4406.39,419,20,0,mt5bar
2026-08-17 14:02:00,4406.36,4407.33,4405.28,4406.43,413,20,0,mt5bar
2026-08-17 14:03:00,4406.60,4408.61,4405.52,4408.02,361,23,0,mt5bar
2026-08-17 14:04:00,4408.03,4408.36,4406.41,4408.01,393,24,0,mt5bar
2026-08-17 14:05:00,4407.97,4408.48,4405.26,4406.71,392,20,0,mt5bar
2026-08-17 14:06:00,4406.79,4408.15,4405.73,4406.12,346,20,0,mt5bar
2026-08-17 14:07:00,4406.16,4407.94,4405.15,4405.84,361,20,0,mt5bar
2026-08-17 14:08:00,4405.85,4406.53,4405.26,4405.73,280,20,0,mt5bar
2026-08-17 14:09:00,4405.77,4406.00,4404.85,4405.18,307,21,0,mt5bar
2026-08-17 14:10:00,4405.17,4405.56,4403.88,4405.08,244,21,0,mt5bar
2026-08-17 14:11:00,4405.05,4405.61,4403.75,4403.91,240,21,0,mt5bar
2026-08-17 14:12:00,4403.97,4407.46,4403.97,4407.35,239,20,0,mt5bar
2026-08-17 14:13:00,4407.48,4411.78,4407.31,4409.93,349,20,0,mt5bar
2026-08-17 14:14:00,4409.97,4412.88,4409.31,4412.49,341,21,0,mt5bar
2026-08-17 14:15:00,4412.41,4414.36,4411.97,4413.78,403,21,0,mt5bar
2026-08-17 14:16:00,4413.77,4416.98,4411.77,4413.31,443,20,0,mt5bar
2026-08-17 14:17:00,4413.36,4417.73,4413.33,4416.31,404,20,0,mt5bar
2026-08-17 14:18:00,4416.32,4418.67,4415.58,4417.08,469,20,0,mt5bar
2026-08-17 14:19:00,4417.04,4420.90,4416.82,4418.42,411,20,0,mt5bar
2026-08-17 14:20:00,4418.50,4420.23,4417.31,4418.23,416,20,0,mt5bar
2026-08-17 14:21:00,4418.16,4421.57,4417.93,4419.90,375,20,0,mt5bar
2026-08-17 14:22:00,4419.93,4422.60,4418.72,4421.97,415,20,0,mt5bar
2026-08-17 14:23:00,4422.21,4426.54,4421.20,4425.66,410,20,0,mt5bar
2026-08-17 14:24:00,4425.46,4427.67,4424.08,4424.08,493,21,0,mt5bar
2026-08-17 14:25:00,4424.08,4426.48,4423.48,4423.54,440,20,0,mt5bar
2026-08-17 14:26:00,4423.51,4423.68,4421.15,4421.42,368,20,0,mt5bar
2026-08-17 14:27:00,4421.46,4422.06,4417.92,4418.47,403,20,0,mt5bar
2026-08-17 14:28:00,4418.49,4419.21,4415.85,4416.04,330,21,0,mt5bar
2026-08-17 14:29:00,4415.92,4418.43,4415.85,4418.18,343,20,0,mt5bar
2026-08-17 14:30:00,4418.32,4421.30,4418.07,4420.09,379,20,0,mt5bar
2026-08-17 14:31:00,4420.10,4420.23,4418.47,4419.68,291,21,0,mt5bar
2026-08-17 14:32:00,4419.71,4423.94,4419.71,4423.94,246,20,0,mt5bar
2026-08-17 14:33:00,4424.12,4424.59,4423.36,4423.92,358,20,0,mt5bar
2026-08-17 14:34:00,4423.99,4424.43,4422.14,4422.21,339,20,0,mt5bar
2026-08-17 14:35:00,4422.23,4423.54,4421.68,4421.72,335,21,0,mt5bar
2026-08-17 14:36:00,4421.73,4422.61,4420.34,4421.46,362,20,0,mt5bar
2026-08-17 14:37:00,4421.44,4421.80,4418.46,4419.80,334,20,0,mt5bar
2026-08-17 14:38:00,4419.66,4419.74,4416.63,4417.17,274,20,0,mt5bar
2026-08-17 14:39:00,4417.07,4418.02,4416.51,4417.66,280,21,0,mt5bar
2026-08-17 14:40:00,4417.68,4420.75,4417.65,4419.41,370,20,0,mt5bar
2026-08-17 14:41:00,4419.44,4421.65,4418.85,4419.05,302,21,0,mt5bar
2026-08-17 14:42:00,4419.07,4420.10,4419.07,4419.79,254,22,0,mt5bar
2026-08-17 14:43:00,4419.82,4421.28,4418.50,4418.50,279,20,0,mt5bar
2026-08-17 14:44:00,4418.52,4419.46,4417.34,4417.47,324,21,0,mt5bar
2026-08-17 14:45:00,4417.54,4417.84,4416.65,4416.67,305,20,0,mt5bar
2026-08-17 14:46:00,4416.67,4416.99,4413.94,4414.88,276,20,0,mt5bar
2026-08-17 14:47:00,4414.87,4415.96,4414.19,4415.90,240,20,0,mt5bar
2026-08-17 14:48:00,4415.93,4419.50,4415.43,4418.60,307,20,0,mt5bar
2026-08-17 14:49:00,4418.64,4419.14,4417.17,4417.23,242,20,0,mt5bar
2026-08-17 14:50:00,4417.32,4420.94,4417.18,4420.46,284,20,0,mt5bar
2026-08-17 14:51:00,4420.50,4420.77,4418.64,4419.39,304,20,0,mt5bar
2026-08-17 14:52:00,4419.43,4419.82,4418.61,4419.10,289,21,0,mt5bar
2026-08-17 14:53:00,4419.14,4419.75,4417.04,4417.71,323,20,0,mt5bar
2026-08-17 14:54:00,4417.71,4417.71,4415.78,4416.25,306,20,0,mt5bar
2026-08-17 14:55:00,4416.30,4418.16,4416.30,4417.59,286,21,0,mt5bar
2026-08-17 14:56:00,4417.60,4417.72,4414.53,4414.76,291,20,0,mt5bar
2026-08-17 14:57:00,4414.79,4415.94,4414.69,4415.28,367,21,0,mt5bar
2026-08-17 14:58:00,4415.26,4415.70,4414.82,4415.26,294,20,0,mt5bar
2026-08-17 14:59:00,4415.23,4417.20,4415.21,4417.20,291,20,0,mt5bar
2026-08-17 15:00:00,4417.22,4418.09,4416.29,4416.30,344,20,0,mt5bar
2026-08-17 15:01:00,4416.55,4417.16,4415.04,4416.76,267,20,0,mt5bar
2026-08-17 15:02:00,4416.80,4418.70,4415.98,4418.54,298,20,0,mt5bar
2026-08-17 15:03:00,4418.49,4418.49,4416.25,4417.16,216,20,0,mt5bar
2026-08-17 15:04:00,4417.08,4419.09,4416.66,4418.52,243,20,0,mt5bar
2026-08-17 15:05:00,4418.50,4419.71,4417.86,4418.67,297,20,0,mt5bar
2026-08-17 15:06:00,4418.73,4419.79,4418.37,4418.72,256,20,0,mt5bar
2026-08-17 15:07:00,4418.80,4419.29,4417.25,4418.27,266,20,0,mt5bar
2026-08-17 15:08:00,4418.23,4418.23,4416.49,4417.77,235,20,0,mt5bar
2026-08-17 15:09:00,4417.73,4418.14,4415.99,4416.95,178,20,0,mt5bar
2026-08-17 15:10:00,4416.76,4419.65,4415.95,4419.58,222,20,0,mt5bar
2026-08-17 15:11:00,4419.59,4420.81,4419.22,4420.81,223,20,0,mt5bar
2026-08-17 15:12:00,4420.83,4422.31,4420.51,4421.58,263,20,0,mt5bar
2026-08-17 15:13:00,4421.55,4421.55,4420.65,4421.01,153,20,0,mt5bar
2026-08-17 15:14:00,4420.96,4421.37,4420.44,4421.27,195,20,0,mt5bar
2026-08-17 15:15:00,4421.18,4421.97,4420.34,4421.97,252,20,0,mt5bar
2026-08-17 15:16:00,4421.97,4422.55,4421.06,4422.35,239,20,0,mt5bar
2026-08-17 15:17:00,4422.32,4423.15,4420.65,4420.65,229,20,0,mt5bar
2026-08-17 15:18:00,4420.52,4422.03,4419.42,4421.95,251,20,0,mt5bar
2026-08-17 15:19:00,4421.91,4422.61,4421.53,4422.08,192,20,0,mt5bar
2026-08-17 15:20:00,4422.07,4423.50,4422.04,4422.79,239,20,0,mt5bar
2026-08-17 15:21:00,4422.80,4423.76,4421.78,4422.85,300,20,0,mt5bar
2026-08-17 15:22:00,4422.80,4423.49,4421.37,4423.49,266,20,0,mt5bar
2026-08-17 15:23:00,4423.45,4423.68,4421.88,4423.55,253,21,0,mt5bar
2026-08-17 15:24:00,4423.52,4423.69,4422.71,4423.17,181,21,0,mt5bar
2026-08-17 15:25:00,4423.28,4424.03,4421.26,4421.37,281,20,0,mt5bar
2026-08-17 15:26:00,4421.41,4423.51,4420.87,4422.47,290,20,0,mt5bar
2026-08-17 15:27:00,4422.45,4424.06,4422.31,4423.86,274,20,0,mt5bar
2026-08-17 15:28:00,4423.85,4425.80,4423.80,4425.60,292,20,0,mt5bar
2026-08-17 15:29:00,4425.51,4425.92,4424.85,4425.50,311,21,0,mt5bar
2026-08-17 15:30:00,4425.49,4426.41,4425.00,4425.06,357,20,0,mt5bar
2026-08-17 15:31:00,4425.15,4425.15,4422.67,4423.10,246,20,0,mt5bar
2026-08-17 15:32:00,4423.06,4423.42,4421.20,4423.36,216,20,0,mt5bar
2026-08-17 15:33:00,4423.36,4423.53,4422.36,4422.48,194,20,0,mt5bar
2026-08-17 15:34:00,4422.56,4423.30,4422.51,4422.77,192,20,0,mt5bar
2026-08-17 15:35:00,4422.75,4423.11,4421.53,4422.25,242,20,0,mt5bar
2026-08-17 15:36:00,4422.30,4422.54,4420.16,4421.77,234,20,0,mt5bar
2026-08-17 15:37:00,4421.65,4423.33,4420.85,4423.33,192,20,0,mt5bar
2026-08-17 15:38:00,4423.57,4423.83,4422.01,4422.64,202,21,0,mt5bar
2026-08-17 15:39:00,4422.71,4423.19,4421.94,4421.94,210,20,0,mt5bar
2026-08-17 15:40:00,4421.85,4423.40,4421.66,4421.96,273,20,0,mt5bar
2026-08-17 15:41:00,4421.97,4422.17,4420.54,4420.72,283,20,0,mt5bar
2026-08-17 15:42:00,4420.64,4421.09,4420.27,4420.30,171,20,0,mt5bar
2026-08-17 15:43:00,4420.44,4421.92,4420.31,4421.75,230,20,0,mt5bar
2026-08-17 15:44:00,4421.78,4422.02,4418.84,4419.23,255,20,0,mt5bar
2026-08-17 15:45:00,4419.21,4419.31,4417.66,4418.52,239,20,0,mt5bar
2026-08-17 15:46:00,4418.53,4420.66,4418.45,4420.19,202,20,0,mt5bar
2026-08-17 15:47:00,4420.23,4421.84,4419.77,4421.44,131,20,0,mt5bar
2026-08-17 15:48:00,4421.41,4424.26,4421.38,4424.03,172,20,0,mt5bar
2026-08-17 15:49:00,4424.02,4424.16,4422.90,4423.80,212,20,0,mt5bar
2026-08-17 15:50:00,4423.80,4424.15,4423.10,4424.10,197,21,0,mt5bar
2026-08-17 15:51:00,4424.12,4424.40,4423.18,4423.87,141,21,0,mt5bar
2026-08-17 15:52:00,4423.85,4424.53,4423.56,4424.35,163,20,0,mt5bar
2026-08-17 15:53:00,4424.38,4425.71,4423.57,4425.37,183,20,0,mt5bar
2026-08-17 15:54:00,4425.40,4426.75,4425.26,4426.38,227,20,0,mt5bar
2026-08-17 15:55:00,4426.39,4427.89,4426.31,4427.67,220,21,0,mt5bar
2026-08-17 15:56:00,4427.62,4427.82,4426.45,4427.57,216,20,0,mt5bar
2026-08-17 15:57:00,4427.61,4427.76,4426.20,4426.36,196,20,0,mt5bar
2026-08-17 15:58:00,4426.40,4427.55,4426.25,4427.00,171,20,0,mt5bar
2026-08-17 15:59:00,4426.98,4427.57,4425.83,4427.55,182,20,0,mt5bar
2026-08-17 16:00:00,4427.68,4427.75,4426.43,4426.51,205,20,0,mt5bar
2026-08-17 16:01:00,4426.53,4428.11,4425.29,4425.58,280,20,0,mt5bar
2026-08-17 16:02:00,4425.59,4425.93,4424.79,4425.02,210,20,0,mt5bar
2026-08-17 16:03:00,4425.08,4425.59,4424.01,4425.25,192,20,0,mt5bar
2026-08-17 16:04:00,4425.26,4426.18,4424.79,4425.46,190,20,0,mt5bar
2026-08-17 16:05:00,4425.48,4425.54,4424.81,4425.14,193,20,0,mt5bar
2026-08-17 16:06:00,4425.16,4425.90,4424.29,4424.41,212,20,0,mt5bar
2026-08-17 16:07:00,4424.41,4426.48,4424.30,4426.01,162,20,0,mt5bar
2026-08-17 16:08:00,4426.02,4428.10,4425.78,4427.13,189,21,0,mt5bar
2026-08-17 16:09:00,4427.13,4428.38,4426.59,4427.45,199,20,0,mt5bar
2026-08-17 16:10:00,4427.46,4428.90,4426.65,4427.45,214,20,0,mt5bar
2026-08-17 16:11:00,4427.41,4427.58,4426.74,4427.11,149,20,0,mt5bar
2026-08-17 16:12:00,4427.14,4427.14,4426.03,4426.30,130,20,0,mt5bar
2026-08-17 16:13:00,4426.24,4426.98,4426.18,4426.49,166,20,0,mt5bar
2026-08-17 16:14:00,4426.50,4427.04,4425.64,4425.95,158,20,0,mt5bar
2026-08-17 16:15:00,4425.97,4427.25,4425.84,4427.20,187,21,0,mt5bar
2026-08-17 16:16:00,4427.21,4427.40,4426.51,4426.53,250,20,0,mt5bar
2026-08-17 16:17:00,4426.53,4426.86,4425.65,4426.01,162,20,0,mt5bar
2026-08-17 16:18:00,4425.97,4426.20,4425.40,4425.55,167,20,0,mt5bar
2026-08-17 16:19:00,4425.56,4426.15,4425.24,4425.71,178,20,0,mt5bar
2026-08-17 16:20:00,4425.79,4426.45,4424.83,4425.94,210,20,0,mt5bar
2026-08-17 16:21:00,4425.95,4427.54,4425.83,4427.03,196,20,0,mt5bar
2026-08-17 16:22:00,4427.03,4427.61,4426.77,4426.78,140,21,0,mt5bar
2026-08-17 16:23:00,4426.76,4426.89,4424.99,4425.45,196,20,0,mt5bar
2026-08-17 16:24:00,4425.49,4425.57,4424.85,4425.08,182,20,0,mt5bar
2026-08-17 16:25:00,4425.10,4425.21,4424.21,4424.22,163,20,0,mt5bar
2026-08-17 16:26:00,4424.16,4424.58,4423.59,4424.15,145,20,0,mt5bar
2026-08-17 16:27:00,4424.47,4424.50,4422.88,4423.47,155,20,0,mt5bar
2026-08-17 16:28:00,4423.48,4423.89,4423.27,4423.46,123,20,0,mt5bar
2026-08-17 16:29:00,4423.45,4424.87,4423.44,4424.82,163,20,0,mt5bar
2026-08-17 16:30:00,4424.95,4425.08,4423.76,4424.65,208,20,0,mt5bar
2026-08-17 16:31:00,4424.57,4425.28,4424.47,4424.49,145,20,0,mt5bar
2026-08-17 16:32:00,4424.44,4424.60,4422.78,4422.78,97,20,0,mt5bar
2026-08-17 16:33:00,4422.77,4423.85,4422.77,4423.65,143,20,0,mt5bar
2026-08-17 16:34:00,4423.83,4424.42,4423.77,4423.95,96,20,0,mt5bar
2026-08-17 16:35:00,4424.07,4424.28,4423.36,4424.27,144,20,0,mt5bar
2026-08-17 16:36:00,4424.35,4425.51,4424.32,4425.48,128,21,0,mt5bar
2026-08-17 16:37:00,4425.52,4426.37,4425.23,4426.37,158,21,0,mt5bar
2026-08-17 16:38:00,4426.40,4427.01,4425.66,4426.25,147,21,0,mt5bar
2026-08-17 16:39:00,4426.31,4426.70,4426.22,4426.58,104,20,0,mt5bar
2026-08-17 16:40:00,4426.54,4426.81,4425.59,4426.44,118,21,0,mt5bar
2026-08-17 16:41:00,4426.45,4426.74,4425.51,4425.56,109,20,0,mt5bar
2026-08-17 16:42:00,4425.57,4425.82,4425.04,4425.70,147,20,0,mt5bar
2026-08-17 16:43:00,4425.73,4426.36,4425.59,4425.81,98,21,0,mt5bar
2026-08-17 16:44:00,4425.79,4425.89,4424.41,4424.62,137,20,0,mt5bar
2026-08-17 16:45:00,4424.66,4424.95,4423.25,4423.57,137,21,0,mt5bar
2026-08-17 16:46:00,4423.47,4424.00,4423.44,4423.78,139,21,0,mt5bar
2026-08-17 16:47:00,4423.78,4423.95,4423.40,4423.48,100,21,0,mt5bar
2026-08-17 16:48:00,4423.45,4424.45,4422.59,4422.72,144,21,0,mt5bar
2026-08-17 16:49:00,4422.75,4424.46,4422.74,4424.33,174,20,0,mt5bar
2026-08-17 16:50:00,4424.13,4425.45,4423.88,4425.00,126,21,0,mt5bar
2026-08-17 16:51:00,4425.05,4425.56,4424.26,4424.45,105,20,0,mt5bar
2026-08-17 16:52:00,4424.52,4424.59,4423.05,4423.07,164,21,0,mt5bar
2026-08-17 16:53:00,4423.03,4423.52,4422.81,4423.32,107,21,0,mt5bar
2026-08-17 16:54:00,4423.38,4423.50,4422.75,4423.25,147,21,0,mt5bar
2026-08-17 16:55:00,4423.28,4425.45,4423.28,4424.89,155,21,0,mt5bar
2026-08-17 16:56:00,4424.97,4425.03,4424.59,4424.85,122,20,0,mt5bar
2026-08-17 16:57:00,4424.81,4425.29,4424.34,4424.56,125,21,0,mt5bar
2026-08-17 16:58:00,4424.57,4425.19,4424.52,4424.85,120,21,0,mt5bar
2026-08-17 16:59:00,4424.86,4424.91,4423.76,4424.13,107,20,0,mt5bar
2026-08-17 17:00:00,4424.16,4424.49,4423.58,4423.86,174,20,0,mt5bar
2026-08-17 17:01:00,4423.81,4425.40,4423.81,4425.21,139,20,0,mt5bar
2026-08-17 17:02:00,4425.22,4426.06,4424.87,4425.91,111,20,0,mt5bar
2026-08-17 17:03:00,4425.70,4426.08,4424.86,4424.91,150,20,0,mt5bar
2026-08-17 17:04:00,4424.89,4425.97,4424.30,4424.54,135,20,0,mt5bar
2026-08-17 17:05:00,4424.57,4424.83,4422.64,4422.64,234,20,0,mt5bar
2026-08-17 17:06:00,4422.60,4422.97,4421.82,4421.86,179,20,0,mt5bar
2026-08-17 17:07:00,4421.88,4422.46,4421.38,4421.38,210,21,0,mt5bar
2026-08-17 17:08:00,4421.36,4421.96,4421.10,4421.50,173,20,0,mt5bar
2026-08-17 17:09:00,4421.49,4422.36,4421.49,4422.18,137,20,0,mt5bar
2026-08-17 17:10:00,4422.12,4423.03,4422.05,4422.81,153,20,0,mt5bar
2026-08-17 17:11:00,4422.84,4422.86,4421.99,4421.99,158,20,0,mt5bar
2026-08-17 17:12:00,4421.89,4422.40,4421.73,4422.23,128,20,0,mt5bar
2026-08-17 17:13:00,4422.25,4422.59,4421.84,4422.27,130,20,0,mt5bar
2026-08-17 17:14:00,4422.32,4423.42,4421.72,4422.88,165,20,0,mt5bar
2026-08-17 17:15:00,4422.88,4423.22,4421.54,4421.69,206,20,0,mt5bar
2026-08-17 17:16:00,4421.63,4421.65,4420.79,4420.97,168,20,0,mt5bar
2026-08-17 17:17:00,4420.97,4421.47,4420.59,4420.95,164,20,0,mt5bar
2026-08-17 17:18:00,4420.90,4421.80,4420.34,4421.60,233,21,0,mt5bar
2026-08-17 17:19:00,4421.58,4421.58,4418.88,4419.36,212,20,0,mt5bar
2026-08-17 17:20:00,4419.34,4419.83,4418.64,4419.20,212,20,0,mt5bar
2026-08-17 17:21:00,4419.20,4420.32,4419.12,4419.18,224,20,0,mt5bar
2026-08-17 17:22:00,4419.24,4419.74,4418.70,4419.09,205,20,0,mt5bar
2026-08-17 17:23:00,4419.12,4419.25,4416.70,4417.04,224,20,0,mt5bar
2026-08-17 17:24:00,4416.98,4416.98,4415.93,4416.70,299,20,0,mt5bar
2026-08-17 17:25:00,4416.71,4417.45,4416.51,4416.93,233,20,0,mt5bar
2026-08-17 17:26:00,4416.94,4417.32,4413.89,4415.03,237,20,0,mt5bar
2026-08-17 17:27:00,4415.07,4415.07,4413.45,4413.99,201,20,0,mt5bar
2026-08-17 17:28:00,4413.74,4415.00,4413.73,4414.61,269,20,0,mt5bar
2026-08-17 17:29:00,4414.57,4417.32,4414.57,4416.51,373,20,0,mt5bar
2026-08-17 17:30:00,4416.67,4417.28,4415.45,4415.60,302,20,0,mt5bar
2026-08-17 17:31:00,4415.62,4415.62,4413.91,4414.42,241,20,0,mt5bar
2026-08-17 17:32:00,4414.45,4418.58,4414.05,4417.88,253,20,0,mt5bar
2026-08-17 17:33:00,4417.92,4418.17,4416.48,4417.41,213,20,0,mt5bar
2026-08-17 17:34:00,4417.39,4417.84,4417.19,4417.23,159,21,0,mt5bar
2026-08-17 17:35:00,4417.26,4417.51,4415.28,4415.81,231,20,0,mt5bar
2026-08-17 17:36:00,4415.82,4416.74,4415.32,4416.16,184,20,0,mt5bar
2026-08-17 17:37:00,4416.18,4416.20,4415.11,4415.52,156,20,0,mt5bar
2026-08-17 17:38:00,4415.49,4415.60,4414.25,4414.71,177,21,0,mt5bar
2026-08-17 17:39:00,4414.68,4414.68,4411.73,4411.85,285,21,0,mt5bar
2026-08-17 17:40:00,4411.90,4412.44,4411.17,4412.26,202,20,0,mt5bar
2026-08-17 17:41:00,4412.29,4413.56,4412.24,4412.98,189,22,0,mt5bar
2026-08-17 17:42:00,4412.97,4415.50,4412.92,4415.03,171,20,0,mt5bar
2026-08-17 17:43:00,4415.03,4415.71,4414.90,4415.29,148,21,0,mt5bar
2026-08-17 17:44:00,4415.34,4417.46,4415.33,4417.42,190,23,0,mt5bar
2026-08-17 17:45:00,4417.45,4419.14,4417.17,4418.90,228,20,0,mt5bar
2026-08-17 17:46:00,4418.93,4420.37,4417.91,4418.25,195,20,0,mt5bar
2026-08-17 17:47:00,4418.21,4418.98,4417.95,4418.38,126,20,0,mt5bar
2026-08-17 17:48:00,4418.42,4419.27,4418.27,4418.27,124,20,0,mt5bar
2026-08-17 17:49:00,4418.31,4419.12,4418.28,4419.12,112,23,0,mt5bar
2026-08-17 17:50:00,4419.04,4420.52,4418.98,4419.95,144,22,0,mt5bar
2026-08-17 17:51:00,4419.95,4420.30,4418.19,4418.36,140,21,0,mt5bar
2026-08-17 17:52:00,4418.30,4418.57,4417.87,4418.08,104,21,0,mt5bar
2026-08-17 17:53:00,4418.07,4418.39,4417.88,4417.95,120,20,0,mt5bar
2026-08-17 17:54:00,4417.95,4418.78,4416.89,4417.18,147,20,0,mt5bar
2026-08-17 17:55:00,4417.28,4418.05,4417.28,4417.68,118,21,0,mt5bar
2026-08-17 17:56:00,4417.66,4417.66,4415.33,4415.38,192,20,0,mt5bar
2026-08-17 17:57:00,4415.34,4415.34,4413.91,4414.23,196,20,0,mt5bar
2026-08-17 17:58:00,4414.24,4414.58,4413.87,4414.09,133,20,0,mt5bar
2026-08-17 17:59:00,4414.01,4414.01,4413.22,4413.65,123,20,0,mt5bar
2026-08-17 18:00:00,4413.79,4414.50,4413.25,4413.60,205,20,0,mt5bar
2026-08-17 18:01:00,4413.53,4414.09,4413.10,4413.76,193,20,0,mt5bar
2026-08-17 18:02:00,4413.78,4414.16,4412.24,4412.47,210,20,0,mt5bar
2026-08-17 18:03:00,4412.49,4412.49,4410.88,4411.66,206,20,0,mt5bar
2026-08-17 18:04:00,4411.63,4412.06,4410.81,4411.21,171,20,0,mt5bar
2026-08-17 18:05:00,4411.23,4411.31,4410.28,4411.25,142,20,0,mt5bar
2026-08-17 18:06:00,4411.41,4412.80,4411.41,4412.43,227,20,0,mt5bar
2026-08-17 18:07:00,4412.43,4412.83,4411.08,4412.76,233,21,0,mt5bar
2026-08-17 18:08:00,4412.77,4413.05,4411.83,4411.96,211,22,0,mt5bar
2026-08-17 18:09:00,4411.93,4412.06,4411.25,4411.70,200,23,0,mt5bar
2026-08-17 18:10:00,4411.69,4411.69,4410.20,4410.78,215,21,0,mt5bar
2026-08-17 18:11:00,4410.78,4410.89,4410.19,4410.76,177,21,0,mt5bar
2026-08-17 18:12:00,4410.77,4412.02,4410.76,4411.95,191,20,0,mt5bar
2026-08-17 18:13:00,4411.92,4412.17,4410.96,4411.44,189,23,0,mt5bar
2026-08-17 18:14:00,4411.49,4413.90,4411.49,4413.83,195,21,0,mt5bar
2026-08-17 18:15:00,4413.84,4415.39,4413.54,4413.84,258,20,0,mt5bar
2026-08-17 18:16:00,4413.85,4414.75,4413.57,4414.75,151,23,0,mt5bar
2026-08-17 18:17:00,4414.70,4415.27,4413.97,4415.21,142,20,0,mt5bar
2026-08-17 18:18:00,4415.18,4416.15,4414.90,4415.72,158,20,0,mt5bar
2026-08-17 18:19:00,4415.68,4415.86,4414.98,4415.08,154,20,0,mt5bar
2026-08-17 18:20:00,4415.05,4415.06,4413.07,4413.16,162,21,0,mt5bar
2026-08-17 18:21:00,4413.15,4413.34,4412.79,4412.88,130,21,0,mt5bar
2026-08-17 18:22:00,4412.86,4414.07,4412.32,4413.86,155,22,0,mt5bar
2026-08-17 18:23:00,4413.94,4415.38,4413.69,4413.69,220,21,0,mt5bar
2026-08-17 18:24:00,4413.34,4413.34,4408.88,4409.18,264,21,0,mt5bar
2026-08-17 18:25:00,4409.10,4409.22,4407.22,4408.24,239,20,0,mt5bar
2026-08-17 18:26:00,4408.26,4409.73,4408.26,4409.56,193,21,0,mt5bar
2026-08-17 18:27:00,4409.51,4409.69,4407.62,4408.06,229,20,0,mt5bar
2026-08-17 18:28:00,4408.04,4408.33,4405.27,4406.39,330,20,0,mt5bar
2026-08-17 18:29:00,4406.41,4406.79,4404.74,4406.10,303,20,0,mt5bar
2026-08-17 18:30:00,4406.17,4406.74,4404.21,4404.86,273,20,0,mt5bar
2026-08-17 18:31:00,4404.92,4404.92,4401.47,4401.66,287,20,0,mt5bar
2026-08-17 18:32:00,4401.69,4404.04,4401.02,4403.82,344,20,0,mt5bar
2026-08-17 18:33:00,4403.82,4403.97,4399.00,4399.41,309,20,0,mt5bar
2026-08-17 18:34:00,4399.41,4401.16,4397.92,4399.89,294,20,0,mt5bar
2026-08-17 18:35:00,4399.84,4402.11,4399.81,4401.69,191,20,0,mt5bar
2026-08-17 18:36:00,4401.67,4401.67,4399.39,4399.44,179,20,0,mt5bar
2026-08-17 18:37:00,4399.25,4401.30,4399.14,4401.17,226,20,0,mt5bar
2026-08-17 18:38:00,4401.16,4402.35,4400.57,4400.96,182,20,0,mt5bar
2026-08-17 18:39:00,4400.93,4402.13,4400.87,4402.09,178,20,0,mt5bar
2026-08-17 18:40:00,4402.00,4402.85,4401.55,4402.76,151,20,0,mt5bar
2026-08-17 18:41:00,4402.71,4403.46,4402.58,4402.63,214,20,0,mt5bar
2026-08-17 18:42:00,4402.58,4403.78,4401.91,4403.62,172,20,0,mt5bar
2026-08-17 18:43:00,4403.56,4404.69,4403.43,4403.43,164,20,0,mt5bar
2026-08-17 18:44:00,4403.43,4403.51,4401.23,4401.23,173,20,0,mt5bar
2026-08-17 18:45:00,4401.23,4401.96,4400.07,4400.38,188,20,0,mt5bar
2026-08-17 18:46:00,4400.34,4402.56,4400.34,4402.51,141,20,0,mt5bar
2026-08-17 18:47:00,4402.48,4403.29,4401.89,4402.52,123,20,0,mt5bar
2026-08-17 18:48:00,4402.53,4405.16,4402.22,4405.13,178,20,0,mt5bar
2026-08-17 18:49:00,4405.13,4406.07,4404.94,4405.75,137,20,0,mt5bar
2026-08-17 18:50:00,4405.75,4406.68,4405.17,4405.24,149,20,0,mt5bar
2026-08-17 18:51:00,4405.21,4406.89,4405.00,4406.86,179,20,0,mt5bar
2026-08-17 18:52:00,4406.89,4407.25,4406.81,4407.05,157,20,0,mt5bar
2026-08-17 18:53:00,4407.00,4407.42,4406.28,4406.79,201,20,0,mt5bar
2026-08-17 18:54:00,4406.80,4407.13,4406.03,4406.40,198,20,0,mt5bar
2026-08-17 18:55:00,4406.44,4406.68,4406.29,4406.49,87,20,0,mt5bar
2026-08-17 18:56:00,4406.68,4406.94,4406.19,4406.29,187,20,0,mt5bar
2026-08-17 18:57:00,4406.28,4406.58,4405.72,4406.21,113,20,0,mt5bar
2026-08-17 18:58:00,4406.20,4406.32,4405.98,4406.29,95,20,0,mt5bar
2026-08-17 18:59:00,4406.28,4406.76,4406.20,4406.57,133,20,0,mt5bar
2026-08-17 19:00:00,4406.51,4407.08,4403.75,4404.96,232,20,0,mt5bar
2026-08-17 19:01:00,4404.92,4405.62,4404.37,4404.40,118,20,0,mt5bar
2026-08-17 19:02:00,4404.38,4405.23,4402.00,4403.48,183,20,0,mt5bar
2026-08-17 19:03:00,4403.46,4404.32,4403.36,4403.91,97,20,0,mt5bar
2026-08-17 19:04:00,4404.00,4404.31,4402.95,4402.95,151,20,0,mt5bar
2026-08-17 19:05:00,4402.91,4403.33,4400.44,4400.52,141,20,0,mt5bar
2026-08-17 19:06:00,4400.53,4401.25,4400.12,4400.96,212,20,0,mt5bar
2026-08-17 19:07:00,4400.96,4401.83,4400.46,4401.78,152,20,0,mt5bar
2026-08-17 19:08:00,4401.82,4403.11,4401.73,4402.70,199,20,0,mt5bar
2026-08-17 19:09:00,4402.70,4403.62,4402.11,4403.60,152,20,0,mt5bar
2026-08-17 19:10:00,4403.62,4405.02,4403.62,4405.02,161,20,0,mt5bar
2026-08-17 19:11:00,4404.99,4405.41,4404.20,4405.41,95,20,0,mt5bar
2026-08-17 19:12:00,4405.42,4405.98,4405.21,4405.28,103,20,0,mt5bar
2026-08-17 19:13:00,4405.28,4406.35,4405.03,4406.33,130,20,0,mt5bar
2026-08-17 19:14:00,4406.34,4408.48,4406.34,4408.42,308,20,0,mt5bar
2026-08-17 19:15:00,4408.55,4411.64,4408.55,4411.64,297,20,0,mt5bar
2026-08-17 19:16:00,4411.49,4413.84,4410.88,4413.26,275,20,0,mt5bar
2026-08-17 19:17:00,4413.13,4414.67,4412.61,4413.92,271,20,0,mt5bar
2026-08-17 19:18:00,4413.91,4415.80,4413.72,4415.64,207,20,0,mt5bar
2026-08-17 19:19:00,4415.61,4416.14,4414.94,4415.04,212,20,0,mt5bar
2026-08-17 19:20:00,4414.95,4416.32,4414.88,4415.21,297,20,0,mt5bar
2026-08-17 19:21:00,4415.22,4415.66,4414.84,4415.51,156,20,0,mt5bar
2026-08-17 19:22:00,4415.40,4415.62,4414.92,4415.55,163,20,0,mt5bar
2026-08-17 19:23:00,4415.65,4416.70,4415.57,4416.08,152,20,0,mt5bar
2026-08-17 19:24:00,4416.05,4416.65,4415.69,4415.97,124,20,0,mt5bar
2026-08-17 19:25:00,4415.77,4417.28,4415.69,4417.21,154,20,0,mt5bar
2026-08-17 19:26:00,4417.22,4417.26,4416.23,4416.27,110,20,0,mt5bar
2026-08-17 19:27:00,4416.24,4416.67,4415.51,4415.83,114,20,0,mt5bar
2026-08-17 19:28:00,4415.85,4416.23,4415.04,4415.04,97,20,0,mt5bar
2026-08-17 19:29:00,4415.03,4415.03,4414.43,4414.43,75,20,0,mt5bar
2026-08-17 19:30:00,4414.45,4415.23,4414.11,4415.20,142,20,0,mt5bar
2026-08-17 19:31:00,4415.08,4416.53,4415.05,4415.50,124,20,0,mt5bar
2026-08-17 19:32:00,4415.44,4415.71,4415.04,4415.18,126,21,0,mt5bar
2026-08-17 19:33:00,4415.16,4415.40,4414.91,4415.23,88,21,0,mt5bar
2026-08-17 19:34:00,4415.24,4416.38,4415.20,4416.38,86,21,0,mt5bar
2026-08-17 19:35:00,4416.36,4417.16,4415.86,4416.25,136,20,0,mt5bar
2026-08-17 19:36:00,4416.27,4416.55,4414.91,4415.16,161,20,0,mt5bar
2026-08-17 19:37:00,4415.11,4416.33,4415.06,4416.08,151,20,0,mt5bar
2026-08-17 19:38:00,4416.11,4416.12,4415.42,4415.85,131,20,0,mt5bar
2026-08-17 19:39:00,4415.86,4416.39,4415.75,4416.36,153,20,0,mt5bar
2026-08-17 19:40:00,4416.40,4416.73,4415.93,4416.05,201,20,0,mt5bar
2026-08-17 19:41:00,4416.03,4416.45,4415.43,4416.33,178,20,0,mt5bar
2026-08-17 19:42:00,4416.35,4417.63,4416.27,4417.49,117,20,0,mt5bar
2026-08-17 19:43:00,4417.63,4418.86,4417.43,4418.62,154,20,0,mt5bar
2026-08-17 19:44:00,4418.61,4420.33,4418.56,4419.28,283,20,0,mt5bar
2026-08-17 19:45:00,4419.25,4419.32,4418.49,4419.19,156,20,0,mt5bar
2026-08-17 19:46:00,4419.22,4419.23,4418.42,4419.07,153,20,0,mt5bar
2026-08-17 19:47:00,4419.06,4419.59,4418.86,4419.53,215,20,0,mt5bar
2026-08-17 19:48:00,4419.51,4420.14,4419.23,4420.04,191,20,0,mt5bar
2026-08-17 19:49:00,4420.05,4420.88,4419.73,4420.02,175,20,0,mt5bar
2026-08-17 19:50:00,4420.01,4420.11,4416.41,4416.80,233,20,0,mt5bar
2026-08-17 19:51:00,4416.82,4418.08,4416.50,4417.99,186,20,0,mt5bar
2026-08-17 19:52:00,4417.98,4418.44,4417.17,4417.68,210,20,0,mt5bar
2026-08-17 19:53:00,4417.66,4418.26,4416.68,4418.18,207,20,0,mt5bar
2026-08-17 19:54:00,4418.26,4418.92,4417.89,4417.94,205,20,0,mt5bar
2026-08-17 19:55:00,4417.92,4418.33,4417.65,4417.95,256,20,0,mt5bar
2026-08-17 19:56:00,4417.94,4418.55,4417.49,4418.53,215,20,0,mt5bar
2026-08-17 19:57:00,4418.70,4419.19,4418.43,4418.92,220,20,0,mt5bar
2026-08-17 19:58:00,4418.95,4420.16,4418.94,4420.07,287,20,0,mt5bar
2026-08-17 19:59:00,4420.03,4420.75,4419.77,4419.77,279,20,0,mt5bar
2026-08-17 20:00:00,4419.70,4421.22,4418.54,4418.82,210,20,0,mt5bar
2026-08-17 20:01:00,4418.79,4419.23,4418.46,4419.12,123,20,0,mt5bar
2026-08-17 20:02:00,4419.24,4419.65,4419.16,4419.29,99,20,0,mt5bar
2026-08-17 20:03:00,4419.17,4419.17,4418.17,4418.82,78,20,0,mt5bar
2026-08-17 20:04:00,4418.80,4419.15,4418.77,4418.79,60,20,0,mt5bar
2026-08-17 20:05:00,4418.79,4418.79,4417.42,4417.42,80,21,0,mt5bar
2026-08-17 20:06:00,4417.48,4417.49,4416.65,4416.82,60,21,0,mt5bar
2026-08-17 20:07:00,4416.81,4417.82,4416.80,4417.82,38,21,0,mt5bar
2026-08-17 20:08:00,4417.87,4417.93,4417.14,4417.21,41,21,0,mt5bar
2026-08-17 20:09:00,4417.27,4417.56,4417.16,4417.19,76,20,0,mt5bar
2026-08-17 20:10:00,4417.29,4417.71,4416.86,4417.71,60,20,0,mt5bar
2026-08-17 20:11:00,4417.76,4417.80,4417.19,4417.20,56,20,0,mt5bar
2026-08-17 20:12:00,4417.11,4417.29,4416.77,4417.16,69,20,0,mt5bar
2026-08-17 20:13:00,4417.36,4417.75,4417.31,4417.70,33,20,0,mt5bar
2026-08-17 20:14:00,4417.75,4417.99,4417.54,4417.77,33,20,0,mt5bar
2026-08-17 20:15:00,4417.74,4418.00,4417.74,4417.93,38,20,0,mt5bar
2026-08-17 20:16:00,4417.93,4417.95,4417.75,4417.75,23,20,0,mt5bar
2026-08-17 20:17:00,4417.76,4417.91,4417.29,4417.86,64,20,0,mt5bar
2026-08-17 20:18:00,4417.88,4417.96,4417.46,4417.53,44,21,0,mt5bar
2026-08-17 20:19:00,4417.55,4417.86,4417.49,4417.86,33,22,0,mt5bar
2026-08-17 20:20:00,4417.94,4418.10,4417.51,4417.66,40,20,0,mt5bar
2026-08-17 20:21:00,4417.67,4417.85,4417.55,4417.77,41,20,0,mt5bar
2026-08-17 20:22:00,4417.77,4417.82,4417.46,4417.51,60,20,0,mt5bar
2026-08-17 20:23:00,4417.58,4417.60,4417.41,4417.45,31,20,0,mt5bar
2026-08-17 20:24:00,4417.25,4417.29,4417.02,4417.12,40,20,0,mt5bar
2026-08-17 20:25:00,4417.07,4417.20,4415.75,4415.75,66,20,0,mt5bar
2026-08-17 20:26:00,4415.65,4415.76,4415.35,4415.71,55,20,0,mt5bar
2026-08-17 20:27:00,4415.70,4415.70,4415.23,4415.32,52,20,0,mt5bar
2026-08-17 20:28:00,4415.31,4415.43,4415.10,4415.42,42,20,0,mt5bar
2026-08-17 20:29:00,4415.40,4415.40,4415.02,4415.15,31,20,0,mt5bar
2026-08-17 20:30:00,4415.14,4415.35,4414.99,4415.16,124,20,0,mt5bar
2026-08-17 20:31:00,4415.18,4415.26,4414.93,4414.99,28,20,0,mt5bar
2026-08-17 20:32:00,4415.03,4415.66,4414.96,4415.54,38,20,0,mt5bar
2026-08-17 20:33:00,4415.47,4415.61,4414.95,4415.06,58,21,0,mt5bar
2026-08-17 20:34:00,4415.11,4415.38,4414.96,4415.14,83,21,0,mt5bar
2026-08-17 20:35:00,4415.17,4415.42,4414.88,4414.97,38,20,0,mt5bar
2026-08-17 20:36:00,4414.97,4415.38,4414.79,4415.34,66,20,0,mt5bar
2026-08-17 20:37:00,4415.29,4415.29,4415.01,4415.13,80,20,0,mt5bar
2026-08-17 20:38:00,4415.09,4415.45,4414.98,4415.44,81,20,0,mt5bar
2026-08-17 20:39:00,4415.37,4415.37,4414.57,4415.14,78,20,0,mt5bar
2026-08-17 20:40:00,4415.15,4415.63,4415.08,4415.14,91,20,0,mt5bar
2026-08-17 20:41:00,4415.07,4415.53,4415.07,4415.21,95,20,0,mt5bar
2026-08-17 20:42:00,4415.22,4415.94,4415.07,4415.53,99,20,0,mt5bar
2026-08-17 20:43:00,4415.46,4415.54,4415.26,4415.26,56,20,0,mt5bar
2026-08-17 20:44:00,4415.28,4415.72,4415.23,4415.46,102,20,0,mt5bar
2026-08-17 20:45:00,4415.47,4415.91,4415.10,4415.64,141,20,0,mt5bar
2026-08-17 20:46:00,4415.60,4416.69,4415.59,4416.61,71,20,0,mt5bar
2026-08-17 20:47:00,4416.71,4416.71,4415.72,4415.78,95,20,0,mt5bar
2026-08-17 20:48:00,4415.77,4415.88,4415.61,4415.61,77,20,0,mt5bar
2026-08-17 20:49:00,4415.60,4416.03,4415.44,4415.69,63,20,0,mt5bar
2026-08-17 20:50:00,4415.68,4416.19,4415.58,4415.87,74,21,0,mt5bar
2026-08-17 20:51:00,4415.80,4415.92,4415.66,4415.73,49,21,0,mt5bar
2026-08-17 20:52:00,4415.70,4415.70,4415.32,4415.39,39,20,0,mt5bar
2026-08-17 20:53:00,4415.36,4415.51,4415.22,4415.23,60,20,0,mt5bar
2026-08-17 20:54:00,4415.36,4415.77,4415.25,4415.77,66,20,0,mt5bar
2026-08-17 20:55:00,4415.73,4416.39,4415.65,4416.19,73,20,0,mt5bar
2026-08-17 20:56:00,4416.21,4416.38,4415.76,4416.34,63,20,0,mt5bar
2026-08-17 20:57:00,4416.33,4416.54,4415.88,4416.33,102,23,0,mt5bar
2026-08-17 20:58:00,4416.35,4416.73,4416.01,4416.52,107,21,0,mt5bar
2026-08-17 22:00:00,4418.51,4419.04,4417.03,4418.17,158,29,0,mt5bar
2026-08-17 22:01:00,4418.07,4418.29,4415.61,4416.47,93,41,0,mt5bar
2026-08-17 22:02:00,4416.34,4416.72,4415.59,4415.91,57,41,0,mt5bar
2026-08-17 22:03:00,4416.06,4417.02,4416.00,4416.76,100,29,0,mt5bar
2026-08-17 22:04:00,4416.73,4417.03,4416.30,4416.30,59,41,0,mt5bar
2026-08-17 22:05:00,4416.28,4416.66,4416.10,4416.41,57,29,0,mt5bar
2026-08-17 22:06:00,4416.40,4416.41,4415.64,4415.84,45,29,0,mt5bar
2026-08-17 22:07:00,4416.02,4416.13,4414.93,4415.43,88,29,0,mt5bar
2026-08-17 22:08:00,4415.42,4416.02,4415.31,4415.67,59,28,0,mt5bar
2026-08-17 22:09:00,4415.68,4416.21,4415.44,4415.74,59,29,0,mt5bar
2026-08-17 22:10:00,4415.71,4416.13,4415.27,4415.89,84,29,0,mt5bar
2026-08-17 22:11:00,4415.86,4416.77,4415.50,4416.39,81,28,0,mt5bar
2026-08-17 22:12:00,4416.43,4416.72,4416.37,4416.44,88,26,0,mt5bar
2026-08-17 22:13:00,4416.39,4416.98,4416.19,4416.55,92,27,0,mt5bar
2026-08-17 22:14:00,4416.59,4416.93,4416.32,4416.83,105,25,0,mt5bar
2026-08-17 22:15:00,4416.81,4416.84,4416.16,4416.42,131,24,0,mt5bar
2026-08-17 22:16:00,4416.44,4417.28,4416.44,4417.20,111,22,0,mt5bar
2026-08-17 22:17:00,4417.16,4417.20,4416.00,4416.20,138,24,0,mt5bar
2026-08-17 22:18:00,4416.20,4416.72,4415.89,4415.93,107,25,0,mt5bar
2026-08-17 22:19:00,4415.88,4416.01,4415.66,4415.85,60,25,0,mt5bar
2026-08-17 22:20:00,4415.81,4416.40,4415.68,4416.32,119,23,0,mt5bar
2026-08-17 22:21:00,4416.32,4416.32,4415.44,4415.60,73,22,0,mt5bar
2026-08-17 22:22:00,4415.61,4415.79,4415.47,4415.77,52,23,0,mt5bar
2026-08-17 22:23:00,4415.78,4415.92,4415.29,4415.44,74,24,0,mt5bar
2026-08-17 22:24:00,4415.60,4415.63,4415.30,4415.60,49,24,0,mt5bar
2026-08-17 22:25:00,4415.62,4415.66,4415.18,4415.32,71,24,0,mt5bar
2026-08-17 22:26:00,4415.35,4415.42,4413.52,4413.52,109,20,0,mt5bar
2026-08-17 22:27:00,4413.57,4413.77,4412.47,4413.10,130,23,0,mt5bar
2026-08-17 22:28:00,4413.01,4413.09,4412.05,4412.27,130,23,0,mt5bar
2026-08-17 22:29:00,4412.23,4413.15,4412.23,4412.52,105,24,0,mt5bar
2026-08-17 22:30:00,4412.56,4413.50,4411.85,4412.85,177,22,0,mt5bar
2026-08-17 22:31:00,4412.84,4412.89,4411.93,4412.48,122,24,0,mt5bar
2026-08-17 22:32:00,4412.52,4412.66,4411.73,4412.31,124,25,0,mt5bar
2026-08-17 22:33:00,4412.36,4412.71,4411.82,4412.05,121,25,0,mt5bar
2026-08-17 22:34:00,4412.08,4412.98,4411.95,4412.55,136,25,0,mt5bar
2026-08-17 22:35:00,4412.61,4412.95,4412.33,4412.69,91,23,0,mt5bar
2026-08-17 22:36:00,4412.71,4414.17,4412.57,4414.10,137,25,0,mt5bar
2026-08-17 22:37:00,4414.08,4414.65,4414.01,4414.49,55,23,0,mt5bar
2026-08-17 22:38:00,4414.37,4414.37,4413.39,4413.39,68,20,0,mt5bar
2026-08-17 22:39:00,4413.38,4413.68,4412.95,4413.17,74,24,0,mt5bar
2026-08-17 22:40:00,4413.21,4413.57,4412.99,4413.10,83,24,0,mt5bar
2026-08-17 22:41:00,4413.14,4414.18,4413.08,4413.92,96,25,0,mt5bar
2026-08-17 22:42:00,4413.93,4414.52,4413.82,4414.52,72,25,0,mt5bar
2026-08-17 22:43:00,4414.50,4415.66,4414.49,4415.35,74,23,0,mt5bar
2026-08-17 22:44:00,4415.33,4415.33,4414.25,4414.60,85,23,0,mt5bar
2026-08-17 22:45:00,4414.61,4414.76,4414.28,4414.60,53,23,0,mt5bar
2026-08-17 22:46:00,4414.65,4414.86,4414.10,4414.78,71,23,0,mt5bar
2026-08-17 22:47:00,4414.79,4415.01,4414.52,4414.80,81,22,0,mt5bar
2026-08-17 22:48:00,4414.77,4414.97,4414.58,4414.97,68,24,0,mt5bar
2026-08-17 22:49:00,4415.00,4416.18,4414.95,4415.08,72,20,0,mt5bar
2026-08-17 22:50:00,4415.06,4415.53,4414.96,4415.07,49,25,0,mt5bar
2026-08-17 22:51:00,4415.06,4415.30,4415.05,4415.17,42,25,0,mt5bar
2026-08-17 22:52:00,4415.16,4415.26,4414.40,4414.40,65,25,0,mt5bar
2026-08-17 22:53:00,4414.44,4414.44,4413.82,4413.82,72,26,0,mt5bar
2026-08-17 22:54:00,4413.83,4413.83,4411.92,4411.94,101,24,0,mt5bar
2026-08-17 22:55:00,4411.98,4413.27,4411.95,4412.79,144,24,0,mt5bar
2026-08-17 22:56:00,4412.81,4412.83,4412.12,4412.17,69,21,0,mt5bar
2026-08-17 22:57:00,4412.18,4412.18,4410.49,4411.36,151,24,0,mt5bar
2026-08-17 22:58:00,4411.40,4411.70,4410.87,4411.31,124,22,0,mt5bar
2026-08-17 22:59:00,4411.32,4412.13,4411.06,4411.76,102,21,0,mt5bar
2026-08-17 23:00:00,4411.87,4412.95,4409.79,4412.19,186,24,0,mt5bar
2026-08-17 23:01:00,4412.19,4412.49,4411.55,4412.30,142,23,0,mt5bar
2026-08-17 23:02:00,4412.31,4412.31,4411.47,4411.77,100,24,0,mt5bar
2026-08-17 23:03:00,4411.83,4412.73,4411.83,4412.48,86,22,0,mt5bar
2026-08-17 23:04:00,4412.42,4413.70,4411.98,4413.44,129,24,0,mt5bar
2026-08-17 23:05:00,4413.51,4413.61,4412.76,4413.61,81,24,0,mt5bar
2026-08-17 23:06:00,4413.63,4414.32,4413.58,4414.02,78,23,0,mt5bar
2026-08-17 23:07:00,4413.64,4413.79,4413.09,4413.66,73,23,0,mt5bar
2026-08-17 23:08:00,4413.68,4414.30,4413.55,4413.98,75,20,0,mt5bar
2026-08-17 23:09:00,4413.99,4414.38,4413.52,4413.78,64,22,0,mt5bar
2026-08-17 23:10:00,4413.89,4414.04,4413.33,4413.35,69,21,0,mt5bar
2026-08-17 23:11:00,4413.36,4414.05,4413.34,4414.02,93,23,0,mt5bar
2026-08-17 23:12:00,4413.96,4414.07,4413.77,4413.79,42,21,0,mt5bar
2026-08-17 23:13:00,4413.80,4414.21,4413.37,4413.47,53,22,0,mt5bar
2026-08-17 23:14:00,4413.49,4414.85,4413.40,4414.70,106,21,0,mt5bar
2026-08-17 23:15:00,4414.71,4416.01,4414.71,4416.01,117,20,0,mt5bar
2026-08-17 23:16:00,4415.95,4418.39,4415.63,4417.76,136,20,0,mt5bar
2026-08-17 23:17:00,4417.85,4417.85,4416.54,4416.84,129,23,0,mt5bar
2026-08-17 23:18:00,4416.90,4417.83,4416.54,4417.83,99,24,0,mt5bar
2026-08-17 23:19:00,4417.88,4418.26,4417.31,4417.59,118,22,0,mt5bar
2026-08-17 23:20:00,4417.56,4418.11,4417.49,4417.59,91,25,0,mt5bar
2026-08-17 23:21:00,4417.58,4418.11,4417.58,4417.69,72,24,0,mt5bar
2026-08-17 23:22:00,4417.67,4417.87,4416.73,4417.01,83,25,0,mt5bar
2026-08-17 23:23:00,4417.00,4417.17,4416.50,4417.09,111,25,0,mt5bar
2026-08-17 23:24:00,4417.07,4417.87,4416.42,4417.81,91,25,0,mt5bar
2026-08-17 23:25:00,4417.81,4419.90,4417.65,4419.73,145,24,0,mt5bar
2026-08-17 23:26:00,4419.74,4420.85,4419.64,4420.57,148,21,0,mt5bar
2026-08-17 23:27:00,4420.62,4421.79,4420.21,4420.79,110,23,0,mt5bar
2026-08-17 23:28:00,4420.78,4420.78,4419.70,4420.20,136,24,0,mt5bar
2026-08-17 23:29:00,4420.19,4420.31,4419.71,4420.29,78,25,0,mt5bar
2026-08-17 23:30:00,4420.29,4421.46,4419.96,4421.43,93,22,0,mt5bar
2026-08-17 23:31:00,4421.13,4421.86,4420.83,4421.76,136,24,0,mt5bar
2026-08-17 23:32:00,4421.74,4422.12,4421.54,4421.55,119,24,0,mt5bar
2026-08-17 23:33:00,4421.51,4421.55,4421.05,4421.14,84,24,0,mt5bar
2026-08-17 23:34:00,4421.12,4422.22,4420.36,4422.07,157,25,0,mt5bar
2026-08-17 23:35:00,4422.05,4422.08,4421.21,4421.67,92,22,0,mt5bar
2026-08-17 23:36:00,4421.66,4422.20,4421.66,4422.07,88,24,0,mt5bar
2026-08-17 23:37:00,4422.14,4422.14,4421.31,4421.46,105,24,0,mt5bar
2026-08-17 23:38:00,4421.43,4422.11,4421.29,4422.01,124,22,0,mt5bar
2026-08-17 23:39:00,4421.88,4421.88,4420.62,4421.29,140,24,0,mt5bar
2026-08-17 23:40:00,4421.27,4421.49,4420.35,4420.64,158,20,0,mt5bar
2026-08-17 23:41:00,4420.65,4420.72,4420.17,4420.52,142,23,0,mt5bar
2026-08-17 23:42:00,4420.51,4421.64,4420.51,4421.51,77,25,0,mt5bar
2026-08-17 23:43:00,4421.49,4422.59,4421.34,4422.48,237,22,0,mt5bar
2026-08-17 23:44:00,4422.47,4422.89,4422.30,4422.75,174,23,0,mt5bar
2026-08-17 23:45:00,4422.65,4422.96,4421.72,4422.22,224,23,0,mt5bar
2026-08-17 23:46:00,4422.21,4423.01,4421.58,4422.26,184,22,0,mt5bar
2026-08-17 23:47:00,4422.25,4423.10,4422.01,4422.50,171,21,0,mt5bar
2026-08-17 23:48:00,4422.49,4423.08,4422.22,4422.98,108,21,0,mt5bar
2026-08-17 23:49:00,4422.95,4423.84,4422.86,4423.80,160,20,0,mt5bar
2026-08-17 23:50:00,4423.79,4424.04,4423.22,4423.40,128,21,0,mt5bar
2026-08-17 23:51:00,4423.52,4424.08,4423.35,4424.04,158,20,0,mt5bar
2026-08-17 23:52:00,4424.07,4424.30,4423.86,4424.24,93,21,0,mt5bar
2026-08-17 23:53:00,4424.11,4424.17,4422.62,4423.36,175,22,0,mt5bar
2026-08-17 23:54:00,4423.35,4424.22,4422.80,4423.61,173,21,0,mt5bar
2026-08-17 23:55:00,4423.61,4424.50,4423.57,4424.28,112,20,0,mt5bar
2026-08-17 23:56:00,4424.31,4424.31,4423.14,4423.73,128,21,0,mt5bar
2026-08-17 23:57:00,4423.72,4424.53,4423.63,4424.25,129,21,0,mt5bar
2026-08-17 23:58:00,4424.23,4424.39,4423.36,4424.15,101,21,0,mt5bar
2026-08-17 23:59:00,4424.16,4425.88,4424.09,4425.75,217,20,0,mt5bar
2026-08-18 00:00:00,4425.76,4429.83,4422.54,4422.77,398,21,0,mt5bar
2026-08-18 00:01:00,4422.62,4423.10,4421.15,4421.76,298,23,0,mt5bar
2026-08-18 00:02:00,4421.77,4422.32,4420.17,4420.26,249,21,0,mt5bar
2026-08-18 00:03:00,4420.25,4423.68,4419.23,4423.68,272,20,0,mt5bar
2026-08-18 00:04:00,4423.66,4425.32,4423.51,4425.28,227,24,0,mt5bar
2026-08-18 00:05:00,4425.28,4426.18,4423.89,4423.91,247,20,0,mt5bar
2026-08-18 00:06:00,4423.90,4424.35,4423.10,4424.34,192,24,0,mt5bar
2026-08-18 00:07:00,4424.31,4424.74,4422.64,4423.67,161,21,0,mt5bar
2026-08-18 00:08:00,4423.69,4424.46,4421.93,4421.93,193,24,0,mt5bar
2026-08-18 00:09:00,4421.91,4422.28,4420.04,4420.15,213,24,0,mt5bar
2026-08-18 00:10:00,4420.17,4420.38,4419.35,4419.46,151,22,0,mt5bar
2026-08-18 00:11:00,4419.44,4421.34,4419.20,4420.38,171,25,0,mt5bar
2026-08-18 00:12:00,4420.32,4421.96,4420.32,4420.99,159,22,0,mt5bar
2026-08-18 00:13:00,4420.81,4420.81,4418.96,4419.46,160,25,0,mt5bar
2026-08-18 00:14:00,4419.48,4422.35,4419.10,4421.64,183,21,0,mt5bar
2026-08-18 00:15:00,4421.59,4423.70,4420.86,4423.17,216,20,0,mt5bar
2026-08-18 00:16:00,4423.09,4423.80,4421.51,4422.74,282,20,0,mt5bar
2026-08-18 00:17:00,4422.76,4426.21,4422.49,4425.85,222,21,0,mt5bar
2026-08-18 00:18:00,4425.82,4426.39,4423.87,4425.21,236,20,0,mt5bar
2026-08-18 00:19:00,4425.16,4428.19,4425.12,4426.96,315,20,0,mt5bar
2026-08-18 00:20:00,4427.02,4427.02,4422.89,4423.68,297,21,0,mt5bar
2026-08-18 00:21:00,4423.69,4426.90,4423.50,4426.42,211,21,0,mt5bar
2026-08-18 00:22:00,4426.45,4427.53,4425.73,4426.44,209,21,0,mt5bar
2026-08-18 00:23:00,4426.42,4430.67,4425.78,4430.30,289,20,0,mt5bar
2026-08-18 00:24:00,4430.32,4431.24,4427.25,4427.95,327,21,0,mt5bar
2026-08-18 00:25:00,4427.95,4428.45,4426.39,4427.52,210,23,0,mt5bar
2026-08-18 00:26:00,4427.55,4428.68,4425.19,4427.89,277,21,0,mt5bar
2026-08-18 00:27:00,4428.06,4430.70,4427.60,4430.68,331,20,0,mt5bar
2026-08-18 00:28:00,4430.64,4430.99,4429.02,4430.31,241,20,0,mt5bar
2026-08-18 00:29:00,4430.25,4431.56,4430.01,4431.40,285,21,0,mt5bar
2026-08-18 00:30:00,4431.37,4431.61,4428.80,4429.30,245,23,0,mt5bar
2026-08-18 00:31:00,4429.24,4429.87,4428.57,4428.99,215,21,0,mt5bar
2026-08-18 00:32:00,4429.01,4429.32,4428.35,4429.31,150,21,0,mt5bar
2026-08-18 00:33:00,4429.32,4430.88,4429.31,4430.24,193,20,0,mt5bar
2026-08-18 00:34:00,4430.21,4431.78,4429.73,4431.33,201,20,0,mt5bar
2026-08-18 00:35:00,4431.35,4431.80,4430.36,4431.14,167,20,0,mt5bar
2026-08-18 00:36:00,4430.99,4431.47,4430.87,4431.29,131,22,0,mt5bar
2026-08-18 00:37:00,4431.31,4433.39,4430.84,4433.12,173,20,0,mt5bar
2026-08-18 00:38:00,4433.11,4433.11,4432.50,4432.71,176,21,0,mt5bar
2026-08-18 00:39:00,4432.74,4433.50,4432.43,4433.05,145,21,0,mt5bar
2026-08-18 00:40:00,4433.09,4433.11,4430.75,4430.75,190,23,0,mt5bar
2026-08-18 00:41:00,4430.74,4430.74,4429.00,4429.54,205,22,0,mt5bar
2026-08-18 00:42:00,4429.51,4429.51,4428.54,4428.95,144,20,0,mt5bar
2026-08-18 00:43:00,4428.99,4429.90,4428.98,4429.78,105,22,0,mt5bar
2026-08-18 00:44:00,4429.74,4429.97,4429.13,4429.55,124,25,0,mt5bar
2026-08-18 00:45:00,4429.59,4430.20,4429.05,4429.40,191,23,0,mt5bar
2026-08-18 00:46:00,4429.39,4429.39,4428.58,4429.21,157,21,0,mt5bar
2026-08-18 00:47:00,4429.19,4429.70,4428.66,4428.98,149,22,0,mt5bar
2026-08-18 00:48:00,4428.97,4429.51,4428.57,4429.47,127,21,0,mt5bar
2026-08-18 00:49:00,4429.49,4430.00,4429.02,4429.11,85,25,0,mt5bar
2026-08-18 00:50:00,4429.26,4429.75,4429.11,4429.52,109,24,0,mt5bar
2026-08-18 00:51:00,4429.54,4430.04,4429.10,4429.61,155,24,0,mt5bar
2026-08-18 00:52:00,4429.66,4430.13,4429.50,4429.97,133,21,0,mt5bar
2026-08-18 00:53:00,4430.05,4430.47,4429.08,4429.38,142,21,0,mt5bar
2026-08-18 00:54:00,4429.26,4429.46,4428.59,4429.23,148,20,0,mt5bar
2026-08-18 00:55:00,4429.32,4430.45,4429.31,4429.98,153,24,0,mt5bar
2026-08-18 00:56:00,4430.02,4430.66,4429.59,4430.13,194,22,0,mt5bar
2026-08-18 00:57:00,4430.16,4430.43,4428.89,4428.91,241,21,0,mt5bar
2026-08-18 00:58:00,4428.90,4431.62,4428.90,4431.14,246,20,0,mt5bar
2026-08-18 00:59:00,4430.96,4434.97,4430.50,4434.59,290,21,0,mt5bar
2026-08-18 01:00:00,4434.74,4436.05,4429.21,4431.83,521,20,0,mt5bar
2026-08-18 01:01:00,4431.81,4436.14,4430.52,4432.82,476,20,0,mt5bar
2026-08-18 01:02:00,4432.86,4435.48,4431.46,4433.71,405,21,0,mt5bar
2026-08-18 01:03:00,4433.65,4434.94,4432.48,4434.70,355,24,0,mt5bar
2026-08-18 01:04:00,4434.67,4434.71,4430.86,4431.29,382,22,0,mt5bar
2026-08-18 01:05:00,4431.27,4434.55,4430.04,4434.53,402,20,0,mt5bar
2026-08-18 01:06:00,4434.51,4436.01,4431.88,4432.11,391,23,0,mt5bar
2026-08-18 01:07:00,4432.15,4433.19,4432.01,4433.18,269,24,0,mt5bar
2026-08-18 01:08:00,4433.20,4433.39,4430.45,4430.76,276,24,0,mt5bar
2026-08-18 01:09:00,4430.55,4430.70,4428.93,4430.45,302,22,0,mt5bar
2026-08-18 01:10:00,4430.49,4431.00,4428.88,4430.69,310,23,0,mt5bar
2026-08-18 01:11:00,4430.72,4431.72,4429.04,4430.09,295,25,0,mt5bar
2026-08-18 01:12:00,4430.15,4430.71,4429.12,4429.67,232,26,0,mt5bar
2026-08-18 01:13:00,4429.63,4430.34,4428.73,4428.86,227,24,0,mt5bar
2026-08-18 01:14:00,4428.76,4429.60,4428.64,4429.24,181,25,0,mt5bar
2026-08-18 01:15:00,4429.20,4430.75,4428.71,4430.67,302,24,0,mt5bar
2026-08-18 01:16:00,4430.63,4430.63,4425.42,4426.37,334,20,0,mt5bar
2026-08-18 01:17:00,4426.38,4427.07,4425.26,4425.26,318,24,0,mt5bar
2026-08-18 01:18:00,4425.31,4425.31,4422.85,4423.10,374,22,0,mt5bar
2026-08-18 01:19:00,4422.99,4425.26,4422.71,4425.26,298,24,0,mt5bar
2026-08-18 01:20:00,4425.60,4426.48,4424.94,4425.00,307,23,0,mt5bar
2026-08-18 01:21:00,4425.04,4425.04,4422.18,4422.56,357,24,0,mt5bar
2026-08-18 01:22:00,4422.57,4423.89,4422.24,4422.85,303,23,0,mt5bar
2026-08-18 01:23:00,4422.83,4423.97,4421.97,4423.96,281,22,0,mt5bar
2026-08-18 01:24:00,4424.00,4424.44,4423.50,4423.64,251,24,0,mt5bar
2026-08-18 01:25:00,4423.59,4423.65,4420.12,4421.52,332,23,0,mt5bar
2026-08-18 01:26:00,4421.54,4423.58,4421.37,4423.52,294,22,0,mt5bar
2026-08-18 01:27:00,4423.49,4425.53,4423.37,4424.75,267,22,0,mt5bar
2026-08-18 01:28:00,4424.79,4425.48,4424.40,4424.65,222,21,0,mt5bar
2026-08-18 01:29:00,4424.62,4425.87,4424.21,4424.95,241,20,0,mt5bar
2026-08-18 01:30:00,4424.96,4425.22,4423.54,4423.82,268,25,0,mt5bar
2026-08-18 01:31:00,4423.91,4426.19,4423.90,4424.88,279,20,0,mt5bar
2026-08-18 01:32:00,4424.89,4425.00,4422.27,4423.05,263,24,0,mt5bar
2026-08-18 01:33:00,4423.08,4423.66,4421.41,4421.97,277,25,0,mt5bar
2026-08-18 01:34:00,4421.80,4422.51,4421.10,4422.34,216,20,0,mt5bar
2026-08-18 01:35:00,4422.40,4422.40,4421.57,4422.21,189,21,0,mt5bar
2026-08-18 01:36:00,4422.23,4423.04,4421.64,4422.61,227,23,0,mt5bar
2026-08-18 01:37:00,4422.53,4423.51,4422.13,4422.27,229,20,0,mt5bar
2026-08-18 01:38:00,4422.29,4422.35,4421.21,4421.35,236,24,0,mt5bar
2026-08-18 01:39:00,4421.34,4421.58,4420.26,4420.36,223,24,0,mt5bar
2026-08-18 01:40:00,4420.32,4421.78,4420.22,4420.70,257,24,0,mt5bar
2026-08-18 01:41:00,4420.69,4420.91,4418.23,4418.34,288,23,0,mt5bar
2026-08-18 01:42:00,4418.35,4419.23,4417.52,4417.52,317,20,0,mt5bar
2026-08-18 01:43:00,4417.54,4417.92,4415.61,4415.74,312,21,0,mt5bar
2026-08-18 01:44:00,4415.72,4415.72,4411.88,4411.88,379,21,0,mt5bar
2026-08-18 01:45:00,4411.85,4412.22,4409.68,4411.49,410,22,0,mt5bar
2026-08-18 01:46:00,4411.43,4411.88,4409.65,4411.81,395,21,0,mt5bar
2026-08-18 01:47:00,4411.82,4412.05,4404.92,4409.18,456,20,0,mt5bar
2026-08-18 01:48:00,4409.16,4409.26,4404.25,4406.04,484,20,0,mt5bar
2026-08-18 01:49:00,4406.00,4408.15,4405.14,4407.64,358,20,0,mt5bar
2026-08-18 01:50:00,4407.62,4407.62,4405.62,4406.94,408,21,0,mt5bar
2026-08-18 01:51:00,4406.98,4408.02,4405.17,4406.38,332,25,0,mt5bar
2026-08-18 01:52:00,4406.36,4408.53,4405.84,4406.40,306,24,0,mt5bar
2026-08-18 01:53:00,4406.41,4406.48,4404.23,4405.59,446,20,0,mt5bar
2026-08-18 01:54:00,4405.64,4408.38,4404.90,4407.98,358,24,0,mt5bar
2026-08-18 01:55:00,4407.98,4409.03,4407.80,4408.40,321,20,0,mt5bar
2026-08-18 01:56:00,4408.38,4409.36,4407.96,4408.24,306,20,0,mt5bar
2026-08-18 01:57:00,4408.14,4408.99,4407.48,4408.44,259,21,0,mt5bar
2026-08-18 01:58:00,4408.39,4408.65,4407.70,4407.77,257,24,0,mt5bar
2026-08-18 01:59:00,4407.80,4408.22,4407.44,4408.03,207,22,0,mt5bar
2026-08-18 02:00:00,4408.01,4408.22,4407.25,4407.55,310,25,0,mt5bar
2026-08-18 02:01:00,4407.59,4407.59,4402.93,4402.93,438,23,0,mt5bar
2026-08-18 02:02:00,4402.99,4403.12,4400.93,4401.63,424,20,0,mt5bar
2026-08-18 02:03:00,4401.57,4403.13,4401.40,4402.62,311,22,0,mt5bar
2026-08-18 02:04:00,4402.65,4402.72,4400.92,4402.15,402,22,0,mt5bar
2026-08-18 02:05:00,4402.21,4404.05,4400.86,4401.84,326,21,0,mt5bar
2026-08-18 02:06:00,4401.83,4402.25,4400.12,4400.85,301,22,0,mt5bar
2026-08-18 02:07:00,4400.79,4402.76,4400.34,4400.90,356,25,0,mt5bar
2026-08-18 02:08:00,4400.89,4401.08,4399.68,4400.49,309,23,0,mt5bar
2026-08-18 02:09:00,4400.48,4401.21,4399.78,4399.97,260,21,0,mt5bar
2026-08-18 02:10:00,4399.94,4401.62,4398.43,4401.38,280,20,0,mt5bar
2026-08-18 02:11:00,4401.06,4401.31,4398.47,4398.73,334,21,0,mt5bar
2026-08-18 02:12:00,4398.75,4401.16,4398.72,4399.92,353,23,0,mt5bar
2026-08-18 02:13:00,4399.93,4402.48,4399.23,4402.44,286,21,0,mt5bar
2026-08-18 02:14:00,4402.52,4402.66,4400.71,4400.99,225,23,0,mt5bar
2026-08-18 02:15:00,4400.98,4402.09,4400.35,4401.94,272,21,0,mt5bar
2026-08-18 02:16:00,4401.95,4403.07,4400.81,4402.68,337,20,0,mt5bar
2026-08-18 02:17:00,4402.67,4404.44,4401.60,4402.27,312,21,0,mt5bar
2026-08-18 02:18:00,4402.26,4404.78,4402.07,4404.49,278,22,0,mt5bar
2026-08-18 02:19:00,4404.48,4405.48,4403.85,4403.85,180,20,0,mt5bar
2026-08-18 02:20:00,4403.88,4404.50,4403.51,4403.51,189,21,0,mt5bar
2026-08-18 02:21:00,4403.63,4404.07,4402.44,4402.68,114,21,0,mt5bar
2026-08-18 02:22:00,4402.72,4402.72,4401.63,4402.07,174,20,0,mt5bar
2026-08-18 02:23:00,4402.12,4404.05,4402.12,4403.95,186,21,0,mt5bar
2026-08-18 02:24:00,4403.96,4404.45,4403.76,4404.06,149,21,0,mt5bar
2026-08-18 02:25:00,4404.09,4405.23,4404.06,4404.62,218,20,0,mt5bar
2026-08-18 02:26:00,4404.61,4404.61,4403.80,4404.29,142,21,0,mt5bar
2026-08-18 02:27:00,4404.34,4404.47,4403.58,4403.96,142,21,0,mt5bar
2026-08-18 02:28:00,4403.84,4404.00,4402.42,4402.46,151,22,0,mt5bar
2026-08-18 02:29:00,4402.37,4402.92,4402.20,4402.28,139,21,0,mt5bar
2026-08-18 02:30:00,4402.22,4402.69,4399.95,4400.46,363,20,0,mt5bar
2026-08-18 02:31:00,4400.54,4401.08,4398.96,4400.64,341,20,0,mt5bar
2026-08-18 02:32:00,4400.66,4401.65,4399.71,4400.64,273,20,0,mt5bar
2026-08-18 02:33:00,4400.67,4400.88,4397.31,4397.46,390,20,0,mt5bar
2026-08-18 02:34:00,4397.49,4397.57,4396.05,4396.40,347,20,0,mt5bar
2026-08-18 02:35:00,4396.40,4396.93,4395.26,4396.84,295,20,0,mt5bar
2026-08-18 02:36:00,4396.86,4398.39,4396.85,4397.31,247,23,0,mt5bar
2026-08-18 02:37:00,4397.31,4398.67,4396.86,4398.60,197,20,0,mt5bar
2026-08-18 02:38:00,4398.62,4399.67,4398.14,4398.95,278,20,0,mt5bar
2026-08-18 02:39:00,4398.97,4399.60,4396.35,4396.35,285,20,0,mt5bar
2026-08-18 02:40:00,4396.55,4396.91,4394.36,4394.77,304,21,0,mt5bar
2026-08-18 02:41:00,4394.79,4395.10,4394.31,4394.56,331,20,0,mt5bar
2026-08-18 02:42:00,4394.58,4395.08,4394.29,4394.80,312,20,0,mt5bar
2026-08-18 02:43:00,4394.82,4394.82,4394.13,4394.53,279,20,0,mt5bar
2026-08-18 02:44:00,4394.58,4395.01,4394.20,4394.99,199,20,0,mt5bar
2026-08-18 02:45:00,4395.03,4395.13,4394.27,4394.61,173,20,0,mt5bar
2026-08-18 02:46:00,4394.63,4395.61,4394.63,4394.82,213,20,0,mt5bar
2026-08-18 02:47:00,4394.83,4395.85,4394.76,4395.26,237,20,0,mt5bar
2026-08-18 02:48:00,4395.28,4396.50,4394.33,4395.97,260,20,0,mt5bar
2026-08-18 02:49:00,4395.95,4398.08,4395.84,4397.12,203,20,0,mt5bar
2026-08-18 02:50:00,4397.11,4397.11,4395.67,4396.31,245,20,0,mt5bar
2026-08-18 02:51:00,4396.32,4397.10,4395.65,4397.07,242,21,0,mt5bar
2026-08-18 02:52:00,4397.08,4397.98,4396.61,4397.95,183,21,0,mt5bar
2026-08-18 02:53:00,4397.96,4398.12,4397.01,4398.09,175,20,0,mt5bar
2026-08-18 02:54:00,4398.11,4398.13,4396.97,4397.79,174,20,0,mt5bar
2026-08-18 02:55:00,4397.79,4399.25,4397.18,4399.18,277,20,0,mt5bar
2026-08-18 02:56:00,4399.19,4400.44,4398.74,4398.89,283,20,0,mt5bar
2026-08-18 02:57:00,4398.90,4399.13,4397.94,4398.20,231,21,0,mt5bar
2026-08-18 02:58:00,4398.15,4399.68,4397.83,4399.38,210,20,0,mt5bar
2026-08-18 02:59:00,4399.36,4400.18,4399.31,4399.79,172,20,0,mt5bar
2026-08-18 03:00:00,4399.77,4401.95,4399.72,4401.89,274,21,0,mt5bar
2026-08-18 03:01:00,4401.92,4403.77,4401.64,4403.12,256,21,0,mt5bar
2026-08-18 03:02:00,4403.13,4404.01,4402.90,4403.32,284,21,0,mt5bar
2026-08-18 03:03:00,4403.29,4403.35,4401.11,4401.31,217,22,0,mt5bar
2026-08-18 03:04:00,4401.34,4403.89,4401.27,4402.94,241,21,0,mt5bar
2026-08-18 03:05:00,4402.93,4403.45,4402.00,4402.47,230,21,0,mt5bar
2026-08-18 03:06:00,4402.45,4402.45,4400.97,4401.68,226,21,0,mt5bar
2026-08-18 03:07:00,4401.73,4402.11,4401.13,4401.86,200,21,0,mt5bar
2026-08-18 03:08:00,4401.84,4401.86,4399.85,4399.91,204,20,0,mt5bar
2026-08-18 03:09:00,4399.90,4401.53,4399.56,4401.37,254,21,0,mt5bar
2026-08-18 03:10:00,4401.34,4402.52,4401.08,4401.08,205,21,0,mt5bar
2026-08-18 03:11:00,4401.07,4401.25,4398.86,4399.80,211,20,0,mt5bar
2026-08-18 03:12:00,4399.81,4400.51,4399.14,4399.50,233,21,0,mt5bar
2026-08-18 03:13:00,4399.50,4400.60,4399.48,4400.52,180,20,0,mt5bar
2026-08-18 03:14:00,4400.55,4401.51,4400.26,4401.51,201,21,0,mt5bar
2026-08-18 03:15:00,4401.53,4402.09,4400.94,4401.61,195,20,0,mt5bar
2026-08-18 03:16:00,4401.57,4401.87,4398.07,4398.67,261,21,0,mt5bar
2026-08-18 03:17:00,4398.66,4398.78,4396.72,4396.74,239,22,0,mt5bar
2026-08-18 03:18:00,4396.75,4397.14,4395.62,4397.02,237,21,0,mt5bar
2026-08-18 03:19:00,4396.80,4398.41,4395.89,4396.50,268,23,0,mt5bar
2026-08-18 03:20:00,4396.53,4397.05,4395.75,4397.05,190,21,0,mt5bar
2026-08-18 03:21:00,4397.02,4397.29,4395.70,4395.82,229,21,0,mt5bar
2026-08-18 03:22:00,4395.78,4396.43,4395.73,4396.32,175,21,0,mt5bar
2026-08-18 03:23:00,4396.27,4396.47,4394.33,4394.52,224,20,0,mt5bar
2026-08-18 03:24:00,4394.47,4395.58,4394.34,4395.22,173,21,0,mt5bar
2026-08-18 03:25:00,4395.21,4395.80,4394.91,4395.58,149,21,0,mt5bar
2026-08-18 03:26:00,4395.62,4396.45,4395.04,4396.35,169,20,0,mt5bar
2026-08-18 03:27:00,4396.30,4397.08,4395.61,4396.90,182,22,0,mt5bar
2026-08-18 03:28:00,4396.89,4397.25,4396.56,4397.17,199,20,0,mt5bar
2026-08-18 03:29:00,4397.20,4397.59,4397.00,4397.08,200,20,0,mt5bar
2026-08-18 03:30:00,4397.10,4397.10,4395.88,4396.38,225,20,0,mt5bar
2026-08-18 03:31:00,4396.36,4396.75,4395.50,4396.36,187,22,0,mt5bar
2026-08-18 03:32:00,4396.37,4396.80,4395.87,4396.13,238,20,0,mt5bar
2026-08-18 03:33:00,4396.12,4396.80,4395.99,4396.30,139,21,0,mt5bar
2026-08-18 03:34:00,4396.29,4396.79,4395.90,4396.38,145,20,0,mt5bar
2026-08-18 03:35:00,4396.36,4396.60,4396.08,4396.37,81,23,0,mt5bar
2026-08-18 03:36:00,4396.27,4396.76,4396.00,4396.64,127,21,0,mt5bar
2026-08-18 03:37:00,4396.62,4396.63,4395.24,4396.50,210,21,0,mt5bar
2026-08-18 03:38:00,4396.49,4396.67,4395.11,4395.49,223,21,0,mt5bar
2026-08-18 03:39:00,4395.50,4395.58,4394.88,4395.02,164,21,0,mt5bar
2026-08-18 03:40:00,4395.01,4395.05,4394.59,4394.93,170,21,0,mt5bar
2026-08-18 03:41:00,4394.91,4395.29,4394.51,4395.01,217,20,0,mt5bar
2026-08-18 03:42:00,4395.04,4395.77,4394.67,4395.34,219,21,0,mt5bar
2026-08-18 03:43:00,4395.34,4395.76,4394.54,4394.92,198,20,0,mt5bar
2026-08-18 03:44:00,4394.92,4395.11,4394.47,4394.72,170,20,0,mt5bar
2026-08-18 03:45:00,4394.73,4395.01,4394.46,4394.74,191,21,0,mt5bar
2026-08-18 03:46:00,4394.77,4394.90,4394.48,4394.52,161,20,0,mt5bar
2026-08-18 03:47:00,4394.54,4394.99,4394.34,4394.88,111,20,0,mt5bar
2026-08-18 03:48:00,4394.94,4394.94,4394.44,4394.59,120,20,0,mt5bar
2026-08-18 03:49:00,4394.56,4394.69,4393.61,4393.86,202,20,0,mt5bar
2026-08-18 03:50:00,4393.42,4393.51,4392.30,4393.08,241,20,0,mt5bar
2026-08-18 03:51:00,4393.07,4393.58,4391.65,4391.75,157,20,0,mt5bar
2026-08-18 03:52:00,4391.75,4393.78,4391.75,4393.67,150,20,0,mt5bar
2026-08-18 03:53:00,4393.67,4393.73,4392.76,4393.64,138,21,0,mt5bar
2026-08-18 03:54:00,4393.59,4393.60,4392.10,4392.13,136,20,0,mt5bar
2026-08-18 03:55:00,4392.07,4392.60,4391.29,4391.72,158,20,0,mt5bar
2026-08-18 03:56:00,4391.72,4391.77,4390.67,4391.14,166,20,0,mt5bar
2026-08-18 03:57:00,4391.23,4391.70,4390.81,4390.88,103,20,0,mt5bar
2026-08-18 03:58:00,4390.78,4392.41,4390.56,4392.22,140,20,0,mt5bar
2026-08-18 03:59:00,4392.24,4392.38,4391.53,4391.85,109,21,0,mt5bar
2026-08-18 04:00:00,4391.88,4391.88,4390.12,4391.11,173,20,0,mt5bar
2026-08-18 04:01:00,4391.06,4391.98,4390.81,4390.91,166,20,0,mt5bar
2026-08-18 04:02:00,4390.86,4392.10,4390.42,4392.10,157,21,0,mt5bar
2026-08-18 04:03:00,4392.02,4392.07,4390.41,4391.36,150,20,0,mt5bar
2026-08-18 04:04:00,4391.35,4391.58,4390.53,4390.65,159,20,0,mt5bar
2026-08-18 04:05:00,4390.65,4391.60,4390.43,4391.07,167,20,0,mt5bar
2026-08-18 04:06:00,4391.07,4392.04,4391.07,4391.31,152,20,0,mt5bar
2026-08-18 04:07:00,4391.32,4391.49,4389.92,4390.21,135,20,0,mt5bar
2026-08-18 04:08:00,4390.21,4390.37,4389.81,4390.09,192,20,0,mt5bar
2026-08-18 04:09:00,4390.08,4391.19,4390.08,4391.01,131,20,0,mt5bar
2026-08-18 04:10:00,4391.00,4391.68,4390.86,4391.62,111,20,0,mt5bar
2026-08-18 04:11:00,4391.63,4392.60,4391.47,4391.68,124,20,0,mt5bar
2026-08-18 04:12:00,4391.68,4392.57,4391.16,4392.53,130,20,0,mt5bar
2026-08-18 04:13:00,4392.50,4392.67,4392.03,4392.40,109,20,0,mt5bar
2026-08-18 04:14:00,4392.41,4392.68,4392.03,4392.20,108,20,0,mt5bar
2026-08-18 04:15:00,4392.28,4392.96,4392.26,4392.87,93,20,0,mt5bar
2026-08-18 04:16:00,4392.94,4393.59,4392.71,4393.06,136,20,0,mt5bar
2026-08-18 04:17:00,4393.04,4393.20,4391.85,4391.96,141,20,0,mt5bar
2026-08-18 04:18:00,4391.91,4392.80,4391.36,4391.53,127,21,0,mt5bar
2026-08-18 04:19:00,4391.53,4392.29,4390.74,4391.35,135,20,0,mt5bar
2026-08-18 04:20:00,4391.35,4391.49,4391.01,4391.01,80,20,0,mt5bar
2026-08-18 04:21:00,4391.01,4391.24,4390.58,4391.03,109,21,0,mt5bar
2026-08-18 04:22:00,4391.02,4392.12,4390.94,4392.06,136,20,0,mt5bar
2026-08-18 04:23:00,4392.01,4392.28,4391.03,4391.42,89,20,0,mt5bar
2026-08-18 04:24:00,4391.40,4392.36,4391.26,4392.36,99,21,0,mt5bar
2026-08-18 04:25:00,4392.38,4392.62,4391.93,4392.40,105,20,0,mt5bar
2026-08-18 04:26:00,4392.43,4392.62,4392.00,4392.06,120,20,0,mt5bar
2026-08-18 04:27:00,4392.08,4392.69,4392.00,4392.49,105,20,0,mt5bar
2026-08-18 04:28:00,4392.45,4392.59,4391.47,4392.59,127,21,0,mt5bar
2026-08-18 04:29:00,4392.57,4392.73,4392.27,4392.37,71,20,0,mt5bar
2026-08-18 04:30:00,4392.32,4393.85,4392.27,4393.39,163,20,0,mt5bar
2026-08-18 04:31:00,4393.35,4393.35,4392.46,4392.98,137,20,0,mt5bar
2026-08-18 04:32:00,4392.99,4393.06,4391.89,4392.10,96,20,0,mt5bar
2026-08-18 04:33:00,4392.03,4392.20,4391.77,4391.91,128,21,0,mt5bar
2026-08-18 04:34:00,4391.97,4392.33,4391.34,4391.96,132,20,0,mt5bar
2026-08-18 04:35:00,4391.96,4392.92,4391.90,4392.65,96,21,0,mt5bar
2026-08-18 04:36:00,4392.70,4392.70,4390.73,4390.87,141,20,0,mt5bar
2026-08-18 04:37:00,4390.45,4391.34,4389.92,4390.04,237,20,0,mt5bar
2026-08-18 04:38:00,4390.04,4390.11,4389.69,4390.08,232,20,0,mt5bar
2026-08-18 04:39:00,4390.06,4391.63,4388.84,4391.37,249,20,0,mt5bar
2026-08-18 04:40:00,4391.36,4391.83,4390.25,4391.63,132,20,0,mt5bar
2026-08-18 04:41:00,4391.67,4392.61,4390.90,4392.39,117,20,0,mt5bar
2026-08-18 04:42:00,4392.43,4393.63,4392.43,4393.32,126,20,0,mt5bar
2026-08-18 04:43:00,4393.34,4394.26,4393.21,4393.92,114,20,0,mt5bar
2026-08-18 04:44:00,4393.87,4393.91,4393.35,4393.39,86,20,0,mt5bar
2026-08-18 04:45:00,4393.36,4393.69,4392.79,4393.67,95,20,0,mt5bar
2026-08-18 04:46:00,4393.63,4393.65,4393.17,4393.17,87,20,0,mt5bar
2026-08-18 04:47:00,4393.19,4393.19,4392.09,4392.83,107,20,0,mt5bar
2026-08-18 04:48:00,4392.82,4393.39,4392.61,4393.39,108,20,0,mt5bar
2026-08-18 04:49:00,4393.34,4394.88,4393.07,4394.68,89,21,0,mt5bar
2026-08-18 04:50:00,4394.66,4394.86,4394.07,4394.61,144,21,0,mt5bar
2026-08-18 04:51:00,4394.64,4394.64,4393.50,4393.57,98,21,0,mt5bar
2026-08-18 04:52:00,4393.60,4394.51,4393.60,4394.41,83,21,0,mt5bar
2026-08-18 04:53:00,4394.42,4394.76,4394.03,4394.69,86,21,0,mt5bar
2026-08-18 04:54:00,4394.70,4395.35,4394.57,4395.35,79,20,0,mt5bar
2026-08-18 04:55:00,4395.34,4395.38,4394.14,4394.69,123,20,0,mt5bar
2026-08-18 04:56:00,4394.75,4395.22,4394.73,4395.22,84,21,0,mt5bar
2026-08-18 04:57:00,4395.24,4395.26,4394.13,4394.27,78,21,0,mt5bar
2026-08-18 04:58:00,4394.23,4394.32,4393.87,4394.04,95,20,0,mt5bar
2026-08-18 04:59:00,4394.00,4394.00,4392.95,4393.49,124,21,0,mt5bar
2026-08-18 05:00:00,4393.47,4393.63,4393.03,4393.63,137,21,0,mt5bar
2026-08-18 05:01:00,4393.56,4393.62,4392.23,4392.23,167,20,0,mt5bar
2026-08-18 05:02:00,4392.22,4392.69,4391.14,4391.16,160,21,0,mt5bar
2026-08-18 05:03:00,4391.14,4392.12,4391.14,4392.02,166,21,0,mt5bar
2026-08-18 05:04:00,4392.03,4392.80,4391.11,4391.31,145,21,0,mt5bar
2026-08-18 05:05:00,4391.34,4393.20,4391.34,4392.76,146,20,0,mt5bar
2026-08-18 05:06:00,4392.74,4392.74,4391.97,4392.16,91,21,0,mt5bar
2026-08-18 05:07:00,4392.21,4393.92,4392.21,4392.60,141,21,0,mt5bar
2026-08-18 05:08:00,4392.57,4393.99,4392.54,4393.89,113,21,0,mt5bar
2026-08-18 05:09:00,4393.88,4394.00,4393.58,4393.71,81,21,0,mt5bar
2026-08-18 05:10:00,4393.75,4393.87,4391.33,4391.77,172,20,0,mt5bar
2026-08-18 05:11:00,4391.78,4391.90,4391.00,4391.27,125,21,0,mt5bar
2026-08-18 05:12:00,4391.27,4391.83,4391.25,4391.50,86,21,0,mt5bar
2026-08-18 05:13:00,4391.51,4391.81,4390.80,4391.00,130,20,0,mt5bar
2026-08-18 05:14:00,4390.98,4391.67,4390.88,4391.20,102,21,0,mt5bar
2026-08-18 05:15:00,4391.25,4391.93,4391.05,4391.90,119,20,0,mt5bar
2026-08-18 05:16:00,4391.94,4393.06,4391.78,4392.79,90,20,0,mt5bar
2026-08-18 05:17:00,4392.77,4393.70,4392.72,4393.55,87,20,0,mt5bar
2026-08-18 05:18:00,4393.55,4394.03,4393.15,4393.44,111,20,0,mt5bar
2026-08-18 05:19:00,4393.45,4394.41,4393.45,4394.32,113,20,0,mt5bar
2026-08-18 05:20:00,4394.37,4395.21,4394.37,4395.01,127,20,0,mt5bar
2026-08-18 05:21:00,4395.07,4395.81,4394.44,4394.45,158,20,0,mt5bar
2026-08-18 05:22:00,4394.60,4395.10,4394.35,4394.78,117,22,0,mt5bar
2026-08-18 05:23:00,4394.81,4395.76,4394.61,4395.36,109,21,0,mt5bar
2026-08-18 05:24:00,4395.32,4395.56,4395.03,4395.50,113,21,0,mt5bar
2026-08-18 05:25:00,4395.47,4395.88,4395.33,4395.66,142,20,0,mt5bar
2026-08-18 05:26:00,4395.62,4395.64,4394.39,4394.58,89,20,0,mt5bar
2026-08-18 05:27:00,4394.63,4394.75,4394.39,4394.66,103,20,0,mt5bar
2026-08-18 05:28:00,4394.90,4394.90,4393.26,4393.31,104,20,0,mt5bar
2026-08-18 05:29:00,4393.31,4393.31,4391.30,4391.30,159,20,0,mt5bar
2026-08-18 05:30:00,4390.94,4391.44,4387.64,4388.14,394,20,0,mt5bar
2026-08-18 05:31:00,4388.15,4388.55,4386.09,4387.11,390,20,0,mt5bar
2026-08-18 05:32:00,4387.09,4389.03,4386.88,4388.95,308,21,0,mt5bar
2026-08-18 05:33:00,4388.94,4390.32,4388.10,4390.23,239,20,0,mt5bar
2026-08-18 05:34:00,4390.23,4390.73,4386.88,4386.88,262,20,0,mt5bar
2026-08-18 05:35:00,4386.91,4389.59,4386.77,4389.23,279,22,0,mt5bar
2026-08-18 05:36:00,4389.20,4390.18,4388.98,4389.80,243,20,0,mt5bar
2026-08-18 05:37:00,4389.75,4390.32,4389.55,4389.71,231,21,0,mt5bar
2026-08-18 05:38:00,4389.73,4390.96,4389.10,4389.89,225,21,0,mt5bar
2026-08-18 05:39:00,4389.75,4390.12,4388.86,4390.02,207,24,0,mt5bar
2026-08-18 05:40:00,4390.02,4391.09,4389.92,4390.85,203,21,0,mt5bar
2026-08-18 05:41:00,4390.79,4390.87,4388.67,4390.28,236,22,0,mt5bar
2026-08-18 05:42:00,4390.23,4390.45,4389.69,4389.70,191,21,0,mt5bar
2026-08-18 05:43:00,4389.74,4391.20,4389.54,4391.20,161,21,0,mt5bar
2026-08-18 05:44:00,4391.23,4393.93,4390.77,4393.52,251,20,0,mt5bar
2026-08-18 05:45:00,4393.63,4394.16,4393.18,4393.42,237,21,0,mt5bar
2026-08-18 05:46:00,4393.38,4394.68,4392.89,4394.40,237,21,0,mt5bar
2026-08-18 05:47:00,4394.42,4394.58,4393.56,4394.41,197,21,0,mt5bar
2026-08-18 05:48:00,4394.39,4394.95,4394.00,4394.28,162,20,0,mt5bar
2026-08-18 05:49:00,4394.28,4395.73,4393.90,4395.70,157,20,0,mt5bar
2026-08-18 05:50:00,4395.66,4397.51,4395.62,4396.20,266,20,0,mt5bar
2026-08-18 05:51:00,4396.19,4396.19,4394.11,4394.13,204,21,0,mt5bar
2026-08-18 05:52:00,4394.10,4395.98,4394.02,4395.85,158,21,0,mt5bar
2026-08-18 05:53:00,4395.87,4396.47,4395.83,4396.36,173,20,0,mt5bar
2026-08-18 05:54:00,4396.32,4396.61,4395.27,4395.61,167,21,0,mt5bar
2026-08-18 05:55:00,4395.61,4396.32,4395.25,4395.89,190,20,0,mt5bar
2026-08-18 05:56:00,4395.87,4396.25,4395.67,4396.14,144,21,0,mt5bar
2026-08-18 05:57:00,4396.16,4396.84,4396.11,4396.11,141,20,0,mt5bar
2026-08-18 05:58:00,4396.09,4396.48,4395.28,4395.32,181,20,0,mt5bar
2026-08-18 05:59:00,4395.30,4395.46,4393.88,4394.30,161,20,0,mt5bar
2026-08-18 06:00:00,4394.29,4394.29,4390.40,4391.30,382,20,0,mt5bar
2026-08-18 06:01:00,4391.20,4392.85,4390.44,4392.39,269,21,0,mt5bar
2026-08-18 06:02:00,4392.35,4392.80,4391.55,4392.54,198,20,0,mt5bar
2026-08-18 06:03:00,4392.50,4392.55,4390.49,4390.59,264,20,0,mt5bar
2026-08-18 06:04:00,4390.62,4390.65,4388.83,4390.53,318,20,0,mt5bar
2026-08-18 06:05:00,4390.56,4390.68,4389.15,4389.53,293,20,0,mt5bar
2026-08-18 06:06:00,4389.58,4389.76,4387.57,4388.91,275,20,0,mt5bar
2026-08-18 06:07:00,4388.94,4389.05,4387.95,4389.04,229,21,0,mt5bar
2026-08-18 06:08:00,4389.03,4391.21,4389.03,4391.09,251,20,0,mt5bar
2026-08-18 06:09:00,4391.08,4393.75,4391.07,4392.79,231,20,0,mt5bar
2026-08-18 06:10:00,4392.74,4394.21,4392.38,4394.09,258,20,0,mt5bar
2026-08-18 06:11:00,4394.09,4394.72,4393.55,4394.50,221,20,0,mt5bar
2026-08-18 06:12:00,4394.51,4395.12,4394.14,4394.74,210,21,0,mt5bar
2026-08-18 06:13:00,4394.69,4394.90,4394.02,4394.28,213,21,0,mt5bar
2026-08-18 06:14:00,4394.27,4395.32,4394.27,4395.27,165,20,0,mt5bar
2026-08-18 06:15:00,4395.23,4395.32,4394.11,4395.30,189,20,0,mt5bar
2026-08-18 06:16:00,4395.29,4396.24,4393.49,4393.98,211,20,0,mt5bar
2026-08-18 06:17:00,4393.94,4394.83,4393.78,4394.66,228,20,0,mt5bar
2026-08-18 06:18:00,4394.63,4395.71,4394.57,4394.97,183,21,0,mt5bar
2026-08-18 06:19:00,4394.94,4395.70,4394.89,4395.25,163,23,0,mt5bar
2026-08-18 06:20:00,4395.19,4397.00,4395.06,4396.93,192,20,0,mt5bar
2026-08-18 06:21:00,4396.93,4397.56,4395.59,4396.28,194,20,0,mt5bar
2026-08-18 06:22:00,4396.23,4396.54,4394.32,4395.58,195,20,0,mt5bar
2026-08-18 06:23:00,4395.50,4396.93,4395.50,4396.72,149,20,0,mt5bar
2026-08-18 06:24:00,4396.75,4397.87,4396.75,4397.68,178,20,0,mt5bar
2026-08-18 06:25:00,4397.63,4398.47,4397.14,4397.57,196,20,0,mt5bar
2026-08-18 06:26:00,4397.61,4398.13,4396.63,4398.04,206,21,0,mt5bar
2026-08-18 06:27:00,4398.03,4399.54,4398.03,4399.15,212,20,0,mt5bar
2026-08-18 06:28:00,4399.14,4399.40,4398.83,4398.96,158,20,0,mt5bar
2026-08-18 06:29:00,4398.95,4399.71,4398.70,4399.37,185,20,0,mt5bar
2026-08-18 06:30:00,4399.39,4400.14,4398.66,4399.02,229,21,0,mt5bar
2026-08-18 06:31:00,4399.04,4399.61,4398.37,4398.78,179,21,0,mt5bar
2026-08-18 06:32:00,4398.76,4398.76,4397.85,4398.43,164,21,0,mt5bar
2026-08-18 06:33:00,4398.42,4398.72,4396.86,4397.01,154,20,0,mt5bar
2026-08-18 06:34:00,4397.04,4397.04,4395.22,4395.25,164,20,0,mt5bar
2026-08-18 06:35:00,4395.24,4396.11,4395.14,4395.65,215,20,0,mt5bar
2026-08-18 06:36:00,4395.62,4397.07,4395.50,4396.76,177,20,0,mt5bar
2026-08-18 06:37:00,4396.76,4397.36,4396.47,4396.97,169,20,0,mt5bar
2026-08-18 06:38:00,4396.91,4396.91,4396.12,4396.67,134,20,0,mt5bar
2026-08-18 06:39:00,4396.62,4397.49,4396.31,4397.06,165,20,0,mt5bar
2026-08-18 06:40:00,4397.08,4397.40,4396.81,4397.31,121,20,0,mt5bar
2026-08-18 06:41:00,4397.38,4397.72,4397.11,4397.47,133,20,0,mt5bar
2026-08-18 06:42:00,4397.46,4397.74,4396.99,4397.58,141,20,0,mt5bar
2026-08-18 06:43:00,4397.45,4398.10,4397.33,4398.02,114,20,0,mt5bar
2026-08-18 06:44:00,4398.03,4398.71,4396.70,4397.11,147,20,0,mt5bar
2026-08-18 06:45:00,4397.13,4398.54,4397.13,4398.52,162,21,0,mt5bar
2026-08-18 06:46:00,4398.43,4398.64,4398.02,4398.07,110,22,0,mt5bar
2026-08-18 06:47:00,4397.98,4399.29,4397.46,4399.17,160,22,0,mt5bar
2026-08-18 06:48:00,4399.14,4399.22,4397.57,4397.86,152,23,0,mt5bar
2026-08-18 06:49:00,4397.85,4398.12,4397.35,4397.90,112,20,0,mt5bar
2026-08-18 06:50:00,4398.08,4398.09,4397.48,4397.83,137,24,0,mt5bar
2026-08-18 06:51:00,4397.75,4398.37,4397.75,4398.17,113,23,0,mt5bar
2026-08-18 06:52:00,4398.22,4398.76,4397.75,4398.59,155,21,0,mt5bar
2026-08-18 06:53:00,4398.60,4398.69,4397.66,4398.38,196,24,0,mt5bar
2026-08-18 06:54:00,4398.37,4398.90,4398.02,4398.39,150,24,0,mt5bar
2026-08-18 06:55:00,4398.43,4398.99,4398.09,4398.20,196,23,0,mt5bar
2026-08-18 06:56:00,4398.19,4398.39,4397.43,4398.25,199,21,0,mt5bar
2026-08-18 06:57:00,4398.35,4398.83,4397.77,4397.97,185,21,0,mt5bar
2026-08-18 06:58:00,4397.96,4398.27,4397.37,4397.63,221,24,0,mt5bar
2026-08-18 06:59:00,4397.65,4398.90,4397.60,4398.89,251,23,0,mt5bar
2026-08-18 07:00:00,4398.87,4399.01,4396.83,4398.26,346,22,0,mt5bar
2026-08-18 07:01:00,4398.28,4399.83,4397.38,4397.38,225,20,0,mt5bar
2026-08-18 07:02:00,4397.37,4399.62,4397.05,4399.05,212,20,0,mt5bar
2026-08-18 07:03:00,4399.09,4399.51,4398.94,4399.33,168,20,0,mt5bar
2026-08-18 07:04:00,4399.38,4400.32,4399.21,4399.76,193,20,0,mt5bar
2026-08-18 07:05:00,4399.83,4400.84,4399.73,4399.95,201,20,0,mt5bar
2026-08-18 07:06:00,4399.83,4400.16,4398.80,4398.80,208,20,0,mt5bar
2026-08-18 07:07:00,4398.79,4399.07,4397.68,4397.85,184,20,0,mt5bar
2026-08-18 07:08:00,4397.89,4398.17,4397.59,4397.93,154,20,0,mt5bar
2026-08-18 07:09:00,4397.93,4398.23,4397.23,4397.55,168,20,0,mt5bar
2026-08-18 07:10:00,4397.61,4398.99,4397.07,4397.81,211,20,0,mt5bar
2026-08-18 07:11:00,4397.81,4399.22,4397.81,4398.56,201,20,0,mt5bar
2026-08-18 07:12:00,4398.52,4399.28,4398.52,4398.98,166,20,0,mt5bar
2026-08-18 07:13:00,4398.98,4398.98,4396.95,4397.40,168,21,0,mt5bar
2026-08-18 07:14:00,4397.37,4397.74,4396.90,4397.59,134,20,0,mt5bar
2026-08-18 07:15:00,4397.55,4400.65,4397.43,4400.41,150,20,0,mt5bar
2026-08-18 07:16:00,4400.41,4400.41,4398.83,4398.83,214,20,0,mt5bar
2026-08-18 07:17:00,4398.81,4399.58,4398.81,4399.14,145,21,0,mt5bar
2026-08-18 07:18:00,4399.17,4399.83,4399.01,4399.71,149,21,0,mt5bar
2026-08-18 07:19:00,4399.71,4399.89,4399.13,4399.45,154,21,0,mt5bar
2026-08-18 07:20:00,4399.46,4400.87,4399.24,4400.48,160,21,0,mt5bar
2026-08-18 07:21:00,4400.54,4400.76,4399.72,4400.18,149,21,0,mt5bar
2026-08-18 07:22:00,4400.17,4400.60,4399.89,4400.47,104,21,0,mt5bar
2026-08-18 07:23:00,4400.49,4400.95,4400.27,4400.55,115,20,0,mt5bar
2026-08-18 07:24:00,4400.57,4401.44,4400.57,4401.35,170,20,0,mt5bar
2026-08-18 07:25:00,4401.20,4402.52,4401.19,4402.25,197,20,0,mt5bar
2026-08-18 07:26:00,4402.24,4403.21,4401.18,4402.28,182,20,0,mt5bar
2026-08-18 07:27:00,4402.27,4402.70,4401.50,4401.73,167,20,0,mt5bar
2026-08-18 07:28:00,4401.69,4402.60,4401.24,4401.95,156,20,0,mt5bar
2026-08-18 07:29:00,4401.96,4403.39,4401.64,4403.05,227,20,0,mt5bar
2026-08-18 07:30:00,4403.15,4403.39,4402.47,4403.29,219,20,0,mt5bar
2026-08-18 07:31:00,4403.28,4403.58,4401.79,4401.93,171,20,0,mt5bar
2026-08-18 07:32:00,4401.92,4401.92,4400.26,4400.78,196,20,0,mt5bar
2026-08-18 07:33:00,4400.80,4400.80,4399.77,4400.40,198,20,0,mt5bar
2026-08-18 07:34:00,4400.34,4400.34,4396.31,4396.92,294,20,0,mt5bar
2026-08-18 07:35:00,4396.90,4399.05,4396.57,4398.78,230,20,0,mt5bar
2026-08-18 07:36:00,4398.81,4399.77,4398.77,4399.67,195,20,0,mt5bar
2026-08-18 07:37:00,4399.72,4400.63,4399.69,4400.38,141,20,0,mt5bar
2026-08-18 07:38:00,4400.37,4402.58,4400.24,4402.41,179,20,0,mt5bar
2026-08-18 07:39:00,4402.45,4402.46,4401.67,4401.89,152,20,0,mt5bar
2026-08-18 07:40:00,4401.91,4403.46,4401.91,4402.62,180,20,0,mt5bar
2026-08-18 07:41:00,4402.62,4402.92,4401.47,4402.87,177,20,0,mt5bar
2026-08-18 07:42:00,4402.66,4402.93,4401.40,4401.55,169,21,0,mt5bar
2026-08-18 07:43:00,4401.51,4401.51,4400.16,4400.99,178,20,0,mt5bar
2026-08-18 07:44:00,4401.01,4401.62,4400.94,4401.45,152,20,0,mt5bar
2026-08-18 07:45:00,4401.56,4402.59,4401.56,4402.48,107,21,0,mt5bar
2026-08-18 07:46:00,4402.51,4402.60,4401.62,4402.09,152,20,0,mt5bar
2026-08-18 07:47:00,4402.10,4402.33,4401.58,4401.69,154,20,0,mt5bar
2026-08-18 07:48:00,4401.67,4401.67,4399.88,4400.34,193,21,0,mt5bar
2026-08-18 07:49:00,4400.30,4400.40,4399.64,4400.01,158,21,0,mt5bar
2026-08-18 07:50:00,4399.99,4400.18,4399.51,4399.79,155,21,0,mt5bar
2026-08-18 07:51:00,4399.76,4400.46,4398.78,4398.78,169,20,0,mt5bar
2026-08-18 07:52:00,4398.78,4399.28,4398.35,4399.07,146,20,0,mt5bar
2026-08-18 07:53:00,4399.07,4399.25,4398.21,4398.36,185,20,0,mt5bar
2026-08-18 07:54:00,4398.39,4398.81,4397.94,4398.35,185,20,0,mt5bar
2026-08-18 07:55:00,4398.34,4398.67,4397.77,4397.93,160,20,0,mt5bar
2026-08-18 07:56:00,4398.07,4398.07,4396.97,4397.08,171,20,0,mt5bar
2026-08-18 07:57:00,4397.05,4397.11,4395.89,4396.86,183,20,0,mt5bar
2026-08-18 07:58:00,4396.88,4397.26,4396.00,4396.00,129,21,0,mt5bar
2026-08-18 07:59:00,4395.99,4396.23,4395.47,4395.55,144,20,0,mt5bar
2026-08-18 08:00:00,4395.88,4396.11,4394.60,4394.96,338,20,0,mt5bar
2026-08-18 08:01:00,4395.02,4395.83,4394.30,4395.78,229,20,0,mt5bar
2026-08-18 08:02:00,4395.83,4396.05,4394.64,4395.00,227,20,0,mt5bar
2026-08-18 08:03:00,4394.97,4395.22,4394.32,4394.78,236,20,0,mt5bar
2026-08-18 08:04:00,4394.72,4394.89,4394.09,4394.31,197,20,0,mt5bar
2026-08-18 08:05:00,4394.32,4394.39,4392.51,4392.86,273,20,0,mt5bar
2026-08-18 08:06:00,4392.79,4393.14,4390.26,4391.16,261,20,0,mt5bar
2026-08-18 08:07:00,4391.13,4391.31,4389.87,4390.31,213,20,0,mt5bar
2026-08-18 08:08:00,4390.32,4391.50,4390.22,4391.35,208,20,0,mt5bar
2026-08-18 08:09:00,4391.32,4391.61,4390.40,4390.83,172,20,0,mt5bar
2026-08-18 08:10:00,4390.76,4390.76,4387.95,4389.10,287,20,0,mt5bar
2026-08-18 08:11:00,4389.07,4390.62,4389.06,4390.21,172,20,0,mt5bar
2026-08-18 08:12:00,4390.26,4394.42,4389.95,4394.42,225,21,0,mt5bar
2026-08-18 08:13:00,4394.40,4394.60,4393.47,4393.62,220,20,0,mt5bar
2026-08-18 08:14:00,4393.61,4394.15,4392.55,4392.62,226,20,0,mt5bar
2026-08-18 08:15:00,4392.55,4392.92,4391.93,4392.30,206,20,0,mt5bar
2026-08-18 08:16:00,4392.30,4393.50,4392.09,4392.13,202,20,0,mt5bar
2026-08-18 08:17:00,4392.15,4393.05,4391.55,4392.94,202,20,0,mt5bar
2026-08-18 08:18:00,4393.02,4393.25,4392.49,4393.11,178,20,0,mt5bar
2026-08-18 08:19:00,4393.10,4393.25,4392.02,4392.02,163,21,0,mt5bar
2026-08-18 08:20:00,4392.00,4392.07,4391.44,4392.07,137,21,0,mt5bar
2026-08-18 08:21:00,4392.13,4392.42,4390.42,4390.50,248,21,0,mt5bar
2026-08-18 08:22:00,4390.53,4390.95,4389.14,4389.36,198,20,0,mt5bar
2026-08-18 08:23:00,4389.38,4389.41,4386.80,4388.05,238,20,0,mt5bar
2026-08-18 08:24:00,4388.06,4388.75,4387.53,4388.49,157,20,0,mt5bar
2026-08-18 08:25:00,4388.45,4388.66,4387.44,4387.97,153,20,0,mt5bar
2026-08-18 08:26:00,4387.99,4388.27,4387.23,4388.18,194,20,0,mt5bar
2026-08-18 08:27:00,4388.20,4389.03,4387.83,4389.03,182,21,0,mt5bar
2026-08-18 08:28:00,4388.99,4389.02,4387.73,4387.80,179,21,0,mt5bar
2026-08-18 08:29:00,4387.81,4389.43,4387.45,4389.31,216,21,0,mt5bar
2026-08-18 08:30:00,4389.17,4390.63,4389.07,4390.17,208,20,0,mt5bar
2026-08-18 08:31:00,4390.16,4390.20,4389.58,4389.77,169,20,0,mt5bar
2026-08-18 08:32:00,4389.80,4392.59,4389.80,4392.30,172,20,0,mt5bar
2026-08-18 08:33:00,4392.30,4393.52,4392.13,4393.04,160,20,0,mt5bar
2026-08-18 08:34:00,4393.06,4393.96,4392.38,4393.49,165,21,0,mt5bar
2026-08-18 08:35:00,4393.50,4397.62,4393.50,4397.39,265,21,0,mt5bar
2026-08-18 08:36:00,4397.38,4397.88,4395.84,4395.84,219,20,0,mt5bar
2026-08-18 08:37:00,4395.80,4396.93,4395.70,4396.19,169,20,0,mt5bar
2026-08-18 08:38:00,4396.22,4396.41,4395.71,4396.22,166,20,0,mt5bar
2026-08-18 08:39:00,4396.26,4398.54,4396.23,4398.19,204,20,0,mt5bar
2026-08-18 08:40:00,4398.17,4398.19,4396.79,4396.88,188,21,0,mt5bar
2026-08-18 08:41:00,4396.94,4398.45,4396.94,4398.13,160,21,0,mt5bar
2026-08-18 08:42:00,4398.19,4398.44,4396.99,4397.13,145,21,0,mt5bar
2026-08-18 08:43:00,4397.17,4398.07,4397.04,4397.10,168,21,0,mt5bar
2026-08-18 08:44:00,4397.17,4397.27,4396.57,4396.57,147,21,0,mt5bar
2026-08-18 08:45:00,4396.55,4396.86,4396.29,4396.29,153,21,0,mt5bar
2026-08-18 08:46:00,4396.30,4396.53,4395.97,4396.19,131,21,0,mt5bar
2026-08-18 08:47:00,4396.17,4396.57,4395.46,4395.48,151,21,0,mt5bar
2026-08-18 08:48:00,4395.49,4395.72,4394.07,4394.31,197,20,0,mt5bar
2026-08-18 08:49:00,4394.39,4394.39,4391.65,4393.10,214,20,0,mt5bar
2026-08-18 08:50:00,4393.14,4393.19,4391.93,4392.39,124,22,0,mt5bar
2026-08-18 08:51:00,4392.37,4392.60,4391.47,4392.50,168,20,0,mt5bar
2026-08-18 08:52:00,4392.55,4392.93,4392.22,4392.79,131,21,0,mt5bar
2026-08-18 08:53:00,4392.94,4393.43,4392.72,4392.88,161,20,0,mt5bar
2026-08-18 08:54:00,4392.91,4393.75,4392.27,4393.75,125,21,0,mt5bar
2026-08-18 08:55:00,4393.74,4393.85,4392.84,4392.84,217,21,0,mt5bar
2026-08-18 08:56:00,4392.88,4394.52,4392.85,4392.98,179,20,0,mt5bar
2026-08-18 08:57:00,4392.97,4393.64,4392.27,4393.09,128,20,0,mt5bar
2026-08-18 08:58:00,4393.07,4393.21,4392.52,4392.58,92,20,0,mt5bar
2026-08-18 08:59:00,4392.52,4393.27,4392.52,4393.20,125,20,0,mt5bar
2026-08-18 09:00:00,4393.14,4393.61,4392.06,4393.09,281,20,0,mt5bar
2026-08-18 09:01:00,4393.11,4393.77,4392.45,4393.45,203,20,0,mt5bar
2026-08-18 09:02:00,4393.43,4393.73,4392.27,4393.04,209,20,0,mt5bar
2026-08-18 09:03:00,4393.05,4393.16,4392.23,4392.89,205,20,0,mt5bar
2026-08-18 09:04:00,4392.94,4393.03,4391.97,4392.26,166,20,0,mt5bar
2026-08-18 09:05:00,4392.25,4392.92,4391.79,4391.81,161,21,0,mt5bar
2026-08-18 09:06:00,4391.86,4392.31,4391.44,4391.82,170,21,0,mt5bar
2026-08-18 09:07:00,4391.79,4391.95,4391.03,4391.80,152,21,0,mt5bar
2026-08-18 09:08:00,4391.82,4392.07,4391.25,4391.81,145,21,0,mt5bar
2026-08-18 09:09:00,4391.79,4391.93,4391.06,4391.70,103,21,0,mt5bar
2026-08-18 09:10:00,4391.68,4392.23,4391.33,4392.00,171,21,0,mt5bar
2026-08-18 09:11:00,4391.99,4392.49,4391.67,4392.49,139,21,0,mt5bar
2026-08-18 09:12:00,4392.46,4392.76,4391.68,4391.73,171,21,0,mt5bar
2026-08-18 09:13:00,4391.70,4392.62,4391.59,4392.30,128,20,0,mt5bar
2026-08-18 09:14:00,4392.34,4393.41,4392.34,4392.63,117,21,0,mt5bar
2026-08-18 09:15:00,4392.65,4392.68,4391.43,4391.88,142,21,0,mt5bar
2026-08-18 09:16:00,4391.92,4392.06,4390.76,4391.93,89,21,0,mt5bar
2026-08-18 09:17:00,4391.88,4391.93,4391.32,4391.34,123,21,0,mt5bar
2026-08-18 09:18:00,4391.37,4391.84,4390.85,4391.30,143,21,0,mt5bar
2026-08-18 09:19:00,4391.34,4391.76,4391.09,4391.14,100,22,0,mt5bar
2026-08-18 09:20:00,4391.14,4391.40,4390.58,4390.65,161,20,0,mt5bar
2026-08-18 09:21:00,4390.64,4391.17,4390.23,4390.56,153,20,0,mt5bar
2026-08-18 09:22:00,4390.55,4390.55,4388.96,4389.91,160,20,0,mt5bar
2026-08-18 09:23:00,4389.96,4390.65,4389.74,4390.60,163,20,0,mt5bar
2026-08-18 09:24:00,4390.61,4390.63,4389.71,4390.06,211,21,0,mt5bar
2026-08-18 09:25:00,4390.07,4390.12,4388.98,4389.05,168,21,0,mt5bar
2026-08-18 09:26:00,4388.98,4389.76,4388.75,4389.73,142,20,0,mt5bar
2026-08-18 09:27:00,4389.71,4391.38,4389.29,4390.83,185,20,0,mt5bar
2026-08-18 09:28:00,4390.86,4391.45,4389.53,4389.66,187,20,0,mt5bar
2026-08-18 09:29:00,4389.64,4389.82,4388.61,4389.29,199,20,0,mt5bar
2026-08-18 09:30:00,4389.16,4391.03,4389.15,4390.49,202,20,0,mt5bar
2026-08-18 09:31:00,4390.50,4391.66,4389.69,4390.67,251,20,0,mt5bar
2026-08-18 09:32:00,4390.72,4391.18,4389.72,4391.01,187,20,0,mt5bar
2026-08-18 09:33:00,4390.99,4393.39,4390.80,4392.75,207,20,0,mt5bar
2026-08-18 09:34:00,4392.76,4393.74,4391.49,4393.66,225,20,0,mt5bar
2026-08-18 09:35:00,4393.66,4394.93,4393.25,4393.90,215,20,0,mt5bar
2026-08-18 09:36:00,4393.93,4393.97,4391.80,4392.07,198,20,0,mt5bar
2026-08-18 09:37:00,4392.06,4394.34,4391.86,4394.27,167,20,0,mt5bar
2026-08-18 09:38:00,4394.21,4394.41,4391.80,4391.80,183,20,0,mt5bar
2026-08-18 09:39:00,4391.78,4391.78,4390.50,4391.22,137,21,0,mt5bar
2026-08-18 09:40:00,4391.21,4391.67,4389.04,4389.11,160,20,0,mt5bar
2026-08-18 09:41:00,4389.06,4389.38,4388.14,4389.03,163,20,0,mt5bar
2026-08-18 09:42:00,4389.04,4389.13,4388.07,4389.00,151,20,0,mt5bar
2026-08-18 09:43:00,4389.00,4389.12,4387.51,4387.59,181,21,0,mt5bar
2026-08-18 09:44:00,4387.60,4388.53,4387.34,4388.49,168,20,0,mt5bar
2026-08-18 09:45:00,4388.44,4388.77,4386.96,4387.05,162,20,0,mt5bar
2026-08-18 09:46:00,4387.19,4389.48,4387.10,4389.42,189,20,0,mt5bar
2026-08-18 09:47:00,4389.49,4390.05,4389.26,4389.71,184,20,0,mt5bar
2026-08-18 09:48:00,4389.74,4391.52,4388.89,4391.14,201,20,0,mt5bar
2026-08-18 09:49:00,4391.13,4392.33,4391.00,4392.06,189,20,0,mt5bar
2026-08-18 09:50:00,4392.04,4393.66,4392.00,4393.10,264,20,0,mt5bar
2026-08-18 09:51:00,4393.13,4394.07,4393.13,4394.07,161,21,0,mt5bar
2026-08-18 09:52:00,4394.07,4394.11,4393.31,4393.31,117,20,0,mt5bar
2026-08-18 09:53:00,4393.31,4393.55,4393.12,4393.42,143,21,0,mt5bar
2026-08-18 09:54:00,4393.40,4394.14,4393.33,4393.90,111,20,0,mt5bar
2026-08-18 09:55:00,4393.94,4394.05,4393.47,4393.60,98,21,0,mt5bar
2026-08-18 09:56:00,4393.63,4394.98,4392.87,4394.04,200,21,0,mt5bar
2026-08-18 09:57:00,4394.01,4394.20,4393.34,4393.34,155,21,0,mt5bar
2026-08-18 09:58:00,4393.43,4394.18,4393.36,4393.96,137,21,0,mt5bar
2026-08-18 09:59:00,4393.99,4394.20,4393.24,4393.31,111,20,0,mt5bar
2026-08-18 10:00:00,4393.31,4393.46,4392.28,4392.94,191,20,0,mt5bar
2026-08-18 10:01:00,4392.92,4393.57,4392.69,4392.88,167,21,0,mt5bar
2026-08-18 10:02:00,4392.85,4394.98,4392.75,4394.84,159,20,0,mt5bar
2026-08-18 10:03:00,4394.84,4395.67,4394.74,4394.94,113,20,0,mt5bar
2026-08-18 10:04:00,4394.90,4394.90,4393.61,4393.98,139,20,0,mt5bar
2026-08-18 10:05:00,4393.98,4394.70,4393.95,4393.99,132,20,0,mt5bar
2026-08-18 10:06:00,4394.03,4394.03,4393.64,4393.74,123,21,0,mt5bar
2026-08-18 10:07:00,4393.79,4394.48,4393.54,4394.14,111,20,0,mt5bar
2026-08-18 10:08:00,4394.12,4394.15,4392.49,4392.79,146,20,0,mt5bar
2026-08-18 10:09:00,4392.80,4393.39,4392.67,4393.39,101,21,0,mt5bar
2026-08-18 10:10:00,4393.31,4393.82,4392.66,4392.94,137,21,0,mt5bar
2026-08-18 10:11:00,4392.87,4393.48,4392.69,4393.26,155,21,0,mt5bar
2026-08-18 10:12:00,4393.29,4394.09,4393.00,4393.04,124,21,0,mt5bar
2026-08-18 10:13:00,4392.99,4393.49,4392.97,4393.13,116,21,0,mt5bar
2026-08-18 10:14:00,4393.23,4394.68,4393.23,4394.43,107,21,0,mt5bar
2026-08-18 10:15:00,4394.44,4395.03,4394.30,4394.45,101,21,0,mt5bar
2026-08-18 10:16:00,4394.45,4395.16,4394.28,4394.75,119,21,0,mt5bar
2026-08-18 10:17:00,4394.75,4395.05,4394.07,4394.51,115,21,0,mt5bar
2026-08-18 10:18:00,4394.50,4396.11,4394.17,4395.92,153,20,0,mt5bar
2026-08-18 10:19:00,4395.91,4395.97,4394.83,4395.42,104,20,0,mt5bar
2026-08-18 10:20:00,4395.48,4395.48,4394.78,4395.14,153,21,0,mt5bar
2026-08-18 10:21:00,4395.12,4395.12,4392.60,4392.88,146,21,0,mt5bar
2026-08-18 10:22:00,4392.86,4393.02,4392.04,4392.33,104,23,0,mt5bar
2026-08-18 10:23:00,4392.24,4392.31,4391.74,4391.84,107,21,0,mt5bar
2026-08-18 10:24:00,4391.88,4391.96,4391.34,4391.57,125,21,0,mt5bar
2026-08-18 10:25:00,4391.56,4391.99,4389.88,4390.01,129,20,0,mt5bar
2026-08-18 10:26:00,4389.99,4390.93,4389.76,4390.83,184,21,0,mt5bar
2026-08-18 10:27:00,4390.75,4391.21,4390.52,4390.72,125,21,0,mt5bar
2026-08-18 10:28:00,4390.75,4391.75,4390.75,4391.44,103,21,0,mt5bar
2026-08-18 10:29:00,4391.42,4392.21,4391.19,4392.02,88,21,0,mt5bar
2026-08-18 10:30:00,4391.99,4392.39,4391.69,4392.33,139,20,0,mt5bar
2026-08-18 10:31:00,4392.62,4393.99,4392.62,4393.80,146,20,0,mt5bar
2026-08-18 10:32:00,4393.73,4393.86,4392.99,4393.15,127,21,0,mt5bar
2026-08-18 10:33:00,4393.09,4393.91,4393.03,4393.66,84,21,0,mt5bar
2026-08-18 10:34:00,4393.59,4394.22,4393.46,4393.61,90,20,0,mt5bar
2026-08-18 10:35:00,4393.61,4394.30,4393.51,4394.20,96,21,0,mt5bar
2026-08-18 10:36:00,4394.16,4395.04,4393.63,4394.83,132,21,0,mt5bar
2026-08-18 10:37:00,4394.85,4397.01,4394.74,4396.83,127,20,0,mt5bar
2026-08-18 10:38:00,4396.86,4397.18,4396.03,4396.14,144,20,0,mt5bar
2026-08-18 10:39:00,4396.20,4397.69,4396.07,4397.48,104,20,0,mt5bar
2026-08-18 10:40:00,4397.53,4398.24,4397.09,4397.93,146,20,0,mt5bar
2026-08-18 10:41:00,4397.92,4398.01,4397.30,4397.57,137,20,0,mt5bar
2026-08-18 10:42:00,4397.58,4398.35,4397.26,4398.20,122,20,0,mt5bar
2026-08-18 10:43:00,4398.25,4398.58,4397.70,4397.98,152,20,0,mt5bar
2026-08-18 10:44:00,4397.94,4398.57,4397.76,4398.56,125,20,0,mt5bar
2026-08-18 10:45:00,4398.57,4398.83,4398.35,4398.72,120,20,0,mt5bar
2026-08-18 10:46:00,4398.66,4399.53,4398.66,4399.09,113,20,0,mt5bar
2026-08-18 10:47:00,4399.02,4399.50,4399.01,4399.01,119,20,0,mt5bar
2026-08-18 10:48:00,4399.05,4399.28,4398.19,4399.11,194,20,0,mt5bar
2026-08-18 10:49:00,4399.04,4399.50,4398.75,4398.83,149,20,0,mt5bar
2026-08-18 10:50:00,4398.89,4399.34,4398.75,4399.32,139,20,0,mt5bar
2026-08-18 10:51:00,4399.33,4399.34,4398.04,4398.21,118,20,0,mt5bar
2026-08-18 10:52:00,4398.18,4398.30,4397.78,4397.92,103,20,0,mt5bar
2026-08-18 10:53:00,4397.90,4397.90,4396.73,4397.21,100,20,0,mt5bar
2026-08-18 10:54:00,4397.26,4397.43,4396.46,4396.94,97,20,0,mt5bar
2026-08-18 10:55:00,4396.92,4397.14,4396.49,4396.93,137,20,0,mt5bar
2026-08-18 10:56:00,4396.92,4397.52,4396.74,4397.03,116,20,0,mt5bar
2026-08-18 10:57:00,4397.02,4397.22,4396.86,4397.05,117,20,0,mt5bar
2026-08-18 10:58:00,4397.05,4397.63,4396.97,4397.33,109,20,0,mt5bar
2026-08-18 10:59:00,4397.38,4397.76,4397.04,4397.62,132,21,0,mt5bar
2026-08-18 11:00:00,4397.78,4398.26,4396.69,4397.49,239,20,0,mt5bar
2026-08-18 11:01:00,4397.67,4398.34,4397.35,4398.18,172,20,0,mt5bar
2026-08-18 11:02:00,4398.15,4399.10,4397.90,4398.08,165,20,0,mt5bar
2026-08-18 11:03:00,4398.08,4398.09,4395.42,4395.57,159,20,0,mt5bar
2026-08-18 11:04:00,4395.60,4395.64,4393.61,4393.88,155,20,0,mt5bar
2026-08-18 11:05:00,4393.86,4394.48,4393.58,4394.34,137,20,0,mt5bar
2026-08-18 11:06:00,4394.29,4394.62,4393.62,4393.75,141,21,0,mt5bar
2026-08-18 11:07:00,4393.80,4393.85,4392.45,4393.53,129,20,0,mt5bar
2026-08-18 11:08:00,4393.58,4394.50,4393.57,4394.48,102,20,0,mt5bar
2026-08-18 11:09:00,4394.53,4394.53,4393.55,4393.57,92,21,0,mt5bar
2026-08-18 11:10:00,4393.58,4394.05,4392.94,4393.76,120,21,0,mt5bar
2026-08-18 11:11:00,4393.74,4393.74,4391.93,4392.19,128,21,0,mt5bar
2026-08-18 11:12:00,4392.22,4393.36,4392.22,4392.76,113,21,0,mt5bar
2026-08-18 11:13:00,4392.78,4393.89,4392.59,4393.73,122,21,0,mt5bar
2026-08-18 11:14:00,4393.67,4393.85,4393.42,4393.51,74,21,0,mt5bar
2026-08-18 11:15:00,4393.49,4394.62,4393.08,4393.74,140,21,0,mt5bar
2026-08-18 11:16:00,4393.69,4394.08,4393.40,4393.55,133,21,0,mt5bar
2026-08-18 11:17:00,4393.50,4393.56,4392.32,4392.48,104,21,0,mt5bar
2026-08-18 11:18:00,4392.41,4392.86,4392.20,4392.70,104,22,0,mt5bar
2026-08-18 11:19:00,4392.71,4393.15,4392.00,4393.00,141,20,0,mt5bar
2026-08-18 11:20:00,4393.05,4393.81,4392.45,4392.60,159,20,0,mt5bar
2026-08-18 11:21:00,4392.60,4393.06,4392.14,4392.80,110,20,0,mt5bar
2026-08-18 11:22:00,4392.81,4392.87,4392.09,4392.09,118,21,0,mt5bar
2026-08-18 11:23:00,4392.12,4392.29,4391.09,4391.27,154,20,0,mt5bar
2026-08-18 11:24:00,4391.25,4391.25,4390.21,4390.28,113,20,0,mt5bar
2026-08-18 11:25:00,4390.28,4390.88,4390.05,4390.67,160,20,0,mt5bar
2026-08-18 11:26:00,4390.67,4391.46,4390.20,4391.13,141,20,0,mt5bar
2026-08-18 11:27:00,4391.09,4391.67,4390.26,4390.48,122,20,0,mt5bar
2026-08-18 11:28:00,4390.41,4391.24,4390.31,4390.69,156,20,0,mt5bar
2026-08-18 11:29:00,4390.59,4391.01,4389.52,4389.94,139,20,0,mt5bar
2026-08-18 11:30:00,4389.93,4391.66,4389.61,4390.49,188,20,0,mt5bar
2026-08-18 11:31:00,4390.49,4390.65,4389.85,4389.93,142,20,0,mt5bar
2026-08-18 11:32:00,4389.93,4390.28,4389.66,4390.00,137,20,0,mt5bar
2026-08-18 11:33:00,4389.99,4390.28,4389.38,4389.93,161,20,0,mt5bar
2026-08-18 11:34:00,4389.93,4389.93,4389.34,4389.44,100,21,0,mt5bar
2026-08-18 11:35:00,4389.48,4390.18,4388.52,4390.15,137,20,0,mt5bar
2026-08-18 11:36:00,4390.16,4391.22,4389.51,4391.20,147,20,0,mt5bar
2026-08-18 11:37:00,4391.19,4391.25,4389.23,4389.36,135,20,0,mt5bar
2026-08-18 11:38:00,4389.35,4390.82,4389.35,4390.42,108,21,0,mt5bar
2026-08-18 11:39:00,4390.36,4391.53,4390.32,4390.48,125,20,0,mt5bar
2026-08-18 11:40:00,4390.38,4391.96,4389.49,4391.86,157,21,0,mt5bar
2026-08-18 11:41:00,4391.89,4392.37,4391.06,4391.45,184,21,0,mt5bar
2026-08-18 11:42:00,4391.33,4392.12,4390.85,4392.06,96,21,0,mt5bar
2026-08-18 11:43:00,4392.04,4392.38,4391.24,4391.32,139,20,0,mt5bar
2026-08-18 11:44:00,4391.32,4391.63,4390.61,4390.88,100,20,0,mt5bar
2026-08-18 11:45:00,4390.89,4392.87,4390.69,4392.79,103,20,0,mt5bar
2026-08-18 11:46:00,4392.87,4393.64,4392.19,4392.63,146,20,0,mt5bar
2026-08-18 11:47:00,4392.63,4393.47,4392.47,4393.47,104,20,0,mt5bar
2026-08-18 11:48:00,4393.37,4393.58,4392.94,4393.27,120,20,0,mt5bar
2026-08-18 11:49:00,4393.26,4393.27,4391.90,4392.21,50,20,0,mt5bar
2026-08-18 11:50:00,4392.20,4392.73,4391.93,4392.53,122,20,0,mt5bar
2026-08-18 11:51:00,4392.52,4392.96,4391.70,4391.79,136,21,0,mt5bar
2026-08-18 11:52:00,4391.74,4391.84,4391.10,4391.35,119,20,0,mt5bar
2026-08-18 11:53:00,4391.30,4391.33,4389.87,4390.69,128,20,0,mt5bar
2026-08-18 11:54:00,4390.72,4390.80,4390.39,4390.76,106,21,0,mt5bar
2026-08-18 11:55:00,4390.87,4392.00,4390.60,4391.54,113,20,0,mt5bar
2026-08-18 11:56:00,4391.50,4392.49,4390.59,4392.46,141,21,0,mt5bar
2026-08-18 11:57:00,4392.41,4395.14,4392.41,4394.86,162,20,0,mt5bar
2026-08-18 11:58:00,4394.85,4395.93,4394.71,4395.84,189,20,0,mt5bar
2026-08-18 11:59:00,4395.83,4396.74,4395.74,4395.92,162,20,0,mt5bar
2026-08-18 12:00:00,4395.91,4396.08,4393.24,4393.35,210,20,0,mt5bar
2026-08-18 12:01:00,4393.36,4393.56,4391.51,4393.14,205,20,0,mt5bar
2026-08-18 12:02:00,4393.08,4393.23,4392.59,4392.62,124,20,0,mt5bar
2026-08-18 12:03:00,4392.67,4393.78,4392.40,4393.37,144,20,0,mt5bar
2026-08-18 12:04:00,4393.37,4396.87,4393.33,4396.39,261,20,0,mt5bar
2026-08-18 12:05:00,4396.51,4396.90,4395.37,4396.85,250,20,0,mt5bar
2026-08-18 12:06:00,4396.85,4396.95,4394.42,4394.58,219,20,0,mt5bar
2026-08-18 12:07:00,4394.55,4394.86,4392.13,4392.45,189,20,0,mt5bar
2026-08-18 12:08:00,4392.45,4393.05,4391.26,4391.50,208,20,0,mt5bar
2026-08-18 12:09:00,4391.52,4391.97,4390.34,4391.16,229,20,0,mt5bar
2026-08-18 12:10:00,4391.23,4391.78,4390.43,4391.24,216,20,0,mt5bar
2026-08-18 12:11:00,4391.25,4391.66,4389.55,4391.11,189,20,0,mt5bar
2026-08-18 12:12:00,4391.10,4391.75,4390.89,4391.59,158,20,0,mt5bar
2026-08-18 12:13:00,4391.61,4392.22,4390.38,4390.55,147,20,0,mt5bar
2026-08-18 12:14:00,4390.50,4393.33,4390.15,4393.07,146,20,0,mt5bar
2026-08-18 12:15:00,4393.07,4393.64,4391.42,4391.86,162,21,0,mt5bar
2026-08-18 12:16:00,4392.03,4393.45,4391.90,4392.41,156,21,0,mt5bar
2026-08-18 12:17:00,4392.39,4392.68,4391.44,4391.84,184,21,0,mt5bar
2026-08-18 12:18:00,4391.84,4392.14,4391.65,4392.04,131,21,0,mt5bar
2026-08-18 12:19:00,4392.04,4392.78,4391.52,4392.78,139,20,0,mt5bar
2026-08-18 12:20:00,4392.81,4398.90,4392.74,4398.52,364,20,0,mt5bar
2026-08-18 12:21:00,4398.77,4400.83,4397.90,4398.91,262,20,0,mt5bar
2026-08-18 12:22:00,4398.92,4399.51,4398.34,4398.46,236,20,0,mt5bar
2026-08-18 12:23:00,4398.42,4398.89,4397.09,4397.74,204,20,0,mt5bar
2026-08-18 12:24:00,4397.85,4399.05,4394.78,4395.58,256,21,0,mt5bar
2026-08-18 12:25:00,4395.61,4395.90,4393.16,4394.95,288,20,0,mt5bar
2026-08-18 12:26:00,4394.96,4395.44,4393.47,4394.17,196,20,0,mt5bar
2026-08-18 12:27:00,4394.17,4394.59,4391.98,4392.58,169,20,0,mt5bar
2026-08-18 12:28:00,4392.63,4394.32,4391.81,4394.32,201,20,0,mt5bar
2026-08-18 12:29:00,4394.41,4395.92,4394.41,4395.24,170,20,0,mt5bar
2026-08-18 12:30:00,4395.28,4397.94,4393.29,4393.35,306,21,0,mt5bar
2026-08-18 12:31:00,4393.23,4394.94,4392.25,4394.89,198,20,0,mt5bar
2026-08-18 12:32:00,4394.84,4395.91,4393.70,4395.84,171,20,0,mt5bar
2026-08-18 12:33:00,4395.90,4396.90,4395.39,4396.69,187,20,0,mt5bar
2026-08-18 12:34:00,4396.74,4397.17,4396.31,4396.59,166,20,0,mt5bar
2026-08-18 12:35:00,4396.63,4397.76,4396.58,4397.22,203,21,0,mt5bar
2026-08-18 12:36:00,4397.23,4397.55,4394.32,4394.43,222,20,0,mt5bar
2026-08-18 12:37:00,4394.48,4395.17,4392.75,4392.93,184,20,0,mt5bar
2026-08-18 12:38:00,4392.90,4394.89,4392.75,4393.82,217,20,0,mt5bar
2026-08-18 12:39:00,4393.97,4394.74,4393.60,4394.13,235,21,0,mt5bar
2026-08-18 12:40:00,4394.09,4394.09,4391.03,4392.15,227,20,0,mt5bar
2026-08-18 12:41:00,4392.13,4392.22,4391.25,4392.10,193,20,0,mt5bar
2026-08-18 12:42:00,4392.19,4392.80,4391.45,4392.80,161,21,0,mt5bar
2026-08-18 12:43:00,4392.79,4393.01,4391.81,4392.52,205,22,0,mt5bar
2026-08-18 12:44:00,4392.50,4392.86,4391.68,4392.08,190,22,0,mt5bar
2026-08-18 12:45:00,4392.09,4394.39,4392.09,4394.05,226,22,0,mt5bar
2026-08-18 12:46:00,4394.00,4395.16,4393.48,4393.75,164,20,0,mt5bar
2026-08-18 12:47:00,4393.65,4396.56,4393.28,4395.60,210,20,0,mt5bar
2026-08-18 12:48:00,4395.59,4395.74,4394.59,4395.29,137,21,0,mt5bar
2026-08-18 12:49:00,4395.30,4396.18,4395.27,4396.02,164,21,0,mt5bar
2026-08-18 12:50:00,4396.13,4396.99,4395.90,4395.91,188,20,0,mt5bar
2026-08-18 12:51:00,4395.90,4396.59,4395.31,4396.29,190,20,0,mt5bar
2026-08-18 12:52:00,4396.23,4396.56,4394.21,4396.41,172,20,0,mt5bar
2026-08-18 12:53:00,4396.36,4396.51,4394.94,4394.94,115,20,0,mt5bar
2026-08-18 12:54:00,4394.90,4394.92,4392.32,4393.08,214,20,0,mt5bar
2026-08-18 12:55:00,4393.16,4393.56,4392.12,4392.13,168,20,0,mt5bar
2026-08-18 12:56:00,4392.08,4393.06,4390.64,4392.63,186,20,0,mt5bar
2026-08-18 12:57:00,4392.62,4393.84,4392.51,4393.84,182,20,0,mt5bar
2026-08-18 12:58:00,4393.89,4394.63,4393.56,4393.90,164,21,0,mt5bar
2026-08-18 12:59:00,4393.99,4395.75,4393.94,4394.20,182,20,0,mt5bar
2026-08-18 13:00:00,4394.07,4396.04,4390.59,4391.01,412,20,0,mt5bar
2026-08-18 13:01:00,4390.92,4394.13,4390.21,4393.22,345,20,0,mt5bar
2026-08-18 13:02:00,4393.17,4393.17,4390.41,4390.93,367,21,0,mt5bar
2026-08-18 13:03:00,4390.88,4396.20,4390.70,4394.93,338,20,0,mt5bar
2026-08-18 13:04:00,4395.02,4397.30,4394.76,4395.64,258,20,0,mt5bar
2026-08-18 13:05:00,4395.61,4396.52,4395.27,4395.68,260,20,0,mt5bar
2026-08-18 13:06:00,4395.63,4395.87,4393.26,4393.55,251,20,0,mt5bar
2026-08-18 13:07:00,4393.54,4393.66,4389.87,4390.21,290,20,0,mt5bar
2026-08-18 13:08:00,4390.32,4391.02,4388.80,4389.52,293,20,0,mt5bar
2026-08-18 13:09:00,4389.46,4390.78,4388.98,4389.00,222,20,0,mt5bar
2026-08-18 13:10:00,4388.87,4391.24,4388.23,4391.20,273,20,0,mt5bar
2026-08-18 13:11:00,4391.20,4391.20,4390.24,4390.75,190,20,0,mt5bar
2026-08-18 13:12:00,4390.77,4394.98,4390.17,4394.33,297,20,0,mt5bar
2026-08-18 13:13:00,4394.33,4394.33,4392.38,4392.97,147,20,0,mt5bar
2026-08-18 13:14:00,4393.01,4395.92,4392.96,4395.69,231,20,0,mt5bar
2026-08-18 13:15:00,4395.79,4396.03,4393.10,4394.35,252,20,0,mt5bar
2026-08-18 13:16:00,4394.35,4394.86,4388.91,4389.02,293,20,0,mt5bar
2026-08-18 13:17:00,4388.99,4391.41,4388.29,4390.29,278,20,0,mt5bar
2026-08-18 13:18:00,4390.39,4391.46,4389.87,4390.87,261,20,0,mt5bar
2026-08-18 13:19:00,4390.83,4393.19,4390.48,4390.88,237,20,0,mt5bar
2026-08-18 13:20:00,4390.97,4392.78,4390.31,4392.70,243,20,0,mt5bar
2026-08-18 13:21:00,4392.79,4393.39,4390.77,4392.19,239,21,0,mt5bar
2026-08-18 13:22:00,4392.16,4392.25,4388.78,4389.07,257,20,0,mt5bar
2026-08-18 13:23:00,4388.99,4389.85,4388.14,4389.16,295,20,0,mt5bar
2026-08-18 13:24:00,4389.15,4390.19,4388.83,4389.70,265,20,0,mt5bar
2026-08-18 13:25:00,4389.72,4391.23,4388.17,4391.01,309,20,0,mt5bar
2026-08-18 13:26:00,4390.95,4390.95,4388.52,4389.26,269,20,0,mt5bar
2026-08-18 13:27:00,4389.22,4390.36,4388.41,4390.23,304,20,0,mt5bar
2026-08-18 13:28:00,4390.33,4392.32,4390.11,4391.03,287,20,0,mt5bar
2026-08-18 13:29:00,4391.01,4391.82,4388.54,4389.00,311,20,0,mt5bar
2026-08-18 13:30:00,4388.94,4390.12,4376.46,4383.88,580,20,0,mt5bar
2026-08-18 13:31:00,4384.03,4393.43,4384.03,4392.78,555,20,0,mt5bar
2026-08-18 13:32:00,4392.76,4395.88,4391.77,4394.61,522,20,0,mt5bar
2026-08-18 13:33:00,4394.37,4396.92,4391.42,4393.71,522,20,0,mt5bar
2026-08-18 13:34:00,4393.70,4398.72,4393.07,4396.77,462,20,0,mt5bar
2026-08-18 13:35:00,4396.77,4399.83,4395.44,4397.52,511,20,0,mt5bar
2026-08-18 13:36:00,4397.49,4402.54,4396.83,4399.29,494,20,0,mt5bar
2026-08-18 13:37:00,4399.40,4401.28,4398.94,4400.29,464,20,0,mt5bar
2026-08-18 13:38:00,4400.27,4403.10,4399.48,4402.16,494,20,0,mt5bar
2026-08-18 13:39:00,4402.21,4403.29,4400.57,4402.84,466,20,0,mt5bar
2026-08-18 13:40:00,4402.83,4402.93,4400.98,4401.68,462,20,0,mt5bar
2026-08-18 13:41:00,4401.67,4406.66,4400.78,4403.22,494,20,0,mt5bar
2026-08-18 13:42:00,4402.87,4404.76,4401.65,4402.95,432,20,0,mt5bar
2026-08-18 13:43:00,4402.92,4403.49,4399.72,4402.95,430,20,0,mt5bar
2026-08-18 13:44:00,4403.00,4403.58,4399.99,4400.96,435,20,0,mt5bar
2026-08-18 13:45:00,4401.03,4402.11,4399.69,4400.77,468,20,0,mt5bar
2026-08-18 13:46:00,4400.76,4400.91,4393.18,4393.53,515,20,0,mt5bar
2026-08-18 13:47:00,4393.68,4396.87,4391.57,4396.26,483,20,0,mt5bar
2026-08-18 13:48:00,4396.28,4396.31,4394.22,4394.62,383,20,0,mt5bar
2026-08-18 13:49:00,4394.62,4396.96,4393.84,4395.05,426,20,0,mt5bar
2026-08-18 13:50:00,4394.94,4398.12,4394.49,4397.28,471,20,0,mt5bar
2026-08-18 13:51:00,4397.30,4397.76,4390.35,4390.49,463,20,0,mt5bar
2026-08-18 13:52:00,4390.43,4393.97,4389.95,4392.91,443,20,0,mt5bar
2026-08-18 13:53:00,4392.68,4393.25,4390.92,4391.07,400,21,0,mt5bar
2026-08-18 13:54:00,4391.09,4391.77,4389.37,4390.80,421,20,0,mt5bar
2026-08-18 13:55:00,4390.79,4391.53,4389.85,4390.56,400,20,0,mt5bar
2026-08-18 13:56:00,4390.34,4392.86,4390.13,4392.80,399,20,0,mt5bar
2026-08-18 13:57:00,4392.85,4394.31,4392.49,4393.50,384,20,0,mt5bar
2026-08-18 13:58:00,4393.45,4393.79,4391.62,4393.45,328,21,0,mt5bar
2026-08-18 13:59:00,4393.44,4395.11,4392.74,4394.64,379,20,0,mt5bar
2026-08-18 14:00:00,4394.60,4400.44,4393.39,4399.42,488,20,0,mt5bar
2026-08-18 14:01:00,4399.38,4401.38,4397.93,4401.11,421,20,0,mt5bar
2026-08-18 14:02:00,4401.06,4403.32,4399.23,4402.76,512,20,0,mt5bar
2026-08-18 14:03:00,4402.69,4406.45,4402.62,4405.19,466,20,0,mt5bar
2026-08-18 14:04:00,4405.07,4405.39,4402.21,4404.12,414,20,0,mt5bar
2026-08-18 14:05:00,4404.13,4404.60,4402.79,4403.65,461,21,0,mt5bar
2026-08-18 14:06:00,4403.92,4404.36,4397.95,4400.13,469,21,0,mt5bar
2026-08-18 14:07:00,4400.12,4401.95,4399.37,4401.32,422,22,0,mt5bar
2026-08-18 14:08:00,4401.40,4401.63,4397.86,4400.48,388,20,0,mt5bar
2026-08-18 14:09:00,4400.53,4401.38,4398.12,4398.12,371,20,0,mt5bar
2026-08-18 14:10:00,4398.13,4398.89,4396.99,4398.48,386,20,0,mt5bar
2026-08-18 14:11:00,4398.46,4398.46,4391.96,4393.46,417,20,0,mt5bar
2026-08-18 14:12:00,4393.45,4394.47,4392.56,4393.78,406,20,0,mt5bar
2026-08-18 14:13:00,4393.80,4394.15,4391.09,4393.62,444,20,0,mt5bar
2026-08-18 14:14:00,4393.63,4395.80,4393.06,4393.14,407,20,0,mt5bar
2026-08-18 14:15:00,4393.23,4397.97,4392.94,4397.95,381,21,0,mt5bar
2026-08-18 14:16:00,4397.97,4401.14,4397.97,4398.54,372,20,0,mt5bar
2026-08-18 14:17:00,4398.58,4398.73,4397.52,4398.40,349,21,0,mt5bar
2026-08-18 14:18:00,4398.39,4403.10,4397.39,4402.71,436,20,0,mt5bar
2026-08-18 14:19:00,4402.67,4405.02,4401.67,4401.67,412,20,0,mt5bar
2026-08-18 14:20:00,4401.55,4402.84,4398.58,4399.17,337,20,0,mt5bar
